metric,value
sample_count,1747.0
ff_delta_min,-0.4635979
ff_delta_q1,-0.0029894999999999783
ff_delta_median,0.05909319999999996
ff_delta_q3,0.14136110000000007
ff_delta_max,0.7489241
