Ref_ID,delta_Voc_true,delta_Voc_pred,delta_Voc_error,delta_Jsc_true,delta_Jsc_pred,delta_Jsc_error,delta_PCE_true,delta_PCE_pred,delta_PCE_error,delta_FF_true,delta_FF_pred,delta_FF_error
20,0.10898999999999992,0.057681914,-0.051308085581064145,12.851590000000002,9.718537,-3.13305266937256,10.28508,7.0697765,-3.215303464965821,-0.006516399999999978,-0.002868606,0.003647793989548065
22,-0.041154000000000135,-0.05766609,-0.016512089385747775,13.580079999999999,12.175607,-1.4044732723999012,12.088349999999998,10.082449,-2.0059010406494124,0.10617929999999998,0.071991995,-0.0341873050230026
23,-0.07115400000000016,-0.05766609,0.013487910614252252,11.580079999999999,12.175607,0.5955267276000988,9.18835,10.082449,0.8940989593505861,0.059179300000000046,0.071991995,0.01281269497699733
24,-0.08115400000000017,-0.05766609,0.02348791061425226,11.250079999999997,12.175607,0.9255267276001007,8.18835,10.082449,1.8940989593505861,0.03317930000000002,0.071991995,0.03881269497699735
25,-0.051154000000000144,-0.05766609,-0.006512089385747766,11.70008,12.175607,0.47552672760009784,10.388349999999999,10.082449,-0.30590104064941315,0.09517929999999997,0.071991995,-0.02318730502300259
26,-0.041154000000000135,-0.05766609,-0.016512089385747775,13.580079999999999,12.175607,-1.4044732723999012,12.088349999999998,10.082449,-2.0059010406494124,0.10617929999999998,0.071991995,-0.0341873050230026
27,-0.08115400000000017,-0.05766609,0.02348791061425226,11.250079999999997,12.175607,0.9255267276001007,8.18835,10.082449,1.8940989593505861,0.03317930000000002,0.071991995,0.03881269497699735
72,-0.09866200000000003,-0.047552068,0.05110993221354487,5.228439999999999,7.8560486,2.627608583984376,2.2971799999999973,5.055026,2.757846054382327,-0.004401800000000011,0.026467437,0.03086923692457677
89,0.021665000000000045,0.006398233,-0.01526676688060169,8.310340000000004,8.0177355,-0.2926045187377966,7.1113,6.945782,-0.16551781539916988,0.045322799999999996,0.060025577,0.014702776502084736
90,-0.07833500000000004,0.006398233,0.0847332331193984,5.310340000000004,8.0177355,2.7073954812622034,2.9113000000000007,6.945782,4.034482184600829,0.01532279999999997,0.060025577,0.04470277650208476
91,-0.07833500000000004,0.006398233,0.0847332331193984,6.310340000000004,8.0177355,1.7073954812622034,5.1113,6.945782,1.8344821846008301,0.07532280000000002,0.060025577,-0.015297223497915291
169,-0.028512000000000093,-0.01598884,0.012523160209775064,6.381820000000001,7.8885884,1.5067684284973133,2.5964399999999976,4.811836,2.2153957658386254,-0.06569219999999998,0.0052975193,0.07098971926660536
170,-0.008512000000000075,-0.01598884,-0.007476839790224954,7.301820000000003,7.8885884,0.5867684284973116,4.096439999999999,4.811836,0.7153957658386236,-0.04369219999999996,0.0052975193,0.048989719266605336
171,0.04148799999999997,-0.01598884,-0.057476839790225,7.151820000000004,7.8885884,0.7367684284973102,5.9264399999999995,4.811836,-1.1146042341613764,0.018307800000000096,0.0052975193,-0.013010280733394719
267,-0.11485750000000006,-0.09181543,0.023042073054313716,5.84205,5.9940658,0.1520157615661617,2.4481800000000007,3.9255471,1.4773671229553216,0.0021046999999999594,0.038162395,0.03605769535808567
297,0.012386999999999926,0.029466106,0.017079105625033453,8.535680000000003,9.907991,1.372311409301755,6.09515,7.811565,1.7164149223327634,-0.005544000000000104,0.04788699,0.05343099001073848
391,0.13438699999999992,0.035325877,-0.09906112263154976,5.09768,9.20228,4.104600044555664,6.34515,7.457498,1.1123480735778806,0.024455999999999922,0.046353202,0.021897202313184816
411,-0.059236000000000066,-0.044704635,0.014531365303754873,1.2597200000000015,2.394656,1.1349359429168686,0.9736100000000008,0.58143085,-0.39217914758682326,0.04030109999999998,0.010662207,-0.029638892620062807
412,-0.059236000000000066,-0.044704635,0.014531365303754873,0.8897200000000005,2.394656,1.5049359429168696,-0.37639000000000067,0.58143085,0.9578208524131782,0.0003011000000000541,0.010662207,0.010361107379937118
413,-0.08023599999999997,-0.044704635,0.03553136530375478,0.8697200000000009,2.394656,1.5249359429168692,-1.6763900000000014,0.58143085,2.257820852413179,-0.03969889999999998,0.010662207,0.05036110737993715
414,-0.09223599999999998,-0.044704635,0.04753136530375479,0.1297200000000025,2.394656,2.2649359429168676,-2.706389999999999,0.58143085,3.2878208524131765,-0.04969889999999999,0.010662207,0.06036110737993716
415,-0.09023599999999998,-0.044704635,0.04553136530375479,1.149720000000002,2.394656,1.244935942916868,-1.336389999999998,0.58143085,1.9178208524131755,-0.029698899999999973,0.010662207,0.040361107379937144
475,0.04858899999999999,-0.022533024,-0.07112202372992038,12.73254,7.1219554,-5.610584605255127,13.378440000000001,6.8719225,-6.506517507019044,0.23888559999999992,0.095304705,-0.14358089479742042
529,-0.03254800000000002,0.010529364,0.043077364459216616,7.878070000000001,7.630516,-0.24755394775390727,7.11388,7.9342747,0.8203946734619141,0.07242290000000007,0.113505684,0.04108278383932107
853,-0.007784999999999931,0.012242454,0.02002745410412543,8.338349999999998,9.471749,1.1333993057250993,6.567250000000001,6.4097977,-0.15745233154297011,0.06626410000000005,-0.008012566,-0.07427666578415637
854,-0.03778499999999996,0.012242454,0.05002745410412546,7.43835,9.471749,2.033399305725098,4.247250000000001,6.4097977,2.16254766845703,0.009264100000000108,-0.008012566,-0.01727666578415643
855,0.012215000000000087,0.012242454,2.7454104125412826e-05,10.338349999999998,9.471749,-0.8666006942749007,7.3572500000000005,6.4097977,-0.9474523315429693,0.04126410000000014,-0.008012566,-0.04927666578415646
919,-0.048904999999999976,-0.012649316,0.036255683659315086,8.654140000000002,9.2908535,0.6367135003662092,6.094740000000002,6.6330085,0.5382684800720199,0.005674199999999963,0.02760533,0.021931130571532287
924,0.0955379999999999,0.11783906,0.022301060723781685,11.14883,10.575686,-0.573143545227051,12.097650000000002,11.250801,-0.8468489135742203,0.06766990000000006,0.03336231,-0.034307589620256485
925,0.14553799999999995,0.11783906,-0.02769893927621836,10.548830000000002,10.575686,0.026856454772946847,12.29765,11.250801,-1.0468489135742196,0.06366989999999995,0.03336231,-0.03030758962025637
926,0.0955379999999999,0.11783906,0.022301060723781685,10.748830000000002,10.575686,-0.17314354522705244,10.29765,11.250801,0.9531510864257804,0.002669900000000003,0.03336231,0.030692410379743573
927,0.12553799999999993,0.11783906,-0.007698939276218342,10.548830000000002,10.575686,0.026856454772946847,11.197650000000001,11.250801,0.053151086425780036,0.027669900000000025,0.03336231,0.005692410379743551
928,0.08553799999999989,0.11783906,0.032301060723781694,10.64883,10.575686,-0.07314354522705102,9.49765,11.250801,1.753151086425781,-0.02433010000000002,0.03336231,0.0576924103797436
929,0.14553799999999995,0.11783906,-0.02769893927621836,10.64883,10.575686,-0.07314354522705102,12.197650000000001,11.250801,-0.94684891357422,0.05466990000000005,0.03336231,-0.021307589620256473
930,0.10553799999999991,0.11783906,0.012301060723781676,11.14883,10.575686,-0.573143545227051,10.597650000000002,11.250801,0.6531510864257797,-0.009330100000000008,0.03336231,0.042692410379743584
931,0.19553799999999988,0.11783906,-0.07769893927621829,10.548830000000002,10.575686,0.026856454772946847,13.79765,11.250801,-2.5468489135742196,0.10166989999999998,0.03336231,-0.0683075896202564
932,0.10553799999999991,0.11783906,0.012301060723781676,10.14883,10.575686,0.426856454772949,10.89765,11.250801,0.35315108642578075,0.03566990000000003,0.03336231,-0.002307589620256456
946,0.022823999999999955,0.02868485,0.005860850782156035,8.532060000000001,7.840874,-0.6911858049011244,10.913789999999999,9.860041,-1.0537493353271472,0.23265439999999993,0.18519405,-0.04746035469474785
949,0.01682399999999995,0.02868485,0.01186085078215604,6.882059999999999,7.840874,0.9588141950988778,8.68379,9.860041,1.1762506646728514,0.16165439999999998,0.18519405,0.0235396453052521
950,0.03682399999999997,0.02868485,-0.008139149217843977,7.5720600000000005,7.840874,0.2688141950988765,9.583789999999999,9.860041,0.27625066467285286,0.1756544,0.18519405,0.009539645305252087
951,0.01682399999999995,0.02868485,0.01186085078215604,6.882059999999999,7.840874,0.9588141950988778,8.68379,9.860041,1.1762506646728514,0.16165439999999998,0.18519405,0.0235396453052521
952,0.020823999999999954,0.02868485,0.007860850782156037,9.91206,7.840874,-2.0711858049011234,11.60379,9.860041,-1.7437493353271485,0.2026544,0.18519405,-0.017460354694747937
1145,-0.03778499999999996,0.012242454,0.05002745410412546,7.84835,9.471749,1.6233993057250977,4.317250000000001,6.4097977,2.09254766845703,-0.03173590000000004,-0.008012566,0.023723334215843717
1147,-0.047784999999999966,0.012242454,0.060027454104125466,7.958349999999999,9.471749,1.5133993057250983,4.387250000000002,6.4097977,2.0225476684570296,-0.027735899999999925,-0.008012566,0.019723334215843602
1148,-0.047784999999999966,0.012242454,0.060027454104125466,7.34835,9.471749,2.1233993057250977,3.827250000000003,6.4097977,2.5825476684570283,-0.029735899999999926,-0.008012566,0.021723334215843604
1149,-0.047784999999999966,0.012242454,0.060027454104125466,8.11835,9.471749,1.3533993057250981,4.407250000000001,6.4097977,2.00254766845703,-0.036735900000000044,-0.008012566,0.02872333421584372
1150,-0.047784999999999966,0.012242454,0.060027454104125466,7.948349999999998,9.471749,1.5233993057250999,4.0972500000000025,6.4097977,2.3125476684570287,-0.04373589999999994,-0.008012566,0.035723334215843616
1152,-0.07778499999999999,0.012242454,0.09002745410412549,7.968349999999997,9.471749,1.5033993057251003,3.4072500000000012,6.4097977,3.00254766845703,-0.04773589999999994,-0.008012566,0.03972333421584362
1153,-0.047784999999999966,0.012242454,0.060027454104125466,7.858349999999998,9.471749,1.6133993057250997,4.05725,6.4097977,2.3525476684570314,-0.03373589999999993,-0.008012566,0.025723334215843607
1166,-0.025123000000000006,-0.0150584085,0.010064591508686549,10.868780000000001,10.547237,-0.3215426037597666,8.71107,8.572709,-0.13836091644287052,0.07799310000000004,0.0804003,0.0024072030061721428
1241,-0.08093600000000001,-0.06289572,0.018040277312755593,6.871929999999999,7.842243,0.9703131945800791,4.97016,5.616358,0.6461978033447267,0.04375220000000002,0.06718707,0.0234348708465576
1242,-0.08093600000000001,-0.06289572,0.018040277312755593,6.871929999999999,7.842243,0.9703131945800791,4.97016,5.616358,0.6461978033447267,0.04375220000000002,0.06718707,0.0234348708465576
1352,0.011989999999999945,0.05705242,0.045062418589592035,5.66159,10.456243,4.794652561340332,3.0350800000000007,7.8258,4.790719942016601,-0.04651640000000001,0.03227513,0.07879152910962106
1354,-0.07801000000000013,0.05705242,0.13506241858959211,5.041590000000003,10.456243,5.414652561340329,0.07507999999999981,7.8258,7.750719942016602,-0.08451640000000005,0.03227513,0.1167915291096211
1356,-0.07951200000000003,-0.011210221,0.06830177913409474,6.721820000000001,8.555614,1.8337944714355459,3.0164399999999993,5.083942,2.0675019364929206,-0.04269220000000007,-0.014293038,0.028399161713731358
1360,-0.049512,-0.011210221,0.038301779134094716,11.831820000000004,8.555614,-3.276205528564457,6.716439999999999,5.083942,-1.6324980635070787,-0.06469219999999987,-0.014293038,0.050399161713731155
1362,-0.08351200000000003,-0.011210221,0.07230177913409475,6.031820000000003,8.555614,2.5237944714355436,1.0964399999999976,5.083942,3.9875019364929223,-0.07769219999999999,-0.014293038,0.06339916171373128
1363,-0.08051200000000014,-0.011210221,0.06930177913409485,5.791820000000001,8.555614,2.7637944714355456,1.326439999999998,5.083942,3.757501936492922,-0.06269219999999998,-0.014293038,0.048399161713731265
1365,-0.08851200000000015,-0.011210221,0.07730177913409486,6.421820000000004,8.555614,2.133794471435543,1.6164400000000008,5.083942,3.467501936492919,-0.06669219999999998,-0.014293038,0.05239916171373127
1507,0.012513999999999914,0.034825273,0.02231127285814294,9.17998,8.554444,-0.6255356869506841,6.937480000000001,7.33268,0.3952002253723137,0.013848599999999989,0.03832421,0.024475610792779934
1612,-0.12320760000000008,-0.09390996,0.029297643485164726,6.627849999999999,6.8037086,0.1758585533142103,6.314879999999999,6.5231977,0.2083176509094251,0.16362789999999994,0.16745067,0.0038227664276123674
1613,0.025188999999999906,0.025264163,7.51625702382075e-05,7.72472,5.9804173,-1.7443027484130855,2.6573899999999995,2.3961215,-0.26126849807739205,-0.13557419999999998,-0.07220874,0.06336546018285749
1614,-0.019187000000000065,0.020069519,0.039256519057869976,1.9827999999999992,2.5895555,0.606755501937867,0.860557,2.5694551,1.7088981467895508,-0.01110600000000006,0.12167661,0.1327826089200974
1615,-0.09141730000000003,-0.08082727,0.01059002657155994,3.299900000000001,4.784688,1.4847879959106436,2.9269100000000012,3.9416127,1.0147027204895007,0.09641650000000002,0.08529144,-0.011125062195301072
1616,0.10381299999999993,0.020069519,-0.08374348094213002,2.912799999999999,2.5895555,-0.32324449806213273,5.190557,2.5694551,-2.6211018532104493,0.32689400000000013,0.12167661,-0.20521739107990278
1821,0.0823830000000001,0.076747,-0.005635999782562351,14.43186,13.658413,-0.773447066650391,14.66864,13.533813,-1.1348265234375,0.12868599999999997,0.11507726,-0.013608742843627897
1822,0.07238300000000009,0.076747,0.004364000217437658,12.731859999999998,13.658413,0.9265529333496119,12.71864,13.533813,0.8151734765624994,0.09768599999999994,0.11507726,0.01739125715637213
2024,0.031665000000000054,0.03616371,0.004498710057735389,7.300340000000002,7.7034693,0.4031292764282206,6.0013000000000005,6.389555,0.38825497741699166,0.01532279999999997,0.014077948,-0.001244851593661278
2025,0.031665000000000054,0.03616371,0.004498710057735389,7.410340000000005,7.7034693,0.2931292764282176,5.0113,6.389555,1.3782549774169919,-0.034677199999999964,0.014077948,0.048755148406338655
2026,-0.04833500000000002,0.03616371,0.08449871005773546,7.190340000000003,7.7034693,0.51312927642822,2.7113000000000014,6.389555,3.678254977416991,-0.0746772,0.014077948,0.08875514840633869
2027,0.18166500000000008,0.03616371,-0.14550128994226463,8.710340000000002,7.7034693,-1.0068707235717795,8.8613,6.389555,-2.4717450225830078,0.01532279999999997,0.014077948,-0.001244851593661278
2028,0.05166500000000007,0.03616371,-0.015501289942264629,8.910340000000005,7.7034693,-1.2068707235717824,7.2113,6.389555,-0.8217450225830074,0.017322800000000083,0.014077948,-0.003244851593661391
2029,0.0776650000000001,0.03616371,-0.04150128994226465,7.110340000000004,7.7034693,0.5931292764282183,6.901299999999999,6.389555,-0.5117450225830069,0.03532279999999999,0.014077948,-0.021244851593661296
2030,0.0766650000000001,0.03616371,-0.04050128994226465,7.110340000000004,7.7034693,0.5931292764282183,6.331300000000001,6.389555,0.058254977416991593,0.007322800000000074,0.014077948,0.006755148406338618
2031,0.04666500000000007,0.03616371,-0.010501289942264624,7.110340000000004,7.7034693,0.5931292764282183,4.401299999999999,6.389555,1.988254977416993,-0.06467719999999999,0.014077948,0.07875514840633868
2032,0.2016650000000001,0.03616371,-0.16550128994226465,8.810340000000004,7.7034693,-1.106870723571781,9.7913,6.389555,-3.4017450225830075,0.0503228,0.014077948,-0.03624485159366131
2039,0.9943960000000001,0.87055063,-0.12384536752319342,31.257279999999994,29.949478,-1.307801850585932,13.1925,13.471027,0.27852737426757734,0.16212749999999998,0.16870895,0.0065814502811432085
2078,0.13155400000000006,0.10183181,-0.02972219131374365,25.90036,22.144794,-3.755565535888671,20.512600000000003,16.956417,-3.5561829162597682,0.23002840000000002,0.14465402,-0.08537437933292391
2085,-0.0890740000000001,-0.057362363,0.031711637257576086,5.194769999999998,5.982277,0.7875069165039079,10.043779999999998,8.388376,-1.655403764038084,0.23568959999999994,0.17585784,-0.05983175803146357
2086,-0.04907400000000006,-0.057362363,-0.00828836274242395,5.894769999999998,5.982277,0.08750691650390863,7.473779999999998,8.388376,0.9145962359619162,0.1626896,0.17585784,0.013168241968536387
2087,-0.019074000000000035,-0.057362363,-0.038288362742423976,7.694769999999998,5.982277,-1.712493083496092,9.503779999999999,8.388376,-1.115403764038085,0.1876896,0.17585784,-0.011831758031463635
2099,-0.04815400000000003,0.020982383,0.06913638281905654,4.81475,6.9561033,2.1413533248901366,4.805869999999999,7.110926,2.305056151275636,0.07766270000000008,0.09220912,0.014546423075008308
2115,-0.07377500000000015,-0.011303357,0.062471643151343015,9.246040000000004,11.226525,1.980485306701656,8.62153,10.534858,1.913327749938965,0.09850879999999995,0.09792705,-0.0005817511976241585
2699,0.20542700000000003,0.185626,-0.019800999834060695,17.65475,16.582226,-1.072524200439453,18.11934,17.598112,-0.5212278936767589,0.08701829999999988,0.12191666,0.03489835917634976
2757,-0.03398239999999997,-0.027980646,0.006001753881478278,10.1113,10.466566,0.35526608581542973,7.798629999999999,7.9603944,0.16176438247680736,0.026508100000000034,0.04870918,0.022201080206060375
2837,-0.009128000000000025,0.0036986154,0.012826615357279803,7.0259300000000025,8.0725765,1.046646522827146,5.4815000000000005,6.3575716,0.8760716018676753,0.025827899999999904,0.036717426,0.010889526031828023
2844,0.20542700000000003,0.185626,-0.019800999834060695,18.69475,16.582226,-2.112524200439452,18.849339999999998,17.598112,-1.2512278936767558,0.0990183,0.12191666,0.022898359176349636
2874,-8.900000000000574e-05,0.038176943,0.03826594261670113,7.625859999999999,9.075988,1.4501278158569342,5.19356,9.094013,3.9004532141113284,-0.01323350000000001,0.13078645,0.14401994871711732
2875,0.06991100000000006,0.038176943,-0.03173405738329893,7.835859999999997,9.075988,1.2401278158569369,9.743559999999999,9.094013,-0.6495467858886705,0.18676649999999995,0.13078645,-0.05598005128288264
2876,0.08991099999999996,0.038176943,-0.05173405738329884,9.85586,9.075988,-0.7798721841430662,12.00356,9.094013,-2.909546785888672,0.2367665,0.13078645,-0.10598005128288268
2877,-0.057613000000000136,0.029466106,0.08707910562503351,6.955680000000001,9.907991,2.952311409301757,2.9451500000000017,7.811565,4.866414922332762,-0.04854400000000003,0.04788699,0.0964309900107384
2900,0.03198999999999996,0.010048332,-0.021941668307185136,7.4415900000000015,7.649838,0.2082479707336411,6.205080000000001,5.7441735,-0.4609064732360846,0.021483599999999936,0.020121427,-0.0013621727471112566
2901,-0.04801000000000011,0.010048332,0.058058331692814935,7.0615900000000025,7.649838,0.5882479707336401,3.9550800000000024,5.7441735,1.7890935267639136,-0.014516399999999985,0.020121427,0.034637827252888664
3218,0.012386999999999926,0.035325877,0.02293887736845024,9.58568,9.20228,-0.3833999554443359,6.12515,7.457498,1.3323480735778812,-0.041544000000000025,0.046353202,0.08789720231318476
3384,-0.007613000000000092,0.035325877,0.04293887736845026,9.075680000000002,9.20228,0.1266000445556621,6.92515,7.457498,0.5323480735778805,0.03145599999999993,0.046353202,0.01489720231318481
3385,-0.007613000000000092,0.035325877,0.04293887736845026,6.74568,9.20228,2.456600044555664,5.50515,7.457498,1.9523480735778804,0.04145599999999994,0.046353202,0.004897202313184801
3415,0.002386999999999917,0.035325877,0.03293887736845025,7.2256800000000005,9.20228,1.9766000445556635,10.00515,7.457498,-2.5476519264221196,0.221456,0.046353202,-0.17510279768681525
3499,-0.022612999999999994,0.029466106,0.05207910562503337,8.705680000000001,9.907991,1.2023114093017568,6.10515,7.811565,1.7064149223327636,0.014455999999999913,0.04788699,0.03343099001073846
3503,0.055593399999999904,0.065721795,0.010128394962883092,10.060030000000001,9.821971,-0.23805906036377067,8.46496,9.073074,0.6081143408203129,0.033296800000000015,0.048874866,0.015578066217374786
3504,0.06326029999999994,0.08529765,0.022037351588916843,10.113310000000002,10.010835,-0.10247530609131061,8.83856,9.02584,0.18727980560302804,0.0494325000000001,0.092791066,0.04335856557369222
3505,0.11307089999999997,0.10983466,-0.0032362364300727586,7.685870000000001,7.0214396,-0.6644304476928724,8.282560000000002,7.9615536,-0.3210064263916035,0.07635189999999992,0.07063346,-0.0057184364384650355
3506,0.1269038,0.10847009,-0.018433710266399395,6.469799999999999,8.185607,1.7158069564819343,9.61413,8.9300375,-0.6840925015258783,0.1857726999999999,0.13159779,-0.054174912858199975
3552,-0.071075,-0.02335274,0.047722259667515754,3.4377199999999988,5.392447,1.9547269947814954,4.935819999999998,6.314394,1.378573997192385,0.14329009999999998,0.12670827,-0.01658183088073728
3553,-0.10107500000000003,-0.02335274,0.07772225966751578,2.887719999999998,5.392447,2.504726994781496,2.9458199999999977,6.314394,3.368573997192385,0.09829009999999994,0.12670827,0.02841816911926276
3554,-0.11107500000000003,-0.02335274,0.08772225966751579,3.257719999999999,5.392447,2.134726994781495,3.9958199999999984,6.314394,2.3185739971923844,0.13129009999999997,0.12670827,-0.00458183088073727
3568,-0.07761300000000015,0.035325877,0.11293887736845032,8.63568,9.20228,0.5666000445556634,4.60515,7.457498,2.852348073577881,-0.018544000000000005,0.046353202,0.06489720231318474
3655,0.14238699999999993,0.029466106,-0.11292089437496655,11.075680000000002,9.907991,-1.1676885906982442,11.82515,7.811565,-4.013585077667237,0.14445599999999992,0.04788699,-0.09656900998926155
3697,0.04356000000000004,0.07651621,0.03295621103286739,9.923950000000001,9.707999,-0.21595077056884904,13.021430000000002,11.182043,-1.8393869244384788,0.2727328,0.19330247,-0.0794303325345993
3698,0.06256000000000006,0.07651621,0.013956211032867372,7.32395,9.707999,2.3840492294311524,10.021430000000002,11.182043,1.1606130755615212,0.1657328,0.19330247,0.027569667465400682
3699,0.04156000000000004,0.07651621,0.03495621103286739,8.223950000000002,9.707999,1.4840492294311503,9.521430000000002,11.182043,1.6606130755615212,0.1377328,0.19330247,0.05556966746540071
3700,0.06056000000000006,0.07651621,0.015956211032867373,10.52395,9.707999,-0.8159507705688469,12.221430000000002,11.182043,-1.0393869244384781,0.22373279999999995,0.19330247,-0.030430332534599258
3701,0.04856000000000005,0.07651621,0.027956211032867384,8.423950000000001,9.707999,1.284049229431151,8.021430000000002,11.182043,3.160613075561521,0.1417328,0.19330247,0.051569667465400704
3709,-0.06148600000000015,-0.034178235,0.027307765363216552,8.263110000000001,5.6517816,-2.6113284410095225,9.182830000000001,4.99032,-4.192509794311524,0.18898579999999998,0.08505493,-0.10393087342576979
3789,-0.047784999999999966,0.015374115,0.0631591147369146,4.338349999999998,8.862696,4.524345693969728,1.707250000000002,6.4660616,4.758811592102049,-0.07773589999999997,0.017678173,0.09541407325890061
3822,0.12687400000000004,0.146871,0.01999700052833553,13.205739999999999,13.719536,0.51379582763672,11.694909999999998,12.653817,0.9589071768188493,0.06629810000000003,0.08057497,0.014276866967105839
3823,0.21777599999999997,0.18623146,-0.03154453585243222,13.50573,13.669941,0.16421094848632833,13.27467,12.81052,-0.4641498278808598,0.10399120000000006,0.08400109,-0.01999011334772116
3824,0.23875599999999997,0.2197141,-0.019041894870758025,14.405720000000004,13.601043,-0.8046772525024455,13.698649999999997,11.720722,-1.977927801513669,0.09943730000000006,0.07187669,-0.02756061020832068
3825,0.26937999999999995,0.22052096,-0.04885904169559474,14.555710000000001,14.206428,-0.3492824258422864,13.9799,13.376943,-0.6029573654174811,0.0853756,0.08873316,0.0033575590056419413
3826,0.260035,0.18123567,-0.07879932895660402,14.725700000000002,13.86635,-0.8593498260498063,14.618500000000001,13.298398,-1.3201019821167002,0.14720520000000004,0.12926698,-0.017938222689819372
3827,0.3823869999999999,0.022321248,-0.3600657515729665,19.805680000000002,9.802135,-10.003544532470706,17.21515,7.923625,-9.291525007629396,0.13345600000000002,0.053038985,-0.08041701546287539
3903,-0.04657800000000001,0.013118349,0.059696349015712746,8.36578,9.733331,1.3675507266235343,6.605729999999999,7.9321513,1.3264213175964361,0.05507470000000003,0.039232746,-0.015841954233360322
3953,-0.08910499999999999,-0.047509674,0.04159532601714133,4.127230000000001,5.1237726,0.9965426211547843,2.9410600000000002,6.4895935,3.5485335058593748,0.053047100000000014,0.12502736,0.07198025853195189
3955,-0.019104999999999928,-0.047509674,-0.02840467398285873,5.227229999999999,5.1237726,-0.10345737884521355,15.251060000000003,6.4895935,-8.761466494140628,0.5230471,0.12502736,-0.3980197414680481
4012,0.003422000000000036,-0.02454339,-0.02796538967800144,8.035780000000003,8.492118,0.45633788177489976,8.10573,7.44597,-0.6597599415588373,0.10707470000000008,0.041104,-0.06597069993824967
4028,0.05238699999999996,0.061861347,0.009474347407102623,8.105680000000003,9.053765,0.948085296936032,6.00515,7.1359854,1.1308353744506832,-0.028544000000000014,0.0057807877,0.03432478767284752
4076,0.16574499999999992,0.08459229,-0.08115270977735511,8.708979999999997,9.251286,0.5423055529785188,10.226890000000001,8.210702,-2.0161880575561533,0.14256879999999994,0.07787792,-0.06469088360433572
4101,-0.007613000000000092,0.022321248,0.029934248427033516,5.4756800000000005,9.802135,4.326455467529296,6.03515,7.923625,1.8884749923706057,0.09445599999999998,0.053038985,-0.04141701546287535
4102,-0.057613000000000136,0.022321248,0.07993424842703356,4.625680000000003,9.802135,5.176455467529294,3.235150000000001,7.923625,4.688474992370605,0.03545600000000004,0.053038985,0.01758298453712459
4172,-0.07761300000000015,0.022321248,0.09993424842703358,5.805680000000002,9.802135,3.9964554675292945,4.70515,7.923625,3.2184749923706057,0.07145599999999996,0.053038985,-0.01841701546287533
4174,-0.0176130000000001,0.022321248,0.039934248427033525,7.605680000000003,9.802135,2.1964554675292938,8.805150000000001,7.923625,-0.8815250076293957,0.16345599999999993,0.053038985,-0.1104170154628753
4200,-0.08910499999999999,-0.07430632,0.014798683326244344,9.36723,9.087611,-0.2796188015747063,9.181060000000002,8.399234,-0.781826181945803,0.1630471,0.14413658,-0.01891052215538025
4237,0.05238699999999996,0.035325877,-0.017061122631549797,9.29568,9.20228,-0.09339995544433677,9.225150000000001,7.457498,-1.7676519264221202,0.10145599999999999,0.046353202,-0.05510279768681525
4239,0.2423869999999999,0.035325877,-0.20706112263154974,15.365680000000001,9.20228,-6.163399955444337,16.04515,7.457498,-8.587651926422119,0.271456,0.046353202,-0.22510279768681524
4300,0.08238699999999999,0.035325877,-0.04706112263154982,11.125680000000003,9.20228,-1.9233999554443386,9.24515,7.457498,-1.7876519264221198,0.02145599999999992,0.046353202,0.02489720231318482
4301,0.05181100000000005,0.06790674,0.016095737327575632,10.29099,9.849124,-0.44186604522705153,7.8813200000000005,7.9554343,0.07411432235717719,-0.003105399999999925,0.024275653,0.02738105306425087
4302,0.03376000000000001,0.051511277,0.017751276513338077,16.820030000000003,14.659769,-2.1602609417724636,12.043650000000001,10.677221,-1.3664287017822279,-0.013672399999999918,0.00796599,0.02163839034219972
4303,0.02191199999999993,0.013374006,-0.008537993624329498,7.332460000000001,7.299244,-0.03321607299804796,5.6569,5.788662,0.1317619567871091,0.0072030000000000705,0.019052422,0.011849421674132277
4304,0.04074400000000011,0.061508015,0.020764014798164254,7.22297,7.317709,0.09473896911621082,5.793099999999999,6.3519106,0.5588105911254893,0.0024186000000000485,0.026026903,0.023608302720332097
4305,0.11630800000000008,0.08519278,-0.0311152227835656,12.079360000000001,9.571747,-2.507613173828126,10.468879999999999,8.210328,-2.2585518978881822,0.037999499999999964,0.046033155,0.008033655173063314
4306,0.1023869999999999,0.035325877,-0.06706112263154973,12.785680000000003,9.20228,-3.5833999554443388,10.62515,7.457498,-3.167651926422119,0.03145599999999993,0.046353202,0.01489720231318481
4307,0.07181100000000007,0.06790674,-0.0039042626724243856,11.090990000000001,9.849124,-1.2418660452270522,8.781320000000001,7.9554343,-0.8258856776428232,0.0368946,0.024275653,-0.012618946935749054
4310,0.08574400000000004,0.061508015,-0.024235985201835675,7.7029700000000005,7.317709,-0.3852610308837896,7.363099999999999,6.3519106,-1.011189408874511,0.05241859999999998,0.026026903,-0.026391697279667836
4311,-0.047784999999999966,0.010477886,0.05826288560390469,6.738349999999997,7.3414736,0.6031235794067413,4.30725,5.9505568,1.6433067550659182,0.02226410000000001,0.037569918,0.015305817738437644
4376,0.15238699999999994,0.022321248,-0.13006575157296651,12.285680000000003,9.802135,-2.483544532470706,13.86515,7.923625,-5.941525007629394,0.23145599999999994,0.053038985,-0.1784170154628753
4377,0.06238699999999997,0.022321248,-0.040065751572966546,10.955680000000001,9.802135,-1.153544532470704,8.50515,7.923625,-0.581525007629395,0.0014560000000000128,0.053038985,0.05158298453712462
4378,0.1023869999999999,0.022321248,-0.08006575157296647,11.355680000000003,9.802135,-1.5535445324707062,9.91515,7.923625,-1.991525007629395,0.04145599999999994,0.053038985,0.011582984537124696
4380,0.06181900000000007,0.055670597,-0.006148403340816566,8.358890000000002,8.331023,-0.02786678375244378,10.89359,8.595235,-2.298355129089355,0.21441880000000002,0.10856174,-0.10585706067447664
4381,0.011819000000000024,0.055670597,0.04385159665918348,8.158890000000003,8.331023,0.1721332162475555,8.493590000000001,8.595235,0.10164487091064345,0.12441880000000005,0.10856174,-0.015857060674476675
4382,0.04181900000000005,0.055670597,0.013851596659183452,7.7588900000000045,8.331023,0.5721332162475541,8.09359,8.595235,0.5016448709106438,0.10441880000000003,0.10856174,0.004142939325523343
4384,0.03181900000000004,0.055670597,0.02385159665918346,6.658890000000003,8.331023,1.6721332162475555,6.19359,8.595235,2.401644870910644,0.05441879999999999,0.10856174,0.05414293932552339
4490,0.17257899999999993,0.13412148,-0.03845752239608757,5.286369999999998,6.7622204,1.4758503826904317,6.121339999999998,6.6273217,0.5059817201232928,0.02713410000000005,0.022471327,-0.00466277266535764
4513,0.08238699999999999,0.029466106,-0.05292089437496661,14.005680000000002,9.907991,-4.097688590698244,14.465150000000001,7.811565,-6.653585077667238,0.26145599999999997,0.04788699,-0.2135690099892616
4586,-0.02746599999999999,0.0028491,0.03031509992478787,8.646149999999999,8.588225,-0.057924635314940076,6.688349999999998,6.319751,-0.3685992141723613,0.06081619999999999,0.0064035896,-0.05441261037881373
4587,-0.06746600000000003,0.0028491,0.0703150999247879,6.446149999999999,8.588225,2.142075364685059,3.7883499999999977,6.319751,2.531400785827639,0.02081619999999995,0.0064035896,-0.014412610378813695
4813,-0.05746600000000002,0.0028491,0.060315099924787896,6.436149999999998,8.588225,2.1520753646850608,3.1283499999999975,6.319751,3.191400785827639,-0.021183800000000086,0.0064035896,0.027587389621186342
4914,-0.10148600000000019,-0.034178235,0.06730776536321659,2.14311,5.6517816,3.5086715589904784,0.5528300000000002,4.99032,4.437490205688476,0.02698579999999995,0.08505493,0.058069126574230245
4915,-0.131486,-0.034178235,0.09730776536321639,1.4631100000000004,5.6517816,4.188671558990478,-1.2271699999999974,4.99032,6.217490205688474,0.0029858000000000384,0.08505493,0.08206912657423016
5029,0.10914599999999985,0.1104201,0.001274100390911248,10.6694,12.455563,1.7861625915527348,13.840419999999998,16.124872,2.2844522076416034,0.1722325,0.26608568,0.09385318429946898
5037,0.09914599999999985,0.1104201,0.011274100390911257,11.049399999999999,12.455563,1.4061625915527358,13.520419999999998,16.124872,2.6044522076416037,0.14223249999999998,0.26608568,0.12385318429946901
5041,0.09914599999999985,0.1104201,0.011274100390911257,11.4494,12.455563,1.0061625915527337,13.800419999999999,16.124872,2.3244522076416025,0.1522325,0.26608568,0.113853184299469
5045,0.10914599999999985,0.1104201,0.001274100390911248,12.0594,12.455563,0.39616259155273426,15.240419999999999,16.124872,0.884452207641603,0.20223250000000004,0.26608568,0.06385318429946896
5049,0.12914599999999987,0.1104201,-0.01872589960908877,12.139399999999998,12.455563,0.31616259155273596,18.19042,16.124872,-2.065547792358398,0.3622325,0.26608568,-0.09614681570053102
5053,0.1491459999999999,0.1104201,-0.03872589960908879,18.449399999999997,12.455563,-5.993837408447263,22.94042,16.124872,-6.815547792358398,0.5522325,0.26608568,-0.286146815700531
5351,0.09038699999999988,0.04014355,-0.050243450557708624,11.90568,9.56353,-2.3421500317382815,10.305150000000001,7.947356,-2.3577937759399425,0.051455999999999946,0.037017856,-0.01443814420676226
5560,-0.03778499999999996,0.012242454,0.05002745410412546,7.1183499999999995,9.471749,2.353399305725098,3.337250000000001,6.4097977,3.0725476684570303,-0.04873589999999994,-0.008012566,0.04072333421584362
5676,0.9728413,0.8054646,-0.16737667464141848,23.72903,20.713543,-3.0154870617675797,3.978679999999999,5.501695,1.5230151560974132,0.03912840000000006,0.04736953,0.008241128561830457
5682,0.030245000000000077,0.04640383,0.016158829008340758,3.5702,8.1523905,4.582190480041504,7.330859999999998,9.054006,1.7231456228637718,0.20142719999999992,0.14321007,-0.05821713165493003
5683,0.050245000000000095,0.04640383,-0.0038411709916592596,7.670200000000001,8.1523905,0.48219048004150267,7.730859999999998,9.054006,1.3231456228637715,0.07142720000000002,0.14321007,0.07178286834506986
5686,0.050245000000000095,0.04640383,-0.0038411709916592596,7.3702000000000005,8.1523905,0.7821904800415034,9.330859999999998,9.054006,-0.2768543771362282,0.1714272,0.14321007,-0.028217131654930117
5760,0.09701499999999996,0.11104084,0.014025838062763252,6.271419999999999,10.066036,3.7946162243652353,8.98863,12.158117,3.169487294311523,0.09765030000000008,0.12688398,0.029233683612060468
5848,0.09221500000000005,0.051128745,-0.04108625492095952,19.43835,17.032976,-2.4053738494873045,15.407250000000001,14.140297,-1.266953063964845,0.1222641000000001,0.02839092,-0.0938731802103282
5849,0.09221500000000005,0.051128745,-0.04108625492095952,17.43835,17.032976,-0.4053738494873045,13.807250000000002,14.140297,0.3330469360351547,0.062264100000000044,0.02839092,-0.033873180210328147
5850,0.032215000000000105,0.051128745,0.018913745079040423,12.338349999999998,17.032976,4.694626150512697,9.50725,14.140297,4.633046936035155,0.02226410000000001,0.02839092,0.006126819789671889
5852,0.07221500000000014,0.051128745,-0.021086254920959613,16.238349999999997,17.032976,0.7946261505126984,13.307250000000002,14.140297,0.8330469360351547,-0.05773589999999995,0.02839092,0.08612681978967185
5854,0.05221500000000012,0.051128745,-0.001086254920959595,15.538349999999998,17.032976,1.4946261505126976,17.507250000000003,14.140297,-3.3669530639648464,-0.14773589999999992,0.02839092,0.17612681978967182
5862,-0.03778499999999996,0.051128745,0.08891374507904048,24.81835,17.032976,-7.7853738494873035,17.297250000000002,14.140297,-3.1569530639648455,-0.03773589999999993,0.02839092,0.06612681978967183
5934,0.03198999999999996,0.05705242,0.025062418589592017,6.221590000000003,10.456243,4.234652561340329,5.07508,7.8258,2.7507199420166017,0.007483600000000035,0.03227513,0.024791529109621013
6211,-0.023965000000000014,0.021810714,0.045775714155435576,7.505700000000001,13.0067005,5.501000515747069,4.698500000000001,9.202939,4.5044390335083,-0.013794799999999996,0.079740785,0.09353558506231308
6522,0.4982519999999999,0.19332871,-0.30492329158973686,10.35528,9.867033,-0.4882469952392583,17.42244,13.540203,-3.88223690551758,0.3693009,0.23756693,-0.13173396696414946
6523,0.14825199999999994,0.19332871,0.04507670841026312,10.25528,9.867033,-0.38824699523925865,14.122440000000001,13.540203,-0.5822369055175791,0.34930089999999997,0.23756693,-0.11173396696414944
6524,0.40825199999999995,0.19332871,-0.2149232915897369,10.55528,9.867033,-0.6882469952392576,13.622440000000001,13.540203,-0.08223690551757912,0.27930089999999996,0.23756693,-0.04173396696414944
6526,0.15825199999999995,0.19332871,0.03507670841026311,10.05528,9.867033,-0.1882469952392576,13.122440000000001,13.540203,0.4177630944824209,0.25930089999999995,0.23756693,-0.02173396696414942
6527,0.2282519999999999,0.19332871,-0.03492329158973684,10.25528,9.867033,-0.38824699523925865,14.422440000000002,13.540203,-0.8822369055175798,0.22930089999999992,0.23756693,0.008266033035850606
6529,-0.02074799999999999,0.19332871,0.21407670841026305,9.75528,9.867033,0.11175300476074135,9.022440000000001,13.540203,4.5177630944824205,0.09930089999999991,0.23756693,0.1382660330358506
6530,-0.0027479999999999727,0.19332871,0.19607670841026303,9.995280000000001,9.867033,-0.12824699523925887,14.622440000000001,13.540203,-1.0822369055175791,0.13630089999999995,0.23756693,0.10126603303585058
6752,0.4248790000000001,0.1827289,-0.24215009849452984,14.211459999999999,14.823588,0.6121283712768566,18.91837,16.902662,-2.0157077227783198,0.24892409999999998,0.2996665,0.050742394131088275
6753,0.20487900000000014,0.1827289,-0.02215009849452987,9.211459999999999,14.823588,5.612128371276857,16.91837,16.902662,-0.015707722778319777,0.37892410000000004,0.2996665,-0.07925760586891178
6755,-0.02512099999999995,0.1827289,0.20784990150547022,12.211459999999999,14.823588,2.6121283712768566,14.71837,16.902662,2.1842922772216795,0.2789241,0.2996665,0.02074239413108825
6756,0.24487900000000007,0.1827289,-0.06215009849452979,29.21146,14.823588,-14.387871628723143,23.91837,16.902662,-7.01570772277832,0.5789241,0.2996665,-0.2792576058689118
6757,0.4348790000000001,0.1827289,-0.25215009849452985,17.21146,14.823588,-2.3878716287231434,20.71837,16.902662,-3.8157077227783205,0.31892410000000004,0.2996665,-0.019257605868911787
6758,0.1548790000000001,0.1827289,0.027849901505470176,16.71146,14.823588,-1.8878716287231434,18.21837,16.902662,-1.3157077227783205,0.2989241,0.2996665,0.0007423941310882309
6760,0.024879000000000095,0.1827289,0.15784990150547018,11.711459999999999,14.823588,3.1121283712768566,13.41837,16.902662,3.4842922772216802,0.21892410000000007,0.2996665,0.08074239413108819
6762,0.05487900000000012,0.1827289,0.12784990150547015,12.31146,14.823588,2.512128371276855,11.21837,16.902662,5.6842922772216795,0.10392410000000007,0.2996665,0.19574239413108818
6891,-0.0752130000000002,-0.06830737,0.006905630052566725,8.432690000000001,18.322428,9.889737749633788,8.211599999999997,8.914967,0.703366583251956,0.11239939999999993,0.11759245,0.00519304650602348
6892,-0.06521300000000019,-0.06830737,-0.003094369947433284,28.762690000000003,18.322428,-10.440262250366214,9.851599999999998,8.914967,-0.9366334167480446,0.14139940000000006,0.11759245,-0.023806953493976657
6919,0.09238699999999989,0.029466106,-0.06292089437496651,8.40568,9.907991,1.5023114093017575,7.805150000000001,7.811565,0.006414922332762529,0.027455999999999925,0.04788699,0.020430990010738448
6920,0.1123869999999999,0.029466106,-0.08292089437496653,6.705680000000001,9.907991,3.202311409301757,6.50515,7.811565,1.3064149223327632,0.0034560000000000146,0.04788699,0.04443099001073836
6921,0.12238699999999991,0.029466106,-0.09292089437496653,10.505680000000002,9.907991,-0.5976885906982439,9.40515,7.811565,-1.5935850776672371,0.024455999999999922,0.04788699,0.02343099001073845
7018,0.198005,0.06460131,-0.13340369040250777,11.089310000000001,6.098492,-4.990817854461671,11.917390000000001,7.2191906,-4.698199402465821,0.14189190000000007,0.11814792,-0.023743982908153605
7019,0.15400499999999984,0.06460131,-0.08940369040250762,8.869309999999999,6.098492,-2.7708178544616686,11.217390000000002,7.2191906,-3.998199402465822,0.1988919,0.11814792,-0.08074398290815354
7022,0.010005000000000042,0.06460131,0.054596309597492176,2.139310000000002,6.098492,3.9591821455383283,4.607390000000002,7.2191906,2.6118005975341774,0.12489190000000006,0.11814792,-0.00674398290815359
7023,0.004005000000000036,0.06460131,0.06059630959749218,2.1193099999999987,6.098492,3.9791821455383314,2.0973900000000008,7.2191906,5.121800597534179,0.01789190000000007,0.11814792,0.1002560170918464
7024,0.04500499999999996,0.06460131,0.019596309597492256,3.05931,6.098492,3.03918214553833,4.307390000000002,7.2191906,2.911800597534178,0.0608919,0.11814792,0.05725601709184647
7135,0.052458000000000005,0.1422427,0.08978469986152648,19.98927,22.257532,2.2682621197509754,18.55426,19.90623,1.3519709265136726,0.1795405,0.18012126,0.0005807579011917197
7137,0.25945799999999997,0.1422427,-0.11721530013847348,25.98927,22.257532,-3.7317378802490246,22.65426,19.90623,-2.748029073486329,0.21954050000000003,0.18012126,-0.039419242098808316
7145,-0.02778499999999995,0.13060309,0.15838808992862696,6.808349999999997,16.967827,10.159476843261722,4.14725,13.100282,8.953031715393067,-0.01073589999999991,0.18776077,0.19849667032089224
7146,0.042215000000000114,0.13060309,0.0883880899286269,7.698349999999998,16.967827,9.269476843261721,7.7272500000000015,13.100282,5.373031715393065,0.07726410000000006,0.18776077,0.11049667032089228
7147,0.07221500000000014,0.13060309,0.058388089928626874,9.628349999999998,16.967827,7.339476843261721,11.417250000000001,13.100282,1.6830317153930654,0.20026410000000006,0.18776077,-0.012503329679107722
7148,0.11221500000000006,0.13060309,0.01838808992862695,21.06835,16.967827,-4.10052315673828,17.457250000000002,13.100282,-4.3569682846069355,0.27426410000000007,0.18776077,-0.08650332967910773
7149,0.1522150000000001,0.13060309,-0.021611910071373086,28.43835,16.967827,-11.470523156738281,20.277250000000002,13.100282,-7.176968284606936,0.32526410000000006,0.18776077,-0.13750332967910772
7150,0.33221500000000015,0.13060309,-0.20161191007137313,28.668349999999997,16.967827,-11.700523156738278,20.367250000000002,13.100282,-7.266968284606936,0.38726410000000006,0.18776077,-0.19950332967910772
7203,0.09221500000000005,0.0170616,-0.07515339953839784,17.83835,11.755894,-6.082456292724608,15.10725,9.740503,-5.366746688842774,0.19226410000000005,0.06117309,-0.1310910111514092
7204,0.08421500000000015,0.0170616,-0.06715339953839794,17.038349999999998,11.755894,-5.282456292724607,13.407250000000001,9.740503,-3.6667466888427747,0.062264100000000044,0.06117309,-0.0010910111514091936
7226,-0.07351200000000002,-0.01598884,0.05752316020977499,5.481820000000003,7.8885884,2.406768428497312,1.40644,4.811836,3.405395765838623,-0.05369219999999997,0.0052975193,0.058989719266605345
7227,-0.08951200000000004,-0.01598884,0.07352316020977501,5.031820000000003,7.8885884,2.856768428497311,0.3064399999999985,4.811836,4.5053957658386246,-0.07169219999999998,0.0052975193,0.07698971926660536
7480,0.09468699999999985,0.08169798,-0.012989021920680854,23.459100000000003,22.86722,-0.5918800750732451,20.52853,19.499569,-1.0289610607910156,0.3218311,0.290659,-0.031172089589691143
7481,0.07468699999999995,0.08169798,0.007010978079319052,25.1691,22.86722,-2.3018800750732424,21.25853,19.499569,-1.758961060791016,0.3348311,0.290659,-0.044172089589691155
7482,0.06730300000000011,-0.017337963,-0.08464096298503887,20.00581,11.463271,-8.542538858947754,19.58326,9.99976,-9.583500325927734,0.2944346,0.08436591,-0.21006868821821212
7483,-0.032696999999999976,-0.017337963,0.015359037014961219,12.905810000000002,11.463271,-1.4425388589477564,10.08326,9.99976,-0.0835003259277336,0.014434599999999964,0.08436591,0.06993131178178791
7484,-0.012696999999999958,-0.017337963,-0.004640962985038799,10.20581,11.463271,1.2574611410522465,9.683259999999999,9.99976,0.31649967407226676,0.08443460000000003,0.08436591,-6.868821821215398e-05
7487,-0.042696999999999985,-0.017337963,0.025359037014961228,11.20581,11.463271,0.2574611410522465,9.183259999999999,9.99976,0.8164996740722668,0.04443459999999999,0.08436591,0.03993131178178788
7489,-0.0026969999999999494,-0.017337963,-0.014640962985038808,9.805810000000001,11.463271,1.657461141052245,8.18326,9.99976,1.816499674072265,0.024434599999999973,0.08436591,0.0599313117817879
7490,-0.032696999999999976,-0.017337963,0.015359037014961219,8.605810000000002,11.463271,2.8574611410522444,7.083259999999999,9.99976,2.9164996740722664,0.03443459999999998,0.08436591,0.04993131178178789
7498,0.074847,0.0638142,-0.0110327995390892,5.09113,6.2010145,1.1098845187377933,6.153739999999999,6.100184,-0.053556036224364334,0.06595679999999993,0.03996723,-0.02598956854753487
7548,0.10630499999999998,0.117433414,0.011128413863182085,10.098029999999998,11.713223,1.615193457336428,12.352540000000001,13.971679,1.6191387338256824,0.11033899999999996,0.12671869,0.01637968503093723
7550,0.136305,0.117433414,-0.01887158613681794,10.438029999999998,11.713223,1.275193457336428,12.64254,13.971679,1.3291387338256833,0.09033900000000006,0.12671869,0.03637968503093714
7552,0.06630500000000006,0.117433414,0.05112841386318201,13.968029999999999,11.713223,-2.254806542663573,15.34254,13.971679,-1.370861266174316,0.17033900000000002,0.12671869,-0.04362031496906282
7644,0.37889000000000006,0.2861247,-0.09276529373168951,10.965449999999999,11.658187,0.6927369125366223,15.82344,14.892982,-0.9304584707641599,0.30043050000000004,0.23006257,-0.07036792585182194
7645,0.29489,0.2861247,-0.008765293731689439,14.565449999999998,11.658187,-2.9072630874633774,15.77344,14.892982,-0.880458470764161,0.21243049999999997,0.23006257,0.017632074148178134
7762,-0.03761300000000012,0.035325877,0.07293887736845028,7.435680000000001,9.20228,1.7666000445556627,3.8851499999999994,7.457498,3.5723480735778814,-0.03254400000000013,0.046353202,0.07889720231318487
7763,-0.02761300000000011,0.035325877,0.06293887736845027,8.035680000000003,9.20228,1.1666000445556612,3.895150000000001,7.457498,3.56234807357788,-0.06154400000000004,0.046353202,0.10789720231318478
7764,-0.03761300000000012,0.035325877,0.07293887736845028,7.985680000000002,9.20228,1.216600044555662,3.815149999999999,7.457498,3.6423480735778817,-0.06654400000000005,0.046353202,0.11289720231318479
7766,-0.02761300000000011,0.035325877,0.06293887736845027,11.125680000000003,9.20228,-1.9233999554443386,8.11515,7.457498,-0.657651926422119,0.04145599999999994,0.046353202,0.004897202313184801
7767,-0.02761300000000011,0.035325877,0.06293887736845027,17.95568,9.20228,-8.753399955444337,13.195150000000002,7.457498,-5.737651926422121,0.07145599999999996,0.046353202,-0.025102797686815226
7768,-0.04761300000000013,0.035325877,0.08293887736845029,5.3456800000000015,9.20228,3.8566000445556625,1.265150000000002,7.457498,6.192348073577879,-0.08454399999999995,0.046353202,0.1308972023131847
7946,-0.09579500000000007,-0.058925934,0.036869065864086226,3.6104699999999994,4.3117776,0.7013075917053229,1.0476099999999988,2.30512,1.2575099913024914,0.0007224000000000119,0.036825053,0.03610265339384078
8023,0.04838699999999996,0.035325877,-0.013061122631549793,5.99568,9.20228,3.206600044555664,7.78515,7.457498,-0.32765192642211893,0.1314559999999999,0.046353202,-0.08510279768681517
8032,0.00044200000000005346,0.023532102,0.023090101884484238,7.178659999999997,8.370697,1.1920370214843778,7.678690000000001,10.517497,2.838807062683104,0.0050736000000000114,0.062428825,0.057355224603557575
8034,0.04044200000000009,0.023532102,-0.016909898115515798,9.298659999999998,8.370697,-0.9279629785156231,12.72869,10.517497,-2.211192937316895,0.10007359999999998,0.062428825,-0.0376447753964424
8057,0.0542450000000001,0.04587304,-0.008371961529255012,4.586269999999999,7.4714274,2.8851574406433116,7.649840000000001,8.628302,0.9784616204833974,0.16017380000000003,0.1350371,-0.025136705645370516
8058,0.012959000000000165,0.051772807,0.038813806793451144,10.168589999999998,10.198892,0.030301639709474415,9.86852,11.217574,1.349054119567871,0.06296540000000006,0.13505012,0.07208471796951288
8086,-0.030613,0.061861347,0.09247434740710259,6.105680000000003,9.053765,2.948085296936032,2.305150000000001,7.1359854,4.8308353744506825,-0.06354400000000004,0.0057807877,0.06932478767284755
8087,-0.014612999999999987,0.061861347,0.07647434740710257,6.705680000000001,9.053765,2.348085296936034,3.605150000000002,7.1359854,3.5308353744506817,-0.03554400000000002,0.0057807877,0.04132478767284753
8088,-0.023613000000000106,0.061861347,0.08547434740710269,6.105680000000003,9.053765,2.948085296936032,2.905149999999999,7.1359854,4.230835374450685,-0.04354400000000003,0.0057807877,0.049324787672847537
8167,0.2214879999999999,0.14486553,-0.07662247225093832,8.641820000000003,9.897863,1.2560433880615207,11.51644,9.75086,-1.765579785766601,0.10030780000000006,0.046978097,-0.053329702590990125
8168,0.3414879999999999,0.14486553,-0.19662247225093832,9.041820000000001,9.897863,0.8560433880615221,13.01644,9.75086,-3.265579785766601,0.16330780000000011,0.046978097,-0.11632970259099018
8169,0.2214879999999999,0.14486553,-0.07662247225093832,12.641820000000003,9.897863,-2.7439566119384793,12.51644,9.75086,-2.765579785766601,0.041307800000000006,0.046978097,0.005670297409009928
8177,-0.03899000000000008,0.01637588,0.05536588068842896,8.26493,11.638723,3.3737933734130863,5.796899999999999,7.97064,2.173740182495118,0.019842499999999985,-0.049567755,-0.06941025531172751
8178,0.16101,0.01637588,-0.1446341193115711,23.96493,11.638723,-12.326206626586913,16.596899999999998,7.97064,-8.62625981750488,-0.3101575,-0.049567755,0.26058974468827245
8179,0.06101000000000001,0.01637588,-0.04463411931157113,15.00493,11.638723,-3.366206626586914,10.306899999999999,7.97064,-2.3362598175048817,-0.07015749999999998,-0.049567755,0.02058974468827246
8181,-0.03899000000000008,0.01637588,0.05536588068842896,7.08493,11.638723,4.553793373413086,5.286899999999999,7.97064,2.683740182495118,0.0398425,-0.049567755,-0.08941025531172753
8182,-0.03899000000000008,0.01637588,0.05536588068842896,7.124929999999999,11.638723,4.513793373413087,5.4169,7.97064,2.553740182495117,0.0398425,-0.049567755,-0.08941025531172753
8199,-0.05008900000000005,0.038176943,0.08826594261670118,9.17586,9.075988,-0.09987218414306653,7.67356,9.094013,1.420453214111328,0.08676649999999997,0.13078645,0.04401994871711734
8201,0.09991099999999997,0.038176943,-0.061734057383298846,10.69586,9.075988,-1.619872184143066,12.54356,9.094013,-3.4495467858886713,0.21676649999999997,0.13078645,-0.08598005128288266
8247,0.002386999999999917,0.029466106,0.02707910562503346,9.105680000000003,9.907991,0.8023114093017547,6.805150000000001,7.811565,1.0064149223327625,0.016455999999999915,0.04788699,0.03143099001073846
8254,0.032386999999999944,0.029466106,-0.002920894374966565,9.605680000000003,9.907991,0.3023114093017547,8.70515,7.811565,-0.893585077667236,0.08145599999999997,0.04788699,-0.0335690099892616
8329,0.06221500000000013,0.012242454,-0.04997254589587463,6.3683499999999995,9.471749,3.103399305725098,7.907250000000001,6.4097977,-1.49745233154297,0.11326410000000009,-0.008012566,-0.12127666578415641
8330,-0.047784999999999966,0.012242454,0.060027454104125466,5.958349999999999,9.471749,3.5133993057250983,6.207250000000002,6.4097977,0.20254766845702932,0.11226410000000009,-0.008012566,-0.12027666578415641
8647,-0.015009999999999968,0.0021835924,0.01719359241262075,10.32159,12.921348,2.599757618103027,7.48508,9.525556,2.0404756106567383,0.019483599999999934,0.037069716,0.01758611555948264
8700,-0.09778500000000001,0.012242454,0.11002745410412551,7.898349999999997,9.471749,1.5733993057251006,3.6072500000000005,6.4097977,2.8025476684570307,-0.02273589999999992,-0.008012566,0.014723334215843598
8701,-0.09778500000000001,0.012242454,0.11002745410412551,6.958349999999999,9.471749,2.5133993057250983,1.9072500000000012,6.4097977,4.50254766845703,-0.06373589999999985,-0.008012566,0.05572333421584352
8755,0.06088300000000002,-0.0043576006,-0.06524060058462622,5.277709999999999,6.317375,1.0396651831054697,6.316690000000001,6.9112434,0.5945534387207019,0.0613556999999999,0.09991189,0.038556190923976996
8756,0.002215000000000078,0.015374115,0.013159114736914557,6.43835,8.862696,2.4243456939697268,3.497250000000001,6.4660616,2.9688115921020497,-0.04773589999999994,0.017678173,0.06541407325890058
8757,-0.01778499999999994,0.015374115,0.033159114736914574,9.828349999999997,8.862696,-0.9656543060302702,6.567250000000001,6.4660616,-0.10118840789795058,-0.007735899999999907,0.017678173,0.02541407325890055
8766,0.12303000000000008,0.09642808,-0.0266019186067582,17.38507,15.393511,-1.9915591815185536,16.80032,15.161399,-1.638921112365722,0.15565819999999997,0.11973061,-0.03592759332485196
8767,0.09303000000000006,0.09642808,0.0033980813932418252,16.48507,15.393511,-1.091559181518555,15.900319999999999,15.161399,-0.7389211123657216,0.12565819999999994,0.11973061,-0.005927593324851932
8768,0.08303000000000016,0.09642808,0.013398081393241723,15.285070000000001,15.393511,0.10844081848144427,15.000319999999999,15.161399,0.1610788876342788,0.10565820000000004,0.11973061,0.014072406675147975
8769,0.07303000000000015,0.09642808,0.023398081393241732,14.48507,15.393511,0.908440818481445,14.30032,15.161399,0.8610788876342781,0.09565820000000003,0.11973061,0.024072406675147984
8773,0.08303000000000016,0.09642808,0.013398081393241723,14.68507,15.393511,0.7084408184814457,14.30032,15.161399,0.8610788876342781,0.09565820000000003,0.11973061,0.024072406675147984
8774,0.06303000000000014,0.09642808,0.03339808139324174,13.68507,15.393511,1.7084408184814457,13.400319999999999,15.161399,1.7610788876342784,0.09565820000000003,0.11973061,0.024072406675147984
8775,0.09303000000000006,0.09642808,0.0033980813932418252,14.98507,15.393511,0.408440818481445,14.700319999999998,15.161399,0.4610788876342795,0.10565820000000004,0.11973061,0.014072406675147975
8819,-0.0717620000000001,-0.08103585,-0.009273852432250873,9.75629,8.445984,-1.31030611328125,8.558089999999998,6.5977063,-1.9603836820983869,0.08970110000000009,0.058052905,-0.03164819509611139
8831,0.03707080000000007,0.020122185,-0.016948614650535654,7.439170000000004,7.383376,-0.055793878479008185,8.10021,7.781217,-0.3189929017639166,0.10348449999999998,0.100537956,-0.0029465442390441687
8833,0.007070800000000044,0.020122185,0.013051385349464373,6.939170000000004,7.383376,0.4442061215209918,7.340210000000001,7.781217,0.4410070982360832,0.10048450000000009,0.100537956,5.345576095572291e-05
8849,-0.004813999999999874,-0.053613164,-0.048799163530826695,17.73925,14.757237,-2.9820125656127914,16.73725,14.2309,-2.506350189208984,0.1379144,0.11754405,-0.020370352465534203
8850,-0.023217699999999897,-0.023449995,-0.0002322946236611445,10.888630000000003,11.134965,0.2463349429321262,9.35089,9.661002,0.31011215911865264,0.06411140000000004,0.09688426,0.0327728580914497
8851,-0.027660999999999936,-0.0016889609,0.02597203906035417,10.336780000000001,11.07012,0.733339857788085,8.704699999999999,10.166005,1.4613051345825205,0.04876780000000003,0.062201772,0.013433971885156604
8852,-0.010661000000000032,-0.0016889609,0.008972039060354264,11.746780000000001,11.07012,-0.6766601422119152,10.3547,10.166005,-0.18869486541747982,0.05876780000000004,0.062201772,0.003433971885156595
8853,-0.04739899999999997,-0.011774704,0.03562429613971707,11.47148,11.530495,0.05901468994140657,9.756269999999999,10.933384,1.1771139416503917,0.0933676,0.1389695,0.045601895892524724
9062,0.21238699999999988,0.11697701,-0.09540998635244358,25.805680000000002,18.046515,-7.759165488891604,19.80515,15.749127,-4.056022611999513,0.42145599999999994,0.2635563,-0.15789969840621942
9063,0.09238699999999989,0.11697701,0.02459001364755642,13.805680000000002,18.046515,4.240834511108396,12.10515,15.749127,3.643977388000488,0.10145599999999999,0.2635563,0.16210030159378053
9064,0.2223869999999999,0.11697701,-0.10540998635244359,23.405680000000004,18.046515,-5.359165488891605,18.40515,15.749127,-2.6560226119995107,0.221456,0.2635563,0.04210030159378053
9065,0.09238699999999989,0.11697701,0.02459001364755642,13.605680000000001,18.046515,4.440834511108397,15.305150000000001,15.749127,0.44397738800048714,0.331456,0.2635563,-0.06789969840621946
9066,0.05238699999999996,0.11697701,0.06459001364755634,12.505680000000002,18.046515,5.540834511108397,13.20515,15.749127,2.5439773880004886,0.23145599999999994,0.2635563,0.03210030159378058
9080,-0.03761300000000012,0.029466106,0.0670791056250335,6.525680000000001,9.907991,3.3823114093017566,5.3351500000000005,7.811565,2.476414922332763,0.051455999999999946,0.04788699,-0.0035690099892615734
9090,0.12148799999999993,-0.011210221,-0.13269822086590521,13.471820000000003,8.555614,-4.916205528564456,13.72644,5.083942,-8.64249806350708,0.19930780000000003,-0.014293038,-0.21360083828626875
9093,0.012386999999999926,0.035325877,0.02293887736845024,12.645680000000002,9.20228,-3.443399955444338,10.635150000000001,7.457498,-3.1776519264221204,0.09645599999999999,0.046353202,-0.05010279768681525
9094,0.012386999999999926,0.035325877,0.02293887736845024,12.325680000000002,9.20228,-3.123399955444338,9.645150000000001,7.457498,-2.18765192642212,0.04345599999999994,0.046353202,0.002897202313184799
9097,-0.028512000000000093,-0.01598884,0.012523160209775064,7.221820000000001,7.8885884,0.6667684284973134,5.696439999999999,4.811836,-0.884604234161376,0.04630780000000001,0.0052975193,-0.04101028073339463
9099,-0.05851200000000012,-0.01598884,0.04252316020977509,5.671820000000004,7.8885884,2.2167684284973106,1.9864399999999982,4.811836,2.825395765838625,-0.04369219999999996,0.0052975193,0.048989719266605336
9100,-0.05851200000000012,-0.01598884,0.04252316020977509,6.641820000000003,7.8885884,1.2467684284973117,3.0864399999999996,4.811836,1.7253957658386234,-0.03369219999999995,0.0052975193,0.03898971926660533
9101,-0.04851200000000011,-0.01598884,0.03252316020977508,7.031820000000003,7.8885884,0.8567684284973112,3.5964399999999976,4.811836,1.2153957658386254,-0.03169219999999995,0.0052975193,0.036989719266605325
9106,-0.03761300000000012,-0.017312398,0.020300601819634556,6.33568,6.729781,0.3941011508178711,1.8051500000000011,3.0733469,1.2681968532562244,-0.08854400000000007,-0.049185973,0.039358027339220114
9107,-0.057613000000000136,-0.017312398,0.040300601819634574,7.425680000000003,6.729781,-0.6958988491821323,2.805150000000001,3.0733469,0.26819685325622444,-0.06854400000000005,-0.049185973,0.019358027339220096
9108,0.04238699999999995,-0.017312398,-0.059699398180365515,6.705680000000001,6.729781,0.02410115081787012,4.305150000000001,3.0733469,-1.2318031467437756,-0.04854400000000003,-0.049185973,-0.0006419726607799214
9109,0.002386999999999917,-0.017312398,-0.01969939818036548,6.505680000000002,6.729781,0.2241011508178694,3.7051499999999997,3.0733469,-0.6318031467437741,-0.03854400000000002,-0.049185973,-0.01064197266077993
9110,-0.03761300000000012,-0.017312398,0.020300601819634556,6.505680000000002,6.729781,0.2241011508178694,3.305150000000001,3.0733469,-0.23180314674377556,-0.028544000000000014,-0.049185973,-0.02064197266077994
9111,-0.0176130000000001,-0.017312398,0.00030060181963453836,6.505680000000002,6.729781,0.2241011508178694,3.2051499999999997,3.0733469,-0.13180314674377414,-0.04854400000000003,-0.049185973,-0.0006419726607799214
9113,-0.04761300000000013,-0.017312398,0.030300601819634565,5.305680000000002,6.729781,1.4241011508178687,0.7051499999999997,3.0733469,2.368196853256226,-0.08854400000000007,-0.049185973,0.039358027339220114
9114,-0.06761300000000015,-0.017312398,0.05030060181963458,6.105680000000003,6.729781,0.624101150817868,1.5051500000000004,3.0733469,1.5681968532562252,-0.06854400000000005,-0.049185973,0.019358027339220096
9138,-0.044613000000000014,-0.017537106,0.027075894171476378,6.235680000000002,7.085945,0.8502651293945291,2.675150000000002,4.0350714,1.3599213729858377,-0.041544000000000025,-0.01572016,0.025823839321970965
9224,-0.0782830000000001,-0.0049863667,0.07329663327726732,7.660720000000001,9.620708,1.9599884655761706,3.738900000000001,6.604131,2.8652312217712392,-0.024994799999999984,0.0053125964,0.03030739644776581
9226,-0.048283000000000076,-0.0049863667,0.043296633277267293,8.160720000000001,9.620708,1.4599884655761706,4.238899999999999,6.604131,2.365231221771241,-0.0449948,0.0053125964,0.05030739644776583
9783,-0.057613000000000136,0.044211373,0.10182437273311629,7.305680000000002,8.158588,0.8529084094238257,2.5051500000000004,7.530416,5.025266011810302,-0.07854400000000006,0.082728416,0.16127241572761541
9785,-0.11761299999999997,-0.05903945,0.05857354881811139,6.805680000000002,7.529363,0.7236831553649878,1.0051500000000004,3.6351247,2.6299746833801265,-0.07854400000000006,-0.008062169,0.07048183104419714
9787,-0.09761300000000017,0.044211373,0.14182437273311632,6.805680000000002,8.158588,1.3529084094238257,1.6051500000000019,7.530416,5.925266011810301,-0.06854400000000005,0.082728416,0.1512724157276154
9867,0.14238699999999993,0.029466106,-0.11292089437496655,11.72568,9.907991,-1.8176885906982427,10.03515,7.811565,-2.223585077667236,0.20145599999999997,0.04788699,-0.1535690099892616
9916,-0.06761300000000015,0.035325877,0.10293887736845031,5.33568,9.20228,3.866600044555664,2.805150000000001,7.457498,4.65234807357788,0.005456000000000016,0.046353202,0.04089720231318472
9918,-0.04761300000000013,0.035325877,0.08293887736845029,5.705680000000001,9.20228,3.496600044555663,3.105150000000002,7.457498,4.352348073577879,0.0014560000000000128,0.046353202,0.044897202313184725
9919,-0.03761300000000012,0.035325877,0.07293887736845028,5.285680000000003,9.20228,3.9166000445556612,4.20515,7.457498,3.252348073577881,0.04345599999999994,0.046353202,0.002897202313184799
9955,-0.08901000000000003,-0.041811015,0.04719898454308513,6.16159,8.595268,2.4336782495117184,1.775079999999999,4.4261947,2.651114667816163,-0.048516400000000015,0.0071853655,0.05570176553904416
9956,-0.11600999999999995,-0.041811015,0.07419898454308504,7.261590000000002,8.595268,1.333678249511717,2.2050800000000024,4.4261947,2.2211146678161597,-0.05051640000000013,0.0071853655,0.05770176553904427
10212,-0.03761300000000012,0.029466106,0.0670791056250335,7.935680000000001,9.907991,1.9723114093017564,3.8451500000000003,7.811565,3.9664149223327634,-0.05554400000000004,0.04788699,0.10343099001073841
10237,-0.02761300000000011,0.029466106,0.05707910562503349,8.185680000000001,9.907991,1.7223114093017564,5.03515,7.811565,2.776414922332764,-0.006543999999999994,0.04788699,0.05443099001073837
10243,-0.06761300000000015,0.029466106,0.09707910562503352,7.855680000000003,9.907991,2.0523114093017547,3.5451499999999996,7.811565,4.266414922332764,-0.04654400000000003,0.04788699,0.0944309900107384
10248,-0.06761300000000015,0.029466106,0.09707910562503352,7.855680000000003,9.907991,2.0523114093017547,3.5451499999999996,7.811565,4.266414922332764,-0.04654400000000003,0.04788699,0.0944309900107384
10596,0.13920299999999997,0.08304413,-0.05615887337017056,4.226890000000001,3.8754644,-0.3514255606079111,9.69497,7.884861,-1.810109007568359,0.20916060000000003,0.17314456,-0.0360160359674454
10597,0.16020299999999998,0.08304413,-0.07715887337017058,4.3768899999999995,3.8754644,-0.5014255606079097,11.15497,7.884861,-3.27010900756836,0.26916059999999997,0.17314456,-0.09601603596744535
10598,0.11620299999999995,0.08304413,-0.03315887337017054,3.7868899999999996,3.8754644,0.0885744393920902,7.76497,7.884861,0.1198909924316407,0.13816060000000008,0.17314456,0.03498396403255455
10599,0.13920299999999997,0.08304413,-0.05615887337017056,3.8768899999999995,3.8754644,-0.0014255606079096594,8.77497,7.884861,-0.8901090075683591,0.1691606,0.17314456,0.003983964032554632
10600,-0.009797000000000056,0.08304413,0.09284112662982946,2.7768900000000016,3.8754644,1.0985744393920882,3.8249700000000004,7.884861,4.05989099243164,0.07716059999999991,0.17314456,0.09598396403255471
10601,0.00020299999999995322,0.08304413,0.08284112662982945,3.046890000000001,3.8754644,0.8285744393920886,5.394970000000001,7.884861,2.48989099243164,0.12916059999999996,0.17314456,0.04398396403255467
10602,0.00020299999999995322,0.08304413,0.08284112662982945,4.01689,3.8754644,-0.14142556060791023,6.02497,7.884861,1.859890992431641,0.12916059999999996,0.17314456,0.04398396403255467
10603,0.14020299999999997,0.08304413,-0.05715887337017056,4.986889999999999,3.8754644,-1.111425560607909,11.00497,7.884861,-3.1201090075683595,0.25916059999999996,0.17314456,-0.08601603596744534
10628,0.07325700000000013,0.061106887,-0.012150113285303243,10.961200000000003,9.905502,-1.0556976806640659,11.059470000000001,10.760854,-0.2986162326049815,0.12064750000000002,0.15255535,0.03190784648895262
10667,-0.07778499999999999,0.015374115,0.09315911473691463,6.238349999999997,8.862696,2.6243456939697296,1.5072500000000026,6.4660616,4.958811592102048,-0.06773589999999996,0.017678173,0.0854140732589006
10923,-0.00012699999999998823,-0.0040708343,-0.003943834256708634,3.0378700000000016,4.5794845,1.5416144627380355,3.4859299999999998,4.9068456,1.420915569610596,0.08053949999999999,0.0654499,-0.015089599074840532
11012,-0.02761300000000011,0.045872122,0.07348512204933177,7.805680000000002,9.286278,1.4805977709960914,4.20515,8.507814,4.302664407348633,-0.03854400000000002,0.07707459,0.11561858734512331
11140,-0.08963300000000007,-0.026122844,0.06351015615332134,7.340070000000001,8.334573,0.9945027920532219,3.934049999999999,7.232242,3.2981921073913583,0.0040840000000000876,0.083866134,0.07978213428592673
11141,-0.03963300000000003,-0.026122844,0.013510156153321295,7.6400700000000015,8.334573,0.6945027920532212,5.63405,7.232242,1.5981921073913572,0.04408400000000001,0.083866134,0.03978213428592681
11142,-0.06963300000000006,-0.026122844,0.04351015615332132,7.54007,8.334573,0.7945027920532226,6.13405,7.232242,1.0981921073913572,0.04408400000000001,0.083866134,0.03978213428592681
11143,-0.03963300000000003,-0.026122844,0.013510156153321295,7.840070000000001,8.334573,0.4945027920532219,7.73405,7.232242,-0.5018078926086424,0.13408399999999998,0.083866134,-0.05021786571407316
11144,0.10036699999999998,-0.026122844,-0.12648984384667872,8.640070000000001,8.334573,-0.3054972079467788,13.23405,7.232242,-6.0018078926086424,0.28408400000000006,0.083866134,-0.20021786571407324
11236,-0.02761300000000011,0.022842333,0.05045533272075664,10.105680000000003,9.692701,-0.4129786602783234,6.805150000000001,8.845324,2.040173562622069,0.0014560000000000128,0.085209735,0.08375373473787306
11258,-0.031074999999999964,-0.040678233,-0.009603232908248938,4.4877199999999995,4.3658347,-0.12188528701782175,4.945819999999998,5.251164,0.30534395950317617,0.08829010000000004,0.112642035,0.02435193488826748
11259,-0.031074999999999964,-0.040678233,-0.009603232908248938,4.637719999999998,4.3658347,-0.27188528701782033,5.215819999999999,5.251164,0.035343959503174815,0.09829009999999994,0.112642035,0.014351934888267581
11260,-0.031074999999999964,-0.040678233,-0.009603232908248938,4.53772,4.3658347,-0.17188528701782246,6.015819999999998,5.251164,-0.7646560404968241,0.14829009999999998,0.112642035,-0.03564806511173246
11269,0.1522150000000001,0.015374115,-0.13684088526308547,17.63835,8.862696,-8.775654306030273,16.39725,6.4660616,-9.931188407897949,0.2922641,0.017678173,-0.2745859267410994
11270,0.13221500000000008,0.015374115,-0.11684088526308545,16.13835,8.862696,-7.2756543060302725,14.437250000000002,6.4660616,-7.971188407897952,0.16226410000000002,0.017678173,-0.14458592674109938
11271,0.08221500000000015,0.015374115,-0.06684088526308551,15.138349999999999,8.862696,-6.2756543060302725,12.847250000000003,6.4660616,-6.381188407897952,0.10226410000000008,0.017678173,-0.08458592674109944
11273,0.032215000000000105,0.015374115,-0.01684088526308547,13.338349999999998,8.862696,-4.475654306030272,10.43725,6.4660616,-3.97118840789795,0.04226410000000003,0.017678173,-0.024585926741099384
11274,0.022215000000000096,0.015374115,-0.006840885263085461,11.238349999999997,8.862696,-2.3756543060302704,8.087250000000001,6.4660616,-1.6211884078979502,-0.007735899999999907,0.017678173,0.02541407325890055
11275,0.08221500000000015,0.015374115,-0.06684088526308551,15.438349999999998,8.862696,-6.5756543060302715,14.35725,6.4660616,-7.89118840789795,0.21226410000000007,0.017678173,-0.19458592674109942
11312,0.05221500000000012,0.012242454,-0.03997254589587462,7.8683499999999995,9.471749,1.6033993057250981,6.747250000000001,6.4097977,-0.33745233154296983,0.02226410000000001,-0.008012566,-0.03027666578415633
11313,0.07221500000000014,0.012242454,-0.05997254589587464,6.34835,9.471749,3.1233993057250977,6.177250000000001,6.4097977,0.23254766845703045,0.0122641,-0.008012566,-0.020276665784156322
11397,-0.10716480000000006,-0.0725631,0.03460170311908728,6.7603100000000005,6.4667697,-0.29354030471801806,2.82747,3.8918657,1.0643957302856446,-0.05968600000000002,-0.038607225,0.021078775177955644
11399,-0.005665999999999949,0.021713821,0.027379821217417666,12.34627,11.332924,-1.0133461108398443,9.28789,8.784985,-0.502905411376954,0.025034400000000012,0.0125429435,-0.012491456529819978
11400,-0.003174999999999928,0.0068227113,0.009997711322456526,3.362940000000002,5.1070366,1.74409659057617,2.7921299999999984,4.3119683,1.519838326568605,0.019739300000000015,0.03260627,0.012866970164251312
11733,0.07214300000000007,0.08714986,0.015006858474731377,10.011790000000001,10.063787,0.05199746032714714,9.760409999999998,10.008942,0.24853165039062652,0.06292330000000002,0.08290541,0.019982111720275864
11736,0.03214300000000003,0.08714986,0.05500685847473141,10.191790000000001,10.063787,-0.12800253967285258,9.27041,10.008942,0.738531650390625,0.0429233,0.08290541,0.03998211172027588
11737,0.08214299999999997,0.08714986,0.005006858474731479,9.98179,10.063787,0.08199746032714827,10.170409999999999,10.008942,-0.16146834960937362,0.07292330000000002,0.08290541,0.009982111720275855
11738,0.11214299999999999,0.08714986,-0.024993141525268547,9.721789999999999,10.063787,0.34199746032714984,10.39041,10.008942,-0.38146834960937426,0.07292330000000002,0.08290541,0.009982111720275855
11739,0.03214300000000003,0.08714986,0.05500685847473141,10.191790000000001,10.063787,-0.12800253967285258,9.27041,10.008942,0.738531650390625,0.0429233,0.08290541,0.03998211172027588
11740,0.07214300000000007,0.08714986,0.015006858474731377,9.46179,10.063787,0.6019974603271478,9.31041,10.008942,0.6985316503906258,0.06292330000000002,0.08290541,0.019982111720275864
11741,0.08214299999999997,0.08714986,0.005006858474731479,9.201789999999999,10.063787,0.8619974603271494,9.98041,10.008942,0.028531650390625884,0.09292329999999993,0.08290541,-0.010017888279724052
11765,0.03621500000000011,0.010477886,-0.025737114396095384,7.8683499999999995,7.3414736,-0.5268764205932612,8.407250000000001,5.9505568,-2.4566932449340833,0.11226410000000009,0.037569918,-0.07469418226156244
11773,-0.07377500000000015,0.04728949,0.12106449069976821,10.026040000000002,15.228061,5.202020722351072,7.631529999999998,14.7914505,7.159920500488283,0.030508800000000003,0.14469524,0.11418643727893829
11800,-0.0330410000000001,-0.020605661,0.012435339025020697,7.41066,7.2134137,-0.1972462846374512,10.69454,10.247268,-0.44727227691650384,0.23754930000000007,0.2004065,-0.03714279334239967
11801,-0.008383999999999947,-0.018740477,-0.010356477040410095,6.91039,7.6614137,0.751023669586182,8.588189999999999,9.276202,0.6880122018432626,0.1426423,0.17709492,0.034452621469688416
11802,-0.038383999999999974,-0.018740477,0.019643522959589932,6.91039,7.6614137,0.751023669586182,7.9881899999999995,9.276202,1.2880122018432623,0.1326423,0.17709492,0.044452621469688425
11803,-0.068384,-0.018740477,0.04964352295958996,6.110389999999999,7.6614137,1.5510236695861828,6.688189999999999,9.276202,2.588012201843263,0.12364229999999998,0.17709492,0.05345262146968843
11804,-0.028383999999999965,-0.018740477,0.009643522959589923,7.21039,7.6614137,0.45102366958618134,9.28819,9.276202,-0.01198779815673845,0.17664230000000003,0.17709492,0.0004526214696883857
11805,0.01161600000000007,-0.018740477,-0.030356477040410113,8.71039,7.6614137,-1.0489763304138187,12.28819,9.276202,-3.0119877981567384,0.2546423000000001,0.17709492,-0.07754737853031168
11981,0.07238699999999998,0.08354181,0.011154810512542745,13.175680000000002,11.379632,-1.7960480038452165,13.54515,12.042397,-1.5027534545898433,0.22845600000000005,0.18960647,-0.03884952715015416
11982,0.08238699999999999,0.08354181,0.0011548105125427366,14.605680000000001,11.379632,-3.226048003845216,14.20515,12.042397,-2.1627534545898435,0.26545599999999997,0.18960647,-0.07584952715015408
12001,0.03315899999999994,0.13027652,0.09711751607990271,12.967910000000003,13.036835,0.06892471679687162,16.3201,17.9881,1.6680000518798828,0.3273436000000001,0.39298475,0.06564114788665759
12002,0.04315899999999995,0.13027652,0.0871175160799027,13.667910000000003,13.036835,-0.6310752832031277,17.5601,17.9881,0.4280000518798843,0.37834360000000006,0.39298475,0.014641147886657657
12032,0.12238699999999991,0.08354181,-0.03884518948745719,11.40568,11.379632,-0.026048003845215106,12.215150000000001,12.042397,-0.17275345458984503,0.17145599999999994,0.18960647,0.018150472849845944
12033,0.1123869999999999,0.08354181,-0.02884518948745718,6.425680000000003,11.379632,4.953951996154782,10.01515,12.042397,2.027246545410156,0.18145599999999995,0.18960647,0.008150472849845936
12054,-0.008027000000000006,0.009087045,0.017114044745683676,11.822220000000002,13.132994,1.3107736981201157,8.515290000000002,9.775635,1.260344765624998,0.009383700000000106,0.027795367,0.018411666942882432
12055,-0.01693699999999998,-0.029081358,-0.012144357643008252,18.31426,15.973922,-2.34033822418213,12.347019999999999,10.411689,-1.935331195373534,-0.007008199999999909,-0.01024682,-0.003238619816529842
12056,-0.062287800000000004,-0.042781916,0.019505884484338765,6.872430000000001,7.0484614,0.17603143722534043,4.446389999999999,5.430271,0.9838811486816414,0.010692499999999883,0.025829846,0.015137346039414523
12454,0.6049899999999999,0.09831219,-0.5066778083348273,19.72159,12.314781,-7.406808811035155,19.26508,10.162729,-9.102350736694337,0.42248359999999996,0.078652,-0.34383159808263775
12455,0.27498999999999996,0.09831219,-0.17667780833482738,17.19159,12.314781,-4.876808811035158,18.19508,10.162729,-8.032350736694337,0.4554836,0.078652,-0.3768315980826378
12499,-0.07901000000000002,0.09831219,0.1773221916651726,11.851590000000002,12.314781,0.4631911889648421,8.05508,10.162729,2.107649263305664,0.030483600000000055,0.078652,0.04816840191736216
12501,-0.022010000000000085,0.09831219,0.12032219166517266,16.32159,12.314781,-4.006808811035157,11.28508,10.162729,-1.1223507366943366,-0.007516399999999979,0.078652,0.08616840191736219
12639,0.3685139999999999,0.22820115,-0.14031284910583486,14.963110000000002,12.0838785,-2.8792314828491232,16.182830000000003,13.493564,-2.6892663479614285,0.23898579999999991,0.18449226,-0.05449353978233329
12640,0.3685139999999999,0.22820115,-0.14031284910583486,16.46311,12.0838785,-4.3792314828491214,15.882830000000002,13.493564,-2.389266347961428,0.23898579999999991,0.18449226,-0.05449353978233329
12641,-0.007784999999999931,0.029213902,0.03699890160918229,10.238349999999997,8.863712,-1.3746376892089813,11.387250000000002,8.811337,-2.575912528991701,0.22226410000000008,0.07560486,-0.14665923653516777
12818,0.14238699999999993,0.044211373,-0.09817562726688378,7.205680000000001,8.158588,0.9529084094238272,12.40515,7.530416,-4.874733988189698,0.273456,0.082728416,-0.19072758427238462
12820,0.006215000000000082,0.015374115,0.009159114736914553,6.488349999999997,8.862696,2.3743456939697296,5.007250000000001,6.4660616,1.45881159210205,0.0122641,0.017678173,0.005414073258900642
12912,0.02049000000000012,-0.0037407302,-0.024230730229765296,6.282160000000001,6.4145966,0.13243655761718642,6.083500000000001,5.9184685,-0.16503152465820392,0.048228600000000066,0.04791629,-0.0003123105810642901
13148,-0.03778499999999996,0.015374115,0.05315911473691459,12.52835,8.862696,-3.665654306030273,12.997250000000001,6.4660616,-6.53118840789795,0.26726410000000006,0.017678173,-0.24958592674109942
13200,0.33618000000000003,0.3041538,-0.03202619998931888,9.416830000000001,9.908834,0.49200445739746,12.889339999999999,12.425773,-0.46356733306884657,0.24011690000000002,0.18815257,-0.05196433344783785
13202,0.26217999999999997,0.3041538,0.041973800010681184,8.47683,9.908834,1.4320044573974613,12.17934,12.425773,0.2464326669311525,0.1671169,0.18815257,0.021035666552162158
13203,0.3081800000000001,0.3041538,-0.004026199989318968,9.40683,9.908834,0.5020044573974616,12.17934,12.425773,0.2464326669311525,0.2071169,0.18815257,-0.018964333447837822
13205,0.2961800000000001,0.3041538,0.007973800010681042,11.99683,9.908834,-2.0879955426025383,12.37934,12.425773,0.04643266693115322,0.1451169,0.18815257,0.04303566655216218
13246,-0.04996500000000004,0.036417857,0.08638285681247715,10.0657,11.912672,1.84697204284668,7.368500000000001,9.683273,2.3147733154296866,0.046205199999999946,0.11544866,0.06924346114854818
13310,0.08238699999999999,0.14563392,0.06324692102718354,26.56568,17.803478,-8.762201759033204,19.00515,14.092476,-4.912674108886719,0.061455999999999955,0.09480107,0.03334506830596928
13312,0.19238699999999997,0.14563392,-0.04675307897281644,16.77568,17.803478,1.0277982409667956,15.305150000000001,14.092476,-1.21267410888672,0.18145599999999995,0.09480107,-0.08665493169403071
13411,-0.009613000000000094,0.033439916,0.04305291562724123,9.205680000000001,9.599579,0.393898857421874,8.50515,7.7043843,-0.800765673065186,-0.03854400000000002,0.0050354763,0.043579476293414854
13412,0.035386999999999946,0.033439916,-0.0019470843727588116,10.205680000000001,9.599579,-0.606101142578126,7.20515,7.7043843,0.49923432693481473,-0.018544000000000005,0.0050354763,0.023579476293414836
13456,-0.03168099999999985,-0.02059481,0.011086190795659867,13.923570000000002,14.436669,0.5130993496704086,6.96186,8.376568,1.4147078405761722,-0.11187360000000002,-0.053330444,0.05854315620050432
13457,0.003319000000000072,-0.02059481,-0.023913809204340053,14.32357,14.436669,0.11309934967041002,9.35186,8.376568,-0.9752921594238284,-0.0028736000000000317,-0.053330444,-0.050456843799495665
13458,0.0073190000000000754,-0.02059481,-0.027913809204340057,14.11357,14.436669,0.3230993496704109,9.00186,8.376568,-0.6252921594238288,-0.04487359999999996,-0.053330444,-0.008456843799495739
13460,-0.0836809999999999,-0.02059481,0.06308619079565991,12.563570000000002,14.436669,1.873099349670408,5.391860000000001,8.376568,2.9847078405761707,-0.09387359999999989,-0.053330444,0.04054315620050419
13461,-0.04668099999999997,-0.02059481,0.02608619079565999,13.62357,14.436669,0.8130993496704093,7.251860000000001,8.376568,1.1247078405761712,-0.042873599999999956,-0.053330444,-0.01045684379949574
13464,-0.05568099999999987,-0.02059481,0.03508619079565989,18.60357,14.436669,-4.166900650329591,10.72186,8.376568,-2.3452921594238276,-0.1038735999999999,-0.053330444,0.0505431562005042
13500,-0.07701100000000016,-0.055887256,0.021123744182348414,5.6616,6.4709926,0.8093925651550293,4.678630000000002,5.641459,0.9628289881896954,0.06455220000000006,0.10045759,0.035905386348056734
13506,0.081488,0.06961585,-0.011872151637554174,7.041820000000001,10.461417,3.419597198181151,5.616439999999999,7.737157,2.120716867980958,-0.028692199999999946,-0.022994645,0.005697555060100501
13507,0.11148799999999992,0.06961585,-0.04187215163755409,14.341820000000002,10.461417,-3.8804028018188497,11.216439999999999,7.737157,-3.4792831320190416,-0.0026922000000000335,-0.022994645,-0.02030244493989941
13917,0.0016650000000000276,0.006398233,0.004733233119398328,9.707340000000002,8.0177355,-1.689604518737795,16.0613,6.945782,-9.11551781539917,0.3153228,0.060025577,-0.2552972234979153
13918,-0.03733500000000012,0.006398233,0.043733233119398474,8.006340000000005,8.0177355,0.011395481262201912,9.9613,6.945782,-3.0155178153991695,0.14132280000000008,0.060025577,-0.08129722349791535
13919,-0.04433499999999979,0.006398233,0.05073323311939815,7.1973400000000005,8.0177355,0.8203954812622065,4.561299999999999,6.945782,2.384482184600831,-0.002677199999999935,0.060025577,0.06270277650208467
14030,-0.0014199999999999768,0.0016388836,0.003058883608393348,11.15417,11.150448,-0.0037221545410162094,9.649430000000002,9.698766,0.04933575469970464,0.027506600000000048,0.030184323,0.0026777229681252956
14038,-0.0014199999999999768,0.0016388836,0.003058883608393348,11.15417,11.150448,-0.0037221545410162094,9.649430000000002,9.698766,0.04933575469970464,0.027506600000000048,0.030184323,0.0026777229681252956
14042,-0.0014199999999999768,0.0016388836,0.003058883608393348,11.15417,11.150448,-0.0037221545410162094,9.649430000000002,9.698766,0.04933575469970464,0.027506600000000048,0.030184323,0.0026777229681252956
14092,0.08162799999999992,0.079466775,-0.0021612249402999106,4.74099,5.7148657,0.9738756845092773,6.13702,6.6233974,0.4863773503112796,0.049590800000000046,0.071458094,0.021867293822002365
14102,0.271717,0.23261698,-0.03910002409648894,6.360720000000001,7.735194,1.3744742062377924,14.838899999999999,12.815918,-2.022982031249999,0.3750052,0.32673252,-0.04827268371124266
14156,0.04011589999999998,0.09450593,0.05439002845678331,4.493789999999997,5.978796,1.4850060052490264,5.065109999999999,5.1145077,0.049397675170899547,0.05518109999999998,0.05431649,-0.0008646091114044019
14222,0.04642499999999994,0.046522025,9.702501893049664e-05,3.9513099999999994,6.078831,2.1275211958312994,4.79749,6.047204,1.2497140176391603,0.052842899999999915,0.049206257,-0.003636643133544837
14298,-0.04761300000000013,0.029466106,0.0770791056250335,10.855680000000003,9.907991,-0.9476885906982453,5.905150000000001,7.811565,1.9064149223327629,-0.05854400000000004,0.04788699,0.10643099001073841
14299,-0.06761300000000015,0.029466106,0.09707910562503352,7.505680000000002,9.907991,2.402311409301756,2.0051500000000004,7.811565,5.806414922332763,-0.09854400000000008,0.04788699,0.14643099001073845
14842,-0.04365400000000008,-0.019519871,0.024134128899216734,6.4251400000000025,8.245655,1.8205150598144506,5.555130000000002,6.040528,0.4853978205871563,0.04789370000000004,0.04986903,0.001975330714034995
14981,0.06538699999999997,0.044211373,-0.021175627266883823,2.295680000000001,8.158588,5.862908409423827,9.03515,7.530416,-1.504733988189697,0.24845600000000007,0.082728416,-0.1657275842723847
15048,0.03638699999999995,0.033439916,-0.0029470843727588125,9.785680000000003,9.599579,-0.18610114257812782,8.67515,7.7043843,-0.9707656730651859,0.0044559999999999045,0.0050354763,0.0005794762934149267
15049,0.013387000000000038,0.033439916,0.020052915627241097,9.805680000000002,9.599579,-0.2061011425781274,7.135150000000001,7.7043843,0.5692343269348132,0.0024559999999999027,0.0050354763,0.0025794762934149285
15050,0.03838699999999995,0.033439916,-0.004947084372758814,10.105680000000003,9.599579,-0.5061011425781281,8.17515,7.7043843,-0.4707656730651859,0.028456000000000037,0.0050354763,-0.023420523706585206
15051,0.08938699999999988,0.033439916,-0.05594708437275875,9.88568,9.599579,-0.2861011425781257,7.385150000000001,7.7043843,0.31923432693481324,0.00045600000000001195,0.0050354763,0.004579476293414819
15052,0.03138699999999994,0.033439916,0.002052915627241192,9.81568,9.599579,-0.2161011425781254,7.42515,7.7043843,0.2792343269348141,0.0034560000000000146,0.0050354763,0.0015794762934148165
15094,-0.04814300000000005,-0.01975582,0.028387180187583017,8.716320000000003,9.704684,0.988364257507321,7.351320000000001,8.784704,1.4333842083740223,0.047267599999999965,0.10470296,0.05743535697450641
15096,-0.04814300000000005,-0.01975582,0.028387180187583017,8.316320000000005,9.704684,1.3883642575073196,7.341320000000001,8.784704,1.443384208374022,0.06726759999999998,0.10470296,0.037435356974506395
15097,0.19216200000000005,0.05276011,-0.13940189069461828,19.21571,12.655536,-6.56017430206299,16.382050000000003,9.301361,-7.080688916015628,0.21253600000000006,0.054160926,-0.15837507350897795
15098,-0.007838000000000012,0.05276011,0.060598109305381787,9.115710000000004,12.655536,3.539825697937008,5.082050000000002,9.301361,4.219311083984373,-0.05846399999999996,0.054160926,0.11262492649102207
15105,-0.00583800000000001,0.012476116,0.01831411641883851,8.115710000000004,9.448469,1.3327591619873012,6.082050000000002,6.9603486,0.8782986061096167,0.023536,0.010842484,-0.012693515577971937
15107,-0.010837999999999903,0.010263763,0.021101763368129633,9.115710000000004,10.250411,1.1347010336303676,6.082050000000002,7.6177735,1.5357235328674292,-0.006463999999999914,0.038564418,0.04502841751122466
15108,0.012162000000000006,-0.0008959576,-0.013057957578904933,10.115710000000004,9.072135,-1.0435750283813512,7.782050000000002,5.9645777,-1.817472325134279,0.03153600000000001,0.007803451,-0.02373254919579626
15179,-0.008820999999999968,-0.023510244,-0.014689243743658098,3.33315,4.340584,1.0074338012695314,3.6633700000000005,4.36104,0.6976701153564449,0.060435600000000034,0.07728159,0.016845986825847592
15180,-0.028820999999999986,-0.023510244,0.00531075625634192,2.6231500000000025,4.340584,1.7174338012695287,2.7833700000000015,4.36104,1.5776701153564439,0.05643560000000014,0.07728159,0.020845986825847485
15182,-0.028820999999999986,-0.023510244,0.00531075625634192,3.1231500000000025,4.340584,1.2174338012695287,3.933370000000002,4.36104,0.4276701153564435,0.08943560000000006,0.07728159,-0.012154013174152434
15183,-0.018820999999999977,-0.023510244,-0.004689243743658089,5.49315,4.340584,-1.1525661987304687,6.133370000000001,4.36104,-1.7723298846435558,0.11743560000000008,0.07728159,-0.04015401317415246
15184,-0.048821,-0.023510244,0.025310756256341937,4.83315,4.340584,-0.4925661987304686,4.403370000000001,4.36104,-0.04232988464355536,0.07743560000000005,0.07728159,-0.0001540131741524231
15185,-0.048821,-0.023510244,0.025310756256341937,4.0131499999999996,4.340584,0.3274338012695317,3.503370000000002,4.36104,0.8576701153564432,0.05743560000000003,0.07728159,0.019845986825847595
15186,-0.048821,-0.023510244,0.025310756256341937,4.81315,4.340584,-0.472566198730469,4.713370000000001,4.36104,-0.35232988464355586,0.08743560000000006,0.07728159,-0.010154013174152432
15187,-0.048821,-0.023510244,0.025310756256341937,5.2631499999999996,4.340584,-0.9225661987304683,5.2433700000000005,4.36104,-0.8823298846435552,0.09743560000000007,0.07728159,-0.02015401317415244
15189,0.01117900000000005,-0.023510244,-0.034689243743658116,3.9231499999999997,4.340584,0.41743380126953156,5.323370000000001,4.36104,-0.9623298846435553,0.10743560000000008,0.07728159,-0.03015401317415245
15190,-0.018820999999999977,-0.023510244,-0.004689243743658089,4.65315,4.340584,-0.31256619873046887,5.153370000000001,4.36104,-0.7923298846435554,0.09743560000000007,0.07728159,-0.02015401317415244
15191,-0.038820999999999994,-0.023510244,0.015310756256341929,4.17315,4.340584,0.16743380126953156,3.423370000000002,4.36104,0.9376701153564433,0.04743560000000002,0.07728159,0.029845986825847604
15194,0.01117900000000005,-0.023510244,-0.034689243743658116,3.9731500000000004,4.340584,0.36743380126953085,5.393370000000001,4.36104,-1.0323298846435556,0.10743560000000008,0.07728159,-0.03015401317415245
15195,-0.008820999999999968,-0.023510244,-0.014689243743658098,3.453150000000001,4.340584,0.8874338012695304,3.813370000000001,4.36104,0.5476701153564445,0.06743560000000004,0.07728159,0.009845986825847586
15196,-0.038820999999999994,-0.023510244,0.015310756256341929,3.393150000000002,4.340584,0.9474338012695291,2.8233700000000006,4.36104,1.5376701153564447,0.04743560000000002,0.07728159,0.029845986825847604
15832,0.16282600000000003,0.24826263,0.0854366289129257,16.43832,16.733332,0.29501168029785063,13.98673,15.306857,1.3201271090698246,0.07779709999999995,0.120548524,0.04275142396249776
15833,0.142826,0.24826263,0.10543662891292571,16.338320000000003,16.733332,0.3950116802978485,13.88673,15.306857,1.4201271090698242,0.09779709999999997,0.120548524,0.02275142396249774
15834,0.252826,0.24826263,-0.004563371087074275,13.238320000000002,16.733332,3.49501168029785,13.48673,15.306857,1.8201271090698246,0.09779709999999997,0.120548524,0.02275142396249774
15835,0.31282600000000005,0.24826263,-0.06456337108707433,17.03832,16.733332,-0.30498831970214724,15.38673,15.306857,-0.0798728909301758,0.08779709999999996,0.120548524,0.03275142396249775
15836,0.30282600000000004,0.24826263,-0.05456337108707432,18.838320000000003,16.733332,-2.1049883197021515,16.28673,15.306857,-0.9798728909301744,0.09779709999999997,0.120548524,0.02275142396249774
15837,0.30282600000000004,0.24826263,-0.05456337108707432,20.338320000000003,16.733332,-3.6049883197021515,16.88673,15.306857,-1.5798728909301758,0.09779709999999997,0.120548524,0.02275142396249774
15843,0.21282599999999996,0.24826263,0.03543662891292576,13.63832,16.733332,3.0950116802978513,14.18673,15.306857,1.1201271090698235,0.1477970999999999,0.120548524,-0.027248576037502192
15844,0.262826,0.24826263,-0.014563371087074284,15.13832,16.733332,1.5950116802978513,15.78673,15.306857,-0.47987289093017615,0.17779709999999993,0.120548524,-0.05724857603750222
15845,0.29282600000000003,0.24826263,-0.04456337108707431,18.73832,16.733332,-2.00498831970215,17.48673,15.306857,-2.179872890930177,0.23779709999999998,0.120548524,-0.11724857603750227
15846,0.252826,0.24826263,-0.004563371087074275,18.73832,16.733332,-2.00498831970215,16.48673,15.306857,-1.1798728909301772,0.10779709999999998,0.120548524,0.012751423962497732
16106,0.0015540000000000553,0.029798057,0.02824405693030352,8.90036,11.469547,2.5691872717285165,5.6126000000000005,8.005431,2.392831175231933,-0.037971599999999994,-0.0076090144,0.030362585600650305
16107,0.0015540000000000553,0.029798057,0.02824405693030352,11.50036,11.469547,-0.030812728271484957,7.6126000000000005,8.005431,0.3928311752319331,-0.037971599999999994,-0.0076090144,0.030362585600650305
16109,0.03155400000000008,0.029798057,-0.0017559430696965084,10.600360000000002,11.469547,0.8691872717285136,8.632600000000002,8.005431,-0.6271688247680682,0.019028400000000056,-0.0076090144,-0.026637414399349746
16140,-0.007784999999999931,-0.052919447,-0.04513444742202766,6.738349999999997,6.921581,0.18323079147339172,4.637250000000002,3.7861485,-0.851101451873781,0.002264100000000102,-0.010810528,-0.013074627950525386
16141,-0.007784999999999931,0.012242454,0.02002745410412543,4.788349999999998,9.471749,4.6833993057251,2.3972499999999997,6.4097977,4.012547668457032,-0.03773589999999993,-0.008012566,0.02972333421584361
16142,0.002215000000000078,0.012242454,0.010027454104125422,5.658349999999999,9.471749,3.813399305725099,4.2272500000000015,6.4097977,2.1825476684570297,0.002264100000000102,-0.008012566,-0.010276665784156425
16143,0.002215000000000078,0.012242454,0.010027454104125422,4.77835,9.471749,4.693399305725098,3.1472499999999997,6.4097977,3.2625476684570316,-0.007735899999999907,-0.008012566,-0.00027666578415641574
16144,0.002215000000000078,0.012242454,0.010027454104125422,4.77835,9.471749,4.693399305725098,3.1472499999999997,6.4097977,3.2625476684570316,-0.007735899999999907,-0.008012566,-0.00027666578415641574
16145,-0.007784999999999931,0.012242454,0.02002745410412543,4.788349999999998,9.471749,4.6833993057251,2.327250000000003,6.4097977,4.082547668457028,-0.03773589999999993,-0.008012566,0.02972333421584361
16147,0.002215000000000078,0.012242454,0.010027454104125422,5.18835,9.471749,4.283399305725098,3.05725,6.4097977,3.3525476684570314,-0.027735899999999925,-0.008012566,0.019723334215843602
16148,-0.007784999999999931,0.012242454,0.02002745410412543,4.798349999999999,9.471749,4.673399305725098,2.3472500000000025,6.4097977,4.062547668457029,-0.03773589999999993,-0.008012566,0.02972333421584361
16346,0.012386999999999926,0.0330526,0.020665600920200422,6.505680000000002,9.014042,2.508361900634764,6.805150000000001,7.782388,0.9772382102966297,0.09145599999999998,0.037017856,-0.054438144206762296
16355,0.022386999999999935,0.2541209,0.23173388632583625,12.505680000000002,15.876395,3.3707152255249007,11.50515,13.936949,2.4317987762451168,0.14145599999999992,0.1713015,0.02984549900913247
16356,0.022386999999999935,0.2541209,0.23173388632583625,12.505680000000002,15.876395,3.3707152255249007,11.50515,13.936949,2.4317987762451168,0.14145599999999992,0.1713015,0.02984549900913247
16357,0.07238699999999998,0.2541209,0.1817338863258362,12.005680000000002,15.876395,3.8707152255249007,11.50515,13.936949,2.4317987762451168,0.14145599999999992,0.1713015,0.02984549900913247
16358,0.3723869999999999,0.2541209,-0.11826611367416373,13.005680000000002,15.876395,2.8707152255249007,15.50515,13.936949,-1.5682012237548832,0.19145599999999996,0.1713015,-0.020154500990867574
16360,0.822387,0.2541209,-0.5682661136741638,29.00568,15.876395,-13.1292847744751,20.50515,13.936949,-6.568201223754883,0.44145599999999996,0.1713015,-0.2701545009908676
16382,-0.057784999999999975,0.015374115,0.07315911473691461,6.388349999999999,8.862696,2.4743456939697275,2.9472500000000004,6.4660616,3.5188115921020504,-0.027735899999999925,0.017678173,0.04541407325890057
16383,-0.06778499999999998,0.015374115,0.08315911473691462,6.218349999999997,8.862696,2.644345693969729,1.8872500000000016,6.4660616,4.578811592102049,-0.05773589999999995,0.017678173,0.0754140732589006
16384,-0.06778499999999998,0.015374115,0.08315911473691462,5.268349999999998,8.862696,3.5943456939697285,0.2872500000000002,6.4660616,6.1788115921020506,-0.08973589999999998,0.017678173,0.10741407325890062
16399,-0.012589300000000025,-0.031825103,-0.019235802865695928,7.345469999999999,7.6964655,0.3509954922485363,6.052990000000001,6.3083024,0.2553124024963367,0.03577780000000008,0.07108349,0.03530569353075019
16400,-0.04258930000000005,-0.031825103,0.010764197134304099,7.205470000000002,7.6964655,0.49099549224853334,5.93299,6.3083024,0.3753124024963377,0.0557778000000001,0.07108349,0.015305693530750175
16401,-0.03258930000000004,-0.031825103,0.0007641971343040899,6.725470000000001,7.6964655,0.9709954922485338,5.722990000000001,6.3083024,0.5853124024963368,0.0557778000000001,0.07108349,0.015305693530750175
16402,-0.08258930000000009,-0.031825103,0.050764197134304134,7.165469999999999,7.6964655,0.530995492248536,5.36299,6.3083024,0.945312402496338,0.0557778000000001,0.07108349,0.015305693530750175
16403,-0.05125869999999999,0.035884432,0.08714313249464034,6.4666999999999994,9.236,2.769300061035157,5.704930000000001,7.954792,2.249862022705077,0.09579910000000003,0.1546787,0.058879602354431126
16487,0.05927900000000008,0.062185723,0.002906723334550776,7.8967600000000004,8.698939,0.8021793234252925,11.47757,11.746191,0.2686210247802734,0.26938680000000004,0.21109158,-0.05829522199325565
16540,-0.02723500000000012,-0.012838816,0.01439618372976792,7.75046,7.4154305,-0.3350294541931156,7.6053599999999975,8.66705,1.0616903616333033,0.08608870000000002,0.12909298,0.04300427645092009
16541,-0.04823500000000003,-0.012838816,0.03539618372976783,7.4104600000000005,7.4154305,0.0049705458068842745,6.675359999999998,8.66705,1.991690361633303,0.0660887,0.12909298,0.0630042764509201
16551,0.022386999999999935,0.07303644,0.050649439716816014,11.65568,13.907846,2.252166450805664,8.40515,10.365399,1.9602493606567375,-0.05854400000000004,0.04537615,0.10392015180015568
16629,0.11544300000000007,0.09044549,-0.024997511308670117,6.32394,6.5158105,0.19187048965454068,9.718829999999999,9.554883,-0.16394699676513547,0.14842279999999997,0.13950218,-0.00892061739711758
16630,0.10144300000000006,0.09044549,-0.010997511308670105,6.123940000000001,6.5158105,0.39187048965453997,9.018829999999998,9.554883,0.5360530032348656,0.13842279999999996,0.13950218,0.0010793826028824283
16650,0.05253400000000008,0.061658308,0.009124307909965435,10.846149999999998,11.360185,0.514034669494631,11.288349999999998,9.661658,-1.6266917129516578,0.16681619999999997,0.029797973,-0.1370182268887281
16654,0.002215000000000078,0.0021710824,-4.391757786281758e-05,7.958349999999999,10.42669,2.468340101623536,6.397250000000001,9.199014,2.801763710021971,0.04226410000000003,0.0925994,0.05033529938783643
16755,-0.0176130000000001,0.029466106,0.04707910562503348,8.805680000000002,9.907991,1.1023114093017554,6.405150000000001,7.811565,1.4064149223327629,0.03145599999999993,0.04788699,0.016430990010738444
16756,-0.007613000000000092,-0.0110140685,-0.0034010684992074047,11.805680000000002,10.503774,-1.3019063107299829,9.805150000000001,7.539371,-2.2657789863586437,0.09145599999999998,0.031305946,-0.06015005359029768
16761,0.07763999999999993,0.08617322,0.008533221468925545,16.353350000000002,14.42054,-1.9328101440429712,16.680770000000003,15.661564,-1.019206126708987,0.12271939999999992,0.13300012,0.010280720520591813
16762,0.08826400000000001,0.085318126,-0.002945874215602884,8.05084,9.68667,1.6358303033447257,9.480569999999998,10.6487,1.1681297604370133,0.12744659999999997,0.12462296,-0.002823636631107296
16763,0.20370399999999989,0.1902514,-0.013452604893684272,13.32169,13.380112,0.058421694335937246,14.786100000000001,14.679757,-0.10634288177490347,0.20708840000000006,0.13962665,-0.06746174799766547
16861,-0.057613000000000136,0.035325877,0.0929388773684503,8.575680000000002,9.20228,0.6266000445556621,4.995150000000001,7.457498,2.46234807357788,-0.008543999999999996,0.046353202,0.054897202313184734
16893,-0.057613000000000136,0.022321248,0.07993424842703356,7.2156800000000025,9.802135,2.5864554675292943,2.895150000000001,7.923625,5.0284749923706045,-0.04854400000000003,0.053038985,0.10158298453712467
17144,0.06851399999999996,0.04287316,-0.025640840949058497,9.263110000000001,8.512851,-0.7502592385864268,9.882830000000002,8.715328,-1.1675017834472676,0.10898579999999991,0.12787108,0.018885281233024687
17145,0.06851399999999996,0.04287316,-0.025640840949058497,9.363110000000002,8.512851,-0.8502592385864283,10.382830000000002,8.715328,-1.6675017834472676,0.13898579999999994,0.12787108,-0.01111471876697534
17146,0.10851399999999989,0.04287316,-0.06564084094905842,10.763110000000001,8.512851,-2.250259238586427,11.882830000000002,8.715328,-3.1675017834472676,0.16898579999999996,0.12787108,-0.04111471876697537
17147,0.13851399999999991,0.04287316,-0.09564084094905845,12.263110000000001,8.512851,-3.750259238586427,13.582830000000001,8.715328,-4.867501783447267,0.2189857999999999,0.12787108,-0.0911147187669753
17255,0.01638699999999993,0.035325877,0.018938877368450235,8.205680000000001,9.20228,0.9966000445556631,7.10515,7.457498,0.3523480735778808,0.05345599999999995,0.046353202,-0.00710279768681521
17258,-0.0036130000000000884,0.035325877,0.03893887736845025,7.605680000000003,9.20228,1.596600044555661,5.50515,7.457498,1.9523480735778804,0.007455999999999907,0.046353202,0.03889720231318483
17259,0.024386999999999937,0.035325877,0.010938877368450228,18.60568,9.20228,-9.403399955444335,7.805150000000001,7.457498,-0.3476519264221203,0.06645599999999996,0.046353202,-0.02010279768681522
17716,-0.028828000000000076,-0.028570695,0.00025730515110500285,7.57076,7.434873,-0.13588689590454095,4.408440000000002,4.5807247,0.17228471618652108,-0.03592989999999996,-0.04835635,-0.012426450511312526
17768,0.02883199999999997,0.06387117,0.03503916760015491,13.28245,13.149009,-0.1334412490844734,14.54456,15.9418955,1.3973354849243158,0.23287709999999995,0.27177966,0.03890255641021734
17769,0.08244399999999996,0.12758307,0.04513907158946995,22.99146,20.199629,-2.7918311700439453,21.34637,20.870348,-0.47602202331543,0.22879779999999994,0.29782957,0.06903176838607794
17770,0.14180099999999995,0.123696245,-0.018104754746913865,18.17923,18.211887,0.03265735961914018,20.27234,19.76962,-0.5027191046142576,0.3519151,0.30900043,-0.04291466750869749
17869,0.332387,0.029466106,-0.3029208943749666,13.755680000000002,9.907991,-3.847688590698244,15.38515,7.811565,-7.573585077667236,0.32545599999999997,0.04788699,-0.2775690099892616
17870,0.20238699999999998,0.029466106,-0.1729208943749666,12.74568,9.907991,-2.8376885906982423,12.97515,7.811565,-5.163585077667236,0.16945599999999994,0.04788699,-0.12156900998926157
17871,0.14238699999999993,0.029466106,-0.11292089437496655,9.235680000000002,9.907991,0.6723114093017557,11.70515,7.811565,-3.893585077667236,0.19045599999999996,0.04788699,-0.14256900998926159
17872,0.06238699999999997,0.029466106,-0.03292089437496659,8.675680000000003,9.907991,1.2323114093017544,7.09515,7.811565,0.7164149223327634,-0.009543999999999997,0.04788699,0.05743099001073837
17873,0.04238699999999995,0.029466106,-0.012920894374966574,8.705680000000001,9.907991,1.2023114093017568,6.555150000000001,7.811565,1.2564149223327625,-0.009543999999999997,0.04788699,0.05743099001073837
17874,0.05238699999999996,0.029466106,-0.022920894374966583,8.095680000000002,9.907991,1.8123114093017563,6.305150000000001,7.811565,1.5064149223327625,-0.009543999999999997,0.04788699,0.05743099001073837
17875,-0.057613000000000136,0.029466106,0.08707910562503351,6.675680000000003,9.907991,3.2323114093017544,3.355150000000002,7.811565,4.456414922332762,-0.05054400000000003,0.04788699,0.0984309900107384
17886,0.08238699999999999,0.029466106,-0.05292089437496661,6.045680000000001,9.907991,3.862311409301757,8.65515,7.811565,-0.8435850776672371,0.15445599999999993,0.04788699,-0.10656900998926155
17888,-0.0176130000000001,0.029466106,0.04707910562503348,7.945680000000003,9.907991,1.9623114093017548,2.815149999999999,7.811565,4.9964149223327645,-0.05454400000000004,0.04788699,0.10243099001073841
17889,-0.03761300000000012,0.029466106,0.0670791056250335,6.935680000000001,9.907991,2.9723114093017564,1.765150000000002,7.811565,6.046414922332762,-0.06854400000000005,0.04788699,0.11643099001073842
17890,-0.057613000000000136,-0.05903945,-0.001426451181888444,5.83568,7.529363,1.6936831553649903,3.4451500000000017,3.6351247,0.18997468338012524,0.006455999999999906,-0.008062169,-0.014518168955802824
18010,-0.1215885000000001,-0.08864672,0.03294178263044367,4.4962800000000005,5.324569,0.8282892253112788,4.447769999999999,5.899069,1.4512988323974616,0.2022463,0.23224185,0.029995554071617136
18012,-0.11025920000000011,-0.120280415,-0.010021214819717295,9.80107,9.208515,-0.5925548327636712,9.688480000000002,8.446871,-1.2416091961669942,0.21003019999999994,0.20223098,-0.0077992249681472225
18013,-0.07761300000000015,0.044211373,0.1218243727331163,11.005680000000002,8.158588,-2.8470915905761736,6.70515,7.530416,0.825266011810303,-0.008543999999999996,0.082728416,0.09127241572761535
18064,0.24319900000000005,0.23310487,-0.010094130276680047,9.202200000000001,9.183963,-0.01823717803955205,11.37851,11.20338,-0.17513036895751988,0.1828033,0.17428793,-0.008515369869041445
18065,0.2174060000000001,0.17590414,-0.04150186012363444,19.635419999999996,17.681728,-1.953691636962887,22.652050000000003,20.375454,-2.2765960510253933,0.3120335000000001,0.27566135,-0.03637215070343025
18066,0.011300000000000088,0.06882936,0.05752935762405387,5.734930000000002,7.831353,2.096423187561033,5.584589999999999,7.992954,2.408363777313234,0.052723500000000034,0.09502967,0.04230616701984402
18068,-0.00869999999999993,-0.007383857,0.0013161430776118532,6.784930000000003,6.4434123,-0.34151769607544225,6.51459,6.902988,0.3883979570007323,0.06272350000000004,0.07011437,0.0073908667101859615
18069,0.031300000000000106,0.024536205,-0.0067637945443392855,7.0949300000000015,7.3748055,0.2798754504394516,7.744589999999999,8.194924,0.4503343545532239,0.08272350000000006,0.09809462,0.015371119810581146
18113,0.09931900000000005,0.031857315,-0.06746168454909329,13.32357,11.265802,-2.0577676165771486,10.85186,9.152595,-1.6992654336547854,0.014126400000000094,0.031305145,0.017178745472288037
18131,-0.08801000000000014,0.05705242,0.14506241858959212,7.241590000000002,10.456243,3.21465256134033,1.9550800000000024,7.8258,5.870719942016599,-0.07651640000000004,0.03227513,0.10879152910962109
18133,0.09483520000000001,0.06667986,-0.028155342328739175,4.545310000000001,6.04497,1.4996600355529779,4.38747,4.95973,0.5722601483154293,0.00031400000000003647,-0.028506389,-0.02882038888776306
18134,0.08993849999999992,0.07784078,-0.012097717298030775,10.15651,9.271149,-0.8853613183593758,8.46425,7.749039,-0.7152108268737791,0.02050989999999997,0.041595966,0.02108606562385562
18136,0.12098799999999998,0.014645985,-0.10634201467233895,8.40156,7.982939,-0.41862123352050773,8.894659999999998,6.8901114,-2.004548553619383,0.08722530000000006,0.05607067,-0.03115462951450354
18166,0.11662500000000009,0.08940631,-0.02721868848800668,14.891109999999998,13.271115,-1.6199946969604468,18.15246,14.87176,-3.2806996316528334,0.4045896,0.2840358,-0.12055379811248779
18171,0.013999000000000095,0.013302636,-0.0006963636671901696,11.477609999999999,11.576548,0.09893762268066553,10.325389999999999,10.104223,-0.2211667486572253,0.06059910000000002,0.052484315,-0.008114785111284273
18172,0.013999000000000095,0.013302636,-0.0006963636671901696,11.677610000000001,11.576548,-0.10106237731933732,10.92539,10.104223,-0.8211667486572267,0.08059909999999992,0.052484315,-0.02811478511128418
18173,-0.02600099999999994,0.013302636,0.039303636332809866,10.87761,11.576548,0.6989376226806634,8.325389999999999,10.104223,1.7788332513427747,0.010599099999999972,0.052484315,0.04188521488871577
18174,0.013999000000000095,0.013302636,-0.0006963636671901696,11.27761,11.576548,0.2989376226806648,9.42539,10.104223,0.6788332513427733,0.03059909999999999,0.052484315,0.021885214888715754
18175,0.17600300000000013,0.11964878,-0.056354223051548136,10.59808,6.0316386,-4.566441377716064,14.029720000000001,8.719637,-5.310083082885743,0.46269989999999994,0.2597811,-0.20291880759468073
18177,0.10600300000000007,0.11964878,0.013645776948451926,2.998079999999998,6.0316386,3.0335586222839375,6.40972,8.719637,2.3099169171142577,0.1526999,0.2597811,0.10708119240531921
18191,0.07698099999999997,0.083996154,0.0070151543679237705,15.224429999999998,12.583134,-2.6412963024902325,12.501209999999999,11.175568,-1.3256423730468736,0.0384814,0.056698963,0.018217563046073915
18233,0.0014879999999999338,-0.011210221,-0.012698220865905219,9.901820000000004,8.555614,-1.3462055285644574,5.716439999999999,5.083942,-0.6324980635070787,-0.05369219999999997,-0.014293038,0.03939916171373126
18235,0.03148799999999996,-0.011210221,-0.042698220865905245,8.851820000000004,8.555614,-0.2962055285644567,5.616439999999999,5.083942,-0.5324980635070791,-0.04369219999999996,-0.014293038,0.029399161713731248
18358,0.3223218,0.31118175,-0.011140046126174918,16.41386,16.43939,0.025530182495117515,16.14024,16.350977,0.21073694396972797,0.15182680000000004,0.15460263,0.0027758319265365206
18360,0.09738699999999989,0.20374838,0.10636137517738353,16.225680000000004,19.683575,3.4578946765136678,13.34515,16.769468,3.424318307495117,0.08145599999999997,0.23246971,0.15101370772743228
18361,0.332387,0.20374838,-0.12863862482261657,20.60568,19.683575,-0.9221053234863277,18.40515,16.769468,-1.6356816925048818,0.32145599999999996,0.23246971,-0.08898629227256771
18364,0.20238699999999998,0.20374838,0.0013613751773834393,19.70568,19.683575,-0.022105323486329098,17.105150000000002,16.769468,-0.33568169250488467,0.25145599999999996,0.23246971,-0.018986292272567706
18365,0.19238699999999997,0.20374838,0.011361375177383448,19.10568,19.683575,0.5778946765136723,16.50515,16.769468,0.26431830749511676,0.21145599999999998,0.23246971,0.021013707727432274
18366,0.20238699999999998,0.20374838,0.0013613751773834393,20.50568,19.683575,-0.8221053234863298,17.30515,16.769468,-0.535681692504884,0.25145599999999996,0.23246971,-0.018986292272567706
18367,0.21238699999999988,0.20374838,-0.008638624822616459,22.20568,19.683575,-2.522105323486329,18.20515,16.769468,-1.4356816925048825,0.281456,0.23246971,-0.04898629227256773
18368,0.18538699999999986,0.20374838,0.018361375177383565,19.06568,19.683575,0.6178946765136715,16.52515,16.769468,0.24431830749511718,0.21045599999999998,0.23246971,0.022013707727432275
18456,0.31199,0.05705242,-0.254937581410408,15.421590000000002,10.456243,-4.96534743865967,16.08508,7.8258,-8.2592800579834,0.24348359999999997,0.03227513,-0.21120847089037892
18457,0.05198999999999998,0.05705242,0.005062418589591999,10.721590000000003,10.456243,-0.2653474386596706,8.085080000000001,7.8258,-0.2592800579833998,-0.006516399999999978,0.03227513,0.038791529109621026
18458,0.30199,0.05705242,-0.244937581410408,20.921590000000002,10.456243,-10.46534743865967,17.98508,7.8258,-10.159280057983398,0.2534836,0.03227513,-0.22120847089037893
18459,0.13198999999999994,0.05705242,-0.07493758141040796,15.521590000000002,10.456243,-5.0653474386596695,12.48508,7.8258,-4.659280057983398,0.10348360000000001,0.03227513,-0.07120847089037896
18548,-0.04830000000000001,-0.01835119,0.02994881020784379,9.92342,8.400489,-1.5229311465454103,3.321159999999999,6.753745,3.4325850790405283,0.08136260000000006,0.11642589,0.03506328675022119
18591,0.032215000000000105,0.052720357,0.020505356732606783,6.708349999999999,7.9268765,1.2185265449523932,4.807250000000002,5.6563373,0.8490872611999496,-0.01973590000000003,-0.029129727,-0.009393826812243433
18593,-0.007784999999999931,0.052720357,0.06050535673260682,7.038349999999998,7.9268765,0.8885265449523949,3.707250000000002,5.6563373,1.9490872611999492,-0.049735899999999944,-0.029129727,0.020606173187756482
18897,0.16680000000000006,0.15980548,-0.006994523334503233,11.438210000000002,11.504867,0.06665660003661955,12.883309999999998,12.480861,-0.4024492898559551,0.1945831,0.1771893,-0.017393794575309762
18972,0.045600000000000085,0.027046314,-0.01855368649065503,11.082550000000001,11.3979845,0.3154345046997058,12.354080000000002,11.878098,-0.475982465820314,0.12870480000000006,0.11242267,-0.016282132556247775
18973,0.04060000000000008,0.027046314,-0.013553686490655026,10.062550000000002,11.3979845,1.3354345046997054,11.31408,11.878098,0.5640175341796869,0.11470479999999994,0.11242267,-0.0022821325562476513
18974,0.03160000000000007,0.027046314,-0.004553686490655018,9.832550000000001,11.3979845,1.5654345046997058,10.074080000000002,11.878098,1.8040175341796854,0.07070480000000001,0.11242267,0.04171786744375228
18975,0.035600000000000076,0.027046314,-0.008553686490655021,9.992550000000001,11.3979845,1.4054345046997057,10.404080000000002,11.878098,1.4740175341796853,0.07770479999999991,0.11242267,0.03471786744375238
19092,0.022386999999999935,-0.014131419,-0.0365184193606376,13.715680000000003,13.018752,-0.6969279019165064,11.305150000000001,10.208264,-1.0968856491088879,0.09145599999999998,0.08014605,-0.011309948056697827
19093,-0.06261300000000003,-0.014131419,0.048481580639362365,13.445680000000001,13.018752,-0.4269279019165051,9.70515,10.208264,0.5031143508911136,0.051455999999999946,0.08014605,0.02869005194330221
19094,-0.04161300000000012,-0.014131419,0.027481580639362457,13.305680000000002,13.018752,-0.2869279019165063,9.70515,10.208264,0.5031143508911136,0.051455999999999946,0.08014605,0.02869005194330221
19198,0.011009000000000047,-0.009027658,-0.020036658030390786,7.177890000000001,6.790828,-0.38706177200317526,7.068549999999998,6.416748,-0.6518019531249983,0.08476320000000004,0.04354951,-0.04121368841834072
19202,-0.003775000000000084,0.007863574,0.011638573729991997,16.696040000000004,13.097369,-3.598670805969242,16.12153,13.065795,-3.0557350552368163,0.1615088,0.14363578,-0.01787302038078309
19244,-0.03878499999999985,0.011241952,0.050026951957344856,7.8783499999999975,7.1246066,-0.7537433906555151,4.807250000000002,4.9731593,0.16590931320190272,-0.011735900000000021,0.016439183,0.028175082683825514
19291,-0.07923600000000008,-0.044704635,0.03453136530375489,2.3797200000000025,2.394656,0.014935942916867617,-0.20638999999999896,0.58143085,0.7878208524131765,-0.030698899999999973,0.010662207,0.041361107379937145
19342,0.006939600000000046,-0.044630736,-0.05157033611259465,11.826110000000002,11.195712,-0.6303979104614275,12.053180000000001,9.814166,-2.2390139309692394,0.39010999999999996,0.24992745,-0.1401825537538528
19344,-0.11306040000000006,-0.044630736,0.06842966388740546,10.526110000000001,11.195712,0.6696020895385733,7.85318,9.814166,1.9609860690307617,0.12010999999999994,0.24992745,0.12981744624614722
19346,0.021525999999999934,-0.04541861,-0.06694460893368714,13.160549999999999,10.916781,-2.2437685745239246,13.2034,9.292275,-3.9111245712280276,0.3717889,0.18199651,-0.18979239056720731
19348,-0.06847400000000015,-0.04541861,0.023055391066312936,10.260549999999999,10.916781,0.6562314254760757,7.7034,9.292275,1.5888754287719724,0.11178889999999997,0.18199651,0.0702076094327927
19349,-0.08847400000000016,-0.04541861,0.043055391066312954,9.56055,10.916781,1.356231425476075,6.9033999999999995,9.292275,2.388875428771973,0.08178890000000005,0.18199651,0.10020760943279261
19455,-0.04820599999999997,-0.04613713,0.0020688682494163224,15.4158,10.755968,-4.6598319061279305,12.249519999999999,8.507455,-3.742065127868651,0.013294299999999981,0.042248886,0.028954586078596134
19456,-0.05820599999999998,-0.04613713,0.012068868249416331,7.6158,10.755968,3.14016809387207,6.049519999999998,8.507455,2.45793487213135,0.0342943,0.042248886,0.007954586078596115
19467,-0.03778499999999996,0.012242454,0.05002745410412546,7.8683499999999995,9.471749,1.6033993057250981,4.847250000000001,6.4097977,1.5625476684570305,-0.007735899999999907,-0.008012566,-0.00027666578415641574
19468,-0.07778499999999999,0.012242454,0.09002745410412549,7.678349999999998,9.471749,1.7933993057250994,2.247250000000001,6.4097977,4.16254766845703,-0.08773589999999998,-0.008012566,0.07972333421584366
19551,0.00021500000000007624,0.010477886,0.010262885603904648,7.178349999999998,7.3414736,0.16312357940674005,4.8572500000000005,5.9505568,1.0933067550659175,-0.00973590000000002,0.037569918,0.04730581773843767
19552,-0.007784999999999931,0.010477886,0.018262885603904655,7.538349999999998,7.3414736,-0.19687642059325938,5.207250000000002,5.9505568,0.743306755065916,0.002264100000000102,0.037569918,0.03530581773843755
19592,0.10985100000000003,0.024465775,-0.08538522488272193,12.987359999999999,11.94869,-1.038669585571288,16.128130000000002,13.174479,-2.9536514691162132,0.1979033,0.13097928,-0.06692401535587311
19594,0.019851000000000063,0.024465775,0.004614775117278036,12.637360000000001,11.94869,-0.6886695855712901,13.728130000000002,13.174479,-0.5536514691162129,0.14690329999999996,0.13097928,-0.015924015355873067
19595,-0.010148999999999964,0.024465775,0.03461477511727806,11.62736,11.94869,0.32133041442871146,11.11813,13.174479,2.0563485308837883,0.0799032999999999,0.13097928,0.05107598464412699
19616,-0.008010000000000073,0.057681914,0.06569191441893585,7.221590000000003,9.718537,2.496947330627439,3.7850800000000007,7.0697765,3.284696535034179,-0.05451640000000002,-0.002868606,0.05164779398954811
19617,-0.008010000000000073,0.057681914,0.06569191441893585,4.121590000000001,9.718537,5.59694733062744,1.0850800000000014,7.0697765,5.984696535034178,-0.06551640000000003,-0.002868606,0.06264779398954812
19820,-0.007784999999999931,0.015374115,0.023159114736914566,9.558349999999997,8.862696,-0.6956543060302707,6.507250000000001,6.4660616,-0.041188407897950086,-0.007735899999999907,0.017678173,0.02541407325890055
19827,0.3305867,0.16348416,-0.16710254386825563,16.26598,15.510756,-0.7552244610595693,17.0024,15.704494,-1.2979055236816421,0.4321154,0.37178758,-0.06032782213249205
19829,0.04058670000000009,0.16348416,0.1228974561317443,14.465979999999998,15.510756,1.0447755389404314,14.6024,15.704494,1.10209447631836,0.3321154,0.37178758,0.03967217786750793
19830,0.26058670000000006,0.16348416,-0.09710254386825568,15.865979999999999,15.510756,-0.35522446105956895,16.5024,15.704494,-0.7979055236816421,0.4021154,0.37178758,-0.030327822132492077
19831,0.02058670000000007,0.16348416,0.14289745613174432,14.165979999999998,15.510756,1.3447755389404321,14.5024,15.704494,1.2020944763183596,0.3421154,0.37178758,0.02967217786750792
19832,0.12058670000000005,0.16348416,0.04289745613174434,15.165979999999998,15.510756,0.3447755389404321,15.1024,15.704494,0.60209447631836,0.3221154,0.37178758,0.04967217786750794
19833,0.18244399999999994,0.12758307,-0.05486092841053003,18.99146,20.199629,1.2081688299560547,20.746370000000002,20.870348,0.12397797668456789,0.2987978,0.29782957,-0.0009682316139221214
19834,0.1324439999999999,0.12758307,-0.0048609284105299855,19.99146,20.199629,0.20816882995605468,21.14637,20.870348,-0.2760220233154307,0.3187978,0.29782957,-0.02096823161392214
19835,0.02883199999999997,0.06387117,0.03503916760015491,13.28245,13.149009,-0.1334412490844734,14.54456,15.9418955,1.3973354849243158,0.23287709999999995,0.27177966,0.03890255641021734
19837,0.12883199999999995,0.06387117,-0.06496083239984507,13.68245,13.149009,-0.533441249084472,18.74456,15.9418955,-2.8026645150756835,0.3528771,0.27177966,-0.08109744358978271
19839,0.1324439999999999,0.12758307,-0.0048609284105299855,20.891460000000002,20.199629,-0.6918311700439475,21.64637,20.870348,-0.7760220233154307,0.3287978,0.29782957,-0.030968231613922093
19841,0.16180099999999997,0.123696245,-0.03810475474691388,19.37923,18.211887,-1.167342640380859,20.572339999999997,19.76962,-0.8027191046142548,0.3219151,0.30900043,-0.01291466750869752
19843,0.027392000000000083,0.055869948,0.02847794811892501,11.94256,12.548294,0.6057340673828122,13.118670000000002,15.557147,2.43847702606201,0.16386619999999996,0.27075762,0.1068914155662537
19844,0.06739200000000012,0.055869948,-0.011522051881075024,11.742560000000001,12.548294,0.8057340673828115,17.61867,15.557147,-2.06152297393799,0.3838662,0.27075762,-0.11310858443374633
19858,0.03698999999999997,0.046542756,0.009552756259441408,14.081590000000002,12.356457,-1.7251332434082052,11.665080000000001,10.600846,-1.0642337094116225,0.0914836,0.07744468,-0.01403891996488571
19861,0.13698999999999995,0.046542756,-0.09044724374055857,14.06159,12.356457,-1.7051332434082038,13.27508,10.600846,-2.674233709411622,0.14648359999999994,0.07744468,-0.06903891996488565
19914,0.274602,0.14522476,-0.12937723505687715,12.0003,10.810738,-1.189562390136718,16.577130000000004,14.209624,-2.3675057095336953,0.21550750000000007,0.21313305,-0.0023744480085373665
19915,0.38466199999999995,0.2424052,-0.14225679403495783,13.29973,13.631167,0.33143741180419894,18.62511,16.600248,-2.024861663208007,0.21319050000000006,0.22020334,0.007012840053558289
19916,0.10460199999999997,0.14522476,0.04062276494312289,11.860299999999999,10.810738,-1.0495623901367175,13.547130000000001,14.209624,0.6624942904663076,0.16550750000000003,0.21313305,0.04762555199146268
19917,0.05460200000000004,0.14522476,0.09062276494312282,10.770299999999999,10.810738,0.040437609863282375,12.997130000000002,14.209624,1.2124942904663065,0.19550750000000006,0.21313305,0.01762555199146265
19918,0.20460200000000006,0.14522476,-0.0593772350568772,11.9603,10.810738,-1.149562390136719,16.75713,14.209624,-2.5475057095336915,0.2755075,0.21313305,-0.06237444800853731
19919,0.19460200000000005,0.14522476,-0.04937723505687719,11.8403,10.810738,-1.029562390136718,17.12713,14.209624,-2.9175057095336925,0.31550750000000005,0.21313305,-0.10237444800853734
19920,0.05460200000000004,0.14522476,0.09062276494312282,8.200299999999999,10.810738,2.6104376098632827,10.39713,14.209624,3.812494290466308,0.21950749999999997,0.21313305,-0.006374448008537259
19921,0.039602000000000026,0.14522476,0.10562276494312284,7.970300000000002,10.810738,2.8404376098632795,10.05713,14.209624,4.152494290466308,0.1435075,0.21313305,0.0696255519914627
19928,0.07221500000000014,0.051915225,-0.020299775358438632,8.478349999999999,7.7739115,-0.704438523864745,8.51725,7.48709,-1.030159889221192,0.09126410000000007,0.07150883,-0.019755267724132608
19929,0.022215000000000096,0.051915225,0.029700224641561412,7.27835,7.7739115,0.49556147613525425,6.957250000000002,7.48709,0.5298401107788067,0.07026410000000005,0.07150883,0.0012447322758674106
20127,6.000000000017103e-05,-0.008480334,-0.008540333723128013,8.103659999999998,7.6136856,-0.4899743920898416,7.350839999999998,8.165461,0.8146205865478535,0.05278970000000005,0.119690984,0.06690128448753352
20129,-0.009939999999999838,-0.008480334,0.001459666276871996,7.59366,7.6136856,0.020025607910156396,7.890839999999999,8.165461,0.2746205865478526,0.11278969999999999,0.119690984,0.006901284487533577
20131,-0.018939999999999957,-0.008480334,0.010459666276872115,7.813659999999999,7.6136856,-0.19997439208984247,8.20084,8.165461,-0.0353794134521479,0.1227897,0.119690984,-0.0030987155124664323
20132,0.049868000000000134,0.03802411,-0.011843891143083707,11.199940000000002,10.58799,-0.6119501928710953,12.994439999999999,11.640373,-1.3540667700195304,0.17442990000000003,0.14872175,-0.02570814544906619
20133,0.001060000000000061,-0.008480334,-0.009540333723127903,8.29366,7.6136856,-0.6799743920898429,8.62084,8.165461,-0.45537941345214783,0.1227897,0.119690984,-0.0030987155124664323
20134,-0.01193999999999984,-0.008480334,0.0034596662768719977,8.173659999999998,7.6136856,-0.5599743920898419,7.640839999999999,8.165461,0.5246205865478526,0.07278970000000007,0.119690984,0.0469012844875335
20137,0.0040600000000000636,-0.008480334,-0.012540333723127906,8.32366,7.6136856,-0.709974392089844,9.62084,8.165461,-1.4553794134521478,0.16278970000000004,0.119690984,-0.04309871551246647
20347,-0.03920199999999996,-0.020190911,0.019011088632464368,7.93967,8.786169,0.8464990521240239,7.769459999999999,8.07773,0.3082701788330091,0.07593260000000002,0.09531456,0.019381962320709212
20348,-0.03920199999999996,-0.020190911,0.019011088632464368,7.93967,8.786169,0.8464990521240239,8.06946,8.07773,0.008270178833008401,0.08793260000000003,0.09531456,0.007381962320709201
20371,0.081488,-0.01598884,-0.09747683979022503,11.241820000000004,7.8885884,-3.3532315715026897,15.116439999999999,4.811836,-10.304604234161376,0.39630780000000004,0.0052975193,-0.39101028073339467
20448,0.002215000000000078,0.015374115,0.013159114736914557,8.43835,8.862696,0.42434569396972677,6.907250000000001,6.4660616,-0.44118840789795044,0.03226410000000002,0.017678173,-0.014585926741099375
20449,-0.03778499999999996,0.015374115,0.05315911473691459,7.638349999999999,8.862696,1.2243456939697275,5.1072500000000005,6.4660616,1.3588115921020503,0.0122641,0.017678173,0.005414073258900642
20456,-0.05698500000000006,-0.05162229,0.005362709835767809,5.447780000000002,6.7850504,1.3372703921508773,3.874769999999998,3.6048703,-0.26989968063354297,0.023006299999999924,0.026462536,0.0034562363051892087
20459,-0.07121500000000003,-0.051486086,0.01972891389966014,3.3977000000000004,4.4659257,1.0682256935119625,0.01576999999999984,1.8997105,1.883940536003113,-0.0007619000000000931,0.010686191,0.011448090798878763
20460,-0.07721500000000003,-0.051486086,0.025728913899660144,2.8176999999999985,4.4659257,1.6482256935119644,-0.38422999999999874,1.8997105,2.2839405360031115,-0.03076190000000001,0.010686191,0.04144809079887868
20461,-0.039215,-0.051486086,-0.01227108610033989,3.457699999999999,4.4659257,1.0082256935119638,0.4757700000000007,1.8997105,1.423940536003112,0.004238099999999911,0.010686191,0.006448090798878758
20462,-0.035214999999999996,-0.051486086,-0.016271086100339893,4.6777000000000015,4.4659257,-0.21177430648803863,1.0057699999999983,1.8997105,0.8939405360031145,0.03823810000000005,0.010686191,-0.027551909201121383
20464,-0.05321500000000001,-0.051486086,0.0017289138996601228,5.447700000000001,4.4659257,-0.9817743064880382,3.4957700000000003,1.8997105,-1.5960594639968875,0.01423809999999992,0.010686191,-0.0035519092011212505
20466,-0.06721500000000002,-0.051486086,0.015728913899660135,4.517700000000001,4.4659257,-0.05177430648803849,2.2457700000000003,1.8997105,-0.3460594639968875,-0.0007619000000000931,0.010686191,0.011448090798878763
20467,-0.07121500000000003,-0.051486086,0.01972891389966014,3.3977000000000004,4.4659257,1.0682256935119625,1.4057700000000004,1.8997105,0.4939405360031124,-0.0007619000000000931,0.010686191,0.011448090798878763
20468,-0.07721500000000003,-0.051486086,0.025728913899660144,2.8176999999999985,4.4659257,1.6482256935119644,0.11577000000000126,1.8997105,1.7839405360031115,-0.03076190000000001,0.010686191,0.04144809079887868
20469,-0.039215,-0.051486086,-0.01227108610033989,3.457699999999999,4.4659257,1.0082256935119638,1.9657699999999991,1.8997105,-0.06605946399688634,0.004238099999999911,0.010686191,0.006448090798878758
20470,-0.035214999999999996,-0.051486086,-0.016271086100339893,4.6777000000000015,4.4659257,-0.21177430648803863,3.6557700000000004,1.8997105,-1.7560594639968876,0.03823810000000005,0.010686191,-0.027551909201121383
20471,-0.01821499999999987,-0.051486086,-0.03327108610034002,5.367699999999999,4.4659257,-0.9017743064880364,5.17577,1.8997105,-3.276059463996887,0.07523809999999997,0.010686191,-0.0645519092011213
20473,-0.05321500000000001,-0.051486086,0.0017289138996601228,4.357700000000001,4.4659257,0.10822569351196165,1.3657700000000013,1.8997105,0.5339405360031115,0.05023809999999995,0.010686191,-0.03955190920112128
20474,-0.058214999999999906,-0.051486086,0.006728913899660016,4.457699999999999,4.4659257,0.008225693511963783,2.135769999999999,1.8997105,-0.23605946399688627,0.010238099999999917,0.010686191,0.00044809079887875303
20475,-0.057215000000000016,-0.051486086,0.005728913899660126,4.9277000000000015,4.4659257,-0.46177430648803863,1.7157699999999991,1.8997105,0.18394053600311366,0.011238100000000029,0.010686191,-0.0005519092011213589
20477,-0.0542149999999999,-0.051486086,0.0027289138996600126,4.747700000000002,4.4659257,-0.2817743064880389,1.1457699999999988,1.8997105,0.753940536003114,-0.0007619000000000931,0.010686191,0.011448090798878763
20478,-0.057215000000000016,-0.051486086,0.005728913899660126,4.637699999999999,4.4659257,-0.17177430648803593,1.555769999999999,1.8997105,0.3439405360031138,0.01323810000000003,0.010686191,-0.0025519092011213607
20479,-0.05321500000000001,-0.051486086,0.0017289138996601228,4.7377,4.4659257,-0.27177430648803735,2.1957699999999996,1.8997105,-0.29605946399688676,0.006238100000000024,0.010686191,0.0044480907988786456
20480,-0.058214999999999906,-0.051486086,0.006728913899660016,4.9177,4.4659257,-0.45177430648803707,1.6957699999999996,1.8997105,0.20394053600311324,-0.002761900000000095,0.010686191,0.013448090798878765
20481,-0.057215000000000016,-0.051486086,0.005728913899660126,4.6677,4.4659257,-0.20177430648803707,1.7957699999999992,1.8997105,0.10394053600311359,0.00023809999999990783,0.010686191,0.010448090798878762
20482,-0.05321500000000001,-0.051486086,0.0017289138996601228,4.997700000000002,4.4659257,-0.5317743064880389,2.41577,1.8997105,-0.5160594639968874,0.010238099999999917,0.010686191,0.00044809079887875303
20483,-0.05121500000000001,-0.051486086,-0.000271086100339879,5.247700000000002,4.4659257,-0.7817743064880389,2.26577,1.8997105,-0.36605946399688705,-0.0037618999999999847,0.010686191,0.014448090798878654
20485,-0.057215000000000016,-0.051486086,0.005728913899660126,5.1777000000000015,4.4659257,-0.7117743064880386,1.8257700000000003,1.8997105,0.07394053600311246,0.0012381000000000197,0.010686191,0.00944809079887865
20506,-0.00828300000000004,-0.0049863667,0.003296633277267258,8.960720000000002,9.620708,0.6599884655761699,5.5389,6.604131,1.0652312217712403,-0.0449948,0.0053125964,0.05030739644776583
20507,0.07171700000000003,-0.0049863667,-0.07670336672273281,8.960720000000002,9.620708,0.6599884655761699,8.0389,6.604131,-1.4347687782287597,0.04500519999999997,0.0053125964,-0.03969260355223414
20508,0.0017169999999999686,-0.0049863667,-0.006703366722732751,9.660720000000001,9.620708,-0.04001153442382943,6.6389,6.604131,-0.034768778228759345,-0.004994799999999966,0.0053125964,0.010307396447765793
20511,-0.00828300000000004,-0.0049863667,0.003296633277267258,8.76072,9.620708,0.8599884655761727,5.4389,6.604131,1.16523122177124,-0.024994799999999984,0.0053125964,0.03030739644776581
20512,-0.03828300000000007,-0.0049863667,0.033296633277267285,8.160720000000001,9.620708,1.4599884655761706,4.738899999999999,6.604131,1.865231221771241,-0.014994799999999975,0.0053125964,0.020307396447765802
20513,-0.00828300000000004,-0.0049863667,0.003296633277267258,10.160720000000001,9.620708,-0.5400115344238294,7.1389,6.604131,-0.5347687782287593,0.005005200000000043,0.0053125964,0.00030739644776578423
20514,-0.01828300000000005,-0.0049863667,0.013296633277267267,10.460720000000002,9.620708,-0.8400115344238301,6.738899999999999,6.604131,-0.134768778228759,-0.014994799999999975,0.0053125964,0.020307396447765802
20515,-0.01828300000000005,-0.0049863667,0.013296633277267267,10.960720000000002,9.620708,-1.3400115344238301,7.338899999999999,6.604131,-0.7347687782287586,-0.004994799999999966,0.0053125964,0.010307396447765793
20516,-0.01828300000000005,-0.0049863667,0.013296633277267267,9.86072,9.620708,-0.24001153442382872,6.6389,6.604131,-0.034768778228759345,-0.004994799999999966,0.0053125964,0.010307396447765793
20726,-0.09030999999999989,-0.044699136,0.04561086383223523,6.975769999999997,7.7907534,0.8149833645629911,2.147680000000001,4.7801867,2.632506653137206,-0.05907969999999996,0.016638981,0.07571868117840286
20730,-0.09030999999999989,-0.044699136,0.04561086383223523,8.275769999999998,7.7907534,-0.48501663543700957,3.1676800000000007,4.7801867,1.6125066531372063,-0.06207969999999985,0.016638981,0.07871868117840275
20787,0.07238699999999998,0.029466106,-0.0429208943749666,9.805680000000002,9.907991,0.10231140930175542,8.70515,7.811565,-0.893585077667236,0.04145599999999994,0.04788699,0.0064309900107384355
20797,0.16537299999999988,0.15696572,-0.008407282326698184,15.113229999999998,14.768832,-0.3443977932739237,16.23133,15.985102,-0.24622830017089825,0.1098519,0.11722526,0.007373359542465208
20828,0.06369200000000008,0.15076391,0.087071913989067,8.862210000000001,10.421294,1.5590842123413076,8.45159,10.756439,2.3048492089843755,0.06840489999999999,0.11594121,0.04753631158123017
20830,0.100692,0.15076391,0.050071913989067074,9.362210000000001,10.421294,1.0590842123413076,10.251589999999998,10.756439,0.5048492089843766,0.12840490000000004,0.11594121,-0.01246368841876988
20831,0.3036920000000001,0.15076391,-0.152928086010933,13.362210000000001,10.421294,-2.9409157876586924,14.55159,10.756439,-3.795150791015624,0.16840489999999997,0.11594121,-0.052463688418769805
20850,0.045135999999999954,0.034112286,-0.011023714177370025,12.838170000000002,12.542148,-0.2960223635864274,14.01048,13.960291,-0.050189091186522816,0.1413118000000001,0.14253682,0.0012250189811705559
20870,-0.07888399999999995,-0.07647295,0.0024110470380782623,4.708970000000001,5.674503,0.9655328495788567,0.7002500000000005,1.884962,1.1847119626998897,-0.06649400000000005,-0.024463,0.04203100022399431
20873,-0.07888399999999995,-0.07647295,0.0024110470380782623,5.288969999999999,5.674503,0.38553284957885836,1.2902500000000003,1.884962,0.5947119626998898,-0.04849400000000004,-0.024463,0.024031000223994292
20874,-0.07788400000000006,-0.07647295,0.0014110470380783724,5.67897,5.674503,-0.0044671504211422075,2.000250000000001,1.884962,-0.11528803730011106,-0.032494000000000134,-0.024463,0.008031000223994389
20889,0.04969000000000012,-0.00097250106,-0.050662501060459886,9.67577,8.946391,-0.7293788943481445,7.987680000000001,5.844915,-2.1427650868225108,0.021920300000000004,-0.0146512855,-0.03657158548443318
20890,-0.050309999999999855,-0.00097250106,0.04933749893954009,8.555769999999999,8.946391,0.3906211056518565,4.127680000000002,5.844915,1.7172349131774887,-0.058079699999999956,-0.0146512855,0.04342841451556678
20891,-0.015309999999999935,-0.00097250106,0.014337498939540172,8.10577,8.946391,0.8406211056518558,5.087680000000001,5.844915,0.7572349131774896,-0.022079699999999924,-0.0146512855,0.00742841451556675
20910,0.021373000000000086,0.024194445,0.0028214454610346884,5.603180000000002,6.594239,0.9910592349243146,6.535700000000002,8.440319,1.9046190612792948,0.040985200000000055,0.10338548,0.06240027825813288
20911,0.05137300000000011,0.024194445,-0.027178554538965338,7.18318,6.594239,-0.5889407650756837,9.6857,8.440319,-1.2453809387207038,0.15098520000000004,0.10338548,-0.04759972174186711
20935,-0.006610000000000005,-0.013653625,-0.00704362480282783,4.164940000000001,5.551948,1.3870080705261216,4.508869999999998,5.688782,1.17991221511841,0.06232340000000003,0.06552784,0.0032044414487838457
21027,0.10821500000000006,0.010477886,-0.09773711439609534,7.068349999999999,7.3414736,0.2731235794067395,8.137250000000002,5.9505568,-2.1866932449340837,0.07226410000000005,0.037569918,-0.0346941822615624
21029,0.012215000000000087,0.010477886,-0.0017371143960953628,7.038349999999998,7.3414736,0.3031235794067406,4.3472500000000025,5.9505568,1.6033067550659155,-0.03773589999999993,0.037569918,0.07530581773843759
21060,-0.0176130000000001,0.07303644,0.09064943971681605,10.325680000000002,13.907846,3.582166450805662,6.67515,10.365399,3.690249360656738,-0.021544000000000008,0.04537615,0.06692015180015565
21157,-0.028512000000000093,0.14486553,0.17337752774906168,9.241820000000004,9.897863,0.6560433880615193,5.296439999999999,9.75086,4.4544202142334,-0.04369219999999996,0.046978097,0.09067029740900989
21167,-0.08869900000000008,-0.03330912,0.055389879315137946,5.276620000000001,7.3790727,2.1024526661682117,2.726200000000002,6.2271805,3.500980480957029,0.016723800000000066,0.07084005,0.05411625326032632
21168,-0.06869900000000007,-0.03330912,0.03538987931513793,8.006620000000002,7.3790727,-0.6275473338317887,5.966200000000002,6.2271805,0.26098048095702886,0.059723799999999994,0.07084005,0.011116253260326392
21191,0.0025340000000000362,0.0028491,0.00031509992478784277,7.186149999999998,8.588225,1.4020753646850608,5.388349999999999,6.319751,0.9314007858276376,-0.06918380000000002,0.0064035896,0.07558738962118627
21192,0.14238699999999993,0.035325877,-0.10706112263154977,11.40568,9.20228,-2.203399955444336,12.20515,7.457498,-4.747651926422119,0.15145599999999992,0.046353202,-0.10510279768681519
21193,0.13238699999999992,0.035325877,-0.09706112263154976,10.605680000000003,9.20228,-1.403399955444339,10.50515,7.457498,-3.0476519264221196,0.08145599999999997,0.046353202,-0.035102797686815235
21214,0.012386999999999926,0.035325877,0.02293887736845024,6.90568,9.20228,2.296600044555664,5.95515,7.457498,1.5023480735778811,0.03145599999999993,0.046353202,0.01489720231318481
21316,-0.06251200000000012,-0.011210221,0.05130177913409484,7.111820000000002,8.555614,1.4437944714355453,2.8464399999999976,5.083942,2.2375019364929223,-0.05669219999999997,-0.014293038,0.04239916171373126
21319,-0.07951200000000003,-0.011210221,0.06830177913409474,6.821820000000002,8.555614,1.7337944714355444,1.81644,5.083942,3.26750193649292,-0.07869219999999999,-0.014293038,0.06439916171373128
21320,-0.07651200000000014,-0.011210221,0.06530177913409485,6.261820000000004,8.555614,2.293794471435543,1.686440000000001,5.083942,3.397501936492919,-0.06669219999999998,-0.014293038,0.05239916171373127
21321,-0.07251200000000013,-0.011210221,0.06130177913409485,6.391820000000003,8.555614,2.163794471435544,1.7564399999999978,5.083942,3.327501936492922,-0.07069219999999998,-0.014293038,0.05639916171373127
21322,-0.07651200000000014,-0.011210221,0.06530177913409485,7.181820000000002,8.555614,1.373794471435545,2.1264399999999988,5.083942,2.957501936492921,-0.08069219999999999,-0.014293038,0.06639916171373128
21345,-0.031843000000000066,-0.063781485,-0.03193848496150964,1.7864700000000013,4.738432,2.951961930541991,2.054759999999998,4.113121,2.0583610327148456,0.056093200000000065,0.063453205,0.007360004929828579
21347,-0.09184300000000012,-0.063781485,0.028061515038490414,6.886469999999999,4.738432,-2.148038069458007,5.48476,4.113121,-1.3716389672851559,0.06809320000000008,0.063453205,-0.004639995070171432
21348,-0.0718430000000001,-0.063781485,0.008061515038490397,4.766470000000002,4.738432,-0.028038069458009574,4.21476,4.113121,-0.10163896728515631,0.07209320000000008,0.063453205,-0.008639995070171436
21349,-0.041843000000000075,-0.063781485,-0.02193848496150963,2.676470000000002,4.738432,2.0619619305419903,2.6547599999999996,4.113121,1.4583610327148442,0.05409319999999995,0.063453205,0.009360004929828691
21351,-0.08184300000000011,-0.063781485,0.018061515038490406,6.996470000000002,4.738432,-2.25803806945801,5.5747599999999995,4.113121,-1.4616389672851557,0.05909319999999996,0.063453205,0.004360004929828687
21396,0.22109299999999998,0.21930395,-0.0017890493326186974,18.196640000000002,15.925145,-2.271494850769045,16.14937,14.771728,-1.3776424380493175,0.1900231,0.1850562,-0.00496690533695221
21397,0.217395,0.16034289,-0.05705211295604706,13.36081,11.424464,-1.9363457742309578,15.50918,13.8493805,-1.6597995068359381,0.2641566,0.21157092,-0.05258568143997194
21399,0.2106800000000001,0.21744889,0.006768890209197909,8.716399999999997,7.082937,-1.6334632362365689,13.025250000000002,11.317053,-1.7081971588134781,0.2683918,0.2533907,-0.015001100374984755
21400,0.21094499999999994,0.2514301,0.04048509424209601,4.971860000000003,8.218554,3.2466935430908173,9.39506,11.752699,2.357638898315429,0.2319057,0.2435435,0.011637805668640144
21401,0.32094500000000004,0.2514301,-0.06951490575790409,9.451860000000002,8.218554,-1.2333064569091814,13.055060000000001,11.752699,-1.3023611016845713,0.2919057,0.2435435,-0.04836219433135985
21521,0.05140100000000003,0.0718573,0.020456303380966157,12.44652,10.55629,-1.890230327148437,9.666570000000002,7.4374013,-2.22916870529175,0.05663830000000003,0.020484788,-0.036153511656689674
21524,0.04061500000000007,0.039579827,-0.0010351726615429602,10.528690000000001,9.600141,-0.9285494284057627,7.86889,7.4718437,-0.3970462805175785,0.05409549999999996,0.015744178,-0.03835132237541672
21525,-0.019930000000000003,0.02892231,0.0488523100990057,5.722109999999997,6.7636023,1.0414922567749052,3.2874300000000005,4.4448195,1.1573894503784175,-0.029368599999999967,-0.005604833,0.02376376710117456
21526,0.060975,0.044905983,-0.01606901708841324,7.18599,7.586299,0.40030894256591765,5.810269999999999,6.0071955,0.196925472717286,0.024944900000000048,0.003920625,-0.021024275036060858
21541,-0.03588900000000006,-0.04319151,-0.007302511183977067,10.36213,9.781842,-0.5802877682495122,9.77854,8.860171,-0.9183686819458003,0.09059139999999999,0.06880401,-0.02178738925113677
21542,-0.05588900000000008,-0.04319151,0.01269748881602295,9.68213,9.781842,0.09971223175048749,8.70854,8.860171,0.15163131805419994,0.08059139999999998,0.06880401,-0.01178738925113676
21543,-0.05588900000000008,-0.04319151,0.01269748881602295,8.79213,9.781842,0.9897122317504881,7.498539999999998,8.860171,1.3616313180542008,0.05059139999999995,0.06880401,0.018212610748863267
21544,-0.03588900000000006,-0.04319151,-0.007302511183977067,10.11213,9.781842,-0.3302877682495122,9.54854,8.860171,-0.6883686819457999,0.08059139999999998,0.06880401,-0.01178738925113676
21545,-0.06588900000000009,-0.04319151,0.02269748881602296,9.302130000000002,9.781842,0.4797122317504865,7.48854,8.860171,1.3716313180541988,0.040591399999999944,0.06880401,0.028212610748863276
21546,-0.02588900000000005,-0.04319151,-0.017302511183977076,9.942130000000002,9.781842,-0.16028776824951407,9.38854,8.860171,-0.5283686819458016,0.07059139999999997,0.06880401,-0.0017873892511367506
21567,0.19313999999999998,0.14329122,-0.0498487799310684,16.58115,15.2301,-1.3510503219604502,13.638750000000002,12.681058,-0.9576920700073259,0.03882269999999999,0.09042895,0.0516062484024048
21568,0.043139999999999956,0.14329122,0.10015122006893162,11.931149999999999,15.2301,3.298949678039552,9.078750000000001,12.681058,3.6023079299926746,0.01882269999999997,0.09042895,0.07160624840240482
21570,0.17313999999999996,0.14329122,-0.02984877993106838,15.841149999999999,15.2301,-0.6110503219604482,14.028750000000002,12.681058,-1.3476920700073265,0.11882269999999995,0.09042895,-0.028393751597595163
21571,0.26313999999999993,0.14329122,-0.11984877993106835,18.531149999999997,15.2301,-3.301050321960446,16.76875,12.681058,-4.087692070007325,0.21882269999999998,0.09042895,-0.1283937515975952
21572,0.17313999999999996,0.14329122,-0.02984877993106838,17.19115,15.2301,-1.9610503219604496,14.888750000000002,12.681058,-2.207692070007326,0.11882269999999995,0.09042895,-0.028393751597595163
21573,0.07313999999999998,0.14329122,0.0701512200689316,11.32115,15.2301,3.9089496780395514,9.59875,12.681058,3.082307929992675,0.0488227,0.09042895,0.04160624840240479
21574,0.0031399999999999206,0.14329122,0.14015122006893166,9.96115,15.2301,5.268949678039551,5.298750000000002,12.681058,7.382307929992674,-0.0711773,0.09042895,0.16160624840240478
21575,0.18313999999999997,0.14329122,-0.03984877993106839,16.37115,15.2301,-1.1410503219604493,14.598750000000003,12.681058,-1.9176920700073268,0.13882269999999997,0.09042895,-0.04839375159759518
21576,0.26313999999999993,0.14329122,-0.11984877993106835,20.531149999999997,15.2301,-5.301050321960446,17.558750000000003,12.681058,-4.877692070007328,0.2288227,0.09042895,-0.1383937515975952
21579,-0.04211930000000008,0.060373854,0.10249315389208802,1.4563799999999993,5.548952,4.0925721026611335,1.4218700000000002,6.3510165,4.929146521453857,0.04652119999999993,0.13471572,0.08819452101116187
21581,0.07788069999999991,0.060373854,-0.017506846107911977,6.356379999999998,5.548952,-0.8074278973388651,7.85187,6.3510165,-1.5008534785461425,0.16652119999999992,0.13471572,-0.03180547898883812
21582,0.13788069999999997,0.060373854,-0.07750684610791203,7.686379999999998,5.548952,-2.137427897338865,9.371870000000001,6.3510165,-3.020853478546144,0.19652119999999995,0.13471572,-0.06180547898883815
21640,0.205488,0.08983852,-0.11564948030757904,14.441820000000003,14.625997,0.1841765896606411,14.91644,13.084847,-1.831592549743652,0.24630780000000002,0.15839209,-0.08791571337490084
21642,0.025487999999999955,0.08983852,0.064350519692421,13.741820000000002,14.625997,0.8841765896606422,11.716439999999999,13.084847,1.368407450256349,0.11630780000000007,0.15839209,0.04208428662509911
21643,-0.007511999999999963,0.08983852,0.09735051969242092,14.641820000000003,14.625997,-0.01582341033935819,11.216439999999999,13.084847,1.868407450256349,0.06630780000000003,0.15839209,0.09208428662509915
21644,-0.010512000000000077,0.08983852,0.10035051969242104,15.541820000000003,14.625997,-0.9158234103393585,11.01644,13.084847,2.0684074502563483,0.0063078000000000856,0.15839209,0.1520842866250991
21645,0.06348799999999999,0.08983852,0.02635051969242097,17.04182,14.625997,-2.4158234103393568,15.31644,13.084847,-2.2315925497436524,0.25630780000000003,0.15839209,-0.09791571337490085
21646,0.18948799999999988,0.08983852,-0.09964948030757892,14.641820000000003,14.625997,-0.01582341033935819,15.01644,13.084847,-1.9315925497436517,0.24630780000000002,0.15839209,-0.08791571337490084
21647,0.210488,0.08983852,-0.12064948030757905,17.441820000000003,14.625997,-2.815823410339359,16.51644,13.084847,-3.4315925497436517,0.2963078,0.15839209,-0.13791571337490083
21725,0.1522150000000001,0.012242454,-0.1399725458958746,17.07835,9.471749,-7.606600694274903,13.837250000000001,6.4097977,-7.42745233154297,0.052264100000000036,-0.008012566,-0.06027666578415636
21726,0.11221500000000006,0.012242454,-0.09997254589587456,16.278349999999996,9.471749,-6.8066006942748984,13.527250000000002,6.4097977,-7.117452331542971,0.09226410000000007,-0.008012566,-0.1002766657841564
21727,0.23221500000000006,0.012242454,-0.21997254589587456,15.368349999999998,9.471749,-5.8966006942749,13.617250000000002,6.4097977,-7.207452331542971,0.052264100000000036,-0.008012566,-0.06027666578415636
21728,0.08221500000000015,0.012242454,-0.06997254589587465,10.52835,9.471749,-1.056600694274902,9.587250000000001,6.4097977,-3.1774523315429697,0.062264100000000044,-0.008012566,-0.07027666578415637
21729,0.012215000000000087,0.012242454,2.7454104125412826e-05,9.518349999999998,9.471749,-0.046600694274900434,6.267250000000001,6.4097977,0.1425476684570306,-0.03773589999999993,-0.008012566,0.02972333421584361
21730,0.032215000000000105,0.012242454,-0.019972545895874605,8.68835,9.471749,0.7833993057250979,6.2272500000000015,6.4097977,0.18254766845702974,-0.017735899999999916,-0.008012566,0.009723334215843593
21731,0.012215000000000087,0.012242454,2.7454104125412826e-05,8.588349999999998,9.471749,0.8833993057250993,6.007250000000001,6.4097977,0.4025476684570304,-0.007735899999999907,-0.008012566,-0.00027666578415641574
21732,-0.007784999999999931,0.012242454,0.02002745410412543,8.668349999999997,9.471749,0.803399305725101,5.557250000000002,6.4097977,0.8525476684570297,-0.027735899999999925,-0.008012566,0.019723334215843602
21735,0.21221500000000004,0.012242454,-0.19997254589587454,19.81835,9.471749,-10.346600694274901,15.21725,6.4097977,-8.807452331542969,-0.017735899999999916,-0.008012566,0.009723334215843593
21736,0.21221500000000004,0.012242454,-0.19997254589587454,19.74835,9.471749,-10.2766006942749,14.547250000000002,6.4097977,-8.13745233154297,-0.09773589999999999,-0.008012566,0.08972333421584366
21737,0.08221500000000015,0.012242454,-0.06997254589587465,17.448349999999998,9.471749,-7.9766006942749,12.69725,6.4097977,-6.287452331542969,-0.027735899999999925,-0.008012566,0.019723334215843602
21738,0.042215000000000114,0.012242454,-0.029972545895874614,15.108349999999998,9.471749,-5.6366006942749,10.747250000000001,6.4097977,-4.33745233154297,-0.027735899999999925,-0.008012566,0.019723334215843602
21739,0.032215000000000105,0.012242454,-0.019972545895874605,11.908349999999999,9.471749,-2.436600694274901,8.047250000000002,6.4097977,-1.6374523315429705,-0.04773589999999994,-0.008012566,0.03972333421584362
21779,-0.07001000000000013,0.05705242,0.1270624185895921,7.657590000000003,10.456243,2.7986525613403295,4.98508,7.8258,2.8407199420166016,0.023483599999999938,0.03227513,0.00879152910962111
21816,0.1430530000000001,0.11681539,-0.02623761179733286,8.984370000000002,10.681571,1.6972010067749004,10.41232,11.168931,0.7566110073852546,0.026765299999999992,0.03103455,0.0042692496982336126
22052,0.06238699999999997,0.022321248,-0.040065751572966546,9.935680000000001,9.802135,-0.13354453247070452,8.33515,7.923625,-0.41152500762939503,0.026455999999999924,0.053038985,0.02658298453712471
22053,-0.0176130000000001,0.022321248,0.039934248427033525,7.635680000000001,9.802135,2.166455467529296,4.895150000000001,7.923625,3.0284749923706045,-0.010544000000000109,0.053038985,0.06358298453712474
22070,-0.057784999999999975,0.015374115,0.07315911473691461,4.458349999999999,8.862696,4.404345693969727,0.5772500000000029,6.4660616,5.888811592102048,-0.06773589999999996,0.017678173,0.0854140732589006
22071,-0.02778499999999995,0.015374115,0.04315911473691458,4.708349999999999,8.862696,4.154345693969727,1.9072500000000012,6.4660616,4.55881159210205,-0.03773589999999993,0.017678173,0.055414073258900576
22072,-0.02778499999999995,0.015374115,0.04315911473691458,5.448349999999998,8.862696,3.4143456939697288,2.957250000000002,6.4660616,3.508811592102049,-0.017735899999999916,0.017678173,0.03541407325890056
22073,-0.02778499999999995,0.015374115,0.04315911473691458,5.6283499999999975,8.862696,3.234345693969729,2.7672500000000007,6.4660616,3.69881159210205,-0.027735899999999925,0.017678173,0.04541407325890057
22074,-0.057784999999999975,0.015374115,0.07315911473691461,4.548349999999999,8.862696,4.314345693969727,0.7872500000000002,6.4660616,5.6788115921020506,-0.05773589999999995,0.017678173,0.0754140732589006
22111,0.1093869999999999,0.061861347,-0.047525652592897316,11.185680000000001,9.053765,-2.1319147030639662,9.20515,7.1359854,-2.069164625549316,0.0014560000000000128,0.0057807877,0.0043247876728474965
22112,0.09738699999999989,0.061861347,-0.035525652592897305,9.965680000000003,9.053765,-0.9119147030639674,7.575150000000001,7.1359854,-0.4391646255493171,-0.03854400000000002,0.0057807877,0.04432478767284753
22113,0.1123869999999999,0.061861347,-0.05052565259289732,11.705680000000001,9.053765,-2.651914703063966,9.07515,7.1359854,-1.9391646255493171,-0.03854400000000002,0.0057807877,0.04432478767284753
22114,0.11938699999999991,0.061861347,-0.057525652592897325,11.805680000000002,9.053765,-2.7519147030639672,9.395150000000001,7.1359854,-2.2591646255493174,-0.028544000000000014,0.0057807877,0.03432478767284752
22115,0.13238699999999992,0.061861347,-0.07052565259289734,12.435680000000001,9.053765,-3.3819147030639662,10.33515,7.1359854,-3.199164625549317,0.0014560000000000128,0.0057807877,0.0043247876728474965
22116,0.025386999999999937,0.061861347,0.03647434740710265,8.435680000000001,9.053765,0.6180852969360338,6.18515,7.1359854,0.9508353744506834,-0.008543999999999996,0.0057807877,0.014324787672847505
22118,0.09938699999999989,0.061861347,-0.03752565259289731,10.185680000000001,9.053765,-1.1319147030639662,8.17515,7.1359854,-1.0391646255493168,-0.018544000000000005,0.0057807877,0.024324787672847514
22120,0.025386999999999937,0.061861347,0.03647434740710265,8.435680000000001,9.053765,0.6180852969360338,6.18515,7.1359854,0.9508353744506834,-0.008543999999999996,0.0057807877,0.014324787672847505
22121,0.023386999999999936,0.061861347,0.03847434740710265,9.075680000000002,9.053765,-0.02191470306396681,6.665150000000001,7.1359854,0.470835374450683,-0.008543999999999996,0.0057807877,0.014324787672847505
22122,0.2423869999999999,0.061861347,-0.18052565259289732,10.90568,9.053765,-1.851914703063965,7.825150000000001,7.1359854,-0.6891646255493171,-0.028544000000000014,0.0057807877,0.03432478767284752
22181,0.07321500000000014,0.015374115,-0.057840885263085506,10.248349999999999,8.862696,-1.385654306030272,8.467250000000002,6.4660616,-2.001188407897951,0.02226410000000001,0.017678173,-0.0045859267410993665
22182,0.008215000000000083,0.015374115,0.007159114736914551,8.61835,8.862696,0.24434569396972705,4.647250000000001,6.4660616,1.8188115921020493,-0.07773589999999997,0.017678173,0.09541407325890061
22183,0.018215000000000092,0.015374115,-0.0028408852630854575,8.198349999999998,8.862696,0.6643456939697288,5.2272500000000015,6.4660616,1.2388115921020493,-0.03773589999999993,0.017678173,0.055414073258900576
22184,0.033215000000000106,0.015374115,-0.01784088526308547,10.690349999999999,8.862696,-1.8276543060302721,7.927250000000001,6.4660616,-1.46118840789795,0.002264100000000102,0.017678173,0.01541407325890054
22185,0.0282150000000001,0.015374115,-0.012840885263085466,9.056349999999998,8.862696,-0.19365430603027178,5.517250000000001,6.4660616,0.9488115921020501,-0.05773589999999995,0.017678173,0.0754140732589006
22186,0.033215000000000106,0.015374115,-0.01784088526308547,7.241349999999997,8.862696,1.6213456939697295,6.02725,6.4660616,0.43881159210205034,0.02226410000000001,0.017678173,-0.0045859267410993665
22187,0.06221500000000013,0.015374115,-0.0468408852630855,8.978349999999999,8.862696,-0.11565430603027238,8.18725,6.4660616,-1.7211884078979498,0.062264100000000044,0.017678173,-0.0445859267410994
22188,0.022215000000000096,0.015374115,-0.006840885263085461,7.768349999999998,8.862696,1.0943456939697285,5.157250000000001,6.4660616,1.3088115921020496,-0.017735899999999916,0.017678173,0.03541407325890056
22189,0.022215000000000096,0.015374115,-0.006840885263085461,7.488349999999997,8.862696,1.3743456939697296,5.187250000000001,6.4660616,1.2788115921020502,-0.007735899999999907,0.017678173,0.02541407325890055
22192,0.022213999999999956,0.032152634,0.009938634114027067,13.186860000000003,15.523847,2.3369866262817354,10.55787,11.891789,1.3339194363403326,0.05469860000000004,0.030023964,-0.02467463587806229
22193,0.05221399999999998,0.032152634,-0.02006136588597296,18.686860000000003,15.523847,-3.1630133737182646,13.25787,11.891789,-1.3660805636596685,0.014698600000000006,0.030023964,0.015325364121937746
22331,0.025202000000000058,0.017345028,-0.007856972001910267,7.936509999999998,8.978792,1.0422821905517594,10.0364,10.908923,0.8725231491088863,0.14513739999999997,0.16455413,0.019416734011268644
22332,0.025202000000000058,0.017345028,-0.007856972001910267,7.936509999999998,8.978792,1.0422821905517594,10.0364,10.908923,0.8725231491088863,0.14513739999999997,0.16455413,0.019416734011268644
22333,0.025202000000000058,0.017345028,-0.007856972001910267,7.936509999999998,8.978792,1.0422821905517594,10.0364,10.908923,0.8725231491088863,0.14513739999999997,0.16455413,0.019416734011268644
22418,0.06238699999999997,0.029466106,-0.03292089437496659,7.40568,9.907991,2.5023114093017575,5.905150000000001,7.811565,1.9064149223327629,-0.008543999999999996,0.04788699,0.05643099001073837
22487,-0.04631699999999994,-0.054582663,-0.008265662880420743,5.958660000000002,6.385663,0.42700303253173644,9.058400000000002,8.826139,-0.23226054992676026,0.23238349999999997,0.19023421,-0.04214928593254086
22489,-0.08631699999999998,-0.054582663,0.03173433711957929,6.758659999999999,6.385663,-0.3729969674682607,9.658400000000002,8.826139,-0.8322605499267599,0.2523835,0.19023421,-0.062149285932540876
22491,-0.016316999999999915,-0.054582663,-0.03826566288042077,7.85866,6.385663,-1.4729969674682621,10.258400000000002,8.826139,-1.4322605499267596,0.21238350000000006,0.19023421,-0.022149285932540952
22502,0.11451500000000003,0.014258953,-0.10025604718863967,10.678439999999998,9.164168,-1.5142716421508773,14.24813,8.576178,-5.671952402954101,0.314724,0.116838716,-0.1978852840294838
22505,-0.07548500000000002,0.014258953,0.08974395281136038,6.228439999999999,9.164168,2.935728357849122,3.4881300000000017,8.576178,5.088047597045897,-0.015275999999999956,0.116838716,0.13211471597051616
22633,-0.09498000000000006,-0.08827176,0.006708240549564426,6.551690000000001,7.4475374,0.8958474221801751,1.5366199999999992,3.5132701,1.9766501396942147,-0.06808219999999998,-0.00839259,0.05968960990191696
22634,-0.10098000000000007,-0.08827176,0.012708240549564431,7.101690000000001,7.4475374,0.3458474221801744,2.6866200000000013,3.5132701,0.8266501396942125,-0.03608219999999995,-0.00839259,0.027689609901916934
22636,-0.07098000000000004,-0.08827176,-0.017291759450435595,8.221690000000002,7.4475374,-0.7741525778198266,6.39662,3.5132701,-2.8833498603057865,0.06991780000000003,-0.00839259,-0.07831039009808305
22679,0.06407600000000002,0.020534288,-0.04354171186184885,6.877839999999999,5.642848,-1.234991985168456,12.735679999999999,8.594033,-4.141646758728026,0.07218659999999999,0.06987866,-0.0023079398575782673
22680,-0.00592400000000004,0.020534288,0.02645828813815121,6.277839999999998,5.642848,-0.6349919851684547,6.93568,8.594033,1.658353241271973,0.07218659999999999,0.06987866,-0.0023079398575782673
22681,-0.03592400000000007,0.020534288,0.056458288138151236,3.477839999999997,5.642848,2.165008014831546,5.535679999999999,8.594033,3.0583532412719734,0.032186600000000065,0.06987866,0.03769206014242166
23025,0.21315899999999988,0.13027652,-0.08288248392009723,12.027910000000002,13.036835,1.008924716796873,18.850099999999998,17.9881,-0.8619999481201148,0.44534360000000006,0.39298475,-0.05235885211334235
23026,0.19315899999999997,0.13027652,-0.06288248392009732,12.907910000000005,13.036835,0.12892471679687034,18.8701,17.9881,-0.881999948120118,0.42534360000000004,0.39298475,-0.03235885211334233
23058,-0.02761300000000011,0.035325877,0.06293887736845027,7.915680000000002,9.20228,1.2866000445556622,4.405149999999999,7.457498,3.052348073577882,-0.04854400000000003,0.046353202,0.09489720231318477
23104,-0.05910499999999996,-0.033700343,0.025404656778573953,3.57723,3.823244,0.24601409484863268,3.5110600000000005,3.8473907,0.33633065170288035,0.07304710000000003,0.07135982,-0.0016872793360710459
23105,-0.05910499999999996,-0.033700343,0.025404656778573953,4.027229999999999,3.823244,-0.2039859051513666,2.87106,3.8473907,0.9763306517028809,0.033047099999999996,0.07135982,0.03831272066392899
23106,-0.05910499999999996,-0.033700343,0.025404656778573953,4.027229999999999,3.823244,-0.2039859051513666,2.87106,3.8473907,0.9763306517028809,0.033047099999999996,0.07135982,0.03831272066392899
23107,-0.019104999999999928,-0.033700343,-0.014595343221426083,3.3372300000000017,3.823244,0.4860140948486311,3.7510600000000025,3.8473907,0.09633065170287836,0.06304710000000002,0.07135982,0.008312720663928963
23108,-0.019104999999999928,-0.033700343,-0.014595343221426083,3.3372300000000017,3.823244,0.4860140948486311,3.7510600000000025,3.8473907,0.09633065170287836,0.06304710000000002,0.07135982,0.008312720663928963
23109,-0.019104999999999928,-0.033700343,-0.014595343221426083,3.497230000000002,3.823244,0.326014094848631,4.831060000000001,3.8473907,-0.9836693482971199,0.10304709999999995,0.07135982,-0.03168727933607096
23139,0.1023869999999999,0.04730501,-0.055081989740848436,8.485680000000002,8.789135,0.30345497924804476,8.59515,7.4629903,-1.1321597160339358,0.061455999999999955,0.04101396,-0.020442040204763368
23302,-0.09956500000000013,0.09861047,0.19817546820878995,7.203769999999999,11.029238,3.825467747192384,4.556880000000001,10.101423,5.544543263549803,0.051134800000000036,0.121687464,0.07055266441602703
23303,0.014434999999999976,0.09861047,0.08417546820878985,9.373769999999999,11.029238,1.6554677471923842,8.486880000000001,10.101423,1.6145432635498036,0.12113479999999999,0.121687464,0.0005526644160270822
23304,0.23743499999999995,0.09861047,-0.13882453179121013,11.42377,11.029238,-0.3945322528076165,11.326880000000001,10.101423,-1.2254567364501963,0.10213479999999997,0.121687464,0.0195526644160271
23305,0.26143499999999986,0.09861047,-0.16282453179121004,13.00377,11.029238,-1.9745322528076166,13.37688,10.101423,-3.275456736450195,0.21513479999999996,0.121687464,-0.09344733558397289
23307,0.1347520000000001,0.15592884,0.021176835272788908,23.536230000000003,20.266193,-3.270036610107425,20.24323,16.885063,-3.3581668286132818,0.20431639999999995,0.21025112,0.005934722713089036
23338,0.05221500000000012,0.010477886,-0.0417371143960954,7.138349999999999,7.3414736,0.2031235794067392,6.1072500000000005,5.9505568,-0.15669324493408254,0.0122641,0.037569918,0.025305817738437653
23340,0.25337699999999996,0.22921626,-0.02416073730182644,7.034000000000001,6.6413107,-0.3926893081665046,9.8681,9.676824,-0.19127638397216806,0.2667578,0.26420546,-0.0025523442199706925
23341,0.1883769999999999,0.22921626,0.04083926269817362,4.033999999999999,6.6413107,2.607310691833497,7.568099999999999,9.676824,2.1087236160278326,0.17675779999999996,0.26420546,0.08744765578002933
23342,0.19437700000000002,0.22921626,0.0348392626981735,3.1340000000000003,6.6413107,3.5073106918334958,6.9681,9.676824,2.7087236160278323,0.16375779999999995,0.26420546,0.10044765578002934
23343,0.24037699999999995,0.22921626,-0.011160737301826429,2.8339999999999996,6.6413107,3.8073106918334965,7.6681,9.676824,2.008723616027832,0.19875779999999998,0.26420546,0.06544765578002931
23355,0.405377,0.22921626,-0.17616073730182646,13.334,6.6413107,-6.6926893081665035,13.168099999999999,9.676824,-3.491276383972167,0.3437578,0.26420546,-0.0795523442199707
23356,0.12537699999999996,0.22921626,0.10383926269817356,7.934000000000001,6.6413107,-1.292689308166505,10.9681,9.676824,-1.2912763839721677,0.3387578,0.26420546,-0.0745523442199707
23357,0.1853769999999999,0.22921626,0.04383926269817362,5.634,6.6413107,1.0073106918334958,10.0681,9.676824,-0.39127638397216735,0.3087578,0.26420546,-0.04455234421997073
23359,0.285377,0.22921626,-0.05616073730182647,10.134,6.6413107,-3.4926893081665042,11.9681,9.676824,-2.2912763839721677,0.3387578,0.26420546,-0.0745523442199707
23526,0.12715700000000008,0.110312656,-0.016844344431877212,7.41647,7.147162,-0.2693080393981937,10.21476,9.350363,-0.8643972222900391,0.16309320000000005,0.14491877,-0.018174430401992847
23646,0.2995052,0.27645692,-0.023048277707290676,9.35202,9.552069,0.20004871032714888,8.989729999999998,8.874772,-0.1149579281616191,0.06508250000000004,0.07168895,0.006606450061798053
23647,0.2895052,0.27645692,-0.013048277707290667,8.90202,9.552069,0.6500487103271482,8.369729999999999,8.874772,0.5050420718383801,0.055082500000000034,0.07168895,0.01660645006179806
23679,0.054643,0.04062318,-0.014019819431781766,4.84188,4.8286924,-0.013187563781738021,10.898890000000002,9.055471,-1.8434185797119156,0.2975966,0.18586464,-0.11173195773754119
23680,0.0025079999999999547,-0.0033069358,-0.005814935774162366,4.282170000000004,4.5161023,0.23393231399535708,4.037049999999999,4.185088,0.14803815765380968,0.005777199999999927,0.034961797,0.029184597297000958
23681,0.035414999999999974,0.052299023,0.016884022674560573,5.395870000000002,4.0418696,-1.3540003596496604,2.4469600000000007,1.2804246,-1.1665354051208503,-0.045522300000000016,-0.054525908,-0.009003608082723602
23682,0.03423899999999991,0.052299023,0.01806002267456064,2.141490000000001,4.0418696,1.9003796403503408,-0.847900000000001,1.2804246,2.1283245948791514,-0.09972800000000004,-0.054525908,0.04520209191727642
23685,0.11048000000000002,0.11518954,0.00470953740596769,13.32834,13.667837,0.3394971429443352,5.893020000000002,6.267661,0.37464109466552564,-0.06188970000000005,-0.057235476,0.0046542243704319475
24010,-0.10612900000000014,-0.07185998,0.03426902186059966,5.761879999999998,5.9977384,0.23585836135864469,0.8259000000000007,1.629882,0.8039819780349724,-0.07200939999999989,-0.05451446,0.017494939734363446
24011,-0.08095200000000013,-0.041970722,0.03898127762269987,9.71708,8.900088,-0.8169916897583,5.0513200000000005,5.068937,0.017616824798583508,-0.027748099999999942,-0.008727151,0.019020949030792655
24012,-0.08095200000000013,-0.041970722,0.03898127762269987,9.22708,8.900088,-0.3269916897583016,3.9613200000000006,5.068937,1.1076168247985834,-0.05574809999999997,-0.008727151,0.04702094903079268
24013,-0.06095200000000012,-0.041970722,0.018981277622699855,9.05708,8.900088,-0.1569916897582999,4.441320000000001,5.068937,0.6276168247985829,-0.04474809999999996,-0.008727151,0.03602094903079267
24126,0.07238699999999998,0.035325877,-0.037061122631549814,8.38568,9.20228,0.8166000445556634,7.70515,7.457498,-0.24765192642211886,0.04145599999999994,0.046353202,0.004897202313184801
24127,0.022386999999999935,0.035325877,0.01293887736845023,7.4756800000000005,9.20228,1.7266000445556635,8.40515,7.457498,-0.9476519264221199,0.1314559999999999,0.046353202,-0.08510279768681517
24128,0.0063869999999999205,0.035325877,0.028938877368450244,6.665680000000002,9.20228,2.5366000445556622,6.60515,7.457498,0.8523480735778808,0.08145599999999997,0.046353202,-0.035102797686815235
24129,0.002386999999999917,0.035325877,0.03293887736845025,6.265680000000003,9.20228,2.936600044555661,5.50515,7.457498,1.9523480735778804,0.04145599999999994,0.046353202,0.004897202313184801
24209,-0.07623600000000019,-0.04200256,0.034233441291809275,11.673869999999997,11.286247,-0.38762274658202855,8.162320000000001,9.204647,1.0423270642089832,0.03040010000000004,0.06834099,0.03794088696708675
24285,0.05906000000000011,0.07730787,0.01824787247419346,8.22617,8.372493,0.1463227902221682,10.707510000000001,10.8168745,0.1093645040893545,0.13264829999999994,0.15465342,0.02200511508388525
24368,0.03420500000000004,0.033087224,-0.001117776231765788,1.1225800000000028,2.4963617,1.3737817324829074,3.5851100000000002,4.7832375,1.1981274572753904,0.11778159999999993,0.12714373,0.009362125752830575
24369,0.021560000000000024,-0.046906453,-0.06846645262598994,9.41901,10.104421,0.6854106619262694,6.7472400000000015,6.410407,-0.3368329336547866,-0.011720999999999981,-0.018165998,-0.006444998160839099
24370,-0.06844000000000006,-0.046906453,0.021533547374010142,10.609010000000001,10.104421,-0.5045893380737319,8.86724,6.410407,-2.456832933654786,0.06827899999999998,-0.018165998,-0.08644499816083906
24371,-0.06844000000000006,-0.046906453,0.021533547374010142,10.609010000000001,10.104421,-0.5045893380737319,5.417240000000001,6.410407,0.9931670663452135,-0.04172100000000001,-0.018165998,0.023555001839160927
24372,-0.09844000000000008,-0.046906453,0.05153354737401017,8.70901,10.104421,1.3954106619262703,3.517240000000001,6.410407,2.893167066345214,-0.061721000000000026,-0.018165998,0.043555001839160945
24388,0.2219899999999999,0.05705242,-0.16493758141040793,13.32159,10.456243,-2.8653474386596685,13.585080000000001,7.8258,-5.7592800579834,0.14348359999999993,0.03227513,-0.11120847089037889
24389,0.15112800000000004,0.14100716,-0.010120844820022623,11.10161,9.951097,-1.150513465270997,13.13899,11.811167,-1.3278232366943357,0.15830339999999998,0.1310168,-0.027286594231986983
24390,0.13112800000000002,0.14100716,0.009879155179977395,8.30161,9.951097,1.6494865347290038,11.03899,11.811167,0.772176763305664,0.12830339999999996,0.1310168,0.002713405768013044
24391,0.24346899999999994,0.23934737,-0.004121631521224911,12.975609999999996,14.485472,1.509861725463871,8.44803,8.923242,0.4752116152954109,-0.03491660000000002,-0.03401959,0.0008970105758667191
24465,-0.05436799999999997,0.0005867909,0.05495479090579969,8.184450000000002,8.586271,0.4018212860107404,10.25235,10.791039,0.5386894668579103,0.19939050000000003,0.19288659,-0.0065039090423584245
24582,-0.057613000000000136,0.029466106,0.08707910562503351,7.33568,9.907991,2.572311409301758,3.3851499999999994,7.811565,4.426414922332764,-0.040544000000000024,0.04788699,0.0884309900107384
24588,-0.057613000000000136,0.029466106,0.08707910562503351,7.33568,9.907991,2.572311409301758,3.3851499999999994,7.811565,4.426414922332764,-0.040544000000000024,0.04788699,0.0884309900107384
24704,-0.0176130000000001,-0.026968941,-0.009355941092491049,6.605680000000003,7.1892686,0.5835885890197723,3.405149999999999,3.3571339,-0.0480161346435537,-0.03854400000000002,-0.04102559,-0.002481590151548363
24705,-0.02761300000000011,-0.026968941,0.0006440589075089598,7.205680000000001,7.1892686,-0.016411410980225583,3.2051499999999997,3.3571339,0.1519838653564456,-0.06854400000000005,-0.04102559,0.027518409848451664
24706,-0.04761300000000013,-0.026968941,0.020644058907508978,7.605680000000003,7.1892686,-0.4164114109802277,2.905149999999999,3.3571339,0.4519838653564463,-0.07854400000000006,-0.04102559,0.03751840984845167
24707,-0.03761300000000012,-0.026968941,0.010644058907508969,7.505680000000002,7.1892686,-0.3164114109802263,4.305150000000001,3.3571339,-0.9480161346435558,-0.018544000000000005,-0.04102559,-0.02248159015154838
24709,-0.04761300000000013,-0.026968941,0.020644058907508978,6.205680000000001,7.1892686,0.9835885890197744,2.805150000000001,3.3571339,0.5519838653564442,-0.028544000000000014,-0.04102559,-0.012481590151548372
24710,-0.057613000000000136,-0.026968941,0.030644058907508986,6.105680000000003,7.1892686,1.0835885890197723,2.605150000000002,3.3571339,0.7519838653564435,-0.03854400000000002,-0.04102559,-0.002481590151548363
24713,-0.02761300000000011,-0.026968941,0.0006440589075089598,6.505680000000002,7.1892686,0.6835885890197737,2.805150000000001,3.3571339,0.5519838653564442,-0.05854400000000004,-0.04102559,0.017518409848451655
24714,-0.02761300000000011,-0.026968941,0.0006440589075089598,6.605680000000003,7.1892686,0.5835885890197723,2.605150000000002,3.3571339,0.7519838653564435,-0.06854400000000005,-0.04102559,0.027518409848451664
24717,-0.057613000000000136,-0.026968941,0.030644058907508986,6.205680000000001,7.1892686,0.9835885890197744,1.8051500000000011,3.3571339,1.5519838653564442,-0.06854400000000005,-0.04102559,0.027518409848451664
24969,-0.03778499999999996,0.015374115,0.05315911473691459,8.588349999999998,8.862696,0.2743456939697282,6.917250000000001,6.4660616,-0.4511884078979502,0.062264100000000044,0.017678173,-0.0445859267410994
24986,0.0018689999999998985,0.018072175,0.01620317486202727,12.554590000000005,15.136823,2.5822327005004837,16.652449999999998,15.96945,-0.683000003051756,-0.04840769999999994,-0.13662925,-0.08822155362586981
24988,0.0018689999999998985,0.018072175,0.01620317486202727,17.154590000000006,15.136823,-2.0177672994995177,16.652449999999998,15.96945,-0.683000003051756,-0.2384077,-0.13662925,0.10177844637413025
24990,0.06186899999999995,0.018072175,-0.043796825137972784,16.954590000000003,15.136823,-1.8177672994995149,16.652449999999998,15.96945,-0.683000003051756,-0.17840769999999995,-0.13662925,0.041778446374130196
25161,0.12238699999999991,0.09642127,-0.02596572843742362,8.90568,9.569798,0.6641184695434568,9.50515,9.436991,-0.06815926208496137,0.10145599999999999,0.07892536,-0.022530636280536642
25162,0.12238699999999991,0.09642127,-0.02596572843742362,8.705680000000001,9.569798,0.8641184695434561,8.50515,9.436991,0.9318407379150386,0.051455999999999946,0.07892536,0.027469363719463402
25230,0.1285139999999999,0.22820115,0.09968715089416513,8.763110000000001,12.0838785,3.320768517150878,10.682830000000001,13.493564,2.8107336520385733,0.13898579999999994,0.18449226,0.04550646021766669
25232,0.14851399999999992,0.22820115,0.07968715089416512,10.083110000000001,12.0838785,2.0007685171508776,11.552830000000002,13.493564,1.9407336520385723,0.15898579999999995,0.18449226,0.02550646021766667
25234,0.21851399999999988,0.22820115,0.009687150894165164,6.833110000000001,12.0838785,5.250768517150878,12.242830000000001,13.493564,1.2507336520385728,0.2089858,0.18449226,-0.024493539782333373
25291,0.08121500000000015,0.015374115,-0.06584088526308551,7.538349999999998,8.862696,1.324345693969729,7.807250000000002,6.4660616,-1.3411884078979508,0.06426410000000005,0.017678173,-0.046585926741099404
25300,-0.02778499999999995,0.0079560075,0.03574100749552245,5.338349999999998,6.043936,0.7055857757568376,3.1072500000000005,4.7151313,1.607881282806396,-0.007735899999999907,0.017891495,0.025627394557261374
25301,0.002215000000000078,0.0079560075,0.005741007495522421,4.93835,6.043936,1.1055857757568361,3.6072500000000005,4.7151313,1.107881282806396,0.002264100000000102,0.017891495,0.015627394557261365
25340,-0.03940300000000008,-0.042458646,-0.0030556459994315333,7.961499999999997,8.365515,0.4040147552490261,2.869440000000001,3.7652206,0.8957806420898429,-0.08285969999999998,-0.04513532,0.03772438076705931
25341,-0.04665800000000009,-0.030900788,0.015757212437868207,7.937749999999998,9.076394,1.138644081115725,2.4916199999999975,4.159884,1.6682639759826685,-0.08980929999999998,-0.05456232,0.035246980929899197
25342,-0.05906300000000009,-0.01966995,0.039393049991607754,2.6450500000000012,4.5421166,1.8970666419982898,-0.26829000000000036,2.7634735,3.031763510742188,-0.047492700000000054,-0.052167512,-0.00467481247644419
25345,-0.04665800000000009,-0.030900788,0.015757212437868207,8.037749999999999,9.076394,1.0386440811157236,2.8916199999999996,4.159884,1.2682639759826664,-0.07980929999999997,-0.05456232,0.025246980929899188
25346,-0.04906300000000008,-0.01966995,0.029393049991607745,2.6450500000000012,4.5421166,1.8970666419982898,0.03171000000000035,2.7634735,2.731763510742187,-0.04049270000000005,-0.052167512,-0.011674812476444196
25673,0.012386999999999926,0.061861347,0.04947434740710266,5.635680000000001,9.053765,3.4180852969360345,5.395150000000001,7.1359854,1.7408353744506826,0.051455999999999946,0.0057807877,-0.04567521232715244
25675,0.21238699999999988,0.061861347,-0.1505256525928973,6.24568,9.053765,2.808085296936035,9.26515,7.1359854,-2.1291646255493166,0.08145599999999997,0.0057807877,-0.07567521232715246
25844,0.04167900000000002,0.042730097,0.0010510967276096128,7.97982,7.7008996,-0.2789203990173341,6.31747,6.8480396,0.5305696270751952,0.0030944000000000527,0.04222304,0.039128640014505334
25845,0.04167900000000002,0.023880746,-0.017798253784418128,8.11982,7.9908843,-0.12893569595336984,6.617470000000001,5.442248,-1.1752221324157723,0.01309439999999995,-0.008715899,-0.021810298729860733
26269,-0.116317,-0.046836168,0.06948083242607117,3.4060699999999997,4.184471,0.778401130371094,3.3550499999999985,4.900765,1.545714942169191,0.10665259999999999,0.10501695,-0.0016356532073974472
26523,-0.06761600000000012,-0.051613968,0.01600203213429463,5.902649999999998,7.131534,1.2288840995788597,5.4033999999999995,6.375318,0.971918050384522,-0.0815285,-0.0534367,0.028091799745321278
26524,-0.028615999999999975,-0.051613968,-0.022997967865705515,6.902649999999998,7.131534,0.2288840995788597,7.4033999999999995,6.375318,-1.028081949615478,-0.05852849999999998,-0.0534367,0.005091799745321257
26633,0.018588999999999967,-0.022533024,-0.041122023729920354,5.07254,7.1219554,2.049415394744873,5.478440000000001,6.8719225,1.3934824929809562,0.05888559999999998,0.095304705,0.036419105202579516
26690,0.05171700000000001,0.030071199,-0.021645801059722913,12.760720000000001,10.503765,-2.256954893798829,11.1389,8.190893,-2.948006826782226,0.10500520000000002,0.037506573,-0.06749862709779741
26691,0.011716999999999977,0.030071199,0.018354198940277122,9.460720000000002,10.503765,1.0430451062011699,7.1389,8.190893,1.0519931732177739,0.01500519999999994,0.037506573,0.022501372902202665
26950,0.053247000000000044,0.038102455,-0.015144544562816664,9.938460000000003,9.141072,-0.7973877267456082,8.566270000000001,7.753938,-0.8123318019104016,0.043883899999999976,0.025840266,-0.018043634323620772
26951,0.053247000000000044,0.038102455,-0.015144544562816664,8.23846,9.141072,0.9026122732543946,6.906270000000001,7.753938,0.8476681980895986,0.01688389999999995,0.025840266,0.008956365676379252
27118,0.05795400000000006,0.1236834,0.06572940045213693,12.4236,13.913632,1.4900323928833004,11.40202,13.631001,2.2289814724731443,0.08247870000000002,0.14406174,0.06158304421310423
27119,0.040954000000000046,0.1236834,0.08272940045213695,10.823599999999999,13.913632,3.090032392883302,9.90202,13.631001,3.7289814724731443,0.0644787,0.14406174,0.07958304421310425
27123,0.03595400000000004,0.1236834,0.08772940045213695,12.823599999999999,13.913632,1.0900323928833018,11.60202,13.631001,2.028981472473145,0.08747870000000002,0.14406174,0.05658304421310423
27124,0.250954,0.1236834,-0.12727059954786302,17.0236,13.913632,-3.1099676071166975,18.202019999999997,13.631001,-4.571018527526853,0.29947870000000004,0.14406174,-0.1554169557868958
27125,0.18795400000000007,0.1236834,-0.06427059954786307,17.5236,13.913632,-3.6099676071166975,16.90202,13.631001,-3.2710185275268557,0.1994787,0.14406174,-0.05541695578689576
27126,0.15595400000000004,0.1236834,-0.032270599547863044,13.823599999999999,13.913632,0.09003239288330178,14.00202,13.631001,-0.3710185275268554,0.12747870000000006,0.14406174,0.016583044213104192
27416,-0.05053750000000001,-0.05019325,0.0003442498207092415,9.217019999999998,10.330843,1.1138229718017598,9.115,9.960117,0.8451173400878904,0.19051200000000001,0.21650326,0.02599126251983641
27419,-0.06053750000000002,-0.05019325,0.01034424982070925,12.49702,10.330843,-2.1661770281982413,11.614999999999998,9.960117,-1.6548826599121078,0.25051199999999996,0.21650326,-0.03400873748016353
27464,-0.01746599999999998,0.10817416,0.12564016012287138,10.74615,12.0879135,1.3417635131835937,14.488349999999999,15.277042,0.7886923889160169,-0.029183799999999982,0.04588274,0.07506653912668226
27595,0.1371920000000001,0.082180716,-0.0550112839026452,10.53248,9.982342,-0.5501382336425777,13.36488,11.589724,-1.7751564129638666,0.13369889999999995,0.11489834,-0.018800561086082412
27597,-0.0008079999999999199,0.082180716,0.08298871609735481,10.33248,9.982342,-0.35013823364257846,10.16488,11.589724,1.4248435870361327,0.09369890000000003,0.11489834,0.021199438913917512
27603,-0.03860299999999994,-0.016389124,0.022213875904560032,9.542840000000002,11.155298,1.6124582330322248,10.793209999999998,12.1805105,1.3873005209350602,0.07798479999999997,0.09733808,0.019353280406189
27634,0.1023869999999999,0.035325877,-0.06706112263154973,9.805680000000002,9.20228,-0.6033999554443383,10.43515,7.457498,-2.9776519264221193,0.12145600000000001,0.046353202,-0.07510279768681527
27743,0.011622000000000021,-0.009223258,-0.020845258122801802,11.533819999999999,12.165698,0.6318780514526381,9.198,9.336872,0.13887210083007773,0.04237089999999999,0.082566015,0.04019511542234422
27852,0.0040959999999998775,0.096875995,0.09277999539756787,12.546420000000001,16.181961,3.6355410595703113,11.007249999999999,16.435188,5.427938293457032,0.03168329999999997,0.16622813,0.1345448304597855
27853,0.1410959999999999,0.096875995,-0.04422000460243214,17.236420000000003,16.181961,-1.05445894042969,19.60725,16.435188,-3.1720617065429693,0.24968329999999994,0.16622813,-0.08345516954021448
27854,0.04809599999999992,0.096875995,0.04877999539756783,14.876420000000003,16.181961,1.3055410595703094,17.06725,16.435188,-0.6320617065429701,0.22668329999999992,0.16622813,-0.06045516954021446
27855,0.03709599999999991,0.096875995,0.05977999539756784,14.986420000000003,16.181961,1.19554105957031,13.78725,16.435188,2.647938293457031,0.0636833,0.16622813,0.10254483045978546
27856,0.3960959999999999,0.096875995,-0.29922000460243214,26.06642,16.181961,-9.884458940429688,25.76725,16.435188,-9.33206170654297,0.40668329999999997,0.16622813,-0.2404551695402145
27859,0.0280959999999999,0.096875995,0.06877999539756785,13.296420000000001,16.181961,2.8855410595703113,12.46725,16.435188,3.9679382934570313,0.0636833,0.16622813,0.10254483045978546
27972,0.111819,0.16900256,0.05718356276130676,8.658890000000003,7.7354755,-0.9234144598388703,7.493590000000001,9.511518,2.017927524719237,-0.015581199999999962,0.09106518,0.10664638328189846
27973,0.16181900000000005,0.16900256,0.0071835627613067166,8.258890000000005,7.7354755,-0.5234144598388717,9.69359,9.511518,-0.1820724752807621,0.09041880000000002,0.09106518,0.0006463832818984772
27974,0.20181900000000008,0.16900256,-0.03281643723869332,8.558890000000005,7.7354755,-0.8234144598388724,10.09359,9.511518,-0.5820724752807624,0.07641880000000001,0.09106518,0.01464638328189849
27975,0.251819,0.16900256,-0.08281643723869325,8.658890000000003,7.7354755,-0.9234144598388703,12.39359,9.511518,-2.8820724752807614,0.17541879999999999,0.09106518,-0.08435361671810149
27976,0.15181900000000004,0.16900256,0.017183562761306725,6.358890000000002,7.7354755,1.3765855401611304,9.493590000000001,9.511518,0.017927524719237198,0.13941879999999995,0.09106518,-0.048353616718101455
28007,0.07526500000000003,0.07307926,-0.0021857417964935566,16.374029999999998,15.513813,-0.8602169812011695,16.71821,15.419781,-1.2984292687988273,0.1947512,0.15921462,-0.035536584178161634
28169,-0.028890000000000082,0.00061469176,0.029504691758528434,9.697580000000002,10.0617285,0.36414847747802526,5.782359999999999,5.499059,-0.2833007997131336,-0.02685650000000006,0.020812482,0.04766898164176947
28170,-0.05335040000000002,-0.06119059,-0.007840190262413005,8.755619999999999,6.60448,-2.151140210266112,6.8767499999999995,5.1037426,-1.7730074005126948,0.0871132,0.09125073,0.004137532541084288
28172,-0.036420100000000066,-0.042902038,-0.006481937501335078,2.4810499999999998,4.2249646,1.7439146186828616,3.4665,4.2294693,0.7629692993164063,0.12689820000000007,0.10131136,-0.025586836720180584
28252,-0.04693000000000014,-0.079989746,-0.03305974621295915,4.508210000000002,3.9680061,-0.5402038659667987,3.362689999999997,2.4071796,-0.9555104059600801,0.03192879999999987,0.02784525,-0.004083549557375776
28253,-0.09692999999999996,-0.079989746,0.01694025378704067,3.1882100000000015,3.9680061,0.7797961340332016,0.5226899999999972,2.4071796,1.8844895940399198,-0.019071200000000066,0.02784525,0.04691645044262416
28255,-0.02693000000000012,-0.079989746,-0.05305974621295917,4.778210000000001,3.9680061,-0.8102038659667983,5.202689999999999,2.4071796,-2.7955104059600817,0.08392879999999991,0.02784525,-0.05608354955737582
28256,-0.08693000000000017,-0.079989746,0.006940253787040884,3.6182100000000013,3.9680061,0.34979613403320187,1.1726899999999993,2.4071796,1.2344895940399176,-0.005071199999999942,0.02784525,0.032916450442624035
28258,-0.06693000000000016,-0.079989746,-0.013059746212959134,4.218210000000003,3.9680061,-0.25020386596679955,3.072689999999998,2.4071796,-0.6655104059600809,0.037928799999999985,0.02784525,-0.010083549557375893
28259,-0.07993000000000006,-0.079989746,-5.974621295923299e-05,4.008210000000002,3.9680061,-0.0402038659667987,2.482689999999998,2.4071796,-0.07551040596008107,0.028928799999999977,0.02784525,-0.0010835495573758847
28260,-0.09193000000000007,-0.079989746,0.011940253787040778,3.7182100000000027,3.9680061,0.24979613403320045,1.6426899999999982,2.4071796,0.7644895940399188,0.013928799999999963,0.02784525,0.013916450442624129
28261,-0.10892999999999997,-0.079989746,0.028940253787040682,3.6182100000000013,3.9680061,0.34979613403320187,1.3326899999999995,2.4071796,1.0744895940399175,0.016928799999999855,0.02784525,0.010916450442624237
28262,-0.09193000000000007,-0.079989746,0.011940253787040778,4.5582100000000025,3.9680061,-0.5902038659667994,3.47269,2.4071796,-1.065510405960083,0.05892879999999989,0.02784525,-0.0310835495573758
28263,-0.09193000000000007,-0.079989746,0.011940253787040778,3.7182100000000027,3.9680061,0.24979613403320045,1.8926899999999982,2.4071796,0.5144895940399188,0.023928799999999972,0.02784525,0.00391645044262412
28266,-0.10492999999999997,-0.079989746,0.024940253787040678,3.5382099999999994,3.9680061,0.4297961340332037,1.5326899999999988,2.4071796,0.8744895940399182,0.023928799999999972,0.02784525,0.00391645044262412
28267,-0.07693000000000016,-0.070745,0.006185001246929334,1.918210000000002,2.4821882,0.5639782247924785,0.6226899999999986,1.037792,0.41510196739196914,0.02092879999999997,0.024136387,0.003207586811733276
28328,-0.07443330000000004,-0.058993597,0.015439703416395223,9.54541,6.752311,-2.79309877029419,7.7227000000000015,5.7245703,-1.998129725646974,0.0760615,0.085962325,0.009900825334548946
28366,0.05219799999999997,0.022439295,-0.02975870457398888,12.465019999999999,9.228468,-3.2365520587158194,14.2075,9.213064,-4.994435806274414,0.2562481,0.11873756,-0.13751053650913236
28371,-0.007802000000000087,0.022439295,0.030241295426011172,7.665019999999998,9.228468,1.5634479412841813,6.307499999999997,9.213064,2.9055641937255885,0.026248099999999996,0.11873756,0.09248946349086762
28403,0.7285619999999999,0.38490415,-0.3436578538055419,24.387880000000003,11.4358425,-12.952037485961917,21.16109,15.487816,-5.673274143066408,0.6103661,0.38445285,-0.22591325037345888
28405,0.47856199999999993,0.38490415,-0.09365785380554192,13.387880000000003,11.4358425,-1.9520374859619167,20.16109,15.487816,-4.673274143066408,0.6603661,0.38445285,-0.2759132503734588
28406,0.448562,0.38490415,-0.06365785380554201,9.387880000000003,11.4358425,2.0479625140380833,19.16109,15.487816,-3.6732741430664078,0.6103661,0.38445285,-0.22591325037345888
28407,0.328562,0.38490415,0.05634214619445799,7.387880000000003,11.4358425,4.047962514038083,13.161090000000002,15.487816,2.3267258569335922,0.2103661,0.38445285,0.17408674962654114
28408,0.15856199999999998,0.38490415,0.22634214619445803,9.387880000000003,11.4358425,2.0479625140380833,11.161090000000002,15.487816,4.326725856933592,0.11036610000000002,0.38445285,0.2740867496265411
28409,0.15856199999999998,0.38490415,0.22634214619445803,4.587880000000002,11.4358425,6.847962514038084,8.36109,15.487816,7.126725856933593,0.10036610000000001,0.38445285,0.2840867496265411
28430,0.386035,0.085510656,-0.3005243437623978,24.1057,20.151962,-3.9537377197265613,19.7985,14.775053,-5.0234469757080085,0.43620519999999996,0.18647869,-0.24972651068706508
28432,-0.04996500000000004,0.085510656,0.13547565623760227,25.105700000000002,20.151962,-4.953737719726565,19.198500000000003,14.775053,-4.423446975708011,0.19620519999999997,0.18647869,-0.009726510687065093
28464,-0.07778499999999999,0.015374115,0.09315911473691463,7.708349999999999,8.862696,1.1543456939697272,3.297250000000002,6.4660616,3.168811592102049,-0.04773589999999994,0.017678173,0.06541407325890058
28465,-0.1177849999999998,0.015374115,0.13315911473691444,6.668349999999997,8.862696,2.19434569396973,2.1572500000000012,6.4660616,4.30881159210205,-0.027735899999999925,0.017678173,0.04541407325890057
28466,0.06221500000000013,0.015374115,-0.0468408852630855,7.50835,8.862696,1.3543456939697265,5.297250000000002,6.4660616,1.168811592102049,-0.04773589999999994,0.017678173,0.06541407325890058
28467,0.12221500000000007,0.015374115,-0.10684088526308544,11.398349999999997,8.862696,-2.5356543060302705,9.127250000000002,6.4660616,-2.661188407897951,-0.027735899999999925,0.017678173,0.04541407325890057
28480,-0.02761300000000011,0.029466106,0.05707910562503349,11.215680000000003,9.907991,-1.3076885906982447,8.78515,7.811565,-0.9735850776672361,0.061455999999999955,0.04788699,-0.013569009989261582
28483,-0.02761300000000011,0.029466106,0.05707910562503349,12.38568,9.907991,-2.477688590698243,9.57515,7.811565,-1.763585077667237,0.061455999999999955,0.04788699,-0.013569009989261582
28484,-0.02761300000000011,0.029466106,0.05707910562503349,12.705680000000001,9.907991,-2.797688590698243,10.25515,7.811565,-2.4435850776672368,0.09145599999999998,0.04788699,-0.04356900998926161
28485,-0.0176130000000001,0.029466106,0.04707910562503348,12.99568,9.907991,-3.0876885906982423,10.645150000000001,7.811565,-2.8335850776672373,0.10145599999999999,0.04788699,-0.05356900998926162
28486,-0.03761300000000012,0.029466106,0.0670791056250335,12.445680000000003,9.907991,-2.537688590698245,10.69515,7.811565,-2.8835850776672363,0.1314559999999999,0.04788699,-0.08356900998926153
28487,-0.03761300000000012,0.029466106,0.0670791056250335,12.705680000000001,9.907991,-2.797688590698243,11.135150000000001,7.811565,-3.3235850776672375,0.15145599999999992,0.04788699,-0.10356900998926155
28488,-0.02761300000000011,0.029466106,0.05707910562503349,11.985680000000002,9.907991,-2.0776885906982443,10.59515,7.811565,-2.7835850776672366,0.14145599999999992,0.04788699,-0.09356900998926154
28489,-0.02761300000000011,0.029466106,0.05707910562503349,12.47568,9.907991,-2.5676885906982427,10.76515,7.811565,-2.9535850776672365,0.1314559999999999,0.04788699,-0.08356900998926153
28491,-0.007613000000000092,0.029466106,0.03707910562503347,13.835680000000002,9.907991,-3.927688590698244,11.555150000000001,7.811565,-3.7435850776672375,0.12145600000000001,0.04788699,-0.07356900998926164
28580,0.022698000000000107,0.045176256,0.022478256448030365,6.32047,6.3147063,-0.005763674468994395,4.49981,5.782584,1.2827741903686523,-0.009882699999999911,0.03616666,0.046049360487651736
28619,0.06166500000000008,0.03616371,-0.025501289942264638,7.000340000000005,7.7034693,0.7031292764282178,4.7813,6.389555,1.6082549774169923,-0.05467719999999998,0.014077948,0.06875514840633867
28804,0.16148799999999996,0.14486553,-0.01662247225093838,13.831820000000002,9.897863,-3.933956611938479,11.32644,9.75086,-1.5755797857666014,-0.013692199999999932,0.046978097,0.060670297409009866
28812,0.09340499999999985,0.04572369,-0.0476813084173201,13.18732,8.544372,-4.642948395080566,16.02722,9.755486,-6.271734465332031,0.39421990000000007,0.16729128,-0.22692861639251716
28943,0.023422000000000054,0.056494065,0.03307206462907786,11.055780000000002,10.224437,-0.8313432400512717,7.925729999999998,9.64731,1.7215802569580099,-0.01492529999999992,0.104630776,0.1195560757496833
29091,-0.028960399999999886,-0.029587653,-0.0006272525342465585,6.796849999999999,7.042428,0.2455780166625985,6.732919999999998,6.9651704,0.2322503834533709,0.09652229999999995,0.09959969,0.0030773892452240492
29221,0.12604000000000004,0.038800765,-0.08723923517107968,10.966709999999999,9.800451,-1.1662587213134756,14.504560000000001,10.552176,-3.952383524475099,0.16966769999999998,0.08123968,-0.08842802203435896
29224,0.0640400000000001,0.038800765,-0.025239235171079732,10.056709999999999,9.800451,-0.2562587213134755,11.014560000000001,10.552176,-0.4623835244750989,0.07966770000000001,0.08123968,0.0015719779656410138
29225,0.04604000000000008,0.038800765,-0.0072392351710797165,9.88671,9.800451,-0.08625872131347734,10.904560000000002,10.552176,-0.35238352447509946,0.08966770000000002,0.08123968,-0.008428022034358995
29226,0.03404000000000007,0.038800765,0.004760764828920294,9.576709999999999,9.800451,0.22374127868652494,9.674560000000003,10.552176,0.8776164755248992,0.05966769999999999,0.08123968,0.02157197796564103
29227,0.0040400000000000436,0.038800765,0.03476076482892032,9.38671,9.800451,0.41374127868652266,9.184560000000001,10.552176,1.3676164755249012,0.0696677,0.08123968,0.011571977965641023
29228,-0.016959999999999864,0.038800765,0.05576076482892023,9.08671,9.800451,0.7137412786865234,8.45456,10.552176,2.0976164755249016,0.029667699999999964,0.08123968,0.05157197796564106
29258,0.02986600000000006,0.03931113,0.009445129599809587,4.273130000000002,4.3097434,0.03661340438842586,9.69,9.728932,0.03893238067627003,0.29012399999999994,0.2930082,0.002884208274841371
29268,0.04238699999999995,0.08143986,0.03905286016511922,10.105680000000003,12.784938,2.67925785858154,10.60515,11.675083,1.0699331604003905,0.16145599999999993,0.13416553,-0.027290474563598566
29271,0.012386999999999926,0.08143986,0.06905286016511925,4.805680000000002,12.784938,7.979257858581541,3.605150000000002,11.675083,8.069933160400389,0.0014560000000000128,0.13416553,0.13270952543640135
29446,-0.10761299999999996,0.022321248,0.12993424842703338,6.005680000000002,9.802135,3.796455467529295,1.1051500000000019,7.923625,6.818474992370604,-0.08154400000000006,0.053038985,0.1345829845371247
29447,-0.007613000000000092,0.022321248,0.029934248427033516,6.385680000000001,9.802135,3.416455467529296,2.925150000000002,7.923625,4.998474992370603,-0.06354400000000004,0.053038985,0.11658298453712468
29449,0.012386999999999926,0.022321248,0.009934248427033499,11.945680000000003,9.802135,-2.143544532470706,10.70515,7.923625,-2.7815250076293943,0.1244559999999999,0.053038985,-0.07141701546287527
29561,0.04552999999999996,0.055005696,0.009475695670843165,7.5567500000000045,8.128213,0.5714629287719681,13.634519999999998,13.437427,-0.1970934329223617,0.31762270000000004,0.2963348,-0.0212878968955994
29562,0.03452999999999995,0.055005696,0.020475695670843175,7.276750000000003,8.128213,0.8514629287719693,12.734519999999998,13.437427,0.7029065670776387,0.2876227,0.2963348,0.008712103104400626
29564,0.04852999999999996,0.055005696,0.006475695670843162,8.116750000000003,8.128213,0.011462928771969416,13.43452,13.437427,0.0029065670776375896,0.2936227,0.2963348,0.0027121031044006205
29657,0.012386999999999926,0.035325877,0.02293887736845024,7.90568,9.20228,1.2966000445556638,4.805150000000001,7.457498,2.6523480735778797,-0.04854400000000003,0.046353202,0.09489720231318477
29870,-0.008323999999999998,0.012189318,0.020513318425953386,11.631520000000002,11.117557,-0.5139634280395526,8.739959999999998,10.489361,1.7494008093261737,0.031119999999999925,0.11653621,0.08541620749711998
29872,0.07167600000000007,0.012189318,-0.059486681574046685,13.051520000000004,11.117557,-1.9339634280395543,13.899959999999998,10.489361,-3.4105991906738264,0.21611999999999998,0.11653621,-0.09958379250288008
30368,0.209387,0.035325877,-0.17406112263154983,25.395680000000002,9.20228,-16.193399955444338,18.66515,7.457498,-11.20765192642212,0.06345599999999996,0.046353202,-0.01710279768681522
30417,-0.08461300000000005,0.022321248,0.10693424842703347,10.40568,9.802135,-0.6035445324707034,6.60515,7.923625,1.3184749923706054,0.02145599999999992,0.053038985,0.031582984537124714
30418,-0.06061300000000003,0.022321248,0.08293424842703345,10.40568,9.802135,-0.6035445324707034,9.805150000000001,7.923625,-1.8815250076293957,0.16145599999999993,0.053038985,-0.1084170154628753
30419,-0.08461300000000005,0.022321248,0.10693424842703347,10.40568,9.802135,-0.6035445324707034,6.60515,7.923625,1.3184749923706054,0.02145599999999992,0.053038985,0.031582984537124714
30420,-0.034613000000000005,0.022321248,0.05693424842703343,10.605680000000003,9.802135,-0.8035445324707062,8.10515,7.923625,-0.1815250076293946,0.051455999999999946,0.053038985,0.0015829845371246876
30456,-0.08961300000000016,0.035325877,0.12493887736845033,6.685680000000001,9.20228,2.5166000445556627,0.9951499999999989,7.457498,6.462348073577882,-0.09454399999999996,0.046353202,0.1408972023131847
30725,0.012386999999999926,0.035325877,0.02293887736845024,12.017680000000002,9.20228,-2.815399955444338,9.28515,7.457498,-1.827651926422119,0.04345599999999994,0.046353202,0.002897202313184799
31082,0.14207599999999998,0.11091659,-0.031159407819271068,9.5613,9.255859,-0.30544062499999924,9.501460000000002,8.595759,-0.9057006082153336,0.0569056,0.025765639,-0.031139961201524735
31083,0.13207599999999997,0.11091659,-0.02115940781927106,10.8613,9.255859,-1.605440625,10.571460000000002,8.595759,-1.9757006082153339,0.08290560000000002,0.025765639,-0.05713996120152476
31084,0.12207599999999996,0.11091659,-0.01115940781927105,9.0613,9.255859,0.19455937500000076,8.401460000000002,8.595759,0.19429939178466604,0.02290559999999997,0.025765639,0.002860038798475295
31085,0.13207599999999997,0.11091659,-0.02115940781927106,10.0613,9.255859,-0.8054406249999992,9.801460000000002,8.595759,-1.2057006082153343,0.0629056,0.025765639,-0.03713996120152474
31087,0.12207599999999996,0.11091659,-0.01115940781927105,8.8613,9.255859,0.39455937500000005,8.001460000000002,8.595759,0.5942993917846664,0.007905599999999957,0.025765639,0.01786003879847531
31088,0.05148799999999998,-0.011210221,-0.06269822086590526,7.941820000000003,8.555614,0.6137944714355434,7.41644,5.083942,-2.3324980635070798,0.050307800000000125,-0.014293038,-0.06460083828626884
31089,0.08425400000000005,0.10556274,0.021308739074230143,16.183300000000003,13.929645,-2.253655415344241,12.77204,10.678651,-2.093389143981934,0.023824899999999927,0.03855055,0.014725648255443646
31090,0.09248000000000012,0.081896566,-0.01058343414545071,9.53737,12.725669,3.188298907165528,9.05409,11.804001,2.749910854492187,0.046650699999999934,0.05792848,0.01127778020792014
31185,-0.08148600000000017,-0.034178235,0.04730776536321657,2.843110000000003,5.6517816,2.8086715589904756,3.002830000000003,4.99032,1.9874902056884736,0.03698579999999996,0.08505493,0.048069126574230236
31186,-0.09148600000000018,-0.034178235,0.05730776536321658,4.563110000000002,5.6517816,1.0886715589904767,3.2828300000000006,4.99032,1.707490205688476,0.05498579999999986,0.08505493,0.03006912657423033
31187,-0.08148600000000017,-0.034178235,0.04730776536321657,3.263110000000001,5.6517816,2.3886715589904775,2.102830000000001,4.99032,2.8874902056884757,0.05098579999999997,0.08505493,0.034069126574230224
31188,-0.07148600000000016,-0.034178235,0.03730776536321656,5.663110000000003,5.6517816,-0.011328441009524681,4.782830000000001,4.99032,0.20749020568847598,0.06798579999999999,0.08505493,0.01706912657423021
31323,0.132343,0.1222669,-0.010076096480369556,8.12414,8.658868,0.5347278359985346,10.47445,10.520587,0.04613696746826257,0.12442659999999994,0.14302835,0.01860174868431097
31324,0.11234299999999997,0.1222669,0.009923903519630461,8.114140000000003,8.658868,0.5447278359985326,9.844449999999998,10.520587,0.6761369674682634,0.10442659999999993,0.14302835,0.03860174868431099
31325,0.17143699999999995,0.048623648,-0.12281335245919223,13.098460000000001,8.784628,-4.31383208557129,13.002490000000002,9.804985,-3.197504953613283,0.06453720000000007,0.14284377,0.07830656800060265
31351,0.0019620000000000193,-0.018015109,-0.0199771090025902,6.847160000000002,6.520934,-0.32622589508056876,9.576139999999999,7.7285647,-1.8475752607727038,0.22261769999999992,0.14562,-0.07699769665737144
31355,-0.00803799999999999,-0.018015109,-0.00997710900259019,6.847160000000002,6.520934,-0.32622589508056876,7.576139999999999,7.7285647,0.15242473922729616,0.12961769999999995,0.14562,0.016002303342628532
31356,0.0019620000000000193,-0.018015109,-0.0199771090025902,6.847160000000002,6.520934,-0.32622589508056876,6.776139999999998,7.7285647,0.9524247392272969,0.0776176999999999,0.14562,0.06800230334262858
31357,-0.048038000000000025,-0.018015109,0.030022890997409846,6.7471600000000045,6.520934,-0.2262258950805709,5.076139999999999,7.7285647,2.652424739227296,0.03161769999999997,0.14562,0.11400230334262851
31363,0.0019620000000000193,-0.018015109,-0.0199771090025902,6.447160000000004,6.520934,0.07377410491942982,9.47614,7.7285647,-1.7475752607727042,0.22661769999999992,0.14562,-0.08099769665737144
31364,-0.028038000000000007,-0.018015109,0.010022890997409828,5.947160000000004,6.520934,0.5737741049194298,8.176139999999998,7.7285647,-0.4475752607727035,0.18561769999999989,0.14562,-0.03999769665737141
31407,0.15521700000000005,0.07178349,-0.08343350952100759,15.765749999999999,12.432194,-3.333556243896483,14.45087,9.462987,-4.987883053894043,0.11632389999999992,0.046129752,-0.07019414804949753
31408,-0.03884500000000002,0.00703311,0.0458781101305783,9.70569,9.872168,0.16647758728027284,5.656550000000001,7.3354745,1.6789244911193837,-0.01597470000000001,0.03369147,0.04966616957993508
31425,0.012799000000000005,0.039204445,0.02640544473624229,18.499760000000002,16.969877,-1.5298827569580098,14.604320000000001,15.525565,0.921245147399901,0.09750270000000005,0.21388961,0.11638691374759669
31426,0.04279900000000003,0.039204445,-0.003594555263757737,16.959760000000003,16.969877,0.010117243041989354,17.80432,15.525565,-2.2787548526000982,0.3535027,0.21388961,-0.13961308625240326
31635,0.168883,0.101398766,-0.067484233959198,13.44771,9.271628,-4.176081620178223,12.76669,9.607475,-3.159214719238282,0.054355699999999896,0.09846297,0.04410726906471263
31652,-0.022696999999999967,-0.014491346,0.008205654266595808,11.405810000000002,13.824415,2.4186052069091772,10.283259999999999,12.949637,2.666377413024904,0.08543459999999992,0.14925508,0.06382048201122292
31653,0.01730300000000007,-0.014491346,-0.03179434573340423,17.30581,13.824415,-3.4813947930908213,18.78326,12.949637,-5.833622586975096,0.3514346,0.14925508,-0.20217951798877715
31654,-0.042696999999999985,-0.014491346,0.028205654266595825,10.50581,13.824415,3.3186052069091794,8.18326,12.949637,4.766377413024902,0.03043459999999998,0.14925508,0.11882048201122286
31655,-0.022696999999999967,-0.014491346,0.008205654266595808,15.605810000000002,13.824415,-1.781394793090822,14.38326,12.949637,-1.4336225869750976,0.13943459999999996,0.14925508,0.009820482011222875
31676,-0.06721500000000002,-0.026576582,0.04063841765761378,4.783239999999999,7.512607,2.729367097625733,2.6498100000000004,5.3342276,2.684417561950683,0.011713700000000049,0.027663814,0.015950113903927754
31677,-0.057215000000000016,-0.026576582,0.03063841765761377,7.273240000000001,7.512607,0.23936709762573116,4.9798100000000005,5.3342276,0.3544175619506831,0.028713700000000064,0.027663814,-0.0010498860960722611
31678,-0.01721499999999998,-0.026576582,-0.009361582342386265,8.483240000000002,7.512607,-0.9706329023742697,6.0298099999999994,5.3342276,-0.6955824380493159,0.016713700000000054,0.027663814,0.01095011390392775
32154,0.04276499999999994,-0.012838816,-0.05560381627023214,6.50046,7.4154305,0.9149705458068844,9.975359999999998,8.66705,-1.3083096383666977,0.1760887,0.12909298,-0.04699572354907988
32156,0.09238699999999989,0.029466106,-0.06292089437496651,11.605680000000003,9.907991,-1.6976885906982453,9.805150000000001,7.811565,-1.9935850776672375,0.03045600000000004,0.04788699,0.017430990010738334
32165,0.12253400000000003,0.096220106,-0.02631389411354068,8.26615,8.916072,0.6499218917846683,9.388349999999999,8.764518,-0.6238322158813467,0.035816199999999965,0.04015163,0.004335429596948659
32263,0.06221500000000013,0.012242454,-0.04997254589587463,10.948349999999998,9.471749,-1.4766006942749001,9.797250000000002,6.4097977,-3.3874523315429705,0.07226410000000005,-0.008012566,-0.08027666578415638
32940,0.11199999999999999,0.14681765,0.03481765437126161,14.975249999999999,18.651464,3.6762144622802744,16.24622,21.540264,5.294044129638671,0.13741589999999992,0.37672985,0.23931394600067146
32948,0.062000000000000055,0.14681765,0.08481765437126154,17.54525,18.651464,1.106214462280274,20.58622,21.540264,0.954044129638671,0.35141589999999995,0.37672985,0.02531394600067144
32949,0.132,0.14681765,0.01481765437126159,19.23525,18.651464,-0.5837855377197272,23.24622,21.540264,-1.7059558703613291,0.46541589999999994,0.37672985,-0.08868605399932855
32951,0.252,0.14681765,-0.1051823456287384,22.16525,18.651464,-3.513785537719727,25.24622,21.540264,-3.705955870361329,0.5394159,0.37672985,-0.16268605399932856
32991,0.14381300000000008,0.11275057,-0.031062432504177173,9.119610000000002,9.55922,0.43961031402587736,11.65634,9.835391,-1.820948955383301,0.22019530000000015,0.12149047,-0.09870482893495575
32992,0.12339200000000006,0.11275057,-0.01064143250417715,16.77862,12.706825,-4.071794743652344,10.938329999999999,9.613959,-1.324370687561034,-0.02944000000000002,-0.0034165392,0.026023460830152056
33273,0.11560000000000004,0.027046314,-0.08855368649065498,11.71255,11.3979845,-0.3145654953002932,14.30408,11.878098,-2.4259824658203133,0.16170479999999998,0.11242267,-0.04928213255624769
33274,0.0068749999999999645,0.0038999848,-0.0029750152397900465,14.584729999999997,11.427184,-3.1575458950805633,12.00308,9.528745,-2.4743353024292,0.004812700000000003,0.024790768,0.019978067580270764
33457,0.32095000000000007,0.026770705,-0.2941792946428061,25.99737,13.06826,-12.929109807128906,21.9771,12.852083,-9.125016793823242,0.4454893,0.18131648,-0.26417281995944975
33458,-0.03905000000000003,0.026770705,0.06582070535719398,9.58737,13.06826,3.480890192871094,10.517100000000001,12.852083,2.334983206176757,0.16748929999999995,0.18131648,0.01382718004055028
33459,0.15560000000000007,0.05018223,-0.10541776922941215,26.92255,15.294951,-11.627598561096192,23.18408,14.789788,-8.394291753845216,0.33570479999999997,0.13801125,-0.197693553080368
33460,0.015600000000000058,0.05018223,0.03458223077058786,12.98255,15.294951,2.312401438903809,13.114080000000001,14.789788,1.6757082461547839,0.12570480000000006,0.13801125,0.012306446919631897
33462,0.04682900000000001,0.02175846,-0.025070540491580973,11.92691,10.176743,-1.750167446289062,12.33834,10.009762,-2.328578189697266,0.11857720000000005,0.09790747,-0.02066973132343297
33465,0.10321500000000006,0.012242454,-0.09097254589587456,24.668349999999997,9.471749,-15.196600694274899,12.907250000000001,6.4097977,-6.49745233154297,-0.2267359,-0.008012566,0.21872333421584367
33466,-0.007784999999999931,0.012242454,0.02002745410412543,7.768349999999998,9.471749,1.7033993057250996,-1.672749999999997,6.4097977,8.082547668457028,-0.29073589999999994,-0.008012566,0.2827233342158436
33772,-0.087785,0.015374115,0.10315911473691464,6.228349999999999,8.862696,2.6343456939697276,0.8872500000000016,6.4660616,5.578811592102049,-0.08773589999999998,0.017678173,0.10541407325890062
33773,-0.1077849999999998,-0.052919447,0.05486555257797221,6.538349999999998,6.921581,0.383230791473391,1.7572500000000026,3.7861485,2.028898548126218,-0.04773589999999994,-0.010810528,0.03692537204947466
33774,0.1622150000000001,0.015374115,-0.14684088526308547,6.838349999999998,8.862696,2.024345693969728,8.10725,6.4660616,-1.6411884078979497,0.10226410000000008,0.017678173,-0.08458592674109944
33775,0.1622150000000001,0.029213902,-0.13300109839081775,6.638349999999999,8.863712,2.2253623107910165,8.50725,8.811337,0.3040874710082999,0.062264100000000044,0.07560486,0.013340763464832261
33776,0.08221500000000015,0.10168484,0.01946983853340134,7.738349999999997,7.828414,0.09006396331787414,9.00725,9.790694,0.7834442367553702,0.18226410000000004,0.12729041,-0.0549736872163773
33777,0.042215000000000114,0.0011059528,-0.04110904722489428,8.138349999999999,7.262869,-0.8754811187744131,10.50725,6.940795,-3.5664550552368173,0.20226410000000006,0.0897016,-0.11256249962720877
33778,0.042215000000000114,0.01186617,-0.030348830018341655,7.93835,7.2610726,-0.677277364349365,10.00725,7.3144174,-2.692832637786866,0.18226410000000004,0.090523295,-0.09174080489549641
33782,0.05221500000000012,0.01734596,-0.03486904067933572,11.138349999999999,10.664093,-0.4742569824218741,13.50725,11.440894,-2.066355873107911,0.2822641000000001,0.21655801,-0.06570609061393745
33783,0.022215000000000096,0.0144394785,-0.0077755214834214215,12.638349999999999,10.893651,-1.744698991394042,14.307250000000002,11.829713,-2.477537132263185,0.2922641,0.21163096,-0.08063314466152194
33784,0.012215000000000087,-0.05244176,-0.0646567608976365,13.838349999999998,12.889755,-0.9485947509765609,15.00725,13.312212,-1.6950380096435556,0.2922641,0.23405598,-0.05820811895999911
33786,-0.07778499999999999,-0.05244176,0.02534323910236358,11.988349999999997,12.889755,0.9014052490234405,9.837250000000001,13.312212,3.4749619903564444,0.03226410000000002,0.23405598,0.2017918810400009
33787,-0.1077849999999998,-0.05244176,0.055343239102363384,13.248349999999999,12.889755,-0.358594750976561,15.92725,13.312212,-2.6150380096435555,0.38226410000000005,0.23405598,-0.14820811895999914
33808,0.17521500000000012,0.015374115,-0.15984088526308549,9.108349999999998,8.862696,-0.24565430603027139,10.667250000000001,6.4660616,-4.20118840789795,0.11226410000000009,0.017678173,-0.09458592674109945
33989,0.002215000000000078,0.010477886,0.008262885603904646,6.838349999999998,7.3414736,0.5031235794067399,3.707250000000002,5.9505568,2.243306755065916,-0.04773589999999994,0.037569918,0.0853058177384376
33990,0.002215000000000078,0.010477886,0.008262885603904646,6.238349999999997,7.3414736,1.1031235794067413,3.4072500000000012,5.9505568,2.5433067550659167,-0.03773589999999993,0.037569918,0.07530581773843759
33991,-0.02778499999999995,0.010477886,0.03826288560390467,6.238349999999997,7.3414736,1.1031235794067413,2.5072500000000026,5.9505568,3.4433067550659153,-0.06773589999999996,0.037569918,0.10530581773843761
33992,-0.047784999999999966,0.010477886,0.05826288560390469,6.238349999999997,7.3414736,1.1031235794067413,1.8072499999999998,5.9505568,4.143306755065918,-0.07773589999999997,0.037569918,0.11530581773843762
33993,0.002215000000000078,0.010477886,0.008262885603904646,6.93835,7.3414736,0.4031235794067385,3.9072500000000012,5.9505568,2.0433067550659167,-0.03773589999999993,0.037569918,0.07530581773843759
33994,-0.007784999999999931,0.010477886,0.018262885603904655,6.038349999999998,7.3414736,1.3031235794067406,3.6072500000000005,5.9505568,2.3433067550659175,-0.017735899999999916,0.037569918,0.05530581773843757
33996,0.022215000000000096,0.010477886,-0.011737114396095372,6.93835,7.3414736,0.4031235794067385,5.007250000000001,5.9505568,0.9433067550659171,-0.007735899999999907,0.037569918,0.04530581773843756
33998,0.032215000000000105,0.010477886,-0.02173711439609538,8.038349999999998,7.3414736,-0.6968764205932594,7.307250000000002,5.9505568,-1.3566932449340836,0.052264100000000036,0.037569918,-0.014694182261562383
33999,0.012215000000000087,0.012617018,0.00040201807379713905,8.398349999999997,9.4627075,1.064357519531253,5.257250000000001,7.3535094,2.0962594261169425,-0.04173590000000005,0.024590338,0.06632623764898782
34293,-0.04323600000000005,0.02261778,0.0658537796721459,3.6519399999999997,7.0293293,3.377389299926758,4.172889999999999,8.882693,4.70980329071045,0.08703440000000007,0.12608668,0.03905228208122247
34335,-0.011486000000000107,-0.034178235,-0.022692234636783493,8.833110000000001,5.6517816,-3.181328441009523,7.582830000000001,4.99032,-2.5925097943115247,0.045985799999999966,0.08505493,0.03906912657423023
34336,-0.10148600000000019,-0.034178235,0.06730776536321659,3.9931100000000015,5.6517816,1.658671558990477,1.7828300000000006,4.99032,3.207490205688476,0.01898579999999994,0.08505493,0.06606912657423025
34337,-0.041486000000000134,-0.034178235,0.007307765363216534,1.9431100000000008,5.6517816,3.7086715589904777,0.9828299999999999,4.99032,4.007490205688477,0.010985799999999935,0.08505493,0.07406912657423026
34338,-0.08148600000000017,-0.034178235,0.04730776536321657,4.313110000000002,5.6517816,1.3386715589904767,1.382830000000002,4.99032,3.6074902056884746,-0.03201419999999999,0.08505493,0.11706912657423019
34339,-0.07148600000000016,-0.034178235,0.03730776536321656,3.913110000000003,5.6517816,1.7386715589904753,4.982830000000002,4.99032,0.007490205688474916,0.13898579999999994,0.08505493,-0.05393087342576974
34341,-0.05148600000000014,-0.034178235,0.017307765363216543,3.353110000000001,5.6517816,2.2986715589904776,4.982830000000002,4.99032,0.007490205688474916,0.13898579999999994,0.08505493,-0.05393087342576974
34456,0.06221500000000013,0.015374115,-0.0468408852630855,7.34835,8.862696,1.5143456939697266,8.787250000000002,6.4660616,-2.3211884078979512,0.1232641000000001,0.017678173,-0.10558592674109946
34794,-0.01833499999999999,0.03616371,0.05449871005773543,6.240340000000003,7.7034693,1.4631292764282193,3.4712999999999994,6.389555,2.918254977416993,-0.02867720000000007,0.014077948,0.04275514840633876
34797,0.0016650000000000276,0.03616371,0.034498710057735416,6.130340000000004,7.7034693,1.5731292764282188,4.491300000000001,6.389555,1.8982549774169915,0.008322799999999964,0.014077948,0.005755148406338728
35040,0.1522150000000001,0.015374115,-0.13684088526308547,14.098349999999998,8.862696,-5.235654306030272,12.407250000000001,6.4660616,-5.94118840789795,0.06426410000000005,0.017678173,-0.046585926741099404
35065,-0.06858900000000001,-0.0355882,0.033000798864603054,6.762549999999997,7.1026464,0.3400963508605983,3.3993900000000004,4.403836,1.0044457734680172,-0.018535100000000027,0.0020906832,0.020625783206915882
35066,-0.06801500000000016,-0.07199931,-0.003984311447143396,6.057960000000001,5.8379455,-0.22001453872680798,4.529999999999999,3.7387855,-0.7912144947051996,0.05212749999999999,0.03449674,-0.017630760493278497
35067,-0.04858899999999999,-0.0355882,0.013000798864603036,5.742549999999998,7.1026464,1.3600963508605979,2.6493900000000004,4.403836,1.7544457734680172,-0.021535099999999918,0.0020906832,0.023625783206915774
35068,-0.053015000000000034,-0.07199931,-0.01898431144714352,5.657960000000003,5.8379455,0.1799854612731906,3.7699999999999996,3.7387855,-0.03121449470519977,0.032127499999999976,0.03449674,0.002369239506721521
35157,-0.030088000000000115,-0.010782749,0.019305250607907887,8.51249,10.233868,1.7213776452636722,6.87125,9.091342,2.2200919723510744,0.027618799999999943,0.06072845,0.03310964937443739
35158,-0.00730199999999992,0.0058393865,0.013141386489242235,4.58023,6.7578654,2.1776354289245603,3.8485299999999985,5.2293634,1.3808334414672867,0.045556199999999936,0.03000172,-0.0155544795864343
35159,-0.030088000000000115,-0.010782749,0.019305250607907887,9.152489999999997,10.233868,1.0813776452636752,8.24125,9.091342,0.8500919723510734,0.06761879999999998,0.06072845,-0.006890350625562647
35160,-0.00730199999999992,0.0058393865,0.013141386489242235,5.000230000000002,6.7578654,1.7576354289245586,4.3085299999999975,5.2293634,0.9208334414672876,0.055556199999999945,0.03000172,-0.02555447958643431
35170,0.16198999999999997,0.05705242,-0.10493758141040799,15.621590000000001,10.456243,-5.165347438659669,13.585080000000001,7.8258,-5.7592800579834,0.0984836,0.03227513,-0.06620847089037896
35173,-0.01519399999999993,0.023179753,0.0383737527521848,6.253820000000001,7.068076,0.8142561337280263,3.0311700000000013,4.5061235,1.4749535427856433,-0.06198350000000008,-0.0041231853,0.05786031470438846
35174,-0.008010000000000073,0.05705242,0.06506241858959205,9.621590000000001,10.456243,0.8346525613403308,4.785080000000001,7.8258,3.040719942016601,-0.09451639999999994,0.03227513,0.126791529109621
35175,0.001068000000000069,0.029935783,0.02886778277528279,6.827349999999999,9.032106,2.2047563995361337,3.19792,5.970064,2.772144163208008,-0.08850889999999989,-0.031982582,0.05652631793751706
35176,0.021989999999999954,0.05705242,0.035062418589592026,10.721590000000003,10.456243,-0.2653474386596706,6.48508,7.8258,1.3407199420166016,-0.08351640000000005,0.03227513,0.1157915291096211
35179,0.021230000000000082,0.03743801,0.016208008934259333,12.234470000000002,9.68063,-2.5538402697753924,8.585130000000001,7.511972,-1.0731580494689954,-0.014131900000000086,0.019597435,0.03372933537008771
35180,0.15198999999999996,0.05705242,-0.09493758141040798,15.421590000000002,10.456243,-4.96534743865967,11.98508,7.8258,-4.159280057983398,-0.025516400000000106,0.03227513,0.057791529109621154
35191,-0.07578499999999999,0.016788306,0.09257330571472644,7.84835,8.405682,0.5573316101074219,4.757250000000001,5.9391456,1.1818955650329581,0.013264100000000001,-0.008808405,-0.02207250513855219
35192,-0.06378499999999998,0.016788306,0.08057330571472643,7.928349999999998,8.405682,0.47733161010742364,4.787250000000002,5.9391456,1.151895565032957,0.004264100000000104,-0.008808405,-0.013072505138552293
35317,0.10342200000000001,0.013118349,-0.09030365098428728,11.505780000000001,9.733331,-1.7724492733764663,9.60573,7.9321513,-1.6735786824035639,0.005074700000000099,0.039232746,0.03415804576663961
35343,-0.09761300000000017,0.035325877,0.13293887736845034,6.305680000000002,9.20228,2.8966000445556617,1.905149999999999,7.457498,5.552348073577882,-0.06054400000000004,0.046353202,0.10689720231318478
35451,0.06456200000000001,-0.010433156,-0.0749951560432911,7.5484100000000005,7.2118034,-0.33660656372070363,8.9207,7.340969,-1.5797309143066407,0.10024309999999992,0.081281215,-0.018961885047531046
35452,-0.08243800000000001,-0.010433156,0.07200484395670892,7.38841,7.2118034,-0.1766065637207035,5.790700000000001,7.340969,1.5502690856933583,0.060243099999999994,0.081281215,0.021038114952468878
35453,0.3325340000000001,0.18582653,-0.14670747490787517,18.74615,17.02203,-1.7241201232910157,16.288349999999998,14.678786,-1.6095637222290016,0.09081620000000001,0.09188172,0.001065522211837755
35465,-0.04866900000000007,-0.047634885,0.001034115284919812,10.021269999999998,9.975213,-0.04605694915771252,8.14544,7.73178,-0.4136599478149421,0.06786820000000005,0.039771188,-0.028097011949491546
35469,-0.04866900000000007,-0.047634885,0.001034115284919812,10.15127,9.975213,-0.17605694915771508,7.815440000000001,7.73178,-0.08365994781494202,0.04786820000000003,0.039771188,-0.008097011949491528
35473,-0.04866900000000007,-0.047634885,0.001034115284919812,10.161269999999998,9.975213,-0.1860569491577131,7.57544,7.73178,0.1563400521850582,0.034868200000000016,0.039771188,0.004902988050508483
35477,-0.04866900000000007,-0.047634885,0.001034115284919812,10.271269999999998,9.975213,-0.2960569491577125,7.4854400000000005,7.73178,0.24634005218505806,0.024868200000000007,0.039771188,0.014902988050508492
35516,0.18238699999999997,0.035325877,-0.1470611226315498,6.56568,9.20228,2.6366000445556637,8.36515,7.457498,-0.907651926422119,0.051455999999999946,0.046353202,-0.005102797686815208
35517,-0.008193000000000117,0.033116974,0.04130997393655789,5.365660000000002,7.906434,2.5407740591430645,5.657000000000002,7.276295,1.6192951850891095,0.08552360000000003,0.052385077,-0.033138523119545016
35664,-0.03761300000000012,0.026746929,0.06435992869186413,7.445680000000003,8.705561,1.2598806842040986,5.17515,7.0563693,1.881219304656982,0.0014560000000000128,0.01685941,0.015403410330653178
35756,0.04238699999999995,0.035325877,-0.007061122631549788,11.505680000000002,9.20228,-2.3033999554443376,14.305150000000001,7.457498,-6.84765192642212,0.32145599999999996,0.046353202,-0.2751027976868152
35758,-0.009633000000000003,-0.026122844,-0.01648984384667873,9.370070000000002,8.334573,-1.0354972079467792,6.40405,7.232242,0.8281921073913576,0.07408400000000004,0.083866134,0.00978213428592678
35849,0.002215000000000078,0.019448001,0.017233000937700194,7.25835,10.530632,3.2722820190429687,4.017250000000001,7.9209642,3.9037142410278314,-0.05273589999999995,0.031076971,0.08381287144150729
35858,0.18359000000000003,0.09981603,-0.08377396824598315,15.457450000000001,13.972197,-1.4852534210205093,15.389019999999999,11.54426,-3.8447599749755845,0.13918299999999995,0.018429147,-0.12075385292041296
35860,0.053590000000000027,0.09981603,0.04622603175401685,11.557450000000003,13.972197,2.4147465789794893,8.77902,11.54426,2.765240025024415,-0.010816999999999966,0.018429147,0.029246147079586948
35861,0.07359000000000004,0.09981603,0.026226031754016832,13.757450000000002,13.972197,0.21474657897949,10.789019999999999,11.54426,0.7552400250244151,-0.0008170000000000677,0.018429147,0.01924614707958705
35862,0.11358999999999997,0.09981603,-0.013773968245983093,14.65745,13.972197,-0.6852534210205086,11.879019999999999,11.54426,-0.33475997497558474,0.009182999999999941,0.018429147,0.009246147079587042
35863,0.11358999999999997,0.09981603,-0.013773968245983093,15.057450000000003,13.972197,-1.0852534210205107,11.619019999999999,11.54426,-0.07475997497558495,-0.030816999999999983,0.018429147,0.049246147079586966
35905,-0.010262999999999911,0.022918405,0.03318140501129618,6.518529999999998,8.127701,1.6091708056640641,3.9046699999999994,5.5771046,1.672434568481446,-0.02040580000000003,0.031559184,0.051964984193611174
35984,-0.07778499999999999,0.0011059528,0.07889095277510583,6.1183499999999995,7.262869,1.1445188812255864,2.12725,6.940795,4.8135449447631835,-0.05773589999999995,0.0897016,0.14743750037279124
36100,0.19340499999999994,0.10786568,-0.08553932371616357,7.68732,8.21112,0.5237996517944339,11.22722,10.215507,-1.0117134463500985,0.16421990000000009,0.1303036,-0.03391629360904702
36300,0.041870000000000074,0.071755275,0.029885275130271838,8.20758,8.265217,0.05763682739257803,6.421039999999998,6.9110465,0.4900065049743674,0.00414060000000005,0.014760166,0.01061956640663142
36302,0.011870000000000047,0.071755275,0.059885275130271864,7.20758,8.265217,1.057636827392578,3.621039999999997,6.9110465,3.290006504974368,-0.07585940000000002,0.014760166,0.09061956640663149
36303,0.0018700000000000383,0.071755275,0.06988527513027187,7.20758,8.265217,1.057636827392578,2.5210399999999993,6.9110465,4.390006504974366,-0.11585940000000006,0.014760166,0.13061956640663153
36304,0.06187000000000009,0.071755275,0.00988527513027182,7.107580000000002,8.265217,1.157636827392576,5.321039999999998,6.9110465,1.590006504974367,-0.025859399999999977,0.014760166,0.04061956640663145
36305,0.011870000000000047,0.071755275,0.059885275130271864,7.007580000000001,8.265217,1.2576368273925773,3.121039999999997,6.9110465,3.790006504974368,-0.09585940000000004,0.014760166,0.11061956640663151
36306,0.11187000000000002,0.071755275,-0.04011472486972811,11.00758,8.265217,-2.7423631726074227,10.621039999999999,6.9110465,-3.7099934950256337,0.09414060000000002,0.014760166,-0.07938043359336855
36307,0.13187000000000004,0.071755275,-0.06011472486972813,8.807580000000002,8.265217,-0.5423631726074234,10.52104,6.9110465,-3.609993495025634,0.14414059999999995,0.014760166,-0.12938043359336848
36308,0.12187000000000003,0.071755275,-0.05011472486972812,8.607580000000002,8.265217,-0.3423631726074241,10.52104,6.9110465,-3.609993495025634,0.15414059999999996,0.014760166,-0.1393804335933685
36309,0.10187000000000002,0.071755275,-0.030114724869728104,8.607580000000002,8.265217,-0.3423631726074241,8.321039999999998,6.9110465,-1.409993495025633,0.044140599999999974,0.014760166,-0.029380433593368505
36310,0.10187000000000002,0.071755275,-0.030114724869728104,8.40758,8.265217,-0.14236317260742126,5.821039999999998,6.9110465,1.090006504974367,-0.08585940000000003,0.014760166,0.1006195664066315
36311,0.0718700000000001,0.071755275,-0.00011472486972818885,8.307580000000002,8.265217,-0.042363172607423394,7.521039999999999,6.9110465,-0.609993495025634,0.034140599999999965,0.014760166,-0.019380433593368496
36386,0.226387,0.044211373,-0.18217562726688385,14.405680000000002,8.158588,-6.247091590576174,14.945150000000002,7.530416,-7.414733988189699,0.21345599999999998,0.082728416,-0.13072758427238462
36387,0.2543869999999999,0.044211373,-0.21017562726688377,8.205680000000001,8.158588,-0.04709159057617285,13.875150000000001,7.530416,-6.344733988189699,0.275456,0.082728416,-0.19272758427238462
36466,0.0914879999999999,-0.011210221,-0.10269822086590519,9.141820000000003,8.555614,-0.5862055285644558,7.31644,5.083942,-2.23249806350708,-0.013692199999999932,-0.014293038,-0.0006008382862687789
36564,0.12387999999999999,0.06774032,-0.0561396788406372,4.7515399999999985,6.429859,1.6783191613769546,7.372200000000001,7.341013,-0.031187045288087134,0.10025010000000001,0.09201039,-0.008239713711833963
36565,-0.02778499999999995,0.015374115,0.04315911473691458,11.388349999999999,8.862696,-2.5256543060302725,7.587250000000001,6.4660616,-1.1211884078979502,-0.007735899999999907,0.017678173,0.02541407325890055
36566,-0.01778499999999994,0.015374115,0.033159114736914574,11.518349999999998,8.862696,-2.6556543060302715,7.987250000000001,6.4660616,-1.5211884078979505,0.002264100000000102,0.017678173,0.01541407325890054
36567,-0.02778499999999995,0.015374115,0.04315911473691458,11.568349999999999,8.862696,-2.7056543060302722,8.26725,6.4660616,-1.8011884078979499,0.02226410000000001,0.017678173,-0.0045859267410993665
36568,0.012215000000000087,0.015374115,0.003159114736914548,10.86835,8.862696,-2.005654306030273,7.887250000000002,6.4660616,-1.4211884078979509,0.002264100000000102,0.017678173,0.01541407325890054
36625,0.5223869999999999,0.029466106,-0.49292089437496656,18.50568,9.907991,-8.597688590698244,19.40515,7.811565,-11.593585077667235,0.48945600000000006,0.04788699,-0.4415690099892617
36626,-0.03761300000000012,0.029466106,0.0670791056250335,8.605680000000003,9.907991,1.3023114093017547,6.405150000000001,7.811565,1.4064149223327629,0.038455999999999935,0.04788699,0.009430990010738438
36638,0.12253400000000003,0.12374257,0.0012085729632377307,8.546149999999997,7.5699086,-0.9762413810729953,9.088349999999998,8.831121,-0.25722855529784994,0.06081619999999999,0.08008946,0.019273257333087934
36753,-0.04799700000000007,-0.04395533,0.004041670194387503,10.812470000000005,9.260106,-1.5523639132690477,6.864879999999999,4.5966134,-2.2682665928649897,-0.00011470000000002312,-0.038487792,-0.03837309201507566
36754,-0.04999700000000007,-0.04395533,0.006041670194387505,10.602470000000004,9.260106,-1.3423639132690468,5.744879999999998,4.5966134,-1.1482665928649887,-0.04211469999999995,-0.038487792,0.003626907984924266
36755,-0.07199700000000009,-0.04395533,0.028041670194387525,8.092470000000002,9.260106,1.1676360867309548,2.3648799999999994,4.5966134,2.2317334071350103,-0.08211469999999987,-0.038487792,0.04362690798492419
36756,-0.06099699999999997,-0.04395533,0.017041670194387404,8.752470000000002,9.260106,0.5076360867309546,3.6548799999999986,4.5966134,0.9417334071350112,-0.061114699999999966,-0.038487792,0.022626907984924283
36757,-0.058996999999999966,-0.04395533,0.015041670194387402,9.432470000000002,9.260106,-0.1723639132690451,3.964880000000001,4.5966134,0.6317334071350089,-0.07211469999999987,-0.038487792,0.03362690798492418
37054,-0.059414999999999996,-0.02674394,0.0326710608536005,5.895590000000002,6.3948383,0.4992483331298807,5.151009999999999,5.97948,0.8284697897338873,0.05871729999999997,0.06299828,0.0042809799291610995
37055,-0.059414999999999996,-0.02674394,0.0326710608536005,6.345590000000001,6.3948383,0.049248333129881416,5.961010000000002,5.97948,0.018469789733885023,0.07871729999999999,0.06299828,-0.01571902007083892
37056,-0.04941499999999999,-0.02674394,0.02267106085360049,6.575590000000002,6.3948383,-0.180751666870119,5.841010000000001,5.97948,0.13846978973388602,0.05871729999999997,0.06299828,0.0042809799291610995
37058,-0.01941499999999996,-0.02674394,-0.007328939146399538,6.67559,6.3948383,-0.2807516668701169,6.38101,5.97948,-0.40153021026611313,0.05871729999999997,0.06299828,0.0042809799291610995
37060,0.020585000000000075,-0.02674394,-0.04732893914639957,5.575590000000002,6.3948383,0.819248333129881,6.401009999999999,5.97948,-0.4215302102661127,0.06871729999999998,0.06299828,-0.005719020070838909
37061,0.10058500000000004,-0.02674394,-0.12732893914639953,6.735590000000002,6.3948383,-0.34075166687011915,8.07101,5.97948,-2.0915302102661126,0.04871729999999996,0.06299828,0.014280979929161108
37062,-0.03941499999999998,-0.02674394,0.01267106085360048,5.97559,6.3948383,0.4192483331298824,5.761009999999999,5.97948,0.21846978973388786,0.06871729999999998,0.06299828,-0.005719020070838909
37063,-0.02941499999999997,-0.02674394,0.002671060853600471,6.49559,6.3948383,-0.10075166687011716,6.97101,5.97948,-0.991530210266113,0.09871730000000001,0.06299828,-0.035719020070838936
37064,-0.03941499999999998,-0.02674394,0.01267106085360048,6.90559,6.3948383,-0.5107516668701173,6.27101,5.97948,-0.2915302102661137,0.05871729999999997,0.06299828,0.0042809799291610995
37065,-0.009414999999999951,-0.02674394,-0.017328939146399547,5.665590000000002,6.3948383,0.7292483331298811,5.321010000000001,5.97948,0.6584697897338856,0.038717299999999955,0.06299828,0.024280979929161117
37066,-0.02941499999999997,-0.02674394,0.002671060853600471,6.805590000000002,6.3948383,-0.41075166687011944,6.331009999999999,5.97948,-0.3515302102661124,0.05871729999999997,0.06299828,0.0042809799291610995
37067,0.0005850000000000577,-0.02674394,-0.027328939146399556,6.795590000000001,6.3948383,-0.4007516668701179,7.62101,5.97948,-1.6415302102661133,0.09871730000000001,0.06299828,-0.035719020070838936
37068,0.010585000000000067,-0.02674394,-0.037328939146399565,6.1255900000000025,6.3948383,0.2692483331298803,6.431010000000001,5.97948,-0.45153021026611384,0.05871729999999997,0.06299828,0.0042809799291610995
37069,-0.01941499999999996,-0.02674394,-0.007328939146399538,6.67559,6.3948383,-0.2807516668701169,6.81101,5.97948,-0.8315302102661128,0.07871729999999999,0.06299828,-0.01571902007083892
37070,0.0005850000000000577,-0.02674394,-0.027328939146399556,6.205590000000001,6.3948383,0.18924833312988198,5.901009999999999,5.97948,0.0784697897338873,0.038717299999999955,0.06299828,0.024280979929161117
37071,-0.02941499999999997,-0.02674394,0.002671060853600471,6.165590000000002,6.3948383,0.22924833312988113,5.61101,5.97948,0.36846978973388644,0.04871729999999996,0.06299828,0.014280979929161108
37072,0.0005850000000000577,-0.02674394,-0.027328939146399556,6.3755900000000025,6.3948383,0.01924833312988028,6.46101,5.97948,-0.4815302102661132,0.05871729999999997,0.06299828,0.0042809799291610995
37073,-0.04941499999999999,-0.02674394,0.02267106085360049,6.72559,6.3948383,-0.3307516668701176,6.61101,5.97948,-0.6315302102661136,0.0887173,0.06299828,-0.025719020070838927
37075,0.010585000000000067,-0.02674394,-0.037328939146399565,6.345590000000001,6.3948383,0.049248333129881416,6.171009999999999,5.97948,-0.19153021026611228,0.038717299999999955,0.06299828,0.024280979929161117
37077,-0.02941499999999997,-0.02674394,0.002671060853600471,6.42559,6.3948383,-0.03075166687011688,6.47101,5.97948,-0.491530210266113,0.07871729999999999,0.06299828,-0.01571902007083892
37078,0.010585000000000067,-0.02674394,-0.037328939146399565,6.035590000000003,6.3948383,0.35924833312988014,6.151009999999999,5.97948,-0.1715302102661127,0.04871729999999996,0.06299828,0.014280979929161108
37079,-0.08941500000000002,-0.02674394,0.06267106085360052,6.345590000000001,6.3948383,0.049248333129881416,4.11101,5.97948,1.8684697897338864,0.018717299999999937,0.06299828,0.044280979929161135
37080,-0.069415,-0.02674394,0.042671060853600506,5.575590000000002,6.3948383,0.819248333129881,4.741009999999999,5.97948,1.2384697897338874,0.05871729999999997,0.06299828,0.0042809799291610995
37081,-0.04941499999999999,-0.02674394,0.02267106085360049,6.6355900000000005,6.3948383,-0.24075166687011773,5.671009999999999,5.97948,0.3084697897338877,0.04871729999999996,0.06299828,0.014280979929161108
37082,-0.059414999999999996,-0.02674394,0.0326710608536005,5.67559,6.3948383,0.7192483331298831,4.97101,5.97948,1.008469789733887,0.05871729999999997,0.06299828,0.0042809799291610995
37083,-0.03941499999999998,-0.02674394,0.01267106085360048,6.49559,6.3948383,-0.10075166687011716,5.491009999999999,5.97948,0.48846978973388744,0.038717299999999955,0.06299828,0.024280979929161117
37084,-0.01941499999999996,-0.02674394,-0.007328939146399538,5.575590000000002,6.3948383,0.819248333129881,5.761009999999999,5.97948,0.21846978973388786,0.06871729999999998,0.06299828,-0.005719020070838909
37085,-0.04941499999999999,-0.02674394,0.02267106085360049,5.6355900000000005,6.3948383,0.7592483331298823,4.871009999999998,5.97948,1.1084697897338884,0.04871729999999996,0.06299828,0.014280979929161108
37087,-0.02941499999999997,-0.02674394,0.002671060853600471,6.395590000000002,6.3948383,-0.0007516668701192941,5.36101,5.97948,0.6184697897338864,0.028717299999999946,0.06299828,0.034280979929161126
37088,-0.069415,-0.02674394,0.042671060853600506,5.825590000000002,6.3948383,0.569248333129881,4.461010000000002,5.97948,1.518469789733885,0.038717299999999955,0.06299828,0.024280979929161117
37089,-0.009414999999999951,-0.02674394,-0.017328939146399547,5.5055900000000015,6.3948383,0.8892483331298813,5.641010000000001,5.97948,0.3384697897338853,0.05871729999999997,0.06299828,0.0042809799291610995
37090,-0.059414999999999996,-0.02674394,0.0326710608536005,6.24559,6.3948383,0.14924833312988284,4.97101,5.97948,1.008469789733887,0.038717299999999955,0.06299828,0.024280979929161117
37091,0.0005850000000000577,-0.02674394,-0.027328939146399556,5.6255900000000025,6.3948383,0.7692483331298803,6.11101,5.97948,-0.13153021026611356,0.06871729999999998,0.06299828,-0.005719020070838909
37092,-0.02941499999999997,-0.02674394,0.002671060853600471,5.845590000000001,6.3948383,0.5492483331298814,4.901009999999999,5.97948,1.0784697897338873,0.028717299999999946,0.06299828,0.034280979929161126
37093,-0.07941500000000001,-0.02674394,0.052671060853600515,5.715590000000002,6.3948383,0.6792483331298804,4.931010000000001,5.97948,1.0484697897338862,0.06871729999999998,0.06299828,-0.005719020070838909
37096,-0.069415,-0.02674394,0.042671060853600506,5.765590000000003,6.3948383,0.6292483331298797,4.88101,5.97948,1.0984697897338869,0.05871729999999997,0.06299828,0.0042809799291610995
37097,-0.02941499999999997,-0.02674394,0.002671060853600471,5.855590000000003,6.3948383,0.5392483331298799,5.13101,5.97948,0.8484697897338869,0.038717299999999955,0.06299828,0.024280979929161117
37100,-0.059414999999999996,-0.02674394,0.0326710608536005,5.765590000000003,6.3948383,0.6292483331298797,5.04101,5.97948,0.9384697897338867,0.05871729999999997,0.06299828,0.0042809799291610995
37102,-0.07941500000000001,-0.02674394,0.052671060853600515,5.665590000000002,6.3948383,0.7292483331298811,4.81101,5.97948,1.1684697897338872,0.06871729999999998,0.06299828,-0.005719020070838909
37214,-0.001742999999999828,-0.007882369,-0.0061393687508704,16.061200000000003,15.289778,-0.7714222442626983,14.73947,14.393304,-0.3461661288452156,0.2246475,0.20748925,-0.0171582479095459
37328,-0.02761300000000011,0.029466106,0.05707910562503349,7.425680000000003,9.907991,2.4823114093017544,5.37515,7.811565,2.436414922332764,0.024455999999999922,0.04788699,0.02343099001073845
37408,-0.03474299999999997,-0.0027983303,0.03194466972838339,3.5769599999999997,4.485968,0.909008112945557,0.7340900000000019,2.4678555,1.733765453491209,-0.024622699999999997,0.017621338,0.042244038367462156
37600,0.4155380000000001,0.38118342,-0.03435458434867866,16.160790000000002,15.007604,-1.1531863546752952,18.21133,17.8782,-0.33312946899414086,0.4152191,0.40277368,-0.012445421697235115
37601,0.355538,0.38118342,0.02564541565132139,15.06079,15.007604,-0.05318635467529376,17.611330000000002,17.8782,0.266870531005857,0.3952191,0.40277368,0.007554578302764903
37726,0.12238699999999991,0.061861347,-0.06052565259289733,12.805680000000002,9.053765,-3.7519147030639672,10.90515,7.1359854,-3.769164625549317,0.03145599999999993,0.0057807877,-0.02567521232715242
37727,0.1023869999999999,0.061861347,-0.04052565259289731,9.40568,9.053765,-0.3519147030639651,8.52515,7.1359854,-1.3891646255493164,0.03145599999999993,0.0057807877,-0.02567521232715242
37789,0.06000899999999998,0.04833403,-0.011674971428155878,14.831130000000002,14.678158,-0.15297219360351733,13.666080000000001,13.540662,-0.1254181881713876,0.0684248999999999,0.10584649,0.03742158698568354
37790,0.09558299999999997,0.08700653,-0.008576468344211552,18.63033,13.527566,-5.102764043884278,17.14777,11.946388,-5.201381755371095,0.1667229,0.06746854,-0.0992543611196518
37890,-0.10817800000000011,-0.10462512,0.0035528792409897925,4.8942400000000035,5.189723,0.2954830148315395,3.090160000000001,3.6147714,0.5246113661193839,0.04883590000000004,0.048307817,-0.0005280825706959202
37898,-0.08817800000000009,-0.10462512,-0.016447120759010225,5.374240000000004,5.189723,-0.18451698516846093,4.100159999999999,3.6147714,-0.48538863388061415,0.05883590000000005,0.048307817,-0.010528082570695929
37973,0.1333209999999999,0.10963332,-0.023687680920123966,1.439070000000001,4.053142,2.6140720707702627,4.57621,7.0253634,2.4491534452819828,0.05661309999999997,0.10647491,0.04986181365671161
38487,-0.04363600000000001,-0.031142501,0.012493498839497574,8.26624,10.049958,1.7837182290649416,7.2173099999999994,10.214425,2.997115086975098,0.06105130000000003,0.12815942,0.06710811870212552
38488,-0.02363599999999999,-0.031142501,-0.007506501160502443,9.566239999999997,10.049958,0.48371822906494444,9.317309999999999,10.214425,0.8971150869750986,0.10405130000000007,0.12815942,0.02410811870212548
38489,0.006364000000000036,-0.031142501,-0.03750650116050247,12.066239999999997,10.049958,-2.0162817709350556,14.017309999999998,10.214425,-3.8028849130249007,0.2590513000000001,0.12815942,-0.13089188129787455
38778,0.030312000000000117,-0.0034924427,-0.033804442658171174,12.867569999999999,9.052476,-3.815094070739745,14.250419999999998,10.916938,-3.3334821719360335,0.24931179999999997,0.13891673,-0.11039506911926267
38780,0.05867700000000009,0.025916435,-0.032760565175533385,10.88559,9.573551,-1.312038822021485,11.42638,8.025023,-3.4013565396118164,0.16388749999999996,0.049581375,-0.11430612502694126
38782,0.0014369999999999106,0.048623648,0.04718664754080781,7.298460000000002,8.784628,1.4861679144287088,8.812490000000002,9.804985,0.9924950463867166,0.14453720000000003,0.14284377,-0.0016934319993973102
38810,0.07156600000000013,0.08407743,0.012511432751655449,7.39648,7.6774187,0.28093870880126914,9.906,9.813052,-0.09294782257080136,0.1392371,0.13523449,-0.004002609963035586
38812,0.07556600000000013,0.08407743,0.008511432751655446,7.606480000000001,7.6774187,0.07093870880126829,9.386000000000001,9.813052,0.4270521774291982,0.11323710000000009,0.13523449,0.021997390036964326
38826,0.150764,0.08132441,-0.06943958658123017,9.409720000000002,7.2091007,-2.2006192767334003,11.58361,7.313372,-4.270237864837647,0.2693011,0.15442477,-0.11487632833347322
38827,0.07876399999999995,0.08132441,0.0025604134187698913,6.169720000000002,7.2091007,1.0393807232666,7.94361,7.313372,-0.6302378648376461,0.15530109999999997,0.15442477,-0.0008763283334731753
38828,0.155764,0.08132441,-0.07443958658123018,10.349720000000001,7.2091007,-3.1406192767334,10.92361,7.313372,-3.6102378648376465,0.1773011000000001,0.15442477,-0.022876328333473306
38829,0.155764,0.08132441,-0.07443958658123018,10.549720000000002,7.2091007,-3.340619276733401,11.08361,7.313372,-3.7702378648376467,0.1883011,0.15442477,-0.033876328333473205
38831,0.3477640000000001,0.08132441,-0.26643958658123024,17.16972,7.2091007,-9.9606192767334,15.81361,7.313372,-8.500237864837647,0.4363011000000001,0.15442477,-0.2818763283334733
38832,0.127764,0.08132441,-0.04643958658123015,4.56972,7.2091007,2.6393807232666013,6.69361,7.313372,0.6197621351623539,0.10030110000000003,0.15442477,0.05412367166652676
38833,-0.06923600000000008,0.08132441,0.1505604134187699,1.989720000000002,7.2091007,5.2193807232666,1.7036100000000012,7.313372,5.609762135162352,0.057301099999999994,0.15442477,0.0971236716665268
38834,-0.059236000000000066,0.08132441,0.1405604134187699,4.3797200000000025,7.2091007,2.829380723266599,3.93361,7.313372,3.3797621351623537,0.07730110000000001,0.15442477,0.07712367166652678
38836,-0.06923600000000008,0.08132441,0.1505604134187699,1.74972,7.2091007,5.459380723266602,-0.04638999999999882,7.313372,7.359762135162352,-0.009698899999999955,0.15442477,0.16412367166652675
39141,0.0014879999999999338,-0.01598884,-0.017476839790224963,6.141820000000003,7.8885884,1.7467684284973117,3.2164399999999986,4.811836,1.5953957658386244,-0.05369219999999997,0.0052975193,0.058989719266605345
39161,0.16622499999999996,0.1268964,-0.039328603720664934,19.096040000000002,15.799785,-3.2962553396606467,19.52153,16.765898,-2.7556322491455063,0.19850879999999993,0.15489604,-0.04361276420955651
39163,0.15622499999999995,0.1268964,-0.029328603720664925,14.906040000000004,15.799785,0.8937446603393511,16.921529999999997,16.765898,-0.1556322491455049,0.17450880000000002,0.15489604,-0.0196127642095566
39222,0.05221500000000012,0.010477886,-0.0417371143960954,7.708349999999999,7.3414736,-0.3668764205932611,12.547250000000002,5.9505568,-6.596693244934084,0.31226410000000004,0.037569918,-0.2746941822615624
39223,0.042215000000000114,0.010477886,-0.03173711439609539,7.418349999999997,7.3414736,-0.07687642059325839,11.797250000000002,5.9505568,-5.846693244934084,0.2822641000000001,0.037569918,-0.24469418226156242
39350,-0.09102100000000002,-0.00645926,0.08456174010625483,7.105720000000005,10.155593,3.049872918395991,2.0325399999999973,6.1961255,4.163585507354739,-0.06192249999999999,0.014967231,0.07688973107993602
39392,0.04981499999999994,0.05222613,0.0024111299192906,5.8782299999999985,4.800433,-1.0777968411254868,7.045549999999999,6.0443616,-1.0011884086608873,0.11202750000000006,0.07482581,-0.0372016915941239
39393,0.08981499999999987,0.05222613,-0.037588870080709325,5.3782299999999985,4.800433,-0.5777968411254868,6.525549999999999,6.0443616,-0.48118840866088775,0.07202750000000002,0.07482581,0.0027983084058761376
39433,-0.0608820000000001,0.029951869,0.09083386857879172,5.511850000000003,7.511293,1.999442934417722,3.8847200000000015,6.260339,2.3756187832641587,-0.0019947999999999633,0.037738208,0.03973300772767063
39700,0.06253400000000009,0.07157091,0.009036910513400942,11.146149999999999,11.062169,-0.08398092498779164,8.488349999999999,8.58186,0.09350958862304815,0.0008162000000000447,0.01756228,0.016746079477715448
39701,0.05253400000000008,0.07157091,0.01903691051340095,10.44615,11.062169,0.6160190750122077,8.388349999999999,8.58186,0.1935095886230478,0.06081619999999999,0.01756228,-0.043253920522284495
39703,0.11253400000000002,0.07157091,-0.04096308948659899,11.346149999999998,11.062169,-0.28398092498779093,9.088349999999998,8.58186,-0.5064904113769515,0.010816199999999943,0.01756228,0.00674607947771555
39887,-0.103707,-0.072146796,0.03156020430994033,1.330490000000001,1.9922103,0.6617202689743031,-1.2855799999999995,0.08799169,1.3735716921257968,-0.01874140000000002,0.0069710575,0.02571245750441553
39888,-0.060707000000000066,-0.072146796,-0.011439795690059595,2.4504899999999985,1.9922103,-0.4582797310256943,1.4044199999999982,0.08799169,-1.316428307874201,0.02425860000000002,0.0069710575,-0.017287542495584507
39889,-0.06570699999999996,-0.072146796,-0.006439795690059702,1.590489999999999,1.9922103,0.40172026897430513,0.01442000000000121,0.08799169,0.07357169212579606,-0.001741400000000115,0.0069710575,0.008712457504415627
40018,0.05502600000000002,-0.024421467,-0.07944746651446821,7.61889,6.332845,-1.2860447889709476,7.265000000000001,5.2103953,-2.0546046638488775,0.02747069999999996,0.044647723,0.017177023436355632
40019,0.04502600000000001,-0.024421467,-0.0694474665144682,6.218889999999998,6.332845,0.11395521102905448,4.665000000000001,5.2103953,0.5453953361511221,-0.0525293,0.044647723,0.09717702343635559
40040,0.02189899999999989,0.027187081,0.005288081053853144,8.78529,9.209176,0.42388606353759783,9.517610000000001,10.134627,0.6170173422241199,0.09322010000000003,0.1088754,0.015655301318073245
40497,-0.018213000000000035,-0.027906217,-0.009693216681003536,11.620159999999998,10.164023,-1.4561366006469711,7.35717,4.999385,-2.357785119934082,-0.024511999999999978,-0.04151684,-0.01700484045791628
41204,-0.031049000000000104,0.03243345,0.06348245022201549,9.805870000000002,12.246518,2.4406481350707985,6.354890000000001,9.431714,3.0768240579223622,-0.015150600000000125,0.052435342,0.06758594222245229
41237,-0.009613000000000094,0.044211373,0.053824372733116244,10.505680000000002,8.158588,-2.3470915905761736,7.565150000000001,7.530416,-0.034733988189698195,0.014455999999999913,0.082728416,0.06827241572761544
41238,0.004386999999999919,0.007489676,0.0031026761216224052,11.49568,11.569229,0.07354912597656238,8.65515,10.331234,1.6760839782714836,0.027455999999999925,0.11112037,0.08366437301063545
41251,0.07950899999999994,0.07543184,-0.004077161368369997,9.851770000000002,9.659311,-0.19245870544433785,9.865739999999999,8.901949,-0.963791071166991,0.10065210000000002,0.07703722,-0.023614877316570304
41279,0.025386999999999937,0.029466106,0.004079105625033441,13.905680000000002,9.907991,-3.9976885906982442,9.385150000000001,7.811565,-1.5735850776672375,-0.04754400000000014,0.04788699,0.09543099001073851
41325,-0.047784999999999966,0.010477886,0.05826288560390469,7.488349999999997,7.3414736,-0.14687642059325867,2.497250000000001,5.9505568,3.453306755065917,-0.08773589999999998,0.037569918,0.12530581773843763
41326,0.15738699999999994,0.035325877,-0.12206112263154978,10.705680000000001,9.20228,-1.503399955444337,11.50515,7.457498,-4.04765192642212,0.12145600000000001,0.046353202,-0.07510279768681527
41327,0.28238699999999994,0.035325877,-0.24706112263154978,14.805680000000002,9.20228,-5.603399955444338,14.70515,7.457498,-7.247651926422119,0.14145599999999992,0.046353202,-0.09510279768681518
41328,0.30238699999999996,0.035325877,-0.2670611226315498,17.405680000000004,9.20228,-8.20339995544434,17.90515,7.457498,-10.447651926422118,0.38145599999999996,0.046353202,-0.3351027976868152
41350,-0.02761300000000011,0.061861347,0.0894743474071027,7.505680000000002,9.053765,1.5480852969360335,7.805150000000001,7.1359854,-0.6691646255493175,0.1314559999999999,0.0057807877,-0.1256752123271524
41367,0.30238699999999996,0.035325877,-0.2670611226315498,11.925680000000003,9.20228,-2.7233999554443393,12.44515,7.457498,-4.987651926422119,0.03145599999999993,0.046353202,0.01489720231318481
41538,0.05852900000000005,0.06490285,0.006373849495410866,3.2787599999999983,3.9629183,0.6841582815551774,12.536719999999999,9.4916935,-3.0450265032958974,0.46920370000000006,0.2957484,-0.17345528739089972
41539,0.06852900000000006,0.06490285,-0.003626150504589143,5.278759999999998,3.9629183,-1.3158417184448226,13.92672,9.4916935,-4.435026503295898,0.5092037,0.2957484,-0.2134552873908997
41540,0.05852900000000005,0.06490285,0.006373849495410866,3.988759999999999,3.9629183,-0.025841718444823414,5.866719999999999,9.4916935,3.6249734967041025,0.0992037,0.2957484,0.19654471260910034
41541,0.08852899999999997,0.06490285,-0.02362615050458905,4.278759999999998,3.9629183,-0.31584171844482256,6.566719999999998,9.4916935,2.9249734967041032,0.0992037,0.2957484,0.19654471260910034
41678,0.3702383,0.23442848,-0.1358098197324753,18.62678,12.899776,-5.727003541259766,15.89093,10.6157875,-5.275142493896485,0.46802509999999997,0.35258952,-0.1154355821681976
41746,-0.038112000000000146,-0.04058312,-0.002471118796348426,7.97804,5.871967,-2.10607316116333,6.362019999999999,5.35146,-1.010560019989013,0.06489519999999993,0.046402615,-0.018492585436296394
41747,-0.038112000000000146,-0.04058312,-0.002471118796348426,5.97804,5.871967,-0.1060731611633301,6.26202,5.35146,-0.9105600199890134,0.034895199999999904,0.046402615,0.011507414563703633
41748,-0.048112000000000155,-0.04058312,0.007528881203651583,4.97804,5.871967,0.8939268388366699,3.3620199999999993,5.35146,1.989439980010987,0.024895200000000006,0.046402615,0.02150741456370353
41749,-0.048112000000000155,-0.04058312,0.007528881203651583,4.378040000000002,5.871967,1.4939268388366678,4.362019999999999,5.35146,0.989439980010987,0.014895199999999997,0.046402615,0.03150741456370354
41823,0.058694000000000135,0.096026264,0.03733226413106905,19.70765,18.12805,-1.5796001495361338,18.1997,17.38801,-0.8116899749755859,0.1525301,0.12928718,-0.02324291671524048
41876,0.06793399999999994,0.06122781,-0.006706190362214981,4.06833,6.678792,2.610461999816895,4.240360000000001,5.5376654,1.297305367126464,0.02952010000000005,0.019067524,-0.010452575998997737
41908,0.009717700000000051,-0.00873563,-0.018453329729926637,8.805240000000001,7.641846,-1.163393820037843,8.571629999999999,7.483801,-1.0878291119384755,0.09719449999999996,0.08886287,-0.00833162638616558
42007,-0.08114550000000009,-0.07556464,0.005580862219810578,6.02018,5.33549,-0.6846897732543944,3.5999199999999973,3.0031726,-0.5967473639678929,-0.01939920000000006,0.005488484,0.024887684166562618
42008,-0.10114550000000011,-0.07556464,0.025580862219810596,4.120180000000001,5.33549,1.2153102267456042,0.9499199999999988,3.0031726,2.0532526360321057,-0.01939920000000006,0.005488484,0.024887684166562618
42009,-0.0911455000000001,-0.07556464,0.015580862219810587,4.620180000000001,5.33549,0.7153102267456042,2.4499199999999988,3.0031726,0.5532526360321057,0.030600799999999984,0.005488484,-0.025112315833437426
42123,0.028456000000000037,0.0678003,0.03934429833316799,0.716190000000001,2.734236,2.018046001968383,2.4027600000000007,5.2194357,2.8166756918334954,0.0694509000000001,0.12077311,0.05132220681343069
42173,0.06238699999999997,0.08143986,0.0190528601651192,26.56568,12.784938,-13.780742141418457,19.40515,11.675083,-7.730066839599608,0.24145599999999995,0.13416553,-0.10729047456359858
42174,0.1023869999999999,0.08143986,-0.020947139834880724,10.38568,12.784938,2.3992578585815423,11.40515,11.675083,0.26993316040038984,0.16145599999999993,0.13416553,-0.027290474563598566
42175,0.19238699999999997,0.08143986,-0.1109471398348808,16.77568,12.784938,-3.9907421414184583,15.305150000000001,11.675083,-3.6300668395996105,0.18145599999999995,0.13416553,-0.047290474563598583
