target,train_sample_count,train_MAE,train_MSE,train_RMSE,train_R2,test_sample_count,test_MAE,test_MSE,test_RMSE,test_R2,gap_MAE(test-train),gap_RMSE(test-train),gap_R2(train-test)
delta_Voc,1250,0.052908642774121925,0.006511288286086605,0.08069255409321609,0.5755031401455974,413,0.06187724251607846,0.00991044045359468,0.09955119513895692,0.29974237091313516,0.008968599741956532,0.018858641045740837,0.2757607692324623
delta_Jsc,1254,1.903433712577781,9.043308947178081,3.007209495059844,0.6064369639180422,413,2.343037428242619,12.085354098420309,3.4763995884277037,0.4148963856880413,0.439603715664838,0.4691900933678599,0.19154057823000092
delta_PCE,1289,2.162503142155811,9.1637287937226,3.0271651414685983,0.6386072236391026,431,2.802912275410971,14.326720788757566,3.785065493324728,0.43338058147757796,0.6404091332551598,0.7579003518561298,0.20522664216152464
delta_FF,1242,0.055141451278217485,0.006616794742781188,0.08134368286954549,0.5914141025336742,410,0.0813702255843019,0.05694233200156,0.23862592483123035,0.08404746183894962,0.026228774306084418,0.15728224196168486,0.5073666406947246
