Ref_ID,delta_Voc_true,delta_Voc_pred,delta_Voc_error,delta_Jsc_true,delta_Jsc_pred,delta_Jsc_error,delta_PCE_true,delta_PCE_pred,delta_PCE_error,delta_FF_true,delta_FF_pred,delta_FF_error
20,0.10898999999999992,0.054835055,-0.05415494497656814,12.851590000000002,9.544183,-3.3074072225952165,10.28508,7.014031,-3.2710490666198737,-0.006516399999999978,-0.0087551605,-0.0022387604956388696
22,-0.041154000000000135,-0.060065024,-0.01891102360105501,13.580079999999999,12.179567,-1.400512662963866,12.088349999999998,10.080799,-2.0075508972167952,0.10617929999999998,0.07124379,-0.034935507227706886
23,-0.07115400000000016,-0.060065024,0.011088976398945016,11.580079999999999,12.179567,0.599487337036134,9.18835,10.080799,0.8924491027832033,0.059179300000000046,0.07124379,0.012064492772293045
24,-0.08115400000000017,-0.060065024,0.021088976398945025,11.250079999999997,12.179567,0.9294873370361358,8.18835,10.080799,1.8924491027832033,0.03317930000000002,0.07124379,0.03806449277229307
25,-0.051154000000000144,-0.060065024,-0.008911023601055001,11.70008,12.179567,0.479487337036133,10.388349999999999,10.080799,-0.30755089721679596,0.09517929999999997,0.07124379,-0.023935507227706876
26,-0.041154000000000135,-0.060065024,-0.01891102360105501,13.580079999999999,12.179567,-1.400512662963866,12.088349999999998,10.080799,-2.0075508972167952,0.10617929999999998,0.07124379,-0.034935507227706886
27,-0.08115400000000017,-0.060065024,0.021088976398945025,11.250079999999997,12.179567,0.9294873370361358,8.18835,10.080799,1.8924491027832033,0.03317930000000002,0.07124379,0.03806449277229307
72,-0.09866200000000003,-0.052909393,0.04575260713648799,5.228439999999999,7.6931677,2.4647276864624033,2.2971799999999973,4.7070465,2.409866508789065,-0.004401800000000011,0.025563944,0.029965744131135952
89,0.021665000000000045,0.0028979317,-0.018767068271487997,8.310340000000004,7.9446316,-0.3657084234619177,7.1113,6.9008636,-0.21043635253906245,0.045322799999999996,0.062249694,0.01692689401955605
90,-0.07833500000000004,0.0028979317,0.08123293172851209,5.310340000000004,7.9446316,2.6342915765380823,2.9113000000000007,6.9008636,3.989563647460937,0.01532279999999997,0.062249694,0.046926894019556076
91,-0.07833500000000004,0.0028979317,0.08123293172851209,6.310340000000004,7.9446316,1.6342915765380823,5.1113,6.9008636,1.7895636474609375,0.07532280000000002,0.062249694,-0.013073105980443978
169,-0.028512000000000093,-0.018042699,0.010469301497459504,6.381820000000001,7.8129416,1.431121551208495,2.5964399999999976,4.8041744,2.207734423217776,-0.06569219999999998,0.005509544,0.07120174416394232
170,-0.008512000000000075,-0.018042699,-0.009530698502540513,7.301820000000003,7.8129416,0.5111215512084932,4.096439999999999,4.8041744,0.707734423217774,-0.04369219999999996,0.005509544,0.049201744163942296
171,0.04148799999999997,-0.018042699,-0.05953069850254056,7.151820000000004,7.8129416,0.6611215512084918,5.9264399999999995,4.8041744,-1.122265576782226,0.018307800000000096,0.005509544,-0.01279825583605776
267,-0.11485750000000006,-0.1007633,0.014094201428890285,5.84205,6.0387764,0.19672639770507772,2.4481800000000007,3.7828689,1.334688862152099,0.0021046999999999594,0.03668606,0.03458135908751492
297,0.012386999999999926,0.030066876,0.01767987574088581,8.535680000000003,9.93771,1.4020298083496066,6.09515,7.8252788,1.7301287590026853,-0.005544000000000104,0.04891659,0.05446058946871768
391,0.13438699999999992,0.036062192,-0.09832480782818787,5.09768,9.2560625,4.158382507629394,6.34515,7.5119696,1.1668195663452146,0.024455999999999922,0.047419738,0.022963738024473268
411,-0.059236000000000066,-0.04866637,0.010569630830049581,1.2597200000000015,2.1456697,0.8859496987152085,0.9736100000000008,0.24704723,-0.72656276939869,0.04030109999999998,0.007306245,-0.03299485484436748
412,-0.059236000000000066,-0.04866637,0.010569630830049581,0.8897200000000005,2.1456697,1.2559496987152095,-0.37639000000000067,0.24704723,0.6234372306013114,0.0003011000000000541,0.007306245,0.007005145155632442
413,-0.08023599999999997,-0.04866637,0.03156963083004949,0.8697200000000009,2.1456697,1.275949698715209,-1.6763900000000014,0.24704723,1.923437230601312,-0.03969889999999998,0.007306245,0.04700514515563248
414,-0.09223599999999998,-0.04866637,0.0435696308300495,0.1297200000000025,2.1456697,2.0159496987152075,-2.706389999999999,0.24704723,2.9534372306013097,-0.04969889999999999,0.007306245,0.057005145155632486
415,-0.09023599999999998,-0.04866637,0.0415696308300495,1.149720000000002,2.1456697,0.9959496987152079,-1.336389999999998,0.24704723,1.5834372306013087,-0.029698899999999973,0.007306245,0.03700514515563247
475,0.04858899999999999,-0.020455811,-0.06904481117272376,12.73254,7.1567707,-5.575769293823242,13.378440000000001,6.9201646,-6.458275414886476,0.23888559999999992,0.097613096,-0.1412725037628173
529,-0.03254800000000002,0.006640699,0.03918869922640922,7.878070000000001,7.5979867,-0.28008330184936625,7.11388,7.934068,0.8201882029724121,0.07242290000000007,0.11089439,0.03847148945055001
853,-0.007784999999999931,0.012128454,0.019913453701734474,8.338349999999998,9.500116,1.1617663482666032,6.567250000000001,6.3663616,-0.20088838195800918,0.06626410000000005,-0.009296927,-0.07556102666977649
854,-0.03778499999999996,0.012128454,0.0499134537017345,7.43835,9.500116,2.0617663482666018,4.247250000000001,6.3663616,2.119111618041991,0.009264100000000108,-0.009296927,-0.018561026669776548
855,0.012215000000000087,0.012128454,-8.654629826554405e-05,10.338349999999998,9.500116,-0.8382336517333968,7.3572500000000005,6.3663616,-0.9908883819580083,0.04126410000000014,-0.009296927,-0.050561026669776576
919,-0.048904999999999976,-0.015517446,0.033387553787529445,8.654140000000002,9.096562,0.4424223855590803,6.094740000000002,6.426288,0.3315481278991683,0.005674199999999963,0.025327643,0.01965344337956909
924,0.0955379999999999,0.11987988,0.02434187905740748,11.14883,10.625464,-0.5233655606079104,12.097650000000002,11.279659,-0.8179907287597672,0.06766990000000006,0.03368256,-0.03398734131445891
925,0.14553799999999995,0.11987988,-0.025658120942592566,10.548830000000002,10.625464,0.07663443939208747,12.29765,11.279659,-1.0179907287597665,0.06366989999999995,0.03368256,-0.029987341314458793
926,0.0955379999999999,0.11987988,0.02434187905740748,10.748830000000002,10.625464,-0.12336556060791182,10.29765,11.279659,0.9820092712402335,0.002669900000000003,0.03368256,0.03101265868554115
927,0.12553799999999993,0.11987988,-0.005658120942592548,10.548830000000002,10.625464,0.07663443939208747,11.197650000000001,11.279659,0.08200927124023316,0.027669900000000025,0.03368256,0.006012658685541128
928,0.08553799999999989,0.11987988,0.03434187905740749,10.64883,10.625464,-0.023365560607910396,9.49765,11.279659,1.7820092712402342,-0.02433010000000002,0.03368256,0.058012658685541174
929,0.14553799999999995,0.11987988,-0.025658120942592566,10.64883,10.625464,-0.023365560607910396,12.197650000000001,11.279659,-0.9179907287597668,0.05466990000000005,0.03368256,-0.020987341314458896
930,0.10553799999999991,0.11987988,0.01434187905740747,11.14883,10.625464,-0.5233655606079104,10.597650000000002,11.279659,0.6820092712402328,-0.009330100000000008,0.03368256,0.04301265868554116
931,0.19553799999999988,0.11987988,-0.0756581209425925,10.548830000000002,10.625464,0.07663443939208747,13.79765,11.279659,-2.5179907287597665,0.10166989999999998,0.03368256,-0.06798734131445883
932,0.10553799999999991,0.11987988,0.01434187905740747,10.14883,10.625464,0.4766344393920896,10.89765,11.279659,0.38200927124023387,0.03566990000000003,0.03368256,-0.001987341314458879
946,0.022823999999999955,0.026403975,0.003579974741697356,8.532060000000001,7.8834643,-0.6485956636047376,10.913789999999999,9.838511,-1.0752785330200183,0.23265439999999993,0.18508066,-0.04757373763027184
949,0.01682399999999995,0.026403975,0.009579974741697361,6.882059999999999,7.8834643,1.0014043363952645,8.68379,9.838511,1.1547214669799803,0.16165439999999998,0.18508066,0.023426262369728112
950,0.03682399999999997,0.026403975,-0.010420025258302656,7.5720600000000005,7.8834643,0.3114043363952632,9.583789999999999,9.838511,0.25472146697998177,0.1756544,0.18508066,0.0094262623697281
951,0.01682399999999995,0.026403975,0.009579974741697361,6.882059999999999,7.8834643,1.0014043363952645,8.68379,9.838511,1.1547214669799803,0.16165439999999998,0.18508066,0.023426262369728112
952,0.020823999999999954,0.026403975,0.005579974741697358,9.91206,7.8834643,-2.0285956636047366,11.60379,9.838511,-1.7652785330200196,0.2026544,0.18508066,-0.017573737630271924
1145,-0.03778499999999996,0.012128454,0.0499134537017345,7.84835,9.500116,1.6517663482666016,4.317250000000001,6.3663616,2.049111618041991,-0.03173590000000004,-0.009296927,0.0224389733302236
1147,-0.047784999999999966,0.012128454,0.05991345370173451,7.958349999999999,9.500116,1.5417663482666022,4.387250000000002,6.3663616,1.9791116180419905,-0.027735899999999925,-0.009296927,0.018438973330223485
1148,-0.047784999999999966,0.012128454,0.05991345370173451,7.34835,9.500116,2.1517663482666016,3.827250000000003,6.3663616,2.5391116180419893,-0.029735899999999926,-0.009296927,0.020438973330223487
1149,-0.047784999999999966,0.012128454,0.05991345370173451,8.11835,9.500116,1.381766348266602,4.407250000000001,6.3663616,1.959111618041991,-0.036735900000000044,-0.009296927,0.027438973330223604
1150,-0.047784999999999966,0.012128454,0.05991345370173451,7.948349999999998,9.500116,1.5517663482666038,4.0972500000000025,6.3663616,2.2691116180419897,-0.04373589999999994,-0.009296927,0.0344389733302235
1152,-0.07778499999999999,0.012128454,0.08991345370173454,7.968349999999997,9.500116,1.5317663482666042,3.4072500000000012,6.3663616,2.959111618041991,-0.04773589999999994,-0.009296927,0.0384389733302235
1153,-0.047784999999999966,0.012128454,0.05991345370173451,7.858349999999998,9.500116,1.6417663482666036,4.05725,6.3663616,2.3091116180419924,-0.03373589999999993,-0.009296927,0.02443897333022349
1166,-0.025123000000000006,-0.014313103,0.01080989730018378,10.868780000000001,10.52698,-0.3417995999145518,8.71107,8.5476265,-0.1634435046386713,0.07799310000000004,0.076022364,-0.001970735800838508
1241,-0.08093600000000001,-0.063637435,0.01729856456375123,6.871929999999999,7.665841,0.7939111026000987,4.97016,5.5002394,0.5300793722534181,0.04375220000000002,0.061942972,0.018190772242832165
1242,-0.08093600000000001,-0.063637435,0.01729856456375123,6.871929999999999,7.665841,0.7939111026000987,4.97016,5.5002394,0.5300793722534181,0.04375220000000002,0.061942972,0.018190772242832165
1352,0.011989999999999945,0.060990438,0.04900043786525732,5.66159,10.525465,4.863875011596679,3.0350800000000007,7.939503,4.904423192901611,-0.04651640000000001,0.034565113,0.08108151348485948
1354,-0.07801000000000013,0.060990438,0.1390004378652574,5.041590000000003,10.525465,5.483875011596677,0.07507999999999981,7.939503,7.8644231929016115,-0.08451640000000005,0.034565113,0.11908151348485951
1356,-0.07951200000000003,-0.013686098,0.0658259018416405,6.721820000000001,8.478956,1.7571362225341787,3.0164399999999993,4.993724,1.9772838693237311,-0.04269220000000007,-0.016032305,0.026659895385217736
1360,-0.049512,-0.013686098,0.03582590184164047,11.831820000000004,8.478956,-3.3528637774658243,6.716439999999999,4.993724,-1.7227161306762682,-0.06469219999999987,-0.016032305,0.04865989538521753
1362,-0.08351200000000003,-0.013686098,0.0698259018416405,6.031820000000003,8.478956,2.4471362225341764,1.0964399999999976,4.993724,3.897283869323733,-0.07769219999999999,-0.016032305,0.061659895385217656
1363,-0.08051200000000014,-0.013686098,0.06682590184164061,5.791820000000001,8.478956,2.6871362225341784,1.326439999999998,4.993724,3.6672838693237324,-0.06269219999999998,-0.016032305,0.04665989538521764
1365,-0.08851200000000015,-0.013686098,0.07482590184164062,6.421820000000004,8.478956,2.057136222534176,1.6164400000000008,4.993724,3.3772838693237297,-0.06669219999999998,-0.016032305,0.050659895385217646
1507,0.012513999999999914,0.034359545,0.021845544515609827,9.17998,8.52868,-0.6513001522827153,6.937480000000001,7.181162,0.2436818804931633,0.013848599999999989,0.03754473,0.023696131050729763
1612,-0.12320760000000008,-0.09893044,0.024277159156894768,6.627849999999999,6.752154,0.12430387344360483,6.314879999999999,6.512928,0.1980480090332044,0.16362789999999994,0.17168956,0.008061655048942629
1613,0.025188999999999906,0.03056022,0.005371219660401438,7.72472,6.090892,-1.6338281619262691,2.6573899999999995,2.5549216,-0.10246837295532174,-0.13557419999999998,-0.07594597,0.05962822660369871
1614,-0.019187000000000065,0.023899855,0.04308685509216792,1.9827999999999992,2.519017,0.5362169811248787,0.860557,2.6055222,1.7449651557617187,-0.01110600000000006,0.13081138,0.14191737835979468
1615,-0.09141730000000003,-0.07799398,0.01342331845979694,3.299900000000001,4.7211285,1.4212284637451162,2.9269100000000012,4.025773,1.0988630484008777,0.09641650000000002,0.085050054,-0.01136644610548021
1616,0.10381299999999993,0.023899855,-0.07991314490783208,2.912799999999999,2.519017,-0.393783018875121,5.190557,2.6055222,-2.5850348442382813,0.32689400000000013,0.13081138,-0.1960826216402055
1821,0.0823830000000001,0.07468575,-0.0076972476081849095,14.43186,13.60869,-0.82316973815918,14.66864,13.610368,-1.058272225036621,0.12868599999999997,0.11396898,-0.014717016707420316
1822,0.07238300000000009,0.07468575,0.0023027523918150994,12.731859999999998,13.60869,0.8768302618408228,12.71864,13.610368,0.8917277749633783,0.09768599999999994,0.11396898,0.01628298329257971
2024,0.031665000000000054,0.039385665,0.007720665208101218,7.300340000000002,7.655357,0.3550168840026835,6.0013000000000005,6.371488,0.37018809432983346,0.01532279999999997,0.011388,-0.003934799899148911
2025,0.031665000000000054,0.039385665,0.007720665208101218,7.410340000000005,7.655357,0.2450168840026805,5.0113,6.371488,1.3601880943298337,-0.034677199999999964,0.011388,0.04606520010085102
2026,-0.04833500000000002,0.039385665,0.08772066520810129,7.190340000000003,7.655357,0.46501688400268293,2.7113000000000014,6.371488,3.6601880943298326,-0.0746772,0.011388,0.08606520010085106
2027,0.18166500000000008,0.039385665,-0.1422793347918988,8.710340000000002,7.655357,-1.0549831159973166,8.8613,6.371488,-2.489811905670166,0.01532279999999997,0.011388,-0.003934799899148911
2028,0.05166500000000007,0.039385665,-0.0122793347918988,8.910340000000005,7.655357,-1.2549831159973195,7.2113,6.371488,-0.8398119056701656,0.017322800000000083,0.011388,-0.005934799899149024
2029,0.0776650000000001,0.039385665,-0.03827933479189882,7.110340000000004,7.655357,0.5450168840026812,6.901299999999999,6.371488,-0.5298119056701651,0.03532279999999999,0.011388,-0.02393479989914893
2030,0.0766650000000001,0.039385665,-0.03727933479189882,7.110340000000004,7.655357,0.5450168840026812,6.331300000000001,6.371488,0.04018809432983339,0.007322800000000074,0.011388,0.004065200100850985
2031,0.04666500000000007,0.039385665,-0.007279334791898795,7.110340000000004,7.655357,0.5450168840026812,4.401299999999999,6.371488,1.9701880943298349,-0.06467719999999999,0.011388,0.07606520010085105
2032,0.2016650000000001,0.039385665,-0.16227933479189882,8.810340000000004,7.655357,-1.154983115997318,9.7913,6.371488,-3.4198119056701657,0.0503228,0.011388,-0.03893479989914894
2039,0.9943960000000001,0.8950178,-0.09937819728469854,31.257279999999994,30.128412,-1.1288677532958928,13.1925,13.4088745,0.21637451171874922,0.16212749999999998,0.16703162,0.004904115972518941
2078,0.13155400000000006,0.109593734,-0.02196026585483557,25.90036,22.720493,-3.1798666833496085,20.512600000000003,17.412657,-3.0999432159423854,0.23002840000000002,0.15482745,-0.07520095425453188
2085,-0.0890740000000001,-0.05898493,0.030089068441629507,5.194769999999998,6.1326523,0.9378822827148454,10.043779999999998,8.567166,-1.4766136715698224,0.23568959999999994,0.17837086,-0.057318736800765935
2086,-0.04907400000000006,-0.05898493,-0.009910931558370528,5.894769999999998,6.1326523,0.23788228271484613,7.473779999999998,8.567166,1.093386328430178,0.1626896,0.17837086,0.01568126319923402
2087,-0.019074000000000035,-0.05898493,-0.039910931558370555,7.694769999999998,6.1326523,-1.5621177172851546,9.503779999999999,8.567166,-0.9366136715698232,0.1876896,0.17837086,-0.009318736800766003
2099,-0.04815400000000003,0.01008452,0.05823852009409669,4.81475,6.6781244,1.86337442779541,4.805869999999999,6.835652,2.0297818745422376,0.07766270000000008,0.087430365,0.009767665383624946
2115,-0.07377500000000015,-0.017123861,0.05665113876163974,9.246040000000004,11.047551,1.8015111550903278,8.62153,10.362831,1.7413011157226563,0.09850879999999995,0.094455704,-0.004053095907020521
2699,0.20542700000000003,0.19081716,-0.014609837605476406,17.65475,16.75886,-0.8958903656005859,18.11934,17.715014,-0.4043264959716808,0.08701829999999988,0.12128016,0.03426186352653515
2757,-0.03398239999999997,-0.027365802,0.006616598144078223,10.1113,10.37828,0.26697968597412114,7.798629999999999,7.979645,0.18101477539062572,0.026508100000000034,0.048926648,0.022418547752523388
2837,-0.009128000000000025,-0.00033262605,0.008795373951524521,7.0259300000000025,7.810453,0.7845229380798315,5.4815000000000005,6.0665574,0.5850574073791499,0.025827899999999904,0.03428133,0.008453428320503331
2844,0.20542700000000003,0.19081716,-0.014609837605476406,18.69475,16.75886,-1.935890365600585,18.849339999999998,17.715014,-1.1343264959716777,0.0990183,0.12128016,0.02226186352653503
2874,-8.900000000000574e-05,0.038299218,0.03838821782016755,7.625859999999999,9.104229,1.4783689733886725,5.19356,9.138621,3.9450613302612307,-0.01323350000000001,0.1312671,0.14450060057258607
2875,0.06991100000000006,0.038299218,-0.031611782179832515,7.835859999999997,9.104229,1.2683689733886752,9.743559999999999,9.138621,-0.6049386697387682,0.18676649999999995,0.1312671,-0.05549939942741389
2876,0.08991099999999996,0.038299218,-0.05161178217983242,9.85586,9.104229,-0.751631026611328,12.00356,9.138621,-2.8649386697387698,0.2367665,0.1312671,-0.10549939942741393
2877,-0.057613000000000136,0.030066876,0.08767987574088587,6.955680000000001,9.93771,2.9820298083496084,2.9451500000000017,7.8252788,4.880128759002684,-0.04854400000000003,0.04891659,0.0974605894687176
2900,0.03198999999999996,0.008073333,-0.02391666728049513,7.4415900000000015,7.559651,0.11806089797973485,6.205080000000001,5.768744,-0.43633600814819395,0.021483599999999936,0.01935492,-0.002128679165697034
2901,-0.04801000000000011,0.008073333,0.05608333271950494,7.0615900000000025,7.559651,0.49806089797973385,3.9550800000000024,5.768744,1.8136639918518043,-0.014516399999999985,0.01935492,0.03387132083430289
3218,0.012386999999999926,0.036062192,0.02367519217181213,9.58568,9.2560625,-0.32961749237060545,6.12515,7.5119696,1.3868195663452152,-0.041544000000000025,0.047419738,0.08896373802447322
3384,-0.007613000000000092,0.036062192,0.04367519217181215,9.075680000000002,9.2560625,0.18038250762939256,6.92515,7.5119696,0.5868195663452145,0.03145599999999993,0.047419738,0.015963738024473262
3385,-0.007613000000000092,0.036062192,0.04367519217181215,6.74568,9.2560625,2.5103825076293944,5.50515,7.5119696,2.0068195663452144,0.04145599999999994,0.047419738,0.005963738024473253
3415,0.002386999999999917,0.036062192,0.03367519217181214,7.2256800000000005,9.2560625,2.030382507629394,10.00515,7.5119696,-2.4931804336547856,0.221456,0.047419738,-0.1740362619755268
3499,-0.022612999999999994,0.030066876,0.05267987574088573,8.705680000000001,9.93771,1.2320298083496084,6.10515,7.8252788,1.7201287590026855,0.014455999999999913,0.04891659,0.03446058946871766
3503,0.055593399999999904,0.05989382,0.004300420434808827,10.060030000000001,9.897573,-0.1624565289306652,8.46496,8.85228,0.3873196630859379,0.033296800000000015,0.046378244,0.013081443714570984
3504,0.06326029999999994,0.083125606,0.01986530617923743,10.113310000000002,10.065932,-0.047377726135255926,8.83856,9.014835,0.17627535766601632,0.0494325000000001,0.088873275,0.039440774624347585
3505,0.11307089999999997,0.11207526,-0.0009956382283210496,7.685870000000001,7.0845265,-0.6013434611511244,8.282560000000002,7.890271,-0.39228881317138864,0.07635189999999992,0.07060191,-0.005749989647293008
3506,0.1269038,0.11089161,-0.016012189616012584,6.469799999999999,8.032154,1.5623540832519538,9.61413,8.979866,-0.6342639721679681,0.1857726999999999,0.13596638,-0.049806324529838464
3552,-0.071075,-0.028141992,0.042933007833361625,3.4377199999999988,5.1875997,1.7498796589660657,4.935819999999998,6.1185746,1.182754619293215,0.14329009999999998,0.12590139,-0.017388713858222937
3553,-0.10107500000000003,-0.028141992,0.07293300783336165,2.887719999999998,5.1875997,2.2998796589660664,2.9458199999999977,6.1185746,3.1727546192932152,0.09829009999999994,0.12590139,0.027611286141777103
3554,-0.11107500000000003,-0.028141992,0.08293300783336166,3.257719999999999,5.1875997,1.9298796589660654,3.9958199999999984,6.1185746,2.1227546192932145,0.13129009999999997,0.12590139,-0.005388713858222927
3568,-0.07761300000000015,0.036062192,0.11367519217181221,8.63568,9.2560625,0.6203825076293938,4.60515,7.5119696,2.9068195663452148,-0.018544000000000005,0.047419738,0.0659637380244732
3655,0.14238699999999993,0.030066876,-0.1123201242591142,11.075680000000002,9.93771,-1.1379701916503926,11.82515,7.8252788,-3.999871240997315,0.14445599999999992,0.04891659,-0.09553941053128234
3697,0.04356000000000004,0.0751317,0.03157169944286342,9.923950000000001,9.732862,-0.1910875274658217,13.021430000000002,11.143252,-1.878177627258303,0.2727328,0.19667642,-0.07605638181476593
3698,0.06256000000000006,0.0751317,0.012571699442863404,7.32395,9.732862,2.4089124725341797,10.021430000000002,11.143252,1.121822372741697,0.1657328,0.19667642,0.030943618185234056
3699,0.04156000000000004,0.0751317,0.03357169944286342,8.223950000000002,9.732862,1.5089124725341776,9.521430000000002,11.143252,1.621822372741697,0.1377328,0.19667642,0.05894361818523408
3700,0.06056000000000006,0.0751317,0.014571699442863406,10.52395,9.732862,-0.7910875274658196,12.221430000000002,11.143252,-1.0781776272583024,0.22373279999999995,0.19667642,-0.027056381814765884
3701,0.04856000000000005,0.0751317,0.026571699442863417,8.423950000000001,9.732862,1.3089124725341783,8.021430000000002,11.143252,3.121822372741697,0.1417328,0.19667642,0.05494361818523408
3709,-0.06148600000000015,-0.03803805,0.02344795110678688,8.263110000000001,5.434977,-2.828132945404054,9.182830000000001,4.7496047,-4.433225298004151,0.18898579999999998,0.08161761,-0.10736819133358
3789,-0.047784999999999966,0.015991904,0.06377690384149548,4.338349999999998,8.916053,4.5777028182983415,1.707250000000002,6.472557,4.765307067871092,-0.07773589999999997,0.017953899,0.09568979875769612
3822,0.12687400000000004,0.146957,0.020082995129585224,13.205739999999999,13.675572,0.46983239532470833,11.694909999999998,12.71814,1.0232296484375016,0.06629810000000003,0.07820024,0.011902143413448307
3823,0.21777599999999997,0.18941791,-0.02835808644390103,13.50573,13.6259775,0.12024751617431662,13.27467,12.874843,-0.39982735626220745,0.10399120000000006,0.08162636,-0.022364836901378693
3824,0.23875599999999997,0.22011483,-0.018641172843933074,14.405720000000004,13.530569,-0.8751509234619181,13.698649999999997,11.68904,-2.009609815979001,0.09943730000000006,0.068108775,-0.031328525278377595
3825,0.26937999999999995,0.23369029,-0.03568970835685725,14.555710000000001,14.2364235,-0.31928650756836063,13.9799,13.498845,-0.48105489959716863,0.0853756,0.08556526,0.00018966154279709269
3826,0.260035,0.1921074,-0.0679276056623459,14.725700000000002,13.929451,-0.7962490112304703,14.618500000000001,13.393087,-1.22541261291504,0.14720520000000004,0.12762251,-0.01958268503685001
3827,0.3823869999999999,0.02108543,-0.3613015700633525,19.805680000000002,9.770583,-10.035096847229006,17.21515,7.929666,-9.28548395767212,0.13345600000000002,0.054483164,-0.07897283589816095
3903,-0.04657800000000001,0.015131738,0.061709738036870965,8.36578,9.811434,1.445653792114257,6.605729999999999,7.939629,1.3338990779113775,0.05507470000000003,0.03812447,-0.01695023182244304
3953,-0.08910499999999999,-0.05019001,0.03891499082326888,4.127230000000001,5.024219,0.8969890361022941,2.9410600000000002,6.5241437,3.5830836958312986,0.053047100000000014,0.13002124,0.07697414428749083
3955,-0.019104999999999928,-0.05019001,-0.031085009176731182,5.227229999999999,5.024219,-0.2030109638977038,15.251060000000003,6.5241437,-8.726916304168704,0.5230471,0.13002124,-0.39302585571250914
4012,0.003422000000000036,-0.024776578,-0.028198577949523962,8.035780000000003,8.553634,0.5178536898803685,8.10573,7.4343123,-0.6714176564025873,0.10707470000000008,0.038681295,-0.06839340523095139
4028,0.05238699999999996,0.06404265,0.011655650163173714,8.105680000000003,9.050111,0.9444308169555633,6.00515,7.1753616,1.1702116333007808,-0.028544000000000014,0.005886219,0.03443021897622944
4076,0.16574499999999992,0.09226026,-0.07348474359035484,8.708979999999997,9.273279,0.5642991900634797,10.226890000000001,8.532028,-1.6948618017578134,0.14256879999999994,0.08156848,-0.06100032046203607
4101,-0.007613000000000092,0.02108543,0.028698429936647507,5.4756800000000005,9.770583,4.2949031527709955,6.03515,7.929666,1.894516042327881,0.09445599999999998,0.054483164,-0.03997283589816092
4102,-0.057613000000000136,0.02108543,0.07869842993664755,4.625680000000003,9.770583,5.144903152770993,3.235150000000001,7.929666,4.69451604232788,0.03545600000000004,0.054483164,0.019027164101839023
4172,-0.07761300000000015,0.02108543,0.09869842993664757,5.805680000000002,9.770583,3.9649031527709937,4.70515,7.929666,3.224516042327881,0.07145599999999996,0.054483164,-0.0169728358981609
4174,-0.0176130000000001,0.02108543,0.038698429936647516,7.605680000000003,9.770583,2.164903152770993,8.805150000000001,7.929666,-0.8754839576721203,0.16345599999999993,0.054483164,-0.10897283589816087
4200,-0.08910499999999999,-0.0807704,0.008334596853256215,9.36723,9.097953,-0.26927715728759694,9.181060000000002,8.492104,-0.688956423339846,0.1630471,0.14628841,-0.01675869017086029
4237,0.05238699999999996,0.036062192,-0.016324807828187904,9.29568,9.2560625,-0.0396174923706063,9.225150000000001,7.5119696,-1.7131804336547862,0.10145599999999999,0.047419738,-0.0540362619755268
4239,0.2423869999999999,0.036062192,-0.20632480782818785,15.365680000000001,9.2560625,-6.109617492370607,16.04515,7.5119696,-8.533180433654785,0.271456,0.047419738,-0.22403626197552678
4300,0.08238699999999999,0.036062192,-0.04632480782818793,11.125680000000003,9.2560625,-1.8696174923706081,9.24515,7.5119696,-1.7331804336547858,0.02145599999999992,0.047419738,0.02596373802447327
4301,0.05181100000000005,0.06916546,0.017354460765361734,10.29099,9.902905,-0.38808453582763747,7.8813200000000005,8.005279,0.12395858734130805,-0.003105399999999925,0.024284074,0.027389474082970544
4302,0.03376000000000001,0.05010658,0.016346581300497043,16.820030000000003,14.982988,-1.8370416424560574,12.043650000000001,11.004351,-1.039299337768556,-0.013672399999999918,0.0054434314,0.01911583143701545
4303,0.02191199999999993,0.013530883,-0.008381116993248394,7.332460000000001,7.288242,-0.044218136749268666,5.6569,5.70121,0.04431002197265599,0.0072030000000000705,0.017702214,0.010499214419841696
4304,0.04074400000000011,0.0616649,0.02092090167379368,7.22297,7.335413,0.11244297912597645,5.793099999999999,6.313033,0.5199331039428721,0.0024186000000000485,0.025960186,0.023541586496376943
4305,0.11630800000000008,0.08683971,-0.02946828684377678,12.079360000000001,9.625529,-2.4538307107543957,10.468879999999999,8.2937975,-2.1750825070190416,0.037999499999999964,0.046165682,0.008166182375431097
4306,0.1023869999999999,0.036062192,-0.06632480782818784,12.785680000000003,9.2560625,-3.5296174923706083,10.62515,7.5119696,-3.113180433654785,0.03145599999999993,0.047419738,0.015963738024473262
4307,0.07181100000000007,0.06916546,-0.0026455392346382833,11.090990000000001,9.902905,-1.1880845358276382,8.781320000000001,8.005279,-0.7760414126586923,0.0368946,0.024284074,-0.01261052591702938
4310,0.08574400000000004,0.0616649,-0.02407909832620625,7.7029700000000005,7.335413,-0.367557020874024,7.363099999999999,6.313033,-1.0500668960571282,0.05241859999999998,0.025960186,-0.02645841350362299
4311,-0.047784999999999966,0.009858394,0.057643394041657414,6.738349999999997,7.2723703,0.5340203384399445,4.30725,5.8942065,1.5869565238952639,0.02226410000000001,0.03628046,0.01401636065568923
4376,0.15238699999999994,0.02108543,-0.13130157006335252,12.285680000000003,9.770583,-2.5150968472290067,13.86515,7.929666,-5.935483957672119,0.23145599999999994,0.054483164,-0.17697283589816087
4377,0.06238699999999997,0.02108543,-0.041301570063352555,10.955680000000001,9.770583,-1.1850968472290049,8.50515,7.929666,-0.5754839576721196,0.0014560000000000128,0.054483164,0.05302716410183905
4378,0.1023869999999999,0.02108543,-0.08130157006335248,11.355680000000003,9.770583,-1.585096847229007,9.91515,7.929666,-1.9854839576721197,0.04145599999999994,0.054483164,0.013027164101839128
4380,0.06181900000000007,0.05169355,-0.010125448757648536,8.358890000000002,8.270148,-0.08874172271728753,10.89359,8.600229,-2.2933607366943356,0.21441880000000002,0.110804275,-0.10361452532176973
4381,0.011819000000000024,0.05169355,0.03987455124235151,8.158890000000003,8.270148,0.11125827728271176,8.493590000000001,8.600229,0.10663926330566298,0.12441880000000005,0.110804275,-0.013614525321769766
4382,0.04181900000000005,0.05169355,0.009874551242351481,7.7588900000000045,8.270148,0.5112582772827103,8.09359,8.600229,0.5066392633056633,0.10441880000000003,0.110804275,0.006385474678230252
4384,0.03181900000000004,0.05169355,0.01987455124235149,6.658890000000003,8.270148,1.6112582772827118,6.19359,8.600229,2.4066392633056637,0.05441879999999999,0.110804275,0.056385474678230296
4490,0.17257899999999993,0.13694051,-0.035638490919113086,5.286369999999998,6.5061264,1.2197564038085957,6.121339999999998,6.5802965,0.4589565164184588,0.02713410000000005,0.02404119,-0.0030929092565536997
4513,0.08238699999999999,0.030066876,-0.05232012425911425,14.005680000000002,9.93771,-4.067970191650392,14.465150000000001,7.8252788,-6.639871240997316,0.26145599999999997,0.04891659,-0.2125394105312824
4586,-0.02746599999999999,-0.0028489572,0.02461704280039667,8.646149999999999,8.400235,-0.2459148239135729,6.688349999999998,6.136499,-0.5518510719299297,0.06081619999999999,0.005776255,-0.05503994507412313
4587,-0.06746600000000003,-0.0028489572,0.0646170428003967,6.446149999999999,8.400235,1.9540851760864264,3.7883499999999977,6.136499,2.3481489280700707,0.02081619999999995,0.005776255,-0.015039945074123096
4813,-0.05746600000000002,-0.0028489572,0.0546170428003967,6.436149999999998,8.400235,1.964085176086428,3.1283499999999975,6.136499,3.008148928070071,-0.021183800000000086,0.005776255,0.026960054925876942
4914,-0.10148600000000019,-0.03803805,0.06344795110678692,2.14311,5.434977,3.291867054595947,0.5528300000000002,4.7496047,4.1967747019958495,0.02698579999999995,0.08161761,0.054631808666420034
4915,-0.131486,-0.03803805,0.09344795110678672,1.4631100000000004,5.434977,3.971867054595947,-1.2271699999999974,4.7496047,5.976774701995847,0.0029858000000000384,0.08161761,0.07863180866641994
5029,0.10914599999999985,0.11086549,0.0017194886484147576,10.6694,12.407551,1.7381508117675786,13.840419999999998,16.16142,2.3210008221435565,0.1722325,0.26500544,0.09277293951988219
5037,0.09914599999999985,0.11086549,0.011719488648414766,11.049399999999999,12.407551,1.3581508117675796,13.520419999999998,16.16142,2.641000822143557,0.14223249999999998,0.26500544,0.12277293951988222
5041,0.09914599999999985,0.11086549,0.011719488648414766,11.4494,12.407551,0.9581508117675774,13.800419999999999,16.16142,2.3610008221435557,0.1522325,0.26500544,0.11277293951988221
5045,0.10914599999999985,0.11086549,0.0017194886484147576,12.0594,12.407551,0.348150811767578,15.240419999999999,16.16142,0.9210008221435562,0.20223250000000004,0.26500544,0.06277293951988216
5049,0.12914599999999987,0.11086549,-0.01828051135158526,12.139399999999998,12.407551,0.2681508117675797,18.19042,16.16142,-2.028999177856445,0.3622325,0.26500544,-0.09722706048011781
5053,0.1491459999999999,0.11086549,-0.03828051135158528,18.449399999999997,12.407551,-6.041849188232419,22.94042,16.16142,-6.778999177856445,0.5522325,0.26500544,-0.2872270604801178
5351,0.09038699999999988,0.042176813,-0.04821018711280811,11.90568,9.59749,-2.308189689331055,10.305150000000001,8.000288,-2.3048619903564465,0.051455999999999946,0.037781876,-0.013674124419450706
5560,-0.03778499999999996,0.012128454,0.0499134537017345,7.1183499999999995,9.500116,2.381766348266602,3.337250000000001,6.3663616,3.0291116180419912,-0.04873589999999994,-0.009296927,0.039438973330223503
5676,0.9728413,0.83179736,-0.14104393862609865,23.72903,21.18852,-2.540509568481447,3.978679999999999,5.3293643,1.350684299774171,0.03912840000000006,0.04430117,0.005172770855760511
5682,0.030245000000000077,0.045559455,0.01531445470929138,3.5702,8.104221,4.534021343994141,7.330859999999998,8.994601,1.6637412496948265,0.20142719999999992,0.14407757,-0.0573496307537078
5683,0.050245000000000095,0.045559455,-0.004685545290708637,7.670200000000001,8.104221,0.4340213439941394,7.730859999999998,8.994601,1.2637412496948262,0.07142720000000002,0.14407757,0.07265036924629209
5686,0.050245000000000095,0.045559455,-0.004685545290708637,7.3702000000000005,8.104221,0.7340213439941401,9.330859999999998,8.994601,-0.3362587503051735,0.1714272,0.14407757,-0.027349630753707888
5760,0.09701499999999996,0.11216041,0.015145407006740608,6.271419999999999,9.612013,3.3405928631591806,8.98863,11.750676,2.7620461550903315,0.09765030000000008,0.12275577,0.02510547336549751
5848,0.09221500000000005,0.051523667,-0.040691333171129274,19.43835,17.167234,-2.2711155792236326,15.407250000000001,14.159847,-1.2474027404785168,0.1222641000000001,0.022321276,-0.09994282363328943
5849,0.09221500000000005,0.051523667,-0.040691333171129274,17.43835,17.167234,-0.2711155792236326,13.807250000000002,14.159847,0.3525972595214828,0.062264100000000044,0.022321276,-0.03994282363328938
5850,0.032215000000000105,0.051523667,0.01930866682887067,12.338349999999998,17.167234,4.828884420776369,9.50725,14.159847,4.6525972595214835,0.02226410000000001,0.022321276,5.717636671065396e-05
5852,0.07221500000000014,0.051523667,-0.020691333171129367,16.238349999999997,17.167234,0.9288844207763702,13.307250000000002,14.159847,0.8525972595214828,-0.05773589999999995,0.022321276,0.08005717636671061
5854,0.05221500000000012,0.051523667,-0.0006913331711293491,15.538349999999998,17.167234,1.6288844207763695,17.507250000000003,14.159847,-3.3474027404785183,-0.14773589999999992,0.022321276,0.17005717636671058
5862,-0.03778499999999996,0.051523667,0.08930866682887073,24.81835,17.167234,-7.651115579223632,17.297250000000002,14.159847,-3.1374027404785174,-0.03773589999999993,0.022321276,0.060057176366710596
5934,0.03198999999999996,0.060990438,0.0290004378652573,6.221590000000003,10.525465,4.303875011596677,5.07508,7.939503,2.8644231929016115,0.007483600000000035,0.034565113,0.027081513484859432
6211,-0.023965000000000014,0.018628659,0.04259365872681142,7.505700000000001,12.8362055,5.330505482482909,4.698500000000001,8.903458,4.2049576416015615,-0.013794799999999996,0.07664882,0.09044361646633148
6522,0.4982519999999999,0.20149235,-0.29675964572620384,10.35528,9.891271,-0.46400936248779345,17.42244,13.687587,-3.7348532156372087,0.3693009,0.24128644,-0.12801445831623076
6523,0.14825199999999994,0.20149235,0.05324035427379614,10.25528,9.891271,-0.3640093624877938,14.122440000000001,13.687587,-0.434853215637208,0.34930089999999997,0.24128644,-0.10801445831623074
6524,0.40825199999999995,0.20149235,-0.20675964572620387,10.55528,9.891271,-0.6640093624877927,13.622440000000001,13.687587,0.06514678436279198,0.27930089999999996,0.24128644,-0.03801445831623074
6526,0.15825199999999995,0.20149235,0.04324035427379613,10.05528,9.891271,-0.16400936248779274,13.122440000000001,13.687587,0.565146784362792,0.25930089999999995,0.24128644,-0.01801445831623072
6527,0.2282519999999999,0.20149235,-0.026759645726203818,10.25528,9.891271,-0.3640093624877938,14.422440000000002,13.687587,-0.7348532156372087,0.22930089999999992,0.24128644,0.011985541683769307
6529,-0.02074799999999999,0.20149235,0.22224035427379607,9.75528,9.891271,0.1359906375122062,9.022440000000001,13.687587,4.665146784362792,0.09930089999999991,0.24128644,0.1419855416837693
6530,-0.0027479999999999727,0.20149235,0.20424035427379605,9.995280000000001,9.891271,-0.10400936248779402,14.622440000000001,13.687587,-0.934853215637208,0.13630089999999995,0.24128644,0.10498554168376928
6752,0.4248790000000001,0.17797811,-0.24690088670635235,14.211459999999999,14.808534,0.5970736685180675,18.91837,16.908464,-2.009905568237304,0.24892409999999998,0.29937008,0.05044598023262026
6753,0.20487900000000014,0.17797811,-0.026900886706352378,9.211459999999999,14.808534,5.5970736685180675,16.91837,16.908464,-0.009905568237304152,0.37892410000000004,0.29937008,-0.0795540197673798
6755,-0.02512099999999995,0.17797811,0.20309911329364772,12.211459999999999,14.808534,2.5970736685180675,14.71837,16.908464,2.190094431762695,0.2789241,0.29937008,0.02044598023262023
6756,0.24487900000000007,0.17797811,-0.0669008867063523,29.21146,14.808534,-14.402926331481932,23.91837,16.908464,-7.009905568237304,0.5789241,0.29937008,-0.2795540197673798
6757,0.4348790000000001,0.17797811,-0.25690088670635236,17.21146,14.808534,-2.4029263314819325,20.71837,16.908464,-3.809905568237305,0.31892410000000004,0.29937008,-0.019554019767379804
6758,0.1548790000000001,0.17797811,0.023099113293647666,16.71146,14.808534,-1.9029263314819325,18.21837,16.908464,-1.3099055682373049,0.2989241,0.29937008,0.00044598023262021336
6760,0.024879000000000095,0.17797811,0.15309911329364767,11.711459999999999,14.808534,3.0970736685180675,13.41837,16.908464,3.490094431762696,0.21892410000000007,0.29937008,0.08044598023262017
6762,0.05487900000000012,0.17797811,0.12309911329364764,12.31146,14.808534,2.497073668518066,11.21837,16.908464,5.690094431762695,0.10392410000000007,0.29937008,0.19544598023262016
6891,-0.0752130000000002,-0.07013923,0.005073770702362257,8.432690000000001,18.523426,10.090736055908202,8.211599999999997,8.950734,0.7391341384887724,0.11239939999999993,0.11722363,0.0048242278653145565
6892,-0.06521300000000019,-0.07013923,-0.004926229297637752,28.762690000000003,18.523426,-10.2392639440918,9.851599999999998,8.950734,-0.9008658615112282,0.14139940000000006,0.11722363,-0.02417577213468558
6919,0.09238699999999989,0.030066876,-0.06232012425911415,8.40568,9.93771,1.5320298083496091,7.805150000000001,7.8252788,0.020128759002684404,0.027455999999999925,0.04891659,0.02146058946871765
6920,0.1123869999999999,0.030066876,-0.08232012425911417,6.705680000000001,9.93771,3.2320298083496084,6.50515,7.8252788,1.3201287590026851,0.0034560000000000146,0.04891659,0.04546058946871756
6921,0.12238699999999991,0.030066876,-0.09232012425911418,10.505680000000002,9.93771,-0.5679701916503923,9.40515,7.8252788,-1.5798712409973152,0.024455999999999922,0.04891659,0.024460589468717653
7018,0.198005,0.06681652,-0.13118847632884978,11.089310000000001,5.932902,-5.156408140716554,11.917390000000001,7.102019,-4.815371166839601,0.14189190000000007,0.11734242,-0.024549480077648234
7019,0.15400499999999984,0.06681652,-0.08718847632884963,8.869309999999999,5.932902,-2.9364081407165514,11.217390000000002,7.102019,-4.115371166839601,0.1988919,0.11734242,-0.08154948007764817
7022,0.010005000000000042,0.06681652,0.056811523671150166,2.139310000000002,5.932902,3.7935918592834454,4.607390000000002,7.102019,2.494628833160398,0.12489190000000006,0.11734242,-0.0075494800776482185
7023,0.004005000000000036,0.06681652,0.06281152367115017,2.1193099999999987,5.932902,3.8135918592834486,2.0973900000000008,7.102019,5.0046288331604,0.01789190000000007,0.11734242,0.09945051992235177
7024,0.04500499999999996,0.06681652,0.021811523671150246,3.05931,5.932902,2.8735918592834473,4.307390000000002,7.102019,2.794628833160399,0.0608919,0.11734242,0.05645051992235184
7135,0.052458000000000005,0.14573598,0.09327797908020019,19.98927,22.421253,2.431983204345702,18.55426,20.060839,1.506578699340821,0.1795405,0.18174085,0.0022003502101898276
7137,0.25945799999999997,0.14573598,-0.11372202091979977,25.98927,22.421253,-3.568016795654298,22.65426,20.060839,-2.5934213006591804,0.21954050000000003,0.18174085,-0.03779964978981021
7145,-0.02778499999999995,0.1292402,0.15702519992351527,6.808349999999997,16.903912,10.095561590576175,4.14725,13.129658,8.982407745361328,-0.01073589999999991,0.19111958,0.20185548146095267
7146,0.042215000000000114,0.1292402,0.0870251999235152,7.698349999999998,16.903912,9.205561590576174,7.7272500000000015,13.129658,5.402407745361327,0.07726410000000006,0.19111958,0.1138554814609527
7147,0.07221500000000014,0.1292402,0.05702519992351518,9.628349999999998,16.903912,7.275561590576174,11.417250000000001,13.129658,1.7124077453613271,0.20026410000000006,0.19111958,-0.009144518539047297
7148,0.11221500000000006,0.1292402,0.017025199923515255,21.06835,16.903912,-4.164438409423827,17.457250000000002,13.129658,-4.327592254638674,0.27426410000000007,0.19111958,-0.08314451853904731
7149,0.1522150000000001,0.1292402,-0.02297480007648478,28.43835,16.903912,-11.534438409423828,20.277250000000002,13.129658,-7.147592254638674,0.32526410000000006,0.19111958,-0.1341445185390473
7150,0.33221500000000015,0.1292402,-0.20297480007648483,28.668349999999997,16.903912,-11.764438409423825,20.367250000000002,13.129658,-7.237592254638674,0.38726410000000006,0.19111958,-0.1961445185390473
7203,0.09221500000000005,0.019259486,-0.07295551365256314,17.83835,12.103637,-5.734713258361815,15.10725,10.337384,-4.769865776062012,0.19226410000000005,0.06463405,-0.12763005255136495
7204,0.08421500000000015,0.019259486,-0.06495551365256325,17.038349999999998,12.103637,-4.934713258361814,13.407250000000001,10.337384,-3.069865776062013,0.062264100000000044,0.06463405,0.002369947448635057
7226,-0.07351200000000002,-0.018042699,0.05546930149745943,5.481820000000003,7.8129416,2.3311215512084935,1.40644,4.8041744,3.3977344232177735,-0.05369219999999997,0.005509544,0.059201744163942305
7227,-0.08951200000000004,-0.018042699,0.07146930149745945,5.031820000000003,7.8129416,2.781121551208493,0.3064399999999985,4.8041744,4.497734423217775,-0.07169219999999998,0.005509544,0.07720174416394232
7480,0.09468699999999985,0.08181738,-0.012869618916034553,23.459100000000003,23.130657,-0.3284428039550811,20.52853,19.682245,-0.8462847454833984,0.3218311,0.2949629,-0.026868187202072125
7481,0.07468699999999995,0.08181738,0.007130381083965354,25.1691,23.130657,-2.0384428039550784,21.25853,19.682245,-1.5762847454833988,0.3348311,0.2949629,-0.039868187202072136
7482,0.06730300000000011,-0.016863372,-0.08416637217688572,20.00581,11.480038,-8.525772310791016,19.58326,10.050682,-9.532577932128905,0.2944346,0.0837835,-0.21065110010347365
7483,-0.032696999999999976,-0.016863372,0.01583362782311437,12.905810000000002,11.480038,-1.425772310791018,10.08326,10.050682,-0.032577932128905474,0.014434599999999964,0.0837835,0.06934889989652637
7484,-0.012696999999999958,-0.016863372,-0.0041663721768856465,10.20581,11.480038,1.2742276892089848,9.683259999999999,10.050682,0.3674220678710949,0.08443460000000003,0.0837835,-0.0006511001034736896
7487,-0.042696999999999985,-0.016863372,0.02583362782311438,11.20581,11.480038,0.27422768920898477,9.183259999999999,10.050682,0.8674220678710949,0.04443459999999999,0.0837835,0.039348899896526346
7489,-0.0026969999999999494,-0.016863372,-0.014166372176885655,9.805810000000001,11.480038,1.6742276892089833,8.18326,10.050682,1.867422067871093,0.024434599999999973,0.0837835,0.059348899896526364
7490,-0.032696999999999976,-0.016863372,0.01583362782311437,8.605810000000002,11.480038,2.8742276892089826,7.083259999999999,10.050682,2.9674220678710945,0.03443459999999998,0.0837835,0.049348899896526355
7498,0.074847,0.06424128,-0.010605717358112332,5.09113,6.002261,0.9111311618041995,6.153739999999999,6.0228114,-0.1309285871887198,0.06595679999999993,0.038524173,-0.027432626799869464
7548,0.10630499999999998,0.11975147,0.013446468300819414,10.098029999999998,11.649175,1.5511446902465842,12.352540000000001,13.964766,1.6122255487060535,0.11033899999999996,0.12722372,0.016884715186119115
7550,0.136305,0.11975147,-0.016553531699180613,10.438029999999998,11.649175,1.2111446902465843,12.64254,13.964766,1.3222255487060544,0.09033900000000006,0.12722372,0.03688471518611902
7552,0.06630500000000006,0.11975147,0.05344646830081934,13.968029999999999,11.649175,-2.318855309753417,15.34254,13.964766,-1.377774451293945,0.17033900000000002,0.12722372,-0.04311528481388094
7644,0.37889000000000006,0.28814927,-0.09074073256492621,10.965449999999999,11.684476,0.719025898742677,15.82344,14.997247,-0.8261932577514646,0.30043050000000004,0.23341893,-0.0670115734033585
7645,0.29489,0.28814927,-0.006740732564926133,14.565449999999998,11.684476,-2.8809741012573227,15.77344,14.997247,-0.7761932577514656,0.21243049999999997,0.23341893,0.020988426596641574
7762,-0.03761300000000012,0.036062192,0.07367519217181218,7.435680000000001,9.2560625,1.8203825076293931,3.8851499999999994,7.5119696,3.6268195663452154,-0.03254400000000013,0.047419738,0.07996373802447332
7763,-0.02761300000000011,0.036062192,0.06367519217181217,8.035680000000003,9.2560625,1.2203825076293917,3.895150000000001,7.5119696,3.616819566345214,-0.06154400000000004,0.047419738,0.10896373802447323
7764,-0.03761300000000012,0.036062192,0.07367519217181218,7.985680000000002,9.2560625,1.2703825076293924,3.815149999999999,7.5119696,3.6968195663452157,-0.06654400000000005,0.047419738,0.11396373802447324
7766,-0.02761300000000011,0.036062192,0.06367519217181217,11.125680000000003,9.2560625,-1.8696174923706081,8.11515,7.5119696,-0.603180433654785,0.04145599999999994,0.047419738,0.005963738024473253
7767,-0.02761300000000011,0.036062192,0.06367519217181217,17.95568,9.2560625,-8.699617492370606,13.195150000000002,7.5119696,-5.683180433654787,0.07145599999999996,0.047419738,-0.024036261975526774
7768,-0.04761300000000013,0.036062192,0.08367519217181218,5.3456800000000015,9.2560625,3.910382507629393,1.265150000000002,7.5119696,6.246819566345213,-0.08454399999999995,0.047419738,0.13196373802447314
7946,-0.09579500000000007,-0.06632532,0.02946967820644386,3.6104699999999994,4.2337346,0.6232646076965338,1.0476099999999988,2.1869252,1.1393151728057873,0.0007224000000000119,0.032178566,0.031456165859794605
8023,0.04838699999999996,0.036062192,-0.0123248078281879,5.99568,9.2560625,3.2603825076293944,7.78515,7.5119696,-0.27318043365478495,0.1314559999999999,0.047419738,-0.08403626197552672
8032,0.00044200000000005346,0.020650696,0.020208696009397453,7.178659999999997,8.394441,1.2157806509399443,7.678690000000001,10.451123,2.772433237609862,0.0050736000000000114,0.061333608,0.056260007882261265
8034,0.04044200000000009,0.020650696,-0.019791303990602582,9.298659999999998,8.394441,-0.9042193490600567,12.72869,10.451123,-2.277566762390137,0.10007359999999998,0.061333608,-0.03873999211773871
8057,0.0542450000000001,0.04652475,-0.007720251793861488,4.586269999999999,7.259067,2.6727970585632335,7.649840000000001,8.476052,0.8262122842407216,0.16017380000000003,0.13532262,-0.0248511844957352
8058,0.012959000000000165,0.049553603,0.0365946029338835,10.168589999999998,10.115684,-0.0529064443969709,9.86852,10.98345,1.1149299359130858,0.06296540000000006,0.12837623,0.06541083059749597
8086,-0.030613,0.06404265,0.09465565016317368,6.105680000000003,9.050111,2.9444308169555633,2.305150000000001,7.1753616,4.87021163330078,-0.06354400000000004,0.005886219,0.06943021897622947
8087,-0.014612999999999987,0.06404265,0.07865565016317366,6.705680000000001,9.050111,2.3444308169555654,3.605150000000002,7.1753616,3.5702116333007794,-0.03554400000000002,0.005886219,0.04143021897622945
8088,-0.023613000000000106,0.06404265,0.08765565016317378,6.105680000000003,9.050111,2.9444308169555633,2.905149999999999,7.1753616,4.270211633300782,-0.04354400000000003,0.005886219,0.049430218976229456
8167,0.2214879999999999,0.15219189,-0.06929610773372641,8.641820000000003,10.020479,1.378659202270505,11.51644,9.903535,-1.612905110778808,0.10030780000000006,0.04802164,-0.05228615937142378
8168,0.3414879999999999,0.15219189,-0.1892961077337264,9.041820000000001,10.020479,0.9786592022705065,13.01644,9.903535,-3.112905110778808,0.16330780000000011,0.04802164,-0.11528615937142384
8169,0.2214879999999999,0.15219189,-0.06929610773372641,12.641820000000003,10.020479,-2.621340797729495,12.51644,9.903535,-2.612905110778808,0.041307800000000006,0.04802164,0.006713840628576273
8177,-0.03899000000000008,0.018799327,0.057789327313900074,8.26493,11.723211,3.4582812884521488,5.796899999999999,8.235972,2.4390724044799814,0.019842499999999985,-0.048420034,-0.06826253434896468
8178,0.16101,0.018799327,-0.1422106726861,23.96493,11.723211,-12.24171871154785,16.596899999999998,8.235972,-8.360927595520018,-0.3101575,-0.048420034,0.2617374656510353
8179,0.06101000000000001,0.018799327,-0.042210672686100015,15.00493,11.723211,-3.2817187115478514,10.306899999999999,8.235972,-2.0709275955200184,-0.07015749999999998,-0.048420034,0.021737465651035293
8181,-0.03899000000000008,0.018799327,0.057789327313900074,7.08493,11.723211,4.6382812884521485,5.286899999999999,8.235972,2.949072404479981,0.0398425,-0.048420034,-0.0882625343489647
8182,-0.03899000000000008,0.018799327,0.057789327313900074,7.124929999999999,11.723211,4.598281288452149,5.4169,8.235972,2.8190724044799804,0.0398425,-0.048420034,-0.0882625343489647
8199,-0.05008900000000005,0.038299218,0.08838821782016759,9.17586,9.104229,-0.07163102661132825,7.67356,9.138621,1.4650613302612303,0.08676649999999997,0.1312671,0.04450060057258609
8201,0.09991099999999997,0.038299218,-0.06161178217983243,10.69586,9.104229,-1.5916310266113278,12.54356,9.138621,-3.404938669738769,0.21676649999999997,0.1312671,-0.08549939942741391
8247,0.002386999999999917,0.030066876,0.027679875740885818,9.105680000000003,9.93771,0.8320298083496063,6.805150000000001,7.8252788,1.0201287590026844,0.016455999999999915,0.04891659,0.03246058946871766
8254,0.032386999999999944,0.030066876,-0.002320124259114209,9.605680000000003,9.93771,0.33202980834960627,8.70515,7.8252788,-0.8798712409973142,0.08145599999999997,0.04891659,-0.0325394105312824
8329,0.06221500000000013,0.012128454,-0.05008654629826559,6.3683499999999995,9.500116,3.131766348266602,7.907250000000001,6.3663616,-1.540888381958009,0.11326410000000009,-0.009296927,-0.12256102666977653
8330,-0.047784999999999966,0.012128454,0.05991345370173451,5.958349999999999,9.500116,3.541766348266602,6.207250000000002,6.3663616,0.15911161804199025,0.11226410000000009,-0.009296927,-0.12156102666977653
8647,-0.015009999999999968,0.001718333,0.016728332991003958,10.32159,12.673212,2.351622051391601,7.48508,9.483379,1.998299364013672,0.019483599999999934,0.03618954,0.016705941220665044
8700,-0.09778500000000001,0.012128454,0.10991345370173455,7.898349999999997,9.500116,1.6017663482666045,3.6072500000000005,6.3663616,2.7591116180419917,-0.02273589999999992,-0.009296927,0.01343897333022348
8701,-0.09778500000000001,0.012128454,0.10991345370173455,6.958349999999999,9.500116,2.541766348266602,1.9072500000000012,6.3663616,4.459111618041991,-0.06373589999999985,-0.009296927,0.054438973330223406
8755,0.06088300000000002,-0.0050111003,-0.06589410032200815,5.277709999999999,6.192288,0.9145779219055186,6.316690000000001,6.804079,0.48738905578613156,0.0613556999999999,0.1014681,0.04011240114383707
8756,0.002215000000000078,0.015991904,0.013776903841495436,6.43835,8.916053,2.47770281829834,3.497250000000001,6.472557,2.9753070678710927,-0.04773589999999994,0.017953899,0.0656897987576961
8757,-0.01778499999999994,0.015991904,0.033776903841495454,9.828349999999997,8.916053,-0.912297181701657,6.567250000000001,6.472557,-0.09469293212890761,-0.007735899999999907,0.017953899,0.02568979875769606
8766,0.12303000000000008,0.096890524,-0.026139475970268333,17.38507,15.425104,-1.9599658587646474,16.80032,15.101641,-1.698679298706054,0.15565819999999997,0.11726498,-0.03839322141237256
8767,0.09303000000000006,0.096890524,0.0038605240297316934,16.48507,15.425104,-1.0599658587646488,15.900319999999999,15.101641,-0.7986792987060536,0.12565819999999994,0.11726498,-0.008393221412372531
8768,0.08303000000000016,0.096890524,0.013860524029731591,15.285070000000001,15.425104,0.14003414123535052,15.000319999999999,15.101641,0.10132070129394677,0.10565820000000004,0.11726498,0.011606778587627375
8769,0.07303000000000015,0.096890524,0.0238605240297316,14.48507,15.425104,0.9400341412353512,14.30032,15.101641,0.8013207012939461,0.09565820000000003,0.11726498,0.021606778587627384
8773,0.08303000000000016,0.096890524,0.013860524029731591,14.68507,15.425104,0.7400341412353519,14.30032,15.101641,0.8013207012939461,0.09565820000000003,0.11726498,0.021606778587627384
8774,0.06303000000000014,0.096890524,0.03386052402973161,13.68507,15.425104,1.740034141235352,13.400319999999999,15.101641,1.7013207012939464,0.09565820000000003,0.11726498,0.021606778587627384
8775,0.09303000000000006,0.096890524,0.0038605240297316934,14.98507,15.425104,0.44003414123535123,14.700319999999998,15.101641,0.4013207012939475,0.10565820000000004,0.11726498,0.011606778587627375
8819,-0.0717620000000001,-0.08371394,-0.011951941276073352,9.75629,8.719889,-1.0364013128662108,8.558089999999998,6.8199677,-1.738122253265379,0.08970110000000009,0.060439248,-0.029261852362012952
8831,0.03707080000000007,0.022292513,-0.014778286599683832,7.439170000000004,7.3104253,-0.12874471847534608,8.10021,7.753171,-0.3470390328979498,0.10348449999999998,0.09974099,-0.00374351049375532
8833,0.007070800000000044,0.022292513,0.015221713400316195,6.939170000000004,7.3104253,0.3712552815246539,7.340210000000001,7.753171,0.41296096710205,0.10048450000000009,0.09974099,-0.0007435104937554282
8849,-0.004813999999999874,-0.0541056,-0.04929159847950948,17.73925,14.951084,-2.788165863037108,16.73725,14.455878,-2.2813717422485347,0.1379144,0.11301152,-0.024902883369350426
8850,-0.023217699999999897,-0.025197526,-0.001979826440024479,10.888630000000003,11.148412,0.25978175079345434,9.35089,9.535527,0.18463722930908233,0.06411140000000004,0.09122277,0.027111370512103994
8851,-0.027660999999999936,-0.0050383164,0.022622683638393815,10.336780000000001,11.132722,0.7959419009399404,8.704699999999999,10.011505,1.306805126953126,0.04876780000000003,0.0573922,0.008624398592424365
8852,-0.010661000000000032,-0.0050383164,0.0056226836383939105,11.746780000000001,11.132722,-0.6140580990600597,10.3547,10.011505,-0.34319487304687435,0.05876780000000004,0.0573922,-0.001375601407575644
8853,-0.04739899999999997,-0.016153965,0.031245034854650466,11.47148,11.490375,0.01889456512451204,9.756269999999999,11.053375,1.2971052441406261,0.0933676,0.13832325,0.044955647432708745
9062,0.21238699999999988,0.11863457,-0.09375243333530414,25.805680000000002,17.994753,-7.81092711608887,19.80515,15.819767,-3.9853830017089855,0.42145599999999994,0.26652548,-0.15493052282905573
9063,0.09238699999999989,0.11863457,0.026247566664695854,13.805680000000002,17.994753,4.18907288391113,12.10515,15.819767,3.7146169982910155,0.10145599999999999,0.26652548,0.16506947717094422
9064,0.2223869999999999,0.11863457,-0.10375243333530415,23.405680000000004,17.994753,-5.410927116088871,18.40515,15.819767,-2.5853830017089834,0.221456,0.26652548,0.04506947717094423
9065,0.09238699999999989,0.11863457,0.026247566664695854,13.605680000000001,17.994753,4.3890728839111315,15.305150000000001,15.819767,0.5146169982910145,0.331456,0.26652548,-0.06493052282905576
9066,0.05238699999999996,0.11863457,0.06624756666469578,12.505680000000002,17.994753,5.489072883911131,13.20515,15.819767,2.614616998291016,0.23145599999999994,0.26652548,0.035069477170944274
9080,-0.03761300000000012,0.030066876,0.06767987574088585,6.525680000000001,9.93771,3.412029808349608,5.3351500000000005,7.8252788,2.490128759002685,0.051455999999999946,0.04891659,-0.002539410531282371
9090,0.12148799999999993,-0.013686098,-0.13517409815835946,13.471820000000003,8.478956,-4.992863777465823,13.72644,4.993724,-8.73271613067627,0.19930780000000003,-0.016032305,-0.21534010461478237
9093,0.012386999999999926,0.036062192,0.02367519217181213,12.645680000000002,9.2560625,-3.3896174923706077,10.635150000000001,7.5119696,-3.1231804336547864,0.09645599999999999,0.047419738,-0.049036261975526796
9094,0.012386999999999926,0.036062192,0.02367519217181213,12.325680000000002,9.2560625,-3.0696174923706074,9.645150000000001,7.5119696,-2.133180433654786,0.04345599999999994,0.047419738,0.003963738024473251
9097,-0.028512000000000093,-0.018042699,0.010469301497459504,7.221820000000001,7.8129416,0.5911215512084951,5.696439999999999,4.8041744,-0.8922655767822256,0.04630780000000001,0.005509544,-0.04079825583605767
9099,-0.05851200000000012,-0.018042699,0.04046930149745953,5.671820000000004,7.8129416,2.1411215512084922,1.9864399999999982,4.8041744,2.8177344232177752,-0.04369219999999996,0.005509544,0.049201744163942296
9100,-0.05851200000000012,-0.018042699,0.04046930149745953,6.641820000000003,7.8129416,1.1711215512084934,3.0864399999999996,4.8041744,1.7177344232177738,-0.03369219999999995,0.005509544,0.03920174416394229
9101,-0.04851200000000011,-0.018042699,0.030469301497459522,7.031820000000003,7.8129416,0.7811215512084928,3.5964399999999976,4.8041744,1.2077344232177758,-0.03169219999999995,0.005509544,0.037201744163942285
9106,-0.03761300000000012,-0.018743295,0.01886970477747929,6.33568,6.657569,0.32188893157958987,1.8051500000000011,3.0056973,1.2005472503662098,-0.08854400000000007,-0.049629115,0.03891488543176658
9107,-0.057613000000000136,-0.018743295,0.03886970477747931,7.425680000000003,6.657569,-0.7681110684204135,2.805150000000001,3.0056973,0.2005472503662098,-0.06854400000000005,-0.049629115,0.01891488543176656
9108,0.04238699999999995,-0.018743295,-0.06113029522252078,6.705680000000001,6.657569,-0.04811106842041113,4.305150000000001,3.0056973,-1.2994527496337902,-0.04854400000000003,-0.049629115,-0.0010851145682334584
9109,0.002386999999999917,-0.018743295,-0.021130295222520745,6.505680000000002,6.657569,0.15188893157958816,3.7051499999999997,3.0056973,-0.6994527496337888,-0.03854400000000002,-0.049629115,-0.011085114568233467
9110,-0.03761300000000012,-0.018743295,0.01886970477747929,6.505680000000002,6.657569,0.15188893157958816,3.305150000000001,3.0056973,-0.2994527496337902,-0.028544000000000014,-0.049629115,-0.021085114568233476
9111,-0.0176130000000001,-0.018743295,-0.0011302952225207274,6.505680000000002,6.657569,0.15188893157958816,3.2051499999999997,3.0056973,-0.19945274963378878,-0.04854400000000003,-0.049629115,-0.0010851145682334584
9113,-0.04761300000000013,-0.018743295,0.0288697047774793,5.305680000000002,6.657569,1.3518889315795874,0.7051499999999997,3.0056973,2.300547250366211,-0.08854400000000007,-0.049629115,0.03891488543176658
9114,-0.06761300000000015,-0.018743295,0.04886970477747932,6.105680000000003,6.657569,0.5518889315795867,1.5051500000000004,3.0056973,1.5005472503662105,-0.06854400000000005,-0.049629115,0.01891488543176656
9138,-0.044613000000000014,-0.020552004,0.02406099624383451,6.235680000000002,6.990676,0.754995926208494,2.675150000000002,3.8499005,1.1747504840850809,-0.041544000000000025,-0.019330094,0.022213906362891223
9224,-0.0782830000000001,-0.0059680343,0.07231496573257457,7.660720000000001,9.518945,1.8582247402954088,3.738900000000001,6.5024548,2.7635547576904287,-0.024994799999999984,0.0027706157,0.02776541574161051
9226,-0.048283000000000076,-0.0059680343,0.04231496573257454,8.160720000000001,9.518945,1.3582247402954088,4.238899999999999,6.5024548,2.2635547576904305,-0.0449948,0.0027706157,0.04776541574161053
9783,-0.057613000000000136,0.046396762,0.10400976213264479,7.305680000000002,8.200868,0.895187652893064,2.5051500000000004,7.6493754,5.144225438690185,-0.07854400000000006,0.08620565,0.16474964639568335
9785,-0.11761299999999997,-0.062335037,0.05527796330499646,6.805680000000002,7.431643,0.6259630091857886,1.0051500000000004,3.5100517,2.5049017272949214,-0.07854400000000006,-0.011424813,0.0671191865804196
9787,-0.09761300000000017,0.046396762,0.14400976213264483,6.805680000000002,8.200868,1.395187652893064,1.6051500000000019,7.6493754,6.044225438690184,-0.06854400000000005,0.08620565,0.15474964639568334
9867,0.14238699999999993,0.030066876,-0.1123201242591142,11.72568,9.93771,-1.7879701916503912,10.03515,7.8252788,-2.2098712409973142,0.20145599999999997,0.04891659,-0.1525394105312824
9916,-0.06761300000000015,0.036062192,0.1036751921718122,5.33568,9.2560625,3.9203825076293946,2.805150000000001,7.5119696,4.706819566345214,0.005456000000000016,0.047419738,0.041963738024473174
9918,-0.04761300000000013,0.036062192,0.08367519217181218,5.705680000000001,9.2560625,3.5503825076293936,3.105150000000002,7.5119696,4.406819566345213,0.0014560000000000128,0.047419738,0.04596373802447318
9919,-0.03761300000000012,0.036062192,0.07367519217181218,5.285680000000003,9.2560625,3.9703825076293917,4.20515,7.5119696,3.306819566345215,0.04345599999999994,0.047419738,0.003963738024473251
9955,-0.08901000000000003,-0.044610452,0.044399548093080554,6.16159,8.574778,2.4131876031494137,1.775079999999999,4.458205,2.683125223083497,-0.048516400000000015,0.008271024,0.0567874236310959
9956,-0.11600999999999995,-0.044610452,0.07139954809308047,7.261590000000002,8.574778,1.3131876031494123,2.2050800000000024,4.458205,2.2531252230834937,-0.05051640000000013,0.008271024,0.058787423631096014
10212,-0.03761300000000012,0.030066876,0.06767987574088585,7.935680000000001,9.93771,2.002029808349608,3.8451500000000003,7.8252788,3.9801287590026853,-0.05554400000000004,0.04891659,0.10446058946871761
10237,-0.02761300000000011,0.030066876,0.057679875740885844,8.185680000000001,9.93771,1.752029808349608,5.03515,7.8252788,2.7901287590026858,-0.006543999999999994,0.04891659,0.05546058946871757
10243,-0.06761300000000015,0.030066876,0.09767987574088588,7.855680000000003,9.93771,2.0820298083496063,3.5451499999999996,7.8252788,4.280128759002686,-0.04654400000000003,0.04891659,0.0954605894687176
10248,-0.06761300000000015,0.030066876,0.09767987574088588,7.855680000000003,9.93771,2.0820298083496063,3.5451499999999996,7.8252788,4.280128759002686,-0.04654400000000003,0.04891659,0.0954605894687176
10596,0.13920299999999997,0.08392697,-0.055276031723499264,4.226890000000001,3.8392923,-0.38759771217346284,9.69497,7.939813,-1.7551568629455563,0.20916060000000003,0.17210302,-0.03705758243141177
10597,0.16020299999999998,0.08392697,-0.07627603172349928,4.3768899999999995,3.8392923,-0.5375977121734614,11.15497,7.939813,-3.215156862945557,0.26916059999999997,0.17210302,-0.09705758243141172
10598,0.11620299999999995,0.08392697,-0.03227603172349924,3.7868899999999996,3.8392923,0.05240228782653844,7.76497,7.939813,0.17484313705444343,0.13816060000000008,0.17210302,0.03394241756858818
10599,0.13920299999999997,0.08392697,-0.055276031723499264,3.8768899999999995,3.8392923,-0.03759771217346142,8.77497,7.939813,-0.8351568629455564,0.1691606,0.17210302,0.0029424175685882625
10600,-0.009797000000000056,0.08392697,0.09372396827650076,2.7768900000000016,3.8392923,1.0624022878265365,3.8249700000000004,7.939813,4.114843137054443,0.07716059999999991,0.17210302,0.09494241756858834
10601,0.00020299999999995322,0.08392697,0.08372396827650075,3.046890000000001,3.8392923,0.7924022878265369,5.394970000000001,7.939813,2.5448431370544426,0.12916059999999996,0.17210302,0.0429424175685883
10602,0.00020299999999995322,0.08392697,0.08372396827650075,4.01689,3.8392923,-0.17759771217346199,6.02497,7.939813,1.9148431370544436,0.12916059999999996,0.17210302,0.0429424175685883
10603,0.14020299999999997,0.08392697,-0.056276031723499265,4.986889999999999,3.8392923,-1.1475977121734608,11.00497,7.939813,-3.065156862945557,0.25916059999999996,0.17210302,-0.0870575824314117
10628,0.07325700000000013,0.062685005,-0.010571994633197912,10.961200000000003,9.93553,-1.0256702911376987,11.059470000000001,11.022815,-0.0366552493286143,0.12064750000000002,0.15726882,0.03662132219314573
10667,-0.07778499999999999,0.015991904,0.09377690384149551,6.238349999999997,8.916053,2.677702818298343,1.5072500000000026,6.472557,4.965307067871091,-0.06773589999999996,0.017953899,0.08568979875769611
10923,-0.00012699999999998823,-0.0041276487,-0.004000648659050476,3.0378700000000016,4.240686,1.2028159397888167,3.4859299999999998,4.675228,1.1892981188964846,0.08053949999999999,0.06700691,-0.013532591642856584
11012,-0.02761300000000011,0.03717125,0.06478424834656726,7.805680000000002,8.900348,1.0946677096557593,4.20515,8.136459,3.931309350585938,-0.03854400000000002,0.07169139,0.11023538640165331
11140,-0.08963300000000007,-0.026380882,0.06325211833286293,7.340070000000001,8.380395,1.0403249356079094,3.934049999999999,7.264268,3.3302179214477547,0.0040840000000000876,0.085379004,0.0812950044784545
11141,-0.03963300000000003,-0.026380882,0.013252118332862883,7.6400700000000015,8.380395,0.7403249356079087,5.63405,7.264268,1.6302179214477537,0.04408400000000001,0.085379004,0.04129500447845458
11142,-0.06963300000000006,-0.026380882,0.04325211833286291,7.54007,8.380395,0.8403249356079101,6.13405,7.264268,1.1302179214477537,0.04408400000000001,0.085379004,0.04129500447845458
11143,-0.03963300000000003,-0.026380882,0.013252118332862883,7.840070000000001,8.380395,0.5403249356079094,7.73405,7.264268,-0.46978207855224596,0.13408399999999998,0.085379004,-0.04870499552154539
11144,0.10036699999999998,-0.026380882,-0.12674788166713713,8.640070000000001,8.380395,-0.2596750643920913,13.23405,7.264268,-5.969782078552246,0.28408400000000006,0.085379004,-0.19870499552154547
11236,-0.02761300000000011,0.020953529,0.048566528583049884,10.105680000000003,9.730031,-0.3756489865112336,6.805150000000001,8.836518,2.0313682876586903,0.0014560000000000128,0.08269709,0.08124109348678588
11258,-0.031074999999999964,-0.040051945,-0.008976944553852118,4.4877199999999995,4.3730145,-0.1147055499267573,4.945819999999998,5.1315484,0.18572840469360585,0.08829010000000004,0.11247204,0.024181942441368065
11259,-0.031074999999999964,-0.040051945,-0.008976944553852118,4.637719999999998,4.3730145,-0.2647055499267559,5.215819999999999,5.1315484,-0.0842715953063955,0.09829009999999994,0.11247204,0.014181942441368167
11260,-0.031074999999999964,-0.040051945,-0.008976944553852118,4.53772,4.3730145,-0.164705549926758,6.015819999999998,5.1315484,-0.8842715953063944,0.14829009999999998,0.11247204,-0.03581805755863188
11269,0.1522150000000001,0.015991904,-0.1362230961585046,17.63835,8.916053,-8.72229718170166,16.39725,6.472557,-9.924692932128906,0.2922641,0.017953899,-0.2743102012423039
11270,0.13221500000000008,0.015991904,-0.11622309615850457,16.13835,8.916053,-7.222297181701659,14.437250000000002,6.472557,-7.964692932128909,0.16226410000000002,0.017953899,-0.14431020124230387
11271,0.08221500000000015,0.015991904,-0.06622309615850464,15.138349999999999,8.916053,-6.222297181701659,12.847250000000003,6.472557,-6.374692932128909,0.10226410000000008,0.017953899,-0.08431020124230393
11273,0.032215000000000105,0.015991904,-0.01622309615850459,13.338349999999998,8.916053,-4.4222971817016585,10.43725,6.472557,-3.964692932128907,0.04226410000000003,0.017953899,-0.024310201242303875
11274,0.022215000000000096,0.015991904,-0.006223096158504582,11.238349999999997,8.916053,-2.322297181701657,8.087250000000001,6.472557,-1.6146929321289072,-0.007735899999999907,0.017953899,0.02568979875769606
11275,0.08221500000000015,0.015991904,-0.06622309615850464,15.438349999999998,8.916053,-6.522297181701658,14.35725,6.472557,-7.884692932128907,0.21226410000000007,0.017953899,-0.19431020124230391
11312,0.05221500000000012,0.012128454,-0.04008654629826558,7.8683499999999995,9.500116,1.631766348266602,6.747250000000001,6.3663616,-0.3808883819580089,0.02226410000000001,-0.009296927,-0.03156102666977645
11313,0.07221500000000014,0.012128454,-0.0600865462982656,6.34835,9.500116,3.1517663482666016,6.177250000000001,6.3663616,0.1891116180419914,0.0122641,-0.009296927,-0.02156102666977644
11397,-0.10716480000000006,-0.07754475,0.029620051216888488,6.7603100000000005,6.493728,-0.2665818391418462,2.82747,3.7313573,0.9038873360443116,-0.05968600000000002,-0.039161336,0.020524664323091524
11399,-0.005665999999999949,0.017357694,0.02302369398510451,12.34627,11.269353,-1.0769170870971685,9.28789,8.73703,-0.5508599707031259,0.025034400000000012,0.013668106,-0.011366294062459481
11400,-0.003174999999999928,0.0042946637,0.007469663667678761,3.362940000000002,5.020827,1.657886816558836,2.7921299999999984,4.2889867,1.4968566828918473,0.019739300000000015,0.0320881,0.012348800910186752
11733,0.07214300000000007,0.08693662,0.014793622858047417,10.011790000000001,10.069439,0.057648934326170576,9.760409999999998,9.96109,0.20068008789062652,0.06292330000000002,0.08234061,0.019417313007545456
11736,0.03214300000000003,0.08693662,0.05479362285804745,10.191790000000001,10.069439,-0.12235106567382914,9.27041,9.96109,0.690680087890625,0.0429233,0.08234061,0.039417313007545474
11737,0.08214299999999997,0.08693662,0.004793622858047519,9.98179,10.069439,0.08764893432617171,10.170409999999999,9.96109,-0.20931991210937362,0.07292330000000002,0.08234061,0.009417313007545447
11738,0.11214299999999999,0.08693662,-0.025206377141952507,9.721789999999999,10.069439,0.3476489343261733,10.39041,9.96109,-0.42931991210937426,0.07292330000000002,0.08234061,0.009417313007545447
11739,0.03214300000000003,0.08693662,0.05479362285804745,10.191790000000001,10.069439,-0.12235106567382914,9.27041,9.96109,0.690680087890625,0.0429233,0.08234061,0.039417313007545474
11740,0.07214300000000007,0.08693662,0.014793622858047417,9.46179,10.069439,0.6076489343261713,9.31041,9.96109,0.6506800878906258,0.06292330000000002,0.08234061,0.019417313007545456
11741,0.08214299999999997,0.08693662,0.004793622858047519,9.201789999999999,10.069439,0.8676489343261728,9.98041,9.96109,-0.019319912109374116,0.09292329999999993,0.08234061,-0.01058268699245446
11765,0.03621500000000011,0.009858394,-0.02635660595834266,7.8683499999999995,7.2723703,-0.5959796615600581,8.407250000000001,5.8942065,-2.5130434761047376,0.11226410000000009,0.03628046,-0.07598363934431085
11773,-0.07377500000000015,0.046966694,0.12074169429540649,10.026040000000002,15.245318,5.21927841278076,7.631529999999998,14.724814,7.093284414978029,0.030508800000000003,0.14328554,0.11277674272651672
11800,-0.0330410000000001,-0.026062984,0.0069780159804821995,7.41066,7.149614,-0.2610461427307129,10.69454,10.318617,-0.37592313293457025,0.23754930000000007,0.20415929,-0.03339001040153511
11801,-0.008383999999999947,-0.02053862,-0.012154620650768333,6.91039,7.616254,0.7058638528442387,8.588189999999999,9.265745,0.6775551629638681,0.1426423,0.17695093,0.034308631549072266
11802,-0.038383999999999974,-0.02053862,0.017845379349231694,6.91039,7.616254,0.7058638528442387,7.9881899999999995,9.265745,1.2775551629638677,0.1326423,0.17695093,0.044308631549072275
11803,-0.068384,-0.02053862,0.04784537934923172,6.110389999999999,7.616254,1.5058638528442394,6.688189999999999,9.265745,2.5775551629638684,0.12364229999999998,0.17695093,0.05330863154907228
11804,-0.028383999999999965,-0.02053862,0.007845379349231685,7.21039,7.616254,0.405863852844238,9.28819,9.265745,-0.02244483703613298,0.17664230000000003,0.17695093,0.0003086315490722358
11805,0.01161600000000007,-0.02053862,-0.03215462065076835,8.71039,7.616254,-1.094136147155762,12.28819,9.265745,-3.022444837036133,0.2546423000000001,0.17695093,-0.07769136845092783
11981,0.07238699999999998,0.08519746,0.012810463631629965,13.175680000000002,11.360512,-1.8151682202148454,13.54515,12.07163,-1.4735204757690425,0.22845600000000005,0.19175293,-0.03670307448482518
11982,0.08238699999999999,0.08519746,0.002810463631629956,14.605680000000001,11.360512,-3.245168220214845,14.20515,12.07163,-2.1335204757690427,0.26545599999999997,0.19175293,-0.0737030744848251
12001,0.03315899999999994,0.12973952,0.09658052293396002,12.967910000000003,13.032962,0.06505184539794584,16.3201,18.03854,1.7184398864746093,0.3273436000000001,0.3957532,0.06840960482254016
12002,0.04315899999999995,0.12973952,0.08658052293396001,13.667910000000003,13.032962,-0.6349481546020534,17.5601,18.03854,0.4784398864746109,0.37834360000000006,0.3957532,0.017409604822540226
12032,0.12238699999999991,0.08519746,-0.03718953636836997,11.40568,11.360512,-0.04516822021484401,12.215150000000001,12.07163,-0.14352047576904425,0.17145599999999994,0.19175293,0.020296925515174924
12033,0.1123869999999999,0.08519746,-0.02718953636836996,6.425680000000003,11.360512,4.934831779785153,10.01515,12.07163,2.056479524230957,0.18145599999999995,0.19175293,0.010296925515174915
12054,-0.008027000000000006,0.008481123,0.016508122553348548,11.822220000000002,12.811165,0.9889448559570297,8.515290000000002,9.554684,1.0393936853027324,0.009383700000000106,0.027846485,0.018462785376357926
12055,-0.01693699999999998,-0.027807154,-0.010870153761386891,18.31426,16.212065,-2.1021952569580087,12.347019999999999,10.695904,-1.651116221923827,-0.007008199999999909,-0.015278704,-0.008270504464435668
12056,-0.062287800000000004,-0.046764247,0.015523552880573277,6.872430000000001,6.87238,-5.022018432754294e-05,4.446389999999999,5.078149,0.631758841857911,0.010692499999999883,0.02027415,0.009581649253964541
12454,0.6049899999999999,0.10943621,-0.4955537934803962,19.72159,12.709291,-7.012298541870116,19.26508,10.453497,-8.811583067016603,0.42248359999999996,0.089174956,-0.33330864391670223
12455,0.27498999999999996,0.10943621,-0.16555379348039623,17.19159,12.709291,-4.482298541870119,18.19508,10.453497,-7.741583067016602,0.4554836,0.089174956,-0.36630864391670226
12499,-0.07901000000000002,0.10943621,0.18844620651960375,11.851590000000002,12.709291,0.8577014581298812,8.05508,10.453497,2.398416932983398,0.030483600000000055,0.089174956,0.058691356083297674
12501,-0.022010000000000085,0.10943621,0.13144620651960381,16.32159,12.709291,-3.6122985418701177,11.28508,10.453497,-0.8315830670166022,-0.007516399999999979,0.089174956,0.09669135608329771
12639,0.3685139999999999,0.23202677,-0.13648722928905477,14.963110000000002,12.102865,-2.860244780883791,16.182830000000003,13.491639,-2.6911908627319363,0.23898579999999991,0.18648337,-0.05250243172245017
12640,0.3685139999999999,0.23202677,-0.13648722928905477,16.46311,12.102865,-4.360244780883789,15.882830000000002,13.491639,-2.3911908627319356,0.23898579999999991,0.18648337,-0.05250243172245017
12641,-0.007784999999999931,0.029207027,0.03699202658593648,10.238349999999997,8.8271475,-1.4112025161743134,11.387250000000002,8.835023,-2.5522270736694352,0.22226410000000008,0.07689157,-0.14537252871665962
12818,0.14238699999999993,0.046396762,-0.09599023786735528,7.205680000000001,8.200868,0.9951876528930654,12.40515,7.6493754,-4.755774561309815,0.273456,0.08620565,-0.1872503536043167
12820,0.006215000000000082,0.015991904,0.009776903841495432,6.488349999999997,8.916053,2.427702818298343,5.007250000000001,6.472557,1.4653070678710929,0.0122641,0.017953899,0.005689798757696152
12912,0.02049000000000012,0.0021665522,-0.018323447763696432,6.282160000000001,6.445687,0.16352681716918838,6.083500000000001,5.945504,-0.13799581146240314,0.048228600000000066,0.046188213,-0.0020403870688439074
13148,-0.03778499999999996,0.015991904,0.05377690384149547,12.52835,8.916053,-3.61229718170166,12.997250000000001,6.472557,-6.524692932128907,0.26726410000000006,0.017953899,-0.2493102012423039
13200,0.33618000000000003,0.30611026,-0.03006973712921146,9.416830000000001,9.905656,0.488825860900878,12.889339999999999,12.437256,-0.4520841406249989,0.24011690000000002,0.18960522,-0.05051167884769442
13202,0.26217999999999997,0.30611026,0.043930262870788606,8.47683,9.905656,1.4288258609008793,12.17934,12.437256,0.25791585937500017,0.1671169,0.18960522,0.02248832115230559
13203,0.3081800000000001,0.30611026,-0.0020697371292115463,9.40683,9.905656,0.49882586090087955,12.17934,12.437256,0.25791585937500017,0.2071169,0.18960522,-0.01751167884769439
13205,0.2961800000000001,0.30611026,0.009930262870788464,11.99683,9.905656,-2.0911741390991203,12.37934,12.437256,0.05791585937500088,0.1451169,0.18960522,0.04448832115230561
13246,-0.04996500000000004,0.036116146,0.08608114555120472,10.0657,12.010916,1.9452157562255863,7.368500000000001,9.578469,2.2099692764282217,0.046205199999999946,0.11214691,0.065941706554699
13310,0.08238699999999999,0.14679918,0.06441217693138124,26.56568,18.338902,-8.22677848022461,19.00515,14.488091,-4.517058531188965,0.061455999999999955,0.09583378,0.0343777783813477
13312,0.19238699999999997,0.14679918,-0.04558782306861875,16.77568,18.338902,1.5632215197753894,15.305150000000001,14.488091,-0.817058531188966,0.18145599999999995,0.09583378,-0.0856222216186523
13411,-0.009613000000000094,0.034386933,0.04399993284988413,9.205680000000001,9.633539,0.4278591998291006,8.50515,7.757316,-0.7478338874816899,-0.03854400000000002,0.00565475,0.04419874992617967
13412,0.035386999999999946,0.034386933,-0.001000067150115913,10.205680000000001,9.633539,-0.5721408001708994,7.20515,7.757316,0.5521661125183108,-0.018544000000000005,0.00565475,0.024198749926179652
13456,-0.03168099999999985,-0.023078825,0.00860217467522606,13.923570000000002,14.537656,0.6140858303832992,6.96186,8.3787985,1.4169384848022464,-0.11187360000000002,-0.056338765,0.055534835272884386
13457,0.003319000000000072,-0.023078825,-0.02639782532477386,14.32357,14.537656,0.21408583038330065,9.35186,8.3787985,-0.9730615151977542,-0.0028736000000000317,-0.056338765,-0.0534651647271156
13458,0.0073190000000000754,-0.023078825,-0.030397825324773864,14.11357,14.537656,0.4240858303833015,9.00186,8.3787985,-0.6230615151977545,-0.04487359999999996,-0.056338765,-0.011465164727115673
13460,-0.0836809999999999,-0.023078825,0.060602174675226106,12.563570000000002,14.537656,1.9740858303832987,5.391860000000001,8.3787985,2.986938484802245,-0.09387359999999989,-0.056338765,0.03753483527288426
13461,-0.04668099999999997,-0.023078825,0.023602174675226184,13.62357,14.537656,0.9140858303832999,7.251860000000001,8.3787985,1.1269384848022455,-0.042873599999999956,-0.056338765,-0.013465164727115675
13464,-0.05568099999999987,-0.023078825,0.03260217467522608,18.60357,14.537656,-4.0659141696167005,10.72186,8.3787985,-2.3430615151977534,-0.1038735999999999,-0.056338765,0.04753483527288427
13500,-0.07701100000000016,-0.060972117,0.016038883112430735,5.6616,6.4768844,0.8152843650817871,4.678630000000002,5.526287,0.84765707885742,0.06455220000000006,0.093688995,0.029136794646072328
13506,0.081488,0.07047982,-0.011008182311534886,7.041820000000001,10.406716,3.3648963467407214,5.616439999999999,7.6949883,2.078548250732423,-0.028692199999999946,-0.024228197,0.004464003408861106
13507,0.11148799999999992,0.07047982,-0.0410081823115348,14.341820000000002,10.406716,-3.9351036532592794,11.216439999999999,7.6949883,-3.5214517492675768,-0.0026922000000000335,-0.024228197,-0.021535996591138806
13917,0.0016650000000000276,0.0028979317,0.0012329317285120212,9.707340000000002,7.9446316,-1.7627084234619161,16.0613,6.9008636,-9.160436352539062,0.3153228,0.062249694,-0.25307310598044397
13918,-0.03733500000000012,0.0028979317,0.04023293172851217,8.006340000000005,7.9446316,-0.06170842346191918,9.9613,6.9008636,-3.060436352539062,0.14132280000000008,0.062249694,-0.07907310598044404
13919,-0.04433499999999979,0.0028979317,0.04723293172851184,7.1973400000000005,7.9446316,0.7472915765380854,4.561299999999999,6.9008636,2.3395636474609383,-0.002677199999999935,0.062249694,0.06492689401955598
14030,-0.0014199999999999768,-0.00081060943,0.0006093905680626399,11.15417,11.164165,0.009994543151854884,9.649430000000002,9.678107,0.02867726165771245,0.027506600000000048,0.02997473,0.0024681306853532314
14038,-0.0014199999999999768,-0.00081060943,0.0006093905680626399,11.15417,11.164165,0.009994543151854884,9.649430000000002,9.678107,0.02867726165771245,0.027506600000000048,0.02997473,0.0024681306853532314
14042,-0.0014199999999999768,-0.00081060943,0.0006093905680626399,11.15417,11.164165,0.009994543151854884,9.649430000000002,9.678107,0.02867726165771245,0.027506600000000048,0.02997473,0.0024681306853532314
14092,0.08162799999999992,0.07942478,-0.0022032164125441733,4.74099,5.539234,0.7982441613769531,6.13702,6.510241,0.3732210316467288,0.049590800000000046,0.063080646,0.013489846097660019
14102,0.271717,0.2322441,-0.03947289585304259,6.360720000000001,7.5229583,1.1622382786560053,14.838899999999999,12.8291645,-2.009735494995116,0.3750052,0.32701936,-0.04798583635826109
14156,0.04011589999999998,0.0874184,0.04730249975118639,4.493789999999997,5.7825246,1.2887345857238799,5.065109999999999,4.953488,-0.11162212692260631,0.05518109999999998,0.05138526,-0.003795838881587965
14222,0.04642499999999994,0.047882546,0.0014575457394123692,3.9513099999999994,5.570269,1.618959107818604,4.79749,5.8705015,1.073011518249512,0.052842899999999915,0.052335776,-0.0005071236113547428
14298,-0.04761300000000013,0.030066876,0.07767987574088586,10.855680000000003,9.93771,-0.9179701916503937,5.905150000000001,7.8252788,1.9201287590026848,-0.05854400000000004,0.04891659,0.10746058946871762
14299,-0.06761300000000015,0.030066876,0.09767987574088588,7.505680000000002,9.93771,2.4320298083496077,2.0051500000000004,7.8252788,5.820128759002685,-0.09854400000000008,0.04891659,0.14746058946871765
14842,-0.04365400000000008,-0.026486088,0.017167912409544073,6.4251400000000025,8.098388,1.673247718200681,5.555130000000002,5.9766235,0.4214935351562481,0.04789370000000004,0.05002219,0.00212848857407566
14981,0.06538699999999997,0.046396762,-0.01899023786735532,2.295680000000001,8.200868,5.905187652893066,9.03515,7.6493754,-1.3857745613098142,0.24845600000000007,0.08620565,-0.16225035360431678
15048,0.03638699999999995,0.034386933,-0.002000067150115914,9.785680000000003,9.633539,-0.15214080017090126,8.67515,7.757316,-0.9178338874816898,0.0044559999999999045,0.00565475,0.001198749926179743
15049,0.013387000000000038,0.034386933,0.020999932849883995,9.805680000000002,9.633539,-0.17214080017090083,7.135150000000001,7.757316,0.6221661125183093,0.0024559999999999027,0.00565475,0.0031987499261797447
15050,0.03838699999999995,0.034386933,-0.004000067150115916,10.105680000000003,9.633539,-0.47214080017090154,8.17515,7.757316,-0.4178338874816898,0.028456000000000037,0.00565475,-0.02280125007382039
15051,0.08938699999999988,0.034386933,-0.05500006715011585,9.88568,9.633539,-0.2521408001708991,7.385150000000001,7.757316,0.37216611251830933,0.00045600000000001195,0.00565475,0.0051987499261796355
15052,0.03138699999999994,0.034386933,0.0029999328498840905,9.81568,9.633539,-0.18214080017089884,7.42515,7.757316,0.3321661125183102,0.0034560000000000146,0.00565475,0.002198749926179633
15094,-0.04814300000000005,-0.017670477,0.030472523190856027,8.716320000000003,9.524259,0.8079386135864226,7.351320000000001,8.6333,1.2819798275756824,0.047267599999999965,0.10031725,0.05304964721193317
15096,-0.04814300000000005,-0.017670477,0.030472523190856027,8.316320000000005,9.524259,1.2079386135864212,7.341320000000001,8.6333,1.2919798275756822,0.06726759999999998,0.10031725,0.03304964721193315
15097,0.19216200000000005,0.059172977,-0.1329890232379437,19.21571,12.995256,-6.220453576049806,16.382050000000003,9.565149,-6.8169006927490265,0.21253600000000006,0.058068905,-0.15446709497427946
15098,-0.007838000000000012,0.059172977,0.06701097676205636,9.115710000000004,12.995256,3.879546423950192,5.082050000000002,9.565149,4.483099307250974,-0.05846399999999996,0.058068905,0.11653290502572056
15105,-0.00583800000000001,0.010659422,0.016497421794116507,8.115710000000004,9.3945875,1.2788775167846644,6.082050000000002,6.9577317,0.875681723785398,0.023536,0.011372512,-0.012163487793564798
15107,-0.010837999999999903,0.008965377,0.019803376764535807,9.115710000000004,10.247605,1.1318953237915004,6.082050000000002,7.6158104,1.533760394287107,-0.006463999999999914,0.037930395,0.044394395454168234
15108,0.012162000000000006,0.0019600948,-0.010201905214682228,10.115710000000004,9.1477585,-0.9679515161132848,7.782050000000002,6.0501046,-1.731945381927492,0.03153600000000001,0.008518294,-0.02301770556873084
15179,-0.008820999999999968,-0.023903392,-0.015082392255306276,3.33315,4.292982,0.9598321014404299,3.6633700000000005,4.426077,0.7627068890380855,0.060435600000000034,0.07996168,0.019526079875850644
15180,-0.028820999999999986,-0.023903392,0.004917607744693742,2.6231500000000025,4.292982,1.6698321014404272,2.7833700000000015,4.426077,1.6427068890380845,0.05643560000000014,0.07996168,0.023526079875850536
15182,-0.028820999999999986,-0.023903392,0.004917607744693742,3.1231500000000025,4.292982,1.1698321014404272,3.933370000000002,4.426077,0.49270688903808413,0.08943560000000006,0.07996168,-0.009473920124149382
15183,-0.018820999999999977,-0.023903392,-0.005082392255306267,5.49315,4.292982,-1.2001678985595703,6.133370000000001,4.426077,-1.7072931109619152,0.11743560000000008,0.07996168,-0.03747392012414941
15184,-0.048821,-0.023903392,0.02491760774469376,4.83315,4.292982,-0.5401678985595701,4.403370000000001,4.426077,0.022706889038085265,0.07743560000000005,0.07996168,0.0025260798758506287
15185,-0.048821,-0.023903392,0.02491760774469376,4.0131499999999996,4.292982,0.27983210144043014,3.503370000000002,4.426077,0.9227068890380838,0.05743560000000003,0.07996168,0.022526079875850646
15186,-0.048821,-0.023903392,0.02491760774469376,4.81315,4.292982,-0.5201678985595706,4.713370000000001,4.426077,-0.28729311096191523,0.08743560000000006,0.07996168,-0.00747392012414938
15187,-0.048821,-0.023903392,0.02491760774469376,5.2631499999999996,4.292982,-0.9701678985595699,5.2433700000000005,4.426077,-0.8172931109619146,0.09743560000000007,0.07996168,-0.01747392012414939
15189,0.01117900000000005,-0.023903392,-0.035082392255306294,3.9231499999999997,4.292982,0.36983210144043,5.323370000000001,4.426077,-0.8972931109619147,0.10743560000000008,0.07996168,-0.027473920124149398
15190,-0.018820999999999977,-0.023903392,-0.005082392255306267,4.65315,4.292982,-0.36016789855957043,5.153370000000001,4.426077,-0.7272931109619147,0.09743560000000007,0.07996168,-0.01747392012414939
15191,-0.038820999999999994,-0.023903392,0.01491760774469375,4.17315,4.292982,0.11983210144043,3.423370000000002,4.426077,1.002706889038084,0.04743560000000002,0.07996168,0.032526079875850655
15194,0.01117900000000005,-0.023903392,-0.035082392255306294,3.9731500000000004,4.292982,0.3198321014404293,5.393370000000001,4.426077,-0.967293110961915,0.10743560000000008,0.07996168,-0.027473920124149398
15195,-0.008820999999999968,-0.023903392,-0.015082392255306276,3.453150000000001,4.292982,0.8398321014404289,3.813370000000001,4.426077,0.6127068890380851,0.06743560000000004,0.07996168,0.012526079875850638
15196,-0.038820999999999994,-0.023903392,0.01491760774469375,3.393150000000002,4.292982,0.8998321014404276,2.8233700000000006,4.426077,1.6027068890380853,0.04743560000000002,0.07996168,0.032526079875850655
15832,0.16282600000000003,0.25120002,0.08837402031326291,16.43832,16.806751,0.3684312512207022,13.98673,15.358869,1.3721385989379886,0.07779709999999995,0.12055704,0.04275993997612004
15833,0.142826,0.25120002,0.10837402031326293,16.338320000000003,16.806751,0.46843125122070006,13.88673,15.358869,1.4721385989379883,0.09779709999999997,0.12055704,0.022759939976120025
15834,0.252826,0.25120002,-0.0016259796867370557,13.238320000000002,16.806751,3.5684312512207015,13.48673,15.358869,1.8721385989379886,0.09779709999999997,0.12055704,0.022759939976120025
15835,0.31282600000000005,0.25120002,-0.06162597968673711,17.03832,16.806751,-0.23156874877929567,15.38673,15.358869,-0.027861401062011737,0.08779709999999996,0.12055704,0.032759939976120034
15836,0.30282600000000004,0.25120002,-0.0516259796867371,18.838320000000003,16.806751,-2.0315687487793,16.28673,15.358869,-0.9278614010620103,0.09779709999999997,0.12055704,0.022759939976120025
15837,0.30282600000000004,0.25120002,-0.0516259796867371,20.338320000000003,16.806751,-3.5315687487793,16.88673,15.358869,-1.5278614010620117,0.09779709999999997,0.12055704,0.022759939976120025
15843,0.21282599999999996,0.25120002,0.03837402031326298,13.63832,16.806751,3.168431251220703,14.18673,15.358869,1.1721385989379876,0.1477970999999999,0.12055704,-0.02724006002387991
15844,0.262826,0.25120002,-0.011625979686737065,15.13832,16.806751,1.668431251220703,15.78673,15.358869,-0.4278614010620121,0.17779709999999993,0.12055704,-0.057240060023879935
15845,0.29282600000000003,0.25120002,-0.04162597968673709,18.73832,16.806751,-1.9315687487792985,17.48673,15.358869,-2.127861401062013,0.23779709999999998,0.12055704,-0.11724006002387999
15846,0.252826,0.25120002,-0.0016259796867370557,18.73832,16.806751,-1.9315687487792985,16.48673,15.358869,-1.1278614010620132,0.10779709999999998,0.12055704,0.012759939976120016
16106,0.0015540000000000553,0.027776102,0.026222101604103987,8.90036,11.325006,2.424645531311036,5.6126000000000005,7.8441315,2.231531469726562,-0.037971599999999994,-0.009912302,0.02805929821375608
16107,0.0015540000000000553,0.027776102,0.026222101604103987,11.50036,11.325006,-0.17535446868896543,7.6126000000000005,7.8441315,0.23153146972656202,-0.037971599999999994,-0.009912302,0.02805929821375608
16109,0.03155400000000008,0.027776102,-0.00377789839589604,10.600360000000002,11.325006,0.7246455313110332,8.632600000000002,7.8441315,-0.7884685302734393,0.019028400000000056,-0.009912302,-0.028940701786243972
16140,-0.007784999999999931,-0.05543602,-0.04765101885437972,6.738349999999997,6.875801,0.1374510864257843,4.637250000000002,3.6675644,-0.9696856079101579,0.002264100000000102,-0.010363862,-0.012627961918449504
16141,-0.007784999999999931,0.012128454,0.019913453701734474,4.788349999999998,9.500116,4.711766348266604,2.3972499999999997,6.3663616,3.9691116180419925,-0.03773589999999993,-0.009296927,0.028438973330223494
16142,0.002215000000000078,0.012128454,0.009913453701734465,5.658349999999999,9.500116,3.841766348266603,4.2272500000000015,6.3663616,2.1391116180419907,0.002264100000000102,-0.009296927,-0.011561026669776542
16143,0.002215000000000078,0.012128454,0.009913453701734465,4.77835,9.500116,4.721766348266602,3.1472499999999997,6.3663616,3.2191116180419925,-0.007735899999999907,-0.009296927,-0.001561026669776533
16144,0.002215000000000078,0.012128454,0.009913453701734465,4.77835,9.500116,4.721766348266602,3.1472499999999997,6.3663616,3.2191116180419925,-0.007735899999999907,-0.009296927,-0.001561026669776533
16145,-0.007784999999999931,0.012128454,0.019913453701734474,4.788349999999998,9.500116,4.711766348266604,2.327250000000003,6.3663616,4.039111618041989,-0.03773589999999993,-0.009296927,0.028438973330223494
16147,0.002215000000000078,0.012128454,0.009913453701734465,5.18835,9.500116,4.311766348266602,3.05725,6.3663616,3.3091116180419924,-0.027735899999999925,-0.009296927,0.018438973330223485
16148,-0.007784999999999931,0.012128454,0.019913453701734474,4.798349999999999,9.500116,4.701766348266602,2.3472500000000025,6.3663616,4.01911161804199,-0.03773589999999993,-0.009296927,0.028438973330223494
16346,0.012386999999999926,0.033644374,0.021257374459981992,6.505680000000002,8.933926,2.4282456286621077,6.805150000000001,7.825705,1.020555051422118,0.09145599999999998,0.037781876,-0.05367412441945074
16355,0.022386999999999935,0.2376018,0.2152148017530442,12.505680000000002,15.626965,3.121284569091795,11.50515,13.884357,2.3792074523925777,0.14145599999999992,0.17682183,0.035365827888488854
16356,0.022386999999999935,0.2376018,0.2152148017530442,12.505680000000002,15.626965,3.121284569091795,11.50515,13.884357,2.3792074523925777,0.14145599999999992,0.17682183,0.035365827888488854
16357,0.07238699999999998,0.2376018,0.16521480175304415,12.005680000000002,15.626965,3.621284569091795,11.50515,13.884357,2.3792074523925777,0.14145599999999992,0.17682183,0.035365827888488854
16358,0.3723869999999999,0.2376018,-0.13478519824695578,13.005680000000002,15.626965,2.621284569091795,15.50515,13.884357,-1.6207925476074223,0.19145599999999996,0.17682183,-0.01463417211151119
16360,0.822387,0.2376018,-0.5847851982469559,29.00568,15.626965,-13.378715430908205,20.50515,13.884357,-6.620792547607422,0.44145599999999996,0.17682183,-0.2646341721115112
16382,-0.057784999999999975,0.015991904,0.07377690384149549,6.388349999999999,8.916053,2.5277028182983408,2.9472500000000004,6.472557,3.5253070678710934,-0.027735899999999925,0.017953899,0.045689798757696076
16383,-0.06778499999999998,0.015991904,0.0837769038414955,6.218349999999997,8.916053,2.6977028182983425,1.8872500000000016,6.472557,4.585307067871092,-0.05773589999999995,0.017953899,0.0756897987576961
16384,-0.06778499999999998,0.015991904,0.0837769038414955,5.268349999999998,8.916053,3.6477028182983418,0.2872500000000002,6.472557,6.1853070678710935,-0.08973589999999998,0.017953899,0.10768979875769613
16399,-0.012589300000000025,-0.03213842,-0.019549118406248067,7.345469999999999,7.6370792,0.29160923889160273,6.052990000000001,6.320374,0.267384011993407,0.03577780000000008,0.067976266,0.032198466145706095
16400,-0.04258930000000005,-0.03213842,0.01045088159375196,7.205470000000002,7.6370792,0.43160923889159974,5.93299,6.320374,0.387384011993408,0.0557778000000001,0.067976266,0.012198466145706077
16401,-0.03258930000000004,-0.03213842,0.0004508815937519506,6.725470000000001,7.6370792,0.9116092388916002,5.722990000000001,6.320374,0.5973840119934071,0.0557778000000001,0.067976266,0.012198466145706077
16402,-0.08258930000000009,-0.03213842,0.050450881593751995,7.165469999999999,7.6370792,0.47160923889160244,5.36299,6.320374,0.9573840119934083,0.0557778000000001,0.067976266,0.012198466145706077
16403,-0.05125869999999999,0.035018045,0.08627674545521735,6.4666999999999994,9.245678,2.7789779479980474,5.704930000000001,7.9387136,2.233783550567626,0.09579910000000003,0.15133831,0.0555392090496063
16487,0.05927900000000008,0.060118552,0.0008395522973536629,7.8967600000000004,8.504202,0.6074418890380855,11.47757,11.648094,0.1705241772460937,0.26938680000000004,0.21766739,-0.05171941406421665
16540,-0.02723500000000012,-0.015908193,0.011326807156801344,7.75046,7.379578,-0.37088188644409215,7.6053599999999975,8.439999,0.8346386267089869,0.08608870000000002,0.123233005,0.03714430540447233
16541,-0.04823500000000003,-0.015908193,0.03232680715680125,7.4104600000000005,7.379578,-0.030881886444092288,6.675359999999998,8.439999,1.7646386267089866,0.0660887,0.123233005,0.05714430540447235
16551,0.022386999999999935,0.06851746,0.046130461419105595,11.65568,13.7873955,2.1317154772949216,8.40515,10.314404,1.909253533935546,-0.05854400000000004,0.042792253,0.10133625319623951
16629,0.11544300000000007,0.09333464,-0.02210836241769798,6.32394,6.492058,0.1681178002929684,9.718829999999999,9.534943,-0.18388737304687375,0.14842279999999997,0.14126526,-0.007157541806983914
16630,0.10144300000000006,0.09333464,-0.008108362417697967,6.123940000000001,6.492058,0.3681178002929677,9.018829999999998,9.534943,0.5161126269531273,0.13842279999999996,0.14126526,0.0028424581930160953
16650,0.05253400000000008,0.06578653,0.013252533057689586,10.846149999999998,11.484232,0.6380819488525411,11.288349999999998,9.796192,-1.4921578308105445,0.16681619999999997,0.03154566,-0.13527053861017224
16654,0.002215000000000078,0.0049575595,0.0027425595185159857,7.958349999999999,10.379591,2.4212409881591803,6.397250000000001,8.939187,2.541937049865721,0.04226410000000003,0.08485721,0.0425931105169296
16755,-0.0176130000000001,0.030066876,0.047679875740885835,8.805680000000002,9.93771,1.132029808349607,6.405150000000001,7.8252788,1.4201287590026848,0.03145599999999993,0.04891659,0.017460589468717647
16756,-0.007613000000000092,-0.011378541,-0.0037655406574605976,11.805680000000002,10.529884,-1.2757956616210961,9.805150000000001,7.6594844,-2.1456656135559093,0.09145599999999998,0.03142014,-0.06003585854148863
16761,0.07763999999999993,0.0843777,0.0067376986002922745,16.353350000000002,14.473585,-1.8797648712158228,16.680770000000003,15.446517,-1.2342530093383814,0.12271939999999992,0.13365994,0.010940543938255387
16762,0.08826400000000001,0.0835226,-0.004741397084236154,8.05084,9.414495,1.3636554681396476,9.480569999999998,10.351736,0.8711660687255876,0.12744659999999997,0.12533453,-0.0021120689311980856
16763,0.20370399999999989,0.19253828,-0.011165723685264473,13.32169,13.422841,0.10115107208251928,14.786100000000001,14.712107,-0.07399329528808707,0.20708840000000006,0.14281204,-0.06427635657157904
16861,-0.057613000000000136,0.036062192,0.0936751921718122,8.575680000000002,9.2560625,0.6803825076293926,4.995150000000001,7.5119696,2.516819566345214,-0.008543999999999996,0.047419738,0.055963738024473186
16893,-0.057613000000000136,0.02108543,0.07869842993664755,7.2156800000000025,9.770583,2.5549031527709936,2.895150000000001,7.929666,5.03451604232788,-0.04854400000000003,0.054483164,0.1030271641018391
17144,0.06851399999999996,0.04502274,-0.02349125903987881,9.263110000000001,8.510206,-0.7529037774658214,9.882830000000002,8.838423,-1.0444072247314473,0.10898579999999991,0.12759967,0.018613871483039945
17145,0.06851399999999996,0.04502274,-0.02349125903987881,9.363110000000002,8.510206,-0.8529037774658228,10.382830000000002,8.838423,-1.5444072247314473,0.13898579999999994,0.12759967,-0.011386128516960081
17146,0.10851399999999989,0.04502274,-0.06349125903987873,10.763110000000001,8.510206,-2.2529037774658214,11.882830000000002,8.838423,-3.0444072247314473,0.16898579999999996,0.12759967,-0.04138612851696011
17147,0.13851399999999991,0.04502274,-0.09349125903987876,12.263110000000001,8.510206,-3.7529037774658214,13.582830000000001,8.838423,-4.744407224731447,0.2189857999999999,0.12759967,-0.09138612851696004
17255,0.01638699999999993,0.036062192,0.019675192171812128,8.205680000000001,9.2560625,1.0503825076293936,7.10515,7.5119696,0.40681956634521477,0.05345599999999995,0.047419738,-0.006036261975526758
17258,-0.0036130000000000884,0.036062192,0.039675192171812146,7.605680000000003,9.2560625,1.6503825076293914,5.50515,7.5119696,2.0068195663452144,0.007455999999999907,0.047419738,0.03996373802447328
17259,0.024386999999999937,0.036062192,0.011675192171812121,18.60568,9.2560625,-9.349617492370605,7.805150000000001,7.5119696,-0.2931804336547863,0.06645599999999996,0.047419738,-0.01903626197552677
17716,-0.028828000000000076,-0.028064774,0.00076322565066822,7.57076,7.4099426,-0.16081737304687493,4.408440000000002,4.5893393,0.18089925628661874,-0.03592989999999996,-0.048203014,-0.012273113837337535
17768,0.02883199999999997,0.061239004,0.03240700413513187,13.28245,13.180565,-0.101885119628907,14.54456,15.908549,1.3639893087768549,0.23287709999999995,0.27024898,0.03737187933006292
17769,0.08244399999999996,0.13173288,0.04928888106918339,22.99146,20.309793,-2.681666527709961,21.34637,20.961647,-0.38472296630859404,0.22879779999999994,0.29903108,0.07023327881546026
17770,0.14180099999999995,0.1286976,-0.01310339605903621,18.17923,18.307796,0.12856647827148393,20.27234,19.821619,-0.45072096618652324,0.3519151,0.31327918,-0.03863591828117369
17869,0.332387,0.030066876,-0.30232012425911425,13.755680000000002,9.93771,-3.8179701916503923,15.38515,7.8252788,-7.559871240997314,0.32545599999999997,0.04891659,-0.2765394105312824
17870,0.20238699999999998,0.030066876,-0.17232012425911425,12.74568,9.93771,-2.8079701916503907,12.97515,7.8252788,-5.149871240997314,0.16945599999999994,0.04891659,-0.12053941053128236
17871,0.14238699999999993,0.030066876,-0.1123201242591142,9.235680000000002,9.93771,0.7020298083496073,11.70515,7.8252788,-3.879871240997314,0.19045599999999996,0.04891659,-0.14153941053128238
17872,0.06238699999999997,0.030066876,-0.032320124259114236,8.675680000000003,9.93771,1.262029808349606,7.09515,7.8252788,0.7301287590026853,-0.009543999999999997,0.04891659,0.05846058946871757
17873,0.04238699999999995,0.030066876,-0.012320124259114218,8.705680000000001,9.93771,1.2320298083496084,6.555150000000001,7.8252788,1.2701287590026844,-0.009543999999999997,0.04891659,0.05846058946871757
17874,0.05238699999999996,0.030066876,-0.022320124259114227,8.095680000000002,9.93771,1.8420298083496078,6.305150000000001,7.8252788,1.5201287590026844,-0.009543999999999997,0.04891659,0.05846058946871757
17875,-0.057613000000000136,0.030066876,0.08767987574088587,6.675680000000003,9.93771,3.262029808349606,3.355150000000002,7.8252788,4.470128759002684,-0.05054400000000003,0.04891659,0.09946058946871761
17886,0.08238699999999999,0.030066876,-0.05232012425911425,6.045680000000001,9.93771,3.8920298083496085,8.65515,7.8252788,-0.8298712409973152,0.15445599999999993,0.04891659,-0.10553941053128235
17888,-0.0176130000000001,0.030066876,0.047679875740885835,7.945680000000003,9.93771,1.9920298083496064,2.815149999999999,7.8252788,5.010128759002686,-0.05454400000000004,0.04891659,0.10346058946871761
17889,-0.03761300000000012,0.030066876,0.06767987574088585,6.935680000000001,9.93771,3.002029808349608,1.765150000000002,7.8252788,6.0601287590026836,-0.06854400000000005,0.04891659,0.11746058946871762
17890,-0.057613000000000136,-0.062335037,-0.004722036695003373,5.83568,7.431643,1.595963009185791,3.4451500000000017,3.5100517,0.06490172729492016,0.006455999999999906,-0.011424813,-0.017880813419580366
18010,-0.1215885000000001,-0.09011834,0.03147015885210047,4.4962800000000005,5.196297,0.700017168731689,4.447769999999999,5.824991,1.3772212261962897,0.2022463,0.2372917,0.035045393687438975
18012,-0.11025920000000011,-0.121317446,-0.011058246231841928,9.80107,9.244838,-0.5562322390747063,9.688480000000002,8.625482,-1.0629983944702168,0.21003019999999994,0.19922268,-0.010807516093444769
18013,-0.07761300000000015,0.046396762,0.12400976213264481,11.005680000000002,8.200868,-2.8048123471069353,6.70515,7.6493754,0.9442254386901858,-0.008543999999999996,0.08620565,0.09474964639568328
18064,0.24319900000000005,0.23138386,-0.011815139888763482,9.202200000000001,9.134326,-0.06787401885986455,11.37851,11.223093,-0.15541696716308628,0.1828033,0.1758999,-0.006903406954574587
18065,0.2174060000000001,0.18070157,-0.036704431277275185,19.635419999999996,17.913803,-1.7216168994140588,22.652050000000003,20.636112,-2.015937786865237,0.3120335000000001,0.27691808,-0.03511541657066353
18066,0.011300000000000088,0.06688353,0.055583526742458256,5.734930000000002,7.7119536,1.9770236399841288,5.584589999999999,7.7819343,2.197344261322023,0.052723500000000034,0.091900244,0.03917674435520169
18068,-0.00869999999999993,-0.010038699,-0.001338699023425649,6.784930000000003,6.292538,-0.4923918339538602,6.51459,6.71008,0.19549014678955068,0.06272350000000004,0.06803674,0.005313242508411364
18069,0.031300000000000106,0.023923801,-0.007376198741793738,7.0949300000000015,7.3269963,0.2320663264465317,7.744589999999999,7.992134,0.2475440942382825,0.08272350000000006,0.09267995,0.009956447614669739
18113,0.09931900000000005,0.035709575,-0.0636094251813889,13.32357,11.423448,-1.9001223910522462,10.85186,9.362423,-1.489437056884766,0.014126400000000094,0.031230465,0.01710406457767477
18131,-0.08801000000000014,0.060990438,0.1490004378652574,7.241590000000002,10.525465,3.2838750115966775,1.9550800000000024,7.939503,5.984423192901609,-0.07651640000000004,0.034565113,0.1110815134848595
18133,0.09483520000000001,0.07044108,-0.024394117880058297,4.545310000000001,5.969023,1.4237132276916498,4.38747,4.807748,0.42027784088134723,0.00031400000000003647,-0.024478186,-0.02479218592190746
18134,0.08993849999999992,0.07891615,-0.011022352648734968,10.15651,9.414815,-0.7416950509643563,8.46425,7.884027,-0.5802229957580565,0.02050989999999997,0.03733379,0.016823890212869674
18136,0.12098799999999998,0.021220801,-0.09976719860184191,8.40156,7.948812,-0.4527479920959472,8.894659999999998,6.849293,-2.045366768035887,0.08722530000000006,0.056510974,-0.03071432627825743
18166,0.11662500000000009,0.0923479,-0.024277102410793394,14.891109999999998,13.251293,-1.6398168176269508,18.15246,15.153686,-2.998774430236818,0.4045896,0.29735574,-0.10723385873756408
18171,0.013999000000000095,0.010738543,-0.003260456765234565,11.477609999999999,11.52265,0.0450397650146499,10.325389999999999,10.078934,-0.24645628417968624,0.06059910000000002,0.051394228,-0.009204872107839601
18172,0.013999000000000095,0.010738543,-0.003260456765234565,11.677610000000001,11.52265,-0.15496023498535294,10.92539,10.078934,-0.8464562841796877,0.08059909999999992,0.051394228,-0.029204872107839508
18173,-0.02600099999999994,0.010738543,0.03673954323476547,10.87761,11.52265,0.6450397650146478,8.325389999999999,10.078934,1.7535437158203138,0.010599099999999972,0.051394228,0.04079512789216044
18174,0.013999000000000095,0.010738543,-0.003260456765234565,11.27761,11.52265,0.2450397650146492,9.42539,10.078934,0.6535437158203123,0.03059909999999999,0.051394228,0.020795127892160425
18175,0.17600300000000013,0.12485045,-0.05115254805374159,10.59808,5.9842386,-4.613841375427246,14.029720000000001,8.813071,-5.216648749084474,0.46269989999999994,0.26029956,-0.202400336592102
18177,0.10600300000000007,0.12485045,0.018847451946258476,2.998079999999998,5.9842386,2.986158624572756,6.40972,8.813071,2.4033512509155273,0.1526999,0.26029956,0.10759966340789795
18191,0.07698099999999997,0.081467725,0.0044867253365517,15.224429999999998,12.742615,-2.481815253906248,12.501209999999999,11.262701,-1.2385089654541002,0.0384814,0.050434977,0.01195357681617737
18233,0.0014879999999999338,-0.013686098,-0.015174098158359461,9.901820000000004,8.478956,-1.4228637774658246,5.716439999999999,4.993724,-0.7227161306762682,-0.05369219999999997,-0.016032305,0.037659895385217634
18235,0.03148799999999996,-0.013686098,-0.04517409815835949,8.851820000000004,8.478956,-0.3728637774658239,5.616439999999999,4.993724,-0.6227161306762685,-0.04369219999999996,-0.016032305,0.027659895385217625
18358,0.3223218,0.3152047,-0.0071170902317047036,16.41386,16.515322,0.10146173156738314,16.14024,16.359032,0.21879167724609516,0.15182680000000004,0.15068193,-0.0011448721998215117
18360,0.09738699999999989,0.20437074,0.10698373707580577,16.225680000000004,19.689337,3.4636567767333943,13.34515,16.810081,3.4649314819335935,0.08145599999999997,0.23333858,0.15188257953548434
18361,0.332387,0.20437074,-0.12801626292419432,20.60568,19.689337,-0.9163432232666011,18.40515,16.810081,-1.5950685180664053,0.32145599999999996,0.23333858,-0.08811742046451565
18364,0.20238699999999998,0.20437074,0.0019837370758056805,19.70568,19.689337,-0.016343223266602536,17.105150000000002,16.810081,-0.2950685180664081,0.25145599999999996,0.23333858,-0.018117420464515643
18365,0.19238699999999997,0.20437074,0.01198373707580569,19.10568,19.689337,0.5836567767333989,16.50515,16.810081,0.3049314819335933,0.21145599999999998,0.23333858,0.021882579535484337
18366,0.20238699999999998,0.20437074,0.0019837370758056805,20.50568,19.689337,-0.8163432232666032,17.30515,16.810081,-0.4950685180664074,0.25145599999999996,0.23333858,-0.018117420464515643
18367,0.21238699999999988,0.20437074,-0.008016262924194217,22.20568,19.689337,-2.5163432232666025,18.20515,16.810081,-1.395068518066406,0.281456,0.23333858,-0.04811742046451567
18368,0.18538699999999986,0.20437074,0.018983737075805807,19.06568,19.689337,0.623656776733398,16.52515,16.810081,0.28493148193359374,0.21045599999999998,0.23333858,0.022882579535484338
18456,0.31199,0.060990438,-0.2509995621347427,15.421590000000002,10.525465,-4.896124988403322,16.08508,7.939503,-8.14557680709839,0.24348359999999997,0.034565113,-0.2089184865151405
18457,0.05198999999999998,0.060990438,0.009000437865257283,10.721590000000003,10.525465,-0.19612498840332293,8.085080000000001,7.939503,-0.14557680709839005,-0.006516399999999978,0.034565113,0.041081513484859444
18458,0.30199,0.060990438,-0.24099956213474272,20.921590000000002,10.525465,-10.396124988403322,17.98508,7.939503,-10.045576807098389,0.2534836,0.034565113,-0.2189184865151405
18459,0.13198999999999994,0.060990438,-0.07099956213474268,15.521590000000002,10.525465,-4.996124988403322,12.48508,7.939503,-4.545576807098389,0.10348360000000001,0.034565113,-0.06891848651514054
18548,-0.04830000000000001,-0.016609961,0.03169003883302213,9.92342,8.43703,-1.4863901614379884,3.321159999999999,6.6599298,3.3387697523498545,0.08136260000000006,0.11564578,0.03428318115940088
18591,0.032215000000000105,0.052371,0.020155999008417025,6.708349999999999,7.8478703,1.1395203498840338,4.807250000000002,5.5744095,0.7671594848632797,-0.01973590000000003,-0.03185815,-0.01212224991593358
18593,-0.007784999999999931,0.052371,0.06015599900841706,7.038349999999998,7.8478703,0.8095203498840355,3.707250000000002,5.5744095,1.8671594848632793,-0.049735899999999944,-0.03185815,0.017877750084066335
18897,0.16680000000000006,0.15926264,-0.007537357735633909,11.438210000000002,11.459465,0.021255026855467207,12.883309999999998,12.629128,-0.2541815438842754,0.1945831,0.18101522,-0.013567876735305795
18972,0.045600000000000085,0.029704899,-0.01589510140419015,11.082550000000001,11.28832,0.2057695877075183,12.354080000000002,11.766845,-0.5872352505493179,0.12870480000000006,0.113358125,-0.015346674909401004
18973,0.04060000000000008,0.029704899,-0.010895101404190144,10.062550000000002,11.28832,1.2257695877075179,11.31408,11.766845,0.452764749450683,0.11470479999999994,0.113358125,-0.00134667490940088
18974,0.03160000000000007,0.029704899,-0.001895101404190136,9.832550000000001,11.28832,1.4557695877075183,10.074080000000002,11.766845,1.6927647494506814,0.07070480000000001,0.113358125,0.04265332509059905
18975,0.035600000000000076,0.029704899,-0.0058951014041901395,9.992550000000001,11.28832,1.2957695877075182,10.404080000000002,11.766845,1.3627647494506814,0.07770479999999991,0.113358125,0.03565332509059915
19092,0.022386999999999935,-0.019318271,-0.04170527142834657,13.715680000000003,13.152708,-0.5629719464111353,11.305150000000001,10.199459,-1.1056909240722668,0.09145599999999998,0.07597542,-0.01548058190917967
19093,-0.06261300000000003,-0.019318271,0.043294728571653396,13.445680000000001,13.152708,-0.292971946411134,9.70515,10.199459,0.49430907592773465,0.051455999999999946,0.07597542,0.024519418090820366
19094,-0.04161300000000012,-0.019318271,0.022294728571653488,13.305680000000002,13.152708,-0.1529719464111352,9.70515,10.199459,0.49430907592773465,0.051455999999999946,0.07597542,0.024519418090820366
19198,0.011009000000000047,-0.00649836,-0.0175073600750566,7.177890000000001,6.7900333,-0.3878566595458999,7.068549999999998,6.4113145,-0.6572355125427229,0.08476320000000004,0.04587772,-0.038885478839349785
19202,-0.003775000000000084,0.003543945,0.007318945029378021,16.696040000000004,13.293556,-3.4024837866210973,16.12153,13.193563,-2.927966538696289,0.1615088,0.14234056,-0.01916824421291352
19244,-0.03878499999999985,0.006380342,0.04516534194707855,7.8783499999999975,7.1090784,-0.7692715927123999,4.807250000000002,4.927133,0.11988308334350428,-0.011735900000000021,0.014231853,0.02596775318708422
19291,-0.07923600000000008,-0.04866637,0.0305696308300496,2.3797200000000025,2.1456697,-0.23405030128479254,-0.20638999999999896,0.24704723,0.4534372306013097,-0.030698899999999973,0.007306245,0.03800514515563247
19342,0.006939600000000046,-0.048959363,-0.05589896325192456,11.826110000000002,11.172128,-0.653982276306154,12.053180000000001,9.8565855,-2.1965944973754894,0.39010999999999996,0.24842137,-0.14168862901687618
19344,-0.11306040000000006,-0.048959363,0.06410103674807555,10.526110000000001,11.172128,0.6460177236938467,7.85318,9.8565855,2.0034055026245117,0.12010999999999994,0.24842137,0.12831137098312384
19346,0.021525999999999934,-0.047220573,-0.06874657282924646,13.160549999999999,10.956277,-2.204273106384276,13.2034,9.262114,-3.941286428833008,0.3717889,0.1830476,-0.18874130736007688
19348,-0.06847400000000015,-0.047220573,0.021253427170753625,10.260549999999999,10.956277,0.6957268936157242,7.7034,9.262114,1.558713571166992,0.11178889999999997,0.1830476,0.07125869263992313
19349,-0.08847400000000016,-0.047220573,0.04125342717075364,9.56055,10.956277,1.3957268936157234,6.9033999999999995,9.262114,2.3587135711669927,0.08178890000000005,0.1830476,0.10125869263992304
19455,-0.04820599999999997,-0.047412705,0.0007932953236102769,15.4158,10.7294035,-4.686396504211427,12.249519999999999,8.440276,-3.80924385406494,0.013294299999999981,0.0368567,0.023562399734926243
19456,-0.05820599999999998,-0.047412705,0.010793295323610286,7.6158,10.7294035,3.113603495788574,6.049519999999998,8.440276,2.390756145935061,0.0342943,0.0368567,0.002562399734926224
19467,-0.03778499999999996,0.012128454,0.0499134537017345,7.8683499999999995,9.500116,1.631766348266602,4.847250000000001,6.3663616,1.5191116180419915,-0.007735899999999907,-0.009296927,-0.001561026669776533
19468,-0.07778499999999999,0.012128454,0.08991345370173454,7.678349999999998,9.500116,1.8217663482666033,2.247250000000001,6.3663616,4.119111618041991,-0.08773589999999998,-0.009296927,0.07843897333022354
19551,0.00021500000000007624,0.009858394,0.009643394041657372,7.178349999999998,7.2723703,0.09402033843994317,4.8572500000000005,5.8942065,1.0369565238952632,-0.00973590000000002,0.03628046,0.04601636065568926
19552,-0.007784999999999931,0.009858394,0.01764339404165738,7.538349999999998,7.2723703,-0.26597966156005626,5.207250000000002,5.8942065,0.6869565238952617,0.002264100000000102,0.03628046,0.03401636065568914
19592,0.10985100000000003,0.027199056,-0.08265194400048259,12.987359999999999,11.943099,-1.0442609780883778,16.128130000000002,13.0548,-3.0733299664306664,0.1979033,0.13233921,-0.065564090681839
19594,0.019851000000000063,0.027199056,0.007348055999517378,12.637360000000001,11.943099,-0.6942609780883799,13.728130000000002,13.0548,-0.673329966430666,0.14690329999999996,0.13233921,-0.014564090681838948
19595,-0.010148999999999964,0.027199056,0.037348055999517404,11.62736,11.943099,0.3157390219116216,11.11813,13.0548,1.9366700335693352,0.0799032999999999,0.13233921,0.05243590931816111
19616,-0.008010000000000073,0.054835055,0.06284505502343185,7.221590000000003,9.544183,2.3225927774047825,3.7850800000000007,7.014031,3.2289509333801263,-0.05451640000000002,-0.0087551605,0.04576123950436117
19617,-0.008010000000000073,0.054835055,0.06284505502343185,4.121590000000001,9.544183,5.422592777404784,1.0850800000000014,7.014031,5.928950933380126,-0.06551640000000003,-0.0087551605,0.05676123950436118
19820,-0.007784999999999931,0.015991904,0.023776903841495445,9.558349999999997,8.916053,-0.6422971817016574,6.507250000000001,6.472557,-0.03469293212890712,-0.007735899999999907,0.017953899,0.02568979875769606
19827,0.3305867,0.16117726,-0.16940943733615876,16.26598,15.520722,-0.7452576107788076,17.0024,15.67799,-1.3244100402832046,0.4321154,0.37156343,-0.060551965399169905
19829,0.04058670000000009,0.16117726,0.12059056266384116,14.465979999999998,15.520722,1.0547423892211931,14.6024,15.67799,1.0755899597167975,0.3321154,0.37156343,0.03944803460083007
19830,0.26058670000000006,0.16117726,-0.09940943733615881,15.865979999999999,15.520722,-0.34525761077880723,16.5024,15.67799,-0.8244100402832046,0.4021154,0.37156343,-0.030551965399169934
19831,0.02058670000000007,0.16117726,0.14059056266384118,14.165979999999998,15.520722,1.3547423892211938,14.5024,15.67799,1.1755899597167971,0.3421154,0.37156343,0.029448034600830064
19832,0.12058670000000005,0.16117726,0.0405905626638412,15.165979999999998,15.520722,0.35474238922119383,15.1024,15.67799,0.5755899597167975,0.3221154,0.37156343,0.04944803460083008
19833,0.18244399999999994,0.13173288,-0.05071111893081659,18.99146,20.309793,1.318333472290039,20.746370000000002,20.961647,0.21527703369140383,0.2987978,0.29903108,0.0002332788154602028
19834,0.1324439999999999,0.13173288,-0.0007111189308165455,19.99146,20.309793,0.31833347229003905,21.14637,20.961647,-0.18472296630859475,0.3187978,0.29903108,-0.019766721184539815
19835,0.02883199999999997,0.061239004,0.03240700413513187,13.28245,13.180565,-0.101885119628907,14.54456,15.908549,1.3639893087768549,0.23287709999999995,0.27024898,0.03737187933006292
19837,0.12883199999999995,0.061239004,-0.06759299586486811,13.68245,13.180565,-0.5018851196289056,18.74456,15.908549,-2.8360106912231444,0.3528771,0.27024898,-0.08262812066993713
19839,0.1324439999999999,0.13173288,-0.0007111189308165455,20.891460000000002,20.309793,-0.5816665277099631,21.64637,20.961647,-0.6847229663085947,0.3287978,0.29903108,-0.02976672118453977
19841,0.16180099999999997,0.1286976,-0.03310339605903623,19.37923,18.307796,-1.0714335217285154,20.572339999999997,19.821619,-0.7507209661865204,0.3219151,0.31327918,-0.008635918281173716
19843,0.027392000000000083,0.05442215,0.027030151297330773,11.94256,12.556204,0.6136438421630857,13.118670000000002,15.550813,2.43214272125244,0.16386619999999996,0.272359,0.10849281355743412
19844,0.06739200000000012,0.05442215,-0.012969848702669262,11.742560000000001,12.556204,0.8136438421630849,17.61867,15.550813,-2.06785727874756,0.3838662,0.272359,-0.11150718644256591
19858,0.03698999999999997,0.049352832,0.012362832138538393,14.081590000000002,12.523253,-1.5583365591430685,11.665080000000001,10.82881,-0.8362702618408218,0.0914836,0.08235315,-0.009130447665309904
19861,0.13698999999999995,0.049352832,-0.08763716786146158,14.06159,12.523253,-1.538336559143067,13.27508,10.82881,-2.446270261840821,0.14648359999999994,0.08235315,-0.06413044766530984
19914,0.274602,0.14139198,-0.13321002233219148,12.0003,10.799905,-1.2003951766967766,16.577130000000004,14.17558,-2.4015499752807656,0.21550750000000007,0.21353364,-0.00197386009216316
19915,0.38466199999999995,0.2602541,-0.12440788513374323,13.29973,13.554767,0.25503665496826144,18.62511,16.681288,-1.9438222344970697,0.21319050000000006,0.2173118,0.004121299526214539
19916,0.10460199999999997,0.14139198,0.03678997766780856,11.860299999999999,10.799905,-1.060395176696776,13.547130000000001,14.17558,0.6284500247192373,0.16550750000000003,0.21353364,0.048026139907836884
19917,0.05460200000000004,0.14139198,0.0867899776678085,10.770299999999999,10.799905,0.029604823303223782,12.997130000000002,14.17558,1.1784500247192362,0.19550750000000006,0.21353364,0.018026139907836858
19918,0.20460200000000006,0.14139198,-0.06321002233219153,11.9603,10.799905,-1.1603951766967775,16.75713,14.17558,-2.581549975280762,0.2755075,0.21353364,-0.0619738600921631
19919,0.19460200000000005,0.14139198,-0.05321002233219152,11.8403,10.799905,-1.0403951766967765,17.12713,14.17558,-2.951549975280763,0.31550750000000005,0.21353364,-0.10197386009216314
19920,0.05460200000000004,0.14139198,0.0867899776678085,8.200299999999999,10.799905,2.599604823303224,10.39713,14.17558,3.7784500247192376,0.21950749999999997,0.21353364,-0.0059738600921630525
19921,0.039602000000000026,0.14139198,0.1017899776678085,7.970300000000002,10.799905,2.829604823303221,10.05713,14.17558,4.1184500247192375,0.1435075,0.21353364,0.0700261399078369
19928,0.07221500000000014,0.04833348,-0.023881519045829913,8.478349999999999,7.7476892,-0.7306607528686513,8.51725,7.4664416,-1.050808368682862,0.09126410000000007,0.071239665,-0.020024434849357675
19929,0.022215000000000096,0.04833348,0.02611848095417013,7.27835,7.7476892,0.469339247131348,6.957250000000002,7.4664416,0.5091916313171367,0.07026410000000005,0.071239665,0.0009755651506423435
20127,6.000000000017103e-05,-0.008573125,-0.008633125116527252,8.103659999999998,7.744366,-0.3592938310241678,7.350839999999998,8.198897,0.848057361755373,0.05278970000000005,0.11689656,0.06410686227827067
20129,-0.009939999999999838,-0.008573125,0.0013668748834727573,7.59366,7.744366,0.15070616897583022,7.890839999999999,8.198897,0.3080573617553721,0.11278969999999999,0.11689656,0.004106862278270729
20131,-0.018939999999999957,-0.008573125,0.010366874883472876,7.813659999999999,7.744366,-0.06929383102416864,8.20084,8.198897,-0.0019426382446283696,0.1227897,0.11689656,-0.00589313772172928
20132,0.049868000000000134,0.042353764,-0.007514235823631421,11.199940000000002,10.559971,-0.6399691442871109,12.994439999999999,11.65445,-1.3399895834350577,0.17442990000000003,0.14547077,-0.028959131786727932
20133,0.001060000000000061,-0.008573125,-0.009633125116527141,8.29366,7.744366,-0.5492938310241691,8.62084,8.198897,-0.4219426382446283,0.1227897,0.11689656,-0.00589313772172928
20134,-0.01193999999999984,-0.008573125,0.003366874883472759,8.173659999999998,7.744366,-0.42929383102416807,7.640839999999999,8.198897,0.5580573617553721,0.07278970000000007,0.11689656,0.04410686227827065
20137,0.0040600000000000636,-0.008573125,-0.012633125116527144,8.32366,7.744366,-0.5792938310241702,9.62084,8.198897,-1.4219426382446283,0.16278970000000004,0.11689656,-0.045893137721729316
20347,-0.03920199999999996,-0.023654586,0.015547414295792539,7.93967,8.690091,0.7504211331176762,7.769459999999999,8.024559,0.25509902099609505,0.07593260000000002,0.092466734,0.016534134349727614
20348,-0.03920199999999996,-0.023654586,0.015547414295792539,7.93967,8.690091,0.7504211331176762,8.06946,8.024559,-0.04490097900390566,0.08793260000000003,0.092466734,0.004534134349727603
20371,0.081488,-0.018042699,-0.0995306985025406,11.241820000000004,7.8129416,-3.428878448791508,15.116439999999999,4.8041744,-10.312265576782226,0.39630780000000004,0.005509544,-0.3907982558360577
20448,0.002215000000000078,0.015991904,0.013776903841495436,8.43835,8.916053,0.47770281829834005,6.907250000000001,6.472557,-0.43469293212890747,0.03226410000000002,0.017953899,-0.014310201242303866
20449,-0.03778499999999996,0.015991904,0.05377690384149547,7.638349999999999,8.916053,1.2777028182983408,5.1072500000000005,6.472557,1.3653070678710932,0.0122641,0.017953899,0.005689798757696152
20456,-0.05698500000000006,-0.052390013,0.004594987109899584,5.447780000000002,6.7576675,1.3098875415039046,3.874769999999998,3.5877779,-0.2869921469879131,0.023006299999999924,0.02692744,0.003921139495921211
20459,-0.07121500000000003,-0.05225381,0.018961191173791914,3.3977000000000004,4.453398,1.05569822769165,0.01576999999999984,1.8531401,1.8373701157379152,-0.0007619000000000931,0.010025231,0.010787131167674158
20460,-0.07721500000000003,-0.05225381,0.02496119117379192,2.8176999999999985,4.453398,1.6356982276916519,-0.38422999999999874,1.8531401,2.237370115737914,-0.03076190000000001,0.010025231,0.04078713116767407
20461,-0.039215,-0.05225381,-0.013038808826208115,3.457699999999999,4.453398,0.9956982276916513,0.4757700000000007,1.8531401,1.3773701157379143,0.004238099999999911,0.010025231,0.005787131167674153
20462,-0.035214999999999996,-0.05225381,-0.01703880882620812,4.6777000000000015,4.453398,-0.22430177230835113,1.0057699999999983,1.8531401,0.8473701157379168,0.03823810000000005,0.010025231,-0.028212868832325988
20464,-0.05321500000000001,-0.05225381,0.0009611911737918977,5.447700000000001,4.453398,-0.9943017723083507,3.4957700000000003,1.8531401,-1.6426298842620852,0.01423809999999992,0.010025231,-0.004212868832325856
20466,-0.06721500000000002,-0.05225381,0.01496119117379191,4.517700000000001,4.453398,-0.06430177230835099,2.2457700000000003,1.8531401,-0.3926298842620852,-0.0007619000000000931,0.010025231,0.010787131167674158
20467,-0.07121500000000003,-0.05225381,0.018961191173791914,3.3977000000000004,4.453398,1.05569822769165,1.4057700000000004,1.8531401,0.44737011573791463,-0.0007619000000000931,0.010025231,0.010787131167674158
20468,-0.07721500000000003,-0.05225381,0.02496119117379192,2.8176999999999985,4.453398,1.6356982276916519,0.11577000000000126,1.8531401,1.7373701157379138,-0.03076190000000001,0.010025231,0.04078713116767407
20469,-0.039215,-0.05225381,-0.013038808826208115,3.457699999999999,4.453398,0.9956982276916513,1.9657699999999991,1.8531401,-0.11262988426208409,0.004238099999999911,0.010025231,0.005787131167674153
20470,-0.035214999999999996,-0.05225381,-0.01703880882620812,4.6777000000000015,4.453398,-0.22430177230835113,3.6557700000000004,1.8531401,-1.8026298842620854,0.03823810000000005,0.010025231,-0.028212868832325988
20471,-0.01821499999999987,-0.05225381,-0.034038808826208244,5.367699999999999,4.453398,-0.9143017723083489,5.17577,1.8531401,-3.322629884262085,0.07523809999999997,0.010025231,-0.06521286883232591
20473,-0.05321500000000001,-0.05225381,0.0009611911737918977,4.357700000000001,4.453398,0.09569822769164915,1.3657700000000013,1.8531401,0.4873701157379138,0.05023809999999995,0.010025231,-0.04021286883232589
20474,-0.058214999999999906,-0.05225381,0.005961191173791791,4.457699999999999,4.453398,-0.004301772308348717,2.135769999999999,1.8531401,-0.282629884262084,0.010238099999999917,0.010025231,-0.00021286883232585208
20475,-0.057215000000000016,-0.05225381,0.004961191173791901,4.9277000000000015,4.453398,-0.47430177230835113,1.7157699999999991,1.8531401,0.1373701157379159,0.011238100000000029,0.010025231,-0.001212868832325964
20477,-0.0542149999999999,-0.05225381,0.0019611911737917875,4.747700000000002,4.453398,-0.2943017723083514,1.1457699999999988,1.8531401,0.7073701157379162,-0.0007619000000000931,0.010025231,0.010787131167674158
20478,-0.057215000000000016,-0.05225381,0.004961191173791901,4.637699999999999,4.453398,-0.18430177230834843,1.555769999999999,1.8531401,0.29737011573791605,0.01323810000000003,0.010025231,-0.0032128688323259658
20479,-0.05321500000000001,-0.05225381,0.0009611911737918977,4.7377,4.453398,-0.28430177230834985,2.1957699999999996,1.8531401,-0.3426298842620845,0.006238100000000024,0.010025231,0.0037871311676740405
20480,-0.058214999999999906,-0.05225381,0.005961191173791791,4.9177,4.453398,-0.46430177230834957,1.6957699999999996,1.8531401,0.15737011573791548,-0.002761900000000095,0.010025231,0.01278713116767416
20481,-0.057215000000000016,-0.05225381,0.004961191173791901,4.6677,4.453398,-0.21430177230834957,1.7957699999999992,1.8531401,0.05737011573791584,0.00023809999999990783,0.010025231,0.009787131167674157
20482,-0.05321500000000001,-0.05225381,0.0009611911737918977,4.997700000000002,4.453398,-0.5443017723083514,2.41577,1.8531401,-0.5626298842620852,0.010238099999999917,0.010025231,-0.00021286883232585208
20483,-0.05121500000000001,-0.05225381,-0.001038808826208104,5.247700000000002,4.453398,-0.7943017723083514,2.26577,1.8531401,-0.4126298842620848,-0.0037618999999999847,0.010025231,0.01378713116767405
20485,-0.057215000000000016,-0.05225381,0.004961191173791901,5.1777000000000015,4.453398,-0.7243017723083511,1.8257700000000003,1.8531401,0.027370115737914702,0.0012381000000000197,0.010025231,0.008787131167674045
20506,-0.00828300000000004,-0.0059680343,0.0023149657325745032,8.960720000000002,9.518945,0.5582247402954081,5.5389,6.5024548,0.9635547576904298,-0.0449948,0.0027706157,0.04776541574161053
20507,0.07171700000000003,-0.0059680343,-0.07768503426742557,8.960720000000002,9.518945,0.5582247402954081,8.0389,6.5024548,-1.5364452423095702,0.04500519999999997,0.0027706157,-0.04223458425838944
20508,0.0017169999999999686,-0.0059680343,-0.007685034267425506,9.660720000000001,9.518945,-0.14177525970459115,6.6389,6.5024548,-0.1364452423095699,-0.004994799999999966,0.0027706157,0.007765415741610493
20511,-0.00828300000000004,-0.0059680343,0.0023149657325745032,8.76072,9.518945,0.758224740295411,5.4389,6.5024548,1.0635547576904294,-0.024994799999999984,0.0027706157,0.02776541574161051
20512,-0.03828300000000007,-0.0059680343,0.03231496573257453,8.160720000000001,9.518945,1.3582247402954088,4.738899999999999,6.5024548,1.7635547576904305,-0.014994799999999975,0.0027706157,0.017765415741610502
20513,-0.00828300000000004,-0.0059680343,0.0023149657325745032,10.160720000000001,9.518945,-0.6417752597045912,7.1389,6.5024548,-0.6364452423095699,0.005005200000000043,0.0027706157,-0.002234584258389516
20514,-0.01828300000000005,-0.0059680343,0.012314965732574512,10.460720000000002,9.518945,-0.9417752597045919,6.738899999999999,6.5024548,-0.23644524230956954,-0.014994799999999975,0.0027706157,0.017765415741610502
20515,-0.01828300000000005,-0.0059680343,0.012314965732574512,10.960720000000002,9.518945,-1.4417752597045919,7.338899999999999,6.5024548,-0.8364452423095692,-0.004994799999999966,0.0027706157,0.007765415741610493
20516,-0.01828300000000005,-0.0059680343,0.012314965732574512,9.86072,9.518945,-0.34177525970459044,6.6389,6.5024548,-0.1364452423095699,-0.004994799999999966,0.0027706157,0.007765415741610493
20726,-0.09030999999999989,-0.048653066,0.04165693384170521,6.975769999999997,7.7861733,0.8104033436584501,2.147680000000001,4.5987597,2.451079651184081,-0.05907969999999996,0.012538133,0.0716178331890821
20730,-0.09030999999999989,-0.048653066,0.04165693384170521,8.275769999999998,7.7861733,-0.4895966563415506,3.1676800000000007,4.5987597,1.4310796511840813,-0.06207969999999985,0.012538133,0.074617833189082
20787,0.07238699999999998,0.030066876,-0.042320124259114245,9.805680000000002,9.93771,0.13202980834960698,8.70515,7.8252788,-0.8798712409973142,0.04145599999999994,0.04891659,0.007460589468717638
20797,0.16537299999999988,0.15870135,-0.006671654675483585,15.113229999999998,14.929208,-0.1840221981811503,16.23133,16.175968,-0.05536182983398419,0.1098519,0.118405536,0.008553635817146299
20828,0.06369200000000008,0.15238841,0.08869640878009788,8.862210000000001,10.474566,1.6123564596557607,8.45159,10.768742,2.317151607666016,0.06840489999999999,0.11653177,0.048126866951084146
20830,0.100692,0.15238841,0.05169640878009796,9.362210000000001,10.474566,1.1123564596557607,10.251589999999998,10.768742,0.5171516076660172,0.12840490000000004,0.11653177,-0.011873133048915907
20831,0.3036920000000001,0.15238841,-0.1513035912199021,13.362210000000001,10.474566,-2.8876435403442393,14.55159,10.768742,-3.7828483923339835,0.16840489999999997,0.11653177,-0.05187313304891583
20850,0.045135999999999954,0.03458661,-0.010549391590118362,12.838170000000002,12.452072,-0.38609785644531414,14.01048,13.93088,-0.07960040710449157,0.1413118000000001,0.1399053,-0.0014064962833405525
20870,-0.07888399999999995,-0.079432264,-0.0005482639703751069,4.708970000000001,5.487259,0.7782889111328117,0.7002500000000005,1.6379871,0.9377371368408198,-0.06649400000000005,-0.032349646,0.03414435390853887
20873,-0.07888399999999995,-0.079432264,-0.0005482639703751069,5.288969999999999,5.487259,0.19828891113281344,1.2902500000000003,1.6379871,0.34773713684081997,-0.04849400000000004,-0.032349646,0.016144353908538855
20874,-0.07788400000000006,-0.079432264,-0.0015482639703749967,5.67897,5.487259,-0.19171108886718713,2.000250000000001,1.6379871,-0.3622628631591809,-0.032494000000000134,-0.032349646,0.00014435390853895225
20889,0.04969000000000012,-0.0006485662,-0.050338566172458354,9.67577,8.90162,-0.7741500888061523,7.987680000000001,5.8034344,-2.184245628051759,0.021920300000000004,-0.016879655,-0.038799955420780186
20890,-0.050309999999999855,-0.0006485662,0.04966143382754162,8.555769999999999,8.90162,0.34584991119384867,4.127680000000002,5.8034344,1.6757543719482406,-0.058079699999999956,-0.016879655,0.041200044579219774
20891,-0.015309999999999935,-0.0006485662,0.014661433827541703,8.10577,8.90162,0.795849911193848,5.087680000000001,5.8034344,0.7157543719482415,-0.022079699999999924,-0.016879655,0.0052000445792197425
20910,0.021373000000000086,0.022494676,0.001121675591587934,5.603180000000002,6.5817466,0.9785665782165509,6.535700000000002,8.361129,1.825428807067869,0.040985200000000055,0.09842828,0.05744307916145319
20911,0.05137300000000011,0.022494676,-0.028878324408412093,7.18318,6.5817466,-0.6014334217834474,9.6857,8.361129,-1.3245711929321295,0.15098520000000004,0.09842828,-0.052556920838546795
20935,-0.006610000000000005,-0.0187311,-0.012121100484728808,4.164940000000001,5.2541814,1.0892413850402818,4.508869999999998,5.161291,0.6524211224365253,0.06232340000000003,0.054697808,-0.007625592121744185
21027,0.10821500000000006,0.009858394,-0.09835660595834261,7.068349999999999,7.2723703,0.2040203384399426,8.137250000000002,5.8942065,-2.243043476104738,0.07226410000000005,0.03628046,-0.035983639344310814
21029,0.012215000000000087,0.009858394,-0.002356605958342639,7.038349999999998,7.2723703,0.23402033843994374,4.3472500000000025,5.8942065,1.5469565238952612,-0.03773589999999993,0.03628046,0.07401636065568917
21060,-0.0176130000000001,0.06851746,0.08613046141910563,10.325680000000002,13.7873955,3.46171547729492,6.67515,10.314404,3.6392535339355465,-0.021544000000000008,0.042792253,0.06433625319623948
21157,-0.028512000000000093,0.15219189,0.1807038922662736,9.241820000000004,10.020479,0.7786592022705037,5.296439999999999,9.903535,4.607094889221193,-0.04369219999999996,0.04802164,0.09171384062857624
21167,-0.08869900000000008,-0.03469427,0.05400473070049294,5.276620000000001,7.3460174,2.0693973606872547,2.726200000000002,6.1156087,3.3894086921691873,0.016723800000000066,0.07063218,0.053908382061672144
21168,-0.06869900000000007,-0.03469427,0.034004730700492924,8.006620000000002,7.3460174,-0.6606026393127458,5.966200000000002,6.1156087,0.14940869216918706,0.059723799999999994,0.07063218,0.010908382061672217
21191,0.0025340000000000362,-0.0028489572,-0.005382957199603355,7.186149999999998,8.400235,1.214085176086428,5.388349999999999,6.136499,0.7481489280700693,-0.06918380000000002,0.005776255,0.07496005492587687
21192,0.14238699999999993,0.036062192,-0.10632480782818787,11.40568,9.2560625,-2.1496174923706057,12.20515,7.5119696,-4.693180433654785,0.15145599999999992,0.047419738,-0.10403626197552673
21193,0.13238699999999992,0.036062192,-0.09632480782818786,10.605680000000003,9.2560625,-1.3496174923706086,10.50515,7.5119696,-2.9931804336547856,0.08145599999999997,0.047419738,-0.03403626197552678
21214,0.012386999999999926,0.036062192,0.02367519217181213,6.90568,9.2560625,2.3503825076293943,5.95515,7.5119696,1.5568195663452151,0.03145599999999993,0.047419738,0.015963738024473262
21316,-0.06251200000000012,-0.013686098,0.048825901841640595,7.111820000000002,8.478956,1.367136222534178,2.8464399999999976,4.993724,2.147283869323733,-0.05669219999999997,-0.016032305,0.04065989538521764
21319,-0.07951200000000003,-0.013686098,0.0658259018416405,6.821820000000002,8.478956,1.6571362225341773,1.81644,4.993724,3.1772838693237304,-0.07869219999999999,-0.016032305,0.06265989538521766
21320,-0.07651200000000014,-0.013686098,0.06282590184164061,6.261820000000004,8.478956,2.217136222534176,1.686440000000001,4.993724,3.3072838693237294,-0.06669219999999998,-0.016032305,0.050659895385217646
21321,-0.07251200000000013,-0.013686098,0.058825901841640604,6.391820000000003,8.478956,2.087136222534177,1.7564399999999978,4.993724,3.2372838693237327,-0.07069219999999998,-0.016032305,0.05465989538521765
21322,-0.07651200000000014,-0.013686098,0.06282590184164061,7.181820000000002,8.478956,1.2971362225341778,2.1264399999999988,4.993724,2.8672838693237317,-0.08069219999999999,-0.016032305,0.06465989538521766
21345,-0.031843000000000066,-0.063457996,-0.0316149956531524,1.7864700000000013,4.7293773,2.9429072697448717,2.054759999999998,4.044868,1.990107992401125,0.056093200000000065,0.062302798,0.006209598032760555
21347,-0.09184300000000012,-0.063457996,0.028385004346847653,6.886469999999999,4.7293773,-2.157092730255126,5.48476,4.044868,-1.4398920075988766,0.06809320000000008,0.062302798,-0.005790401967239456
21348,-0.0718430000000001,-0.063457996,0.008385004346847635,4.766470000000002,4.7293773,-0.037092730255128714,4.21476,4.044868,-0.16989200759887702,0.07209320000000008,0.062302798,-0.00979040196723946
21349,-0.041843000000000075,-0.063457996,-0.02161499565315239,2.676470000000002,4.7293773,2.052907269744871,2.6547599999999996,4.044868,1.3901079924011235,0.05409319999999995,0.062302798,0.008209598032760668
21351,-0.08184300000000011,-0.063457996,0.018385004346847644,6.996470000000002,4.7293773,-2.267092730255129,5.5747599999999995,4.044868,-1.5298920075988764,0.05909319999999996,0.062302798,0.0032095980327606632
21396,0.22109299999999998,0.22236411,0.0012711127347946327,18.196640000000002,16.144114,-2.052526459350588,16.14937,15.041646,-1.1077239962768566,0.1900231,0.19076785,0.0007447544521331784
21397,0.217395,0.16419043,-0.05320457353115082,13.36081,11.554787,-1.8060233178710945,15.50918,14.11609,-1.3930901791381842,0.2641566,0.21796638,-0.04619022226486208
21399,0.2106800000000001,0.22024159,0.009561591334342867,8.716399999999997,7.2525496,-1.4638503517150845,13.025250000000002,11.673189,-1.3520608367919937,0.2683918,0.25350907,-0.014882725550460829
21400,0.21094499999999994,0.25244546,0.04150045936584479,4.971860000000003,8.181236,3.2093762670898407,9.39506,11.681832,2.286772313537597,0.2319057,0.2470675,0.01516179618053437
21401,0.32094500000000004,0.25244546,-0.06849954063415531,9.451860000000002,8.181236,-1.270623732910158,13.055060000000001,11.681832,-1.3732276864624033,0.2919057,0.2470675,-0.04483820381946563
21521,0.05140100000000003,0.073866315,0.022465315186023682,12.44652,10.646951,-1.799569278259277,9.666570000000002,7.6015034,-2.065066627807619,0.05663830000000003,0.02219307,-0.034445229498910934
21524,0.04061500000000007,0.040253233,-0.0003617668354511938,10.528690000000001,9.663576,-0.8651138739013682,7.86889,7.491232,-0.37765808166503945,0.05409549999999996,0.017602129,-0.036493371091961824
21525,-0.019930000000000003,0.02690012,0.04683012007951737,5.722109999999997,6.676995,0.9548848005676298,3.2874300000000005,4.195863,0.9084327700805659,-0.029368599999999967,-0.009902187,0.01946641330823895
21526,0.060975,0.04493675,-0.016038249915838243,7.18599,7.5587077,0.3727177140808102,5.810269999999999,5.874996,0.06472618530273522,0.024944900000000048,0.0029660023,-0.02197889767167871
21541,-0.03588900000000006,-0.044112936,-0.008223935662269533,10.36213,9.812513,-0.5496166485595708,9.77854,8.7730255,-1.005514487304687,0.09059139999999999,0.0690308,-0.021560601028347004
21542,-0.05588900000000008,-0.044112936,0.011776064337730485,9.68213,9.812513,0.1303833514404289,8.70854,8.7730255,0.06448551269531322,0.08059139999999998,0.0690308,-0.011560601028346995
21543,-0.05588900000000008,-0.044112936,0.011776064337730485,8.79213,9.812513,1.0203833514404295,7.498539999999998,8.7730255,1.274485512695314,0.05059139999999995,0.0690308,0.01843939897165303
21544,-0.03588900000000006,-0.044112936,-0.008223935662269533,10.11213,9.812513,-0.2996166485595708,9.54854,8.7730255,-0.7755144873046866,0.08059139999999998,0.0690308,-0.011560601028346995
21545,-0.06588900000000009,-0.044112936,0.021776064337730494,9.302130000000002,9.812513,0.5103833514404279,7.48854,8.7730255,1.284485512695312,0.040591399999999944,0.0690308,0.02843939897165304
21546,-0.02588900000000005,-0.044112936,-0.01822393566226954,9.942130000000002,9.812513,-0.12961664855957267,9.38854,8.7730255,-0.6155144873046883,0.07059139999999997,0.0690308,-0.0015606010283469862
21567,0.19313999999999998,0.14533827,-0.04780173291206358,16.58115,15.197705,-1.3834447311401377,13.638750000000002,12.730276,-0.9084738922119158,0.03882269999999999,0.08983072,0.05100801893453599
21568,0.043139999999999956,0.14533827,0.10219826708793645,11.931149999999999,15.197705,3.2665552688598645,9.078750000000001,12.730276,3.6515261077880847,0.01882269999999997,0.08983072,0.07100801893453601
21570,0.17313999999999996,0.14533827,-0.02780173291206356,15.841149999999999,15.197705,-0.6434447311401357,14.028750000000002,12.730276,-1.2984738922119163,0.11882269999999995,0.08983072,-0.028991981065463968
21571,0.26313999999999993,0.14533827,-0.11780173291206353,18.531149999999997,15.197705,-3.3334447311401334,16.76875,12.730276,-4.038473892211915,0.21882269999999998,0.08983072,-0.128991981065464
21572,0.17313999999999996,0.14533827,-0.02780173291206356,17.19115,15.197705,-1.993444731140137,14.888750000000002,12.730276,-2.1584738922119158,0.11882269999999995,0.08983072,-0.028991981065463968
21573,0.07313999999999998,0.14533827,0.07219826708793642,11.32115,15.197705,3.876555268859864,9.59875,12.730276,3.131526107788085,0.0488227,0.08983072,0.041008018934535984
21574,0.0031399999999999206,0.14533827,0.14219826708793648,9.96115,15.197705,5.236555268859863,5.298750000000002,12.730276,7.431526107788084,-0.0711773,0.08983072,0.16100801893453598
21575,0.18313999999999997,0.14533827,-0.03780173291206357,16.37115,15.197705,-1.1734447311401368,14.598750000000003,12.730276,-1.8684738922119166,0.13882269999999997,0.08983072,-0.048991981065463985
21576,0.26313999999999993,0.14533827,-0.11780173291206353,20.531149999999997,15.197705,-5.333444731140133,17.558750000000003,12.730276,-4.8284738922119175,0.2288227,0.08983072,-0.138991981065464
21579,-0.04211930000000008,0.063300975,0.10542027466707238,1.4563799999999993,5.4175544,3.961174378509522,1.4218700000000002,6.4308434,5.008973353271484,0.04652119999999993,0.13592657,0.08940537446861274
21581,0.07788069999999991,0.063300975,-0.014579725332927618,6.356379999999998,5.4175544,-0.9388256214904764,7.85187,6.4308434,-1.4210266467285155,0.16652119999999992,0.13592657,-0.030594625531387254
21582,0.13788069999999997,0.063300975,-0.07457972533292767,7.686379999999998,5.4175544,-2.2688256214904765,9.371870000000001,6.4308434,-2.941026646728517,0.19652119999999995,0.13592657,-0.06059462553138728
21640,0.205488,0.09303204,-0.11245596029806137,14.441820000000003,14.775561,0.3337413327026333,14.91644,13.216882,-1.6995582479858395,0.24630780000000002,0.16542701,-0.0808807857683182
21642,0.025487999999999955,0.09303204,0.06754403970193867,13.741820000000002,14.775561,1.0337413327026344,11.716439999999999,13.216882,1.5004417520141615,0.11630780000000007,0.16542701,0.04911921423168175
21643,-0.007511999999999963,0.09303204,0.10054403970193859,14.641820000000003,14.775561,0.133741332702634,11.216439999999999,13.216882,2.0004417520141615,0.06630780000000003,0.16542701,0.0991192142316818
21644,-0.010512000000000077,0.09303204,0.1035440397019387,15.541820000000003,14.775561,-0.7662586672973664,11.01644,13.216882,2.200441752014161,0.0063078000000000856,0.16542701,0.15911921423168174
21645,0.06348799999999999,0.09303204,0.02954403970193864,17.04182,14.775561,-2.2662586672973646,15.31644,13.216882,-2.09955824798584,0.25630780000000003,0.16542701,-0.0908807857683182
21646,0.18948799999999988,0.09303204,-0.09645596029806125,14.641820000000003,14.775561,0.133741332702634,15.01644,13.216882,-1.7995582479858392,0.24630780000000002,0.16542701,-0.0808807857683182
21647,0.210488,0.09303204,-0.11745596029806138,17.441820000000003,14.775561,-2.6662586672973667,16.51644,13.216882,-3.299558247985839,0.2963078,0.16542701,-0.1308807857683182
21725,0.1522150000000001,0.012128454,-0.14008654629826556,17.07835,9.500116,-7.578233651733399,13.837250000000001,6.3663616,-7.470888381958009,0.052264100000000036,-0.009296927,-0.061561026669776475
21726,0.11221500000000006,0.012128454,-0.10008654629826552,16.278349999999996,9.500116,-6.7782336517333945,13.527250000000002,6.3663616,-7.16088838195801,0.09226410000000007,-0.009296927,-0.10156102666977651
21727,0.23221500000000006,0.012128454,-0.22008654629826552,15.368349999999998,9.500116,-5.868233651733396,13.617250000000002,6.3663616,-7.25088838195801,0.052264100000000036,-0.009296927,-0.061561026669776475
21728,0.08221500000000015,0.012128454,-0.0700865462982656,10.52835,9.500116,-1.028233651733398,9.587250000000001,6.3663616,-3.2208883819580088,0.062264100000000044,-0.009296927,-0.07156102666977648
21729,0.012215000000000087,0.012128454,-8.654629826554405e-05,9.518349999999998,9.500116,-0.018233651733396528,6.267250000000001,6.3663616,0.09911161804199153,-0.03773589999999993,-0.009296927,0.028438973330223494
21730,0.032215000000000105,0.012128454,-0.020086546298265562,8.68835,9.500116,0.8117663482666018,6.2272500000000015,6.3663616,0.13911161804199068,-0.017735899999999916,-0.009296927,0.008438973330223476
21731,0.012215000000000087,0.012128454,-8.654629826554405e-05,8.588349999999998,9.500116,0.9117663482666032,6.007250000000001,6.3663616,0.3591116180419913,-0.007735899999999907,-0.009296927,-0.001561026669776533
21732,-0.007784999999999931,0.012128454,0.019913453701734474,8.668349999999997,9.500116,0.8317663482666049,5.557250000000002,6.3663616,0.8091116180419906,-0.027735899999999925,-0.009296927,0.018438973330223485
21735,0.21221500000000004,0.012128454,-0.2000865462982655,19.81835,9.500116,-10.318233651733397,15.21725,6.3663616,-8.850888381958008,-0.017735899999999916,-0.009296927,0.008438973330223476
21736,0.21221500000000004,0.012128454,-0.2000865462982655,19.74835,9.500116,-10.248233651733397,14.547250000000002,6.3663616,-8.18088838195801,-0.09773589999999999,-0.009296927,0.08843897333022355
21737,0.08221500000000015,0.012128454,-0.0700865462982656,17.448349999999998,9.500116,-7.948233651733396,12.69725,6.3663616,-6.330888381958008,-0.027735899999999925,-0.009296927,0.018438973330223485
21738,0.042215000000000114,0.012128454,-0.03008654629826557,15.108349999999998,9.500116,-5.608233651733396,10.747250000000001,6.3663616,-4.380888381958009,-0.027735899999999925,-0.009296927,0.018438973330223485
21739,0.032215000000000105,0.012128454,-0.020086546298265562,11.908349999999999,9.500116,-2.408233651733397,8.047250000000002,6.3663616,-1.6808883819580096,-0.04773589999999994,-0.009296927,0.0384389733302235
21779,-0.07001000000000013,0.060990438,0.1310004378652574,7.657590000000003,10.525465,2.867875011596677,4.98508,7.939503,2.9544231929016114,0.023483599999999938,0.034565113,0.011081513484859529
21816,0.1430530000000001,0.12270657,-0.020346430268764593,8.984370000000002,10.394302,1.4099323681640605,10.41232,11.274131,0.861810821228028,0.026765299999999992,0.032562204,0.00579690370531083
22052,0.06238699999999997,0.02108543,-0.041301570063352555,9.935680000000001,9.770583,-0.1650968472290053,8.33515,7.929666,-0.40548395767211964,0.026455999999999924,0.054483164,0.02802716410183914
22053,-0.0176130000000001,0.02108543,0.038698429936647516,7.635680000000001,9.770583,2.1349031527709954,4.895150000000001,7.929666,3.03451604232788,-0.010544000000000109,0.054483164,0.06502716410183917
22070,-0.057784999999999975,0.015991904,0.07377690384149549,4.458349999999999,8.916053,4.4577028182983405,0.5772500000000029,6.472557,5.895307067871091,-0.06773589999999996,0.017953899,0.08568979875769611
22071,-0.02778499999999995,0.015991904,0.04377690384149546,4.708349999999999,8.916053,4.2077028182983405,1.9072500000000012,6.472557,4.5653070678710925,-0.03773589999999993,0.017953899,0.055689798757696085
22072,-0.02778499999999995,0.015991904,0.04377690384149546,5.448349999999998,8.916053,3.467702818298342,2.957250000000002,6.472557,3.515307067871092,-0.017735899999999916,0.017953899,0.03568979875769607
22073,-0.02778499999999995,0.015991904,0.04377690384149546,5.6283499999999975,8.916053,3.2877028182983423,2.7672500000000007,6.472557,3.705307067871093,-0.027735899999999925,0.017953899,0.045689798757696076
22074,-0.057784999999999975,0.015991904,0.07377690384149549,4.548349999999999,8.916053,4.367702818298341,0.7872500000000002,6.472557,5.6853070678710935,-0.05773589999999995,0.017953899,0.0756897987576961
22111,0.1093869999999999,0.06404265,-0.045344349836826225,11.185680000000001,9.050111,-2.135569183044435,9.20515,7.1753616,-2.0297883666992185,0.0014560000000000128,0.005886219,0.004430218976229416
22112,0.09738699999999989,0.06404265,-0.033344349836826215,9.965680000000003,9.050111,-0.9155691830444361,7.575150000000001,7.1753616,-0.39978836669921947,-0.03854400000000002,0.005886219,0.04443021897622945
22113,0.1123869999999999,0.06404265,-0.04834434983682623,11.705680000000001,9.050111,-2.6555691830444346,9.07515,7.1753616,-1.8997883666992195,-0.03854400000000002,0.005886219,0.04443021897622945
22114,0.11938699999999991,0.06404265,-0.055344349836826234,11.805680000000002,9.050111,-2.755569183044436,9.395150000000001,7.1753616,-2.2197883666992198,-0.028544000000000014,0.005886219,0.03443021897622944
22115,0.13238699999999992,0.06404265,-0.06834434983682625,12.435680000000001,9.050111,-3.385569183044435,10.33515,7.1753616,-3.1597883666992193,0.0014560000000000128,0.005886219,0.004430218976229416
22116,0.025386999999999937,0.06404265,0.03865565016317374,8.435680000000001,9.050111,0.614430816955565,6.18515,7.1753616,0.9902116333007811,-0.008543999999999996,0.005886219,0.014430218976229425
22118,0.09938699999999989,0.06404265,-0.03534434983682622,10.185680000000001,9.050111,-1.135569183044435,8.17515,7.1753616,-0.9997883666992191,-0.018544000000000005,0.005886219,0.024430218976229434
22120,0.025386999999999937,0.06404265,0.03865565016317374,8.435680000000001,9.050111,0.614430816955565,6.18515,7.1753616,0.9902116333007811,-0.008543999999999996,0.005886219,0.014430218976229425
22121,0.023386999999999936,0.06404265,0.04065565016317374,9.075680000000002,9.050111,-0.02556918304443556,6.665150000000001,7.1753616,0.5102116333007807,-0.008543999999999996,0.005886219,0.014430218976229425
22122,0.2423869999999999,0.06404265,-0.17834434983682623,10.90568,9.050111,-1.8555691830444339,7.825150000000001,7.1753616,-0.6497883666992195,-0.028544000000000014,0.005886219,0.03443021897622944
22181,0.07321500000000014,0.015991904,-0.05722309615850463,10.248349999999999,8.916053,-1.3322971817016587,8.467250000000002,6.472557,-1.994692932128908,0.02226410000000001,0.017953899,-0.004310201242303857
22182,0.008215000000000083,0.015991904,0.007776903841495431,8.61835,8.916053,0.29770281829834033,4.647250000000001,6.472557,1.8253070678710923,-0.07773589999999997,0.017953899,0.09568979875769612
22183,0.018215000000000092,0.015991904,-0.0022230961585045783,8.198349999999998,8.916053,0.717702818298342,5.2272500000000015,6.472557,1.2453070678710922,-0.03773589999999993,0.017953899,0.055689798757696085
22184,0.033215000000000106,0.015991904,-0.01722309615850459,10.690349999999999,8.916053,-1.7742971817016588,7.927250000000001,6.472557,-1.454692932128907,0.002264100000000102,0.017953899,0.01568979875769605
22185,0.0282150000000001,0.015991904,-0.012223096158504587,9.056349999999998,8.916053,-0.1402971817016585,5.517250000000001,6.472557,0.9553070678710931,-0.05773589999999995,0.017953899,0.0756897987576961
22186,0.033215000000000106,0.015991904,-0.01722309615850459,7.241349999999997,8.916053,1.6747028182983428,6.02725,6.472557,0.4453070678710933,0.02226410000000001,0.017953899,-0.004310201242303857
22187,0.06221500000000013,0.015991904,-0.04622309615850462,8.978349999999999,8.916053,-0.0622971817016591,8.18725,6.472557,-1.7146929321289068,0.062264100000000044,0.017953899,-0.04431020124230389
22188,0.022215000000000096,0.015991904,-0.006223096158504582,7.768349999999998,8.916053,1.1477028182983418,5.157250000000001,6.472557,1.3153070678710925,-0.017735899999999916,0.017953899,0.03568979875769607
22189,0.022215000000000096,0.015991904,-0.006223096158504582,7.488349999999997,8.916053,1.427702818298343,5.187250000000001,6.472557,1.2853070678710932,-0.007735899999999907,0.017953899,0.02568979875769606
22192,0.022213999999999956,0.032230075,0.010016075448751494,13.186860000000003,15.683198,2.4963379751586885,10.55787,11.959376,1.4015063351440435,0.05469860000000004,0.032627244,-0.022071356451368374
22193,0.05221399999999998,0.032230075,-0.019983924551248533,18.686860000000003,15.683198,-3.0036620248413115,13.25787,11.959376,-1.2984936648559575,0.014698600000000006,0.032627244,0.017928643548631662
22331,0.025202000000000058,0.018952189,-0.006249810986638127,7.936509999999998,8.74877,0.8122597601318375,10.0364,10.765667,0.7292669616699214,0.14513739999999997,0.16388,0.018742605478858976
22332,0.025202000000000058,0.018952189,-0.006249810986638127,7.936509999999998,8.74877,0.8122597601318375,10.0364,10.765667,0.7292669616699214,0.14513739999999997,0.16388,0.018742605478858976
22333,0.025202000000000058,0.018952189,-0.006249810986638127,7.936509999999998,8.74877,0.8122597601318375,10.0364,10.765667,0.7292669616699214,0.14513739999999997,0.16388,0.018742605478858976
22418,0.06238699999999997,0.030066876,-0.032320124259114236,7.40568,9.93771,2.532029808349609,5.905150000000001,7.8252788,1.9201287590026848,-0.008543999999999996,0.04891659,0.05746058946871757
22487,-0.04631699999999994,-0.05285227,-0.006535269262075483,5.958660000000002,6.4382796,0.47961962875366027,9.058400000000002,8.916219,-0.14218124237060792,0.23238349999999997,0.19516769,-0.03721580948448178
22489,-0.08631699999999998,-0.05285227,0.03346473073792455,6.758659999999999,6.4382796,-0.3203803712463369,9.658400000000002,8.916219,-0.7421812423706076,0.2523835,0.19516769,-0.057215809484481794
22491,-0.016316999999999915,-0.05285227,-0.03653526926207551,7.85866,6.4382796,-1.4203803712463383,10.258400000000002,8.916219,-1.3421812423706072,0.21238350000000006,0.19516769,-0.01721580948448187
22502,0.11451500000000003,0.016250994,-0.09826400594353679,10.678439999999998,9.250578,-1.4278620733642562,14.24813,8.968481,-5.279648936157226,0.314724,0.116801955,-0.19792204519414902
22505,-0.07548500000000002,0.016250994,0.09173599405646327,6.228439999999999,9.250578,3.022137926635743,3.4881300000000017,8.968481,5.480351063842772,-0.015275999999999956,0.116801955,0.13207795480585094
22633,-0.09498000000000006,-0.09045015,0.004529847245216434,6.551690000000001,7.3801546,0.8284646096801751,1.5366199999999992,3.5277755,1.9911555260467537,-0.06808219999999998,-0.008398044,0.059684156076920014
22634,-0.10098000000000007,-0.09045015,0.01052984724521644,7.101690000000001,7.3801546,0.2784646096801744,2.6866200000000013,3.5277755,0.8411555260467516,-0.03608219999999995,-0.008398044,0.027684156076919986
22636,-0.07098000000000004,-0.09045015,-0.019470152754783587,8.221690000000002,7.3801546,-0.8415353903198266,6.39662,3.5277755,-2.8688444739532475,0.06991780000000003,-0.008398044,-0.07831584392308
22679,0.06407600000000002,0.01709063,-0.046985370213747046,6.877839999999999,5.574369,-1.303471046295165,12.735679999999999,8.438399,-4.2972806851196275,0.07218659999999999,0.07000156,-0.0021850425306320087
22680,-0.00592400000000004,0.01709063,0.023014629786253016,6.277839999999998,5.574369,-0.7034710462951637,6.93568,8.438399,1.5027193148803715,0.07218659999999999,0.07000156,-0.0021850425306320087
22681,-0.03592400000000007,0.01709063,0.05301462978625304,3.477839999999997,5.574369,2.096528953704837,5.535679999999999,8.438399,2.902719314880372,0.032186600000000065,0.07000156,0.037814957469367916
23025,0.21315899999999988,0.12973952,-0.08341947706603992,12.027910000000002,13.032962,1.0050518453979471,18.850099999999998,18.03854,-0.8115601135253883,0.44534360000000006,0.3957532,-0.04959039517745978
23026,0.19315899999999997,0.12973952,-0.06341947706604001,12.907910000000005,13.032962,0.12505184539794456,18.8701,18.03854,-0.8315601135253914,0.42534360000000004,0.3957532,-0.02959039517745976
23058,-0.02761300000000011,0.036062192,0.06367519217181217,7.915680000000002,9.2560625,1.3403825076293927,4.405149999999999,7.5119696,3.106819566345216,-0.04854400000000003,0.047419738,0.09596373802447322
23104,-0.05910499999999996,-0.03417572,0.024929279934167825,3.57723,3.7468736,0.16964361717224108,3.5110600000000005,3.815089,0.30402898735046335,0.07304710000000003,0.068969466,-0.004077634207820924
23105,-0.05910499999999996,-0.03417572,0.024929279934167825,4.027229999999999,3.7468736,-0.2803563828277582,2.87106,3.815089,0.9440289873504639,0.033047099999999996,0.068969466,0.03592236579217911
23106,-0.05910499999999996,-0.03417572,0.024929279934167825,4.027229999999999,3.7468736,-0.2803563828277582,2.87106,3.815089,0.9440289873504639,0.033047099999999996,0.068969466,0.03592236579217911
23107,-0.019104999999999928,-0.03417572,-0.01507072006583221,3.3372300000000017,3.7468736,0.4096436171722395,3.7510600000000025,3.815089,0.06402898735046136,0.06304710000000002,0.068969466,0.005922365792179085
23108,-0.019104999999999928,-0.03417572,-0.01507072006583221,3.3372300000000017,3.7468736,0.4096436171722395,3.7510600000000025,3.815089,0.06402898735046136,0.06304710000000002,0.068969466,0.005922365792179085
23109,-0.019104999999999928,-0.03417572,-0.01507072006583221,3.497230000000002,3.7468736,0.24964361717223937,4.831060000000001,3.815089,-1.015971012649537,0.10304709999999995,0.068969466,-0.03407763420782084
23139,0.1023869999999999,0.048475612,-0.05391138804507245,8.485680000000002,8.760516,0.2748361666870096,8.59515,7.412898,-1.1822519363403323,0.061455999999999955,0.041715257,-0.019740743130207017
23302,-0.09956500000000013,0.100361556,0.19992655581474317,7.203769999999999,10.932234,3.728463810424806,4.556880000000001,10.119347,5.562466618652342,0.051134800000000036,0.12183651,0.0707017132808685
23303,0.014434999999999976,0.100361556,0.08592655581474307,9.373769999999999,10.932234,1.558463810424806,8.486880000000001,10.119347,1.6324666186523427,0.12113479999999999,0.12183651,0.0007017132808685433
23304,0.23743499999999995,0.100361556,-0.1370734441852569,11.42377,10.932234,-0.4915361895751946,11.326880000000001,10.119347,-1.2075333813476572,0.10213479999999997,0.12183651,0.01970171328086856
23305,0.26143499999999986,0.100361556,-0.16107344418525682,13.00377,10.932234,-2.0715361895751947,13.37688,10.119347,-3.257533381347656,0.21513479999999996,0.12183651,-0.09329828671913143
23307,0.1347520000000001,0.15443516,0.019683157775878812,23.536230000000003,20.672918,-2.863311680297855,20.24323,17.476877,-2.7663527874755864,0.20431639999999995,0.21547252,0.011156119397735642
23338,0.05221500000000012,0.009858394,-0.042356605958342675,7.138349999999999,7.2723703,0.13402033843994232,6.1072500000000005,5.8942065,-0.21304347610473684,0.0122641,0.03628046,0.02401636065568924
23340,0.25337699999999996,0.23455688,-0.01882011642646786,7.034000000000001,6.780283,-0.25371702575683663,9.8681,9.773567,-0.09453280029296884,0.2667578,0.2659651,-0.0007926958969116105
23341,0.1883769999999999,0.23455688,0.0461798835735322,4.033999999999999,6.780283,2.746282974243165,7.568099999999999,9.773567,2.205467199707032,0.17675779999999996,0.2659651,0.08920730410308841
23342,0.19437700000000002,0.23455688,0.04017988357353208,3.1340000000000003,6.780283,3.6462829742431637,6.9681,9.773567,2.8054671997070315,0.16375779999999995,0.2659651,0.10220730410308843
23343,0.24037699999999995,0.23455688,-0.005820116426467847,2.8339999999999996,6.780283,3.9462829742431644,7.6681,9.773567,2.1054671997070313,0.19875779999999998,0.2659651,0.0672073041030884
23355,0.405377,0.23455688,-0.17082011642646788,13.334,6.780283,-6.553717025756836,13.168099999999999,9.773567,-3.394532800292968,0.3437578,0.2659651,-0.07779269589691162
23356,0.12537699999999996,0.23455688,0.10917988357353214,7.934000000000001,6.780283,-1.153717025756837,10.9681,9.773567,-1.1945328002929685,0.3387578,0.2659651,-0.07279269589691162
23357,0.1853769999999999,0.23455688,0.0491798835735322,5.634,6.780283,1.1462829742431637,10.0681,9.773567,-0.29453280029296813,0.3087578,0.2659651,-0.04279269589691165
23359,0.285377,0.23455688,-0.05082011642646789,10.134,6.780283,-3.3537170257568363,11.9681,9.773567,-2.1945328002929685,0.3387578,0.2659651,-0.07279269589691162
23526,0.12715700000000008,0.11265194,-0.014505063290119247,7.41647,7.163271,-0.2531990496826175,10.21476,9.489929,-0.7248308007812501,0.16309320000000005,0.1463704,-0.01672280398197179
23646,0.2995052,0.28072912,-0.018776084990692166,9.35202,9.563935,0.21191527984619185,8.989729999999998,8.866098,-0.12363159606933394,0.06508250000000004,0.07105295,0.005970453600883441
23647,0.2895052,0.28072912,-0.008776084990692157,8.90202,9.563935,0.6619152798461911,8.369729999999999,8.866098,0.4963684039306653,0.055082500000000034,0.07105295,0.01597045360088345
23679,0.054643,0.038191225,-0.016451774620294568,4.84188,4.749356,-0.09252420700073216,10.898890000000002,9.196498,-1.7023920828247086,0.2975966,0.19005072,-0.10754587883148192
23680,0.0025079999999999547,-0.004148212,-0.006656211795836642,4.282170000000004,4.39446,0.11229020126342348,4.037049999999999,4.0298185,-0.007231465148924698,0.005777199999999927,0.03296095,0.02718375132827766
23681,0.035414999999999974,0.05012509,0.01471008854269984,5.395870000000002,3.8134787,-1.5823912917327903,2.4469600000000007,1.1470956,-1.2998644389724738,-0.045522300000000016,-0.057525773,-0.012003472601366028
23682,0.03423899999999991,0.05012509,0.015886088542699905,2.141490000000001,3.8134787,1.671988708267211,-0.847900000000001,1.1470956,1.9949955610275278,-0.09972800000000004,-0.057525773,0.042202227398633996
23685,0.11048000000000002,0.11547171,0.004991713244914986,13.32834,13.566567,0.2382274209594719,5.893020000000002,6.1090174,0.21599737213134595,-0.06188970000000005,-0.06056454,0.001325159673404741
24010,-0.10612900000000014,-0.07767322,0.02845578085565581,5.761879999999998,5.749952,-0.011928160552976408,0.8259000000000007,1.2872344,0.461334425544738,-0.07200939999999989,-0.060043972,0.011965428014421353
24011,-0.08095200000000013,-0.043125983,0.03782601667237295,9.71708,8.935146,-0.7819336682128899,5.0513200000000005,4.9491067,-0.10221330673217821,-0.027748099999999942,-0.009675292,0.018072807701802196
24012,-0.08095200000000013,-0.043125983,0.03782601667237295,9.22708,8.935146,-0.29193366821289146,3.9613200000000006,4.9491067,0.9877866932678216,-0.05574809999999997,-0.009675292,0.04607280770180222
24013,-0.06095200000000012,-0.043125983,0.017826016672372935,9.05708,8.935146,-0.12193366821288976,4.441320000000001,4.9491067,0.5077866932678212,-0.04474809999999996,-0.009675292,0.03507280770180221
24126,0.07238699999999998,0.036062192,-0.03632480782818792,8.38568,9.2560625,0.8703825076293938,7.70515,7.5119696,-0.19318043365478488,0.04145599999999994,0.047419738,0.005963738024473253
24127,0.022386999999999935,0.036062192,0.013675192171812123,7.4756800000000005,9.2560625,1.780382507629394,8.40515,7.5119696,-0.8931804336547859,0.1314559999999999,0.047419738,-0.08403626197552672
24128,0.0063869999999999205,0.036062192,0.029675192171812137,6.665680000000002,9.2560625,2.5903825076293927,6.60515,7.5119696,0.9068195663452148,0.08145599999999997,0.047419738,-0.03403626197552678
24129,0.002386999999999917,0.036062192,0.03367519217181214,6.265680000000003,9.2560625,2.9903825076293913,5.50515,7.5119696,2.0068195663452144,0.04145599999999994,0.047419738,0.005963738024473253
24209,-0.07623600000000019,-0.04497661,0.03125938930964489,11.673869999999997,11.448067,-0.22580328857421605,8.162320000000001,9.092902,0.9305821835327137,0.03040010000000004,0.06444998,0.03404988085498806
24285,0.05906000000000011,0.0736074,0.0145474000596999,8.22617,8.253792,0.02762180908203149,10.707510000000001,10.790078,0.08256816314697168,0.13264829999999994,0.15113507,0.018486772112083494
24368,0.03420500000000004,0.027334811,-0.0068701888340712,1.1225800000000028,2.1534464,1.030866435928342,3.5851100000000002,4.749669,1.1645590750122068,0.11778159999999993,0.13169605,0.013914445398712227
24369,0.021560000000000024,-0.047384914,-0.06894491401076319,9.41901,10.04782,0.6288100912475585,6.7472400000000015,6.456463,-0.2907771398925796,-0.011720999999999981,-0.016105937,-0.004384936840176601
24370,-0.06844000000000006,-0.047384914,0.021055085989236888,10.609010000000001,10.04782,-0.5611899087524428,8.86724,6.456463,-2.410777139892579,0.06827899999999998,-0.016105937,-0.08438493684017656
24371,-0.06844000000000006,-0.047384914,0.021055085989236888,10.609010000000001,10.04782,-0.5611899087524428,5.417240000000001,6.456463,1.0392228601074205,-0.04172100000000001,-0.016105937,0.025615063159823426
24372,-0.09844000000000008,-0.047384914,0.051055085989236915,8.70901,10.04782,1.3388100912475593,3.517240000000001,6.456463,2.939222860107421,-0.061721000000000026,-0.016105937,0.045615063159823444
24388,0.2219899999999999,0.060990438,-0.16099956213474265,13.32159,10.525465,-2.796124988403321,13.585080000000001,7.939503,-5.64557680709839,0.14348359999999993,0.034565113,-0.10891848651514047
24389,0.15112800000000004,0.13997307,-0.011154925802230875,11.10161,9.900322,-1.2012880395507821,13.13899,11.921512,-1.2174783499145505,0.15830339999999998,0.1322528,-0.026050602515602095
24390,0.13112800000000002,0.13997307,0.008845074197769143,8.30161,9.900322,1.5987119604492186,11.03899,11.921512,0.8825216500854491,0.12830339999999996,0.1322528,0.003949397484397932
24391,0.24346899999999994,0.24280746,-0.0006615371885299037,12.975609999999996,14.394948,1.4193380056762734,8.44803,9.026153,0.5781226107788093,-0.03491660000000002,-0.034647558,0.00026904211554529267
24465,-0.05436799999999997,-0.0058456487,0.04852235129776594,8.184450000000002,8.513236,0.32878604583740056,10.25235,10.600884,0.3485344375610353,0.19939050000000003,0.19029838,-0.009092121532440212
24582,-0.057613000000000136,0.030066876,0.08767987574088587,7.33568,9.93771,2.6020298083496094,3.3851499999999994,7.8252788,4.440128759002686,-0.040544000000000024,0.04891659,0.0894605894687176
24588,-0.057613000000000136,0.030066876,0.08767987574088587,7.33568,9.93771,2.6020298083496094,3.3851499999999994,7.8252788,4.440128759002686,-0.040544000000000024,0.04891659,0.0894605894687176
24704,-0.0176130000000001,-0.029505573,-0.011892573213100333,6.605680000000003,7.081237,0.4755568392944305,3.405149999999999,3.2964287,-0.10872131958007714,-0.03854400000000002,-0.044249747,-0.005705746948480583
24705,-0.02761300000000011,-0.029505573,-0.0018925732131003237,7.205680000000001,7.081237,-0.12444316070556738,3.2051499999999997,3.2964287,0.09127868041992215,-0.06854400000000005,-0.044249747,0.024294253051519443
24706,-0.04761300000000013,-0.029505573,0.018107426786899694,7.605680000000003,7.081237,-0.5244431607055695,2.905149999999999,3.2964287,0.39127868041992286,-0.07854400000000006,-0.044249747,0.03429425305151945
24707,-0.03761300000000012,-0.029505573,0.008107426786899685,7.505680000000002,7.081237,-0.4244431607055681,4.305150000000001,3.2964287,-1.0087213195800793,-0.018544000000000005,-0.044249747,-0.0257057469484806
24709,-0.04761300000000013,-0.029505573,0.018107426786899694,6.205680000000001,7.081237,0.8755568392944326,2.805150000000001,3.2964287,0.49127868041992073,-0.028544000000000014,-0.044249747,-0.015705746948480592
24710,-0.057613000000000136,-0.029505573,0.028107426786899703,6.105680000000003,7.081237,0.9755568392944305,2.605150000000002,3.2964287,0.69127868041992,-0.03854400000000002,-0.044249747,-0.005705746948480583
24713,-0.02761300000000011,-0.029505573,-0.0018925732131003237,6.505680000000002,7.081237,0.5755568392944319,2.805150000000001,3.2964287,0.49127868041992073,-0.05854400000000004,-0.044249747,0.014294253051519434
24714,-0.02761300000000011,-0.029505573,-0.0018925732131003237,6.605680000000003,7.081237,0.4755568392944305,2.605150000000002,3.2964287,0.69127868041992,-0.06854400000000005,-0.044249747,0.024294253051519443
24717,-0.057613000000000136,-0.029505573,0.028107426786899703,6.205680000000001,7.081237,0.8755568392944326,1.8051500000000011,3.2964287,1.4912786804199207,-0.06854400000000005,-0.044249747,0.024294253051519443
24969,-0.03778499999999996,0.015991904,0.05377690384149547,8.588349999999998,8.916053,0.32770281829834147,6.917250000000001,6.472557,-0.44469293212890726,0.062264100000000044,0.017953899,-0.04431020124230389
24986,0.0018689999999998985,0.019778654,0.017909653979301554,12.554590000000005,15.2629795,2.7083895074462845,16.652449999999998,16.146563,-0.5058874237060529,-0.04840769999999994,-0.14329347,-0.09488577014427191
24988,0.0018689999999998985,0.019778654,0.017909653979301554,17.154590000000006,15.2629795,-1.891610492553717,16.652449999999998,16.146563,-0.5058874237060529,-0.2384077,-0.14329347,0.09511422985572815
24990,0.06186899999999995,0.019778654,-0.0420903460206985,16.954590000000003,15.2629795,-1.691610492553714,16.652449999999998,16.146563,-0.5058874237060529,-0.17840769999999995,-0.14329347,0.035114229855728096
25161,0.12238699999999991,0.098737,-0.02364999858093253,8.90568,9.377,0.47131985504150364,9.50515,9.415628,-0.08952156677246137,0.10145599999999999,0.08140127,-0.020054726391792288
25162,0.12238699999999991,0.098737,-0.02364999858093253,8.705680000000001,9.377,0.6713198550415029,8.50515,9.415628,0.9104784332275386,0.051455999999999946,0.08140127,0.029945273608207756
25230,0.1285139999999999,0.23202677,0.10351277071094522,8.763110000000001,12.102865,3.33975521911621,10.682830000000001,13.491639,2.8088091372680655,0.13898579999999994,0.18648337,0.047497568277549806
25232,0.14851399999999992,0.23202677,0.0835127707109452,10.083110000000001,12.102865,2.0197552191162096,11.552830000000002,13.491639,1.9388091372680645,0.15898579999999995,0.18648337,0.02749756827754979
25234,0.21851399999999988,0.23202677,0.013512770710945254,6.833110000000001,12.102865,5.26975521911621,12.242830000000001,13.491639,1.248809137268065,0.2089858,0.18648337,-0.022502431722450256
25291,0.08121500000000015,0.015991904,-0.06522309615850463,7.538349999999998,8.916053,1.3777028182983422,7.807250000000002,6.472557,-1.3346929321289078,0.06426410000000005,0.017953899,-0.046310201242303894
25300,-0.02778499999999995,0.003094395,0.030879394924119064,5.338349999999998,6.0068107,0.6684606651306169,3.1072500000000005,4.6002555,1.4930054893493647,-0.007735899999999907,0.015168465,0.022904364742600825
25301,0.002215000000000078,0.003094395,0.0008793949241190369,4.93835,6.0068107,1.0684606651306154,3.6072500000000005,4.6002555,0.9930054893493647,0.002264100000000102,0.015168465,0.012904364742600816
25340,-0.03940300000000008,-0.043332446,-0.003929446366548461,7.961499999999997,8.485952,0.5244523773193386,2.869440000000001,3.5989022,0.7294622254943839,-0.08285969999999998,-0.047777303,0.03508239743680952
25341,-0.04665800000000009,-0.031042738,0.015615262113690465,7.937749999999998,9.038975,1.101224761962893,2.4916199999999975,4.0423927,1.5507727307128931,-0.08980929999999998,-0.057689797,0.03211950286679266
25342,-0.05906300000000009,-0.02698834,0.0320746594582797,2.6450500000000012,4.3604426,1.7153926383972156,-0.26829000000000036,2.437531,2.7058209944152836,-0.047492700000000054,-0.052020736,-0.004528036038684791
25345,-0.04665800000000009,-0.031042738,0.015615262113690465,8.037749999999999,9.038975,1.0012247619628916,2.8916199999999996,4.0423927,1.150772730712891,-0.07980929999999997,-0.057689797,0.02211950286679265
25346,-0.04906300000000008,-0.02698834,0.02207465945827969,2.6450500000000012,4.3604426,1.7153926383972156,0.03171000000000035,2.437531,2.405820994415283,-0.04049270000000005,-0.052020736,-0.011528036038684797
25673,0.012386999999999926,0.06404265,0.05165565016317375,5.635680000000001,9.050111,3.4144308169555657,5.395150000000001,7.1753616,1.7802116333007802,0.051455999999999946,0.005886219,-0.04556978102377052
25675,0.21238699999999988,0.06404265,-0.1483443498368262,6.24568,9.050111,2.8044308169555663,9.26515,7.1753616,-2.089788366699219,0.08145599999999997,0.005886219,-0.07556978102377054
25844,0.04167900000000002,0.045599338,0.00392033766722677,7.97982,7.654975,-0.3248450625610353,6.31747,6.73296,0.4154902241516112,0.0030944000000000527,0.038086075,0.03499167533574099
25845,0.04167900000000002,0.026773548,-0.014905452246308348,8.11982,7.926239,-0.1935809863281257,6.617470000000001,5.3899856,-1.2274844386291512,0.01309439999999995,-0.010835441,-0.0239298408293962
26269,-0.116317,-0.051063035,0.06525396531653405,3.4060699999999997,4.069348,0.6632778584289554,3.3550499999999985,4.8610334,1.505983439636232,0.10665259999999999,0.10667947,2.6869347000135768e-05
26523,-0.06761600000000012,-0.049503967,0.01811203283405316,5.902649999999998,7.1008396,1.1981896148681663,5.4033999999999995,6.347231,0.9438309112548833,-0.0815285,-0.05429342,0.027235079834222797
26524,-0.028615999999999975,-0.049503967,-0.020887967165946986,6.902649999999998,7.1008396,0.19818961486816633,7.4033999999999995,6.347231,-1.0561690887451167,-0.05852849999999998,-0.05429342,0.004235079834222777
26633,0.018588999999999967,-0.020455811,-0.03904481117272374,5.07254,7.1567707,2.0842307061767578,5.478440000000001,6.9201646,1.4417245851135245,0.05888559999999998,0.097613096,0.038727496237182635
26690,0.05171700000000001,0.02996955,-0.021747449330806745,12.760720000000001,10.548885,-2.2118346545410166,11.1389,8.286905,-2.8519947113037105,0.10500520000000002,0.03995908,-0.065046119482708
26691,0.011716999999999977,0.02996955,0.01825255066919329,9.460720000000002,10.548885,1.0881653454589824,7.1389,8.286905,1.1480052886962895,0.01500519999999994,0.03995908,0.024953880517292082
26950,0.053247000000000044,0.04068449,-0.012562508604049727,9.938460000000003,9.082405,-0.8560549096679715,8.566270000000001,7.705639,-0.8606311145019543,0.043883899999999976,0.023553552,-0.02033034789397714
26951,0.053247000000000044,0.04068449,-0.012562508604049727,8.23846,9.082405,0.8439450903320314,6.906270000000001,7.705639,0.7993688854980459,0.01688389999999995,0.023553552,0.006669652106022883
27118,0.05795400000000006,0.121128,0.063174000319004,12.4236,13.944683,1.5210830749511715,11.40202,13.552911,2.150890804748535,0.08247870000000002,0.13914123,0.0566625317752838
27119,0.040954000000000046,0.121128,0.08017400031900401,10.823599999999999,13.944683,3.121083074951173,9.90202,13.552911,3.650890804748535,0.0644787,0.13914123,0.07466253177528381
27123,0.03595400000000004,0.121128,0.08517400031900402,12.823599999999999,13.944683,1.1210830749511729,11.60202,13.552911,1.9508908047485356,0.08747870000000002,0.13914123,0.05166253177528379
27124,0.250954,0.121128,-0.12982599968099595,17.0236,13.944683,-3.0789169250488264,18.202019999999997,13.552911,-4.649109195251462,0.29947870000000004,0.13914123,-0.16033746822471623
27125,0.18795400000000007,0.121128,-0.066825999680996,17.5236,13.944683,-3.5789169250488264,16.90202,13.552911,-3.349109195251465,0.1994787,0.13914123,-0.060337468224716195
27126,0.15595400000000004,0.121128,-0.03482599968099598,13.823599999999999,13.944683,0.12108307495117288,14.00202,13.552911,-0.44910919525146475,0.12747870000000006,0.13914123,0.011662531775283758
27416,-0.05053750000000001,-0.05155029,-0.0010127914786338676,9.217019999999998,10.42777,1.210749660949709,9.115,10.026038,0.9110381698608396,0.19051200000000001,0.21917358,0.0286615804080963
27419,-0.06053750000000002,-0.05155029,0.008987208521366141,12.49702,10.42777,-2.069250339050292,11.614999999999998,10.026038,-1.5889618301391586,0.25051199999999996,0.21917358,-0.03133841959190364
27464,-0.01746599999999998,0.10064529,0.11811128882503508,10.74615,12.106942,1.3607921768188476,14.488349999999999,15.5868435,1.0984934906005872,-0.029183799999999982,0.044132363,0.07331616305117605
27595,0.1371920000000001,0.08060286,-0.05658913805913934,10.53248,10.088187,-0.4442927822875973,13.36488,11.653122,-1.711758051757812,0.13369889999999995,0.11462702,-0.01907188142909999
27597,-0.0008079999999999199,0.08060286,0.08141086194086067,10.33248,10.088187,-0.244292782287598,10.16488,11.653122,1.4882419482421874,0.09369890000000003,0.11462702,0.020928118570899934
27603,-0.03860299999999994,-0.01691835,0.021684649988889637,9.542840000000002,10.880036,1.3371963540649396,10.793209999999998,11.939295,1.1460848150634781,0.07798479999999997,0.09547768,0.017492877881717717
27634,0.1023869999999999,0.036062192,-0.06632480782818784,9.805680000000002,9.2560625,-0.5496174923706079,10.43515,7.5119696,-2.9231804336547853,0.12145600000000001,0.047419738,-0.07403626197552682
27743,0.011622000000000021,-0.008558542,-0.020180541536331198,11.533819999999999,12.206125,0.6723052593994154,9.198,9.368329,0.17032904815673788,0.04237089999999999,0.07803638,0.0356654827943802
27852,0.0040959999999998775,0.097625874,0.09352987398290646,12.546420000000001,16.240498,3.694077589111327,11.007249999999999,16.433428,5.426177810668946,0.03168329999999997,0.16658303,0.13489973141593936
27853,0.1410959999999999,0.097625874,-0.04347012601709355,17.236420000000003,16.240498,-0.9959224108886744,19.60725,16.433428,-3.173822189331055,0.24968329999999994,0.16658303,-0.08310026858406061
27854,0.04809599999999992,0.097625874,0.049529873982906425,14.876420000000003,16.240498,1.364077589111325,17.06725,16.433428,-0.633822189331056,0.22668329999999992,0.16658303,-0.06010026858406059
27855,0.03709599999999991,0.097625874,0.060529873982906435,14.986420000000003,16.240498,1.2540775891113256,13.78725,16.433428,2.646177810668945,0.0636833,0.16658303,0.10289973141593933
27856,0.3960959999999999,0.097625874,-0.29847012601709355,26.06642,16.240498,-9.825922410888673,25.76725,16.433428,-9.333822189331055,0.40668329999999997,0.16658303,-0.24010026858406064
27859,0.0280959999999999,0.097625874,0.06952987398290644,13.296420000000001,16.240498,2.944077589111327,12.46725,16.433428,3.9661778106689454,0.0636833,0.16658303,0.10289973141593933
27972,0.111819,0.1695601,0.057741104608535765,8.658890000000003,7.7989955,-0.8598945051574738,7.493590000000001,9.503683,2.01009309020996,-0.015581199999999962,0.09212519,0.10770639228458401
27973,0.16181900000000005,0.1695601,0.0077411046085357205,8.258890000000005,7.7989955,-0.4598945051574752,9.69359,9.503683,-0.18990690979003944,0.09041880000000002,0.09212519,0.001706392284584024
27974,0.20181900000000008,0.1695601,-0.032258895391464315,8.558890000000005,7.7989955,-0.7598945051574759,10.09359,9.503683,-0.5899069097900398,0.07641880000000001,0.09212519,0.015706392284584036
27975,0.251819,0.1695601,-0.08225889539146425,8.658890000000003,7.7989955,-0.8598945051574738,12.39359,9.503683,-2.8899069097900387,0.17541879999999999,0.09212519,-0.08329360771541594
27976,0.15181900000000004,0.1695601,0.01774110460853573,6.358890000000002,7.7989955,1.440105494842527,9.493590000000001,9.503683,0.010093090209959854,0.13941879999999995,0.09212519,-0.04729360771541591
28007,0.07526500000000003,0.07609595,0.0008309535837173199,16.374029999999998,15.671659,-0.7023705303955055,16.71821,15.585237,-1.1329734506225577,0.1947512,0.16488606,-0.02986514262313844
28169,-0.028890000000000082,-0.00066770084,0.028222299164962106,9.697580000000002,9.926766,0.22918639556884557,5.782359999999999,5.530415,-0.2519449418640125,-0.02685650000000006,0.019817067,0.046673567310214104
28170,-0.05335040000000002,-0.058765437,-0.005415037453985194,8.755619999999999,6.8271346,-1.9284853907775865,6.8767499999999995,5.2193704,-1.6573796348571772,0.0871132,0.090420656,0.003307455906200407
28172,-0.036420100000000066,-0.039573967,-0.0031538674568175606,2.4810499999999998,4.068663,1.5876131202697756,3.4665,4.2141333,0.7476332626342774,0.12689820000000007,0.10218928,-0.024708919907283855
28252,-0.04693000000000014,-0.081058055,-0.03412805516242967,4.508210000000002,3.975125,-0.5330849256134051,3.362689999999997,2.3974273,-0.9652626795196504,0.03192879999999987,0.027542995,-0.004385804711031782
28253,-0.09692999999999996,-0.081058055,0.01587194483757015,3.1882100000000015,3.975125,0.7869150743865951,0.5226899999999972,2.3974273,1.8747373204803495,-0.019071200000000066,0.027542995,0.04661419528896815
28255,-0.02693000000000012,-0.081058055,-0.05412805516242969,4.778210000000001,3.975125,-0.8030849256134047,5.202689999999999,2.3974273,-2.805262679519652,0.08392879999999991,0.027542995,-0.05638580471103183
28256,-0.08693000000000017,-0.081058055,0.005871944837570364,3.6182100000000013,3.975125,0.3569150743865954,1.1726899999999993,2.3974273,1.2247373204803473,-0.005071199999999942,0.027542995,0.03261419528896803
28258,-0.06693000000000016,-0.081058055,-0.014128055162429654,4.218210000000003,3.975125,-0.243084925613406,3.072689999999998,2.3974273,-0.6752626795196512,0.037928799999999985,0.027542995,-0.010385804711031899
28259,-0.07993000000000006,-0.081058055,-0.001128055162429753,4.008210000000002,3.975125,-0.03308492561340515,2.482689999999998,2.3974273,-0.08526267951965139,0.028928799999999977,0.027542995,-0.0013858047110318905
28260,-0.09193000000000007,-0.081058055,0.010871944837570258,3.7182100000000027,3.975125,0.256915074386594,1.6426899999999982,2.3974273,0.7547373204803485,0.013928799999999963,0.027542995,0.013614195288968123
28261,-0.10892999999999997,-0.081058055,0.02787194483757016,3.6182100000000013,3.975125,0.3569150743865954,1.3326899999999995,2.3974273,1.0647373204803472,0.016928799999999855,0.027542995,0.010614195288968231
28262,-0.09193000000000007,-0.081058055,0.010871944837570258,4.5582100000000025,3.975125,-0.5830849256134059,3.47269,2.3974273,-1.0752626795196534,0.05892879999999989,0.027542995,-0.031385804711031806
28263,-0.09193000000000007,-0.081058055,0.010871944837570258,3.7182100000000027,3.975125,0.256915074386594,1.8926899999999982,2.3974273,0.5047373204803485,0.023928799999999972,0.027542995,0.003614195288968114
28266,-0.10492999999999997,-0.081058055,0.023871944837570158,3.5382099999999994,3.975125,0.43691507438659727,1.5326899999999988,2.3974273,0.8647373204803479,0.023928799999999972,0.027542995,0.003614195288968114
28267,-0.07693000000000016,-0.07408755,0.0028424472737313966,1.918210000000002,2.2661881,0.3479781446838359,0.6226899999999986,0.84835166,0.22566165739059585,0.02092879999999997,0.021428399,0.0004995987879753416
28328,-0.07443330000000004,-0.0624335,0.01199980015711788,9.54541,6.790996,-2.7544139253234867,7.7227000000000015,5.680088,-2.042611956787111,0.0760615,0.08209891,0.006037408722400661
28366,0.05219799999999997,0.024604999,-0.0275930014710426,12.465019999999999,9.272144,-3.192875682373046,14.2075,9.483595,-4.72390510559082,0.2562481,0.12371736,-0.1325307398015022
28371,-0.007802000000000087,0.024604999,0.032406998528957454,7.665019999999998,9.272144,1.6071243176269547,6.307499999999997,9.483595,3.1760948944091822,0.026248099999999996,0.12371736,0.09746926019849778
28403,0.7285619999999999,0.38158253,-0.3469794716472625,24.387880000000003,11.379322,-13.00855794799805,21.16109,15.488353,-5.672737224426271,0.6103661,0.38352355,-0.226842546390152
28405,0.47856199999999993,0.38158253,-0.0969794716472625,13.387880000000003,11.379322,-2.0085579479980495,20.16109,15.488353,-4.672737224426271,0.6603661,0.38352355,-0.27684254639015193
28406,0.448562,0.38158253,-0.06697947164726259,9.387880000000003,11.379322,1.9914420520019505,19.16109,15.488353,-3.672737224426271,0.6103661,0.38352355,-0.226842546390152
28407,0.328562,0.38158253,0.053020528352737406,7.387880000000003,11.379322,3.9914420520019505,13.161090000000002,15.488353,2.327262775573729,0.2103661,0.38352355,0.17315745360984802
28408,0.15856199999999998,0.38158253,0.22302052835273745,9.387880000000003,11.379322,1.9914420520019505,11.161090000000002,15.488353,4.327262775573729,0.11036610000000002,0.38352355,0.273157453609848
28409,0.15856199999999998,0.38158253,0.22302052835273745,4.587880000000002,11.379322,6.791442052001951,8.36109,15.488353,7.12726277557373,0.10036610000000001,0.38352355,0.283157453609848
28430,0.386035,0.087564744,-0.29847025594472887,24.1057,20.340332,-3.765367968749999,19.7985,14.985762,-4.812738357543946,0.43620519999999996,0.19488591,-0.24131929044265743
28432,-0.04996500000000004,0.087564744,0.13752974405527119,25.105700000000002,20.340332,-4.765367968750002,19.198500000000003,14.985762,-4.212738357543948,0.19620519999999997,0.19488591,-0.0013192904426574392
28464,-0.07778499999999999,0.015991904,0.09377690384149551,7.708349999999999,8.916053,1.2077028182983405,3.297250000000002,6.472557,3.175307067871092,-0.04773589999999994,0.017953899,0.0656897987576961
28465,-0.1177849999999998,0.015991904,0.13377690384149532,6.668349999999997,8.916053,2.247702818298343,2.1572500000000012,6.472557,4.3153070678710925,-0.027735899999999925,0.017953899,0.045689798757696076
28466,0.06221500000000013,0.015991904,-0.04622309615850462,7.50835,8.916053,1.4077028182983398,5.297250000000002,6.472557,1.175307067871092,-0.04773589999999994,0.017953899,0.0656897987576961
28467,0.12221500000000007,0.015991904,-0.10622309615850456,11.398349999999997,8.916053,-2.4822971817016573,9.127250000000002,6.472557,-2.654692932128908,-0.027735899999999925,0.017953899,0.045689798757696076
28480,-0.02761300000000011,0.030066876,0.057679875740885844,11.215680000000003,9.93771,-1.2779701916503932,8.78515,7.8252788,-0.9598712409973142,0.061455999999999955,0.04891659,-0.01253941053128238
28483,-0.02761300000000011,0.030066876,0.057679875740885844,12.38568,9.93771,-2.4479701916503913,9.57515,7.8252788,-1.7498712409973152,0.061455999999999955,0.04891659,-0.01253941053128238
28484,-0.02761300000000011,0.030066876,0.057679875740885844,12.705680000000001,9.93771,-2.7679701916503916,10.25515,7.8252788,-2.429871240997315,0.09145599999999998,0.04891659,-0.04253941053128241
28485,-0.0176130000000001,0.030066876,0.047679875740885835,12.99568,9.93771,-3.0579701916503907,10.645150000000001,7.8252788,-2.8198712409973155,0.10145599999999999,0.04891659,-0.052539410531282416
28486,-0.03761300000000012,0.030066876,0.06767987574088585,12.445680000000003,9.93771,-2.5079701916503936,10.69515,7.8252788,-2.8698712409973144,0.1314559999999999,0.04891659,-0.08253941053128233
28487,-0.03761300000000012,0.030066876,0.06767987574088585,12.705680000000001,9.93771,-2.7679701916503916,11.135150000000001,7.8252788,-3.3098712409973157,0.15145599999999992,0.04891659,-0.10253941053128235
28488,-0.02761300000000011,0.030066876,0.057679875740885844,11.985680000000002,9.93771,-2.0479701916503927,10.59515,7.8252788,-2.7698712409973147,0.14145599999999992,0.04891659,-0.09253941053128234
28489,-0.02761300000000011,0.030066876,0.057679875740885844,12.47568,9.93771,-2.537970191650391,10.76515,7.8252788,-2.9398712409973147,0.1314559999999999,0.04891659,-0.08253941053128233
28491,-0.007613000000000092,0.030066876,0.037679875740885826,13.835680000000002,9.93771,-3.8979701916503924,11.555150000000001,7.8252788,-3.7298712409973156,0.12145600000000001,0.04891659,-0.07253941053128243
28580,0.022698000000000107,0.041463464,0.01876546449851979,6.32047,6.3121467,-0.00832333633422877,4.49981,5.3116055,0.8117954534912108,-0.009882699999999911,0.028301744,0.03818444379050723
28619,0.06166500000000008,0.039385665,-0.02227933479189881,7.000340000000005,7.655357,0.6550168840026807,4.7813,6.371488,1.590188094329834,-0.05467719999999998,0.011388,0.06606520010085104
28804,0.16148799999999996,0.15219189,-0.009296107733726466,13.831820000000002,10.020479,-3.8113407977294944,11.32644,9.903535,-1.4229051107788084,-0.013692199999999932,0.04802164,0.06171384062857621
28812,0.09340499999999985,0.047844645,-0.04556035536408409,13.18732,8.567873,-4.619446998901367,16.02722,10.18078,-5.846439589233398,0.39421990000000007,0.1743523,-0.2198675968526841
28943,0.023422000000000054,0.05645311,0.03303110878753657,11.055780000000002,10.268363,-0.7874170010375998,7.925729999999998,9.574899,1.6491687197875997,-0.01492529999999992,0.09931543,0.11424072724370948
29091,-0.028960399999999886,-0.030819084,-0.0018586844953061288,6.796849999999999,7.118243,0.32139321746826255,6.732919999999998,6.9576902,0.22477023895263848,0.09652229999999995,0.09777141,0.0012491136242867018
29221,0.12604000000000004,0.04005158,-0.08598842052459721,10.966709999999999,9.808862,-1.157848267517089,14.504560000000001,10.527828,-3.976731783447267,0.16966769999999998,0.08161307,-0.08805462873716352
29224,0.0640400000000001,0.04005158,-0.023988420524597265,10.056709999999999,9.808862,-0.24784826751708877,11.014560000000001,10.527828,-0.48673178344726686,0.07966770000000001,0.08161307,0.0019453712628364483
29225,0.04604000000000008,0.04005158,-0.005988420524597249,9.88671,9.808862,-0.07784826751709062,10.904560000000002,10.527828,-0.37673178344726743,0.08966770000000002,0.08161307,-0.00805462873716356
29226,0.03404000000000007,0.04005158,0.006011579475402762,9.576709999999999,9.808862,0.23215173248291165,9.674560000000003,10.527828,0.8532682165527312,0.05966769999999999,0.08161307,0.021945371262836466
29227,0.0040400000000000436,0.04005158,0.03601157947540279,9.38671,9.808862,0.4221517324829094,9.184560000000001,10.527828,1.3432682165527332,0.0696677,0.08161307,0.011945371262836457
29228,-0.016959999999999864,0.04005158,0.057011579475402696,9.08671,9.808862,0.7221517324829101,8.45456,10.527828,2.0732682165527336,0.029667699999999964,0.08161307,0.05194537126283649
29258,0.02986600000000006,0.037897095,0.00803109508419031,4.273130000000002,4.437919,0.16478913986205868,9.69,9.715006,0.02500587463378956,0.29012399999999994,0.2941601,0.004036097837448183
29268,0.04238699999999995,0.08142846,0.039041460776805925,10.105680000000003,12.761061,2.6553807147216766,10.60515,11.701481,1.0963308654785155,0.16145599999999993,0.13490987,-0.026546131759643488
29271,0.012386999999999926,0.08142846,0.06904146077680595,4.805680000000002,12.761061,7.955380714721677,3.605150000000002,11.701481,8.096330865478514,0.0014560000000000128,0.13490987,0.13345386824035643
29446,-0.10761299999999996,0.02108543,0.12869842993664737,6.005680000000002,9.770583,3.7649031527709944,1.1051500000000019,7.929666,6.824516042327879,-0.08154400000000006,0.054483164,0.13602716410183913
29447,-0.007613000000000092,0.02108543,0.028698429936647507,6.385680000000001,9.770583,3.3849031527709954,2.925150000000002,7.929666,5.004516042327879,-0.06354400000000004,0.054483164,0.11802716410183911
29449,0.012386999999999926,0.02108543,0.00869842993664749,11.945680000000003,9.770583,-2.175096847229007,10.70515,7.929666,-2.775483957672119,0.1244559999999999,0.054483164,-0.06997283589816083
29561,0.04552999999999996,0.050978336,0.005448336483240168,7.5567500000000045,7.943322,0.38657218170165564,13.634519999999998,13.225516,-0.4090036807250961,0.31762270000000004,0.2953531,-0.022269585395050084
29562,0.03452999999999995,0.050978336,0.016448336483240178,7.276750000000003,7.943322,0.6665721817016568,12.734519999999998,13.225516,0.4909963192749043,0.2876227,0.2953531,0.007730414604949942
29564,0.04852999999999996,0.050978336,0.0024483364832401655,8.116750000000003,7.943322,-0.17342781829834308,13.43452,13.225516,-0.20900368072509679,0.2936227,0.2953531,0.001730414604949937
29657,0.012386999999999926,0.036062192,0.02367519217181213,7.90568,9.2560625,1.3503825076293943,4.805150000000001,7.5119696,2.7068195663452137,-0.04854400000000003,0.047419738,0.09596373802447322
29870,-0.008323999999999998,0.015991947,0.024315946682333944,11.631520000000002,11.302854,-0.3286664157104511,8.739959999999998,10.736135,1.9961745291137714,0.031119999999999925,0.11884913,0.08772912848472603
29872,0.07167600000000007,0.015991947,-0.05568405331766613,13.051520000000004,11.302854,-1.7486664157104528,13.899959999999998,10.736135,-3.163825470886229,0.21611999999999998,0.11884913,-0.09727087151527403
30368,0.209387,0.036062192,-0.17332480782818793,25.395680000000002,9.2560625,-16.139617492370608,18.66515,7.5119696,-11.153180433654786,0.06345599999999996,0.047419738,-0.016036261975526767
30417,-0.08461300000000005,0.02108543,0.10569842993664746,10.40568,9.770583,-0.6350968472290042,6.60515,7.929666,1.3245160423278808,0.02145599999999992,0.054483164,0.033027164101839146
30418,-0.06061300000000003,0.02108543,0.08169842993664744,10.40568,9.770583,-0.6350968472290042,9.805150000000001,7.929666,-1.8754839576721203,0.16145599999999993,0.054483164,-0.10697283589816087
30419,-0.08461300000000005,0.02108543,0.10569842993664746,10.40568,9.770583,-0.6350968472290042,6.60515,7.929666,1.3245160423278808,0.02145599999999992,0.054483164,0.033027164101839146
30420,-0.034613000000000005,0.02108543,0.05569842993664742,10.605680000000003,9.770583,-0.835096847229007,8.10515,7.929666,-0.17548395767211922,0.051455999999999946,0.054483164,0.0030271641018391193
30456,-0.08961300000000016,0.036062192,0.12567519217181222,6.685680000000001,9.2560625,2.570382507629393,0.9951499999999989,7.5119696,6.516819566345216,-0.09454399999999996,0.047419738,0.14196373802447315
30725,0.012386999999999926,0.036062192,0.02367519217181213,12.017680000000002,9.2560625,-2.7616174923706076,9.28515,7.5119696,-1.773180433654785,0.04345599999999994,0.047419738,0.003963738024473251
31082,0.14207599999999998,0.11318889,-0.028887107397079448,9.5613,9.224068,-0.337232312011718,9.501460000000002,8.768014,-0.7334460458374039,0.0569056,0.030220391,-0.02668520877120495
31083,0.13207599999999997,0.11318889,-0.01888710739707944,10.8613,9.224068,-1.6372323120117187,10.571460000000002,8.768014,-1.8034460458374042,0.08290560000000002,0.030220391,-0.05268520877120497
31084,0.12207599999999996,0.11318889,-0.00888710739707943,9.0613,9.224068,0.162767687988282,8.401460000000002,8.768014,0.36655395416259573,0.02290559999999997,0.030220391,0.007314791228795081
31085,0.13207599999999997,0.11318889,-0.01888710739707944,10.0613,9.224068,-0.837232312011718,9.801460000000002,8.768014,-1.0334460458374046,0.0629056,0.030220391,-0.032685208771204954
31087,0.12207599999999996,0.11318889,-0.00888710739707943,8.8613,9.224068,0.3627676879882813,8.001460000000002,8.768014,0.7665539541625961,0.007905599999999957,0.030220391,0.022314791228795094
31088,0.05148799999999998,-0.013686098,-0.0651740981583595,7.941820000000003,8.478956,0.5371362225341763,7.41644,4.993724,-2.4227161306762692,0.050307800000000125,-0.016032305,-0.06634010461478246
31089,0.08425400000000005,0.10757488,0.023320880123138377,16.183300000000003,13.947689,-2.2356109436035183,12.77204,11.098304,-1.6737362051391607,0.023824899999999927,0.04045921,0.016634308190441205
31090,0.09248000000000012,0.08265862,-0.009821381311416744,9.53737,12.184546,2.6471764706420906,9.05409,11.578133,2.524042629394531,0.046650699999999934,0.056580856,0.009930156442451543
31185,-0.08148600000000017,-0.03803805,0.0434479511067869,2.843110000000003,5.434977,2.5918670545959444,3.002830000000003,4.7496047,1.7467747019958466,0.03698579999999996,0.08161761,0.044631808666420025
31186,-0.09148600000000018,-0.03803805,0.053447951106786906,4.563110000000002,5.434977,0.8718670545959455,3.2828300000000006,4.7496047,1.466774701995849,0.05498579999999986,0.08161761,0.02663180866642012
31187,-0.08148600000000017,-0.03803805,0.0434479511067869,3.263110000000001,5.434977,2.171867054595946,2.102830000000001,4.7496047,2.6467747019958487,0.05098579999999997,0.08161761,0.030631808666420013
31188,-0.07148600000000016,-0.03803805,0.03344795110678689,5.663110000000003,5.434977,-0.22813294540405593,4.782830000000001,4.7496047,-0.03322529800415097,0.06798579999999999,0.08161761,0.013631808666419998
31323,0.132343,0.12407428,-0.00826871973800658,8.12414,8.676486,0.5523460153198236,10.47445,10.46856,-0.005889781188963994,0.12442659999999994,0.14262554,0.01819894049491888
31324,0.11234299999999997,0.12407428,0.011731280261993438,8.114140000000003,8.676486,0.5623460153198216,9.844449999999998,10.46856,0.6241102188110368,0.10442659999999993,0.14262554,0.0381989404949189
31325,0.17143699999999995,0.050029393,-0.12140760671448703,13.098460000000001,8.812752,-4.28570822998047,13.002490000000002,9.854537,-3.1479529898071306,0.06453720000000007,0.14275277,0.07821556660919182
31351,0.0019620000000000193,-0.016758023,-0.01872002282989027,6.847160000000002,6.5015574,-0.34560264984131095,9.576139999999999,7.750025,-1.8261152044677722,0.22261769999999992,0.14616661,-0.07645109226245872
31355,-0.00803799999999999,-0.016758023,-0.008720022829890262,6.847160000000002,6.5015574,-0.34560264984131095,7.576139999999999,7.750025,0.1738847955322278,0.12961769999999995,0.14616661,0.016548907737541252
31356,0.0019620000000000193,-0.016758023,-0.01872002282989027,6.847160000000002,6.5015574,-0.34560264984131095,6.776139999999998,7.750025,0.9738847955322285,0.0776176999999999,0.14616661,0.0685489077375413
31357,-0.048038000000000025,-0.016758023,0.031279977170109774,6.7471600000000045,6.5015574,-0.24560264984131308,5.076139999999999,7.750025,2.673884795532228,0.03161769999999997,0.14616661,0.11454890773754123
31363,0.0019620000000000193,-0.016758023,-0.01872002282989027,6.447160000000004,6.5015574,0.05439735015868763,9.47614,7.750025,-1.7261152044677726,0.22661769999999992,0.14616661,-0.08045109226245872
31364,-0.028038000000000007,-0.016758023,0.011279977170109756,5.947160000000004,6.5015574,0.5543973501586876,8.176139999999998,7.750025,-0.42611520446777185,0.18561769999999989,0.14616661,-0.03945109226245869
31407,0.15521700000000005,0.075301014,-0.07991598611307149,15.765749999999999,12.719855,-3.045894691467284,14.45087,9.755421,-4.695449315185547,0.11632389999999992,0.044378426,-0.07194547407402985
31408,-0.03884500000000002,-0.0035095622,0.03533543777026238,9.70569,9.890327,0.18463745361328066,5.656550000000001,7.2028437,1.546293666076659,-0.01597470000000001,0.02743195,0.04340664997310639
31425,0.012799000000000005,0.036246624,0.023447623843908305,18.499760000000002,17.04708,-1.452680913696291,14.604320000000001,15.605775,1.001454879455565,0.09750270000000005,0.21055435,0.11305164644222254
31426,0.04279900000000003,0.036246624,-0.0065523761560917215,16.959760000000003,17.04708,0.0873190863037081,17.80432,15.605775,-2.198545120544434,0.3535027,0.21055435,-0.1429483535577774
31635,0.168883,0.105101965,-0.06378103463220597,13.44771,9.281662,-4.166048012695313,12.76669,9.815781,-2.950909360351563,0.054355699999999896,0.096309714,0.04195401401929866
31652,-0.022696999999999967,-0.014221796,0.008475204165399042,11.405810000000002,13.841503,2.4356931433105444,10.283259999999999,12.882178,2.5989183065795913,0.08543459999999992,0.1478057,0.06237110566654214
31653,0.01730300000000007,-0.014221796,-0.031524795834600994,17.30581,13.841503,-3.464306856689454,18.78326,12.882178,-5.901081693420409,0.3514346,0.1478057,-0.20362889433345793
31654,-0.042696999999999985,-0.014221796,0.02847520416539906,10.50581,13.841503,3.3356931433105466,8.18326,12.882178,4.698918306579589,0.03043459999999998,0.1478057,0.11737110566654207
31655,-0.022696999999999967,-0.014221796,0.008475204165399042,15.605810000000002,13.841503,-1.7643068566894549,14.38326,12.882178,-1.50108169342041,0.13943459999999996,0.1478057,0.008371105666542089
31676,-0.06721500000000002,-0.029833991,0.03738100891947749,4.783239999999999,7.326837,2.543597062835694,2.6498100000000004,5.126072,2.47626192993164,0.011713700000000049,0.026653009,0.014939308535504292
31677,-0.057215000000000016,-0.029833991,0.02738100891947748,7.273240000000001,7.326837,0.0535970628356921,4.9798100000000005,5.126072,0.1462619299316401,0.028713700000000064,0.026653009,-0.002060691464495723
31678,-0.01721499999999998,-0.029833991,-0.012618991080522557,8.483240000000002,7.326837,-1.1564029371643088,6.0298099999999994,5.126072,-0.9037380700683588,0.016713700000000054,0.026653009,0.009939308535504288
32154,0.04276499999999994,-0.015908193,-0.05867319284319872,6.50046,7.379578,0.8791181135559079,9.975359999999998,8.439999,-1.535361373291014,0.1760887,0.123233005,-0.052855694595527636
32156,0.09238699999999989,0.030066876,-0.06232012425911415,11.605680000000003,9.93771,-1.6679701916503937,9.805150000000001,7.8252788,-1.9798712409973156,0.03045600000000004,0.04891659,0.018460589468717536
32165,0.12253400000000003,0.09956857,-0.022965431829929384,8.26615,8.882195,0.6160454727172855,9.388349999999999,8.762297,-0.6260533233642569,0.035816199999999965,0.04129397,0.0054777712405205126
32263,0.06221500000000013,0.012128454,-0.05008654629826559,10.948349999999998,9.500116,-1.4482336517333962,9.797250000000002,6.3663616,-3.4308883819580096,0.07226410000000005,-0.009296927,-0.08156102666977649
32940,0.11199999999999999,0.14256845,0.030568454146385204,14.975249999999999,18.542387,3.567137008666993,16.24622,21.527145,5.2809253857421865,0.13741589999999992,0.378028,0.24061210536155708
32948,0.062000000000000055,0.14256845,0.08056845414638514,17.54525,18.542387,0.9971370086669928,20.58622,21.527145,0.9409253857421866,0.35141589999999995,0.378028,0.02661210536155706
32949,0.132,0.14256845,0.010568454146385187,19.23525,18.542387,-0.6928629913330084,23.24622,21.527145,-1.7190746142578135,0.46541589999999994,0.378028,-0.08738789463844293
32951,0.252,0.14256845,-0.10943154585361481,22.16525,18.542387,-3.622862991333008,25.24622,21.527145,-3.7190746142578135,0.5394159,0.378028,-0.16138789463844294
32991,0.14381300000000008,0.1152054,-0.028607600307941516,9.119610000000002,9.638897,0.5192869421386703,11.65634,9.929113,-1.7272266119384767,0.22019530000000015,0.12705001,-0.09314528764991775
32992,0.12339200000000006,0.1152054,-0.008186600307941494,16.77862,13.021743,-3.756877179260254,10.938329999999999,9.687537,-1.250792806701659,-0.02944000000000002,-0.0025721276,0.02686787238210442
33273,0.11560000000000004,0.029704899,-0.0858951014041901,11.71255,11.28832,-0.4242304122924807,14.30408,11.766845,-2.537235250549317,0.16170479999999998,0.113358125,-0.04834667490940092
33274,0.0068749999999999645,0.007076771,0.00020177099853757596,14.584729999999997,11.525973,-3.0587566799926726,12.00308,9.662564,-2.340515722351075,0.004812700000000003,0.024153646,0.019340946081686017
33457,0.32095000000000007,0.038179338,-0.28277066202163703,25.99737,13.306625,-12.690744633789063,21.9771,13.019742,-8.957357987976074,0.4454893,0.18603751,-0.25945178936653135
33458,-0.03905000000000003,0.038179338,0.07722933797836307,9.58737,13.306625,3.7192553662109376,10.517100000000001,13.019742,2.502642012023925,0.16748929999999995,0.18603751,0.018548210633468676
33459,0.15560000000000007,0.054202605,-0.10139739496111877,26.92255,15.386477,-11.536072529602052,23.18408,14.786324,-8.39775645263672,0.33570479999999997,0.13891669,-0.19678811382274625
33460,0.015600000000000058,0.054202605,0.038602605038881244,12.98255,15.386477,2.4039274703979494,13.114080000000001,14.786324,1.67224354736328,0.12570480000000006,0.13891669,0.013211886177253662
33462,0.04682900000000001,0.022639515,-0.02418948512160779,11.92691,10.228878,-1.698031978759765,12.33834,10.150382,-2.187957958068848,0.11857720000000005,0.09872324,-0.019853959803295185
33465,0.10321500000000006,0.012128454,-0.09108654629826551,24.668349999999997,9.500116,-15.168233651733395,12.907250000000001,6.3663616,-6.540888381958009,-0.2267359,-0.009296927,0.21743897333022355
33466,-0.007784999999999931,0.012128454,0.019913453701734474,7.768349999999998,9.500116,1.7317663482666035,-1.672749999999997,6.3663616,8.03911161804199,-0.29073589999999994,-0.009296927,0.2814389733302235
33772,-0.087785,0.015991904,0.10377690384149552,6.228349999999999,8.916053,2.687702818298341,0.8872500000000016,6.472557,5.585307067871092,-0.08773589999999998,0.017953899,0.10568979875769613
33773,-0.1077849999999998,-0.05543602,0.052348981145620144,6.538349999999998,6.875801,0.3374510864257836,1.7572500000000026,3.6675644,1.910314392089841,-0.04773589999999994,-0.010363862,0.03737203808155054
33774,0.1622150000000001,0.015991904,-0.1462230961585046,6.838349999999998,8.916053,2.0777028182983415,8.10725,6.472557,-1.6346929321289068,0.10226410000000008,0.017953899,-0.08431020124230393
33775,0.1622150000000001,0.029207027,-0.13300797341406356,6.638349999999999,8.8271475,2.1887974838256845,8.50725,8.835023,0.32777292633056554,0.062264100000000044,0.07689157,0.01462747128334041
33776,0.08221500000000015,0.096870795,0.014655794892310947,7.738349999999997,7.873489,0.13513890304565734,9.00725,9.738243,0.7309931030273429,0.18226410000000004,0.13102895,-0.051235149785614054
33777,0.042215000000000114,-0.0008960514,-0.04311105140965443,8.138349999999999,7.2785816,-0.8597683807373038,10.50725,6.8865347,-3.6207153091430673,0.20226410000000006,0.08606423,-0.11619987307462698
33778,0.042215000000000114,0.013462099,-0.028752900753319377,7.93835,7.322729,-0.6156208892822264,10.00725,7.3169804,-2.6902696380615243,0.18226410000000004,0.09511857,-0.08714553265247349
33782,0.05221500000000012,0.021886932,-0.03032806826770318,11.138349999999999,10.6809635,-0.4573864837646475,13.50725,11.694139,-1.813111473083497,0.2822641000000001,0.22203287,-0.060231225177383496
33783,0.022215000000000096,0.018130258,-0.004084742274284459,12.638349999999999,10.996881,-1.641469468688964,14.307250000000002,12.097314,-2.2099361190795914,0.2922641,0.21952106,-0.07274303941402438
33784,0.012215000000000087,-0.05304935,-0.06526434829473504,13.838349999999998,12.89183,-0.9465195556640609,15.00725,13.218752,-1.788498092651368,0.2922641,0.23206894,-0.06019515900287631
33786,-0.07778499999999999,-0.05304935,0.024735651705265038,11.988349999999997,12.89183,0.9034804443359405,9.837250000000001,13.218752,3.381501907348632,0.03226410000000002,0.23206894,0.1998048409971237
33787,-0.1077849999999998,-0.05304935,0.05473565170526484,13.248349999999999,12.89183,-0.356519555664061,15.92725,13.218752,-2.708498092651368,0.38226410000000005,0.23206894,-0.15019515900287633
33808,0.17521500000000012,0.015991904,-0.1592230961585046,9.108349999999998,8.916053,-0.1922971817016581,10.667250000000001,6.472557,-4.194692932128907,0.11226410000000009,0.017953899,-0.09431020124230394
33989,0.002215000000000078,0.009858394,0.00764339404165737,6.838349999999998,7.2723703,0.43402033843994303,3.707250000000002,5.8942065,2.1869565238952617,-0.04773589999999994,0.03628046,0.08401636065568918
33990,0.002215000000000078,0.009858394,0.00764339404165737,6.238349999999997,7.2723703,1.0340203384399445,3.4072500000000012,5.8942065,2.4869565238952624,-0.03773589999999993,0.03628046,0.07401636065568917
33991,-0.02778499999999995,0.009858394,0.037643394041657396,6.238349999999997,7.2723703,1.0340203384399445,2.5072500000000026,5.8942065,3.386956523895261,-0.06773589999999996,0.03628046,0.1040163606556892
33992,-0.047784999999999966,0.009858394,0.057643394041657414,6.238349999999997,7.2723703,1.0340203384399445,1.8072499999999998,5.8942065,4.086956523895264,-0.07773589999999997,0.03628046,0.11401636065568921
33993,0.002215000000000078,0.009858394,0.00764339404165737,6.93835,7.2723703,0.3340203384399416,3.9072500000000012,5.8942065,1.9869565238952624,-0.03773589999999993,0.03628046,0.07401636065568917
33994,-0.007784999999999931,0.009858394,0.01764339404165738,6.038349999999998,7.2723703,1.2340203384399437,3.6072500000000005,5.8942065,2.286956523895263,-0.017735899999999916,0.03628046,0.054016360655689155
33996,0.022215000000000096,0.009858394,-0.012356605958342648,6.93835,7.2723703,0.3340203384399416,5.007250000000001,5.8942065,0.8869565238952628,-0.007735899999999907,0.03628046,0.044016360655689146
33998,0.032215000000000105,0.009858394,-0.022356605958342657,8.038349999999998,7.2723703,-0.7659796615600563,7.307250000000002,5.8942065,-1.413043476104738,0.052264100000000036,0.03628046,-0.015983639344310796
33999,0.012215000000000087,0.014083311,0.0018683109617232407,8.398349999999997,9.465615,1.0672652725219756,5.257250000000001,7.4195695,2.162319492340087,-0.04173590000000005,0.025761314,0.0674972137364388
34293,-0.04323600000000005,0.01967236,0.06290836027121549,3.6519399999999997,6.765605,3.1136649728393557,4.172889999999999,8.556938,4.38404817138672,0.08703440000000007,0.12457276,0.03753836135683053
34335,-0.011486000000000107,-0.03803805,-0.026552048893213165,8.833110000000001,5.434977,-3.398132945404054,7.582830000000001,4.7496047,-2.8332252980041517,0.045985799999999966,0.08161761,0.03563180866642002
34336,-0.10148600000000019,-0.03803805,0.06344795110678692,3.9931100000000015,5.434977,1.4418670545959458,1.7828300000000006,4.7496047,2.966774701995849,0.01898579999999994,0.08161761,0.06263180866642004
34337,-0.041486000000000134,-0.03803805,0.003447951106786862,1.9431100000000008,5.434977,3.4918670545959465,0.9828299999999999,4.7496047,3.7667747019958497,0.010985799999999935,0.08161761,0.07063180866642005
34338,-0.08148600000000017,-0.03803805,0.0434479511067869,4.313110000000002,5.434977,1.1218670545959455,1.382830000000002,4.7496047,3.3667747019958476,-0.03201419999999999,0.08161761,0.11363180866641998
34339,-0.07148600000000016,-0.03803805,0.03344795110678689,3.913110000000003,5.434977,1.521867054595944,4.982830000000002,4.7496047,-0.23322529800415204,0.13898579999999994,0.08161761,-0.057368191333579954
34341,-0.05148600000000014,-0.03803805,0.01344795110678687,3.353110000000001,5.434977,2.0818670545959463,4.982830000000002,4.7496047,-0.23322529800415204,0.13898579999999994,0.08161761,-0.057368191333579954
34456,0.06221500000000013,0.015991904,-0.04622309615850462,7.34835,8.916053,1.56770281829834,8.787250000000002,6.472557,-2.3146929321289083,0.1232641000000001,0.017953899,-0.10531020124230395
34794,-0.01833499999999999,0.039385665,0.05772066520810126,6.240340000000003,7.655357,1.4150168840026822,3.4712999999999994,6.371488,2.9001880943298346,-0.02867720000000007,0.011388,0.04006520010085113
34797,0.0016650000000000276,0.039385665,0.037720665208101245,6.130340000000004,7.655357,1.5250168840026816,4.491300000000001,6.371488,1.8801880943298332,0.008322799999999964,0.011388,0.0030652001008510954
35040,0.1522150000000001,0.015991904,-0.1362230961585046,14.098349999999998,8.916053,-5.182297181701658,12.407250000000001,6.472557,-5.9346929321289075,0.06426410000000005,0.017953899,-0.046310201242303894
35065,-0.06858900000000001,-0.037480306,0.03110869411969186,6.762549999999997,7.082253,0.31970297927856706,3.3993900000000004,4.2358603,0.8364703477478024,-0.018535100000000027,0.0006810639,0.019216163916999873
35066,-0.06801500000000016,-0.07306421,-0.005049208030700525,6.057960000000001,5.8090115,-0.2489485406494154,4.529999999999999,3.6623983,-0.8676016616821283,0.05212749999999999,0.036679965,-0.0154475354874134
35067,-0.04858899999999999,-0.037480306,0.011108694119691842,5.742549999999998,7.082253,1.3397029792785666,2.6493900000000004,4.2358603,1.5864703477478024,-0.021535099999999918,0.0006810639,0.022216163916999765
35068,-0.053015000000000034,-0.07306421,-0.02004920803070065,5.657960000000003,5.8090115,0.15105145935058317,3.7699999999999996,3.6623983,-0.10760166168212848,0.032127499999999976,0.036679965,0.004552464512586618
35157,-0.030088000000000115,-0.011576748,0.01851125154691946,8.51249,10.062845,1.5503552301025394,6.87125,8.964504,2.0932542419433595,0.027618799999999943,0.058511294,0.0308924944245339
35158,-0.00730199999999992,0.0070945956,0.014396595581293026,4.58023,6.5249624,1.9447324252319333,3.8485299999999985,5.119269,1.2707388941955582,0.045556199999999936,0.030480774,-0.01507542588050359
35159,-0.030088000000000115,-0.011576748,0.01851125154691946,9.152489999999997,10.062845,0.9103552301025424,8.24125,8.964504,0.7232542419433585,0.06761879999999998,0.058511294,-0.009107505575466135
35160,-0.00730199999999992,0.0070945956,0.014396595581293026,5.000230000000002,6.5249624,1.5247324252319316,4.3085299999999975,5.119269,0.8107388941955591,0.055556199999999945,0.030480774,-0.0250754258805036
35170,0.16198999999999997,0.060990438,-0.1009995621347427,15.621590000000001,10.525465,-5.0961249884033215,13.585080000000001,7.939503,-5.64557680709839,0.0984836,0.034565113,-0.06391848651514054
35173,-0.01519399999999993,0.019945184,0.035139183768868376,6.253820000000001,7.0210457,0.7672256848144521,3.0311700000000013,4.2669277,1.2357577191162097,-0.06198350000000008,-0.008200617,0.05378288342422255
35174,-0.008010000000000073,0.060990438,0.06900043786525734,9.621590000000001,10.525465,0.9038750115966785,4.785080000000001,7.939503,3.1544231929016107,-0.09451639999999994,0.034565113,0.1290815134848594
35175,0.001068000000000069,0.029906897,0.028838896874308517,6.827349999999999,9.071051,2.2437006439208993,3.19792,5.8483534,2.650433385925293,-0.08850889999999989,-0.033942882,0.05456601802840222
35176,0.021989999999999954,0.060990438,0.03900043786525731,10.721590000000003,10.525465,-0.19612498840332293,6.48508,7.939503,1.4544231929016114,-0.08351640000000005,0.034565113,0.11808151348485951
35179,0.021230000000000082,0.037327923,0.016097922880649485,12.234470000000002,9.731007,-2.5034633776855486,8.585130000000001,7.6722713,-0.9128587483215345,-0.014131900000000086,0.019353855,0.03348575540127763
35180,0.15198999999999996,0.060990438,-0.0909995621347427,15.421590000000002,10.525465,-4.896124988403322,11.98508,7.939503,-4.045576807098389,-0.025516400000000106,0.034565113,0.06008151348485957
35191,-0.07578499999999999,0.01528046,0.09106546000748872,7.84835,8.380309,0.5319591049194337,4.757250000000001,5.863195,1.1059449424743644,0.013264100000000001,-0.010133736,-0.023397835835552216
35192,-0.06378499999999998,0.01528046,0.07906546000748871,7.928349999999998,8.380309,0.45195910491943536,4.787250000000002,5.863195,1.0759449424743632,0.004264100000000104,-0.010133736,-0.01439783583555232
35317,0.10342200000000001,0.015131738,-0.08829026196312906,11.505780000000001,9.811434,-1.6943462078857436,9.60573,7.939629,-1.6661009220886225,0.005074700000000099,0.03812447,0.03304976817755689
35343,-0.09761300000000017,0.036062192,0.13367519217181223,6.305680000000002,9.2560625,2.950382507629392,1.905149999999999,7.5119696,5.606819566345216,-0.06054400000000004,0.047419738,0.10796373802447323
35451,0.06456200000000001,-0.014416671,-0.07897867135804892,7.5484100000000005,7.1726604,-0.37574964920043996,8.9207,7.196107,-1.7245930892944337,0.10024309999999992,0.08030938,-0.019933716428852
35452,-0.08243800000000001,-0.014416671,0.0680213286419511,7.38841,7.1726604,-0.21574964920043982,5.790700000000001,7.196107,1.4054069107055653,0.060243099999999994,0.08030938,0.020066283571147925
35453,0.3325340000000001,0.19331099,-0.13922300907039653,18.74615,17.168995,-1.577155096435547,16.288349999999998,14.864667,-1.4236830612182594,0.09081620000000001,0.09128126,0.0004650575697898729
35465,-0.04866900000000007,-0.047427915,0.001241084963321759,10.021269999999998,10.047556,0.026285923461916383,8.14544,7.7362714,-0.40916861862182685,0.06786820000000005,0.042630896,-0.025237304027748153
35469,-0.04866900000000007,-0.047427915,0.001241084963321759,10.15127,10.047556,-0.10371407653808618,7.815440000000001,7.7362714,-0.07916861862182678,0.04786820000000003,0.042630896,-0.005237304027748135
35473,-0.04866900000000007,-0.047427915,0.001241084963321759,10.161269999999998,10.047556,-0.11371407653808419,7.57544,7.7362714,0.16083138137817343,0.034868200000000016,0.042630896,0.007762695972251876
35477,-0.04866900000000007,-0.047427915,0.001241084963321759,10.271269999999998,10.047556,-0.22371407653808362,7.4854400000000005,7.7362714,0.2508313813781733,0.024868200000000007,0.042630896,0.017762695972251885
35516,0.18238699999999997,0.036062192,-0.1463248078281879,6.56568,9.2560625,2.690382507629394,8.36515,7.5119696,-0.853180433654785,0.051455999999999946,0.047419738,-0.004036261975526756
35517,-0.008193000000000117,0.03219971,0.0403927106075288,5.365660000000002,7.880671,2.515011024322508,5.657000000000002,7.118724,1.4617238693237287,0.08552360000000003,0.05283084,-0.03269275860772136
35664,-0.03761300000000012,0.02585787,0.0634708695356847,7.445680000000003,8.620385,1.1747051699829072,5.17515,7.0536814,1.878531373596191,0.0014560000000000128,0.017223695,0.015767695293068873
35756,0.04238699999999995,0.036062192,-0.006324807828187895,11.505680000000002,9.2560625,-2.249617492370607,14.305150000000001,7.5119696,-6.793180433654786,0.32145599999999996,0.047419738,-0.2740362619755268
35758,-0.009633000000000003,-0.026380882,-0.016747881667137143,9.370070000000002,8.380395,-0.9896750643920917,6.40405,7.264268,0.8602179214477541,0.07408400000000004,0.085379004,0.011295004478454551
35849,0.002215000000000078,0.021154372,0.018939372021555823,7.25835,10.673703,3.4153531936645507,4.017250000000001,7.921131,3.9038811340332025,-0.05273589999999995,0.030538123,0.08327402310099596
35858,0.18359000000000003,0.10209723,-0.08149277183055881,15.457450000000001,13.957851,-1.499598590087892,15.389019999999999,11.529369,-3.8596506457519517,0.13918299999999995,0.017878542,-0.12130445827710623
35860,0.053590000000000027,0.10209723,0.0485072281694412,11.557450000000003,13.957851,2.4004014099121065,8.77902,11.529369,2.7503493542480477,-0.010816999999999966,0.017878542,0.02869554172289368
35861,0.07359000000000004,0.10209723,0.02850722816944118,13.757450000000002,13.957851,0.2004014099121072,10.789019999999999,11.529369,0.7403493542480479,-0.0008170000000000677,0.017878542,0.018695541722893783
35862,0.11358999999999997,0.10209723,-0.011492771830558746,14.65745,13.957851,-0.6995985900878914,11.879019999999999,11.529369,-0.3496506457519519,0.009182999999999941,0.017878542,0.008695541722893774
35863,0.11358999999999997,0.10209723,-0.011492771830558746,15.057450000000003,13.957851,-1.0995985900878935,11.619019999999999,11.529369,-0.08965064575195214,-0.030816999999999983,0.017878542,0.0486955417228937
35905,-0.010262999999999911,0.016659684,0.026922684479236514,6.518529999999998,7.868254,1.349724184722902,3.9046699999999994,5.4253445,1.5206744671630865,-0.02040580000000003,0.03277556,0.05318135853128436
35984,-0.07778499999999999,-0.0008960514,0.07688894859034567,6.1183499999999995,7.2785816,1.1602316192626958,2.12725,6.8865347,4.7592846908569335,-0.05773589999999995,0.08606423,0.14380012692537303
36100,0.19340499999999994,0.11116385,-0.08224115285158151,7.68732,8.113826,0.42650579803466826,11.22722,10.585857,-0.641362608642579,0.16421990000000009,0.13247952,-0.031740381348037805
36300,0.041870000000000074,0.07216861,0.03029861099004738,8.20758,8.220819,0.013239473266601465,6.421039999999998,6.8065147,0.3854747399902365,0.00414060000000005,0.0116639715,0.007523371468806217
36302,0.011870000000000047,0.07216861,0.06029861099004741,7.20758,8.220819,1.0132394732666015,3.621039999999997,6.8065147,3.1854747399902372,-0.07585940000000002,0.0116639715,0.08752337146880629
36303,0.0018700000000000383,0.07216861,0.07029861099004742,7.20758,8.220819,1.0132394732666015,2.5210399999999993,6.8065147,4.285474739990235,-0.11585940000000006,0.0116639715,0.12752337146880632
36304,0.06187000000000009,0.07216861,0.010298610990047363,7.107580000000002,8.220819,1.1132394732665993,5.321039999999998,6.8065147,1.4854747399902362,-0.025859399999999977,0.0116639715,0.037523371468806244
36305,0.011870000000000047,0.07216861,0.06029861099004741,7.007580000000001,8.220819,1.2132394732666008,3.121039999999997,6.8065147,3.6854747399902372,-0.09585940000000004,0.0116639715,0.1075233714688063
36306,0.11187000000000002,0.07216861,-0.03970138900995257,11.00758,8.220819,-2.7867605267333992,10.621039999999999,6.8065147,-3.8145252600097646,0.09414060000000002,0.0116639715,-0.08247662853119375
36307,0.13187000000000004,0.07216861,-0.05970138900995259,8.807580000000002,8.220819,-0.5867605267334,10.52104,6.8065147,-3.714525260009765,0.14414059999999995,0.0116639715,-0.13247662853119369
36308,0.12187000000000003,0.07216861,-0.04970138900995258,8.607580000000002,8.220819,-0.38676052673340067,10.52104,6.8065147,-3.714525260009765,0.15414059999999996,0.0116639715,-0.1424766285311937
36309,0.10187000000000002,0.07216861,-0.02970138900995256,8.607580000000002,8.220819,-0.38676052673340067,8.321039999999998,6.8065147,-1.5145252600097638,0.044140599999999974,0.0116639715,-0.03247662853119371
36310,0.10187000000000002,0.07216861,-0.02970138900995256,8.40758,8.220819,-0.18676052673339782,5.821039999999998,6.8065147,0.9854747399902362,-0.08585940000000003,0.0116639715,0.0975233714688063
36311,0.0718700000000001,0.07216861,0.00029861099004735436,8.307580000000002,8.220819,-0.08676052673339996,7.521039999999999,6.8065147,-0.7145252600097649,0.034140599999999965,0.0116639715,-0.0224766285311937
36386,0.226387,0.046396762,-0.17999023786735535,14.405680000000002,8.200868,-6.204812347106936,14.945150000000002,7.6493754,-7.295774561309816,0.21345599999999998,0.08620565,-0.1272503536043167
36387,0.2543869999999999,0.046396762,-0.20799023786735527,8.205680000000001,8.200868,-0.004812347106934567,13.875150000000001,7.6493754,-6.225774561309816,0.275456,0.08620565,-0.1892503536043167
36466,0.0914879999999999,-0.013686098,-0.10517409815835943,9.141820000000003,8.478956,-0.662863777465823,7.31644,4.993724,-2.3227161306762696,-0.013692199999999932,-0.016032305,-0.002340104614782401
36564,0.12387999999999999,0.07791016,-0.04596983749151229,4.7515399999999985,6.1904836,1.4389435700988784,7.372200000000001,7.3677726,-0.004427420806885962,0.10025010000000001,0.095815994,-0.00443410615453721
36565,-0.02778499999999995,0.015991904,0.04377690384149546,11.388349999999999,8.916053,-2.4722971817016592,7.587250000000001,6.472557,-1.1146929321289072,-0.007735899999999907,0.017953899,0.02568979875769606
36566,-0.01778499999999994,0.015991904,0.033776903841495454,11.518349999999998,8.916053,-2.6022971817016582,7.987250000000001,6.472557,-1.5146929321289075,0.002264100000000102,0.017953899,0.01568979875769605
36567,-0.02778499999999995,0.015991904,0.04377690384149546,11.568349999999999,8.916053,-2.652297181701659,8.26725,6.472557,-1.794692932128907,0.02226410000000001,0.017953899,-0.004310201242303857
36568,0.012215000000000087,0.015991904,0.003776903841495427,10.86835,8.916053,-1.9522971817016597,7.887250000000002,6.472557,-1.414692932128908,0.002264100000000102,0.017953899,0.01568979875769605
36625,0.5223869999999999,0.030066876,-0.4923201242591142,18.50568,9.93771,-8.567970191650392,19.40515,7.8252788,-11.579871240997313,0.48945600000000006,0.04891659,-0.4405394105312825
36626,-0.03761300000000012,0.030066876,0.06767987574088585,8.605680000000003,9.93771,1.3320298083496063,6.405150000000001,7.8252788,1.4201287590026848,0.038455999999999935,0.04891659,0.01046058946871764
36638,0.12253400000000003,0.12341293,0.0008789294753074328,8.546149999999997,7.464254,-1.0818960975646945,9.088349999999998,8.727856,-0.3604943176269515,0.06081619999999999,0.07984337,0.019027172106552137
36753,-0.04799700000000007,-0.047049098,0.0009479022831917483,10.812470000000005,9.279206,-1.5332637240600633,6.864879999999999,4.579449,-2.2854308232116693,-0.00011470000000002312,-0.04226898,-0.042154280294465996
36754,-0.04999700000000007,-0.047049098,0.00294790228319175,10.602470000000004,9.279206,-1.3232637240600624,5.744879999999998,4.579449,-1.1654308232116684,-0.04211469999999995,-0.04226898,-0.00015428029446606928
36755,-0.07199700000000009,-0.047049098,0.02494790228319177,8.092470000000002,9.279206,1.1867362759399391,2.3648799999999994,4.579449,2.2145691767883307,-0.08211469999999987,-0.04226898,0.039845719705533855
36756,-0.06099699999999997,-0.047049098,0.013947902283191649,8.752470000000002,9.279206,0.526736275939939,3.6548799999999986,4.579449,0.9245691767883315,-0.061114699999999966,-0.04226898,0.018845719705533948
36757,-0.058996999999999966,-0.047049098,0.011947902283191647,9.432470000000002,9.279206,-0.15326372406006072,3.964880000000001,4.579449,0.6145691767883292,-0.07211469999999987,-0.04226898,0.029845719705533846
37054,-0.059414999999999996,-0.027147645,0.03226735486924648,5.895590000000002,6.375826,0.4802358819580057,5.151009999999999,5.963561,0.8125510580444342,0.05871729999999997,0.062495757,0.0037784568943500796
37055,-0.059414999999999996,-0.027147645,0.03226735486924648,6.345590000000001,6.375826,0.030235881958006416,5.961010000000002,5.963561,0.0025510580444318975,0.07871729999999999,0.062495757,-0.016221543105649938
37056,-0.04941499999999999,-0.027147645,0.02226735486924647,6.575590000000002,6.375826,-0.199764118041994,5.841010000000001,5.963561,0.12255105804443289,0.05871729999999997,0.062495757,0.0037784568943500796
37058,-0.01941499999999996,-0.027147645,-0.007732645130753557,6.67559,6.375826,-0.2997641180419919,6.38101,5.963561,-0.41744894195556626,0.05871729999999997,0.062495757,0.0037784568943500796
37060,0.020585000000000075,-0.027147645,-0.04773264513075359,5.575590000000002,6.375826,0.800235881958006,6.401009999999999,5.963561,-0.43744894195556583,0.06871729999999998,0.062495757,-0.006221543105649929
37061,0.10058500000000004,-0.027147645,-0.12773264513075355,6.735590000000002,6.375826,-0.35976411804199415,8.07101,5.963561,-2.1074489419555658,0.04871729999999996,0.062495757,0.013778456894350088
37062,-0.03941499999999998,-0.027147645,0.01226735486924646,5.97559,6.375826,0.4002358819580074,5.761009999999999,5.963561,0.20255105804443474,0.06871729999999998,0.062495757,-0.006221543105649929
37063,-0.02941499999999997,-0.027147645,0.002267354869246452,6.49559,6.375826,-0.11976411804199216,6.97101,5.963561,-1.0074489419555661,0.09871730000000001,0.062495757,-0.036221543105649956
37064,-0.03941499999999998,-0.027147645,0.01226735486924646,6.90559,6.375826,-0.5297641180419923,6.27101,5.963561,-0.3074489419555668,0.05871729999999997,0.062495757,0.0037784568943500796
37065,-0.009414999999999951,-0.027147645,-0.017732645130753566,5.665590000000002,6.375826,0.7102358819580061,5.321010000000001,5.963561,0.6425510580444325,0.038717299999999955,0.062495757,0.023778456894350097
37066,-0.02941499999999997,-0.027147645,0.002267354869246452,6.805590000000002,6.375826,-0.42976411804199444,6.331009999999999,5.963561,-0.36744894195556554,0.05871729999999997,0.062495757,0.0037784568943500796
37067,0.0005850000000000577,-0.027147645,-0.027732645130753575,6.795590000000001,6.375826,-0.4197641180419929,7.62101,5.963561,-1.6574489419555665,0.09871730000000001,0.062495757,-0.036221543105649956
37068,0.010585000000000067,-0.027147645,-0.037732645130753584,6.1255900000000025,6.375826,0.2502358819580053,6.431010000000001,5.963561,-0.46744894195556697,0.05871729999999997,0.062495757,0.0037784568943500796
37069,-0.01941499999999996,-0.027147645,-0.007732645130753557,6.67559,6.375826,-0.2997641180419919,6.81101,5.963561,-0.847448941955566,0.07871729999999999,0.062495757,-0.016221543105649938
37070,0.0005850000000000577,-0.027147645,-0.027732645130753575,6.205590000000001,6.375826,0.17023588195800698,5.901009999999999,5.963561,0.06255105804443417,0.038717299999999955,0.062495757,0.023778456894350097
37071,-0.02941499999999997,-0.027147645,0.002267354869246452,6.165590000000002,6.375826,0.21023588195800613,5.61101,5.963561,0.3525510580444333,0.04871729999999996,0.062495757,0.013778456894350088
37072,0.0005850000000000577,-0.027147645,-0.027732645130753575,6.3755900000000025,6.375826,0.00023588195800527956,6.46101,5.963561,-0.4974489419555663,0.05871729999999997,0.062495757,0.0037784568943500796
37073,-0.04941499999999999,-0.027147645,0.02226735486924647,6.72559,6.375826,-0.3497641180419926,6.61101,5.963561,-0.6474489419555667,0.0887173,0.062495757,-0.026221543105649947
37075,0.010585000000000067,-0.027147645,-0.037732645130753584,6.345590000000001,6.375826,0.030235881958006416,6.171009999999999,5.963561,-0.2074489419555654,0.038717299999999955,0.062495757,0.023778456894350097
37077,-0.02941499999999997,-0.027147645,0.002267354869246452,6.42559,6.375826,-0.04976411804199188,6.47101,5.963561,-0.5074489419555661,0.07871729999999999,0.062495757,-0.016221543105649938
37078,0.010585000000000067,-0.027147645,-0.037732645130753584,6.035590000000003,6.375826,0.34023588195800514,6.151009999999999,5.963561,-0.18744894195556583,0.04871729999999996,0.062495757,0.013778456894350088
37079,-0.08941500000000002,-0.027147645,0.062267354869246505,6.345590000000001,6.375826,0.030235881958006416,4.11101,5.963561,1.8525510580444333,0.018717299999999937,0.062495757,0.043778456894350115
37080,-0.069415,-0.027147645,0.04226735486924649,5.575590000000002,6.375826,0.800235881958006,4.741009999999999,5.963561,1.2225510580444343,0.05871729999999997,0.062495757,0.0037784568943500796
37081,-0.04941499999999999,-0.027147645,0.02226735486924647,6.6355900000000005,6.375826,-0.25976411804199273,5.671009999999999,5.963561,0.2925510580444346,0.04871729999999996,0.062495757,0.013778456894350088
37082,-0.059414999999999996,-0.027147645,0.03226735486924648,5.67559,6.375826,0.7002358819580081,4.97101,5.963561,0.9925510580444339,0.05871729999999997,0.062495757,0.0037784568943500796
37083,-0.03941499999999998,-0.027147645,0.01226735486924646,6.49559,6.375826,-0.11976411804199216,5.491009999999999,5.963561,0.4725510580444343,0.038717299999999955,0.062495757,0.023778456894350097
37084,-0.01941499999999996,-0.027147645,-0.007732645130753557,5.575590000000002,6.375826,0.800235881958006,5.761009999999999,5.963561,0.20255105804443474,0.06871729999999998,0.062495757,-0.006221543105649929
37085,-0.04941499999999999,-0.027147645,0.02226735486924647,5.6355900000000005,6.375826,0.7402358819580073,4.871009999999998,5.963561,1.0925510580444353,0.04871729999999996,0.062495757,0.013778456894350088
37087,-0.02941499999999997,-0.027147645,0.002267354869246452,6.395590000000002,6.375826,-0.019764118041994294,5.36101,5.963561,0.6025510580444333,0.028717299999999946,0.062495757,0.033778456894350106
37088,-0.069415,-0.027147645,0.04226735486924649,5.825590000000002,6.375826,0.550235881958006,4.461010000000002,5.963561,1.502551058044432,0.038717299999999955,0.062495757,0.023778456894350097
37089,-0.009414999999999951,-0.027147645,-0.017732645130753566,5.5055900000000015,6.375826,0.8702358819580063,5.641010000000001,5.963561,0.3225510580444322,0.05871729999999997,0.062495757,0.0037784568943500796
37090,-0.059414999999999996,-0.027147645,0.03226735486924648,6.24559,6.375826,0.13023588195800784,4.97101,5.963561,0.9925510580444339,0.038717299999999955,0.062495757,0.023778456894350097
37091,0.0005850000000000577,-0.027147645,-0.027732645130753575,5.6255900000000025,6.375826,0.7502358819580053,6.11101,5.963561,-0.14744894195556668,0.06871729999999998,0.062495757,-0.006221543105649929
37092,-0.02941499999999997,-0.027147645,0.002267354869246452,5.845590000000001,6.375826,0.5302358819580064,4.901009999999999,5.963561,1.0625510580444342,0.028717299999999946,0.062495757,0.033778456894350106
37093,-0.07941500000000001,-0.027147645,0.052267354869246496,5.715590000000002,6.375826,0.6602358819580054,4.931010000000001,5.963561,1.032551058044433,0.06871729999999998,0.062495757,-0.006221543105649929
37096,-0.069415,-0.027147645,0.04226735486924649,5.765590000000003,6.375826,0.6102358819580047,4.88101,5.963561,1.0825510580444337,0.05871729999999997,0.062495757,0.0037784568943500796
37097,-0.02941499999999997,-0.027147645,0.002267354869246452,5.855590000000003,6.375826,0.5202358819580049,5.13101,5.963561,0.8325510580444337,0.038717299999999955,0.062495757,0.023778456894350097
37100,-0.059414999999999996,-0.027147645,0.03226735486924648,5.765590000000003,6.375826,0.6102358819580047,5.04101,5.963561,0.9225510580444336,0.05871729999999997,0.062495757,0.0037784568943500796
37102,-0.07941500000000001,-0.027147645,0.052267354869246496,5.665590000000002,6.375826,0.7102358819580061,4.81101,5.963561,1.152551058044434,0.06871729999999998,0.062495757,-0.006221543105649929
37214,-0.001742999999999828,-0.0073859375,-0.00564293749701994,16.061200000000003,15.520233,-0.540966845703128,14.73947,14.443281,-0.29618882629394605,0.2246475,0.21101503,-0.01363246925830841
37328,-0.02761300000000011,0.030066876,0.057679875740885844,7.425680000000003,9.93771,2.512029808349606,5.37515,7.8252788,2.450128759002686,0.024455999999999922,0.04891659,0.024460589468717653
37408,-0.03474299999999997,-0.005173067,0.02956993290337917,3.5769599999999997,4.2646103,0.687650290527344,0.7340900000000019,2.1494055,1.4153154794311504,-0.024622699999999997,0.014210918,0.038833617986929414
37600,0.4155380000000001,0.37745488,-0.038083123100280836,16.160790000000002,15.144225,-1.0165648794555686,18.21133,18.01526,-0.19606930358886743,0.4152191,0.4037265,-0.011492611648178108
37601,0.355538,0.37745488,0.021916876899719218,15.06079,15.144225,0.0834351205444328,17.611330000000002,18.01526,0.40393069641113044,0.3952191,0.4037265,0.00850738835182191
37726,0.12238699999999991,0.06404265,-0.05834434983682624,12.805680000000002,9.050111,-3.755569183044436,10.90515,7.1753616,-3.7297883666992195,0.03145599999999993,0.005886219,-0.0255697810237705
37727,0.1023869999999999,0.06404265,-0.03834434983682622,9.40568,9.050111,-0.35556918304443386,8.52515,7.1753616,-1.3497883666992188,0.03145599999999993,0.005886219,-0.0255697810237705
37789,0.06000899999999998,0.047509354,-0.012499646392106989,14.831130000000002,14.837284,0.006154088134763924,13.666080000000001,13.566474,-0.09960603912353605,0.0684248999999999,0.101988964,0.03356406378278742
37790,0.09558299999999997,0.08769624,-0.007886760647773716,18.63033,13.869626,-4.76070395477295,17.14777,12.415062,-4.7327080493164075,0.1667229,0.07240794,-0.09431496146001817
37890,-0.10817800000000011,-0.105669476,0.0025085239081383826,4.8942400000000035,5.165526,0.2712859132385219,3.090160000000001,3.6478646,0.557704580154418,0.04883590000000004,0.047017734,-0.001818165502214475
37898,-0.08817800000000009,-0.105669476,-0.017491476091861635,5.374240000000004,5.165526,-0.2087140867614785,4.100159999999999,3.6478646,-0.45229541984557997,0.05883590000000005,0.047017734,-0.011818165502214484
37973,0.1333209999999999,0.11340382,-0.019917180498599918,1.439070000000001,3.617991,2.1789209706115713,4.57621,6.659577,2.0833668928527835,0.05661309999999997,0.10138509,0.04477198677482608
38487,-0.04363600000000001,-0.028583983,0.015052017040610322,8.26624,10.234282,1.9680415399169924,7.2173099999999994,10.1636,2.9462899679565435,0.06105130000000003,0.13037786,0.06932655887718198
38488,-0.02363599999999999,-0.028583983,-0.004947982959389696,9.566239999999997,10.234282,0.6680415399169952,9.317309999999999,10.1636,0.8462899679565439,0.10405130000000007,0.13037786,0.026326558877181938
38489,0.006364000000000036,-0.028583983,-0.03494798295938972,12.066239999999997,10.234282,-1.8319584600830048,14.017309999999998,10.1636,-3.8537100320434554,0.2590513000000001,0.13037786,-0.1286734411228181
38778,0.030312000000000117,0.0005356677,-0.02977633230070409,12.867569999999999,9.301954,-3.565615730590819,14.250419999999998,11.129151,-3.121268655700682,0.24931179999999997,0.14383084,-0.10548096418075559
38780,0.05867700000000009,0.025520653,-0.033156347467422576,10.88559,9.624496,-1.261093540039063,11.42638,8.106514,-3.3198660229492187,0.16388749999999996,0.051102564,-0.11278493626117703
38782,0.0014369999999999106,0.050029393,0.048592393285513014,7.298460000000002,8.812752,1.514291770019529,8.812490000000002,9.854537,1.042047010192869,0.14453720000000003,0.14275277,-0.0017844333908081378
38810,0.07156600000000013,0.07924285,0.007676847859859337,7.39648,7.6430197,0.2465396762084957,9.906,9.784799,-0.12120137786865293,0.1392371,0.13770784,-0.0015292556234359767
38812,0.07556600000000013,0.07924285,0.0036768478598593335,7.606480000000001,7.6430197,0.03653967620849485,9.386000000000001,9.784799,0.39879862213134665,0.11323710000000009,0.13770784,0.024470744376563935
38826,0.150764,0.08063228,-0.0701317231669426,9.409720000000002,7.1463223,-2.263397749633791,11.58361,7.3548493,-4.228760661468506,0.2693011,0.15165785,-0.11764325044975282
38827,0.07876399999999995,0.08063228,0.0018682768330574584,6.169720000000002,7.1463223,0.9766022503662093,7.94361,7.3548493,-0.5887606614685055,0.15530109999999997,0.15165785,-0.0036432504497527773
38828,0.155764,0.08063228,-0.07513172316694261,10.349720000000001,7.1463223,-3.2033977496337904,10.92361,7.3548493,-3.568760661468506,0.1773011000000001,0.15165785,-0.025643250449752908
38829,0.155764,0.08063228,-0.07513172316694261,10.549720000000002,7.1463223,-3.4033977496337915,11.08361,7.3548493,-3.728760661468506,0.1883011,0.15165785,-0.03664325044975281
38831,0.3477640000000001,0.08063228,-0.26713172316694267,17.16972,7.1463223,-10.02339774963379,15.81361,7.3548493,-8.458760661468506,0.4363011000000001,0.15165785,-0.2846432504497529
38832,0.127764,0.08063228,-0.047131723166942585,4.56972,7.1463223,2.5766022503662107,6.69361,7.3548493,0.6612393385314945,0.10030110000000003,0.15165785,0.05135674955024716
38833,-0.06923600000000008,0.08063228,0.14986827683305748,1.989720000000002,7.1463223,5.156602250366209,1.7036100000000012,7.3548493,5.651239338531493,0.057301099999999994,0.15165785,0.0943567495502472
38834,-0.059236000000000066,0.08063228,0.13986827683305747,4.3797200000000025,7.1463223,2.7666022503662084,3.93361,7.3548493,3.4212393385314943,0.07730110000000001,0.15165785,0.07435674955024718
38836,-0.06923600000000008,0.08063228,0.14986827683305748,1.74972,7.1463223,5.396602250366211,-0.04638999999999882,7.3548493,7.401239338531493,-0.009698899999999955,0.15165785,0.16135674955024715
39141,0.0014879999999999338,-0.018042699,-0.019530698502540522,6.141820000000003,7.8129416,1.6711215512084934,3.2164399999999986,4.8041744,1.5877344232177748,-0.05369219999999997,0.005509544,0.059201744163942305
39161,0.16622499999999996,0.13052966,-0.03569534299373622,19.096040000000002,15.839748,-3.2562916174316427,19.52153,16.792044,-2.7294863140869126,0.19850879999999993,0.15531732,-0.04319147858028405
39163,0.15622499999999995,0.13052966,-0.025695342993736214,14.906040000000004,15.839748,0.933708382568355,16.921529999999997,16.792044,-0.12948631408691114,0.17450880000000002,0.15531732,-0.019191478580284138
39222,0.05221500000000012,0.009858394,-0.042356605958342675,7.708349999999999,7.2723703,-0.43597966156005796,12.547250000000002,5.8942065,-6.653043476104738,0.31226410000000004,0.03628046,-0.2759836393443108
39223,0.042215000000000114,0.009858394,-0.032356605958342666,7.418349999999997,7.2723703,-0.14597966156005526,11.797250000000002,5.8942065,-5.903043476104738,0.2822641000000001,0.03628046,-0.24598363934431083
39350,-0.09102100000000002,-0.02214586,0.06887514010286333,7.105720000000005,9.977684,2.8719640209960886,2.0325399999999973,5.707924,3.675383889160159,-0.06192249999999999,0.005112579,0.06703507909238338
39392,0.04981499999999994,0.052282546,0.002467545715570507,5.8782299999999985,4.9229455,-0.9552845005798325,7.045549999999999,6.0014606,-1.0440894477844225,0.11202750000000006,0.07413556,-0.03789194318294531
39393,0.08981499999999987,0.052282546,-0.03753245428442942,5.3782299999999985,4.9229455,-0.4552845005798325,6.525549999999999,6.0014606,-0.5240894477844229,0.07202750000000002,0.07413556,0.0021080568170547265
39433,-0.0608820000000001,0.024614098,0.08549609755051146,5.511850000000003,7.346945,1.8350948089599584,3.8847200000000015,5.978444,2.093724099426268,-0.0019947999999999633,0.03361041,0.035605210988330804
39700,0.06253400000000009,0.07222041,0.00968640742635718,11.146149999999999,11.195962,0.049811952209473986,8.488349999999999,8.752571,0.2642211059570325,0.0008162000000000447,0.018870695,0.018054494562792733
39701,0.05253400000000008,0.07222041,0.01968640742635719,10.44615,11.195962,0.7498119522094733,8.388349999999999,8.752571,0.36422110595703217,0.06081619999999999,0.018870695,-0.04194550543720721
39703,0.11253400000000002,0.07222041,-0.040313592573642754,11.346149999999998,11.195962,-0.1501880477905253,9.088349999999998,8.752571,-0.3357788940429671,0.010816199999999943,0.018870695,0.008054494562792835
39887,-0.103707,-0.074199714,0.029507286233425134,1.330490000000001,1.8826419,0.5521519115066518,-1.2855799999999995,0.106374234,1.3919542339611048,-0.01874140000000002,0.0077452855,0.026486685518467445
39888,-0.060707000000000066,-0.074199714,-0.013492713766574793,2.4504899999999985,1.8826419,-0.5678480884933457,1.4044199999999982,0.106374234,-1.2980457660388929,0.02425860000000002,0.0077452855,-0.016513314481532593
39889,-0.06570699999999996,-0.074199714,-0.0084927137665749,1.590489999999999,1.8826419,0.29215191150665376,0.01442000000000121,0.106374234,0.09195423396110414,-0.001741400000000115,0.0077452855,0.009486685518467541
40018,0.05502600000000002,-0.024090817,-0.07911681719815733,7.61889,6.2848425,-1.334047508850098,7.265000000000001,5.0626554,-2.2023445510864263,0.02747069999999996,0.039621763,0.012151062931346934
40019,0.04502600000000001,-0.024090817,-0.06911681719815732,6.218889999999998,6.2848425,0.06595249114990409,4.665000000000001,5.0626554,0.3976554489135733,-0.0525293,0.039621763,0.0921510629313469
40040,0.02189899999999989,0.02442448,0.002525480274319758,8.78529,9.189924,0.40463424011230487,9.517610000000001,9.912362,0.3947520986938464,0.09322010000000003,0.103437625,0.010217524871730777
40497,-0.018213000000000035,-0.027838375,-0.009625375419378246,11.620159999999998,10.156702,-1.463457958374022,7.35717,5.0164995,-2.3406704806518555,-0.024511999999999978,-0.043600544,-0.01908854433345797
41204,-0.031049000000000104,0.020974543,0.0520235429456235,9.805870000000002,12.143526,2.3376560772705055,6.354890000000001,9.2759285,2.921038497314452,-0.015150600000000125,0.048805997,0.06395659677562726
41237,-0.009613000000000094,0.046396762,0.05600976213264475,10.505680000000002,8.200868,-2.3048123471069353,7.565150000000001,7.6493754,0.08422543869018462,0.014455999999999913,0.08620565,0.07174964639568338
41238,0.004386999999999919,0.009918521,0.005531521158397279,11.49568,11.590331,0.09465107757568347,8.65515,10.374367,1.7192167602539055,0.027455999999999925,0.10257105,0.07511504784250267
41251,0.07950899999999994,0.074659206,-0.004849794026851595,9.851770000000002,9.608401,-0.2433687014770527,9.865739999999999,8.971614,-0.8941261160278309,0.10065210000000002,0.08153907,-0.019113027903652213
41279,0.025386999999999937,0.030066876,0.004679875740885797,13.905680000000002,9.93771,-3.9679701916503927,9.385150000000001,7.8252788,-1.5598712409973157,-0.04754400000000014,0.04891659,0.09646058946871772
41325,-0.047784999999999966,0.009858394,0.057643394041657414,7.488349999999997,7.2723703,-0.21597966156005555,2.497250000000001,5.8942065,3.3969565238952626,-0.08773589999999998,0.03628046,0.12401636065568922
41326,0.15738699999999994,0.036062192,-0.12132480782818789,10.705680000000001,9.2560625,-1.4496174923706064,11.50515,7.5119696,-3.9931804336547856,0.12145600000000001,0.047419738,-0.07403626197552682
41327,0.28238699999999994,0.036062192,-0.24632480782818789,14.805680000000002,9.2560625,-5.549617492370608,14.70515,7.5119696,-7.193180433654785,0.14145599999999992,0.047419738,-0.09403626197552672
41328,0.30238699999999996,0.036062192,-0.2663248078281879,17.405680000000004,9.2560625,-8.14961749237061,17.90515,7.5119696,-10.393180433654784,0.38145599999999996,0.047419738,-0.33403626197552677
41350,-0.02761300000000011,0.06404265,0.09165565016317379,7.505680000000002,9.050111,1.5444308169555647,7.805150000000001,7.1753616,-0.6297883666992199,0.1314559999999999,0.005886219,-0.12556978102377048
41367,0.30238699999999996,0.036062192,-0.2663248078281879,11.925680000000003,9.2560625,-2.669617492370609,12.44515,7.5119696,-4.933180433654785,0.03145599999999993,0.047419738,0.015963738024473262
41538,0.05852900000000005,0.06447994,0.005950939639568276,3.2787599999999983,3.9808586,0.7020985643768327,12.536719999999999,9.458466,-3.078254423828124,0.46920370000000006,0.29047596,-0.17872773545379644
41539,0.06852900000000006,0.06447994,-0.004049060360431733,5.278759999999998,3.9808586,-1.2979014356231673,13.92672,9.458466,-4.4682544238281245,0.5092037,0.29047596,-0.21872773545379642
41540,0.05852900000000005,0.06447994,0.005950939639568276,3.988759999999999,3.9808586,-0.00790143562316814,5.866719999999999,9.458466,3.591745576171876,0.0992037,0.29047596,0.1912722645462036
41541,0.08852899999999997,0.06447994,-0.02404906036043164,4.278759999999998,3.9808586,-0.2979014356231673,6.566719999999998,9.458466,2.8917455761718767,0.0992037,0.29047596,0.1912722645462036
41678,0.3702383,0.25703534,-0.11320295516090395,18.62678,13.499967,-5.126813378601074,15.89093,11.264089,-4.626841369323731,0.46802509999999997,0.35752943,-0.11049566841850278
41746,-0.038112000000000146,-0.040703703,-0.0025917027180193397,7.97804,5.856407,-2.1216328344726563,6.362019999999999,5.281682,-1.0803379855346673,0.06489519999999993,0.04355656,-0.021338640169095924
41747,-0.038112000000000146,-0.040703703,-0.0025917027180193397,5.97804,5.856407,-0.12163283447265627,6.26202,5.281682,-0.9803379855346677,0.034895199999999904,0.04355656,0.008661359830904103
41748,-0.048112000000000155,-0.040703703,0.007408297281980669,4.97804,5.856407,0.8783671655273437,3.3620199999999993,5.281682,1.9196620144653327,0.024895200000000006,0.04355656,0.018661359830904
41749,-0.048112000000000155,-0.040703703,0.007408297281980669,4.378040000000002,5.856407,1.4783671655273416,4.362019999999999,5.281682,0.9196620144653327,0.014895199999999997,0.04355656,0.02866135983090401
41823,0.058694000000000135,0.0862557,0.027561699396133288,19.70765,18.376282,-1.331368261718751,18.1997,17.572403,-0.6272970458984375,0.1525301,0.13033353,-0.02219657207736969
41876,0.06793399999999994,0.06281556,-0.005118438109397827,4.06833,6.457158,2.3888280886840825,4.240360000000001,5.3603883,1.1200282789611808,0.02952010000000005,0.021173898,-0.00834620186934476
41908,0.009717700000000051,-0.004878234,-0.014595934118223242,8.805240000000001,7.856881,-0.9483588583374036,8.571629999999999,7.552991,-1.0186390866088857,0.09719449999999996,0.08955467,-0.007639832527160606
42007,-0.08114550000000009,-0.07535582,0.0057896796422005625,6.02018,5.215357,-0.8048231732177733,3.5999199999999973,2.800902,-0.799018110198972,-0.01939920000000006,0.003443614,0.02284281411407596
42008,-0.10114550000000011,-0.07535582,0.02578967964220058,4.120180000000001,5.215357,1.0951768267822253,0.9499199999999988,2.800902,1.8509818898010266,-0.01939920000000006,0.003443614,0.02284281411407596
42009,-0.0911455000000001,-0.07535582,0.01578967964220057,4.620180000000001,5.215357,0.5951768267822253,2.4499199999999988,2.800902,0.3509818898010266,0.030600799999999984,0.003443614,-0.027157185885924084
42123,0.028456000000000037,0.06439305,0.035937050968646966,0.716190000000001,2.4895315,1.7733415170288076,2.4027600000000007,4.9247346,2.5219745924377435,0.0694509000000001,0.115763746,0.04631284620199194
42173,0.06238699999999997,0.08142846,0.019041460776805907,26.56568,12.761061,-13.80461928527832,19.40515,11.701481,-7.703669134521483,0.24145599999999995,0.13490987,-0.1065461317596435
42174,0.1023869999999999,0.08142846,-0.020958539223194017,10.38568,12.761061,2.375380714721679,11.40515,11.701481,0.29633086547851484,0.16145599999999993,0.13490987,-0.026546131759643488
42175,0.19238699999999997,0.08142846,-0.1109585392231941,16.77568,12.761061,-4.014619285278322,15.305150000000001,11.701481,-3.6036691345214855,0.18145599999999995,0.13490987,-0.046546131759643505
