Ref_ID,delta_Voc_true,delta_Voc_pred,delta_Voc_error,delta_Jsc_true,delta_Jsc_pred,delta_Jsc_error,delta_PCE_true,delta_PCE_pred,delta_PCE_error,delta_FF_true,delta_FF_pred,delta_FF_error
20,0.10898999999999992,0.051713467,-0.05727653335571281,12.851590000000002,10.095796,-2.75579436859131,10.28508,7.7505703,-2.5345097027587897,-0.006516399999999978,0.009462518,0.0159789176861882
22,-0.041154000000000135,-0.051125776,-0.009971776022672518,13.580079999999999,12.088602,-1.4914779339599598,12.088349999999998,10.212784,-1.8755661865234359,0.10617929999999998,0.07309947,-0.03307982837133405
23,-0.07115400000000016,-0.051125776,0.02002822397732751,11.580079999999999,12.088602,0.5085220660400402,9.18835,10.212784,1.0244338134765627,0.059179300000000046,0.07309947,0.013920171628665878
24,-0.08115400000000017,-0.051125776,0.030028223977327517,11.250079999999997,12.088602,0.8385220660400421,8.18835,10.212784,2.0244338134765627,0.03317930000000002,0.07309947,0.0399201716286659
25,-0.051154000000000144,-0.051125776,2.82239773274906e-05,11.70008,12.088602,0.38852206604003925,10.388349999999999,10.212784,-0.17556618652343658,0.09517929999999997,0.07309947,-0.022079828371334043
26,-0.041154000000000135,-0.051125776,-0.009971776022672518,13.580079999999999,12.088602,-1.4914779339599598,12.088349999999998,10.212784,-1.8755661865234359,0.10617929999999998,0.07309947,-0.03307982837133405
27,-0.08115400000000017,-0.051125776,0.030028223977327517,11.250079999999997,12.088602,0.8385220660400421,8.18835,10.212784,2.0244338134765627,0.03317930000000002,0.07309947,0.0399201716286659
72,-0.09866200000000003,-0.026871547,0.07179045289707187,5.228439999999999,8.311775,3.083335207519532,2.2971799999999973,5.7314076,3.4342276423645046,-0.004401800000000011,0.03401971,0.03842150863342286
89,0.021665000000000045,0.019110559,-0.0025544414454699016,8.310340000000004,8.433649,0.12330906311034795,7.1113,6.8977013,-0.21359873657226558,0.045322799999999996,0.050295223,0.004972422550630573
90,-0.07833500000000004,0.019110559,0.09744555855453019,5.310340000000004,8.433649,3.123309063110348,2.9113000000000007,6.8977013,3.9864012634277337,0.01532279999999997,0.050295223,0.0349724225506306
91,-0.07833500000000004,0.019110559,0.09744555855453019,6.310340000000004,8.433649,2.123309063110348,5.1113,6.8977013,1.7864012634277344,0.07532280000000002,0.050295223,-0.025027577449369454
169,-0.028512000000000093,-0.0101807,0.018331300360977743,6.381820000000001,8.162569,1.7807490460205067,2.5964399999999976,5.113884,2.517443972167971,-0.06569219999999998,0.006947085,0.0726392847956836
170,-0.008512000000000075,-0.0101807,-0.0016686996390222752,7.301820000000003,8.162569,0.860749046020505,4.096439999999999,5.113884,1.0174439721679693,-0.04369219999999996,0.006947085,0.05063928479568358
171,0.04148799999999997,-0.0101807,-0.05166869963902232,7.151820000000004,8.162569,1.0107490460205035,5.9264399999999995,5.113884,-0.8125560278320307,0.018307800000000096,0.006947085,-0.011360715204316474
267,-0.11485750000000006,-0.06024399,0.0546135097277165,5.84205,6.3210025,0.4789524833679195,2.4481800000000007,4.87084,2.4226600726318352,0.0021046999999999594,0.04890692,0.04680221861510281
297,0.012386999999999926,0.028867694,0.016480693617940023,8.535680000000003,9.839272,1.3035915454101534,6.09515,7.6284146,1.5332646308898923,-0.005544000000000104,0.04435969,0.04990369144105922
391,0.13438699999999992,0.031033294,-0.1033537057245969,5.09768,9.01863,3.9209500277709957,6.34515,7.3148203,0.9696702896118161,0.024455999999999922,0.042602085,0.018146084577083665
411,-0.059236000000000066,-0.021156978,0.03807902213788039,1.2597200000000015,3.6229527,2.3632326996612534,0.9736100000000008,1.8694396,0.8958296018981926,0.04030109999999998,0.016897937,-0.023403162717080095
412,-0.059236000000000066,-0.021156978,0.03807902213788039,0.8897200000000005,3.6229527,2.7332326996612544,-0.37639000000000067,1.8694396,2.245829601898194,0.0003011000000000541,0.016897937,0.01659683728291983
413,-0.08023599999999997,-0.021156978,0.0590790221378803,0.8697200000000009,3.6229527,2.753232699661254,-1.6763900000000014,1.8694396,3.5458296018981947,-0.03969889999999998,0.016897937,0.056596837282919865
414,-0.09223599999999998,-0.021156978,0.07107902213788031,0.1297200000000025,3.6229527,3.4932326996612524,-2.706389999999999,1.8694396,4.575829601898192,-0.04969889999999999,0.016897937,0.06659683728291987
415,-0.09023599999999998,-0.021156978,0.06907902213788031,1.149720000000002,3.6229527,2.473232699661253,-1.336389999999998,1.8694396,3.2058296018981913,-0.029698899999999973,0.016897937,0.046596837282919856
475,0.04858899999999999,-0.015213692,-0.06380269162946939,12.73254,7.386408,-5.346132147827149,13.378440000000001,6.9659142,-6.412525750579835,0.23888559999999992,0.09762795,-0.14125764730510704
529,-0.03254800000000002,0.021642284,0.054190284467816374,7.878070000000001,7.358842,-0.5192281039428721,7.11388,8.1020975,0.9882175112915039,0.07242290000000007,0.12057515,0.04815225233755105
853,-0.007784999999999931,0.014976888,0.022761887963712146,8.338349999999998,9.458248,1.119898138427736,6.567250000000001,6.4692574,-0.09799264526367324,0.06626410000000005,-0.0022088352,-0.06847293521251385
854,-0.03778499999999996,0.014976888,0.05276188796371217,7.43835,9.458248,2.0198981384277346,4.247250000000001,6.4692574,2.222007354736327,0.009264100000000108,-0.0022088352,-0.011472935212513913
855,0.012215000000000087,0.014976888,0.0027618879637121285,10.338349999999998,9.458248,-0.880101861572264,7.3572500000000005,6.4692574,-0.8879926452636724,0.04126410000000014,-0.0022088352,-0.04347293521251394
919,-0.048904999999999976,0.01086278,0.05976777980357406,8.654140000000002,9.819123,1.1649832681274397,6.094740000000002,7.081338,0.9865979287719711,0.005674199999999963,0.043032642,0.03735844245390896
924,0.0955379999999999,0.11626127,0.020723273622512917,11.14883,10.485524,-0.6633058224487307,12.097650000000002,11.227715,-0.8699354614257828,0.06766990000000006,0.033645842,-0.03402405777564055
925,0.14553799999999995,0.11626127,-0.029276726377487128,10.548830000000002,10.485524,-0.06330582244873284,12.29765,11.227715,-1.069935461425782,0.06366989999999995,0.033645842,-0.030024057775640434
926,0.0955379999999999,0.11626127,0.020723273622512917,10.748830000000002,10.485524,-0.26330582244873213,10.29765,11.227715,0.9300645385742179,0.002669900000000003,0.033645842,0.03097594222435951
927,0.12553799999999993,0.11626127,-0.00927672637748711,10.548830000000002,10.485524,-0.06330582244873284,11.197650000000001,11.227715,0.030064538574217536,0.027669900000000025,0.033645842,0.005975942224359487
928,0.08553799999999989,0.11626127,0.030723273622512925,10.64883,10.485524,-0.1633058224487307,9.49765,11.227715,1.7300645385742186,-0.02433010000000002,0.033645842,0.057975942224359533
929,0.14553799999999995,0.11626127,-0.029276726377487128,10.64883,10.485524,-0.1633058224487307,12.197650000000001,11.227715,-0.9699354614257825,0.05466990000000005,0.033645842,-0.021024057775640537
930,0.10553799999999991,0.11626127,0.010723273622512908,11.14883,10.485524,-0.6633058224487307,10.597650000000002,11.227715,0.6300645385742172,-0.009330100000000008,0.033645842,0.04297594222435952
931,0.19553799999999988,0.11626127,-0.07927672637748706,10.548830000000002,10.485524,-0.06330582244873284,13.79765,11.227715,-2.569935461425782,0.10166989999999998,0.033645842,-0.06802405777564047
932,0.10553799999999991,0.11626127,0.010723273622512908,10.14883,10.485524,0.3366941775512693,10.89765,11.227715,0.33006453857421825,0.03566990000000003,0.033645842,-0.00202405777564052
946,0.022823999999999955,0.030800438,0.007976437554717108,8.532060000000001,7.6944084,-0.8376515832519544,10.913789999999999,9.803452,-1.1103384619140613,0.23265439999999993,0.18540607,-0.047248326072120594
949,0.01682399999999995,0.030800438,0.013976437554717114,6.882059999999999,7.6944084,0.8123484167480477,8.68379,9.803452,1.1196615380859374,0.16165439999999998,0.18540607,0.023751673927879358
950,0.03682399999999997,0.030800438,-0.006023562445282904,7.5720600000000005,7.6944084,0.12234841674804642,9.583789999999999,9.803452,0.2196615380859388,0.1756544,0.18540607,0.009751673927879345
951,0.01682399999999995,0.030800438,0.013976437554717114,6.882059999999999,7.6944084,0.8123484167480477,8.68379,9.803452,1.1196615380859374,0.16165439999999998,0.18540607,0.023751673927879358
952,0.020823999999999954,0.030800438,0.00997643755471711,9.91206,7.6944084,-2.2176515832519534,11.60379,9.803452,-1.8003384619140625,0.2026544,0.18540607,-0.01724832607212068
1145,-0.03778499999999996,0.014976888,0.05276188796371217,7.84835,9.458248,1.6098981384277344,4.317250000000001,6.4692574,2.1520073547363268,-0.03173590000000004,-0.0022088352,0.029527064787486235
1147,-0.047784999999999966,0.014976888,0.06276188796371218,7.958349999999999,9.458248,1.499898138427735,4.387250000000002,6.4692574,2.0820073547363265,-0.027735899999999925,-0.0022088352,0.02552706478748612
1148,-0.047784999999999966,0.014976888,0.06276188796371218,7.34835,9.458248,2.1098981384277344,3.827250000000003,6.4692574,2.642007354736325,-0.029735899999999926,-0.0022088352,0.027527064787486122
1149,-0.047784999999999966,0.014976888,0.06276188796371218,8.11835,9.458248,1.3398981384277349,4.407250000000001,6.4692574,2.062007354736327,-0.036735900000000044,-0.0022088352,0.03452706478748624
1150,-0.047784999999999966,0.014976888,0.06276188796371218,7.948349999999998,9.458248,1.5098981384277366,4.0972500000000025,6.4692574,2.3720073547363256,-0.04373589999999994,-0.0022088352,0.041527064787486134
1152,-0.07778499999999999,0.014976888,0.09276188796371221,7.968349999999997,9.458248,1.489898138427737,3.4072500000000012,6.4692574,3.062007354736327,-0.04773589999999994,-0.0022088352,0.04552706478748614
1153,-0.047784999999999966,0.014976888,0.06276188796371218,7.858349999999998,9.458248,1.5998981384277364,4.05725,6.4692574,2.4120073547363283,-0.03373589999999993,-0.0022088352,0.031527064787486125
1166,-0.025123000000000006,-0.0066015096,0.01852149036186934,10.868780000000001,10.592124,-0.27665601470947365,8.71107,8.72621,0.015139640502930263,0.07799310000000004,0.084916525,0.0069234245890617
1241,-0.08093600000000001,-0.038642865,0.04229313532567025,6.871929999999999,7.9631767,1.091246727294923,4.97016,6.120645,1.150485046234131,0.04375220000000002,0.088320196,0.04456799567489622
1242,-0.08093600000000001,-0.038642865,0.04229313532567025,6.871929999999999,7.9631767,1.091246727294923,4.97016,6.120645,1.150485046234131,0.04375220000000002,0.088320196,0.04456799567489622
1352,0.011989999999999945,0.045354605,0.03336460472106939,5.66159,10.0753145,4.41372452178955,3.0350800000000007,7.442277,4.407196954650878,-0.04651640000000001,0.02986927,0.07638566957964898
1354,-0.07801000000000013,0.045354605,0.12336460472106947,5.041590000000003,10.0753145,5.033724521789548,0.07507999999999981,7.442277,7.367196954650879,-0.08451640000000005,0.02986927,0.11438566957964902
1356,-0.07951200000000003,-0.004179256,0.0753327439631224,6.721820000000001,8.829918,2.1080979077148427,3.0164399999999993,5.530241,2.513801012573243,-0.04269220000000007,-0.0056071985,0.03708500154183514
1360,-0.049512,-0.004179256,0.04533274396312237,11.831820000000004,8.829918,-3.0019020922851603,6.716439999999999,5.530241,-1.1861989874267564,-0.06469219999999987,-0.0056071985,0.059085001541834936
1362,-0.08351200000000003,-0.004179256,0.0793327439631224,6.031820000000003,8.829918,2.7980979077148405,1.0964399999999976,5.530241,4.4338010125732445,-0.07769219999999999,-0.0056071985,0.07208500154183506
1363,-0.08051200000000014,-0.004179256,0.0763327439631225,5.791820000000001,8.829918,3.0380979077148424,1.326439999999998,5.530241,4.203801012573244,-0.06269219999999998,-0.0056071985,0.057085001541835045
1365,-0.08851200000000015,-0.004179256,0.08433274396312251,6.421820000000004,8.829918,2.40809790771484,1.6164400000000008,5.530241,3.9138010125732414,-0.06669219999999998,-0.0056071985,0.06108500154183505
1507,0.012513999999999914,0.031777143,0.01926314347839364,9.17998,8.504619,-0.675361355285645,6.937480000000001,7.336261,0.39878079559326096,0.013848599999999989,0.041019082,0.027170482069396984
1612,-0.12320760000000008,-0.06588778,0.05731982100257882,6.627849999999999,6.613248,-0.014602128601072906,6.314879999999999,6.313941,-0.0009389981079088727,0.16362789999999994,0.16252773,-0.0011001748994826643
1613,0.025188999999999906,0.012367461,-0.012821539123296644,7.72472,5.343723,-2.380997179718017,2.6573899999999995,2.6731126,0.015722630844116736,-0.13557419999999998,-0.03600219,0.09957201107902525
1614,-0.019187000000000065,0.013397308,0.03258430806648738,1.9827999999999992,2.985534,1.0027339527130135,0.860557,2.726609,1.8660519916229248,-0.01110600000000006,0.11867296,0.12977895950651175
1615,-0.09141730000000003,-0.07842844,0.012988860204029118,3.299900000000001,4.891624,1.5917239738464346,2.9269100000000012,4.2129803,1.286070270385741,0.09641650000000002,0.08322508,-0.01319142111921312
1616,0.10381299999999993,0.013397308,-0.09041569193351262,2.912799999999999,2.985534,0.07273395271301375,5.190557,2.726609,-2.4639480083770753,0.32689400000000013,0.11867296,-0.20822104049348844
1821,0.0823830000000001,0.08380444,0.0014214434785841945,14.43186,13.085515,-1.3463449777221683,14.66864,13.11519,-1.553450447692871,0.12868599999999997,0.11404614,-0.014639858494758573
1822,0.07238300000000009,0.08380444,0.011421443478584203,12.731859999999998,13.085515,0.3536550222778345,12.71864,13.11519,0.3965495523071283,0.09768599999999994,0.11404614,0.016360141505241454
2024,0.031665000000000054,0.028694669,-0.0029703312152624672,7.300340000000002,7.9084926,0.6081525651550272,6.0013000000000005,6.4812584,0.47995839233398385,0.01532279999999997,0.01866826,0.0033454604253292386
2025,0.031665000000000054,0.028694669,-0.0029703312152624672,7.410340000000005,7.9084926,0.49815256515502426,5.0113,6.4812584,1.469958392333984,-0.034677199999999964,0.01866826,0.05334546042532917
2026,-0.04833500000000002,0.028694669,0.0770296687847376,7.190340000000003,7.9084926,0.7181525651550267,2.7113000000000014,6.4812584,3.769958392333983,-0.0746772,0.01866826,0.09334546042532921
2027,0.18166500000000008,0.028694669,-0.1529703312152625,8.710340000000002,7.9084926,-0.8018474348449729,8.8613,6.4812584,-2.3800416076660156,0.01532279999999997,0.01866826,0.0033454604253292386
2028,0.05166500000000007,0.028694669,-0.022970331215262485,8.910340000000005,7.9084926,-1.0018474348449757,7.2113,6.4812584,-0.7300416076660152,0.017322800000000083,0.01866826,0.0013454604253291258
2029,0.0776650000000001,0.028694669,-0.04897033121526251,7.110340000000004,7.9084926,0.798152565155025,6.901299999999999,6.4812584,-0.4200416076660147,0.03532279999999999,0.01866826,-0.01665453957467078
2030,0.0766650000000001,0.028694669,-0.04797033121526251,7.110340000000004,7.9084926,0.798152565155025,6.331300000000001,6.4812584,0.14995839233398378,0.007322800000000074,0.01866826,0.011345460425329135
2031,0.04666500000000007,0.028694669,-0.01797033121526248,7.110340000000004,7.9084926,0.798152565155025,4.401299999999999,6.4812584,2.0799583923339853,-0.06467719999999999,0.01866826,0.0833454604253292
2032,0.2016650000000001,0.028694669,-0.1729703312152625,8.810340000000004,7.9084926,-0.9018474348449743,9.7913,6.4812584,-3.3100416076660153,0.0503228,0.01866826,-0.03165453957467079
2039,0.9943960000000001,0.76269364,-0.23170235643005377,31.257279999999994,28.463425,-2.793855317382807,13.1925,13.270897,0.07839691162109297,0.16212749999999998,0.16606212,0.003934616622924825
2078,0.13155400000000006,0.099316135,-0.03223786495113379,25.90036,20.014374,-5.885986220703124,20.512600000000003,15.449056,-5.063544328308108,0.23002840000000002,0.11938759,-0.11064081060495379
2085,-0.0890740000000001,-0.051586725,0.03748727518224726,5.194769999999998,5.973628,0.7788580441284196,10.043779999999998,7.8260174,-2.217762620239256,0.23568959999999994,0.166006,-0.06968360115013117
2086,-0.04907400000000006,-0.051586725,-0.002512724817752776,5.894769999999998,5.973628,0.07885804412842035,7.473779999999998,7.8260174,0.3522373797607443,0.1626896,0.166006,0.0033163988498687846
2087,-0.019074000000000035,-0.051586725,-0.0325127248177528,7.694769999999998,5.973628,-1.7211419558715804,9.503779999999999,7.8260174,-1.6777626202392568,0.1876896,0.166006,-0.021683601150131238
2099,-0.04815400000000003,0.045872416,0.09402641634726527,4.81475,7.8559327,3.0411827125549316,4.805869999999999,8.328468,3.5225983227539075,0.07766270000000008,0.11028081,0.03261811178665153
2115,-0.07377500000000015,0.0010328273,0.07480782730560764,9.246040000000004,11.411637,2.1655973062133747,8.62153,11.126636,2.505105551452637,0.09850879999999995,0.10351524,0.005006437569809008
2699,0.20542700000000003,0.17165324,-0.03377375908088687,17.65475,15.604139,-2.0506106719970703,18.11934,16.822695,-1.2966452215576183,0.08701829999999988,0.13545032,0.048432018455696224
2757,-0.03398239999999997,-0.0130935665,0.020888833477997748,10.1113,10.3964615,0.2851614868164063,7.798629999999999,7.6765256,-0.1221044071960442,0.026508100000000034,0.056432128,0.02992402795257565
2837,-0.009128000000000025,0.020984272,0.030112271541237856,7.0259300000000025,8.461212,1.4352821582031225,5.4815000000000005,6.803634,1.3221341667175288,0.025827899999999904,0.048960906,0.023133005522108174
2844,0.20542700000000003,0.17165324,-0.03377375908088687,18.69475,15.604139,-3.0906106719970694,18.849339999999998,16.822695,-2.026645221557615,0.0990183,0.13545032,0.0364320184556961
2874,-8.900000000000574e-05,0.03695393,0.037042929811716085,7.625859999999999,8.975892,1.350032066955567,5.19356,8.783831,3.5902706427001956,-0.01323350000000001,0.10977778,0.12301127838706971
2875,0.06991100000000006,0.03695393,-0.03295707018828398,7.835859999999997,8.975892,1.1400320669555697,9.743559999999999,8.783831,-0.9597293572998034,0.18676649999999995,0.10977778,-0.07698872161293024
2876,0.08991099999999996,0.03695393,-0.05295707018828388,9.85586,8.975892,-0.8799679330444334,12.00356,8.783831,-3.219729357299805,0.2367665,0.10977778,-0.1269887216129303
2877,-0.057613000000000136,0.028867694,0.08648069361794009,6.955680000000001,9.839272,2.8835915454101553,2.9451500000000017,7.6284146,4.683264630889891,-0.04854400000000003,0.04435969,0.09290369144105914
2900,0.03198999999999996,0.0020051743,-0.02998482570961114,7.4415900000000015,7.9818482,0.5402582398986802,6.205080000000001,6.1450477,-0.06003233535766661,0.021483599999999936,0.027239304,0.005755704035902087
2901,-0.04801000000000011,0.0020051743,0.05001517429038893,7.0615900000000025,7.9818482,0.9202582398986792,3.9550800000000024,6.1450477,2.1899676646423316,-0.014516399999999985,0.027239304,0.04175570403590201
3218,0.012386999999999926,0.031033294,0.018646294275403097,9.58568,9.01863,-0.5670499722290039,6.12515,7.3148203,1.1896702896118168,-0.041544000000000025,0.042602085,0.08414608457708361
3384,-0.007613000000000092,0.031033294,0.038646294275403115,9.075680000000002,9.01863,-0.057049972229005874,6.92515,7.3148203,0.38967028961181605,0.03145599999999993,0.042602085,0.01114608457708366
3385,-0.007613000000000092,0.031033294,0.038646294275403115,6.74568,9.01863,2.272950027770996,5.50515,7.3148203,1.809670289611816,0.04145599999999994,0.042602085,0.0011460845770836503
3415,0.002386999999999917,0.031033294,0.028646294275403106,7.2256800000000005,9.01863,1.7929500277709955,10.00515,7.3148203,-2.690329710388184,0.221456,0.042602085,-0.1788539154229164
3499,-0.022612999999999994,0.028867694,0.05148069361793994,8.705680000000001,9.839272,1.1335915454101553,6.10515,7.6284146,1.5232646308898925,0.014455999999999913,0.04435969,0.0299036914410592
3503,0.055593399999999904,0.07785834,0.022264943720436192,10.060030000000001,9.634749,-0.42528058746338004,8.46496,9.158879,0.6939192800903324,0.033296800000000015,0.07177504,0.038478241520595535
3504,0.06326029999999994,0.09852381,0.03526351050586707,10.113310000000002,9.744845,-0.3684646096801778,8.83856,9.017741,0.17918120330810616,0.0494325000000001,0.10436346,0.05493095636844625
3505,0.11307089999999997,0.10748589,-0.005585009611511205,7.685870000000001,7.145208,-0.5406621180725111,8.282560000000002,8.171258,-0.11130202728271676,0.07635189999999992,0.07077156,-0.005580339927101052
3506,0.1269038,0.09838956,-0.028514241505908977,6.469799999999999,8.509736,2.039936061096192,9.61413,8.651804,-0.9623260296630853,0.1857726999999999,0.117908396,-0.06786430417318334
3552,-0.071075,-0.0023223117,0.06875268825404346,3.4377199999999988,5.9147468,2.4770267613220227,4.935819999999998,6.979323,2.04350291030884,0.14329009999999998,0.12566748,-0.017622617385482764
3553,-0.10107500000000003,-0.0023223117,0.09875268825404349,2.887719999999998,5.9147468,3.0270267613220234,2.9458199999999977,6.979323,4.03350291030884,0.09829009999999994,0.12566748,0.027377382614517276
3554,-0.11107500000000003,-0.0023223117,0.1087526882540435,3.257719999999999,5.9147468,2.6570267613220224,3.9958199999999984,6.979323,2.9835029103088395,0.13129009999999997,0.12566748,-0.005622617385482753
3568,-0.07761300000000015,0.031033294,0.10864629427540318,8.63568,9.01863,0.3829500277709954,4.60515,7.3148203,2.7096702896118163,-0.018544000000000005,0.042602085,0.06114608457708359
3655,0.14238699999999993,0.028867694,-0.11351930638205998,11.075680000000002,9.839272,-1.2364084545898457,11.82515,7.6284146,-4.196735369110108,0.14445599999999992,0.04435969,-0.1000963085589408
3697,0.04356000000000004,0.07347535,0.029915353419780688,9.923950000000001,9.774376,-0.14957408447265763,13.021430000000002,10.933564,-2.087865813903811,0.2727328,0.1758282,-0.09690459644107818
3698,0.06256000000000006,0.07347535,0.010915353419780671,7.32395,9.774376,2.450425915527344,10.021430000000002,10.933564,0.9121341860961891,0.1657328,0.1758282,0.0100954035589218
3699,0.04156000000000004,0.07347535,0.03191535341978069,8.223950000000002,9.774376,1.5504259155273417,9.521430000000002,10.933564,1.4121341860961891,0.1377328,0.1758282,0.038095403558921825
3700,0.06056000000000006,0.07347535,0.012915353419780673,10.52395,9.774376,-0.7495740844726555,12.221430000000002,10.933564,-1.2878658139038102,0.22373279999999995,0.1758282,-0.04790459644107814
3701,0.04856000000000005,0.07347535,0.024915353419780684,8.423950000000001,9.774376,1.3504259155273424,8.021430000000002,10.933564,2.912134186096189,0.1417328,0.1758282,0.03409540355892182
3709,-0.06148600000000015,-0.018861813,0.04262418652927891,8.263110000000001,6.3278556,-1.9352544129943858,9.182830000000001,5.876959,-3.3058711529541025,0.18898579999999998,0.0945599,-0.09442589953737257
3789,-0.047784999999999966,0.01546205,0.0632470502144098,4.338349999999998,8.77821,4.4398596862792985,1.707250000000002,6.4156413,4.708391307830809,-0.07773589999999997,0.016809676,0.09454557584252354
3822,0.12687400000000004,0.13899602,0.012122019959449726,13.205739999999999,13.561634,0.3558940637207044,11.694909999999998,12.619463,0.924552966918947,0.06629810000000003,0.084261894,0.017963794226074192
3823,0.21777599999999997,0.16356273,-0.054213270045280426,13.50573,13.547539,0.04180875732421896,13.27467,12.776254,-0.49841629974365276,0.10399120000000006,0.086263895,-0.017727304965210022
3824,0.23875599999999997,0.19416477,-0.044591232138633696,14.405720000000004,13.70491,-0.7008097216796916,13.698649999999997,12.050005,-1.6486450408935518,0.09943730000000006,0.07607691,-0.023360390100288453
3825,0.26937999999999995,0.18579388,-0.08358612335205073,14.555710000000001,13.512953,-1.0427571954345716,13.9799,12.991695,-0.9882045959472663,0.0853756,0.09192052,0.006544917385005955
3826,0.260035,0.15024754,-0.10978745594978334,14.725700000000002,12.899371,-1.8263288528442398,14.618500000000001,12.923426,-1.6950743255615244,0.14720520000000004,0.12649955,-0.020705651445579565
3827,0.3823869999999999,0.02992907,-0.3524579301978349,19.805680000000002,9.771815,-10.03386470001221,17.21515,7.931184,-9.28396618499756,0.13345600000000002,0.05129199,-0.08216400897479059
3903,-0.04657800000000001,0.012590518,0.059168518221259125,8.36578,9.748953,1.383172865600585,6.605729999999999,7.9022565,1.2965264888000494,0.05507470000000003,0.044168387,-0.010906313391637834
3953,-0.08910499999999999,-0.042937625,0.04616737480044364,4.127230000000001,5.3261166,1.1988865618896476,2.9410600000000002,6.2008924,3.2598324484252927,0.053047100000000014,0.11000042,0.056953316636466966
3955,-0.019104999999999928,-0.042937625,-0.023832625199556423,5.227229999999999,5.3261166,0.09888656188964973,15.251060000000003,6.2008924,-9.05016755157471,0.5230471,0.11000042,-0.413046683363533
4012,0.003422000000000036,-0.024900042,-0.028322041520595587,8.035780000000003,8.419499,0.38371939727782944,8.10573,7.443945,-0.661785068969726,0.10707470000000008,0.044069793,-0.06300490692467697
4028,0.05238699999999996,0.055835735,0.003448735052824059,8.105680000000003,9.069754,0.9640736468505828,6.00515,7.2978287,1.2926786743164058,-0.028544000000000014,0.0112759005,0.039819900527834906
4076,0.16574499999999992,0.07021578,-0.09552922343730919,8.708979999999997,9.473993,0.7650133013916047,10.226890000000001,7.7961974,-2.4306925856018076,0.14256879999999994,0.06480656,-0.07776224180822366
4101,-0.007613000000000092,0.02992907,0.03754206980216512,5.4756800000000005,9.771815,4.296135299987792,6.03515,7.931184,1.8960338150024416,0.09445599999999998,0.05129199,-0.04316400897479056
4102,-0.057613000000000136,0.02992907,0.08754206980216517,4.625680000000003,9.771815,5.14613529998779,3.235150000000001,7.931184,4.6960338150024405,0.03545600000000004,0.05129199,0.015835991025209384
4172,-0.07761300000000015,0.02992907,0.10754206980216519,5.805680000000002,9.771815,3.9661352999877906,4.70515,7.931184,3.2260338150024417,0.07145599999999996,0.05129199,-0.020164008974790537
4174,-0.0176130000000001,0.02992907,0.04754206980216513,7.605680000000003,9.771815,2.16613529998779,8.805150000000001,7.931184,-0.8739661849975597,0.16345599999999993,0.05129199,-0.11216400897479051
4200,-0.08910499999999999,-0.06522542,0.023879577617645253,9.36723,8.882053,-0.48517662475585865,9.181060000000002,7.7148867,-1.466173334655764,0.1630471,0.13436407,-0.028683031491851807
4237,0.05238699999999996,0.031033294,-0.02135370572459694,9.29568,9.01863,-0.27704997222900474,9.225150000000001,7.3148203,-1.9103297103881847,0.10145599999999999,0.042602085,-0.0588539154229164
4239,0.2423869999999999,0.031033294,-0.21135370572459689,15.365680000000001,9.01863,-6.347049972229005,16.04515,7.3148203,-8.730329710388183,0.271456,0.042602085,-0.2288539154229164
4300,0.08238699999999999,0.031033294,-0.051353705724596965,11.125680000000003,9.01863,-2.1070499722290066,9.24515,7.3148203,-1.9303297103881842,0.02145599999999992,0.042602085,0.021146084577083668
4301,0.05181100000000005,0.060824186,0.009013185609817453,10.29099,9.383479,-0.9075108816528328,7.8813200000000005,7.6823545,-0.19896554977417047,-0.003105399999999925,0.025504593,0.02860999280610077
4302,0.03376000000000001,0.057535928,0.023775927742719638,16.820030000000003,13.586147,-3.2338826916503933,12.043650000000001,10.095054,-1.948596327209474,-0.013672399999999918,0.019165322,0.0328377221845626
4303,0.02191199999999993,0.011761734,-0.010150265737891129,7.332460000000001,7.4258685,0.09340851119995008,5.6569,6.0519,0.39499990997314427,0.0072030000000000705,0.02385991,0.016656910666942526
4304,0.04074400000000011,0.057575274,0.01683127425885189,7.22297,7.4443336,0.22136355331420887,5.793099999999999,6.5288177,0.7357176536560068,0.0024186000000000485,0.028535886,0.026117285736346196
4305,0.11630800000000008,0.07664297,-0.03966503223943718,12.079360000000001,9.11379,-2.9655704415893567,10.468879999999999,7.8551188,-2.6137612484741197,0.037999499999999964,0.042655747,0.004656247383832968
4306,0.1023869999999999,0.031033294,-0.07135370572459687,12.785680000000003,9.01863,-3.7670499722290067,10.62515,7.3148203,-3.3103297103881832,0.03145599999999993,0.042602085,0.01114608457708366
4307,0.07181100000000007,0.060824186,-0.010986814390182564,11.090990000000001,9.383479,-1.7075108816528335,8.781320000000001,7.6823545,-1.0989655497741708,0.0368946,0.025504593,-0.011390007193899154
4310,0.08574400000000004,0.057575274,-0.028168725741148037,7.7029700000000005,7.4443336,-0.25863644668579155,7.363099999999999,6.5288177,-0.8342823463439935,0.05241859999999998,0.028535886,-0.023882714263653737
4311,-0.047784999999999966,0.018476922,0.06626192206501957,6.738349999999997,7.637483,0.8991331199646027,4.30725,6.3077917,2.0005417098999025,0.02226410000000001,0.039987527,0.01772342683401107
4376,0.15238699999999994,0.02992907,-0.12245793019783491,12.285680000000003,9.771815,-2.51386470001221,13.86515,7.931184,-5.9339661849975585,0.23145599999999994,0.05129199,-0.1801640089747905
4377,0.06238699999999997,0.02992907,-0.03245793019783494,10.955680000000001,9.771815,-1.183864700012208,8.50515,7.931184,-0.573966184997559,0.0014560000000000128,0.05129199,0.049835991025209414
4378,0.1023869999999999,0.02992907,-0.07245793019783486,11.355680000000003,9.771815,-1.5838647000122101,9.91515,7.931184,-1.9839661849975592,0.04145599999999994,0.05129199,0.00983599102520949
4380,0.06181900000000007,0.07125587,0.009436870163440636,8.358890000000002,8.73986,0.38096958099364997,10.89359,8.697258,-2.196332004394531,0.21441880000000002,0.101050414,-0.11336838585500719
4381,0.011819000000000024,0.07125587,0.05943687016344068,8.158890000000003,8.73986,0.5809695809936493,8.493590000000001,8.697258,0.20366799560546767,0.12441880000000005,0.101050414,-0.023368385855007223
4382,0.04181900000000005,0.07125587,0.029436870163440654,7.7588900000000045,8.73986,0.9809695809936478,8.09359,8.697258,0.603667995605468,0.10441880000000003,0.101050414,-0.0033683858550072054
4384,0.03181900000000004,0.07125587,0.03943687016344066,6.658890000000003,8.73986,2.0809695809936493,6.19359,8.697258,2.5036679956054684,0.05441879999999999,0.101050414,0.04663161414499284
4490,0.17257899999999993,0.12546057,-0.047118434909820484,5.286369999999998,7.2890353,2.0026653202819844,6.121339999999998,6.8747983,0.7534582978820819,0.02713410000000005,0.019322546,-0.007811553801035931
4513,0.08238699999999999,0.028867694,-0.05351930638206004,14.005680000000002,9.839272,-4.166408454589845,14.465150000000001,7.6284146,-6.836735369110109,0.26145599999999997,0.04435969,-0.21709630855894085
4586,-0.02746599999999999,0.015221348,0.0426873480323553,8.646149999999999,9.158923,0.512773149108888,6.688349999999998,6.850157,0.16180678405761917,0.06081619999999999,0.009239702,-0.051576498445820795
4587,-0.06746600000000003,0.015221348,0.08268734803235533,6.446149999999999,9.158923,2.7127731491088873,3.7883499999999977,6.850157,3.0618067840576195,0.02081619999999995,0.009239702,-0.01157649844582076
4813,-0.05746600000000002,0.015221348,0.07268734803235533,6.436149999999998,9.158923,2.722773149108889,3.1283499999999975,6.850157,3.7218067840576197,-0.021183800000000086,0.009239702,0.030423501554179277
4914,-0.10148600000000019,-0.018861813,0.08262418652927894,2.14311,6.3278556,4.184745587005615,0.5528300000000002,5.876959,5.324128847045898,0.02698579999999995,0.0945599,0.06757410046262746
4915,-0.131486,-0.018861813,0.11262418652927875,1.4631100000000004,6.3278556,4.864745587005615,-1.2271699999999974,5.876959,7.104128847045896,0.0029858000000000384,0.0945599,0.09157410046262737
5029,0.10914599999999985,0.10317861,-0.00596738711214051,10.6694,12.308676,1.6392757659912114,13.840419999999998,15.866723,2.026303060607912,0.1722325,0.2601785,0.08794600637435912
5037,0.09914599999999985,0.10317861,0.004032612887859499,11.049399999999999,12.308676,1.2592757659912124,13.520419999999998,15.866723,2.3463030606079123,0.14223249999999998,0.2601785,0.11794600637435915
5041,0.09914599999999985,0.10317861,0.004032612887859499,11.4494,12.308676,0.8592757659912102,13.800419999999999,15.866723,2.066303060607911,0.1522325,0.2601785,0.10794600637435914
5045,0.10914599999999985,0.10317861,-0.00596738711214051,12.0594,12.308676,0.24927576599121082,15.240419999999999,15.866723,0.6263030606079116,0.20223250000000004,0.2601785,0.057946006374359094
5049,0.12914599999999987,0.10317861,-0.025967387112140528,12.139399999999998,12.308676,0.16927576599121252,18.19042,15.866723,-2.3236969393920894,0.3622325,0.2601785,-0.10205399362564088
5053,0.1491459999999999,0.10317861,-0.045967387112140545,18.449399999999997,12.308676,-6.140724234008786,22.94042,15.866723,-7.073696939392089,0.5522325,0.2601785,-0.2920539936256409
5351,0.09038699999999988,0.037764758,-0.052622242128372076,11.90568,9.450297,-2.455382644348145,10.305150000000001,7.760509,-2.5446409858703625,0.051455999999999946,0.03444149,-0.01701451027369494
5560,-0.03778499999999996,0.014976888,0.05276188796371217,7.1183499999999995,9.458248,2.339898138427735,3.337250000000001,6.4692574,3.132007354736327,-0.04873589999999994,-0.0022088352,0.04652706478748614
5676,0.9728413,0.66735023,-0.30549106739883425,23.72903,19.134184,-4.594846116333009,3.978679999999999,6.335811,2.3571311381530773,0.03912840000000006,0.05367299,0.014544591693019804
5682,0.030245000000000077,0.044247396,0.0140023962903022,3.5702,8.484168,4.91396805267334,7.330859999999998,9.109364,1.7785035559082054,0.20142719999999992,0.13660416,-0.0648230399295806
5683,0.050245000000000095,0.044247396,-0.0059976037096978185,7.670200000000001,8.484168,0.8139680526733386,7.730859999999998,9.109364,1.378503555908205,0.07142720000000002,0.13660416,0.06517696007041929
5686,0.050245000000000095,0.044247396,-0.0059976037096978185,7.3702000000000005,8.484168,1.1139680526733393,9.330859999999998,9.109364,-0.2214964440917946,0.1714272,0.13660416,-0.03482303992958069
5760,0.09701499999999996,0.10849129,0.011476286635398902,6.271419999999999,11.351464,5.080044271545411,8.98863,13.05915,4.070519742126464,0.09765030000000008,0.13536058,0.03771028366298668
5848,0.09221500000000005,0.052721616,-0.03949338411927228,19.43835,16.435257,-3.0030930419921873,15.407250000000001,13.6009655,-1.8062845001220715,0.1222641000000001,0.039784845,-0.08247925503525744
5849,0.09221500000000005,0.052721616,-0.03949338411927228,17.43835,16.435257,-1.0030930419921873,13.807250000000002,13.6009655,-0.2062845001220719,0.062264100000000044,0.039784845,-0.022479255035257384
5850,0.032215000000000105,0.052721616,0.020506615880727663,12.338349999999998,16.435257,4.096906958007814,9.50725,13.6009655,4.093715499877929,0.02226410000000001,0.039784845,0.01752074496474265
5852,0.07221500000000014,0.052721616,-0.019493384119272372,16.238349999999997,16.435257,0.19690695800781555,13.307250000000002,13.6009655,0.2937154998779281,-0.05773589999999995,0.039784845,0.09752074496474261
5854,0.05221500000000012,0.052721616,0.0005066158807276455,15.538349999999998,16.435257,0.8969069580078148,17.507250000000003,13.6009655,-3.906284500122073,-0.14773589999999992,0.039784845,0.18752074496474258
5862,-0.03778499999999996,0.052721616,0.09050661588072773,24.81835,16.435257,-8.383093041992186,17.297250000000002,13.6009655,-3.696284500122072,-0.03773589999999993,0.039784845,0.0775207449647426
5934,0.03198999999999996,0.045354605,0.013364604721069373,6.221590000000003,10.0753145,3.853724521789548,5.07508,7.442277,2.367196954650879,0.007483600000000035,0.02986927,0.022385669579648937
6211,-0.023965000000000014,0.044249695,0.06821469479441644,7.505700000000001,13.265618,5.759918324279784,4.698500000000001,9.573547,4.875047363281249,-0.013794799999999996,0.079896115,0.09369091476659774
6522,0.4982519999999999,0.19008924,-0.30816275932979575,10.35528,9.727323,-0.6279574215698247,17.42244,13.386029,-4.036410756530763,0.3693009,0.23753306,-0.13176783730354308
6523,0.14825199999999994,0.19008924,0.04183724067020422,10.25528,9.727323,-0.5279574215698251,14.122440000000001,13.386029,-0.7364107565307627,0.34930089999999997,0.23753306,-0.11176783730354306
6524,0.40825199999999995,0.19008924,-0.21816275932979579,10.55528,9.727323,-0.827957421569824,13.622440000000001,13.386029,-0.2364107565307627,0.27930089999999996,0.23753306,-0.041767837303543054
6526,0.15825199999999995,0.19008924,0.031837240670204214,10.05528,9.727323,-0.327957421569824,13.122440000000001,13.386029,0.2635892434692373,0.25930089999999995,0.23753306,-0.021767837303543036
6527,0.2282519999999999,0.19008924,-0.03816275932979574,10.25528,9.727323,-0.5279574215698251,14.422440000000002,13.386029,-1.0364107565307634,0.22930089999999992,0.23753306,0.00823216269645699
6529,-0.02074799999999999,0.19008924,0.21083724067020415,9.75528,9.727323,-0.02795742156982506,9.022440000000001,13.386029,4.363589243469237,0.09930089999999991,0.23753306,0.138232162696457
6530,-0.0027479999999999727,0.19008924,0.19283724067020414,9.995280000000001,9.727323,-0.26795742156982527,14.622440000000001,13.386029,-1.2364107565307627,0.13630089999999995,0.23753306,0.10123216269645696
6752,0.4248790000000001,0.16838251,-0.25649648945713055,14.211459999999999,14.450572,0.2391120138549816,18.91837,16.328299,-2.5900714312744135,0.24892409999999998,0.29606384,0.04713974038925173
6753,0.20487900000000014,0.16838251,-0.036496489457130576,9.211459999999999,14.450572,5.239112013854982,16.91837,16.328299,-0.5900714312744135,0.37892410000000004,0.29606384,-0.08286025961074833
6755,-0.02512099999999995,0.16838251,0.19350351054286952,12.211459999999999,14.450572,2.2391120138549816,14.71837,16.328299,1.6099285687255858,0.2789241,0.29606384,0.0171397403892517
6756,0.24487900000000007,0.16838251,-0.0764964894571305,29.21146,14.450572,-14.760887986145018,23.91837,16.328299,-7.5900714312744135,0.5789241,0.29606384,-0.28286025961074834
6757,0.4348790000000001,0.16838251,-0.26649648945713056,17.21146,14.450572,-2.7608879861450184,20.71837,16.328299,-4.390071431274414,0.31892410000000004,0.29606384,-0.022860259610748335
6758,0.1548790000000001,0.16838251,0.013503510542869468,16.71146,14.450572,-2.2608879861450184,18.21837,16.328299,-1.8900714312744142,0.2989241,0.29606384,-0.002860259610748317
6760,0.024879000000000095,0.16838251,0.14350351054286947,11.711459999999999,14.450572,2.7391120138549816,13.41837,16.328299,2.9099285687255865,0.21892410000000007,0.29606384,0.07713974038925164
6762,0.05487900000000012,0.16838251,0.11350351054286945,12.31146,14.450572,2.13911201385498,11.21837,16.328299,5.109928568725586,0.10392410000000007,0.29606384,0.19213974038925163
6891,-0.0752130000000002,-0.06309572,0.012117281377792555,8.432690000000001,17.557999,9.125308657226562,8.211599999999997,8.606704,0.39510375823974897,0.11239939999999993,0.11173021,-0.0006691895169257389
6892,-0.06521300000000019,-0.06309572,0.002117281377792546,28.762690000000003,17.557999,-11.20469134277344,9.851599999999998,8.606704,-1.2448962417602516,0.14139940000000006,0.11173021,-0.029669189516925876
6919,0.09238699999999989,0.028867694,-0.06351930638205994,8.40568,9.839272,1.433591545410156,7.805150000000001,7.6284146,-0.17673536911010856,0.027455999999999925,0.04435969,0.016903691441059188
6920,0.1123869999999999,0.028867694,-0.08351930638205995,6.705680000000001,9.839272,3.1335915454101553,6.50515,7.6284146,1.1232646308898921,0.0034560000000000146,0.04435969,0.0409036914410591
6921,0.12238699999999991,0.028867694,-0.09351930638205996,10.505680000000002,9.839272,-0.6664084545898454,9.40515,7.6284146,-1.7767353691101082,0.024455999999999922,0.04435969,0.01990369144105919
7018,0.198005,0.052174788,-0.14583021203160285,11.089310000000001,7.207133,-3.882177183685304,11.917390000000001,7.3061194,-4.611270558013917,0.14189190000000007,0.11404259,-0.02784931242170341
7019,0.15400499999999984,0.052174788,-0.1018302120316027,8.869309999999999,7.207133,-1.6621771836853014,11.217390000000002,7.3061194,-3.9112705580139178,0.1988919,0.11404259,-0.08484931242170335
7022,0.010005000000000042,0.052174788,0.0421697879683971,2.139310000000002,7.207133,5.0678228163146954,4.607390000000002,7.3061194,2.6987294419860817,0.12489190000000006,0.11404259,-0.010849312421703394
7023,0.004005000000000036,0.052174788,0.048169787968397104,2.1193099999999987,7.207133,5.087822816314699,2.0973900000000008,7.3061194,5.208729441986083,0.01789190000000007,0.11404259,0.09615068757829659
7024,0.04500499999999996,0.052174788,0.007169787968397179,3.05931,7.207133,4.147822816314697,4.307390000000002,7.3061194,2.9987294419860824,0.0608919,0.11404259,0.05315068757829666
7135,0.052458000000000005,0.12548661,0.07302861231994628,19.98927,21.369959,1.3806888775634754,18.55426,19.092617,0.5383570349121101,0.1795405,0.17551452,-0.004025980785369865
7137,0.25945799999999997,0.12548661,-0.13397138768005368,25.98927,21.369959,-4.619311122436525,22.65426,19.092617,-3.5616429650878914,0.21954050000000003,0.17551452,-0.0440259807853699
7145,-0.02778499999999995,0.11771894,0.14550394246339793,6.808349999999997,16.381859,9.573508825683597,4.14725,11.901316,7.754065689086914,-0.01073589999999991,0.16194902,0.17268492360439291
7146,0.042215000000000114,0.11771894,0.07550394246339787,7.698349999999998,16.381859,8.683508825683596,7.7272500000000015,11.901316,4.174065689086913,0.07726410000000006,0.16194902,0.08468492360439295
7147,0.07221500000000014,0.11771894,0.04550394246339784,9.628349999999998,16.381859,6.753508825683596,11.417250000000001,11.901316,0.48406568908691305,0.20026410000000006,0.16194902,-0.03831507639560705
7148,0.11221500000000006,0.11771894,0.005503942463397915,21.06835,16.381859,-4.686491174316405,17.457250000000002,11.901316,-5.555934310913088,0.27426410000000007,0.16194902,-0.11231507639560706
7149,0.1522150000000001,0.11771894,-0.03449605753660212,28.43835,16.381859,-12.056491174316406,20.277250000000002,11.901316,-8.375934310913088,0.32526410000000006,0.16194902,-0.16331507639560705
7150,0.33221500000000015,0.11771894,-0.21449605753660217,28.668349999999997,16.381859,-12.286491174316403,20.367250000000002,11.901316,-8.465934310913088,0.38726410000000006,0.16194902,-0.22531507639560705
7203,0.09221500000000005,0.019996904,-0.0722180961632729,17.83835,11.041006,-6.797343911743162,15.10725,9.020632,-6.086618209838868,0.19226410000000005,0.053828362,-0.13843573762450223
7204,0.08421500000000015,0.019996904,-0.06421809616327301,17.038349999999998,11.041006,-5.997343911743162,13.407250000000001,9.020632,-4.386618209838868,0.062264100000000044,0.053828362,-0.008435737624502226
7226,-0.07351200000000002,-0.0101807,0.06333130036097767,5.481820000000003,8.162569,2.6807490460205052,1.40644,5.113884,3.707443972167969,-0.05369219999999997,0.006947085,0.06063928479568359
7227,-0.08951200000000004,-0.0101807,0.07933130036097769,5.031820000000003,8.162569,3.1307490460205045,0.3064399999999985,5.113884,4.80744397216797,-0.07169219999999998,0.006947085,0.0786392847956836
7480,0.09468699999999985,0.07495664,-0.019730359398841713,23.459100000000003,21.832905,-1.6261951843261748,20.52853,18.289442,-2.2390879376220703,0.3218311,0.26908305,-0.05274804712638853
7481,0.07468699999999995,0.07495664,0.0002696406011581942,25.1691,21.832905,-3.336195184326172,21.25853,18.289442,-2.9690879376220707,0.3348311,0.26908305,-0.06574804712638854
7482,0.06730300000000011,-0.02240185,-0.08970485067057621,20.00581,11.319727,-8.686083056030274,19.58326,9.832711,-9.750548780212402,0.2944346,0.081813194,-0.21262140614233016
7483,-0.032696999999999976,-0.02240185,0.01029514932942388,12.905810000000002,11.319727,-1.5860830560302759,10.08326,9.832711,-0.25054878021240157,0.014434599999999964,0.081813194,0.06737859385766987
7484,-0.012696999999999958,-0.02240185,-0.009704850670576137,10.20581,11.319727,1.113916943969727,9.683259999999999,9.832711,0.1494512197875988,0.08443460000000003,0.081813194,-0.002621406142330196
7487,-0.042696999999999985,-0.02240185,0.02029514932942389,11.20581,11.319727,0.11391694396972696,9.183259999999999,9.832711,0.6494512197875988,0.04443459999999999,0.081813194,0.03737859385766984
7489,-0.0026969999999999494,-0.02240185,-0.019704850670576146,9.805810000000001,11.319727,1.5139169439697255,8.18326,9.832711,1.649451219787597,0.024434599999999973,0.081813194,0.05737859385766986
7490,-0.032696999999999976,-0.02240185,0.01029514932942388,8.605810000000002,11.319727,2.713916943969725,7.083259999999999,9.832711,2.7494512197875984,0.03443459999999998,0.081813194,0.04737859385766985
7498,0.074847,0.060110483,-0.01473651668143272,5.09113,6.654457,1.5633270922851565,6.153739999999999,6.2295322,0.07579224182128996,0.06595679999999993,0.038863014,-0.027093785570192264
7548,0.10630499999999998,0.11484846,0.008543457276821154,10.098029999999998,11.912646,1.8146162936401389,12.352540000000001,14.057908,1.7053680581665027,0.11033899999999996,0.12920594,0.0188669421539307
7550,0.136305,0.11484846,-0.021456542723178873,10.438029999999998,11.912646,1.474616293640139,12.64254,14.057908,1.4153680581665036,0.09033900000000006,0.12920594,0.038866942153930606
7552,0.06630500000000006,0.11484846,0.04854345727682108,13.968029999999999,11.912646,-2.055383706359862,15.34254,14.057908,-1.2846319418334957,0.17033900000000002,0.12920594,-0.041133057846069354
7644,0.37889000000000006,0.2528286,-0.12606140197753912,10.965449999999999,11.154942,0.18949155883789182,15.82344,14.173225,-1.6502145971679685,0.30043050000000004,0.22801955,-0.07241094955730443
7645,0.29489,0.2528286,-0.04206140197753905,14.565449999999998,11.154942,-3.410508441162108,15.77344,14.173225,-1.6002145971679695,0.21243049999999997,0.22801955,0.015589050442695651
7762,-0.03761300000000012,0.031033294,0.06864629427540314,7.435680000000001,9.01863,1.5829500277709947,3.8851499999999994,7.3148203,3.429670289611817,-0.03254400000000013,0.042602085,0.07514608457708372
7763,-0.02761300000000011,0.031033294,0.05864629427540313,8.035680000000003,9.01863,0.9829500277709933,3.895150000000001,7.3148203,3.4196702896118154,-0.06154400000000004,0.042602085,0.10414608457708363
7764,-0.03761300000000012,0.031033294,0.06864629427540314,7.985680000000002,9.01863,1.032950027770994,3.815149999999999,7.3148203,3.4996702896118173,-0.06654400000000005,0.042602085,0.10914608457708364
7766,-0.02761300000000011,0.031033294,0.05864629427540313,11.125680000000003,9.01863,-2.1070499722290066,8.11515,7.3148203,-0.8003297103881835,0.04145599999999994,0.042602085,0.0011460845770836503
7767,-0.02761300000000011,0.031033294,0.05864629427540313,17.95568,9.01863,-8.937049972229005,13.195150000000002,7.3148203,-5.880329710388185,0.07145599999999996,0.042602085,-0.028853915422916376
7768,-0.04761300000000013,0.031033294,0.07864629427540315,5.3456800000000015,9.01863,3.6729500277709946,1.265150000000002,7.3148203,6.049670289611814,-0.08454399999999995,0.042602085,0.12714608457708354
7946,-0.09579500000000007,-0.040361572,0.05543342794299133,3.6104699999999994,4.7949147,1.1844447224426276,1.0476099999999988,3.1810064,2.133396431579591,0.0007224000000000119,0.061826278,0.06110387752423285
8023,0.04838699999999996,0.031033294,-0.017353705724596935,5.99568,9.01863,3.022950027770996,7.78515,7.3148203,-0.4703297103881834,0.1314559999999999,0.042602085,-0.08885391542291632
8032,0.00044200000000005346,0.030649764,0.03020776446330542,7.178659999999997,8.62417,1.4455103033447294,7.678690000000001,10.793467,3.1147765679931627,0.0050736000000000114,0.06364456,0.05857095819129943
8034,0.04044200000000009,0.030649764,-0.009792235536694616,9.298659999999998,8.62417,-0.6744896966552716,12.72869,10.793467,-1.9352234320068362,0.10007359999999998,0.06364456,-0.036429041808700546
8057,0.0542450000000001,0.046478745,-0.007766255403757194,4.586269999999999,7.944047,3.35777697418213,7.649840000000001,8.911972,1.2621320458984364,0.16017380000000003,0.14094669,-0.01922711373214725
8058,0.012959000000000165,0.054725952,0.04176695244646056,10.168589999999998,10.47126,0.302670070800783,9.86852,11.569408,1.7008884167480467,0.06296540000000006,0.14620078,0.08323537610015863
8086,-0.030613,0.055835735,0.08644873505282402,6.105680000000003,9.069754,2.964073646850583,2.305150000000001,7.2978287,4.992678674316405,-0.06354400000000004,0.0112759005,0.07481990052783494
8087,-0.014612999999999987,0.055835735,0.07044873505282401,6.705680000000001,9.069754,2.364073646850585,3.605150000000002,7.2978287,3.6926786743164044,-0.03554400000000002,0.0112759005,0.04681990052783491
8088,-0.023613000000000106,0.055835735,0.07944873505282413,6.105680000000003,9.069754,2.964073646850583,2.905149999999999,7.2978287,4.392678674316407,-0.04354400000000003,0.0112759005,0.05481990052783492
8167,0.2214879999999999,0.12502821,-0.09645979210185995,8.641820000000003,9.5651045,0.9232844845581027,11.51644,9.412449,-2.1039911169433587,0.10030780000000006,0.046053533,-0.05425426748900419
8168,0.3414879999999999,0.12502821,-0.21645979210185995,9.041820000000001,9.5651045,0.5232844845581042,13.01644,9.412449,-3.6039911169433587,0.16330780000000011,0.046053533,-0.11725426748900425
8169,0.2214879999999999,0.12502821,-0.09645979210185995,12.641820000000003,9.5651045,-3.0767155154418973,12.51644,9.412449,-3.1039911169433587,0.041307800000000006,0.046053533,0.004745732510995859
8177,-0.03899000000000008,0.011544822,0.05053482178390034,8.26493,11.306406,3.0414760211181644,5.796899999999999,7.6907697,1.8938696723937998,0.019842499999999985,-0.04507863,-0.06492113149046896
8178,0.16101,0.011544822,-0.14946517821609973,23.96493,11.306406,-12.658523978881835,16.596899999999998,7.6907697,-8.9061303276062,-0.3101575,-0.04507863,0.265078868509531
8179,0.06101000000000001,0.011544822,-0.04946517821609975,15.00493,11.306406,-3.698523978881836,10.306899999999999,7.6907697,-2.6161303276062,-0.07015749999999998,-0.04507863,0.025078868509531005
8181,-0.03899000000000008,0.011544822,0.05053482178390034,7.08493,11.306406,4.221476021118164,5.286899999999999,7.6907697,2.4038696723937996,0.0398425,-0.04507863,-0.08492113149046898
8182,-0.03899000000000008,0.011544822,0.05053482178390034,7.124929999999999,11.306406,4.181476021118165,5.4169,7.6907697,2.273869672393799,0.0398425,-0.04507863,-0.08492113149046898
8199,-0.05008900000000005,0.03695393,0.08704292981171613,9.17586,8.975892,-0.19996793304443372,7.67356,8.783831,1.1102706427001952,0.08676649999999997,0.10977778,0.023011278387069733
8201,0.09991099999999997,0.03695393,-0.06295707018828389,10.69586,8.975892,-1.7199679330444333,12.54356,8.783831,-3.759729357299804,0.21676649999999997,0.10977778,-0.10698872161293027
8247,0.002386999999999917,0.028867694,0.026480693617940032,9.105680000000003,9.839272,0.7335915454101531,6.805150000000001,7.6284146,0.8232646308898914,0.016455999999999915,0.04435969,0.027903691441059197
8254,0.032386999999999944,0.028867694,-0.0035193063820599946,9.605680000000003,9.839272,0.23359154541015315,8.70515,7.6284146,-1.0767353691101071,0.08145599999999997,0.04435969,-0.03709630855894086
8329,0.06221500000000013,0.014976888,-0.047238112036287916,6.3683499999999995,9.458248,3.089898138427735,7.907250000000001,6.4692574,-1.437992645263673,0.11326410000000009,-0.0022088352,-0.1154729352125139
8330,-0.047784999999999966,0.014976888,0.06276188796371218,5.958349999999999,9.458248,3.499898138427735,6.207250000000002,6.4692574,0.2620073547363262,0.11226410000000009,-0.0022088352,-0.1144729352125139
8647,-0.015009999999999968,0.0077881175,0.022798117509335247,10.32159,12.792353,2.470762676391601,7.48508,9.722283,2.237203363342285,0.019483599999999934,0.03617679,0.01669318955197341
8700,-0.09778500000000001,0.014976888,0.11276188796371223,7.898349999999997,9.458248,1.5598981384277373,3.6072500000000005,6.4692574,2.8620073547363276,-0.02273589999999992,-0.0022088352,0.020527064787486116
8701,-0.09778500000000001,0.014976888,0.11276188796371223,6.958349999999999,9.458248,2.499898138427735,1.9072500000000012,6.4692574,4.562007354736327,-0.06373589999999985,-0.0022088352,0.06152706478748604
8755,0.06088300000000002,0.00053472037,-0.06034827963038536,5.277709999999999,6.736473,1.4587630834960947,6.316690000000001,7.2018905,0.8852004685974109,0.0613556999999999,0.10222495,0.040869253472614386
8756,0.002215000000000078,0.01546205,0.01324705021440975,6.43835,8.77821,2.339859686279297,3.497250000000001,6.4156413,2.9183913078308095,-0.04773589999999994,0.016809676,0.06454557584252352
8757,-0.01778499999999994,0.01546205,0.03324705021440977,9.828349999999997,8.77821,-1.0501403137207,6.567250000000001,6.4156413,-0.15160869216919082,-0.007735899999999907,0.016809676,0.02454557584252348
8766,0.12303000000000008,0.10161524,-0.02141475733995446,17.38507,15.180066,-2.2050038912963856,16.80032,15.085448,-1.7148717349243157,0.15565819999999997,0.12539566,-0.030262544367980926
8767,0.09303000000000006,0.10161524,0.008585242660045567,16.48507,15.180066,-1.305003891296387,15.900319999999999,15.085448,-0.8148717349243153,0.12565819999999994,0.12539566,-0.0002625443679808992
8768,0.08303000000000016,0.10161524,0.018585242660045465,15.285070000000001,15.180066,-0.10500389129638776,15.000319999999999,15.085448,0.08512826507568505,0.10565820000000004,0.12539566,0.019737455632019008
8769,0.07303000000000015,0.10161524,0.028585242660045473,14.48507,15.180066,0.694996108703613,14.30032,15.085448,0.7851282650756843,0.09565820000000003,0.12539566,0.029737455632019016
8773,0.08303000000000016,0.10161524,0.018585242660045465,14.68507,15.180066,0.49499610870361366,14.30032,15.085448,0.7851282650756843,0.09565820000000003,0.12539566,0.029737455632019016
8774,0.06303000000000014,0.10161524,0.03858524266004548,13.68507,15.180066,1.4949961087036137,13.400319999999999,15.085448,1.6851282650756847,0.09565820000000003,0.12539566,0.029737455632019016
8775,0.09303000000000006,0.10161524,0.008585242660045567,14.98507,15.180066,0.19499610870361295,14.700319999999998,15.085448,0.38512826507568576,0.10565820000000004,0.12539566,0.019737455632019008
8819,-0.0717620000000001,-0.07084283,0.0009191676731110654,9.75629,7.434224,-2.3220658712768554,8.558089999999998,6.160307,-2.397783069458006,0.08970110000000009,0.053430274,-0.03627082587108621
8831,0.03707080000000007,0.019512614,-0.017558185764718126,7.439170000000004,7.634562,0.195392015533443,8.10021,7.9208817,-0.17932825180053769,0.10348449999999998,0.10271012,-0.0007743796200752051
8833,0.007070800000000044,0.019512614,0.0124418142352819,6.939170000000004,7.634562,0.695392015533443,7.340210000000001,7.9208817,0.5806717481994621,0.10048450000000009,0.10271012,0.0022256203799246865
8849,-0.004813999999999874,-0.04829768,-0.043483680914402134,17.73925,14.393096,-3.34615402984619,16.73725,14.035401,-2.701848655700683,0.1379144,0.116074435,-0.021839964587116234
8850,-0.023217699999999897,-0.01970788,0.0035098190857886236,10.888630000000003,11.2696495,0.3810195056152317,9.35089,9.708632,0.3577424691772464,0.06411140000000004,0.10774258,0.04363117779121395
8851,-0.027660999999999936,-0.0021623834,0.02549861659637087,10.336780000000001,11.010821,0.6740413424682608,8.704699999999999,10.194605,1.4899048736572276,0.04876780000000003,0.073855534,0.025087734195899936
8852,-0.010661000000000032,-0.0021623834,0.008498616596370967,11.746780000000001,11.010821,-0.7359586575317394,10.3547,10.194605,-0.1600951263427728,0.05876780000000004,0.073855534,0.015087734195899927
8853,-0.04739899999999997,-0.0048823142,0.04251668575757739,11.47148,11.20788,-0.2635999798583981,9.756269999999999,10.649257,0.8929867062377941,0.0933676,0.1405346,0.04716699465503693
9062,0.21238699999999988,0.104147084,-0.1082399159426688,25.805680000000002,18.128878,-7.676802360229495,19.80515,15.466764,-4.338385549926759,0.42145599999999994,0.26000613,-0.16144987025833124
9063,0.09238699999999989,0.104147084,0.0117600840573312,13.805680000000002,18.128878,4.323197639770505,12.10515,15.466764,3.361614450073242,0.10145599999999999,0.26000613,0.1585501297416687
9064,0.2223869999999999,0.104147084,-0.1182399159426688,23.405680000000004,18.128878,-5.276802360229496,18.40515,15.466764,-2.938385549926757,0.221456,0.26000613,0.038550129741668715
9065,0.09238699999999989,0.104147084,0.0117600840573312,13.605680000000001,18.128878,4.5231976397705065,15.305150000000001,15.466764,0.16161445007324104,0.331456,0.26000613,-0.07144987025833127
9066,0.05238699999999996,0.104147084,0.051760084057331124,12.505680000000002,18.128878,5.623197639770506,13.20515,15.466764,2.2616144500732425,0.23145599999999994,0.26000613,0.02855012974166876
9080,-0.03761300000000012,0.028867694,0.06648069361794007,6.525680000000001,9.839272,3.313591545410155,5.3351500000000005,7.6284146,2.293264630889892,0.051455999999999946,0.04435969,-0.007096308558940834
9090,0.12148799999999993,-0.004179256,-0.12566725603687756,13.471820000000003,8.829918,-4.641902092285159,13.72644,5.530241,-8.196198987426758,0.19930780000000003,-0.0056071985,-0.20491499845816497
9093,0.012386999999999926,0.031033294,0.018646294275403097,12.645680000000002,9.01863,-3.627049972229006,10.635150000000001,7.3148203,-3.320329710388185,0.09645599999999999,0.042602085,-0.0538539154229164
9094,0.012386999999999926,0.031033294,0.018646294275403097,12.325680000000002,9.01863,-3.307049972229006,9.645150000000001,7.3148203,-2.3303297103881846,0.04345599999999994,0.042602085,-0.0008539154229163515
9097,-0.028512000000000093,-0.0101807,0.018331300360977743,7.221820000000001,8.162569,0.9407490460205068,5.696439999999999,5.113884,-0.5825560278320303,0.04630780000000001,0.006947085,-0.03936071520431639
9099,-0.05851200000000012,-0.0101807,0.04833130036097777,5.671820000000004,8.162569,2.490749046020504,1.9864399999999982,5.113884,3.1274439721679705,-0.04369219999999996,0.006947085,0.05063928479568358
9100,-0.05851200000000012,-0.0101807,0.04833130036097777,6.641820000000003,8.162569,1.520749046020505,3.0864399999999996,5.113884,2.027443972167969,-0.03369219999999995,0.006947085,0.04063928479568357
9101,-0.04851200000000011,-0.0101807,0.03833130036097776,7.031820000000003,8.162569,1.1307490460205045,3.5964399999999976,5.113884,1.5174439721679711,-0.03169219999999995,0.006947085,0.03863928479568357
9106,-0.03761300000000012,-0.006066024,0.03154697616222513,6.33568,6.930798,0.5951180537414551,1.8051500000000011,3.2611241,1.4559741340637196,-0.08854400000000007,-0.04326422,0.04527977859997756
9107,-0.057613000000000136,-0.006066024,0.051546976162225144,7.425680000000003,6.930798,-0.4948819462585483,2.805150000000001,3.2611241,0.45597413406371956,-0.06854400000000005,-0.04326422,0.025279778599977543
9108,0.04238699999999995,-0.006066024,-0.048453023837774944,6.705680000000001,6.930798,0.2251180537414541,4.305150000000001,3.2611241,-1.0440258659362804,-0.04854400000000003,-0.04326422,0.005279778599977525
9109,0.002386999999999917,-0.006066024,-0.008453023837774909,6.505680000000002,6.930798,0.4251180537414534,3.7051499999999997,3.2611241,-0.444025865936279,-0.03854400000000002,-0.04326422,-0.004720221400022484
9110,-0.03761300000000012,-0.006066024,0.03154697616222513,6.505680000000002,6.930798,0.4251180537414534,3.305150000000001,3.2611241,-0.04402586593628044,-0.028544000000000014,-0.04326422,-0.014720221400022493
9111,-0.0176130000000001,-0.006066024,0.011546976162225109,6.505680000000002,6.930798,0.4251180537414534,3.2051499999999997,3.2611241,0.05597413406372098,-0.04854400000000003,-0.04326422,0.005279778599977525
9113,-0.04761300000000013,-0.006066024,0.041546976162225135,5.305680000000002,6.930798,1.6251180537414527,0.7051499999999997,3.2611241,2.555974134063721,-0.08854400000000007,-0.04326422,0.04527977859997756
9114,-0.06761300000000015,-0.006066024,0.06154697616222515,6.105680000000003,6.930798,0.825118053741452,1.5051500000000004,3.2611241,1.7559741340637203,-0.06854400000000005,-0.04326422,0.025279778599977543
9138,-0.044613000000000014,-0.0027441657,0.041868834285169854,6.235680000000002,7.327488,1.0918079455566385,2.675150000000002,4.7354975,2.060347474670408,-0.041544000000000025,-0.005056193,0.03648780690157416
9224,-0.0782830000000001,0.004684012,0.0829670119175614,7.660720000000001,9.708254,2.0475338604736315,3.738900000000001,6.9804955,3.2415954528808584,-0.024994799999999984,0.012775883,0.03777068307857512
9226,-0.048283000000000076,0.004684012,0.05296701191756137,8.160720000000001,9.708254,1.5475338604736315,4.238899999999999,6.9804955,2.74159545288086,-0.0449948,0.012775883,0.057770683078575136
9783,-0.057613000000000136,0.04455864,0.10217164056944861,7.305680000000002,8.241955,0.9362748034667945,2.5051500000000004,7.4466786,4.9415286384582515,-0.07854400000000006,0.07953791,0.1580819132032395
9785,-0.11761299999999997,-0.044060364,0.07355263563442227,6.805680000000002,7.7208743,0.9151943095397925,1.0051500000000004,4.311952,3.306802114105224,-0.07854400000000006,-0.0024628916,0.07608110837103432
9787,-0.09761300000000017,0.04455864,0.14217164056944864,6.805680000000002,8.241955,1.4362748034667945,1.6051500000000019,7.4466786,5.84152863845825,-0.06854400000000005,0.07953791,0.1480819132032395
9867,0.14238699999999993,0.028867694,-0.11351930638205998,11.72568,9.839272,-1.8864084545898443,10.03515,7.6284146,-2.406735369110107,0.20145599999999997,0.04435969,-0.15709630855894086
9916,-0.06761300000000015,0.031033294,0.09864629427540317,5.33568,9.01863,3.682950027770996,2.805150000000001,7.3148203,4.509670289611815,0.005456000000000016,0.042602085,0.03714608457708357
9918,-0.04761300000000013,0.031033294,0.07864629427540315,5.705680000000001,9.01863,3.312950027770995,3.105150000000002,7.3148203,4.2096702896118146,0.0014560000000000128,0.042602085,0.041146084577083575
9919,-0.03761300000000012,0.031033294,0.06864629427540314,5.285680000000003,9.01863,3.7329500277709933,4.20515,7.3148203,3.1096702896118167,0.04345599999999994,0.042602085,-0.0008539154229163515
9955,-0.08901000000000003,-0.02155021,0.06745978980720047,6.16159,8.771525,2.609935382995605,1.775079999999999,4.8283267,3.053246702117921,-0.048516400000000015,0.011484916,0.060001316321933285
9956,-0.11600999999999995,-0.02155021,0.09445978980720038,7.261590000000002,8.771525,1.5099353829956037,2.2050800000000024,4.8283267,2.6232467021179176,-0.05051640000000013,0.011484916,0.0620013163219334
10212,-0.03761300000000012,0.028867694,0.06648069361794007,7.935680000000001,9.839272,1.9035915454101549,3.8451500000000003,7.6284146,3.7832646308898923,-0.05554400000000004,0.04435969,0.09990369144105915
10237,-0.02761300000000011,0.028867694,0.05648069361794006,8.185680000000001,9.839272,1.6535915454101549,5.03515,7.6284146,2.593264630889893,-0.006543999999999994,0.04435969,0.05090369144105911
10243,-0.06761300000000015,0.028867694,0.0964806936179401,7.855680000000003,9.839272,1.9835915454101531,3.5451499999999996,7.6284146,4.083264630889893,-0.04654400000000003,0.04435969,0.09090369144105914
10248,-0.06761300000000015,0.028867694,0.0964806936179401,7.855680000000003,9.839272,1.9835915454101531,3.5451499999999996,7.6284146,4.083264630889893,-0.04654400000000003,0.04435969,0.09090369144105914
10596,0.13920299999999997,0.08092668,-0.058276320925235714,4.226890000000001,3.899175,-0.3277150713348398,9.69497,7.8343353,-1.8606346728515621,0.20916060000000003,0.17017448,-0.038986120515441924
10597,0.16020299999999998,0.08092668,-0.07927632092523573,4.3768899999999995,3.899175,-0.47771507133483837,11.15497,7.8343353,-3.320634672851563,0.26916059999999997,0.17017448,-0.09898612051544187
10598,0.11620299999999995,0.08092668,-0.035276320925235694,3.7868899999999996,3.899175,0.11228492866516149,7.76497,7.8343353,0.06936532714843757,0.13816060000000008,0.17017448,0.03201387948455803
10599,0.13920299999999997,0.08092668,-0.058276320925235714,3.8768899999999995,3.899175,0.02228492866516163,8.77497,7.8343353,-0.9406346728515622,0.1691606,0.17017448,0.0010138794845581112
10600,-0.009797000000000056,0.08092668,0.09072367907476431,2.7768900000000016,3.899175,1.1222849286651595,3.8249700000000004,7.8343353,4.009365327148437,0.07716059999999991,0.17017448,0.09301387948455819
10601,0.00020299999999995322,0.08092668,0.0807236790747643,3.046890000000001,3.899175,0.8522849286651599,5.394970000000001,7.8343353,2.439365327148437,0.12916059999999996,0.17017448,0.04101387948455815
10602,0.00020299999999995322,0.08092668,0.0807236790747643,4.01689,3.899175,-0.11771507133483894,6.02497,7.8343353,1.8093653271484378,0.12916059999999996,0.17017448,0.04101387948455815
10603,0.14020299999999997,0.08092668,-0.059276320925235715,4.986889999999999,3.899175,-1.0877150713348378,11.00497,7.8343353,-3.1706346728515626,0.25916059999999996,0.17017448,-0.08898612051544186
10628,0.07325700000000013,0.053459756,-0.01979724392366422,10.961200000000003,9.579999,-1.381201029968265,11.059470000000001,10.157345,-0.9021251818847666,0.12064750000000002,0.14359073,0.0229432334089279
10667,-0.07778499999999999,0.01546205,0.09324705021440982,6.238349999999997,8.77821,2.5398596862793,1.5072500000000026,6.4156413,4.908391307830808,-0.06773589999999996,0.016809676,0.08454557584252353
10923,-0.00012699999999998823,-0.0024314392,-0.002304439235806477,3.0378700000000016,5.5589676,2.5210975903320296,3.4859299999999998,5.7142005,2.2282704966735842,0.08053949999999999,0.064163454,-0.016376046123027788
11012,-0.02761300000000011,0.06448422,0.09209722372341167,7.805680000000002,10.347625,2.541944778747556,4.20515,10.011912,5.806762345886231,-0.03854400000000002,0.102830015,0.1413740151228905
11140,-0.08963300000000007,-0.022236224,0.0673967757360936,7.340070000000001,8.127695,0.7876250836181633,3.934049999999999,6.9910483,3.0569983360290536,0.0040840000000000876,0.08137693,0.07729293256139746
11141,-0.03963300000000003,-0.022236224,0.01739677573609355,7.6400700000000015,8.127695,0.4876250836181626,5.63405,6.9910483,1.3569983360290525,0.04408400000000001,0.08137693,0.03729293256139754
11142,-0.06963300000000006,-0.022236224,0.04739677573609358,7.54007,8.127695,0.587625083618164,6.13405,6.9910483,0.8569983360290525,0.04408400000000001,0.08137693,0.03729293256139754
11143,-0.03963300000000003,-0.022236224,0.01739677573609355,7.840070000000001,8.127695,0.2876250836181633,7.73405,6.9910483,-0.7430016639709471,0.13408399999999998,0.08137693,-0.05270706743860243
11144,0.10036699999999998,-0.022236224,-0.12260322426390646,8.640070000000001,8.127695,-0.5123749163818374,13.23405,6.9910483,-6.243001663970947,0.28408400000000006,0.08137693,-0.2027070674386025
11236,-0.02761300000000011,0.028562788,0.0561757879202367,10.105680000000003,9.607437,-0.4982428662109406,6.805150000000001,8.945263,2.1401129089355457,0.0014560000000000128,0.08772457,0.08626856645965575
11258,-0.031074999999999964,-0.04437244,-0.013297439384460485,4.4877199999999995,4.6962113,0.2084913380432134,4.945819999999998,5.345405,0.3995851017761254,0.08829010000000004,0.1106418,0.02235169986715313
11259,-0.031074999999999964,-0.04437244,-0.013297439384460485,4.637719999999998,4.6962113,0.058491338043214824,5.215819999999999,5.345405,0.12958510177612403,0.09829009999999994,0.1106418,0.012351699867153232
11260,-0.031074999999999964,-0.04437244,-0.013297439384460485,4.53772,4.6962113,0.1584913380432127,6.015819999999998,5.345405,-0.6704148982238749,0.14829009999999998,0.1106418,-0.03764830013284681
11269,0.1522150000000001,0.01546205,-0.13675294978559027,17.63835,8.77821,-8.860140313720702,16.39725,6.4156413,-9.98160869216919,0.2922641,0.016809676,-0.27545442415747645
11270,0.13221500000000008,0.01546205,-0.11675294978559025,16.13835,8.77821,-7.360140313720702,14.437250000000002,6.4156413,-8.021608692169192,0.16226410000000002,0.016809676,-0.14545442415747645
11271,0.08221500000000015,0.01546205,-0.06675294978559032,15.138349999999999,8.77821,-6.360140313720702,12.847250000000003,6.4156413,-6.431608692169192,0.10226410000000008,0.016809676,-0.0854544241574765
11273,0.032215000000000105,0.01546205,-0.016752949785590276,13.338349999999998,8.77821,-4.5601403137207015,10.43725,6.4156413,-4.02160869216919,0.04226410000000003,0.016809676,-0.025454424157476452
11274,0.022215000000000096,0.01546205,-0.006752949785590268,11.238349999999997,8.77821,-2.4601403137207,8.087250000000001,6.4156413,-1.6716086921691904,-0.007735899999999907,0.016809676,0.02454557584252348
11275,0.08221500000000015,0.01546205,-0.06675294978559032,15.438349999999998,8.77821,-6.660140313720701,14.35725,6.4156413,-7.94160869216919,0.21226410000000007,0.016809676,-0.1954544241574765
11312,0.05221500000000012,0.014976888,-0.03723811203628791,7.8683499999999995,9.458248,1.5898981384277349,6.747250000000001,6.4692574,-0.27799264526367296,0.02226410000000001,-0.0022088352,-0.024472935212513813
11313,0.07221500000000014,0.014976888,-0.057238112036287925,6.34835,9.458248,3.1098981384277344,6.177250000000001,6.4692574,0.29200735473632733,0.0122641,-0.0022088352,-0.014472935212513804
11397,-0.10716480000000006,-0.048126962,0.059037837964105666,6.7603100000000005,6.3808374,-0.37947255950927783,2.82747,4.744426,1.9169557736206055,-0.05968600000000002,-0.028943479,0.030742520938873308
11399,-0.005665999999999949,0.038614124,0.04428012405967707,12.34627,11.403585,-0.9426845660400396,9.28789,9.248218,-0.03967241729736415,0.025034400000000012,0.014630865,-0.010403534694337857
11400,-0.003174999999999928,0.025318973,0.02849397276639931,3.362940000000002,5.4613314,2.098391367492674,2.7921299999999984,4.861272,2.0691418582153336,0.019739300000000015,0.031248763,0.011509463203620895
11733,0.07214300000000007,0.08809686,0.015953857070922783,10.011790000000001,10.063922,0.05213192840576042,9.760409999999998,9.991134,0.23072368988037262,0.06292330000000002,0.091042936,0.02811963584823607
11736,0.03214300000000003,0.08809686,0.05595385707092282,10.191790000000001,10.063922,-0.1278680715942393,9.27041,9.991134,0.720723689880371,0.0429233,0.091042936,0.048119635848236086
11737,0.08214299999999997,0.08809686,0.0059538570709228855,9.98179,10.063922,0.08213192840576156,10.170409999999999,9.991134,-0.17927631011962752,0.07292330000000002,0.091042936,0.01811963584823606
11738,0.11214299999999999,0.08809686,-0.02404614292907714,9.721789999999999,10.063922,0.3421319284057631,10.39041,9.991134,-0.39927631011962816,0.07292330000000002,0.091042936,0.01811963584823606
11739,0.03214300000000003,0.08809686,0.05595385707092282,10.191790000000001,10.063922,-0.1278680715942393,9.27041,9.991134,0.720723689880371,0.0429233,0.091042936,0.048119635848236086
11740,0.07214300000000007,0.08809686,0.015953857070922783,9.46179,10.063922,0.6021319284057611,9.31041,9.991134,0.6807236898803719,0.06292330000000002,0.091042936,0.02811963584823607
11741,0.08214299999999997,0.08809686,0.0059538570709228855,9.201789999999999,10.063922,0.8621319284057627,9.98041,9.991134,0.010723689880371978,0.09292329999999993,0.091042936,-0.001880364151763847
11765,0.03621500000000011,0.018476922,-0.0177380779349805,7.8683499999999995,7.637483,-0.2308668800353999,8.407250000000001,6.3077917,-2.099458290100099,0.11226410000000009,0.039987527,-0.07227657316598901
11773,-0.07377500000000015,0.044331413,0.11810641276240363,10.026040000000002,14.80927,4.78322990509033,7.631529999999998,14.561483,6.929953383178713,0.030508800000000003,0.14076689,0.11025808885688781
11800,-0.0330410000000001,-0.015596975,0.017444025358915427,7.41066,7.446176,0.035516052093505834,10.69454,9.982965,-0.7115745306396484,0.23754930000000007,0.17889243,-0.05865686635665901
11801,-0.008383999999999947,-0.01648254,-0.008098539474964195,6.91039,7.994946,1.0845560029602055,8.588189999999999,9.428439,0.8402491403198251,0.1426423,0.16451411,0.02187180949230194
11802,-0.038383999999999974,-0.01648254,0.021901460525035832,6.91039,7.994946,1.0845560029602055,7.9881899999999995,9.428439,1.4402491403198248,0.1326423,0.16451411,0.03187180949230195
11803,-0.068384,-0.01648254,0.05190146052503586,6.110389999999999,7.994946,1.8845560029602062,6.688189999999999,9.428439,2.7402491403198255,0.12364229999999998,0.16451411,0.04087180949230196
11804,-0.028383999999999965,-0.01648254,0.011901460525035823,7.21039,7.994946,0.7845560029602048,9.28819,9.428439,0.14024914031982405,0.17664230000000003,0.16451411,-0.012128190507698089
11805,0.01161600000000007,-0.01648254,-0.028098539474964213,8.71039,7.994946,-0.7154439970397952,12.28819,9.428439,-2.859750859680176,0.2546423000000001,0.16451411,-0.09012819050769816
11981,0.07238699999999998,0.07868212,0.006295117164135,13.175680000000002,11.42587,-1.7498100582885758,13.54515,12.023982,-1.5211679519653316,0.22845600000000005,0.18294875,-0.045507246762275744
11982,0.08238699999999999,0.07868212,-0.0037048828358650088,14.605680000000001,11.42587,-3.1798100582885755,14.20515,12.023982,-2.1811679519653318,0.26545599999999997,0.18294875,-0.08250724676227567
12001,0.03315899999999994,0.13829944,0.10514043537712103,12.967910000000003,13.149228,0.1813180960082974,16.3201,17.932064,1.6119640563964843,0.3273436000000001,0.38449293,0.057149333750152465
12002,0.04315899999999995,0.13829944,0.09514043537712102,13.667910000000003,13.149228,-0.5186819039917019,17.5601,17.932064,0.3719640563964859,0.37834360000000006,0.38449293,0.00614933375015253
12032,0.12238699999999991,0.07868212,-0.04370488283586493,11.40568,11.42587,0.02018994171142552,12.215150000000001,12.023982,-0.19116795196533332,0.17145599999999994,0.18294875,0.011492753237724362
12033,0.1123869999999999,0.07868212,-0.033704882835864924,6.425680000000003,11.42587,5.000189941711422,10.01515,12.023982,2.0088320480346677,0.18145599999999995,0.18294875,0.0014927532377243535
12054,-0.008027000000000006,0.015603213,0.023630212639689452,11.822220000000002,13.090509,1.26828941467285,8.515290000000002,9.898198,1.38290812774658,0.009383700000000106,0.030645607,0.021261907039332284
12055,-0.01693699999999998,-0.016624268,0.0003127318556308545,18.31426,14.889829,-3.4244313180542,12.347019999999999,9.920207,-2.4268129763793933,-0.007008199999999909,-0.004918998,0.002089201892685799
12056,-0.062287800000000004,-0.0163678,0.04591999946622849,6.872430000000001,7.772932,0.9005020526123033,4.446389999999999,6.4526596,2.0062696069335946,0.010692499999999883,0.033130128,0.022437627936601756
12454,0.6049899999999999,0.06377428,-0.5412157197499274,19.72159,11.525938,-8.195651965942382,19.26508,8.798727,-10.46635296447754,0.42248359999999996,0.05418126,-0.36830234087452884
12455,0.27498999999999996,0.06377428,-0.21121571974992748,17.19159,11.525938,-5.665651965942384,18.19508,8.798727,-9.39635296447754,0.4554836,0.05418126,-0.4013023408745289
12499,-0.07901000000000002,0.06377428,0.1427842802500725,11.851590000000002,11.525938,-0.32565196594238444,8.05508,8.798727,0.7436470355224607,0.030483600000000055,0.05418126,0.02369765912547106
12501,-0.022010000000000085,0.06377428,0.08578428025007256,16.32159,11.525938,-4.795651965942383,11.28508,8.798727,-2.4863529644775397,-0.007516399999999979,0.05418126,0.061697659125471094
12639,0.3685139999999999,0.20609768,-0.16241632264995565,14.963110000000002,11.954226,-3.0088844598388693,16.182830000000003,13.055351,-3.127478742675784,0.23898579999999991,0.1764351,-0.06255070194797507
12640,0.3685139999999999,0.20609768,-0.16241632264995565,16.46311,11.954226,-4.5088844598388675,15.882830000000002,13.055351,-2.8274787426757833,0.23898579999999991,0.1764351,-0.06255070194797507
12641,-0.007784999999999931,0.021079259,0.028864258993267944,10.238349999999997,8.948309,-1.2900410552978485,11.387250000000002,8.617184,-2.7700663146972673,0.22226410000000008,0.067327306,-0.15493679432544716
12818,0.14238699999999993,0.04455864,-0.09782835943055146,7.205680000000001,8.241955,1.036274803466796,12.40515,7.4466786,-4.958471361541749,0.273456,0.07953791,-0.19391808679676054
12820,0.006215000000000082,0.01546205,0.009247050214409747,6.488349999999997,8.77821,2.2898596862793,5.007250000000001,6.4156413,1.4083913078308097,0.0122641,0.016809676,0.004545575842523575
12912,0.02049000000000012,-0.008968764,-0.0294587639847399,6.282160000000001,6.8513165,0.5691564520263661,6.083500000000001,6.0823894,-0.001110645294190249,0.048228600000000066,0.046013907,-0.0022146934019089404
13148,-0.03778499999999996,0.01546205,0.053247050214409786,12.52835,8.77821,-3.750140313720703,12.997250000000001,6.4156413,-6.5816086921691905,0.26726410000000006,0.016809676,-0.2504544241574765
13200,0.33618000000000003,0.30531207,-0.030867932729721104,9.416830000000001,10.017354,0.6005240115356436,12.889339999999999,12.406449,-0.48289068206787,0.24011690000000002,0.18739827,-0.05271863022747042
13202,0.26217999999999997,0.30531207,0.04313206727027896,8.47683,10.017354,1.5405240115356449,12.17934,12.406449,0.22710931793212907,0.1671169,0.18739827,0.02028136977252959
13203,0.3081800000000001,0.30531207,-0.00286793272972119,9.40683,10.017354,0.6105240115356452,12.17934,12.406449,0.22710931793212907,0.2071169,0.18739827,-0.01971863022747039
13205,0.2961800000000001,0.30531207,0.00913206727027882,11.99683,10.017354,-1.9794759884643547,12.37934,12.406449,0.027109317932129784,0.1451169,0.18739827,0.04228136977252961
13246,-0.04996500000000004,0.046662852,0.09662785216808323,10.0657,11.016532,0.9508319442749027,7.368500000000001,9.295592,1.9270923080444327,0.046205199999999946,0.11853334,0.07232814307670599
13310,0.08238699999999999,0.13665637,0.054269373739242566,26.56568,15.944087,-10.621592971496582,19.00515,13.5169935,-5.4881564773559575,0.061455999999999955,0.09203779,0.030581789523601577
13312,0.19238699999999997,0.13665637,-0.05573062626075742,16.77568,15.944087,-0.8315929714965833,15.305150000000001,13.5169935,-1.7881564773559582,0.18145599999999995,0.09203779,-0.08941821047639842
13411,-0.009613000000000094,0.03581727,0.045430269235849474,9.205680000000001,9.450297,0.2446173556518545,8.50515,7.6783867,-0.8267633117675786,-0.03854400000000002,0.008110601,0.046654601454973244
13412,0.035386999999999946,0.03581727,0.0004302692358494342,10.205680000000001,9.450297,-0.7553826443481455,7.20515,7.6783867,0.47323668823242215,-0.018544000000000005,0.008110601,0.026654601454973226
13456,-0.03168099999999985,-0.0046971664,0.0269838336167334,13.923570000000002,14.088903,0.16533342712402188,6.96186,8.242194,1.2803341757202151,-0.11187360000000002,-0.042478096,0.06939550425992014
13457,0.003319000000000072,-0.0046971664,-0.00801616638326652,14.32357,14.088903,-0.2346665728759767,9.35186,8.242194,-1.1096658242797854,-0.0028736000000000317,-0.042478096,-0.03960449574007985
13458,0.0073190000000000754,-0.0046971664,-0.012016166383266524,14.11357,14.088903,-0.024666572875975845,9.00186,8.242194,-0.7596658242797858,-0.04487359999999996,-0.042478096,0.002395504259920078
13460,-0.0836809999999999,-0.0046971664,0.07898383361673345,12.563570000000002,14.088903,1.5253334271240213,5.391860000000001,8.242194,2.8503341757202136,-0.09387359999999989,-0.042478096,0.05139550425992001
13461,-0.04668099999999997,-0.0046971664,0.041983833616733524,13.62357,14.088903,0.4653334271240226,7.251860000000001,8.242194,0.9903341757202142,-0.042873599999999956,-0.042478096,0.00039550425992007643
13464,-0.05568099999999987,-0.0046971664,0.05098383361673342,18.60357,14.088903,-4.514666572875978,10.72186,8.242194,-2.4796658242797847,-0.1038735999999999,-0.042478096,0.06139550425992002
13500,-0.07701100000000016,-0.03548975,0.04152125083661096,5.6616,6.441106,0.7795058425903321,4.678630000000002,5.94714,1.2685102168273907,0.06455220000000006,0.11140141,0.04684920891075128
13506,0.081488,0.061488315,-0.019999684536933904,7.041820000000001,10.542759,3.5009389416503893,5.616439999999999,8.031122,2.4146822076416026,-0.028692199999999946,-0.014890009,0.01380219139398331
13507,0.11148799999999992,0.061488315,-0.04999968453693382,14.341820000000002,10.542759,-3.7990610583496114,11.216439999999999,8.031122,-3.185317792358397,-0.0026922000000000335,-0.014890009,-0.012197808606016602
13917,0.0016650000000000276,0.019110559,0.017445558554530116,9.707340000000002,8.433649,-1.2736909368896505,16.0613,6.8977013,-9.163598736572265,0.3153228,0.050295223,-0.26502757744936944
13918,-0.03733500000000012,0.019110559,0.05644555855453026,8.006340000000005,8.433649,0.42730906311034644,9.9613,6.8977013,-3.0635987365722652,0.14132280000000008,0.050295223,-0.09102757744936951
13919,-0.04433499999999979,0.019110559,0.06344555855452993,7.1973400000000005,8.433649,1.236309063110351,4.561299999999999,6.8977013,2.336401263427735,-0.002677199999999935,0.050295223,0.052972422550630505
14030,-0.0014199999999999768,0.0039042549,0.005324254874214507,11.15417,11.1242895,-0.02988048736572324,9.649430000000002,9.648055,-0.0013749234008813005,0.027506600000000048,0.03638251,0.008875911258125257
14038,-0.0014199999999999768,0.0039042549,0.005324254874214507,11.15417,11.1242895,-0.02988048736572324,9.649430000000002,9.648055,-0.0013749234008813005,0.027506600000000048,0.03638251,0.008875911258125257
14042,-0.0014199999999999768,0.0039042549,0.005324254874214507,11.15417,11.1242895,-0.02988048736572324,9.649430000000002,9.648055,-0.0013749234008813005,0.027506600000000048,0.03638251,0.008875911258125257
14092,0.08162799999999992,0.07325698,-0.008371023097515029,4.74099,6.4937735,1.7527834603881836,6.13702,7.02581,0.8887897648620608,0.049590800000000046,0.08535668,0.03576588253898616
14102,0.271717,0.21902393,-0.052693071953773485,6.360720000000001,8.414653,2.053932824401855,14.838899999999999,12.597595,-2.241304785156249,0.3750052,0.3125917,-0.062413498254013045
14156,0.04011589999999998,0.14016433,0.10004843060169222,4.493789999999997,6.9193034,2.4255134172058135,5.065109999999999,5.325271,0.2601611296081554,0.05518109999999998,0.045239534,-0.009941565770959837
14222,0.04642499999999994,0.041740533,-0.004684467035531936,3.9513099999999994,7.503119,3.551808991851807,4.79749,6.771255,1.9737650163269045,0.052842899999999915,0.04824111,-0.0046017913440703495
14298,-0.04761300000000013,0.028867694,0.07648069361794008,10.855680000000003,9.839272,-1.0164084545898469,5.905150000000001,7.6284146,1.7232646308898918,-0.05854400000000004,0.04435969,0.10290369144105915
14299,-0.06761300000000015,0.028867694,0.0964806936179401,7.505680000000002,9.839272,2.3335915454101546,2.0051500000000004,7.6284146,5.623264630889892,-0.09854400000000008,0.04435969,0.1429036914410592
14842,-0.04365400000000008,-0.0025687988,0.0410852011618168,6.4251400000000025,8.886572,2.461431884155271,5.555130000000002,6.823171,1.2680411387634258,0.04789370000000004,0.06378059,0.015886890891838035
14981,0.06538699999999997,0.04455864,-0.020828359430551502,2.295680000000001,8.241955,5.946274803466796,9.03515,7.4466786,-1.5884713615417478,0.24845600000000007,0.07953791,-0.16891808679676062
15048,0.03638699999999995,0.03581727,-0.0005697307641505667,9.785680000000003,9.450297,-0.33538264434814735,8.67515,7.6783867,-0.9967633117675785,0.0044559999999999045,0.008110601,0.0036546014549733163
15049,0.013387000000000038,0.03581727,0.022430269235849343,9.805680000000002,9.450297,-0.3553826443481469,7.135150000000001,7.6783867,0.5432366882324207,0.0024559999999999027,0.008110601,0.005654601454973318
15050,0.03838699999999995,0.03581727,-0.0025697307641505684,10.105680000000003,9.450297,-0.6553826443481476,8.17515,7.6783867,-0.4967633117675785,0.028456000000000037,0.008110601,-0.020345398545026816
15051,0.08938699999999988,0.03581727,-0.0535697307641505,9.88568,9.450297,-0.4353826443481452,7.385150000000001,7.6783867,0.29323668823242066,0.00045600000000001195,0.008110601,0.007654601454973209
15052,0.03138699999999994,0.03581727,0.004430269235849438,9.81568,9.450297,-0.36538264434814494,7.42515,7.6783867,0.2532366882324215,0.0034560000000000146,0.008110601,0.004654601454973206
15094,-0.04814300000000005,-0.00854743,0.03959557007330661,8.716320000000003,9.824087,1.1077671429443328,7.351320000000001,9.148312,1.7969916149902332,0.047267599999999965,0.12523383,0.07796622902145389
15096,-0.04814300000000005,-0.00854743,0.03959557007330661,8.316320000000005,9.824087,1.5077671429443313,7.341320000000001,9.148312,1.806991614990233,0.06726759999999998,0.12523383,0.057966229021453874
15097,0.19216200000000005,0.03649613,-0.15566587111306196,19.21571,12.04921,-7.166500405273439,16.382050000000003,8.798951,-7.583098851013187,0.21253600000000006,0.04808847,-0.16444753138875967
15098,-0.007838000000000012,0.03649613,0.04433412888693811,9.115710000000004,12.04921,2.933499594726559,5.082050000000002,8.798951,3.716901148986814,-0.05846399999999996,0.04808847,0.10655246861124035
15105,-0.00583800000000001,0.029100891,0.03493889120268823,8.115710000000004,9.995122,1.8794119558715785,6.082050000000002,7.5325565,1.4505065338134742,0.023536,0.015909854,-0.007626145677328111
15107,-0.010837999999999903,0.026243174,0.037081174448609255,9.115710000000004,10.610329,1.4946186743164027,6.082050000000002,8.023125,1.9410746948242164,-0.006463999999999914,0.049354266,0.05581826637530318
15108,0.012162000000000006,-1.5309995e-05,-0.012177309995433205,10.115710000000004,9.285818,-0.8298919000244176,7.782050000000002,5.8646755,-1.9173744781494158,0.03153600000000001,0.011710107,-0.01982589267349244
15179,-0.008820999999999968,-0.019318674,-0.0104976737596989,3.33315,4.5568147,1.2236646705627443,3.6633700000000005,4.5483794,0.8850094212341304,0.060435600000000034,0.07542278,0.01498717872562405
15180,-0.028820999999999986,-0.019318674,0.009502326240301118,2.6231500000000025,4.5568147,1.9336646705627416,2.7833700000000015,4.5483794,1.7650094212341294,0.05643560000000014,0.07542278,0.018987178725623943
15182,-0.028820999999999986,-0.019318674,0.009502326240301118,3.1231500000000025,4.5568147,1.4336646705627416,3.933370000000002,4.5483794,0.615009421234129,0.08943560000000006,0.07542278,-0.014012821274375975
15183,-0.018820999999999977,-0.019318674,-0.0004976737596988912,5.49315,4.5568147,-0.9363353294372558,6.133370000000001,4.5483794,-1.5849905787658702,0.11743560000000008,0.07542278,-0.042012821274376
15184,-0.048821,-0.019318674,0.029502326240301135,4.83315,4.5568147,-0.2763353294372557,4.403370000000001,4.5483794,0.1450094212341302,0.07743560000000005,0.07542278,-0.0020128212743759644
15185,-0.048821,-0.019318674,0.029502326240301135,4.0131499999999996,4.5568147,0.5436646705627446,3.503370000000002,4.5483794,1.0450094212341288,0.05743560000000003,0.07542278,0.017987178725624053
15186,-0.048821,-0.019318674,0.029502326240301135,4.81315,4.5568147,-0.2563353294372561,4.713370000000001,4.5483794,-0.1649905787658703,0.08743560000000006,0.07542278,-0.012012821274375973
15187,-0.048821,-0.019318674,0.029502326240301135,5.2631499999999996,4.5568147,-0.7063353294372554,5.2433700000000005,4.5483794,-0.6949905787658697,0.09743560000000007,0.07542278,-0.022012821274375982
15189,0.01117900000000005,-0.019318674,-0.030497673759698918,3.9231499999999997,4.5568147,0.6336646705627444,5.323370000000001,4.5483794,-0.7749905787658697,0.10743560000000008,0.07542278,-0.03201282127437599
15190,-0.018820999999999977,-0.019318674,-0.0004976737596988912,4.65315,4.5568147,-0.09633532943725598,5.153370000000001,4.5483794,-0.6049905787658698,0.09743560000000007,0.07542278,-0.022012821274375982
15191,-0.038820999999999994,-0.019318674,0.019502326240301127,4.17315,4.5568147,0.38366467056274445,3.423370000000002,4.5483794,1.1250094212341288,0.04743560000000002,0.07542278,0.027987178725624062
15194,0.01117900000000005,-0.019318674,-0.030497673759698918,3.9731500000000004,4.5568147,0.5836646705627437,5.393370000000001,4.5483794,-0.84499057876587,0.10743560000000008,0.07542278,-0.03201282127437599
15195,-0.008820999999999968,-0.019318674,-0.0104976737596989,3.453150000000001,4.5568147,1.1036646705627433,3.813370000000001,4.5483794,0.73500942123413,0.06743560000000004,0.07542278,0.007987178725624045
15196,-0.038820999999999994,-0.019318674,0.019502326240301127,3.393150000000002,4.5568147,1.163664670562742,2.8233700000000006,4.5483794,1.7250094212341303,0.04743560000000002,0.07542278,0.027987178725624062
15832,0.16282600000000003,0.24826546,0.08543946013355253,16.43832,16.69244,0.25412003295898344,13.98673,15.177968,1.1912380252075199,0.07779709999999995,0.11818113,0.0403840317801476
15833,0.142826,0.24826546,0.10543946013355254,16.338320000000003,16.69244,0.3541200329589813,13.88673,15.177968,1.2912380252075195,0.09779709999999997,0.11818113,0.020384031780147582
15834,0.252826,0.24826546,-0.004560539866447444,13.238320000000002,16.69244,3.4541200329589827,13.48673,15.177968,1.6912380252075199,0.09779709999999997,0.11818113,0.020384031780147582
15835,0.31282600000000005,0.24826546,-0.0645605398664475,17.03832,16.69244,-0.3458799670410144,15.38673,15.177968,-0.2087619747924805,0.08779709999999996,0.11818113,0.03038403178014759
15836,0.30282600000000004,0.24826546,-0.05456053986644749,18.838320000000003,16.69244,-2.1458799670410187,16.28673,15.177968,-1.108761974792479,0.09779709999999997,0.11818113,0.020384031780147582
15837,0.30282600000000004,0.24826546,-0.05456053986644749,20.338320000000003,16.69244,-3.6458799670410187,16.88673,15.177968,-1.7087619747924805,0.09779709999999997,0.11818113,0.020384031780147582
15843,0.21282599999999996,0.24826546,0.03543946013355259,13.63832,16.69244,3.054120032958984,14.18673,15.177968,0.9912380252075188,0.1477970999999999,0.11818113,-0.02961596821985235
15844,0.262826,0.24826546,-0.014560539866447453,15.13832,16.69244,1.5541200329589842,15.78673,15.177968,-0.6087619747924808,0.17779709999999993,0.11818113,-0.05961596821985238
15845,0.29282600000000003,0.24826546,-0.04456053986644748,18.73832,16.69244,-2.0458799670410173,17.48673,15.177968,-2.308761974792482,0.23779709999999998,0.11818113,-0.11961596821985243
15846,0.252826,0.24826546,-0.004560539866447444,18.73832,16.69244,-2.0458799670410173,16.48673,15.177968,-1.308761974792482,0.10779709999999998,0.11818113,0.010384031780147573
16106,0.0015540000000000553,0.037932754,0.03637875356292719,8.90036,11.80452,2.9041596533203133,5.6126000000000005,8.321103,2.7085030960083003,-0.037971599999999994,0.0023173345,0.040288934525287146
16107,0.0015540000000000553,0.037932754,0.03637875356292719,11.50036,11.80452,0.3041596533203119,7.6126000000000005,8.321103,0.7085030960083003,-0.037971599999999994,0.0023173345,0.040288934525287146
16109,0.03155400000000008,0.037932754,0.006378753562927164,10.600360000000002,11.80452,1.2041596533203105,8.632600000000002,8.321103,-0.31149690399170105,0.019028400000000056,0.0023173345,-0.016711065474712905
16140,-0.007784999999999931,-0.0509004,-0.043115399684906075,6.738349999999997,7.134894,0.3965438941955597,4.637250000000002,4.1555624,-0.48168759918213055,0.002264100000000102,-0.0061717457,-0.008435845713800294
16141,-0.007784999999999931,0.014976888,0.022761887963712146,4.788349999999998,9.458248,4.669898138427737,2.3972499999999997,6.4692574,4.0720073547363285,-0.03773589999999993,-0.0022088352,0.03552706478748613
16142,0.002215000000000078,0.014976888,0.012761887963712137,5.658349999999999,9.458248,3.7998981384277357,4.2272500000000015,6.4692574,2.2420073547363266,0.002264100000000102,-0.0022088352,-0.004472935212513907
16143,0.002215000000000078,0.014976888,0.012761887963712137,4.77835,9.458248,4.679898138427735,3.1472499999999997,6.4692574,3.3220073547363285,-0.007735899999999907,-0.0022088352,0.005527064787486102
16144,0.002215000000000078,0.014976888,0.012761887963712137,4.77835,9.458248,4.679898138427735,3.1472499999999997,6.4692574,3.3220073547363285,-0.007735899999999907,-0.0022088352,0.005527064787486102
16145,-0.007784999999999931,0.014976888,0.022761887963712146,4.788349999999998,9.458248,4.669898138427737,2.327250000000003,6.4692574,4.142007354736325,-0.03773589999999993,-0.0022088352,0.03552706478748613
16147,0.002215000000000078,0.014976888,0.012761887963712137,5.18835,9.458248,4.269898138427735,3.05725,6.4692574,3.4120073547363283,-0.027735899999999925,-0.0022088352,0.02552706478748612
16148,-0.007784999999999931,0.014976888,0.022761887963712146,4.798349999999999,9.458248,4.659898138427735,2.3472500000000025,6.4692574,4.122007354736326,-0.03773589999999993,-0.0022088352,0.03552706478748613
16346,0.012386999999999926,0.035255786,0.022868786031484678,6.505680000000002,9.25954,2.75385960418701,6.805150000000001,7.6887584,0.8836083732604969,0.09145599999999998,0.03444149,-0.057014510273694974
16355,0.022386999999999935,0.22733139,0.2049443850164414,12.505680000000002,16.010088,3.5044079669189436,11.50515,13.77957,2.2744196258544918,0.14145599999999992,0.15728359,0.01582758924388894
16356,0.022386999999999935,0.22733139,0.2049443850164414,12.505680000000002,16.010088,3.5044079669189436,11.50515,13.77957,2.2744196258544918,0.14145599999999992,0.15728359,0.01582758924388894
16357,0.07238699999999998,0.22733139,0.15494438501644137,12.005680000000002,16.010088,4.004407966918944,11.50515,13.77957,2.2744196258544918,0.14145599999999992,0.15728359,0.01582758924388894
16358,0.3723869999999999,0.22733139,-0.14505561498355857,13.005680000000002,16.010088,3.0044079669189436,15.50515,13.77957,-1.7255803741455082,0.19145599999999996,0.15728359,-0.034172410756111105
16360,0.822387,0.22733139,-0.5950556149835586,29.00568,16.010088,-12.995592033081056,20.50515,13.77957,-6.725580374145508,0.44145599999999996,0.15728359,-0.2841724107561111
16382,-0.057784999999999975,0.01546205,0.0732470502144098,6.388349999999999,8.77821,2.389859686279298,2.9472500000000004,6.4156413,3.46839130783081,-0.027735899999999925,0.016809676,0.0445455758425235
16383,-0.06778499999999998,0.01546205,0.08324705021440981,6.218349999999997,8.77821,2.5598596862792995,1.8872500000000016,6.4156413,4.528391307830809,-0.05773589999999995,0.016809676,0.07454557584252353
16384,-0.06778499999999998,0.01546205,0.08324705021440981,5.268349999999998,8.77821,3.509859686279299,0.2872500000000002,6.4156413,6.12839130783081,-0.08973589999999998,0.016809676,0.10654557584252355
16399,-0.012589300000000025,-0.026484821,-0.013895520991754506,7.345469999999999,7.8736777,0.5282077305603039,6.052990000000001,6.649551,0.5965609147644031,0.03577780000000008,0.0807972,0.04501940288515083
16400,-0.04258930000000005,-0.026484821,0.01610447900824552,7.205470000000002,7.8736777,0.6682077305603009,5.93299,6.649551,0.7165609147644041,0.0557778000000001,0.0807972,0.02501940288515081
16401,-0.03258930000000004,-0.026484821,0.006104479008245511,6.725470000000001,7.8736777,1.1482077305603013,5.722990000000001,6.649551,0.9265609147644032,0.0557778000000001,0.0807972,0.02501940288515081
16402,-0.08258930000000009,-0.026484821,0.056104479008245556,7.165469999999999,7.8736777,0.7082077305603036,5.36299,6.649551,1.2865609147644044,0.0557778000000001,0.0807972,0.02501940288515081
16403,-0.05125869999999999,0.040894046,0.09215274642581939,6.4666999999999994,8.926838,2.4601379211425787,5.704930000000001,7.701066,1.996136017150878,0.09579910000000003,0.14726181,0.05146271328296659
16487,0.05927900000000008,0.056724627,-0.002554373429060064,7.8967600000000004,9.036486,1.1397256719970699,11.47757,11.935712,0.45814186065673823,0.26938680000000004,0.19354637,-0.07584043032817844
16540,-0.02723500000000012,-0.0003656678,0.026869332198184104,7.75046,8.020344,0.2698837805175778,7.6053599999999975,9.237619,1.6322594000244166,0.08608870000000002,0.13882717,0.05273847490196226
16541,-0.04823500000000003,-0.0003656678,0.04786933219818401,7.4104600000000005,8.020344,0.6098837805175776,6.675359999999998,9.237619,2.5622594000244163,0.0660887,0.13882717,0.07273847490196228
16551,0.022386999999999935,0.06611899,0.04373199286508567,11.65568,13.806016,2.1503359683227536,8.40515,10.095881,1.6907314620971672,-0.05854400000000004,0.04906279,0.10760678848648075
16629,0.11544300000000007,0.07778746,-0.03765554110336311,6.32394,6.6264195,0.30247954421997036,9.718829999999999,9.5554495,-0.16338051422119015,0.14842279999999997,0.13380623,-0.014616571362304653
16630,0.10144300000000006,0.07778746,-0.023655541103363098,6.123940000000001,6.6264195,0.5024795442199697,9.018829999999998,9.5554495,0.5366194857788109,0.13842279999999996,0.13380623,-0.0046165713623046445
16650,0.05253400000000008,0.051854376,-0.0006796242501736494,10.846149999999998,11.199683,0.3535331893920919,11.288349999999998,9.467124,-1.8212260147094703,0.16681619999999997,0.024183853,-0.14263234740192887
16654,0.002215000000000078,-0.001788645,-0.004003645051419813,7.958349999999999,10.617339,2.6589891342163092,6.397250000000001,10.062548,3.665297683715819,0.04226410000000003,0.12430357,0.08203947187986371
16755,-0.0176130000000001,0.028867694,0.04648069361794005,8.805680000000002,9.839272,1.0335915454101539,6.405150000000001,7.6284146,1.2232646308898918,0.03145599999999993,0.04435969,0.012903691441059184
16756,-0.007613000000000092,-0.0060783834,0.001534616580337378,11.805680000000002,10.428975,-1.3767048947143579,9.805150000000001,7.598229,-2.206921068572999,0.09145599999999998,0.02372163,-0.06773437024629114
16761,0.07763999999999993,0.094032265,0.016392265245914528,16.353350000000002,13.735445,-2.6179049774169947,16.680770000000003,15.506147,-1.1746226153564479,0.12271939999999992,0.13854684,0.0158274393564225
16762,0.08826400000000001,0.095180385,0.006916384814739218,8.05084,10.448377,2.3975366555786124,9.480569999999998,11.507301,2.026731330566408,0.12744659999999997,0.13382208,0.006375483473205601
16763,0.20370399999999989,0.18105409,-0.022649914506912117,13.32169,12.933003,-0.3886865744018557,14.786100000000001,14.176775,-0.6093250213623058,0.20708840000000006,0.12907079,-0.0780176113780976
16861,-0.057613000000000136,0.031033294,0.08864629427540316,8.575680000000002,9.01863,0.4429500277709941,4.995150000000001,7.3148203,2.3196702896118158,-0.008543999999999996,0.042602085,0.051146084577083584
16893,-0.057613000000000136,0.02992907,0.08754206980216517,7.2156800000000025,9.771815,2.5561352999877904,2.895150000000001,7.931184,5.03603381500244,-0.04854400000000003,0.05129199,0.09983599102520946
17144,0.06851399999999996,0.034999307,-0.033514692754983866,9.263110000000001,8.406713,-0.856397467956544,9.882830000000002,8.426203,-1.4566272259521504,0.10898579999999991,0.12649816,0.017512362746429533
17145,0.06851399999999996,0.034999307,-0.033514692754983866,9.363110000000002,8.406713,-0.9563974679565455,10.382830000000002,8.426203,-1.9566272259521504,0.13898579999999994,0.12649816,-0.012487637253570494
17146,0.10851399999999989,0.034999307,-0.07351469275498379,10.763110000000001,8.406713,-2.356397467956544,11.882830000000002,8.426203,-3.4566272259521504,0.16898579999999996,0.12649816,-0.04248763725357052
17147,0.13851399999999991,0.034999307,-0.10351469275498382,12.263110000000001,8.406713,-3.856397467956544,13.582830000000001,8.426203,-5.15662722595215,0.2189857999999999,0.12649816,-0.09248763725357045
17255,0.01638699999999993,0.031033294,0.014646294275403093,8.205680000000001,9.01863,0.8129500277709951,7.10515,7.3148203,0.20967028961181633,0.05345599999999995,0.042602085,-0.01085391542291636
17258,-0.0036130000000000884,0.031033294,0.03464629427540311,7.605680000000003,9.01863,1.412950027770993,5.50515,7.3148203,1.809670289611816,0.007455999999999907,0.042602085,0.03514608457708368
17259,0.024386999999999937,0.031033294,0.006646294275403086,18.60568,9.01863,-9.587049972229003,7.805150000000001,7.3148203,-0.49032971038818474,0.06645599999999996,0.042602085,-0.023853915422916372
17716,-0.028828000000000076,-0.034267295,-0.005439295151948853,7.57076,7.292562,-0.2781979920959472,4.408440000000002,4.7653704,0.3569303689575172,-0.03592989999999996,-0.044484913,-0.008555013349151652
17768,0.02883199999999997,0.06867718,0.03984517951536182,13.28245,13.070847,-0.21160344238281326,14.54456,15.951052,1.4064917120361322,0.23287709999999995,0.27285904,0.039981936922454886
17769,0.08244399999999996,0.11460138,0.03215738112306599,22.99146,19.607937,-3.3835231408691406,21.34637,20.368877,-0.9774925891113284,0.22879779999999994,0.2893566,0.06055878931732184
17770,0.14180099999999995,0.11270342,-0.029097579778194382,18.17923,17.945885,-0.2333452954101567,20.27234,19.490438,-0.7819015386962889,0.3519151,0.2965401,-0.05537498869667051
17869,0.332387,0.028867694,-0.30351930638206004,13.755680000000002,9.839272,-3.9164084545898454,15.38515,7.6284146,-7.756735369110107,0.32545599999999997,0.04435969,-0.28109630855894085
17870,0.20238699999999998,0.028867694,-0.17351930638206003,12.74568,9.839272,-2.906408454589844,12.97515,7.6284146,-5.346735369110107,0.16945599999999994,0.04435969,-0.12509630855894083
17871,0.14238699999999993,0.028867694,-0.11351930638205998,9.235680000000002,9.839272,0.6035915454101541,11.70515,7.6284146,-4.076735369110107,0.19045599999999996,0.04435969,-0.14609630855894085
17872,0.06238699999999997,0.028867694,-0.03351930638206002,8.675680000000003,9.839272,1.1635915454101529,7.09515,7.6284146,0.5332646308898923,-0.009543999999999997,0.04435969,0.05390369144105911
17873,0.04238699999999995,0.028867694,-0.013519306382060003,8.705680000000001,9.839272,1.1335915454101553,6.555150000000001,7.6284146,1.0732646308898914,-0.009543999999999997,0.04435969,0.05390369144105911
17874,0.05238699999999996,0.028867694,-0.023519306382060012,8.095680000000002,9.839272,1.7435915454101547,6.305150000000001,7.6284146,1.3232646308898914,-0.009543999999999997,0.04435969,0.05390369144105911
17875,-0.057613000000000136,0.028867694,0.08648069361794009,6.675680000000003,9.839272,3.163591545410153,3.355150000000002,7.6284146,4.273264630889891,-0.05054400000000003,0.04435969,0.09490369144105915
17886,0.08238699999999999,0.028867694,-0.05351930638206004,6.045680000000001,9.839272,3.7935915454101554,8.65515,7.6284146,-1.0267353691101082,0.15445599999999993,0.04435969,-0.11009630855894081
17888,-0.0176130000000001,0.028867694,0.04648069361794005,7.945680000000003,9.839272,1.8935915454101533,2.815149999999999,7.6284146,4.813264630889893,-0.05454400000000004,0.04435969,0.09890369144105915
17889,-0.03761300000000012,0.028867694,0.06648069361794007,6.935680000000001,9.839272,2.903591545410155,1.765150000000002,7.6284146,5.863264630889891,-0.06854400000000005,0.04435969,0.11290369144105916
17890,-0.057613000000000136,-0.044060364,0.013552635634422439,5.83568,7.7208743,1.885194309539795,3.4451500000000017,4.311952,0.8668021141052229,0.006455999999999906,-0.0024628916,-0.008918891628965642
18010,-0.1215885000000001,-0.07049953,0.05108896807527552,4.4962800000000005,5.9189696,1.4226896311950679,4.447769999999999,6.191633,1.7438632244873054,0.2022463,0.23177804,0.029531740528297434
18012,-0.11025920000000011,-0.10709211,0.0031670876972199613,9.80107,8.966238,-0.8348319781494133,9.688480000000002,8.361862,-1.3266178173828145,0.21003019999999994,0.19578299,-0.014247210736465399
18013,-0.07761300000000015,0.04455864,0.12217164056944863,11.005680000000002,8.241955,-2.763725196533205,6.70515,7.4466786,0.7415286384582522,-0.008543999999999996,0.07953791,0.08808191320323944
18064,0.24319900000000005,0.21431173,-0.028887266158103997,9.202200000000001,9.09134,-0.11085993499755986,11.37851,10.923661,-0.45484876800537144,0.1828033,0.171491,-0.011312302923965456
18065,0.2174060000000001,0.16429432,-0.05311168263530741,19.635419999999996,16.821388,-2.81403175537109,22.652050000000003,19.161089,-3.4909610565185574,0.3120335000000001,0.25785038,-0.054183121248245314
18066,0.011300000000000088,0.07175559,0.060455588054656895,5.734930000000002,8.12884,2.393910446472166,5.584589999999999,8.444029,2.8594388543701186,0.052723500000000034,0.104781196,0.05205769552135464
18068,-0.00869999999999993,0.0015139831,0.010213983123004367,6.784930000000003,6.9383616,0.15343164474487025,6.51459,7.3825264,0.867936397705078,0.06272350000000004,0.078618184,0.015894683732032733
18069,0.031300000000000106,0.027356828,-0.003943172368407355,7.0949300000000015,7.603602,0.5086719325256333,7.744589999999999,8.501111,0.7565210305786145,0.08272350000000006,0.10093795,0.018214447630882202
18113,0.09931900000000005,0.022100884,-0.07721811553263669,13.32357,10.6943035,-2.629266487426758,10.85186,8.534165,-2.3176946176147464,0.014126400000000094,0.027910171,0.013783771076655293
18131,-0.08801000000000014,0.045354605,0.13336460472106948,7.241590000000002,10.0753145,2.8337245217895486,1.9550800000000024,7.442277,5.4871969546508765,-0.07651640000000004,0.02986927,0.10638566957964901
18133,0.09483520000000001,0.043686595,-0.05114860518593789,4.545310000000001,6.5806365,2.0353265013122552,4.38747,5.3003087,0.9128387043762203,0.00031400000000003647,-0.018012173,-0.018326173473835028
18134,0.08993849999999992,0.05213613,-0.03780236936902992,10.15651,9.163001,-0.993508939514161,8.46425,7.3432784,-1.1209715919494627,0.02050989999999997,0.047117244,0.026607344452238113
18136,0.12098799999999998,-0.00079160667,-0.1217796066679172,8.40156,8.083337,-0.31822316986083976,8.894659999999998,6.6965213,-2.1981387178039533,0.08722530000000006,0.054670308,-0.03255499221472746
18166,0.11662500000000009,0.06955212,-0.04707287645339975,14.891109999999998,12.613035,-2.2780747979736304,18.15246,13.470833,-4.68162717529297,0.4045896,0.2543354,-0.15025419655761718
18171,0.013999000000000095,0.018575082,0.004576081601738835,11.477609999999999,11.739692,0.2620817343139663,10.325389999999999,10.193177,-0.13221277679443233,0.06059910000000002,0.05846797,-0.002131130701637285
18172,0.013999000000000095,0.018575082,0.004576081601738835,11.677610000000001,11.739692,0.062081734313963466,10.92539,10.193177,-0.7322127767944338,0.08059909999999992,0.05846797,-0.02213113070163719
18173,-0.02600099999999994,0.018575082,0.04457608160173887,10.87761,11.739692,0.8620817343139642,8.325389999999999,10.193177,1.8677872232055677,0.010599099999999972,0.05846797,0.04786886929836276
18174,0.013999000000000095,0.018575082,0.004576081601738835,11.27761,11.739692,0.4620817343139656,9.42539,10.193177,0.7677872232055662,0.03059909999999999,0.05846797,0.027868869298362742
18175,0.17600300000000013,0.10441115,-0.07159185246515287,10.59808,6.1669984,-4.431081613616943,14.029720000000001,8.4348755,-5.594844511718751,0.46269989999999994,0.23750702,-0.22519288453330988
18177,0.10600300000000007,0.10441115,-0.0015918524651528099,2.998079999999998,6.1669984,3.1689183863830586,6.40972,8.4348755,2.02515548828125,0.1526999,0.23750702,0.08480711546669006
18191,0.07698099999999997,0.07627847,-0.0007025295433997769,15.224429999999998,11.888116,-3.336314117126463,12.501209999999999,11.083095,-1.4181154031372056,0.0384814,0.0714946,0.03301320166692734
18233,0.0014879999999999338,-0.004179256,-0.005667256036877566,9.901820000000004,8.829918,-1.0719020922851605,5.716439999999999,5.530241,-0.18619898742675645,-0.05369219999999997,-0.0056071985,0.04808500154183504
18235,0.03148799999999996,-0.004179256,-0.03566725603687759,8.851820000000004,8.829918,-0.021902092285159824,5.616439999999999,5.530241,-0.0861989874267568,-0.04369219999999996,-0.0056071985,0.03808500154183503
18358,0.3223218,0.30665553,-0.015666273838806144,16.41386,16.200293,-0.21356741271972624,16.14024,16.13362,-0.0066206915283189005,0.15182680000000004,0.15632224,0.004495440829467734
18360,0.09738699999999989,0.20061052,0.10322351845550548,16.225680000000004,19.537273,3.3115934069824178,13.34515,16.662905,3.3177547393798825,0.08145599999999997,0.23266467,0.15120867452049258
18361,0.332387,0.20061052,-0.13177648154449462,20.60568,19.537273,-1.0684065930175777,18.40515,16.662905,-1.7422452606201162,0.32145599999999996,0.23266467,-0.08879132547950741
18364,0.20238699999999998,0.20061052,-0.0017764815444946125,19.70568,19.537273,-0.1684065930175791,17.105150000000002,16.662905,-0.44224526062011904,0.25145599999999996,0.23266467,-0.018791325479507404
18365,0.19238699999999997,0.20061052,0.008223518455505396,19.10568,19.537273,0.4315934069824223,16.50515,16.662905,0.15775473937988238,0.21145599999999998,0.23266467,0.021208674520492576
18366,0.20238699999999998,0.20061052,-0.0017764815444946125,20.50568,19.537273,-0.9684065930175798,17.30515,16.662905,-0.6422452606201183,0.25145599999999996,0.23266467,-0.018791325479507404
18367,0.21238699999999988,0.20061052,-0.01177648154449451,22.20568,19.537273,-2.668406593017579,18.20515,16.662905,-1.542245260620117,0.281456,0.23266467,-0.04879132547950743
18368,0.18538699999999986,0.20061052,0.015223518455505514,19.06568,19.537273,0.47159340698242147,16.52515,16.662905,0.1377547393798828,0.21045599999999998,0.23266467,0.022208674520492577
18456,0.31199,0.045354605,-0.26663539527893065,15.421590000000002,10.0753145,-5.346275478210451,16.08508,7.442277,-8.642803045349122,0.24348359999999997,0.02986927,-0.213614330420351
18457,0.05198999999999998,0.045354605,-0.006635395278930645,10.721590000000003,10.0753145,-0.6462754782104518,8.085080000000001,7.442277,-0.6428030453491225,-0.006516399999999978,0.02986927,0.03638566957964895
18458,0.30199,0.045354605,-0.25663539527893064,20.921590000000002,10.0753145,-10.846275478210451,17.98508,7.442277,-10.542803045349121,0.2534836,0.02986927,-0.223614330420351
18459,0.13198999999999994,0.045354605,-0.0866353952789306,15.521590000000002,10.0753145,-5.446275478210451,12.48508,7.442277,-5.042803045349121,0.10348360000000001,0.02986927,-0.07361433042035104
18548,-0.04830000000000001,-0.022544114,0.0257558860808611,9.92342,8.160884,-1.7625360964965822,3.321159999999999,6.857195,3.5360349005126963,0.08136260000000006,0.11728784,0.03592523696889871
18591,0.032215000000000105,0.056481656,0.02426665568709363,6.708349999999999,8.3097315,1.6013814834594733,4.807250000000002,6.037128,1.2298779716491683,-0.01973590000000003,-0.020130482,-0.00039458157095906277
18593,-0.007784999999999931,0.056481656,0.06426665568709367,7.038349999999998,8.3097315,1.271381483459475,3.707250000000002,6.037128,2.329877971649168,-0.049735899999999944,-0.020130482,0.029605418429040853
18897,0.16680000000000006,0.15977162,-0.007028378772735655,11.438210000000002,11.623868,0.18565798858642424,12.883309999999998,12.678947,-0.2043625512695293,0.1945831,0.15934902,-0.035234075704193124
18972,0.045600000000000085,0.024057422,-0.021542578166723336,11.082550000000001,11.505475,0.42292504425048705,12.354080000000002,11.918012,-0.4360683346557632,0.12870480000000006,0.11225317,-0.016451633264827792
18973,0.04060000000000008,0.024057422,-0.016542578166723332,10.062550000000002,11.505475,1.4429250442504866,11.31408,11.918012,0.6039316653442377,0.11470479999999994,0.11225317,-0.0024516332648276684
18974,0.03160000000000007,0.024057422,-0.007542578166723324,9.832550000000001,11.505475,1.672925044250487,10.074080000000002,11.918012,1.8439316653442361,0.07070480000000001,0.11225317,0.04154836673517226
18975,0.035600000000000076,0.024057422,-0.011542578166723327,9.992550000000001,11.505475,1.512925044250487,10.404080000000002,11.918012,1.513931665344236,0.07770479999999991,0.11225317,0.034548366735172364
19092,0.022386999999999935,0.00024737895,-0.022139621049992675,13.715680000000003,12.808612,-0.9070681301879908,11.305150000000001,10.308204,-0.9969463027954113,0.09145599999999998,0.08558901,-0.005866993456840497
19093,-0.06261300000000003,0.00024737895,0.06286037895000729,13.445680000000001,12.808612,-0.6370681301879895,9.70515,10.308204,0.6030536972045901,0.051455999999999946,0.08558901,0.03413300654315954
19094,-0.04161300000000012,0.00024737895,0.04186037895000738,13.305680000000002,12.808612,-0.4970681301879907,9.70515,10.308204,0.6030536972045901,0.051455999999999946,0.08558901,0.03413300654315954
19198,0.011009000000000047,-0.011519409,-0.022528408784806775,7.177890000000001,6.8505526,-0.32733744110107565,7.068549999999998,6.5153546,-0.5531953666686995,0.08476320000000004,0.03250009,-0.05226311178512577
19202,-0.003775000000000084,0.02458425,0.028359250524640167,16.696040000000004,12.579115,-4.116925086059574,16.12153,13.076302,-3.0452284252929687,0.1615088,0.14352204,-0.017986760944175728
19244,-0.03878499999999985,0.02159811,0.06038310997545704,7.8783499999999975,7.4988317,-0.3795182510375952,4.807250000000002,5.4140944,0.606844448089598,-0.011735900000000021,0.025819665,0.03755556482102873
19291,-0.07923600000000008,-0.021156978,0.05807902213788041,2.3797200000000025,3.6229527,1.2432326996612524,-0.20638999999999896,1.8694396,2.0758296018981923,-0.030698899999999973,0.016897937,0.04759683728291986
19342,0.006939600000000046,-0.04237469,-0.04931428913197522,11.826110000000002,11.356413,-0.4696971124267595,12.053180000000001,9.77851,-2.2746699063110363,0.39010999999999996,0.24654223,-0.14356776975154872
19344,-0.11306040000000006,-0.04237469,0.07068571086802489,10.526110000000001,11.356413,0.8303028875732412,7.85318,9.77851,1.9253300936889648,0.12010999999999994,0.24654223,0.1264322302484513
19346,0.021525999999999934,-0.048134513,-0.06966051319932931,13.160549999999999,10.772026,-2.38852393798828,13.2034,9.239203,-3.9641965469360354,0.3717889,0.18358044,-0.18820845673694608
19348,-0.06847400000000015,-0.048134513,0.02033948680067077,10.260549999999999,10.772026,0.5114760620117202,7.7034,9.239203,1.5358034530639646,0.11178889999999997,0.18358044,0.07179154326305393
19349,-0.08847400000000016,-0.048134513,0.04033948680067079,9.56055,10.772026,1.2114760620117195,6.9033999999999995,9.239203,2.3358034530639653,0.08178890000000005,0.18358044,0.10179154326305384
19455,-0.04820599999999997,-0.033391815,0.014814185321092577,15.4158,10.615392,-4.800408268737794,12.249519999999999,8.45538,-3.794139560241698,0.013294299999999981,0.06663019,0.05333589210100176
19456,-0.05820599999999998,-0.033391815,0.024814185321092586,7.6158,10.615392,2.999591731262207,6.049519999999998,8.45538,2.405860439758303,0.0342943,0.06663019,0.03233589210100174
19467,-0.03778499999999996,0.014976888,0.05276188796371217,7.8683499999999995,9.458248,1.5898981384277349,4.847250000000001,6.4692574,1.6220073547363274,-0.007735899999999907,-0.0022088352,0.005527064787486102
19468,-0.07778499999999999,0.014976888,0.09276188796371221,7.678349999999998,9.458248,1.7798981384277361,2.247250000000001,6.4692574,4.222007354736327,-0.08773589999999998,-0.0022088352,0.08552706478748617
19551,0.00021500000000007624,0.018476922,0.01826192206501953,7.178349999999998,7.637483,0.4591331199646014,4.8572500000000005,6.3077917,1.4505417098999018,-0.00973590000000002,0.039987527,0.0497234268340111
19552,-0.007784999999999931,0.018476922,0.02626192206501954,7.538349999999998,7.637483,0.09913311996460195,5.207250000000002,6.3077917,1.1005417098999004,0.002264100000000102,0.039987527,0.037723426834010976
19592,0.10985100000000003,0.021161009,-0.08868999137377742,12.987359999999999,11.599993,-1.3873672479248036,16.128130000000002,12.739566,-3.388564150695803,0.1979033,0.12712777,-0.07077553339080811
19594,0.019851000000000063,0.021161009,0.0013100086262225474,12.637360000000001,11.599993,-1.0373672479248057,13.728130000000002,12.739566,-0.9885641506958027,0.14690329999999996,0.12712777,-0.019775533390808064
19595,-0.010148999999999964,0.021161009,0.031310008626222574,11.62736,11.599993,-0.02736724792480416,11.11813,12.739566,1.6214358493041985,0.0799032999999999,0.12712777,0.047224466609191995
19616,-0.008010000000000073,0.051713467,0.05972346664428718,7.221590000000003,10.095796,2.874205631408689,3.7850800000000007,7.7505703,3.9654902972412103,-0.05451640000000002,0.009462518,0.06397891768618824
19617,-0.008010000000000073,0.051713467,0.05972346664428718,4.121590000000001,10.095796,5.97420563140869,1.0850800000000014,7.7505703,6.66549029724121,-0.06551640000000003,0.009462518,0.07497891768618825
19820,-0.007784999999999931,0.01546205,0.02324705021440976,9.558349999999997,8.77821,-0.7801403137207004,6.507250000000001,6.4156413,-0.09160869216919032,-0.007735899999999907,0.016809676,0.02454557584252348
19827,0.3305867,0.16852221,-0.16206449107093812,16.26598,15.610677,-0.6553032345581045,17.0024,15.82017,-1.182229597473146,0.4321154,0.37410948,-0.058005923195266706
19829,0.04058670000000009,0.16852221,0.1279355089290618,14.465979999999998,15.610677,1.1446967654418962,14.6024,15.82017,1.217770402526856,0.3321154,0.37410948,0.04199407680473327
19830,0.26058670000000006,0.16852221,-0.09206449107093817,15.865979999999999,15.610677,-0.2553032345581041,16.5024,15.82017,-0.682229597473146,0.4021154,0.37410948,-0.028005923195266735
19831,0.02058670000000007,0.16852221,0.14793550892906182,14.165979999999998,15.610677,1.444696765441897,14.5024,15.82017,1.3177704025268557,0.3421154,0.37410948,0.03199407680473326
19832,0.12058670000000005,0.16852221,0.04793550892906184,15.165979999999998,15.610677,0.44469676544189696,15.1024,15.82017,0.7177704025268561,0.3221154,0.37410948,0.05199407680473328
19833,0.18244399999999994,0.11460138,-0.06784261887693399,18.99146,19.607937,0.6164768591308594,20.746370000000002,20.368877,-0.37749258911133055,0.2987978,0.2893566,-0.009441210682678225
19834,0.1324439999999999,0.11460138,-0.017842618876933947,19.99146,19.607937,-0.38352314086914063,21.14637,20.368877,-0.7774925891113291,0.3187978,0.2893566,-0.029441210682678243
19835,0.02883199999999997,0.06867718,0.03984517951536182,13.28245,13.070847,-0.21160344238281326,14.54456,15.951052,1.4064917120361322,0.23287709999999995,0.27285904,0.039981936922454886
19837,0.12883199999999995,0.06867718,-0.06015482048463816,13.68245,13.070847,-0.6116034423828118,18.74456,15.951052,-2.793508287963867,0.3528771,0.27285904,-0.08001806307754517
19839,0.1324439999999999,0.11460138,-0.017842618876933947,20.891460000000002,19.607937,-1.2835231408691428,21.64637,20.368877,-1.2774925891113291,0.3287978,0.2893566,-0.039441210682678196
19841,0.16180099999999997,0.11270342,-0.0490975797781944,19.37923,17.945885,-1.433345295410156,20.572339999999997,19.490438,-1.081901538696286,0.3219151,0.2965401,-0.025374988696670542
19843,0.027392000000000083,0.059326775,0.03193477537202827,11.94256,12.565215,0.6226551107788083,13.118670000000002,15.605235,2.486565099792479,0.16386619999999996,0.26853544,0.10466923519973759
19844,0.06739200000000012,0.059326775,-0.008065224627971768,11.742560000000001,12.565215,0.8226551107788076,17.61867,15.605235,-2.013434900207521,0.3838662,0.26853544,-0.11533076480026244
19858,0.03698999999999997,0.04324105,0.006251050094366106,14.081590000000002,11.769333,-2.3122571142578145,11.665080000000001,10.126074,-1.539006162719728,0.0914836,0.06739389,-0.024089708486652373
19861,0.13698999999999995,0.04324105,-0.09374894990563387,14.06159,11.769333,-2.292257114257813,13.27508,10.126074,-3.1490061627197274,0.14648359999999994,0.06739389,-0.07908970848665231
19914,0.274602,0.15114316,-0.12345883655738832,12.0003,10.811118,-1.189181874084472,16.577130000000004,14.352982,-2.2241484326171914,0.21550750000000007,0.2134407,-0.0020667986345291878
19915,0.38466199999999995,0.19071767,-0.19394433265876765,13.29973,13.662498,0.3627684741210935,18.62511,16.340322,-2.2847875054931635,0.21319050000000006,0.22311148,0.009920980474471985
19916,0.10460199999999997,0.15114316,0.04654116344261172,11.860299999999999,10.811118,-1.0491818740844714,13.547130000000001,14.352982,0.8058515673828115,0.16550750000000003,0.2134407,0.04793320136547086
19917,0.05460200000000004,0.15114316,0.09654116344261165,10.770299999999999,10.811118,0.04081812591552847,12.997130000000002,14.352982,1.3558515673828104,0.19550750000000006,0.2134407,0.01793320136547083
19918,0.20460200000000006,0.15114316,-0.05345883655738837,11.9603,10.811118,-1.1491818740844728,16.75713,14.352982,-2.4041484326171876,0.2755075,0.2134407,-0.06206679863452913
19919,0.19460200000000005,0.15114316,-0.04345883655738836,11.8403,10.811118,-1.0291818740844718,17.12713,14.352982,-2.7741484326171886,0.31550750000000005,0.2134407,-0.10206679863452917
19920,0.05460200000000004,0.15114316,0.09654116344261165,8.200299999999999,10.811118,2.6108181259155288,10.39713,14.352982,3.955851567382812,0.21950749999999997,0.2134407,-0.00606679863452908
19921,0.039602000000000026,0.15114316,0.11154116344261167,7.970300000000002,10.811118,2.8408181259155256,10.05713,14.352982,4.295851567382812,0.1435075,0.2134407,0.06993320136547088
19928,0.07221500000000014,0.060360976,-0.011854024436473987,8.478349999999999,8.17759,-0.3007596298217763,8.51725,7.6117816,-0.9054684028625495,0.09126410000000007,0.070801,-0.02046310268316276
19929,0.022215000000000096,0.060360976,0.03814597556352606,7.27835,8.17759,0.899240370178223,6.957250000000002,7.6117816,0.6545315971374492,0.07026410000000005,0.070801,0.0005368973168372593
20127,6.000000000017103e-05,-0.004709635,-0.004769634929895572,8.103659999999998,7.3959265,-0.7077335244750955,7.350839999999998,7.9127812,0.5619412385559102,0.05278970000000005,0.12205296,0.06926326009778971
20129,-0.009939999999999838,-0.004709635,0.005230365070104437,7.59366,7.3959265,-0.1977335244750975,7.890839999999999,7.9127812,0.021941238555909237,0.11278969999999999,0.12205296,0.009263260097789772
20131,-0.018939999999999957,-0.004709635,0.014230365070104556,7.813659999999999,7.3959265,-0.4177335244750964,8.20084,7.9127812,-0.28805876144409126,0.1227897,0.12205296,-0.0007367399022102372
20132,0.049868000000000134,0.026113026,-0.023754974155902997,11.199940000000002,10.683066,-0.5168736318969742,12.994439999999999,11.401872,-1.5925683187866202,0.17442990000000003,0.15676296,-0.017666942427063015
20133,0.001060000000000061,-0.004709635,-0.005769634929895462,8.29366,7.3959265,-0.8977335244750968,8.62084,7.9127812,-0.7080587614440912,0.1227897,0.12205296,-0.0007367399022102372
20134,-0.01193999999999984,-0.004709635,0.007230365070104439,8.173659999999998,7.3959265,-0.7777335244750958,7.640839999999999,7.9127812,0.27194123855590924,0.07278970000000007,0.12205296,0.049263260097789696
20137,0.0040600000000000636,-0.004709635,-0.008769634929895465,8.32366,7.3959265,-0.9277335244750979,9.62084,7.9127812,-1.7080587614440912,0.16278970000000004,0.12205296,-0.04073673990221027
20347,-0.03920199999999996,-0.0017041254,0.03749787456770237,7.93967,9.296622,1.3569522763061528,7.769459999999999,8.446985,0.6775252447509779,0.07593260000000002,0.10338134,0.027448743185901625
20348,-0.03920199999999996,-0.0017041254,0.03749787456770237,7.93967,9.296622,1.3569522763061528,8.06946,8.446985,0.37752524475097715,0.08793260000000003,0.10338134,0.015448743185901614
20371,0.081488,-0.0101807,-0.09166869963902236,11.241820000000004,8.162569,-3.0792509539794963,15.116439999999999,5.113884,-10.00255602783203,0.39630780000000004,0.006947085,-0.3893607152043164
20448,0.002215000000000078,0.01546205,0.01324705021440975,8.43835,8.77821,0.3398596862792971,6.907250000000001,6.4156413,-0.4916086921691907,0.03226410000000002,0.016809676,-0.015454424157476443
20449,-0.03778499999999996,0.01546205,0.053247050214409786,7.638349999999999,8.77821,1.1398596862792978,5.1072500000000005,6.4156413,1.30839130783081,0.0122641,0.016809676,0.004545575842523575
20456,-0.05698500000000006,-0.049346052,0.0076389478898049035,5.447780000000002,6.9107633,1.462983263702391,3.874769999999998,3.597455,-0.27731497528075977,0.023006299999999924,0.02582548,0.0028191799991846844
20459,-0.07121500000000003,-0.049209848,0.022005151953697233,3.3977000000000004,4.5866566,1.18895657043457,0.01576999999999984,2.0434456,2.0276755871582033,-0.0007619000000000931,0.012712947,0.013474847092950437
20460,-0.07721500000000003,-0.049209848,0.028005151953697238,2.8176999999999985,4.5866566,1.7689565704345718,-0.38422999999999874,2.0434456,2.427675587158202,-0.03076190000000001,0.012712947,0.04347484709295035
20461,-0.039215,-0.049209848,-0.009994848046302796,3.457699999999999,4.5866566,1.1289565704345712,0.4757700000000007,2.0434456,1.5676755871582024,0.004238099999999911,0.012712947,0.008474847092950433
20462,-0.035214999999999996,-0.049209848,-0.013994848046302799,4.6777000000000015,4.5866566,-0.09104342956543121,1.0057699999999983,2.0434456,1.0376755871582048,0.03823810000000005,0.012712947,-0.02552515290704971
20464,-0.05321500000000001,-0.049209848,0.004005151953697217,5.447700000000001,4.5866566,-0.8610434295654308,3.4957700000000003,2.0434456,-1.4523244128417971,0.01423809999999992,0.012712947,-0.0015251529070495762
20466,-0.06721500000000002,-0.049209848,0.01800515195369723,4.517700000000001,4.5866566,0.06895657043456893,2.2457700000000003,2.0434456,-0.20232441284179714,-0.0007619000000000931,0.012712947,0.013474847092950437
20467,-0.07121500000000003,-0.049209848,0.022005151953697233,3.3977000000000004,4.5866566,1.18895657043457,1.4057700000000004,2.0434456,0.6376755871582027,-0.0007619000000000931,0.012712947,0.013474847092950437
20468,-0.07721500000000003,-0.049209848,0.028005151953697238,2.8176999999999985,4.5866566,1.7689565704345718,0.11577000000000126,2.0434456,1.9276755871582019,-0.03076190000000001,0.012712947,0.04347484709295035
20469,-0.039215,-0.049209848,-0.009994848046302796,3.457699999999999,4.5866566,1.1289565704345712,1.9657699999999991,2.0434456,0.077675587158204,0.004238099999999911,0.012712947,0.008474847092950433
20470,-0.035214999999999996,-0.049209848,-0.013994848046302799,4.6777000000000015,4.5866566,-0.09104342956543121,3.6557700000000004,2.0434456,-1.6123244128417973,0.03823810000000005,0.012712947,-0.02552515290704971
20471,-0.01821499999999987,-0.049209848,-0.030994848046302925,5.367699999999999,4.5866566,-0.7810434295654289,5.17577,2.0434456,-3.132324412841797,0.07523809999999997,0.012712947,-0.06252515290704963
20473,-0.05321500000000001,-0.049209848,0.004005151953697217,4.357700000000001,4.5866566,0.22895657043456907,1.3657700000000013,2.0434456,0.6776755871582019,0.05023809999999995,0.012712947,-0.03752515290704961
20474,-0.058214999999999906,-0.049209848,0.00900515195369711,4.457699999999999,4.5866566,0.1289565704345712,2.135769999999999,2.0434456,-0.09232441284179593,0.010238099999999917,0.012712947,0.0024748470929504274
20475,-0.057215000000000016,-0.049209848,0.00800515195369722,4.9277000000000015,4.5866566,-0.3410434295654312,1.7157699999999991,2.0434456,0.327675587158204,0.011238100000000029,0.012712947,0.0014748470929503155
20477,-0.0542149999999999,-0.049209848,0.005005151953697107,4.747700000000002,4.5866566,-0.1610434295654315,1.1457699999999988,2.0434456,0.8976755871582043,-0.0007619000000000931,0.012712947,0.013474847092950437
20478,-0.057215000000000016,-0.049209848,0.00800515195369722,4.637699999999999,4.5866566,-0.05104342956542851,1.555769999999999,2.0434456,0.48767558715820414,0.01323810000000003,0.012712947,-0.0005251529070496863
20479,-0.05321500000000001,-0.049209848,0.004005151953697217,4.7377,4.5866566,-0.15104342956542993,2.1957699999999996,2.0434456,-0.15232441284179643,0.006238100000000024,0.012712947,0.00647484709295032
20480,-0.058214999999999906,-0.049209848,0.00900515195369711,4.9177,4.5866566,-0.33104342956542965,1.6957699999999996,2.0434456,0.34767558715820357,-0.002761900000000095,0.012712947,0.015474847092950439
20481,-0.057215000000000016,-0.049209848,0.00800515195369722,4.6677,4.5866566,-0.08104342956542965,1.7957699999999992,2.0434456,0.24767558715820392,0.00023809999999990783,0.012712947,0.012474847092950436
20482,-0.05321500000000001,-0.049209848,0.004005151953697217,4.997700000000002,4.5866566,-0.4110434295654315,2.41577,2.0434456,-0.37232441284179707,0.010238099999999917,0.012712947,0.0024748470929504274
20483,-0.05121500000000001,-0.049209848,0.002005151953697215,5.247700000000002,4.5866566,-0.6610434295654315,2.26577,2.0434456,-0.22232441284179671,-0.0037618999999999847,0.012712947,0.01647484709295033
20485,-0.057215000000000016,-0.049209848,0.00800515195369722,5.1777000000000015,4.5866566,-0.5910434295654312,1.8257700000000003,2.0434456,0.2176755871582028,0.0012381000000000197,0.012712947,0.011474847092950324
20506,-0.00828300000000004,0.004684012,0.012967011917561333,8.960720000000002,9.708254,0.7475338604736308,5.5389,6.9804955,1.4415954528808594,-0.0449948,0.012775883,0.057770683078575136
20507,0.07171700000000003,0.004684012,-0.06703298808243874,8.960720000000002,9.708254,0.7475338604736308,8.0389,6.9804955,-1.0584045471191406,0.04500519999999997,0.012775883,-0.03222931692142483
20508,0.0017169999999999686,0.004684012,0.002967011917561324,9.660720000000001,9.708254,0.047533860473631506,6.6389,6.9804955,0.3415954528808598,-0.004994799999999966,0.012775883,0.0177706830785751
20511,-0.00828300000000004,0.004684012,0.012967011917561333,8.76072,9.708254,0.9475338604736336,5.4389,6.9804955,1.541595452880859,-0.024994799999999984,0.012775883,0.03777068307857512
20512,-0.03828300000000007,0.004684012,0.04296701191756136,8.160720000000001,9.708254,1.5475338604736315,4.738899999999999,6.9804955,2.24159545288086,-0.014994799999999975,0.012775883,0.02777068307857511
20513,-0.00828300000000004,0.004684012,0.012967011917561333,10.160720000000001,9.708254,-0.4524661395263685,7.1389,6.9804955,-0.1584045471191402,0.005005200000000043,0.012775883,0.007770683078575091
20514,-0.01828300000000005,0.004684012,0.022967011917561342,10.460720000000002,9.708254,-0.7524661395263692,6.738899999999999,6.9804955,0.24159545288086015,-0.014994799999999975,0.012775883,0.02777068307857511
20515,-0.01828300000000005,0.004684012,0.022967011917561342,10.960720000000002,9.708254,-1.2524661395263692,7.338899999999999,6.9804955,-0.3584045471191395,-0.004994799999999966,0.012775883,0.0177706830785751
20516,-0.01828300000000005,0.004684012,0.022967011917561342,9.86072,9.708254,-0.15246613952636778,6.6389,6.9804955,0.3415954528808598,-0.004994799999999966,0.012775883,0.0177706830785751
20726,-0.09030999999999989,-0.04279268,0.047517318395376096,6.975769999999997,7.736295,0.7605252232360868,2.147680000000001,5.1461115,2.998431488342284,-0.05907969999999996,0.022154354,0.08123405355901714
20730,-0.09030999999999989,-0.04279268,0.047517318395376096,8.275769999999998,7.736295,-0.5394747767639139,3.1676800000000007,5.1461115,1.9784314883422844,-0.06207969999999985,0.022154354,0.08423405355901703
20787,0.07238699999999998,0.028867694,-0.04351930638206003,9.805680000000002,9.839272,0.033591545410153856,8.70515,7.6284146,-1.0767353691101071,0.04145599999999994,0.04435969,0.002903691441059175
20797,0.16537299999999988,0.14672025,-0.018652754519462467,15.113229999999998,14.451827,-0.6614029507446268,16.23133,15.199126,-1.0322037564086912,0.1098519,0.11068973,0.0008378294521331764
20828,0.06369200000000008,0.15013646,0.08644445589351646,8.862210000000001,10.393919,1.5317089910888662,8.45159,10.73487,2.2832799569702154,0.06840489999999999,0.111586556,0.04318165583858491
20830,0.100692,0.15013646,0.04944445589351654,9.362210000000001,10.393919,1.0317089910888662,10.251589999999998,10.73487,0.4832799569702164,0.12840490000000004,0.111586556,-0.016818344161415144
20831,0.3036920000000001,0.15013646,-0.15355554410648353,13.362210000000001,10.393919,-2.968291008911134,14.55159,10.73487,-3.8167200430297843,0.16840489999999997,0.111586556,-0.05681834416141507
20850,0.045135999999999954,0.032580107,-0.012555892549514724,12.838170000000002,12.513709,-0.3244609317016618,14.01048,13.968844,-0.04163558624267516,0.1413118000000001,0.13904698,-0.0022648180692673714
20870,-0.07888399999999995,-0.069549926,0.009334074374675705,4.708970000000001,6.146769,1.4377990467834465,0.7002500000000005,2.7478747,2.047624736785888,-0.06649400000000005,-0.009968367,0.056525632594764286
20873,-0.07888399999999995,-0.069549926,0.009334074374675705,5.288969999999999,6.146769,0.8577990467834482,1.2902500000000003,2.7478747,1.4576247367858883,-0.04849400000000004,-0.009968367,0.03852563259476427
20874,-0.07788400000000006,-0.069549926,0.008334074374675815,5.67897,6.146769,0.46779904678344764,2.000250000000001,2.7478747,0.7476247367858875,-0.032494000000000134,-0.009968367,0.022525632594764367
20889,0.04969000000000012,-0.00054515665,-0.0502351566539706,9.67577,9.091451,-0.5843193087768555,7.987680000000001,5.888927,-2.0987530171203623,0.021920300000000004,-0.009851271,-0.03177157128660679
20890,-0.050309999999999855,-0.00054515665,0.049764843346029375,8.555769999999999,9.091451,0.5356806912231455,4.127680000000002,5.888927,1.761246982879637,-0.058079699999999956,-0.009851271,0.04822842871339317
20891,-0.015309999999999935,-0.00054515665,0.014764843346029455,8.10577,9.091451,0.9856806912231448,5.087680000000001,5.888927,0.801246982879638,-0.022079699999999924,-0.009851271,0.012228428713393136
20910,0.021373000000000086,0.025332531,0.003959530960440549,5.603180000000002,6.5790954,0.9759153636169415,6.535700000000002,8.724357,2.1886566513061503,0.040985200000000055,0.120311305,0.0793261049268722
20911,0.05137300000000011,0.025332531,-0.026040469039559477,7.18318,6.5790954,-0.6040846363830568,9.6857,8.724357,-0.9613433486938483,0.15098520000000004,0.120311305,-0.030673895073127788
20935,-0.006610000000000005,0.0052564694,0.011866469361484056,4.164940000000001,6.502534,2.33759391265869,4.508869999999998,7.1057796,2.5969096478271503,0.06232340000000003,0.08320368,0.020880280813312502
21027,0.10821500000000006,0.018476922,-0.08973807793498045,7.068349999999999,7.637483,0.5691331199646008,8.137250000000002,6.3077917,-1.8294582901000993,0.07226410000000005,0.039987527,-0.032276573165988975
21029,0.012215000000000087,0.018476922,0.006261922065019521,7.038349999999998,7.637483,0.599133119964602,4.3472500000000025,6.3077917,1.9605417098998998,-0.03773589999999993,0.039987527,0.07772342683401101
21060,-0.0176130000000001,0.06611899,0.0837319928650857,10.325680000000002,13.806016,3.480335968322752,6.67515,10.095881,3.4207314620971676,-0.021544000000000008,0.04906279,0.07060678848648072
21157,-0.028512000000000093,0.12502821,0.15354020789814005,9.241820000000004,9.5651045,0.3232844845581013,5.296439999999999,9.412449,4.116008883056642,-0.04369219999999996,0.046053533,0.08974573251099582
21167,-0.08869900000000008,-0.023494631,0.06520436894798287,5.276620000000001,7.4059377,2.1293176716613758,2.726200000000002,6.35881,3.632609947967527,0.016723800000000066,0.07110297,0.05437916934843057
21168,-0.06869900000000007,-0.023494631,0.045204368947982854,8.006620000000002,7.4059377,-0.6006823283386247,5.966200000000002,6.35881,0.3926099479675269,0.059723799999999994,0.07110297,0.01137916934843064
21191,0.0025340000000000362,0.015221348,0.012687348032355272,7.186149999999998,9.158923,1.972773149108889,5.388349999999999,6.850157,1.461806784057618,-0.06918380000000002,0.009239702,0.07842350155417921
21192,0.14238699999999993,0.031033294,-0.11135370572459691,11.40568,9.01863,-2.387049972229004,12.20515,7.3148203,-4.890329710388183,0.15145599999999992,0.042602085,-0.10885391542291634
21193,0.13238699999999992,0.031033294,-0.1013537057245969,10.605680000000003,9.01863,-1.587049972229007,10.50515,7.3148203,-3.190329710388184,0.08145599999999997,0.042602085,-0.038853915422916385
21214,0.012386999999999926,0.031033294,0.018646294275403097,6.90568,9.01863,2.112950027770996,5.95515,7.3148203,1.3596702896118167,0.03145599999999993,0.042602085,0.01114608457708366
21316,-0.06251200000000012,-0.004179256,0.05833274396312249,7.111820000000002,8.829918,1.7180979077148422,2.8464399999999976,5.530241,2.6838010125732445,-0.05669219999999997,-0.0056071985,0.05108500154183504
21319,-0.07951200000000003,-0.004179256,0.0753327439631224,6.821820000000002,8.829918,2.0080979077148413,1.81644,5.530241,3.713801012573242,-0.07869219999999999,-0.0056071985,0.07308500154183506
21320,-0.07651200000000014,-0.004179256,0.0723327439631225,6.261820000000004,8.829918,2.56809790771484,1.686440000000001,5.530241,3.843801012573241,-0.06669219999999998,-0.0056071985,0.06108500154183505
21321,-0.07251200000000013,-0.004179256,0.0683327439631225,6.391820000000003,8.829918,2.438097907714841,1.7564399999999978,5.530241,3.7738010125732444,-0.07069219999999998,-0.0056071985,0.06508500154183505
21322,-0.07651200000000014,-0.004179256,0.0723327439631225,7.181820000000002,8.829918,1.6480979077148419,2.1264399999999988,5.530241,3.4038010125732434,-0.08069219999999999,-0.0056071985,0.07508500154183506
21345,-0.031843000000000066,-0.06381506,-0.03197205727767938,1.7864700000000013,4.756447,2.969976838378905,2.054759999999998,4.266586,2.211825826873781,0.056093200000000065,0.064716816,0.008623615948486263
21347,-0.09184300000000012,-0.06381506,0.028027942722320676,6.886469999999999,4.756447,-2.130023161621093,5.48476,4.266586,-1.2181741731262203,0.06809320000000008,0.064716816,-0.0033763840515137478
21348,-0.0718430000000001,-0.06381506,0.008027942722320658,4.766470000000002,4.756447,-0.010023161621095511,4.21476,4.266586,0.051825826873779235,0.07209320000000008,0.064716816,-0.007376384051513751
21349,-0.041843000000000075,-0.06381506,-0.02197205727767937,2.676470000000002,4.756447,2.0799768383789043,2.6547599999999996,4.266586,1.6118258268737797,0.05409319999999995,0.064716816,0.010623615948486376
21351,-0.08184300000000011,-0.06381506,0.018027942722320667,6.996470000000002,4.756447,-2.240023161621096,5.5747599999999995,4.266586,-1.3081741731262202,0.05909319999999996,0.064716816,0.005623615948486371
21396,0.22109299999999998,0.20799154,-0.013101459568023666,18.196640000000002,14.262549,-3.9340905996704123,16.14937,13.254844,-2.8945262881469738,0.1900231,0.1673012,-0.02272190712032318
21397,0.217395,0.14937583,-0.06801917387962342,13.36081,10.290084,-3.0707261148071296,15.50918,12.749369,-2.7598113323974616,0.2641566,0.18788674,-0.0762698552623749
21399,0.2106800000000001,0.21737278,0.006692775077819735,8.716399999999997,6.436699,-2.279701086425778,13.025250000000002,10.519303,-2.5059466781616226,0.2683918,0.24462524,-0.0237665594356537
21400,0.21094499999999994,0.2423544,0.031409393005371156,4.971860000000003,8.218276,3.246416023864743,9.39506,11.655383,2.260323110046386,0.2319057,0.22798766,-0.003918038042259209
21401,0.32094500000000004,0.2423544,-0.07859060699462894,9.451860000000002,8.218276,-1.2335839761352556,13.055060000000001,11.655383,-1.3996768899536143,0.2919057,0.22798766,-0.0639180380422592
21521,0.05140100000000003,0.078534104,0.02713310392999646,12.44652,10.075187,-2.3713332705688472,9.666570000000002,6.9761896,-2.6903803866577167,0.05663830000000003,0.011088639,-0.04554966143356565
21524,0.04061500000000007,0.035555128,-0.005059871991872855,10.528690000000001,9.236705,-1.2919851736450205,7.86889,7.1021943,-0.7666956907653812,0.05409549999999996,0.010755918,-0.04333958201128241
21525,-0.019930000000000003,0.03448073,0.05441072820901871,5.722109999999997,7.1844783,1.4623682829284697,3.2874300000000005,4.8210196,1.5335896495056147,-0.029368599999999967,0.00026178107,0.029630381067820233
21526,0.060975,0.041855805,-0.019119195377826692,7.18599,7.717192,0.5312021730041501,5.810269999999999,6.0670586,0.2567885632324227,0.024944900000000048,0.003415902,-0.021528998087623763
21541,-0.03588900000000006,-0.040655747,-0.0047667470560073255,10.36213,9.835432,-0.5266979473876958,9.77854,8.92927,-0.8492702093505855,0.09059139999999999,0.06836652,-0.02222487989320754
21542,-0.05588900000000008,-0.040655747,0.015233252943992692,9.68213,9.835432,0.1533020526123039,8.70854,8.92927,0.22072979064941478,0.08059139999999998,0.06836652,-0.01222487989320753
21543,-0.05588900000000008,-0.040655747,0.015233252943992692,8.79213,9.835432,1.0433020526123045,7.498539999999998,8.92927,1.4307297906494156,0.05059139999999995,0.06836652,0.017775120106792497
21544,-0.03588900000000006,-0.040655747,-0.0047667470560073255,10.11213,9.835432,-0.2766979473876958,9.54854,8.92927,-0.6192702093505851,0.08059139999999998,0.06836652,-0.01222487989320753
21545,-0.06588900000000009,-0.040655747,0.0252332529439927,9.302130000000002,9.835432,0.5333020526123029,7.48854,8.92927,1.4407297906494136,0.040591399999999944,0.06836652,0.027775120106792506
21546,-0.02588900000000005,-0.040655747,-0.014766747056007334,9.942130000000002,9.835432,-0.10669794738769767,9.38854,8.92927,-0.4592702093505867,0.07059139999999997,0.06836652,-0.002224879893207521
21567,0.19313999999999998,0.12732658,-0.06581342209815977,16.58115,14.999521,-1.5816287445068369,13.638750000000002,12.33055,-1.3081998062133806,0.03882269999999999,0.08328196,0.044459256613063824
21568,0.043139999999999956,0.12732658,0.08418657790184025,11.931149999999999,14.999521,3.0683712554931653,9.078750000000001,12.33055,3.25180019378662,0.01882269999999997,0.08328196,0.06445925661306384
21570,0.17313999999999996,0.12732658,-0.04581342209815975,15.841149999999999,14.999521,-0.8416287445068349,14.028750000000002,12.33055,-1.6981998062133812,0.11882269999999995,0.08328196,-0.035540743386936136
21571,0.26313999999999993,0.12732658,-0.13581342209815972,18.531149999999997,14.999521,-3.5316287445068326,16.76875,12.33055,-4.43819980621338,0.21882269999999998,0.08328196,-0.13554074338693617
21572,0.17313999999999996,0.12732658,-0.04581342209815975,17.19115,14.999521,-2.1916287445068363,14.888750000000002,12.33055,-2.5581998062133806,0.11882269999999995,0.08328196,-0.035540743386936136
21573,0.07313999999999998,0.12732658,0.05418657790184023,11.32115,14.999521,3.6783712554931647,9.59875,12.33055,2.7318001937866203,0.0488227,0.08328196,0.034459256613063816
21574,0.0031399999999999206,0.12732658,0.12418657790184029,9.96115,14.999521,5.038371255493164,5.298750000000002,12.33055,7.031800193786619,-0.0711773,0.08328196,0.1544592566130638
21575,0.18313999999999997,0.12732658,-0.05581342209815976,16.37115,14.999521,-1.371628744506836,14.598750000000003,12.33055,-2.2681998062133815,0.13882269999999997,0.08328196,-0.05554074338693615
21576,0.26313999999999993,0.12732658,-0.13581342209815972,20.531149999999997,14.999521,-5.531628744506833,17.558750000000003,12.33055,-5.228199806213382,0.2288227,0.08328196,-0.14554074338693618
21579,-0.04211930000000008,0.06152454,0.10364384018592843,1.4563799999999993,6.17867,4.722289929504395,1.4218700000000002,6.4805913,5.058721297149658,0.04652119999999993,0.1271401,0.08061890477066047
21581,0.07788069999999991,0.06152454,-0.01635615981407157,6.356379999999998,6.17867,-0.1777100704956034,7.85187,6.4805913,-1.3712787028503417,0.16652119999999992,0.1271401,-0.039381095229339524
21582,0.13788069999999997,0.06152454,-0.07635615981407162,7.686379999999998,6.17867,-1.5077100704956035,9.371870000000001,6.4805913,-2.891278702850343,0.19652119999999995,0.1271401,-0.06938109522933955
21640,0.205488,0.08249413,-0.12299386777925492,14.441820000000003,14.006748,-0.4350718005371128,14.91644,12.339888,-2.576552380981445,0.24630780000000002,0.14309146,-0.10321634489803316
21642,0.025487999999999955,0.08249413,0.05700613222074513,13.741820000000002,14.006748,0.26492819946288826,11.716439999999999,12.339888,0.623447619018556,0.11630780000000007,0.14309146,0.026783655101966786
21643,-0.007511999999999963,0.08249413,0.09000613222074505,14.641820000000003,14.006748,-0.6350718005371121,11.216439999999999,12.339888,1.123447619018556,0.06630780000000003,0.14309146,0.07678365510196683
21644,-0.010512000000000077,0.08249413,0.09300613222074516,15.541820000000003,14.006748,-1.5350718005371125,11.01644,12.339888,1.3234476190185553,0.0063078000000000856,0.14309146,0.13678365510196677
21645,0.06348799999999999,0.08249413,0.019006132220745098,17.04182,14.006748,-3.0350718005371107,15.31644,12.339888,-2.9765523809814454,0.25630780000000003,0.14309146,-0.11321634489803317
21646,0.18948799999999988,0.08249413,-0.10699386777925479,14.641820000000003,14.006748,-0.6350718005371121,15.01644,12.339888,-2.6765523809814447,0.24630780000000002,0.14309146,-0.10321634489803316
21647,0.210488,0.08249413,-0.12799386777925492,17.441820000000003,14.006748,-3.435071800537113,16.51644,12.339888,-4.176552380981445,0.2963078,0.14309146,-0.15321634489803315
21725,0.1522150000000001,0.014976888,-0.13723811203628788,17.07835,9.458248,-7.620101861572266,13.837250000000001,6.4692574,-7.367992645263673,0.052264100000000036,-0.0022088352,-0.05447293521251384
21726,0.11221500000000006,0.014976888,-0.09723811203628785,16.278349999999996,9.458248,-6.820101861572262,13.527250000000002,6.4692574,-7.057992645263674,0.09226410000000007,-0.0022088352,-0.09447293521251388
21727,0.23221500000000006,0.014976888,-0.21723811203628784,15.368349999999998,9.458248,-5.910101861572263,13.617250000000002,6.4692574,-7.147992645263674,0.052264100000000036,-0.0022088352,-0.05447293521251384
21728,0.08221500000000015,0.014976888,-0.06723811203628793,10.52835,9.458248,-1.0701018615722653,9.587250000000001,6.4692574,-3.117992645263673,0.062264100000000044,-0.0022088352,-0.06447293521251385
21729,0.012215000000000087,0.014976888,0.0027618879637121285,9.518349999999998,9.458248,-0.060101861572263715,6.267250000000001,6.4692574,0.20200735473632747,-0.03773589999999993,-0.0022088352,0.03552706478748613
21730,0.032215000000000105,0.014976888,-0.01723811203628789,8.68835,9.458248,0.7698981384277346,6.2272500000000015,6.4692574,0.24200735473632662,-0.017735899999999916,-0.0022088352,0.015527064787486111
21731,0.012215000000000087,0.014976888,0.0027618879637121285,8.588349999999998,9.458248,0.869898138427736,6.007250000000001,6.4692574,0.46200735473632726,-0.007735899999999907,-0.0022088352,0.005527064787486102
21732,-0.007784999999999931,0.014976888,0.022761887963712146,8.668349999999997,9.458248,0.7898981384277377,5.557250000000002,6.4692574,0.9120073547363265,-0.027735899999999925,-0.0022088352,0.02552706478748612
21735,0.21221500000000004,0.014976888,-0.19723811203628783,19.81835,9.458248,-10.360101861572264,15.21725,6.4692574,-8.747992645263672,-0.017735899999999916,-0.0022088352,0.015527064787486111
21736,0.21221500000000004,0.014976888,-0.19723811203628783,19.74835,9.458248,-10.290101861572264,14.547250000000002,6.4692574,-8.077992645263674,-0.09773589999999999,-0.0022088352,0.09552706478748618
21737,0.08221500000000015,0.014976888,-0.06723811203628793,17.448349999999998,9.458248,-7.990101861572263,12.69725,6.4692574,-6.227992645263672,-0.027735899999999925,-0.0022088352,0.02552706478748612
21738,0.042215000000000114,0.014976888,-0.027238112036287898,15.108349999999998,9.458248,-5.650101861572264,10.747250000000001,6.4692574,-4.277992645263673,-0.027735899999999925,-0.0022088352,0.02552706478748612
21739,0.032215000000000105,0.014976888,-0.01723811203628789,11.908349999999999,9.458248,-2.4501018615722643,8.047250000000002,6.4692574,-1.5779926452636737,-0.04773589999999994,-0.0022088352,0.04552706478748614
21779,-0.07001000000000013,0.045354605,0.11536460472106946,7.657590000000003,10.0753145,2.417724521789548,4.98508,7.442277,2.457196954650879,0.023483599999999938,0.02986927,0.006385669579649034
21816,0.1430530000000001,0.108756654,-0.034296346035480596,8.984370000000002,10.358171,1.3738014630126933,10.41232,10.894518,0.48219789855957096,0.026765299999999992,0.032144703,0.005379402970981606
22052,0.06238699999999997,0.02992907,-0.03245793019783494,9.935680000000001,9.771815,-0.16386470001220843,8.33515,7.931184,-0.4039661849975591,0.026455999999999924,0.05129199,0.024835991025209503
22053,-0.0176130000000001,0.02992907,0.04754206980216513,7.635680000000001,9.771815,2.1361352999877923,4.895150000000001,7.931184,3.0360338150024404,-0.010544000000000109,0.05129199,0.061835991025209536
22070,-0.057784999999999975,0.01546205,0.0732470502144098,4.458349999999999,8.77821,4.3198596862792975,0.5772500000000029,6.4156413,5.838391307830808,-0.06773589999999996,0.016809676,0.08454557584252353
22071,-0.02778499999999995,0.01546205,0.04324705021440978,4.708349999999999,8.77821,4.0698596862792975,1.9072500000000012,6.4156413,4.508391307830809,-0.03773589999999993,0.016809676,0.05454557584252351
22072,-0.02778499999999995,0.01546205,0.04324705021440978,5.448349999999998,8.77821,3.329859686279299,2.957250000000002,6.4156413,3.4583913078308086,-0.017735899999999916,0.016809676,0.03454557584252349
22073,-0.02778499999999995,0.01546205,0.04324705021440978,5.6283499999999975,8.77821,3.1498596862792994,2.7672500000000007,6.4156413,3.64839130783081,-0.027735899999999925,0.016809676,0.0445455758425235
22074,-0.057784999999999975,0.01546205,0.0732470502144098,4.548349999999999,8.77821,4.229859686279298,0.7872500000000002,6.4156413,5.62839130783081,-0.05773589999999995,0.016809676,0.07454557584252353
22111,0.1093869999999999,0.055835735,-0.05355126494717588,11.185680000000001,9.069754,-2.1159263531494155,9.20515,7.2978287,-1.9073213256835935,0.0014560000000000128,0.0112759005,0.00981990052783488
22112,0.09738699999999989,0.055835735,-0.04155126494717587,9.965680000000003,9.069754,-0.8959263531494166,7.575150000000001,7.2978287,-0.27732132568359447,-0.03854400000000002,0.0112759005,0.049819900527834915
22113,0.1123869999999999,0.055835735,-0.05655126494717588,11.705680000000001,9.069754,-2.635926353149415,9.07515,7.2978287,-1.7773213256835945,-0.03854400000000002,0.0112759005,0.049819900527834915
22114,0.11938699999999991,0.055835735,-0.06355126494717589,11.805680000000002,9.069754,-2.7359263531494165,9.395150000000001,7.2978287,-2.0973213256835948,-0.028544000000000014,0.0112759005,0.039819900527834906
22115,0.13238699999999992,0.055835735,-0.0765512649471759,12.435680000000001,9.069754,-3.3659263531494155,10.33515,7.2978287,-3.0373213256835943,0.0014560000000000128,0.0112759005,0.00981990052783488
22116,0.025386999999999937,0.055835735,0.030448735052824083,8.435680000000001,9.069754,0.6340736468505845,6.18515,7.2978287,1.112678674316406,-0.008543999999999996,0.0112759005,0.01981990052783489
22118,0.09938699999999989,0.055835735,-0.04355126494717587,10.185680000000001,9.069754,-1.1159263531494155,8.17515,7.2978287,-0.8773213256835941,-0.018544000000000005,0.0112759005,0.029819900527834897
22120,0.025386999999999937,0.055835735,0.030448735052824083,8.435680000000001,9.069754,0.6340736468505845,6.18515,7.2978287,1.112678674316406,-0.008543999999999996,0.0112759005,0.01981990052783489
22121,0.023386999999999936,0.055835735,0.032448735052824085,9.075680000000002,9.069754,-0.00592635314941603,6.665150000000001,7.2978287,0.6326786743164057,-0.008543999999999996,0.0112759005,0.01981990052783489
22122,0.2423869999999999,0.055835735,-0.1865512649471759,10.90568,9.069754,-1.8359263531494143,7.825150000000001,7.2978287,-0.5273213256835945,-0.028544000000000014,0.0112759005,0.039819900527834906
22181,0.07321500000000014,0.01546205,-0.05775294978559031,10.248349999999999,8.77821,-1.4701403137207016,8.467250000000002,6.4156413,-2.051608692169191,0.02226410000000001,0.016809676,-0.005454424157476434
22182,0.008215000000000083,0.01546205,0.007247050214409745,8.61835,8.77821,0.15985968627929736,4.647250000000001,6.4156413,1.7683913078308091,-0.07773589999999997,0.016809676,0.09454557584252354
22183,0.018215000000000092,0.01546205,-0.002752949785590264,8.198349999999998,8.77821,0.5798596862792991,5.2272500000000015,6.4156413,1.188391307830809,-0.03773589999999993,0.016809676,0.05454557584252351
22184,0.033215000000000106,0.01546205,-0.017752949785590277,10.690349999999999,8.77821,-1.9121403137207018,7.927250000000001,6.4156413,-1.5116086921691902,0.002264100000000102,0.016809676,0.014545575842523473
22185,0.0282150000000001,0.01546205,-0.012752949785590273,9.056349999999998,8.77821,-0.27814031372070147,5.517250000000001,6.4156413,0.8983913078308099,-0.05773589999999995,0.016809676,0.07454557584252353
22186,0.033215000000000106,0.01546205,-0.017752949785590277,7.241349999999997,8.77821,1.5368596862792998,6.02725,6.4156413,0.3883913078308101,0.02226410000000001,0.016809676,-0.005454424157476434
22187,0.06221500000000013,0.01546205,-0.0467529497855903,8.978349999999999,8.77821,-0.20014031372070207,8.18725,6.4156413,-1.77160869216919,0.062264100000000044,0.016809676,-0.04545442415747647
22188,0.022215000000000096,0.01546205,-0.006752949785590268,7.768349999999998,8.77821,1.0098596862792988,5.157250000000001,6.4156413,1.2583913078308093,-0.017735899999999916,0.016809676,0.03454557584252349
22189,0.022215000000000096,0.01546205,-0.006752949785590268,7.488349999999997,8.77821,1.2898596862793,5.187250000000001,6.4156413,1.22839130783081,-0.007735899999999907,0.016809676,0.02454557584252348
22192,0.022213999999999956,0.025986835,0.0037728353605270826,13.186860000000003,14.637955,1.4510947119140596,10.55787,11.804831,1.2469605511474615,0.05469860000000004,0.0293187,-0.025379900386786503
22193,0.05221399999999998,0.025986835,-0.026227164639472944,18.686860000000003,14.637955,-4.04890528808594,13.25787,11.804831,-1.4530394488525396,0.014698600000000006,0.0293187,0.014620099613213533
22331,0.025202000000000058,0.0102574155,-0.014944584526538907,7.936509999999998,9.24416,1.3076496984863297,10.0364,11.001643,0.9652431808471675,0.14513739999999997,0.16394694,0.01880954149494174
22332,0.025202000000000058,0.0102574155,-0.014944584526538907,7.936509999999998,9.24416,1.3076496984863297,10.0364,11.001643,0.9652431808471675,0.14513739999999997,0.16394694,0.01880954149494174
22333,0.025202000000000058,0.0102574155,-0.014944584526538907,7.936509999999998,9.24416,1.3076496984863297,10.0364,11.001643,0.9652431808471675,0.14513739999999997,0.16394694,0.01880954149494174
22418,0.06238699999999997,0.028867694,-0.03351930638206002,7.40568,9.839272,2.433591545410156,5.905150000000001,7.6284146,1.7232646308898918,-0.008543999999999996,0.04435969,0.05290369144105911
22487,-0.04631699999999994,-0.04831524,-0.0019982382075787175,5.958660000000002,6.6335273,0.6748672789001446,9.058400000000002,8.508563,-0.5498369583129907,0.23238349999999997,0.17168324,-0.06070026304340359
22489,-0.08631699999999998,-0.04831524,0.03800176179242132,6.758659999999999,6.6335273,-0.12513272109985252,9.658400000000002,8.508563,-1.1498369583129904,0.2523835,0.17168324,-0.08070026304340361
22491,-0.016316999999999915,-0.04831524,-0.031998238207578744,7.85866,6.6335273,-1.225132721099854,10.258400000000002,8.508563,-1.74983695831299,0.21238350000000006,0.17168324,-0.040700263043403684
22502,0.11451500000000003,0.0060138167,-0.10850118331179026,10.678439999999998,8.853307,-1.8251332296752913,14.24813,8.065887,-6.182242548828125,0.314724,0.10535057,-0.2093734311094284
22505,-0.07548500000000002,0.0060138167,0.0814988166882098,6.228439999999999,8.853307,2.624866770324708,3.4881300000000017,8.065887,4.577757451171873,-0.015275999999999956,0.10535057,0.12062656889057155
22633,-0.09498000000000006,-0.077676155,0.017303845326900547,6.551690000000001,7.7036304,1.1519404473876946,1.5366199999999992,3.865067,2.3284470051574715,-0.06808219999999998,0.0005193139,0.0686015139077164
22634,-0.10098000000000007,-0.077676155,0.023303845326900552,7.101690000000001,7.7036304,0.6019404473876939,2.6866200000000013,3.865067,1.1784470051574694,-0.03608219999999995,0.0005193139,0.036601513907716376
22636,-0.07098000000000004,-0.077676155,-0.006696154673099475,8.221690000000002,7.7036304,-0.5180595526123071,6.39662,3.865067,-2.5315529948425297,0.06991780000000003,0.0005193139,-0.0693984860922836
22679,0.06407600000000002,0.034289166,-0.029786833668708823,6.877839999999999,6.232215,-0.6456250723266592,12.735679999999999,9.027866,-3.707813636474608,0.07218659999999999,0.07758125,0.0053946491774559124
22680,-0.00592400000000004,0.034289166,0.04021316633129124,6.277839999999998,6.232215,-0.0456250723266578,6.93568,9.027866,2.092186363525391,0.07218659999999999,0.07758125,0.0053946491774559124
22681,-0.03592400000000007,0.034289166,0.07021316633129127,3.477839999999997,6.232215,2.754374927673343,5.535679999999999,9.027866,3.4921863635253914,0.032186600000000065,0.07758125,0.04539464917745584
23025,0.21315899999999988,0.13829944,-0.0748595646228789,12.027910000000002,13.149228,1.1213180960082987,18.850099999999998,17.932064,-0.9180359436035133,0.44534360000000006,0.38449293,-0.060850666249847474
23026,0.19315899999999997,0.13829944,-0.054859564622879,12.907910000000005,13.149228,0.24131809600829612,18.8701,17.932064,-0.9380359436035164,0.42534360000000004,0.38449293,-0.040850666249847456
23058,-0.02761300000000011,0.031033294,0.05864629427540313,7.915680000000002,9.01863,1.1029500277709943,4.405149999999999,7.3148203,2.9096702896118174,-0.04854400000000003,0.042602085,0.09114608457708362
23104,-0.05910499999999996,-0.027721882,0.031383118133544885,3.57723,3.918289,0.34105894615173327,3.5110600000000005,4.0282087,0.51714873260498,0.07304710000000003,0.07679584,0.0037487387732505484
23105,-0.05910499999999996,-0.027721882,0.031383118133544885,4.027229999999999,3.918289,-0.10894105384826602,2.87106,4.0282087,1.1571487326049805,0.033047099999999996,0.07679584,0.043748738773250584
23106,-0.05910499999999996,-0.027721882,0.031383118133544885,4.027229999999999,3.918289,-0.10894105384826602,2.87106,4.0282087,1.1571487326049805,0.033047099999999996,0.07679584,0.043748738773250584
23107,-0.019104999999999928,-0.027721882,-0.00861688186645515,3.3372300000000017,3.918289,0.5810589461517317,3.7510600000000025,4.0282087,0.27714873260497797,0.06304710000000002,0.07679584,0.013748738773250557
23108,-0.019104999999999928,-0.027721882,-0.00861688186645515,3.3372300000000017,3.918289,0.5810589461517317,3.7510600000000025,4.0282087,0.27714873260497797,0.06304710000000002,0.07679584,0.013748738773250557
23109,-0.019104999999999928,-0.027721882,-0.00861688186645515,3.497230000000002,3.918289,0.42105894615173156,4.831060000000001,4.0282087,-0.8028512673950203,0.10304709999999995,0.07679584,-0.026251261226749367
23139,0.1023869999999999,0.038578305,-0.06380869460654248,8.485680000000002,9.022931,0.5372510989379862,8.59515,7.3956237,-1.199526316070557,0.061455999999999955,0.03773854,-0.023717460721492722
23302,-0.09956500000000013,0.09536903,0.19493403351545346,7.203769999999999,11.32448,4.120710056762697,4.556880000000001,10.619573,6.062692639465331,0.051134800000000036,0.11856576,0.06743096055288311
23303,0.014434999999999976,0.09536903,0.08093403351545336,9.373769999999999,11.32448,1.9507100567626967,8.486880000000001,10.619573,2.132692639465331,0.12113479999999999,0.11856576,-0.0025690394471168387
23304,0.23743499999999995,0.09536903,-0.1420659664845466,11.42377,11.32448,-0.099289943237304,11.326880000000001,10.619573,-0.7073073605346689,0.10213479999999997,0.11856576,0.016430960552883178
23305,0.26143499999999986,0.09536903,-0.16606596648454652,13.00377,11.32448,-1.679289943237304,13.37688,10.619573,-2.757307360534668,0.21513479999999996,0.11856576,-0.09656903944711681
23307,0.1347520000000001,0.14644782,0.011695822451591398,23.536230000000003,18.455057,-5.081172855834964,20.24323,14.976209,-5.267021313171387,0.20431639999999995,0.19822954,-0.00608686358585353
23338,0.05221500000000012,0.018476922,-0.033738077934980515,7.138349999999999,7.637483,0.4991331199646005,6.1072500000000005,6.3077917,0.20054170989990183,0.0122641,0.039987527,0.027723426834011078
23340,0.25337699999999996,0.23432495,-0.019052053000450098,7.034000000000001,6.7915974,-0.24240263366699288,9.8681,9.664158,-0.20394213256835947,0.2667578,0.26446593,-0.0022918719223022355
23341,0.1883769999999999,0.23432495,0.04594794699954996,4.033999999999999,6.7915974,2.757597366333009,7.568099999999999,9.664158,2.0960578674316412,0.17675779999999996,0.26446593,0.08770812807769779
23342,0.19437700000000002,0.23432495,0.039947946999549844,3.1340000000000003,6.7915974,3.6575973663330075,6.9681,9.664158,2.696057867431641,0.16375779999999995,0.26446593,0.1007081280776978
23343,0.24037699999999995,0.23432495,-0.006052053000450086,2.8339999999999996,6.7915974,3.957597366333008,7.6681,9.664158,1.9960578674316407,0.19875779999999998,0.26446593,0.06570812807769777
23355,0.405377,0.23432495,-0.17105205300045012,13.334,6.7915974,-6.542402633666992,13.168099999999999,9.664158,-3.5039421325683584,0.3437578,0.26446593,-0.07929187192230225
23356,0.12537699999999996,0.23432495,0.1089479469995499,7.934000000000001,6.7915974,-1.1424026336669932,10.9681,9.664158,-1.3039421325683591,0.3387578,0.26446593,-0.07429187192230224
23357,0.1853769999999999,0.23432495,0.04894794699954996,5.634,6.7915974,1.1575973663330075,10.0681,9.664158,-0.40394213256835876,0.3087578,0.26446593,-0.04429187192230227
23359,0.285377,0.23432495,-0.051052053000450126,10.134,6.7915974,-3.3424026336669925,11.9681,9.664158,-2.303942132568359,0.3387578,0.26446593,-0.07429187192230224
23526,0.12715700000000008,0.10421405,-0.02294295012426384,7.41647,6.997815,-0.41865486785888706,10.21476,8.963798,-1.2509624307250977,0.16309320000000005,0.1401667,-0.022926500113678028
23646,0.2995052,0.24804775,-0.05145744583148959,9.35202,9.469281,0.11726119659423873,8.989729999999998,8.93086,-0.05887043426513472,0.06508250000000004,0.080180205,0.01509770540475841
23647,0.2895052,0.24804775,-0.04145744583148958,8.90202,9.469281,0.567261196594238,8.369729999999999,8.93086,0.5611295657348645,0.055082500000000034,0.080180205,0.02509770540475842
23679,0.054643,0.03758513,-0.017057868175983426,4.84188,4.98471,0.14283021652221706,10.898890000000002,8.579928,-2.3189616018676773,0.2975966,0.1709772,-0.1266193949619293
23680,0.0025079999999999547,0.002408629,-9.937094952161551e-05,4.282170000000004,4.7197113,0.43754130371093325,4.037049999999999,4.8167562,0.7797062484741222,0.005777199999999927,0.039629355,0.03385215507297523
23681,0.035414999999999974,0.057609797,0.022194796524047877,5.395870000000002,4.2291136,-1.1667564212036154,2.4469600000000007,1.9742892,-0.4726708211517341,-0.045522300000000016,-0.04520829,0.00031400978069306973
23682,0.03423899999999991,0.057609797,0.023370796524047943,2.141490000000001,4.2291136,2.0876235787963857,-0.847900000000001,1.9742892,2.8221891788482676,-0.09972800000000004,-0.04520829,0.05451970978069309
23685,0.11048000000000002,0.11240949,0.001929487366676308,13.32834,13.752857,0.4245172082519524,5.893020000000002,6.446943,0.5539228062438948,-0.06188970000000005,-0.058156494,0.0037332059487820146
24010,-0.10612900000000014,-0.044703502,0.06142549779200568,5.761879999999998,6.5136313,0.7517513438415548,0.8259000000000007,2.553229,1.727329093551635,-0.07200939999999989,-0.037083823,0.03492557676615704
24011,-0.08095200000000013,-0.028155515,0.052796485029578344,9.71708,8.814396,-0.9026840954589836,5.0513200000000005,5.28896,0.23763998001098585,-0.027748099999999942,0.002093783,0.029841883114105405
24012,-0.08095200000000013,-0.028155515,0.052796485029578344,9.22708,8.814396,-0.4126840954589852,3.9613200000000006,5.28896,1.3276399800109857,-0.05574809999999997,0.002093783,0.05784188311410543
24013,-0.06095200000000012,-0.028155515,0.032796485029578326,9.05708,8.814396,-0.2426840954589835,4.441320000000001,5.28896,0.8476399800109853,-0.04474809999999996,0.002093783,0.04684188311410542
24126,0.07238699999999998,0.031033294,-0.041353705724596956,8.38568,9.01863,0.6329500277709954,7.70515,7.3148203,-0.3903297103881833,0.04145599999999994,0.042602085,0.0011460845770836503
24127,0.022386999999999935,0.031033294,0.008646294275403088,7.4756800000000005,9.01863,1.5429500277709955,8.40515,7.3148203,-1.0903297103881844,0.1314559999999999,0.042602085,-0.08885391542291632
24128,0.0063869999999999205,0.031033294,0.024646294275403102,6.665680000000002,9.01863,2.3529500277709943,6.60515,7.3148203,0.7096702896118163,0.08145599999999997,0.042602085,-0.038853915422916385
24129,0.002386999999999917,0.031033294,0.028646294275403106,6.265680000000003,9.01863,2.752950027770993,5.50515,7.3148203,1.809670289611816,0.04145599999999994,0.042602085,0.0011460845770836503
24209,-0.07623600000000019,-0.027345186,0.048890813900590135,11.673869999999997,10.763616,-0.9102543917846653,8.162320000000001,9.598715,1.4363948284912098,0.03040010000000004,0.081787266,0.051387165837192494
24285,0.05906000000000011,0.08294039,0.023880392196178324,8.22617,9.02873,0.8025603924560549,10.707510000000001,11.350328,0.6428184454345693,0.13264829999999994,0.17416246,0.04151416235370642
24368,0.03420500000000004,0.040109873,0.005904872817993123,1.1225800000000028,3.484932,2.3623519458007785,3.5851100000000002,5.6400576,2.054947563781738,0.11778159999999993,0.13118282,0.013401219604873726
24369,0.021560000000000024,-0.041389327,-0.06294932749629023,9.41901,10.331709,0.9126989080810546,6.7472400000000015,6.7518754,0.004635400543211432,-0.011720999999999981,-0.022430034,-0.010709034354329128
24370,-0.06844000000000006,-0.041389327,0.02705067250370985,10.609010000000001,10.331709,-0.2773010919189467,8.86724,6.7518754,-2.115364599456788,0.06827899999999998,-0.022430034,-0.09070903435432909
24371,-0.06844000000000006,-0.041389327,0.02705067250370985,10.609010000000001,10.331709,-0.2773010919189467,5.417240000000001,6.7518754,1.3346354005432115,-0.04172100000000001,-0.022430034,0.0192909656456709
24372,-0.09844000000000008,-0.041389327,0.057050672503709876,8.70901,10.331709,1.6226989080810554,3.517240000000001,6.7518754,3.234635400543212,-0.061721000000000026,-0.022430034,0.03929096564567092
24388,0.2219899999999999,0.045354605,-0.17663539527893057,13.32159,10.0753145,-3.2462754782104497,13.585080000000001,7.442277,-6.1428030453491225,0.14348359999999993,0.02986927,-0.11361433042035096
24389,0.15112800000000004,0.14167191,-0.009456089118003885,11.10161,10.162962,-0.9386480401611337,13.13899,11.672043,-1.4669471533203122,0.15830339999999998,0.1318005,-0.026502897461318953
24390,0.13112800000000002,0.14167191,0.010543910881996132,8.30161,10.162962,1.861351959838867,11.03899,11.672043,0.6330528466796874,0.12830339999999996,0.1318005,0.003497102538681074
24391,0.24346899999999994,0.22299857,-0.020470425623893673,12.975609999999996,14.581942,1.6063316046142617,8.44803,8.659842,0.21181153747558668,-0.03491660000000002,-0.033700373,0.001216226976251622
24465,-0.05436799999999997,0.019623622,0.07399162229824063,8.184450000000002,9.120496,0.9360457962036115,10.25235,11.216931,0.9645813430786134,0.19939050000000003,0.19883502,-0.0005554847030639909
24582,-0.057613000000000136,0.028867694,0.08648069361794009,7.33568,9.839272,2.5035915454101563,3.3851499999999994,7.6284146,4.243264630889893,-0.040544000000000024,0.04435969,0.08490369144105914
24588,-0.057613000000000136,0.028867694,0.08648069361794009,7.33568,9.839272,2.5035915454101563,3.3851499999999994,7.6284146,4.243264630889893,-0.040544000000000024,0.04435969,0.08490369144105914
24704,-0.0176130000000001,-0.017073674,0.0005393258725405747,6.605680000000003,7.4876733,0.8819932826232879,3.405149999999999,3.9361188,0.5309688411712656,-0.03854400000000002,-0.029052965,0.009491034657001518
24705,-0.02761300000000011,-0.017073674,0.010539325872540584,7.205680000000001,7.4876733,0.28199328262329004,3.2051499999999997,3.9361188,0.7309688411712649,-0.06854400000000005,-0.029052965,0.039491034657001545
24706,-0.04761300000000013,-0.017073674,0.0305393258725406,7.605680000000003,7.4876733,-0.11800671737671209,2.905149999999999,3.9361188,1.0309688411712656,-0.07854400000000006,-0.029052965,0.049491034657001554
24707,-0.03761300000000012,-0.017073674,0.020539325872540592,7.505680000000002,7.4876733,-0.018006717376710668,4.305150000000001,3.9361188,-0.3690311588287365,-0.018544000000000005,-0.029052965,-0.0105089653429985
24709,-0.04761300000000013,-0.017073674,0.0305393258725406,6.205680000000001,7.4876733,1.28199328262329,2.805150000000001,3.9361188,1.1309688411712635,-0.028544000000000014,-0.029052965,-0.0005089653429984908
24710,-0.057613000000000136,-0.017073674,0.04053932587254061,6.105680000000003,7.4876733,1.381993282623288,2.605150000000002,3.9361188,1.3309688411712628,-0.03854400000000002,-0.029052965,0.009491034657001518
24713,-0.02761300000000011,-0.017073674,0.010539325872540584,6.505680000000002,7.4876733,0.9819932826232893,2.805150000000001,3.9361188,1.1309688411712635,-0.05854400000000004,-0.029052965,0.029491034657001536
24714,-0.02761300000000011,-0.017073674,0.010539325872540584,6.605680000000003,7.4876733,0.8819932826232879,2.605150000000002,3.9361188,1.3309688411712628,-0.06854400000000005,-0.029052965,0.039491034657001545
24717,-0.057613000000000136,-0.017073674,0.04053932587254061,6.205680000000001,7.4876733,1.28199328262329,1.8051500000000011,3.9361188,2.1309688411712635,-0.06854400000000005,-0.029052965,0.039491034657001545
24969,-0.03778499999999996,0.01546205,0.053247050214409786,8.588349999999998,8.77821,0.1898596862792985,6.917250000000001,6.4156413,-0.5016086921691905,0.062264100000000044,0.016809676,-0.04545442415747647
24986,0.0018689999999998985,0.009536785,0.007667785073578459,12.554590000000005,14.474046,1.9194557534789993,16.652449999999998,15.197799,-1.454651271057127,-0.04840769999999994,-0.123634264,-0.07522656387310034
24988,0.0018689999999998985,0.009536785,0.007667785073578459,17.154590000000006,14.474046,-2.680544246521002,16.652449999999998,15.197799,-1.454651271057127,-0.2384077,-0.123634264,0.11477343612689972
24990,0.06186899999999995,0.009536785,-0.052332214926421594,16.954590000000003,14.474046,-2.4805442465209993,16.652449999999998,15.197799,-1.454651271057127,-0.17840769999999995,-0.123634264,0.054773436126899666
25161,0.12238699999999991,0.07885389,-0.043533109700202854,8.90568,10.027995,1.1223151095581052,9.50515,9.271585,-0.23356453552246137,0.10145599999999999,0.07380815,-0.027647851496696463
25162,0.12238699999999991,0.07885389,-0.043533109700202854,8.705680000000001,10.027995,1.3223151095581045,8.50515,9.271585,0.7664354644775386,0.051455999999999946,0.07380815,0.02235214850330358
25230,0.1285139999999999,0.20609768,0.07758367735004434,8.763110000000001,11.954226,3.1911155401611317,10.682830000000001,13.055351,2.372521257324218,0.13898579999999994,0.1764351,0.037449298052024904
25232,0.14851399999999992,0.20609768,0.05758367735004433,10.083110000000001,11.954226,1.8711155401611315,11.552830000000002,13.055351,1.5025212573242168,0.15898579999999995,0.1764351,0.017449298052024886
25234,0.21851399999999988,0.20609768,-0.012416322649955625,6.833110000000001,11.954226,5.1211155401611315,12.242830000000001,13.055351,0.8125212573242173,0.2089858,0.1764351,-0.03255070194797516
25291,0.08121500000000015,0.01546205,-0.06575294978559032,7.538349999999998,8.77821,1.2398596862792992,7.807250000000002,6.4156413,-1.391608692169191,0.06426410000000005,0.016809676,-0.04745442415747647
25300,-0.02778499999999995,0.01941381,0.04719881022334094,5.338349999999998,6.721928,1.3835781196594255,3.1072500000000005,5.3778505,2.2706005325317378,-0.007735899999999907,0.028760089,0.03649598860766878
25301,0.002215000000000078,0.01941381,0.01719881022334091,4.93835,6.721928,1.783578119659424,3.6072500000000005,5.3778505,1.7706005325317378,0.002264100000000102,0.028760089,0.026495988607668775
25340,-0.03940300000000008,-0.033347007,0.006055993112802582,7.961499999999997,8.317841,0.35634057617187764,2.869440000000001,4.3680606,1.498620588836669,-0.08285969999999998,-0.033868603,0.04899109659166334
25341,-0.04665800000000009,-0.022096645,0.02456135491299638,7.937749999999998,9.194199,1.2564486083984399,2.4916199999999975,4.5692515,2.0776315373230005,-0.08980929999999998,-0.04020906,0.04960024132781027
25342,-0.05906300000000009,-0.0040912107,0.054971789336681454,2.6450500000000012,5.3698297,2.7247796546936023,-0.26829000000000036,4.063583,4.33187289718628,-0.047492700000000054,-0.047249053,0.000243647326421792
25345,-0.04665800000000009,-0.022096645,0.02456135491299638,8.037749999999999,9.194199,1.1564486083984384,2.8916199999999996,4.5692515,1.6776315373229984,-0.07980929999999997,-0.04020906,0.03960024132781026
25346,-0.04906300000000008,-0.0040912107,0.044971789336681445,2.6450500000000012,5.3698297,2.7247796546936023,0.03171000000000035,4.063583,4.031872897186279,-0.04049270000000005,-0.047249053,-0.006756352673578214
25673,0.012386999999999926,0.055835735,0.043448735052824095,5.635680000000001,9.069754,3.4340736468505852,5.395150000000001,7.2978287,1.9026786743164052,0.051455999999999946,0.0112759005,-0.040180099472165054
25675,0.21238699999999988,0.055835735,-0.15655126494717586,6.24568,9.069754,2.824073646850586,9.26515,7.2978287,-1.967321325683594,0.08145599999999997,0.0112759005,-0.07018009947216508
25844,0.04167900000000002,0.035949096,-0.005729903916358969,7.97982,7.8678803,-0.111939655609131,6.31747,6.813179,0.4957090161132811,0.0030944000000000527,0.04395973,0.040865329373454995
25845,0.04167900000000002,0.016822802,-0.024856198097109816,8.11982,8.218045,0.09822523468017508,6.617470000000001,5.4645863,-1.1528837420654305,0.01309439999999995,-0.001766178,-0.014860577942044984
26269,-0.116317,-0.034267735,0.08204926526379586,3.4060699999999997,4.8142614,1.4081914364624026,3.3550499999999985,5.4177384,2.0626884376525894,0.10665259999999999,0.10192267,-0.0047299314833640915
26523,-0.06761600000000012,-0.04293095,0.024685050520658613,5.902649999999998,7.5241075,1.6214574562072777,5.4033999999999995,6.613349,1.2099489608764653,-0.0815285,-0.03757436,0.043954141715526585
26524,-0.028615999999999975,-0.04293095,-0.014314949479341532,6.902649999999998,7.5241075,0.6214574562072777,7.4033999999999995,6.613349,-0.7900510391235347,-0.05852849999999998,-0.03757436,0.020954141715526564
26633,0.018588999999999967,-0.015213692,-0.03380269162946936,5.07254,7.386408,2.3138678521728515,5.478440000000001,6.9659142,1.4874742494201652,0.05888559999999998,0.09762795,0.0387423526948929
26690,0.05171700000000001,0.026824396,-0.024892603896379484,12.760720000000001,10.553716,-2.207004294128419,11.1389,8.270749,-2.868150907897949,0.10500520000000002,0.02943042,-0.07557478079338076
26691,0.011716999999999977,0.026824396,0.015107396103620552,9.460720000000002,10.553716,1.09299570587158,7.1389,8.270749,1.1318490921020512,0.01500519999999994,0.02943042,0.014425219206619322
26950,0.053247000000000044,0.043417968,-0.009829032144069716,9.938460000000003,9.42326,-0.5152002648925809,8.566270000000001,8.121014,-0.4452563586425793,0.043883899999999976,0.03655201,-0.007331891758584952
26951,0.053247000000000044,0.043417968,-0.009829032144069716,8.23846,9.42326,1.184799735107422,6.906270000000001,8.121014,1.2147436413574209,0.01688389999999995,0.03655201,0.019668108241415072
27118,0.05795400000000006,0.11757298,0.059618978138923584,12.4236,13.606371,1.18277092590332,11.40202,13.313516,1.9114956631469724,0.08247870000000002,0.1409102,0.058431493324089034
27119,0.040954000000000046,0.11757298,0.0766189781389236,10.823599999999999,13.606371,2.7827709259033213,9.90202,13.313516,3.4114956631469724,0.0644787,0.1409102,0.07643149332408905
27123,0.03595400000000004,0.11757298,0.0816189781389236,12.823599999999999,13.606371,0.7827709259033213,11.60202,13.313516,1.711495663146973,0.08747870000000002,0.1409102,0.05343149332408903
27124,0.250954,0.11757298,-0.13338102186107637,17.0236,13.606371,-3.417229074096678,18.202019999999997,13.313516,-4.888504336853025,0.29947870000000004,0.1409102,-0.158568506675911
27125,0.18795400000000007,0.11757298,-0.07038102186107642,17.5236,13.606371,-3.917229074096678,16.90202,13.313516,-3.5885043368530276,0.1994787,0.1409102,-0.05856850667591096
27126,0.15595400000000004,0.11757298,-0.03838102186107639,13.823599999999999,13.606371,-0.2172290740966787,14.00202,13.313516,-0.6885043368530273,0.12747870000000006,0.1409102,0.013431493324088994
27416,-0.05053750000000001,-0.05424147,-0.003703970992565142,9.217019999999998,10.095654,0.8786335339355489,9.115,9.973182,0.8581817245483396,0.19051200000000001,0.20899116,0.018479155028343186
27419,-0.06053750000000002,-0.05424147,0.006296029007434867,12.49702,10.095654,-2.4013664660644523,11.614999999999998,9.973182,-1.6418182754516586,0.25051199999999996,0.20899116,-0.041520844971656756
27464,-0.01746599999999998,0.12330396,0.14076995728349684,10.74615,11.700552,0.9544019866943358,14.488349999999999,14.411018,-0.07733162841796748,-0.029183799999999982,0.04387499,0.07305879019503592
27595,0.1371920000000001,0.086355925,-0.05083607539367685,10.53248,9.478868,-1.0536124691772457,13.36488,11.314806,-2.050074015502929,0.13369889999999995,0.11645846,-0.01724043931140895
27597,-0.0008079999999999199,0.086355925,0.08716392460632316,10.33248,9.478868,-0.8536124691772464,10.16488,11.314806,1.1499259844970702,0.09369890000000003,0.11645846,0.022759560688590974
27603,-0.03860299999999994,-0.018396312,0.020206687629103603,9.542840000000002,11.780952,2.2381124536132795,10.793209999999998,12.563051,1.7698412237548844,0.07798479999999997,0.104155935,0.026171135347080265
27634,0.1023869999999999,0.031033294,-0.07135370572459687,9.805680000000002,9.01863,-0.7870499722290063,10.43515,7.3148203,-3.1203297103881837,0.12145600000000001,0.042602085,-0.07885391542291642
27743,0.011622000000000021,-0.018515754,-0.030137754491090796,11.533819999999999,11.232723,-0.30109676391601425,9.198,8.86369,-0.3343096237182621,0.04237089999999999,0.089879185,0.04750828496131898
27852,0.0040959999999998775,0.094541974,0.09044597436571133,12.546420000000001,16.243818,3.6973982830810534,11.007249999999999,16.152649,5.145398925781251,0.03168329999999997,0.16759737,0.13591406835956577
27853,0.1410959999999999,0.094541974,-0.046554025634288676,17.236420000000003,16.243818,-0.9926017169189478,19.60725,16.152649,-3.4546010742187505,0.24968329999999994,0.16759737,-0.0820859316404342
27854,0.04809599999999992,0.094541974,0.046445974365711296,14.876420000000003,16.243818,1.3673982830810516,17.06725,16.152649,-0.9146010742187514,0.22668329999999992,0.16759737,-0.059085931640434186
27855,0.03709599999999991,0.094541974,0.057445974365711305,14.986420000000003,16.243818,1.2573982830810522,13.78725,16.152649,2.3653989257812498,0.0636833,0.16759737,0.10391406835956574
27856,0.3960959999999999,0.094541974,-0.3015540256342887,26.06642,16.243818,-9.822601716918946,25.76725,16.152649,-9.61460107421875,0.40668329999999997,0.16759737,-0.23908593164043423
27859,0.0280959999999999,0.094541974,0.06644597436571131,13.296420000000001,16.243818,2.9473982830810534,12.46725,16.152649,3.68539892578125,0.0636833,0.16759737,0.10391406835956574
27972,0.111819,0.15835096,0.04653195942020416,8.658890000000003,7.740582,-0.918308010711673,7.493590000000001,9.431592,1.9380019876098622,-0.015581199999999962,0.09156361,0.10714481222267147
27973,0.16181900000000005,0.15835096,-0.0034680405797958835,8.258890000000005,7.740582,-0.5183080107116744,9.69359,9.431592,-0.2619980123901371,0.09041880000000002,0.09156361,0.0011448122226714874
27974,0.20181900000000008,0.15835096,-0.04346804057979592,8.558890000000005,7.740582,-0.8183080107116751,10.09359,9.431592,-0.6619980123901374,0.07641880000000001,0.09156361,0.0151448122226715
27975,0.251819,0.15835096,-0.09346804057979585,8.658890000000003,7.740582,-0.918308010711673,12.39359,9.431592,-2.9619980123901364,0.17541879999999999,0.09156361,-0.08385518777732848
27976,0.15181900000000004,0.15835096,0.006531959420204125,6.358890000000002,7.740582,1.3816919892883277,9.493590000000001,9.431592,-0.0619980123901378,0.13941879999999995,0.09156361,-0.047855187777328445
28007,0.07526500000000003,0.07482965,-0.00043534709453585396,16.374029999999998,15.024757,-1.3492726147460914,16.71821,14.481557,-2.2366531076049796,0.1947512,0.14222483,-0.05252636663074495
28169,-0.028890000000000082,0.01908252,0.04797252015709885,9.697580000000002,9.960182,0.26260218994140416,5.782359999999999,5.4103417,-0.3720182603454578,-0.02685650000000006,0.03327455,0.06013104999089247
28170,-0.05335040000000002,-0.03885247,0.014497928141737004,8.755619999999999,6.0365133,-2.7191066714477525,6.8767499999999995,4.707311,-2.1694388465881342,0.0871132,0.09610445,0.0089912505238533
28172,-0.036420100000000066,-0.028670065,0.007750034895038671,2.4810499999999998,4.7913103,2.3102603103637698,3.4665,4.309771,0.8432710609436036,0.12689820000000007,0.09401048,-0.03288772025175102
28252,-0.04693000000000014,-0.079851225,-0.03292122501850114,4.508210000000002,3.9625847,-0.5456252660369891,3.362689999999997,2.3851254,-0.9775646013641328,0.03192879999999987,0.027038045,-0.00489075477247225
28253,-0.09692999999999996,-0.079851225,0.01707877498149868,3.1882100000000015,3.9625847,0.7743747339630112,0.5226899999999972,2.3851254,1.862435398635867,-0.019071200000000066,0.027038045,0.046109245227527684
28255,-0.02693000000000012,-0.079851225,-0.05292122501850116,4.778210000000001,3.9625847,-0.8156252660369887,5.202689999999999,2.3851254,-2.8175646013641344,0.08392879999999991,0.027038045,-0.056890754772472296
28256,-0.08693000000000017,-0.079851225,0.007078774981498892,3.6182100000000013,3.9625847,0.34437473396301144,1.1726899999999993,2.3851254,1.212435398635865,-0.005071199999999942,0.027038045,0.03210924522752756
28258,-0.06693000000000016,-0.079851225,-0.012921225018501126,4.218210000000003,3.9625847,-0.25562526603699,3.072689999999998,2.3851254,-0.6875646013641337,0.037928799999999985,0.027038045,-0.010890754772472366
28259,-0.07993000000000006,-0.079851225,7.877498149877482e-05,4.008210000000002,3.9625847,-0.04562526603698913,2.482689999999998,2.3851254,-0.09756460136413381,0.028928799999999977,0.027038045,-0.0018907547724723583
28260,-0.09193000000000007,-0.079851225,0.012078774981498785,3.7182100000000027,3.9625847,0.24437473396301002,1.6426899999999982,2.3851254,0.742435398635866,0.013928799999999963,0.027038045,0.013109245227527655
28261,-0.10892999999999997,-0.079851225,0.02907877498149869,3.6182100000000013,3.9625847,0.34437473396301144,1.3326899999999995,2.3851254,1.0524353986358648,0.016928799999999855,0.027038045,0.010109245227527763
28262,-0.09193000000000007,-0.079851225,0.012078774981498785,4.5582100000000025,3.9625847,-0.5956252660369898,3.47269,2.3851254,-1.0875646013641358,0.05892879999999989,0.027038045,-0.031890754772472274
28263,-0.09193000000000007,-0.079851225,0.012078774981498785,3.7182100000000027,3.9625847,0.24437473396301002,1.8926899999999982,2.3851254,0.49243539863586605,0.023928799999999972,0.027038045,0.003109245227527646
28266,-0.10492999999999997,-0.079851225,0.025078774981498686,3.5382099999999994,3.9625847,0.4243747339630133,1.5326899999999988,2.3851254,0.8524353986358655,0.023928799999999972,0.027038045,0.003109245227527646
28267,-0.07693000000000016,-0.06774693,0.0091830701756479,1.918210000000002,2.8698463,0.9516363439941387,0.6226899999999986,1.4063294,0.7836393933868422,0.02092879999999997,0.02511447,0.004185669230175049
28328,-0.07443330000000004,-0.044407032,0.03002626756982807,9.54541,6.6785183,-2.8668917047119145,7.7227000000000015,5.631828,-2.090872168731691,0.0760615,0.094055444,0.017993944002151485
28366,0.05219799999999997,0.01699931,-0.03519869011747834,12.465019999999999,8.938991,-3.526029407043456,14.2075,8.670634,-5.536865730285644,0.2562481,0.11086284,-0.14538525630769727
28371,-0.007802000000000087,0.01699931,0.024801309882521716,7.665019999999998,8.938991,1.2739705929565446,6.307499999999997,8.670634,2.363134269714358,0.026248099999999996,0.11086284,0.08461474369230271
28403,0.7285619999999999,0.38093612,-0.3476258840198516,24.387880000000003,11.23224,-13.155640276794436,21.16109,15.408974,-5.752116306152345,0.6103661,0.37301674,-0.23734935514793398
28405,0.47856199999999993,0.38093612,-0.09762588401985162,13.387880000000003,11.23224,-2.1556402767944363,20.16109,15.408974,-4.752116306152345,0.6603661,0.37301674,-0.2873493551479339
28406,0.448562,0.38093612,-0.0676258840198517,9.387880000000003,11.23224,1.8443597232055637,19.16109,15.408974,-3.7521163061523453,0.6103661,0.37301674,-0.23734935514793398
28407,0.328562,0.38093612,0.052374115980148295,7.387880000000003,11.23224,3.8443597232055637,13.161090000000002,15.408974,2.2478836938476547,0.2103661,0.37301674,0.16265064485206604
28408,0.15856199999999998,0.38093612,0.22237411598014833,9.387880000000003,11.23224,1.8443597232055637,11.161090000000002,15.408974,4.247883693847655,0.11036610000000002,0.37301674,0.262650644852066
28409,0.15856199999999998,0.38093612,0.22237411598014833,4.587880000000002,11.23224,6.6443597232055644,8.36109,15.408974,7.0478836938476555,0.10036610000000001,0.37301674,0.272650644852066
28430,0.386035,0.08218349,-0.3038515122866631,24.1057,18.157139,-5.948561175537108,19.7985,13.410471,-6.388029037475587,0.43620519999999996,0.16631949,-0.269885710520935
28432,-0.04996500000000004,0.08218349,0.13214848771333698,25.105700000000002,18.157139,-6.948561175537112,19.198500000000003,13.410471,-5.788029037475589,0.19620519999999997,0.16631949,-0.029885710520935027
28464,-0.07778499999999999,0.01546205,0.09324705021440982,7.708349999999999,8.77821,1.0698596862792975,3.297250000000002,6.4156413,3.1183913078308088,-0.04773589999999994,0.016809676,0.06454557584252352
28465,-0.1177849999999998,0.01546205,0.13324705021440963,6.668349999999997,8.77821,2.1098596862793,2.1572500000000012,6.4156413,4.258391307830809,-0.027735899999999925,0.016809676,0.0445455758425235
28466,0.06221500000000013,0.01546205,-0.0467529497855903,7.50835,8.77821,1.2698596862792968,5.297250000000002,6.4156413,1.1183913078308088,-0.04773589999999994,0.016809676,0.06454557584252352
28467,0.12221500000000007,0.01546205,-0.10675294978559025,11.398349999999997,8.77821,-2.6201403137207,9.127250000000002,6.4156413,-2.7116086921691913,-0.027735899999999925,0.016809676,0.0445455758425235
28480,-0.02761300000000011,0.028867694,0.05648069361794006,11.215680000000003,9.839272,-1.3764084545898463,8.78515,7.6284146,-1.1567353691101072,0.061455999999999955,0.04435969,-0.017096308558940843
28483,-0.02761300000000011,0.028867694,0.05648069361794006,12.38568,9.839272,-2.5464084545898444,9.57515,7.6284146,-1.9467353691101081,0.061455999999999955,0.04435969,-0.017096308558940843
28484,-0.02761300000000011,0.028867694,0.05648069361794006,12.705680000000001,9.839272,-2.8664084545898447,10.25515,7.6284146,-2.626735369110108,0.09145599999999998,0.04435969,-0.04709630855894087
28485,-0.0176130000000001,0.028867694,0.04648069361794005,12.99568,9.839272,-3.156408454589844,10.645150000000001,7.6284146,-3.0167353691101084,0.10145599999999999,0.04435969,-0.05709630855894088
28486,-0.03761300000000012,0.028867694,0.06648069361794007,12.445680000000003,9.839272,-2.6064084545898467,10.69515,7.6284146,-3.0667353691101074,0.1314559999999999,0.04435969,-0.0870963085589408
28487,-0.03761300000000012,0.028867694,0.06648069361794007,12.705680000000001,9.839272,-2.8664084545898447,11.135150000000001,7.6284146,-3.5067353691101086,0.15145599999999992,0.04435969,-0.10709630855894081
28488,-0.02761300000000011,0.028867694,0.05648069361794006,11.985680000000002,9.839272,-2.146408454589846,10.59515,7.6284146,-2.9667353691101077,0.14145599999999992,0.04435969,-0.0970963085589408
28489,-0.02761300000000011,0.028867694,0.05648069361794006,12.47568,9.839272,-2.6364084545898443,10.76515,7.6284146,-3.1367353691101076,0.1314559999999999,0.04435969,-0.0870963085589408
28491,-0.007613000000000092,0.028867694,0.03648069361794004,13.835680000000002,9.839272,-3.9964084545898455,11.555150000000001,7.6284146,-3.9267353691101086,0.12145600000000001,0.04435969,-0.0770963085589409
28580,0.022698000000000107,0.05228298,0.029584981574535263,6.32047,7.303281,0.9828108303833005,4.49981,6.724187,2.224376897277832,-0.009882699999999911,0.050599355,0.06048205525059691
28619,0.06166500000000008,0.028694669,-0.032970331215262494,7.000340000000005,7.9084926,0.9081525651550244,4.7813,6.4812584,1.6999583923339845,-0.05467719999999998,0.01866826,0.07334546042532919
28804,0.16148799999999996,0.12502821,-0.03645979210186001,13.831820000000002,9.5651045,-4.266715515441897,11.32644,9.412449,-1.9139911169433592,-0.013692199999999932,0.046053533,0.0597457325109958
28812,0.09340499999999985,0.04233483,-0.05107017147421822,13.18732,8.457384,-4.729935890502929,16.02722,9.282561,-6.744658697814941,0.39421990000000007,0.1518974,-0.24232249938240058
28943,0.023422000000000054,0.050237887,0.026815886607646888,11.055780000000002,10.02616,-1.0296197598266623,7.925729999999998,9.562924,1.6371943850708028,-0.01492529999999992,0.11520445,0.13012975346832267
29091,-0.028960399999999886,-0.028880134,8.026577510822364e-05,6.796849999999999,6.8078575,0.011007513427735205,6.732919999999998,6.912913,0.17999284561157403,0.09652229999999995,0.10093525,0.004412950520706227
29221,0.12604000000000004,0.036880024,-0.08915997622251515,10.966709999999999,9.802204,-1.164505867919921,14.504560000000001,10.490915,-4.013644701538087,0.16966769999999998,0.08277039,-0.08689730770130155
29224,0.0640400000000001,0.036880024,-0.027159976222515203,10.056709999999999,9.802204,-0.2545058679199208,11.014560000000001,10.490915,-0.5236447015380872,0.07966770000000001,0.08277039,0.0031026922986984173
29225,0.04604000000000008,0.036880024,-0.009159976222515187,9.88671,9.802204,-0.08450586791992265,10.904560000000002,10.490915,-0.41364470153808774,0.08966770000000002,0.08277039,-0.0068973077013015915
29226,0.03404000000000007,0.036880024,0.0028400237774848236,9.576709999999999,9.802204,0.22549413208007962,9.674560000000003,10.490915,0.8163552984619109,0.05966769999999999,0.08277039,0.023102692298698435
29227,0.0040400000000000436,0.036880024,0.03284002377748485,9.38671,9.802204,0.41549413208007735,9.184560000000001,10.490915,1.306355298461913,0.0696677,0.08277039,0.013102692298698426
29228,-0.016959999999999864,0.036880024,0.05384002377748476,9.08671,9.802204,0.7154941320800781,8.45456,10.490915,2.0363552984619133,0.029667699999999964,0.08277039,0.05310269229869846
29258,0.02986600000000006,0.041929178,0.012063177939891756,4.273130000000002,4.3302913,0.057161271209714926,9.69,9.78059,0.09059005737304737,0.29012399999999994,0.3012325,0.011108486963272157
29268,0.04238699999999995,0.08044837,0.03806136670160298,10.105680000000003,12.333097,2.227417457885739,10.60515,11.649767,1.0446169219970702,0.16145599999999993,0.13296929,-0.028486709981918268
29271,0.012386999999999926,0.08044837,0.06806136670160301,4.805680000000002,12.333097,7.52741745788574,3.605150000000002,11.649767,8.044616921997068,0.0014560000000000128,0.13296929,0.13151329001808165
29446,-0.10761299999999996,0.02992907,0.137542069802165,6.005680000000002,9.771815,3.7661352999877913,1.1051500000000019,7.931184,6.8260338150024396,-0.08154400000000006,0.05129199,0.1328359910252095
29447,-0.007613000000000092,0.02992907,0.03754206980216512,6.385680000000001,9.771815,3.3861352999877923,2.925150000000002,7.931184,5.006033815002439,-0.06354400000000004,0.05129199,0.11483599102520947
29449,0.012386999999999926,0.02992907,0.017542069802165106,11.945680000000003,9.771815,-2.17386470001221,10.70515,7.931184,-2.7739661849975583,0.1244559999999999,0.05129199,-0.07316400897479047
29561,0.04552999999999996,0.0736301,0.02810010197877888,7.5567500000000045,8.580501,1.0237506027221634,13.634519999999998,13.689369,0.05484920166015783,0.31762270000000004,0.2870169,-0.030605801606369054
29562,0.03452999999999995,0.0736301,0.03910010197877889,7.276750000000003,8.580501,1.3037506027221646,12.734519999999998,13.689369,0.9548492016601582,0.2876227,0.2870169,-0.0006058016063690275
29564,0.04852999999999996,0.0736301,0.025100101978778877,8.116750000000003,8.580501,0.46375060272216473,13.43452,13.689369,0.2548492016601571,0.2936227,0.2870169,-0.006605801606369033
29657,0.012386999999999926,0.031033294,0.018646294275403097,7.90568,9.01863,1.1129500277709958,4.805150000000001,7.3148203,2.5096702896118153,-0.04854400000000003,0.042602085,0.09114608457708362
29870,-0.008323999999999998,0.006658739,0.014982738944679497,11.631520000000002,10.15609,-1.475430217285158,8.739959999999998,9.844397,1.1044365911865253,0.031119999999999925,0.11149063,0.08037062961339958
29872,0.07167600000000007,0.006658739,-0.06501726105532057,13.051520000000004,10.15609,-2.89543021728516,13.899959999999998,9.844397,-4.055563408813475,0.21611999999999998,0.11149063,-0.10462937038660047
30368,0.209387,0.031033294,-0.17835370572459697,25.395680000000002,9.01863,-16.377049972229006,18.66515,7.3148203,-11.350329710388184,0.06345599999999996,0.042602085,-0.02085391542291637
30417,-0.08461300000000005,0.02992907,0.11454206980216508,10.40568,9.771815,-0.6338647000122073,6.60515,7.931184,1.3260338150024413,0.02145599999999992,0.05129199,0.029835991025209507
30418,-0.06061300000000003,0.02992907,0.09054206980216506,10.40568,9.771815,-0.6338647000122073,9.805150000000001,7.931184,-1.8739661849975597,0.16145599999999993,0.05129199,-0.1101640089747905
30419,-0.08461300000000005,0.02992907,0.11454206980216508,10.40568,9.771815,-0.6338647000122073,6.60515,7.931184,1.3260338150024413,0.02145599999999992,0.05129199,0.029835991025209507
30420,-0.034613000000000005,0.02992907,0.06454206980216504,10.605680000000003,9.771815,-0.8338647000122101,8.10515,7.931184,-0.17396618499755867,0.051455999999999946,0.05129199,-0.00016400897479051935
30456,-0.08961300000000016,0.031033294,0.12064629427540319,6.685680000000001,9.01863,2.3329500277709947,0.9951499999999989,7.3148203,6.3196702896118175,-0.09454399999999996,0.042602085,0.13714608457708355
30725,0.012386999999999926,0.031033294,0.018646294275403097,12.017680000000002,9.01863,-2.999049972229006,9.28515,7.3148203,-1.9703297103881834,0.04345599999999994,0.042602085,-0.0008539154229163515
31082,0.14207599999999998,0.10170542,-0.04037058296298979,9.5613,9.19131,-0.3699900711059563,9.501460000000002,8.167822,-1.3336381158447281,0.0569056,0.019225426,-0.03768017398176193
31083,0.13207599999999997,0.10170542,-0.03037058296298978,10.8613,9.19131,-1.669990071105957,10.571460000000002,8.167822,-2.4036381158447284,0.08290560000000002,0.019225426,-0.06368017398176196
31084,0.12207599999999996,0.10170542,-0.02037058296298977,9.0613,9.19131,0.13000992889404372,8.401460000000002,8.167822,-0.2336381158447285,0.02290559999999997,0.019225426,-0.003680173981761903
31085,0.13207599999999997,0.10170542,-0.03037058296298978,10.0613,9.19131,-0.8699900711059563,9.801460000000002,8.167822,-1.6336381158447288,0.0629056,0.019225426,-0.04368017398176194
31087,0.12207599999999996,0.10170542,-0.02037058296298977,8.8613,9.19131,0.330009928894043,8.001460000000002,8.167822,0.16636188415527187,0.007905599999999957,0.019225426,0.01131982601823811
31088,0.05148799999999998,-0.004179256,-0.05566725603687761,7.941820000000003,8.829918,0.8880979077148403,7.41644,5.530241,-1.8861989874267575,0.050307800000000125,-0.0056071985,-0.055914998458165055
31089,0.08425400000000005,0.09559297,0.01133896816587443,16.183300000000003,13.251127,-2.9321727569580105,12.77204,10.258236,-2.513804068603516,0.023824899999999927,0.034089196,0.010264296473360135
31090,0.09248000000000012,0.07656632,-0.015913676362037776,9.53737,13.475684,3.9383141659545906,9.05409,12.111217,3.05712654510498,0.046650699999999934,0.053633638,0.006982937726306981
31185,-0.08148600000000017,-0.018861813,0.06262418652927892,2.843110000000003,6.3278556,3.4847455870056123,3.002830000000003,5.876959,2.8741288470458954,0.03698579999999996,0.0945599,0.05757410046262745
31186,-0.09148600000000018,-0.018861813,0.07262418652927893,4.563110000000002,6.3278556,1.7647455870056135,3.2828300000000006,5.876959,2.594128847045898,0.05498579999999986,0.0945599,0.03957410046262755
31187,-0.08148600000000017,-0.018861813,0.06262418652927892,3.263110000000001,6.3278556,3.064745587005614,2.102830000000001,5.876959,3.7741288470458976,0.05098579999999997,0.0945599,0.04357410046262744
31188,-0.07148600000000016,-0.018861813,0.052624186529278916,5.663110000000003,6.3278556,0.664745587005612,4.782830000000001,5.876959,1.0941288470458979,0.06798579999999999,0.0945599,0.026574100462627426
31323,0.132343,0.11260364,-0.01973935795354842,8.12414,8.634574,0.5104339364624018,10.47445,10.187134,-0.28731621093749915,0.12442659999999994,0.1366646,0.012237999180221615
31324,0.11234299999999997,0.11260364,0.00026064204645159794,8.114140000000003,8.634574,0.5204339364623998,9.844449999999998,10.187134,0.34268378906250163,0.10442659999999993,0.1366646,0.03223799918022163
31325,0.17143699999999995,0.041307054,-0.13012994553995128,13.098460000000001,8.688711,-4.409748833618165,13.002490000000002,9.389254,-3.613236383666994,0.06453720000000007,0.13780707,0.07326987120895379
31351,0.0019620000000000193,-0.018084534,-0.020046533512592335,6.847160000000002,6.5439644,-0.30319561401367423,9.576139999999999,7.565867,-2.0102730528259265,0.22261769999999992,0.13857849,-0.08403921057720176
31355,-0.00803799999999999,-0.018084534,-0.010046533512592326,6.847160000000002,6.5439644,-0.30319561401367423,7.576139999999999,7.565867,-0.010273052825926499,0.12961769999999995,0.13857849,0.00896078942279821
31356,0.0019620000000000193,-0.018084534,-0.020046533512592335,6.847160000000002,6.5439644,-0.30319561401367423,6.776139999999998,7.565867,0.7897269471740742,0.0776176999999999,0.13857849,0.060960789422798256
31357,-0.048038000000000025,-0.018084534,0.02995346648740771,6.7471600000000045,6.5439644,-0.20319561401367636,5.076139999999999,7.565867,2.4897269471740735,0.03161769999999997,0.13857849,0.10696078942279819
31363,0.0019620000000000193,-0.018084534,-0.020046533512592335,6.447160000000004,6.5439644,0.09680438598632435,9.47614,7.565867,-1.9102730528259269,0.22661769999999992,0.13857849,-0.08803921057720177
31364,-0.028038000000000007,-0.018084534,0.009953466487407692,5.947160000000004,6.5439644,0.5968043859863243,8.176139999999998,7.565867,-0.6102730528259261,0.18561769999999989,0.13857849,-0.04703921057720173
31407,0.15521700000000005,0.06660924,-0.08860775893163686,15.765749999999999,11.969947,-3.795803138732909,14.45087,9.225464,-5.2254061328125,0.11632389999999992,0.048446044,-0.06787785567417137
31408,-0.03884500000000002,0.018689085,0.05753408479809763,9.70569,9.696756,-0.008933637084961532,5.656550000000001,7.2534485,1.596898486328124,-0.01597470000000001,0.039268572,0.055243271883440026
31425,0.012799000000000005,0.039549544,0.026750544453620906,18.499760000000002,16.35279,-2.1469691674804707,14.604320000000001,14.904892,0.3005719677734362,0.09750270000000005,0.19639507,0.09889236936073298
31426,0.04279900000000003,0.039549544,-0.003249455546379121,16.959760000000003,16.35279,-0.6069691674804716,17.80432,14.904892,-2.899428032226563,0.3535027,0.19639507,-0.15710763063926697
31635,0.168883,0.09227127,-0.07661173163223267,13.44771,9.079922,-4.367788277587891,12.76669,9.407567,-3.3591229757690435,0.054355699999999896,0.10216117,0.04780546905212413
31652,-0.022696999999999967,-0.009907621,0.012789379041016069,11.405810000000002,13.922516,2.5167058691406226,10.283259999999999,13.046026,2.7627662298584,0.08543459999999992,0.14859751,0.06316290866889962
31653,0.01730300000000007,-0.009907621,-0.027210620958983966,17.30581,13.922516,-3.383294130859376,18.78326,13.046026,-5.7372337701416,0.3514346,0.14859751,-0.20283709133110045
31654,-0.042696999999999985,-0.009907621,0.03278937904101609,10.50581,13.922516,3.4167058691406247,8.18326,13.046026,4.862766229858398,0.03043459999999998,0.14859751,0.11816290866889956
31655,-0.022696999999999967,-0.009907621,0.012789379041016069,15.605810000000002,13.922516,-1.6832941308593767,14.38326,13.046026,-1.3372337701416015,0.13943459999999996,0.14859751,0.009162908668899572
31676,-0.06721500000000002,-0.009688193,0.057526807021498705,4.783239999999999,7.8637414,3.0805013978576667,2.6498100000000004,5.5525064,2.9026964468383785,0.011713700000000049,0.029201275,0.017487574737715672
31677,-0.057215000000000016,-0.009688193,0.047526807021498696,7.273240000000001,7.8637414,0.5905013978576648,4.9798100000000005,5.5525064,0.5726964468383784,0.028713700000000064,0.029201275,0.00048757473771565696
31678,-0.01721499999999998,-0.009688193,0.00752680702149866,8.483240000000002,7.8637414,-0.6194986021423361,6.0298099999999994,5.5525064,-0.47730355316162054,0.016713700000000054,0.029201275,0.012487574737715668
32154,0.04276499999999994,-0.0003656678,-0.04313066780181596,6.50046,8.020344,1.5198837805175778,9.975359999999998,9.237619,-0.7377405999755844,0.1760887,0.13882717,-0.03726152509803771
32156,0.09238699999999989,0.028867694,-0.06351930638205994,11.605680000000003,9.839272,-1.7664084545898469,9.805150000000001,7.6284146,-2.1767353691101086,0.03045600000000004,0.04435969,0.013903691441059074
32165,0.12253400000000003,0.080582455,-0.04195154519939426,8.26615,9.211106,0.9449563003540042,9.388349999999999,8.757663,-0.6306872268676749,0.035816199999999965,0.04280146,0.006985258388567006
32263,0.06221500000000013,0.014976888,-0.047238112036287916,10.948349999999998,9.458248,-1.4901018615722634,9.797250000000002,6.4692574,-3.3279926452636737,0.07226410000000005,-0.0022088352,-0.07447293521251386
32940,0.11199999999999999,0.14374363,0.031743634223938,14.975249999999999,18.733862,3.7586119232177744,16.24622,21.451042,5.204822175292968,0.13741589999999992,0.36672077,0.22930486582908638
32948,0.062000000000000055,0.14374363,0.08174363422393793,17.54525,18.733862,1.188611923217774,20.58622,21.451042,0.8648221752929679,0.35141589999999995,0.36672077,0.015304865829086356
32949,0.132,0.14374363,0.011743634223937982,19.23525,18.733862,-0.5013880767822272,23.24622,21.451042,-1.7951778247070322,0.46541589999999994,0.36672077,-0.09869513417091363
32951,0.252,0.14374363,-0.10825636577606201,22.16525,18.733862,-3.431388076782227,25.24622,21.451042,-3.7951778247070322,0.5394159,0.36672077,-0.17269513417091364
32991,0.14381300000000008,0.10767919,-0.03613381174850472,9.119610000000002,9.271483,0.15187342132568205,11.65634,9.274852,-2.3814882009887697,0.22019530000000015,0.10149439,-0.11870091320781723
32992,0.12339200000000006,0.10767919,-0.015712811748504696,16.77862,11.162113,-5.6165068103027345,10.938329999999999,9.080096,-1.858233755187987,-0.02944000000000002,-0.0090311235,0.020408876518309138
33273,0.11560000000000004,0.024057422,-0.09154257816672329,11.71255,11.505475,-0.20707495574951196,14.30408,11.918012,-2.3860683346557625,0.16170479999999998,0.11225317,-0.04945163326482771
33274,0.0068749999999999645,-0.0010347879,-0.00790978785604235,14.584729999999997,10.831236,-3.7534941143798797,12.00308,9.149775,-2.853305448608399,0.004812700000000003,0.028989173,0.02417647347192764
33457,0.32095000000000007,0.013025243,-0.3079247571647168,25.99737,12.273771,-13.723598713989258,21.9771,12.433087,-9.544012651062012,0.4454893,0.16502224,-0.28046706091098783
33458,-0.03905000000000003,0.013025243,0.05207524283528331,9.58737,12.273771,2.6864012860107422,10.517100000000001,12.433087,1.9159873489379873,0.16748929999999995,0.16502224,-0.002467060910987806
33459,0.15560000000000007,0.041292563,-0.11430743691921241,26.92255,14.730825,-12.191724575805665,23.18408,14.4164915,-8.767588491516115,0.33570479999999997,0.13286836,-0.20283643554668424
33460,0.015600000000000058,0.041292563,0.0256925630807876,12.98255,14.730825,1.7482754241943361,13.114080000000001,14.4164915,1.3024115084838854,0.12570480000000006,0.13286836,0.007163564453315674
33462,0.04682900000000001,0.021304643,-0.025524357218384752,11.92691,9.8526125,-2.074297504577636,12.33834,9.667429,-2.6709110296630865,0.11857720000000005,0.09918971,-0.01938748640270238
33465,0.10321500000000006,0.014976888,-0.08823811203628784,24.668349999999997,9.458248,-15.210101861572262,12.907250000000001,6.4692574,-6.437992645263673,-0.2267359,-0.0022088352,0.22452706478748619
33466,-0.007784999999999931,0.014976888,0.022761887963712146,7.768349999999998,9.458248,1.6898981384277363,-1.672749999999997,6.4692574,8.142007354736325,-0.29073589999999994,-0.0022088352,0.28852706478748613
33772,-0.087785,0.01546205,0.10324705021440983,6.228349999999999,8.77821,2.549859686279298,0.8872500000000016,6.4156413,5.528391307830809,-0.08773589999999998,0.016809676,0.10454557584252355
33773,-0.1077849999999998,-0.0509004,0.05688460031509379,6.538349999999998,7.134894,0.596543894195559,1.7572500000000026,4.1555624,2.3983124008178685,-0.04773589999999994,-0.0061717457,0.04156415428619975
33774,0.1622150000000001,0.01546205,-0.14675294978559028,6.838349999999998,8.77821,1.9398596862792985,8.10725,6.4156413,-1.69160869216919,0.10226410000000008,0.016809676,-0.0854544241574765
33775,0.1622150000000001,0.021079259,-0.1411357410067321,6.638349999999999,8.948309,2.3099589447021494,8.50725,8.617184,0.10993368530273351,0.062264100000000044,0.067327306,0.005063205674552873
33776,0.08221500000000015,0.11046778,0.02825277665615067,7.738349999999997,7.9114738,0.17312375106811828,9.00725,9.856158,0.8489082565307609,0.18226410000000004,0.113303676,-0.0689604237524033
33777,0.042215000000000114,0.0065024304,-0.035712569579631204,8.138349999999999,7.3921685,-0.7461814781188956,10.50725,6.82087,-3.6863800773620614,0.20226410000000006,0.08184103,-0.12042307077322012
33778,0.042215000000000114,0.007886464,-0.0343285362237693,7.93835,7.380055,-0.5582950492858885,10.00725,6.992499,-3.0147511253356942,0.18226410000000004,0.073507056,-0.1087570443597794
33782,0.05221500000000012,0.0066594523,-0.04555554766222847,11.138349999999999,10.659656,-0.47869442901611237,13.50725,11.003154,-2.5040961990356454,0.2822641000000001,0.18737279,-0.09489131121311195
33783,0.022215000000000096,0.004850145,-0.017364855036288596,12.638349999999999,10.824366,-1.8139843841552725,14.307250000000002,11.411164,-2.89608571624756,0.2922641,0.1952684,-0.09699570743713382
33784,0.012215000000000087,-0.047348127,-0.059563126769065944,13.838349999999998,12.9186735,-0.9196764846801742,15.00725,13.1947155,-1.8125345001220712,0.2922641,0.22775106,-0.06451303867969516
33786,-0.07778499999999999,-0.047348127,0.030436873230934136,11.988349999999997,12.9186735,0.9303235153198273,9.837250000000001,13.1947155,3.3574654998779287,0.03226410000000002,0.22775106,0.19548696132030485
33787,-0.1077849999999998,-0.047348127,0.06043687323093394,13.248349999999999,12.9186735,-0.3296764846801743,15.92725,13.1947155,-2.732534500122071,0.38226410000000005,0.22775106,-0.15451303867969518
33808,0.17521500000000012,0.01546205,-0.1597529497855903,9.108349999999998,8.77821,-0.3301403137207011,10.667250000000001,6.4156413,-4.2516086921691905,0.11226410000000009,0.016809676,-0.09545442415747651
33989,0.002215000000000078,0.018476922,0.01626192206501953,6.838349999999998,7.637483,0.7991331199646012,3.707250000000002,6.3077917,2.6005417098999004,-0.04773589999999994,0.039987527,0.08772342683401102
33990,0.002215000000000078,0.018476922,0.01626192206501953,6.238349999999997,7.637483,1.3991331199646027,3.4072500000000012,6.3077917,2.900541709899901,-0.03773589999999993,0.039987527,0.07772342683401101
33991,-0.02778499999999995,0.018476922,0.046261922065019556,6.238349999999997,7.637483,1.3991331199646027,2.5072500000000026,6.3077917,3.8005417098998997,-0.06773589999999996,0.039987527,0.10772342683401104
33992,-0.047784999999999966,0.018476922,0.06626192206501957,6.238349999999997,7.637483,1.3991331199646027,1.8072499999999998,6.3077917,4.5005417098999025,-0.07773589999999997,0.039987527,0.11772342683401105
33993,0.002215000000000078,0.018476922,0.01626192206501953,6.93835,7.637483,0.6991331199645998,3.9072500000000012,6.3077917,2.400541709899901,-0.03773589999999993,0.039987527,0.07772342683401101
33994,-0.007784999999999931,0.018476922,0.02626192206501954,6.038349999999998,7.637483,1.599133119964602,3.6072500000000005,6.3077917,2.700541709899902,-0.017735899999999916,0.039987527,0.057723426834010994
33996,0.022215000000000096,0.018476922,-0.0037380779349804882,6.93835,7.637483,0.6991331199645998,5.007250000000001,6.3077917,1.3005417098999015,-0.007735899999999907,0.039987527,0.047723426834010985
33998,0.032215000000000105,0.018476922,-0.013738077934980497,8.038349999999998,7.637483,-0.40086688003539805,7.307250000000002,6.3077917,-0.9994582901000992,0.052264100000000036,0.039987527,-0.012276573165988958
33999,0.012215000000000087,0.0066594523,-0.005555547662228433,8.398349999999997,9.555988,1.157638311767581,5.257250000000001,7.366173,2.108922790527343,-0.04173590000000005,0.02560687,0.06734277065124517
34293,-0.04323600000000005,0.033750746,0.07698674639916425,3.6519399999999997,8.025532,4.373591768798828,4.172889999999999,9.589704,5.416813559875489,0.08703440000000007,0.13073002,0.04369561801967614
34335,-0.011486000000000107,-0.018861813,-0.007375813470721138,8.833110000000001,6.3278556,-2.505254412994386,7.582830000000001,5.876959,-1.7058711529541029,0.045985799999999966,0.0945599,0.048574100462627445
34336,-0.10148600000000019,-0.018861813,0.08262418652927894,3.9931100000000015,6.3278556,2.3347455870056137,1.7828300000000006,5.876959,4.094128847045898,0.01898579999999994,0.0945599,0.07557410046262747
34337,-0.041486000000000134,-0.018861813,0.02262418652927889,1.9431100000000008,6.3278556,4.3847455870056145,0.9828299999999999,5.876959,4.894128847045899,0.010985799999999935,0.0945599,0.08357410046262748
34338,-0.08148600000000017,-0.018861813,0.06262418652927892,4.313110000000002,6.3278556,2.0147455870056135,1.382830000000002,5.876959,4.494128847045896,-0.03201419999999999,0.0945599,0.1265741004626274
34339,-0.07148600000000016,-0.018861813,0.052624186529278916,3.913110000000003,6.3278556,2.414745587005612,4.982830000000002,5.876959,0.8941288470458968,0.13898579999999994,0.0945599,-0.044425899537372526
34341,-0.05148600000000014,-0.018861813,0.0326241865292789,3.353110000000001,6.3278556,2.9747455870056143,4.982830000000002,5.876959,0.8941288470458968,0.13898579999999994,0.0945599,-0.044425899537372526
34456,0.06221500000000013,0.01546205,-0.0467529497855903,7.34835,8.77821,1.429859686279297,8.787250000000002,6.4156413,-2.3716086921691915,0.1232641000000001,0.016809676,-0.10645442415747652
34794,-0.01833499999999999,0.028694669,0.04702966878473758,6.240340000000003,7.9084926,1.668152565155026,3.4712999999999994,6.4812584,3.009958392333985,-0.02867720000000007,0.01866826,0.04734546042532928
34797,0.0016650000000000276,0.028694669,0.02702966878473756,6.130340000000004,7.9084926,1.7781525651550254,4.491300000000001,6.4812584,1.9899583923339836,0.008322799999999964,0.01866826,0.010345460425329245
35040,0.1522150000000001,0.01546205,-0.13675294978559027,14.098349999999998,8.77821,-5.320140313720701,12.407250000000001,6.4156413,-5.991608692169191,0.06426410000000005,0.016809676,-0.04745442415747647
35065,-0.06858900000000001,-0.027036116,0.041552884472846996,6.762549999999997,7.2167006,0.45415055389404557,3.3993900000000004,4.7639313,1.3645412744140621,-0.018535100000000027,0.010231858,0.02876695811936858
35066,-0.06801500000000016,-0.064933054,0.0030819458508493103,6.057960000000001,6.218494,0.16053393844604358,4.529999999999999,3.9369087,-0.5930912780761712,0.05212749999999999,0.02907939,-0.02304810931026935
35067,-0.04858899999999999,-0.027036116,0.021552884472846978,5.742549999999998,7.2167006,1.4741505538940451,2.6493900000000004,4.7639313,2.114541274414062,-0.021535099999999918,0.010231858,0.03176695811936847
35068,-0.053015000000000034,-0.064933054,-0.011918054149150814,5.657960000000003,6.218494,0.5605339384460422,3.7699999999999996,3.9369087,0.16690872192382855,0.032127499999999976,0.02907939,-0.0030481093102693313
35157,-0.030088000000000115,-0.008902929,0.021185071208059902,8.51249,10.586717,2.0742266519165042,6.87125,9.5188,2.6475497817993165,0.027618799999999943,0.06744079,0.03982199291820532
35158,-0.00730199999999992,0.0030288945,0.01033089454178504,4.58023,7.491984,2.911753890533447,3.8485299999999985,5.6340923,1.7855623309326187,0.045556199999999936,0.025716454,-0.019839746209335263
35159,-0.030088000000000115,-0.008902929,0.021185071208059902,9.152489999999997,10.586717,1.4342266519165072,8.24125,9.5188,1.2775497817993156,0.06761879999999998,0.06744079,-0.0001780070817947177
35160,-0.00730199999999992,0.0030288945,0.01033089454178504,5.000230000000002,7.491984,2.4917538905334453,4.3085299999999975,5.6340923,1.3255623309326197,0.055556199999999945,0.025716454,-0.02983974620933527
35170,0.16198999999999997,0.045354605,-0.11663539527893063,15.621590000000001,10.0753145,-5.54627547821045,13.585080000000001,7.442277,-6.1428030453491225,0.0984836,0.02986927,-0.06861433042035103
35173,-0.01519399999999993,0.029669546,0.04486354559087746,6.253820000000001,7.513353,1.259532870941161,3.0311700000000013,4.8991528,1.8679827557373034,-0.06198350000000008,0.0015444867,0.0635279867312909
35174,-0.008010000000000073,0.045354605,0.05336460472106941,9.621590000000001,10.0753145,0.4537245217895496,4.785080000000001,7.442277,2.6571969546508782,-0.09451639999999994,0.02986927,0.12438566957964892
35175,0.001068000000000069,0.02707845,0.026010449726104667,6.827349999999999,8.879756,2.052405973815919,3.19792,5.986403,2.788482988433838,-0.08850889999999989,-0.024382422,0.06412647825314988
35176,0.021989999999999954,0.045354605,0.023364604721069382,10.721590000000003,10.0753145,-0.6462754782104518,6.48508,7.442277,0.957196954650879,-0.08351640000000005,0.02986927,0.11338566957964902
35179,0.021230000000000082,0.03582985,0.014599849541187204,12.234470000000002,9.340349,-2.8941208026123064,8.585130000000001,7.2301884,-1.3549416302490247,-0.014131900000000086,0.015299827,0.029431726860427943
35180,0.15198999999999996,0.045354605,-0.10663539527893062,15.421590000000002,10.0753145,-5.346275478210451,11.98508,7.442277,-4.542803045349121,-0.025516400000000106,0.02986927,0.05538566957964908
35191,-0.07578499999999999,0.026784321,0.10256932129323482,7.84835,8.593914,0.7455640319824219,4.757250000000001,6.306025,1.548775028228759,0.013264100000000001,-0.0041221986,-0.017386298559343816
35192,-0.06378499999999998,0.026784321,0.0905693212932348,7.928349999999998,8.593914,0.6655640319824236,4.787250000000002,6.306025,1.5187750282287578,0.004264100000000104,-0.0041221986,-0.008386298559343919
35317,0.10342200000000001,0.012590518,-0.0908314817787409,11.505780000000001,9.748953,-1.7568271343994155,9.60573,7.9022565,-1.7034735111999506,0.005074700000000099,0.044168387,0.0390936866083621
35343,-0.09761300000000017,0.031033294,0.1286462942754032,6.305680000000002,9.01863,2.7129500277709937,1.905149999999999,7.3148203,5.409670289611817,-0.06054400000000004,0.042602085,0.10314608457708363
35451,0.06456200000000001,0.00033237805,-0.06422962194526383,7.5484100000000005,7.4764643,-0.07194572845459035,8.9207,7.601912,-1.3187879783630372,0.10024309999999992,0.089348875,-0.010894225013828196
35452,-0.08243800000000001,0.00033237805,0.0827703780547362,7.38841,7.4764643,0.08805427154540979,5.790700000000001,7.601912,1.8112120216369618,0.060243099999999994,0.089348875,0.02910577498617173
35453,0.3325340000000001,0.14895599,-0.18357801409626018,18.74615,16.19417,-2.551980001831055,16.288349999999998,13.634637,-2.6537131210327125,0.09081620000000001,0.091059275,0.00024307497148512436
35465,-0.04866900000000007,-0.04586107,0.0028079308869839448,10.021269999999998,9.446413,-0.5748569598388649,8.14544,7.5472717,-0.5981682714843757,0.06786820000000005,0.04011424,-0.027753961141777084
35469,-0.04866900000000007,-0.04586107,0.0028079308869839448,10.15127,9.446413,-0.7048569598388674,7.815440000000001,7.5472717,-0.2681682714843756,0.04786820000000003,0.04011424,-0.007753961141777066
35473,-0.04866900000000007,-0.04586107,0.0028079308869839448,10.161269999999998,9.446413,-0.7148569598388654,7.57544,7.5472717,-0.028168271484375396,0.034868200000000016,0.04011424,0.005246038858222946
35477,-0.04866900000000007,-0.04586107,0.0028079308869839448,10.271269999999998,9.446413,-0.8248569598388649,7.4854400000000005,7.5472717,0.06183172851562446,0.024868200000000007,0.04011424,0.015246038858222954
35516,0.18238699999999997,0.031033294,-0.15135370572459694,6.56568,9.01863,2.4529500277709957,8.36515,7.3148203,-1.0503297103881835,0.051455999999999946,0.042602085,-0.008853915422916359
35517,-0.008193000000000117,0.02982441,0.03801740963387501,5.365660000000002,8.104768,2.7391077993774395,5.657000000000002,7.2602973,1.6032972984313947,0.08552360000000003,0.047098022,-0.038425578045702014
35664,-0.03761300000000012,0.035255786,0.07286878603148472,7.445680000000003,8.988522,1.5428415759277314,5.17515,7.2978287,2.122678674316406,0.0014560000000000128,0.019273058,0.01781705757999419
35756,0.04238699999999995,0.031033294,-0.01135370572459693,11.505680000000002,9.01863,-2.4870499722290056,14.305150000000001,7.3148203,-6.990329710388185,0.32145599999999996,0.042602085,-0.2788539154229164
35758,-0.009633000000000003,-0.022236224,-0.012603224263906476,9.370070000000002,8.127695,-1.2423749163818378,6.40405,6.9910483,0.5869983360290529,0.07408400000000004,0.08137693,0.007292932561397514
35849,0.002215000000000078,0.022108527,0.019893526900410574,7.25835,10.381696,3.123345747375488,4.017250000000001,8.033886,4.016635955810546,-0.05273589999999995,0.031246092,0.08398199217047686
35858,0.18359000000000003,0.088421784,-0.09516821565866473,15.457450000000001,13.796573,-1.6608773147583022,15.389019999999999,11.080135,-4.308884654541014,0.13918299999999995,0.018744163,-0.12043883678483958
35860,0.053590000000000027,0.088421784,0.03483178434133527,11.557450000000003,13.796573,2.2391226852416963,8.77902,11.080135,2.301115345458985,-0.010816999999999966,0.018744163,0.029561163215160335
35861,0.07359000000000004,0.088421784,0.014831784341335252,13.757450000000002,13.796573,0.03912268524169704,10.789019999999999,11.080135,0.29111534545898543,-0.0008170000000000677,0.018744163,0.019561163215160438
35862,0.11358999999999997,0.088421784,-0.025168215658664672,14.65745,13.796573,-0.8608773147583015,11.879019999999999,11.080135,-0.7988846545410144,0.009182999999999941,0.018744163,0.009561163215160429
35863,0.11358999999999997,0.088421784,-0.025168215658664672,15.057450000000003,13.796573,-1.2608773147583037,11.619019999999999,11.080135,-0.5388846545410146,-0.030816999999999983,0.018744163,0.04956116321516035
35905,-0.010262999999999911,0.039208706,0.049471706468343646,6.518529999999998,8.635025,2.116495024414064,3.9046699999999994,6.1408925,2.2362225056457525,-0.02040580000000003,0.037960593,0.05836639265732768
35984,-0.07778499999999999,0.0065024304,0.0842874304203689,6.1183499999999995,7.3921685,1.273818521881104,2.12725,6.82087,4.693619922637939,-0.05773589999999995,0.08184103,0.1395769292267799
36100,0.19340499999999994,0.09718629,-0.0962187102723121,7.68732,8.252565,0.5652453839111331,11.22722,9.843333,-1.3838867556762704,0.16421990000000009,0.12805562,-0.03616428278675088
36300,0.041870000000000074,0.07007715,0.028207151060104296,8.20758,8.492181,0.28460082427978506,6.421039999999998,7.018813,0.5977731332397482,0.00414060000000005,0.016095696,0.01195509601714606
36302,0.011870000000000047,0.07007715,0.05820715106010432,7.20758,8.492181,1.284600824279785,3.621039999999997,7.018813,3.397773133239749,-0.07585940000000002,0.016095696,0.09195509601714613
36303,0.0018700000000000383,0.07007715,0.06820715106010433,7.20758,8.492181,1.284600824279785,2.5210399999999993,7.018813,4.497773133239747,-0.11585940000000006,0.016095696,0.13195509601714617
36304,0.06187000000000009,0.07007715,0.008207151060104279,7.107580000000002,8.492181,1.384600824279783,5.321039999999998,7.018813,1.6977731332397479,-0.025859399999999977,0.016095696,0.04195509601714609
36305,0.011870000000000047,0.07007715,0.05820715106010432,7.007580000000001,8.492181,1.4846008242797843,3.121039999999997,7.018813,3.897773133239749,-0.09585940000000004,0.016095696,0.11195509601714615
36306,0.11187000000000002,0.07007715,-0.041792848939895655,11.00758,8.492181,-2.5153991757202157,10.621039999999999,7.018813,-3.602226866760253,0.09414060000000002,0.016095696,-0.07804490398285391
36307,0.13187000000000004,0.07007715,-0.06179284893989567,8.807580000000002,8.492181,-0.31539917572021636,10.52104,7.018813,-3.502226866760253,0.14414059999999995,0.016095696,-0.12804490398285384
36308,0.12187000000000003,0.07007715,-0.051792848939895664,8.607580000000002,8.492181,-0.11539917572021707,10.52104,7.018813,-3.502226866760253,0.15414059999999996,0.016095696,-0.13804490398285385
36309,0.10187000000000002,0.07007715,-0.031792848939895646,8.607580000000002,8.492181,-0.11539917572021707,8.321039999999998,7.018813,-1.3022268667602521,0.044140599999999974,0.016095696,-0.028044903982853864
36310,0.10187000000000002,0.07007715,-0.031792848939895646,8.40758,8.492181,0.08460082427978577,5.821039999999998,7.018813,1.1977731332397479,-0.08585940000000003,0.016095696,0.10195509601714614
36311,0.0718700000000001,0.07007715,-0.0017928489398957304,8.307580000000002,8.492181,0.18460082427978364,7.521039999999999,7.018813,-0.5022268667602532,0.034140599999999965,0.016095696,-0.018044903982853855
36386,0.226387,0.04455864,-0.18182835943055153,14.405680000000002,8.241955,-6.163725196533205,14.945150000000002,7.4466786,-7.49847136154175,0.21345599999999998,0.07953791,-0.13391808679676054
36387,0.2543869999999999,0.04455864,-0.20982835943055145,8.205680000000001,8.241955,0.0362748034667959,13.875150000000001,7.4466786,-6.4284713615417495,0.275456,0.07953791,-0.19591808679676054
36466,0.0914879999999999,-0.004179256,-0.09566725603687753,9.141820000000003,8.829918,-0.31190209228515897,7.31644,5.530241,-1.7861989874267579,-0.013692199999999932,-0.0056071985,0.008085001541835002
36564,0.12387999999999999,0.041723717,-0.08215628299593924,4.7515399999999985,6.844407,2.0928670816040054,7.372200000000001,7.1370225,-0.2351775047302258,0.10025010000000001,0.0826067,-0.017643396957016
36565,-0.02778499999999995,0.01546205,0.04324705021440978,11.388349999999999,8.77821,-2.610140313720702,7.587250000000001,6.4156413,-1.1716086921691904,-0.007735899999999907,0.016809676,0.02454557584252348
36566,-0.01778499999999994,0.01546205,0.03324705021440977,11.518349999999998,8.77821,-2.740140313720701,7.987250000000001,6.4156413,-1.5716086921691907,0.002264100000000102,0.016809676,0.014545575842523473
36567,-0.02778499999999995,0.01546205,0.04324705021440978,11.568349999999999,8.77821,-2.790140313720702,8.26725,6.4156413,-1.85160869216919,0.02226410000000001,0.016809676,-0.005454424157476434
36568,0.012215000000000087,0.01546205,0.0032470502144097413,10.86835,8.77821,-2.0901403137207026,7.887250000000002,6.4156413,-1.471608692169191,0.002264100000000102,0.016809676,0.014545575842523473
36625,0.5223869999999999,0.028867694,-0.49351930638206,18.50568,9.839272,-8.666408454589845,19.40515,7.6284146,-11.776735369110106,0.48945600000000006,0.04435969,-0.44509630855894095
36626,-0.03761300000000012,0.028867694,0.06648069361794007,8.605680000000003,9.839272,1.2335915454101531,6.405150000000001,7.6284146,1.2232646308898918,0.038455999999999935,0.04435969,0.005903691441059178
36638,0.12253400000000003,0.11889229,-0.0036417103018761,8.546149999999997,7.8920145,-0.6541354965209933,9.088349999999998,9.065023,-0.023326577758787437,0.06081619999999999,0.08222726,0.021411059874343885
36753,-0.04799700000000007,-0.034813117,0.013183882764101096,10.812470000000005,9.19852,-1.6139502932739305,6.864879999999999,4.918778,-1.9461020573425287,-0.00011470000000002312,-0.031165596,-0.031050896097707725
36754,-0.04999700000000007,-0.034813117,0.015183882764101098,10.602470000000004,9.19852,-1.4039502932739296,5.744879999999998,4.918778,-0.8261020573425277,-0.04211469999999995,-0.031165596,0.010949103902292201
36755,-0.07199700000000009,-0.034813117,0.03718388276410112,8.092470000000002,9.19852,1.106049706726072,2.3648799999999994,4.918778,2.5538979426574713,-0.08211469999999987,-0.031165596,0.050949103902292125
36756,-0.06099699999999997,-0.034813117,0.026183882764100996,8.752470000000002,9.19852,0.4460497067260718,3.6548799999999986,4.918778,1.2638979426574721,-0.061114699999999966,-0.031165596,0.029949103902292218
36757,-0.058996999999999966,-0.034813117,0.024183882764100995,9.432470000000002,9.19852,-0.2339502932739279,3.964880000000001,4.918778,0.9538979426574699,-0.07211469999999987,-0.031165596,0.04094910390229212
37054,-0.059414999999999996,-0.025138218,0.03427678204417228,5.895590000000002,6.4336686,0.5380786134338358,5.151009999999999,6.0712123,0.9202022917175299,0.05871729999999997,0.063371,0.004653702674102811
37055,-0.059414999999999996,-0.025138218,0.03427678204417228,6.345590000000001,6.4336686,0.0880786134338365,5.961010000000002,6.0712123,0.1102022917175276,0.07871729999999999,0.063371,-0.015346297325897207
37056,-0.04941499999999999,-0.025138218,0.024276782044172274,6.575590000000002,6.4336686,-0.14192138656616393,5.841010000000001,6.0712123,0.2302022917175286,0.05871729999999997,0.063371,0.004653702674102811
37058,-0.01941499999999996,-0.025138218,-0.005723217955827753,6.67559,6.4336686,-0.2419213865661618,6.38101,6.0712123,-0.30979770828247055,0.05871729999999997,0.063371,0.004653702674102811
37060,0.020585000000000075,-0.025138218,-0.04572321795582779,5.575590000000002,6.4336686,0.8580786134338361,6.401009999999999,6.0712123,-0.3297977082824701,0.06871729999999998,0.063371,-0.005346297325897198
37061,0.10058500000000004,-0.025138218,-0.12572321795582775,6.735590000000002,6.4336686,-0.3019213865661641,8.07101,6.0712123,-1.99979770828247,0.04871729999999996,0.063371,0.01465370267410282
37062,-0.03941499999999998,-0.025138218,0.014276782044172265,5.97559,6.4336686,0.4580786134338375,5.761009999999999,6.0712123,0.31020229171753044,0.06871729999999998,0.063371,-0.005346297325897198
37063,-0.02941499999999997,-0.025138218,0.004276782044172256,6.49559,6.4336686,-0.061921386566162084,6.97101,6.0712123,-0.8997977082824704,0.09871730000000001,0.063371,-0.035346297325897225
37064,-0.03941499999999998,-0.025138218,0.014276782044172265,6.90559,6.4336686,-0.4719213865661622,6.27101,6.0712123,-0.19979770828247112,0.05871729999999997,0.063371,0.004653702674102811
37065,-0.009414999999999951,-0.025138218,-0.015723217955827762,5.665590000000002,6.4336686,0.7680786134338362,5.321010000000001,6.0712123,0.7502022917175282,0.038717299999999955,0.063371,0.02465370267410283
37066,-0.02941499999999997,-0.025138218,0.004276782044172256,6.805590000000002,6.4336686,-0.37192138656616436,6.331009999999999,6.0712123,-0.25979770828246984,0.05871729999999997,0.063371,0.004653702674102811
37067,0.0005850000000000577,-0.025138218,-0.02572321795582777,6.795590000000001,6.4336686,-0.3619213865661628,7.62101,6.0712123,-1.5497977082824708,0.09871730000000001,0.063371,-0.035346297325897225
37068,0.010585000000000067,-0.025138218,-0.03572321795582778,6.1255900000000025,6.4336686,0.30807861343383536,6.431010000000001,6.0712123,-0.35979770828247126,0.05871729999999997,0.063371,0.004653702674102811
37069,-0.01941499999999996,-0.025138218,-0.005723217955827753,6.67559,6.4336686,-0.2419213865661618,6.81101,6.0712123,-0.7397977082824703,0.07871729999999999,0.063371,-0.015346297325897207
37070,0.0005850000000000577,-0.025138218,-0.02572321795582777,6.205590000000001,6.4336686,0.22807861343383706,5.901009999999999,6.0712123,0.17020229171752987,0.038717299999999955,0.063371,0.02465370267410283
37071,-0.02941499999999997,-0.025138218,0.004276782044172256,6.165590000000002,6.4336686,0.2680786134338362,5.61101,6.0712123,0.460202291717529,0.04871729999999996,0.063371,0.01465370267410282
37072,0.0005850000000000577,-0.025138218,-0.02572321795582777,6.3755900000000025,6.4336686,0.05807861343383536,6.46101,6.0712123,-0.3897977082824706,0.05871729999999997,0.063371,0.004653702674102811
37073,-0.04941499999999999,-0.025138218,0.024276782044172274,6.72559,6.4336686,-0.2919213865661625,6.61101,6.0712123,-0.539797708282471,0.0887173,0.063371,-0.025346297325897216
37075,0.010585000000000067,-0.025138218,-0.03572321795582778,6.345590000000001,6.4336686,0.0880786134338365,6.171009999999999,6.0712123,-0.0997977082824697,0.038717299999999955,0.063371,0.02465370267410283
37077,-0.02941499999999997,-0.025138218,0.004276782044172256,6.42559,6.4336686,0.0080786134338382,6.47101,6.0712123,-0.3997977082824704,0.07871729999999999,0.063371,-0.015346297325897207
37078,0.010585000000000067,-0.025138218,-0.03572321795582778,6.035590000000003,6.4336686,0.3980786134338352,6.151009999999999,6.0712123,-0.07979770828247013,0.04871729999999996,0.063371,0.01465370267410282
37079,-0.08941500000000002,-0.025138218,0.06427678204417231,6.345590000000001,6.4336686,0.0880786134338365,4.11101,6.0712123,1.960202291717529,0.018717299999999937,0.063371,0.044653702674102846
37080,-0.069415,-0.025138218,0.04427678204417229,5.575590000000002,6.4336686,0.8580786134338361,4.741009999999999,6.0712123,1.33020229171753,0.05871729999999997,0.063371,0.004653702674102811
37081,-0.04941499999999999,-0.025138218,0.024276782044172274,6.6355900000000005,6.4336686,-0.20192138656616265,5.671009999999999,6.0712123,0.4002022917175303,0.04871729999999996,0.063371,0.01465370267410282
37082,-0.059414999999999996,-0.025138218,0.03427678204417228,5.67559,6.4336686,0.7580786134338382,4.97101,6.0712123,1.1002022917175296,0.05871729999999997,0.063371,0.004653702674102811
37083,-0.03941499999999998,-0.025138218,0.014276782044172265,6.49559,6.4336686,-0.061921386566162084,5.491009999999999,6.0712123,0.58020229171753,0.038717299999999955,0.063371,0.02465370267410283
37084,-0.01941499999999996,-0.025138218,-0.005723217955827753,5.575590000000002,6.4336686,0.8580786134338361,5.761009999999999,6.0712123,0.31020229171753044,0.06871729999999998,0.063371,-0.005346297325897198
37085,-0.04941499999999999,-0.025138218,0.024276782044172274,5.6355900000000005,6.4336686,0.7980786134338373,4.871009999999998,6.0712123,1.200202291717531,0.04871729999999996,0.063371,0.01465370267410282
37087,-0.02941499999999997,-0.025138218,0.004276782044172256,6.395590000000002,6.4336686,0.038078613433835784,5.36101,6.0712123,0.710202291717529,0.028717299999999946,0.063371,0.03465370267410284
37088,-0.069415,-0.025138218,0.04427678204417229,5.825590000000002,6.4336686,0.6080786134338361,4.461010000000002,6.0712123,1.6102022917175276,0.038717299999999955,0.063371,0.02465370267410283
37089,-0.009414999999999951,-0.025138218,-0.015723217955827762,5.5055900000000015,6.4336686,0.9280786134338364,5.641010000000001,6.0712123,0.4302022917175279,0.05871729999999997,0.063371,0.004653702674102811
37090,-0.059414999999999996,-0.025138218,0.03427678204417228,6.24559,6.4336686,0.18807861343383792,4.97101,6.0712123,1.1002022917175296,0.038717299999999955,0.063371,0.02465370267410283
37091,0.0005850000000000577,-0.025138218,-0.02572321795582777,5.6255900000000025,6.4336686,0.8080786134338354,6.11101,6.0712123,-0.03979770828247098,0.06871729999999998,0.063371,-0.005346297325897198
37092,-0.02941499999999997,-0.025138218,0.004276782044172256,5.845590000000001,6.4336686,0.5880786134338365,4.901009999999999,6.0712123,1.1702022917175299,0.028717299999999946,0.063371,0.03465370267410284
37093,-0.07941500000000001,-0.025138218,0.0542767820441723,5.715590000000002,6.4336686,0.7180786134338355,4.931010000000001,6.0712123,1.1402022917175287,0.06871729999999998,0.063371,-0.005346297325897198
37096,-0.069415,-0.025138218,0.04427678204417229,5.765590000000003,6.4336686,0.6680786134338348,4.88101,6.0712123,1.1902022917175294,0.05871729999999997,0.063371,0.004653702674102811
37097,-0.02941499999999997,-0.025138218,0.004276782044172256,5.855590000000003,6.4336686,0.5780786134338349,5.13101,6.0712123,0.9402022917175294,0.038717299999999955,0.063371,0.02465370267410283
37100,-0.059414999999999996,-0.025138218,0.03427678204417228,5.765590000000003,6.4336686,0.6680786134338348,5.04101,6.0712123,1.0302022917175293,0.05871729999999997,0.063371,0.004653702674102811
37102,-0.07941500000000001,-0.025138218,0.0542767820441723,5.665590000000002,6.4336686,0.7680786134338362,4.81101,6.0712123,1.2602022917175297,0.06871729999999998,0.063371,-0.005346297325897198
37214,-0.001742999999999828,-0.0035589666,-0.001815966564014726,16.061200000000003,14.537766,-1.5234335433959991,14.73947,13.88913,-0.8503403613281257,0.2246475,0.20635784,-0.018289663276672363
37328,-0.02761300000000011,0.028867694,0.05648069361794006,7.425680000000003,9.839272,2.413591545410153,5.37515,7.6284146,2.253264630889893,0.024455999999999922,0.04435969,0.01990369144105919
37408,-0.03474299999999997,0.010282835,0.045025834991812674,3.5769599999999997,5.4464455,1.869485465087891,0.7340900000000019,3.360946,2.6268559400176983,-0.024622699999999997,0.028477287,0.053099986919951436
37600,0.4155380000000001,0.35977405,-0.055763946903228834,16.160790000000002,14.8245,-1.3362899160766624,18.21133,17.563677,-0.6476531658935549,0.4152191,0.38075754,-0.03446155953559876
37601,0.355538,0.35977405,0.0042360530967712196,15.06079,14.8245,-0.23628991607666094,17.611330000000002,17.563677,-0.04765316589355706,0.3952191,0.38075754,-0.014461559535598745
37726,0.12238699999999991,0.055835735,-0.06655126494717589,12.805680000000002,9.069754,-3.7359263531494165,10.90515,7.2978287,-3.6073213256835945,0.03145599999999993,0.0112759005,-0.020180099472165036
37727,0.1023869999999999,0.055835735,-0.046551264947175874,9.40568,9.069754,-0.3359263531494143,8.52515,7.2978287,-1.2273213256835938,0.03145599999999993,0.0112759005,-0.020180099472165036
37789,0.06000899999999998,0.05111229,-0.008896709528207758,14.831130000000002,14.418005,-0.41312501037597826,13.666080000000001,13.45465,-0.2114300747680673,0.0684248999999999,0.1157461,0.04732120322713862
37790,0.09558299999999997,0.08213933,-0.013443671877860996,18.63033,11.801226,-6.829104337768555,17.14777,10.397762,-6.750007701416017,0.1667229,0.052567005,-0.1141558948425293
37890,-0.10817800000000011,-0.09794812,0.010229880955696213,4.8942400000000035,5.756335,0.862094781646725,3.090160000000001,4.0736556,0.9834956053161612,0.04883590000000004,0.05099006,0.002154159971809344
37898,-0.08817800000000009,-0.09794812,-0.009770119044303804,5.374240000000004,5.756335,0.3820947816467246,4.100159999999999,4.0736556,-0.026504394683836807,0.05883590000000005,0.05099006,-0.007845840028190665
37973,0.1333209999999999,0.105618834,-0.027702165504455478,1.439070000000001,5.0719132,3.632843242340087,4.57621,8.049812,3.4736023168945316,0.05661309999999997,0.115708515,0.05909541504802707
38487,-0.04363600000000001,-0.034357026,0.009278973780632027,8.26624,10.026322,1.760082364807129,7.2173099999999994,9.597114,2.3798036093139654,0.06105130000000003,0.1215221,0.060470798779678314
38488,-0.02363599999999999,-0.034357026,-0.01072102621936799,9.566239999999997,10.026322,0.46008236480713194,9.317309999999999,9.597114,0.27980360931396575,0.10405130000000007,0.1215221,0.017470798779678276
38489,0.006364000000000036,-0.034357026,-0.04072102621936802,12.066239999999997,10.026322,-2.039917635192868,14.017309999999998,9.597114,-4.4201963906860335,0.2590513000000001,0.1215221,-0.13752920122032175
38778,0.030312000000000117,-0.009256135,-0.0395681347410084,12.867569999999999,8.685237,-4.182333069152831,14.250419999999998,10.210434,-4.039986040039061,0.24931179999999997,0.12622426,-0.12308753549747464
38780,0.05867700000000009,0.026956094,-0.031720905571103186,10.88559,9.538986,-1.346603793945313,11.42638,7.729884,-3.696495852355957,0.16388749999999996,0.04555751,-0.1183299898922443
38782,0.0014369999999999106,0.041307054,0.039870054460048765,7.298460000000002,8.688711,1.3902511663818338,8.812490000000002,9.389254,0.5767636163330057,0.14453720000000003,0.13780707,-0.006730128791046175
38810,0.07156600000000013,0.086780146,0.015214145764350762,7.39648,7.971512,0.5750318408203121,9.906,9.926276,0.02027620697021426,0.1392371,0.13519369,-0.004043409342384341
38812,0.07556600000000013,0.086780146,0.011214145764350758,7.606480000000001,7.971512,0.36503184082031126,9.386000000000001,9.926276,0.5402762069702138,0.11323710000000009,0.13519369,0.02195659065761557
38826,0.150764,0.07427214,-0.07649185913944245,9.409720000000002,6.7594957,-2.650224264831545,11.58361,7.1171646,-4.466445388183594,0.2693011,0.14801572,-0.12128537736759187
38827,0.07876399999999995,0.07427214,-0.004491859139442389,6.169720000000002,6.7594957,0.5897757351684554,7.94361,7.1171646,-0.8264453881835934,0.15530109999999997,0.14801572,-0.007285377367591828
38828,0.155764,0.07427214,-0.08149185913944246,10.349720000000001,6.7594957,-3.5902242648315443,10.92361,7.1171646,-3.806445388183594,0.1773011000000001,0.14801572,-0.029285377367591958
38829,0.155764,0.07427214,-0.08149185913944246,10.549720000000002,6.7594957,-3.7902242648315454,11.08361,7.1171646,-3.966445388183594,0.1883011,0.14801572,-0.04028537736759186
38831,0.3477640000000001,0.07427214,-0.2734918591394425,17.16972,6.7594957,-10.410224264831545,15.81361,7.1171646,-8.696445388183594,0.4363011000000001,0.14801572,-0.28828537736759197
38832,0.127764,0.07427214,-0.05349185913944243,4.56972,6.7594957,2.189775735168457,6.69361,7.1171646,0.42355461181640663,0.10030110000000003,0.14801572,0.04771462263240811
38833,-0.06923600000000008,0.07427214,0.14350814086055763,1.989720000000002,6.7594957,4.769775735168455,1.7036100000000012,7.1171646,5.413554611816405,0.057301099999999994,0.14801572,0.09071462263240815
38834,-0.059236000000000066,0.07427214,0.13350814086055762,4.3797200000000025,6.7594957,2.3797757351684545,3.93361,7.1171646,3.1835546118164064,0.07730110000000001,0.14801572,0.07071462263240813
38836,-0.06923600000000008,0.07427214,0.14350814086055763,1.74972,6.7594957,5.009775735168457,-0.04638999999999882,7.1171646,7.163554611816405,-0.009698899999999955,0.14801572,0.1577146226324081
39141,0.0014879999999999338,-0.0101807,-0.011668699639022284,6.141820000000003,8.162569,2.020749046020505,3.2164399999999986,5.113884,1.8974439721679701,-0.05369219999999997,0.006947085,0.06063928479568359
39161,0.16622499999999996,0.11583547,-0.050389527058601336,19.096040000000002,15.423977,-3.6720631018066427,19.52153,16.334923,-3.1866072094726547,0.19850879999999993,0.14938322,-0.049125582903671194
39163,0.15622499999999995,0.11583547,-0.04038952705860133,14.906040000000004,15.423977,0.517936898193355,16.921529999999997,16.334923,-0.5866072094726533,0.17450880000000002,0.14938322,-0.025125582903671284
39222,0.05221500000000012,0.018476922,-0.033738077934980515,7.708349999999999,7.637483,-0.07086688003539976,12.547250000000002,6.3077917,-6.2394582901000994,0.31226410000000004,0.039987527,-0.27227657316598897
39223,0.042215000000000114,0.018476922,-0.023738077934980506,7.418349999999997,7.637483,0.21913311996460294,11.797250000000002,6.3077917,-5.4894582901000994,0.2822641000000001,0.039987527,-0.242276573165989
39350,-0.09102100000000002,0.022553237,0.11357423715507986,7.105720000000005,10.7454405,3.6397204830932566,2.0325399999999973,7.1175156,5.084975563964846,-0.06192249999999999,0.030736785,0.09265928538203239
39392,0.04981499999999994,0.05640692,0.006591918913126049,5.8782299999999985,5.235667,-0.642562771301268,7.045549999999999,6.1602664,-0.8852836006164537,0.11202750000000006,0.06759,-0.0444375017547608
39393,0.08981499999999987,0.05640692,-0.033408081086873875,5.3782299999999985,5.235667,-0.14256277130126804,6.525549999999999,6.1602664,-0.36528360061645415,0.07202750000000002,0.06759,-0.004437501754760764
39433,-0.0608820000000001,0.056690257,0.11757225704264651,5.511850000000003,8.169897,2.658047079467771,3.8847200000000015,6.8925395,3.007819501190184,-0.0019947999999999633,0.04270986,0.04470466095070835
39700,0.06253400000000009,0.06937882,0.006844823041915804,11.146149999999999,10.706007,-0.440142996215819,8.488349999999999,8.659031,0.1706809143066419,0.0008162000000000447,0.020658303,0.01984210305218692
39701,0.05253400000000008,0.06937882,0.016844823041915813,10.44615,10.706007,0.2598570037841803,8.388349999999999,8.659031,0.27068091430664154,0.06081619999999999,0.020658303,-0.04015789694781302
39703,0.11253400000000002,0.06937882,-0.04315517695808413,11.346149999999998,10.706007,-0.6401429962158183,9.088349999999998,8.659031,-0.42931908569335775,0.010816199999999943,0.020658303,0.009842103052187023
39887,-0.103707,-0.06355412,0.04015287695598602,1.330490000000001,2.5272114,1.1967214276885976,-1.2855799999999995,0.5267505,1.81233050497055,-0.01874140000000002,0.008254585,0.026995984856331368
39888,-0.060707000000000066,-0.06355412,-0.0028471230440139106,2.4504899999999985,2.5272114,0.07672142768860013,1.4044199999999982,0.5267505,-0.8776694950294477,0.02425860000000002,0.008254585,-0.01600401514366867
39889,-0.06570699999999996,-0.06355412,0.002152876955985983,1.590489999999999,2.5272114,0.9367214276885996,0.01442000000000121,0.5267505,0.5123305049705493,-0.001741400000000115,0.008254585,0.009995984856331463
40018,0.05502600000000002,-0.02260777,-0.0776337698171139,7.61889,6.671201,-0.9476887709045414,7.265000000000001,5.5422673,-1.7227326774597174,0.02747069999999996,0.05825681,0.030786108668375056
40019,0.04502600000000001,-0.02260777,-0.06763376981711389,6.218889999999998,6.671201,0.45231122909546073,4.665000000000001,5.5422673,0.8772673225402823,-0.0525293,0.05825681,0.11078610866837502
40040,0.02189899999999989,0.03097323,0.009074229557275881,8.78529,9.30199,0.5166995553588869,9.517610000000001,10.954058,1.436447693481444,0.09322010000000003,0.1225305,0.029310397610568972
40497,-0.018213000000000035,-0.020984214,-0.0027712137992381702,11.620159999999998,9.997849,-1.6223105355834946,7.35717,4.973184,-2.383985891265869,-0.024511999999999978,-0.031595904,-0.007083904380083106
41204,-0.031049000000000104,0.062448885,0.09349788529181491,9.805870000000002,12.785829,2.979958590393064,6.354890000000001,10.254927,3.9000366815185536,-0.015150600000000125,0.058021717,0.0731723167735101
41237,-0.009613000000000094,0.04455864,0.054171640569448565,10.505680000000002,8.241955,-2.263725196533205,7.565150000000001,7.4466786,-0.11847136154174898,0.014455999999999913,0.07953791,0.06508191320323953
41238,0.004386999999999919,0.0071757827,0.002788782695412717,11.49568,11.404477,-0.09120288055419934,8.65515,10.498483,1.8433327041625969,0.027455999999999925,0.12229479,0.0948387910428048
41251,0.07950899999999994,0.07101864,-0.008490356322765291,9.851770000000002,9.523385,-0.32838495208740426,9.865739999999999,8.515792,-1.3499481069946278,0.10065210000000002,0.0707949,-0.029857197258090995
41279,0.025386999999999937,0.028867694,0.0034806936179400116,13.905680000000002,9.839272,-4.066408454589846,9.385150000000001,7.6284146,-1.7567353691101086,-0.04754400000000014,0.04435969,0.09190369144105925
41325,-0.047784999999999966,0.018476922,0.06626192206501957,7.488349999999997,7.637483,0.14913311996460266,2.497250000000001,6.3077917,3.8105417098999013,-0.08773589999999998,0.039987527,0.12772342683401106
41326,0.15738699999999994,0.031033294,-0.12635370572459692,10.705680000000001,9.01863,-1.6870499722290049,11.50515,7.3148203,-4.190329710388184,0.12145600000000001,0.042602085,-0.07885391542291642
41327,0.28238699999999994,0.031033294,-0.2513537057245969,14.805680000000002,9.01863,-5.787049972229006,14.70515,7.3148203,-7.390329710388183,0.14145599999999992,0.042602085,-0.09885391542291633
41328,0.30238699999999996,0.031033294,-0.27135370572459694,17.405680000000004,9.01863,-8.387049972229008,17.90515,7.3148203,-10.590329710388183,0.38145599999999996,0.042602085,-0.3388539154229164
41350,-0.02761300000000011,0.055835735,0.08344873505282413,7.505680000000002,9.069754,1.5640736468505843,7.805150000000001,7.2978287,-0.5073213256835949,0.1314559999999999,0.0112759005,-0.12018009947216501
41367,0.30238699999999996,0.031033294,-0.27135370572459694,11.925680000000003,9.01863,-2.9070499722290073,12.44515,7.3148203,-5.1303297103881835,0.03145599999999993,0.042602085,0.01114608457708366
41538,0.05852900000000005,0.06580714,0.007278141363620705,3.2787599999999983,4.047049,0.7682890455627458,12.536719999999999,9.221223,-3.3154971224975576,0.46920370000000006,0.2839164,-0.18528728621597296
41539,0.06852900000000006,0.06580714,-0.002721858636379304,5.278759999999998,4.047049,-1.2317109544372542,13.92672,9.221223,-4.705497122497558,0.5092037,0.2839164,-0.22528728621597294
41540,0.05852900000000005,0.06580714,0.007278141363620705,3.988759999999999,4.047049,0.058289045562744946,5.866719999999999,9.221223,3.3545028775024424,0.0992037,0.2839164,0.1847127137840271
41541,0.08852899999999997,0.06580714,-0.02272185863637921,4.278759999999998,4.047049,-0.2317109544372542,6.566719999999998,9.221223,2.654502877502443,0.0992037,0.2839164,0.1847127137840271
41678,0.3702383,0.17606808,-0.19417021754817965,18.62678,10.894897,-7.7318825390625,15.89093,9.121805,-6.769124808959962,0.46802509999999997,0.31053844,-0.1574866590572357
41746,-0.038112000000000146,-0.039247237,-0.0011352371459005806,7.97804,6.0621195,-1.9159205160522461,6.362019999999999,5.5545444,-0.8074755511474603,0.06489519999999993,0.050490387,-0.01440481321592324
41747,-0.038112000000000146,-0.039247237,-0.0011352371459005806,5.97804,6.0621195,0.08407948394775389,6.26202,5.5545444,-0.7074755511474606,0.034895199999999904,0.050490387,0.015595186784076787
41748,-0.048112000000000155,-0.039247237,0.008864762854099428,4.97804,6.0621195,1.0840794839477539,3.3620199999999993,5.5545444,2.1925244488525397,0.024895200000000006,0.050490387,0.025595186784076684
41749,-0.048112000000000155,-0.039247237,0.008864762854099428,4.378040000000002,6.0621195,1.6840794839477518,4.362019999999999,5.5545444,1.1925244488525397,0.014895199999999997,0.050490387,0.03559518678407669
41823,0.058694000000000135,0.11862109,0.05992708856439577,19.70765,16.836632,-2.8710182250976573,18.1997,16.757473,-1.4422270080566406,0.1525301,0.12987264,-0.0226574649930954
41876,0.06793399999999994,0.06175429,-0.0061797099854945525,4.06833,7.1620293,3.0936992663574223,4.240360000000001,5.775034,1.5346739508056633,0.02952010000000005,0.009023019,-0.02049708088735347
41908,0.009717700000000051,-0.019640945,-0.02935864489812856,8.805240000000001,7.103297,-1.7019427664184583,8.571629999999999,6.8284516,-1.7431783665466298,0.09719449999999996,0.089458905,-0.007735594839572868
42007,-0.08114550000000009,-0.06968956,0.011455943043708894,6.02018,5.7784276,-0.24175239913940416,3.5999199999999973,3.8075006,0.207580600814822,-0.01939920000000006,0.016232807,0.03563200718922621
42008,-0.10114550000000011,-0.06968956,0.03145594304370891,4.120180000000001,5.7784276,1.6582476008605944,0.9499199999999988,3.8075006,2.8575806008148206,-0.01939920000000006,0.016232807,0.03563200718922621
42009,-0.0911455000000001,-0.06968956,0.021455943043708903,4.620180000000001,5.7784276,1.1582476008605944,2.4499199999999988,3.8075006,1.3575806008148206,0.030600799999999984,0.016232807,-0.014367992810773833
42123,0.028456000000000037,0.07301648,0.04456047961139675,0.716190000000001,3.4726303,2.756440262374877,2.4027600000000007,6.6377177,4.234957723846435,0.0694509000000001,0.1281688,0.05871790643367758
42173,0.06238699999999997,0.08044837,0.018061366701602966,26.56568,12.333097,-14.232582542114258,19.40515,11.649767,-7.755383078002929,0.24145599999999995,0.13296929,-0.10848670998191828
42174,0.1023869999999999,0.08044837,-0.02193863329839696,10.38568,12.333097,1.9474174578857415,11.40515,11.649767,0.24461692199706953,0.16145599999999993,0.13296929,-0.028486709981918268
42175,0.19238699999999997,0.08044837,-0.11193863329839704,16.77568,12.333097,-4.442582542114259,15.305150000000001,11.649767,-3.655383078002931,0.18145599999999995,0.13296929,-0.048486709981918286
