Ref_ID,delta_Voc_true,delta_Voc_pred,delta_Voc_error,delta_Jsc_true,delta_Jsc_pred,delta_Jsc_error,delta_PCE_true,delta_PCE_pred,delta_PCE_error,delta_FF_true,delta_FF_pred,delta_FF_error
20,0.10898999999999992,0.055199526,-0.053790473749637524,12.851590000000002,9.942463,-2.9091270788574235,10.28508,7.346021,-2.939058824615479,-0.006516399999999978,0.00036915022,0.006885550220649295
22,-0.041154000000000135,-0.055493813,-0.014339813008069857,13.580079999999999,12.143746,-1.4363336239624012,12.088349999999998,10.156153,-1.9321972747802718,0.10617929999999998,0.071297176,-0.034882123817729926
23,-0.07115400000000016,-0.055493813,0.01566018699193017,11.580079999999999,12.143746,0.5636663760375988,9.18835,10.156153,0.9678027252197268,0.059179300000000046,0.071297176,0.012117876182270004
24,-0.08115400000000017,-0.055493813,0.02566018699193018,11.250079999999997,12.143746,0.8936663760376007,8.18835,10.156153,1.9678027252197268,0.03317930000000002,0.071297176,0.03811787618227003
25,-0.051154000000000144,-0.055493813,-0.004339813008069848,11.70008,12.143746,0.44366637603759784,10.388349999999999,10.156153,-0.23219727478027252,0.09517929999999997,0.071297176,-0.023882123817729917
26,-0.041154000000000135,-0.055493813,-0.014339813008069857,13.580079999999999,12.143746,-1.4363336239624012,12.088349999999998,10.156153,-1.9321972747802718,0.10617929999999998,0.071297176,-0.034882123817729926
27,-0.08115400000000017,-0.055493813,0.02566018699193018,11.250079999999997,12.143746,0.8936663760376007,8.18835,10.156153,1.9678027252197268,0.03317930000000002,0.071297176,0.03811787618227003
72,-0.09866200000000003,-0.042498723,0.056163277327537564,5.228439999999999,8.150154,2.921714113769532,2.2971799999999973,5.3426285,3.045448479003909,-0.004401800000000011,0.028295502,0.032697302066612255
89,0.021665000000000045,0.008089223,-0.013575777054727123,8.310340000000004,8.134364,-0.17597587188721064,7.1113,6.8961673,-0.21513272171020503,0.045322799999999996,0.0547371,0.009414298515033726
90,-0.07833500000000004,0.008089223,0.08642422294527297,5.310340000000004,8.134364,2.8240241281127894,2.9113000000000007,6.8961673,3.9848672782897943,0.01532279999999997,0.0547371,0.03941429851503375
91,-0.07833500000000004,0.008089223,0.08642422294527297,6.310340000000004,8.134364,1.8240241281127894,5.1113,6.8961673,1.784867278289795,0.07532280000000002,0.0547371,-0.0205857014849663
169,-0.028512000000000093,-0.013243758,0.015268241880357358,6.381820000000001,8.00714,1.6253201596069324,2.5964399999999976,4.912548,2.3161080651855492,-0.06569219999999998,0.0052412273,0.07093342733622787
170,-0.008512000000000075,-0.013243758,-0.0047317581196426595,7.301820000000003,8.00714,0.7053201596069307,4.096439999999999,4.912548,0.8161080651855475,-0.04369219999999996,0.0052412273,0.04893342733622785
171,0.04148799999999997,-0.013243758,-0.054731758119642704,7.151820000000004,8.00714,0.8553201596069293,5.9264399999999995,4.912548,-1.0138919348144526,0.018307800000000096,0.0052412273,-0.013066572663772202
267,-0.11485750000000006,-0.08304858,0.03180891792297369,5.84205,6.1559625,0.3139124671936031,2.4481800000000007,4.101006,1.6528260310363763,0.0021046999999999594,0.037013736,0.03490903562216763
297,0.012386999999999926,0.028802734,0.016415733868360594,8.535680000000003,9.894965,1.359285171813962,6.09515,7.744984,1.649834149932861,-0.005544000000000104,0.04598258,0.051526580631971464
391,0.13438699999999992,0.033506304,-0.1008806959743499,5.09768,9.111972,4.014291855163574,6.34515,7.3718204,1.0266704498291013,0.024455999999999922,0.0448068,0.02035080078268059
411,-0.059236000000000066,-0.034707315,0.02452868473386771,1.2597200000000015,2.807028,1.5473080551910385,0.9736100000000008,1.1221627,0.1485526996994011,0.04030109999999998,0.01409197,-0.026209129600977876
412,-0.059236000000000066,-0.034707315,0.02452868473386771,0.8897200000000005,2.807028,1.9173080551910395,-0.37639000000000067,1.1221627,1.4985526996994025,0.0003011000000000541,0.01409197,0.013790870399022048
413,-0.08023599999999997,-0.034707315,0.04552868473386762,0.8697200000000009,2.807028,1.937308055191039,-1.6763900000000014,1.1221627,2.7985526996994032,-0.03969889999999998,0.01409197,0.053790870399022084
414,-0.09223599999999998,-0.034707315,0.05752868473386763,0.1297200000000025,2.807028,2.6773080551910375,-2.706389999999999,1.1221627,3.828552699699401,-0.04969889999999999,0.01409197,0.06379087039902209
415,-0.09023599999999998,-0.034707315,0.05552868473386763,1.149720000000002,2.807028,1.657308055191038,-1.336389999999998,1.1221627,2.4585526996994,-0.029698899999999973,0.01409197,0.043790870399022075
475,0.04858899999999999,-0.020514945,-0.0691039445682764,12.73254,7.2221723,-5.510367739715576,13.378440000000001,6.9411106,-6.437329389038087,0.23888559999999992,0.09683273,-0.1420528701239585
529,-0.03254800000000002,0.013486056,0.04603405565726759,7.878070000000001,7.514513,-0.3635569842529307,7.11388,8.095828,0.9819480563354492,0.07242290000000007,0.11726531,0.04484240641317361
853,-0.007784999999999931,0.012249289,0.020034289080500534,8.338349999999998,9.495708,1.1573584655761735,6.567250000000001,6.3991885,-0.16806148147583144,0.06626410000000005,-0.0061832555,-0.07244735546383863
854,-0.03778499999999996,0.012249289,0.05003428908050056,7.43835,9.495708,2.057358465576172,4.247250000000001,6.3991885,2.151938518524169,0.009264100000000108,-0.0061832555,-0.015447355463838686
855,0.012215000000000087,0.012249289,3.428908050051582e-05,10.338349999999998,9.495708,-0.8426415344238265,7.3572500000000005,6.3991885,-0.9580614814758306,0.04126410000000014,-0.0061832555,-0.047447355463838714
919,-0.048904999999999976,-0.0061195744,0.04278542557984588,8.654140000000002,9.409047,0.7549071267700178,6.094740000000002,6.7914987,0.6967586610412582,0.005674199999999963,0.033397894,0.02772369435267452
924,0.0955379999999999,0.11783254,0.022294541465759377,11.14883,10.53594,-0.6128898297119143,12.097650000000002,11.265202,-0.8324484313964859,0.06766990000000006,0.032273643,-0.0353962572812081
925,0.14553799999999995,0.11783254,-0.027705458534240668,10.548830000000002,10.53594,-0.012889829711916434,12.29765,11.265202,-1.0324484313964852,0.06366989999999995,0.032273643,-0.031396257281207984
926,0.0955379999999999,0.11783254,0.022294541465759377,10.748830000000002,10.53594,-0.21288982971191572,10.29765,11.265202,0.9675515686035148,0.002669900000000003,0.032273643,0.02960374271879196
927,0.12553799999999993,0.11783254,-0.00770545853424065,10.548830000000002,10.53594,-0.012889829711916434,11.197650000000001,11.265202,0.06755156860351441,0.027669900000000025,0.032273643,0.004603742718791937
928,0.08553799999999989,0.11783254,0.032294541465759385,10.64883,10.53594,-0.1128898297119143,9.49765,11.265202,1.7675515686035155,-0.02433010000000002,0.032273643,0.05660374271879198
929,0.14553799999999995,0.11783254,-0.027705458534240668,10.64883,10.53594,-0.1128898297119143,12.197650000000001,11.265202,-0.9324484313964856,0.05466990000000005,0.032273643,-0.022396257281208087
930,0.10553799999999991,0.11783254,0.012294541465759368,11.14883,10.53594,-0.6128898297119143,10.597650000000002,11.265202,0.6675515686035141,-0.009330100000000008,0.032273643,0.04160374271879197
931,0.19553799999999988,0.11783254,-0.0777054585342406,10.548830000000002,10.53594,-0.012889829711916434,13.79765,11.265202,-2.5324484313964852,0.10166989999999998,0.032273643,-0.06939625728120802
932,0.10553799999999991,0.11783254,0.012294541465759368,10.14883,10.53594,0.3871101702880857,10.89765,11.265202,0.3675515686035151,0.03566990000000003,0.032273643,-0.0033962572812080705
946,0.022823999999999955,0.029388534,0.006564533905148551,8.532060000000001,7.821162,-0.7108977761840833,10.913789999999999,9.850635,-1.063155425109862,0.23265439999999993,0.18623307,-0.04642132652702324
949,0.01682399999999995,0.029388534,0.012564533905148556,6.882059999999999,7.821162,0.9391022238159188,8.68379,9.850635,1.1668445748901366,0.16165439999999998,0.18623307,0.02457867347297671
950,0.03682399999999997,0.029388534,-0.007435466094851462,7.5720600000000005,7.821162,0.2491022238159175,9.583789999999999,9.850635,0.266844574890138,0.1756544,0.18623307,0.010578673472976696
951,0.01682399999999995,0.029388534,0.012564533905148556,6.882059999999999,7.821162,0.9391022238159188,8.68379,9.850635,1.1668445748901366,0.16165439999999998,0.18623307,0.02457867347297671
952,0.020823999999999954,0.029388534,0.008564533905148553,9.91206,7.821162,-2.0908977761840823,11.60379,9.850635,-1.7531554251098633,0.2026544,0.18623307,-0.016421326527023328
1145,-0.03778499999999996,0.012249289,0.05003428908050056,7.84835,9.495708,1.647358465576172,4.317250000000001,6.3991885,2.0819385185241686,-0.03173590000000004,-0.0061832555,0.025552644536161462
1147,-0.047784999999999966,0.012249289,0.06003428908050057,7.958349999999999,9.495708,1.5373584655761725,4.387250000000002,6.3991885,2.0119385185241683,-0.027735899999999925,-0.0061832555,0.021552644536161347
1148,-0.047784999999999966,0.012249289,0.06003428908050057,7.34835,9.495708,2.147358465576172,3.827250000000003,6.3991885,2.571938518524167,-0.029735899999999926,-0.0061832555,0.02355264453616135
1149,-0.047784999999999966,0.012249289,0.06003428908050057,8.11835,9.495708,1.3773584655761724,4.407250000000001,6.3991885,1.9919385185241687,-0.036735900000000044,-0.0061832555,0.030552644536161466
1150,-0.047784999999999966,0.012249289,0.06003428908050057,7.948349999999998,9.495708,1.547358465576174,4.0972500000000025,6.3991885,2.3019385185241674,-0.04373589999999994,-0.0061832555,0.03755264453616136
1152,-0.07778499999999999,0.012249289,0.0900342890805006,7.968349999999997,9.495708,1.5273584655761745,3.4072500000000012,6.3991885,2.9919385185241687,-0.04773589999999994,-0.0061832555,0.041552644536161365
1153,-0.047784999999999966,0.012249289,0.06003428908050057,7.858349999999998,9.495708,1.637358465576174,4.05725,6.3991885,2.34193851852417,-0.03373589999999993,-0.0061832555,0.027552644536161353
1166,-0.025123000000000006,-0.008596951,0.016526048858046538,10.868780000000001,10.509945,-0.3588350842285166,8.71107,8.654405,-0.05666535980224552,0.07799310000000004,0.08167621,0.0036831074828147514
1241,-0.08093600000000001,-0.060381554,0.02055444593286515,6.871929999999999,7.88437,1.0124398501586924,4.97016,5.858084,0.8879242018127442,0.04375220000000002,0.07158174,0.02782954365758894
1242,-0.08093600000000001,-0.060381554,0.02055444593286515,6.871929999999999,7.88437,1.0124398501586924,4.97016,5.858084,0.8879242018127442,0.04375220000000002,0.07158174,0.02782954365758894
1352,0.011989999999999945,0.051640432,0.03965043232798582,5.66159,10.23296,4.571369747314453,3.0350800000000007,7.6597996,4.624719575805663,-0.04651640000000001,0.031909,0.07842540012850763
1354,-0.07801000000000013,0.051640432,0.1296504323279859,5.041590000000003,10.23296,5.19136974731445,0.07507999999999981,7.6597996,7.584719575805664,-0.08451640000000005,0.031909,0.11642540012850766
1356,-0.07951200000000003,-0.008840198,0.07067180230271819,6.721820000000001,8.658957,1.93713652770996,3.0164399999999993,5.2549186,2.238478575286866,-0.04269220000000007,-0.010833213,0.0318589868942023
1360,-0.049512,-0.008840198,0.04067180230271816,11.831820000000004,8.658957,-3.172863472290043,6.716439999999999,5.2549186,-1.4615214247131334,-0.06469219999999987,-0.010833213,0.0538589868942021
1362,-0.08351200000000003,-0.008840198,0.0746718023027182,6.031820000000003,8.658957,2.6271365277099576,1.0964399999999976,5.2549186,4.158478575286868,-0.07769219999999999,-0.010833213,0.06685898689420222
1363,-0.08051200000000014,-0.008840198,0.0716718023027183,5.791820000000001,8.658957,2.8671365277099596,1.326439999999998,5.2549186,3.928478575286867,-0.06269219999999998,-0.010833213,0.05185898689420221
1365,-0.08851200000000015,-0.008840198,0.07967180230271831,6.421820000000004,8.658957,2.237136527709957,1.6164400000000008,5.2549186,3.6384785752868645,-0.06669219999999998,-0.010833213,0.05585898689420221
1507,0.012513999999999914,0.033430208,0.02091620752072343,9.17998,8.442481,-0.7374989590454106,6.937480000000001,7.3073554,0.3698754039001457,0.013848599999999989,0.038520988,0.02467238807692529
1612,-0.12320760000000008,-0.0870938,0.03611379969367989,6.627849999999999,6.6928225,0.0649724563598646,6.314879999999999,6.366826,0.051946057434083315,0.16362789999999994,0.16438076,0.000752859000778261
1613,0.025188999999999906,0.022336233,-0.0028527665927409185,7.72472,5.534466,-2.1902542102050777,2.6573899999999995,2.425927,-0.23146307624816842,-0.13557419999999998,-0.06253851,0.07303568794889448
1614,-0.019187000000000065,0.018983213,0.03817021323096759,1.9827999999999992,2.554728,0.571928031158448,0.860557,2.4792972,1.618740161102295,-0.01110600000000006,0.11628591,0.1273919126925469
1615,-0.09141730000000003,-0.08199127,0.009426029815483128,3.299900000000001,4.665613,1.3657131744384756,2.9269100000000012,3.96451,1.0375999639892566,0.09641650000000002,0.083766505,-0.012649994877815263
1616,0.10381299999999993,0.018983213,-0.08482978676903241,2.912799999999999,2.554728,-0.3580719688415517,5.190557,2.4792972,-2.711259838897705,0.32689400000000013,0.11628591,-0.21060808730745328
1821,0.0823830000000001,0.08138626,-0.000996739311695194,14.43186,13.647945,-0.783914595947266,14.66864,13.327697,-1.3409431997680663,0.12868599999999997,0.1132825,-0.015403498302459684
1822,0.07238300000000009,0.08138626,0.009003260688304815,12.731859999999998,13.647945,0.9160854040527369,12.71864,13.327697,0.609056800231933,0.09768599999999994,0.1132825,0.015596501697540344
2024,0.031665000000000054,0.03434044,0.0026754412269591743,7.300340000000002,7.734587,0.43424719253539834,6.0013000000000005,6.428359,0.42705903167724557,0.01532279999999997,0.016828252,0.0015054520025968854
2025,0.031665000000000054,0.03434044,0.0026754412269591743,7.410340000000005,7.734587,0.32424719253539536,5.0113,6.428359,1.4170590316772458,-0.034677199999999964,0.016828252,0.05150545200259682
2026,-0.04833500000000002,0.03434044,0.08267544122695925,7.190340000000003,7.734587,0.5442471925353978,2.7113000000000014,6.428359,3.7170590316772447,-0.0746772,0.016828252,0.09150545200259685
2027,0.18166500000000008,0.03434044,-0.14732455877304085,8.710340000000002,7.734587,-0.9757528074646018,8.8613,6.428359,-2.432940968322754,0.01532279999999997,0.016828252,0.0015054520025968854
2028,0.05166500000000007,0.03434044,-0.017324558773040843,8.910340000000005,7.734587,-1.1757528074646046,7.2113,6.428359,-0.7829409683227535,0.017322800000000083,0.016828252,-0.0004945479974032274
2029,0.0776650000000001,0.03434044,-0.04332455877304087,7.110340000000004,7.734587,0.6242471925353961,6.901299999999999,6.428359,-0.472940968322753,0.03532279999999999,0.016828252,-0.018494547997403132
2030,0.0766650000000001,0.03434044,-0.042324558773040866,7.110340000000004,7.734587,0.6242471925353961,6.331300000000001,6.428359,0.0970590316772455,0.007322800000000074,0.016828252,0.009505452002596781
2031,0.04666500000000007,0.03434044,-0.012324558773040839,7.110340000000004,7.734587,0.6242471925353961,4.401299999999999,6.428359,2.027059031677247,-0.06467719999999999,0.016828252,0.08150545200259685
2032,0.2016650000000001,0.03434044,-0.16732455877304087,8.810340000000004,7.734587,-1.0757528074646032,9.7913,6.428359,-3.3629409683227536,0.0503228,0.016828252,-0.033494547997403146
2039,0.9943960000000001,0.83995426,-0.15444174298858648,31.257279999999994,29.365398,-1.8918815930175725,13.1925,13.4079685,0.21546852111816328,0.16212749999999998,0.16771147,0.005583966550827046
2078,0.13155400000000006,0.1015444,-0.030009597460269988,25.90036,21.464767,-4.435592543945312,20.512600000000003,16.481174,-4.031425531005862,0.23002840000000002,0.13839011,-0.09163829105701449
2085,-0.0890740000000001,-0.057159793,0.03191420736813555,5.194769999999998,6.0941978,0.8994277500915544,10.043779999999998,8.189239,-1.8545414517211896,0.23568959999999994,0.17512216,-0.06056744326076502
2086,-0.04907400000000006,-0.057159793,-0.008085792631864486,5.894769999999998,6.0941978,0.1994277500915551,7.473779999999998,8.189239,0.7154585482788107,0.1626896,0.17512216,0.012432556739234935
2087,-0.019074000000000035,-0.057159793,-0.03808579263186451,7.694769999999998,6.0941978,-1.6005722499084456,9.503779999999999,8.189239,-1.3145414517211904,0.1876896,0.17512216,-0.012567443260765088
2099,-0.04815400000000003,0.032807786,0.08096178601765636,4.81475,7.339087,2.5243370094299316,4.805869999999999,7.5563006,2.7504306401062024,0.07766270000000008,0.097309984,0.01964728426675788
2115,-0.07377500000000015,-0.005883703,0.06789129699170604,9.246040000000004,11.243533,1.997493134460445,8.62153,10.777676,2.1561456286621095,0.09850879999999995,0.10014323,0.001634431451511431
2699,0.20542700000000003,0.18096523,-0.02446177013111117,17.65475,16.215065,-1.4396849975585937,18.11934,17.364323,-0.7550173376464855,0.08701829999999988,0.12667888,0.039660584029388546
2757,-0.03398239999999997,-0.022972886,0.01100951448073384,10.1113,10.373254,0.2619538223266602,7.798629999999999,7.82521,0.026580094451905012,0.026508100000000034,0.04874492,0.02223682064118382
2837,-0.009128000000000025,0.009562125,0.018690125429511095,7.0259300000000025,8.248051,1.2221206896972632,5.4815000000000005,6.6283703,1.1468702850341792,0.025827899999999904,0.039314482,0.013486582361078359
2844,0.20542700000000003,0.18096523,-0.02446177013111117,18.69475,16.215065,-2.479684997558593,18.849339999999998,17.364323,-1.4850173376464824,0.0990183,0.12667888,0.027660584029388424
2874,-8.900000000000574e-05,0.038278967,0.03836796714210511,7.625859999999999,9.021776,1.395916199340821,5.19356,9.005425,3.8118654531860354,-0.01323350000000001,0.122841805,0.13607530521965028
2875,0.06991100000000006,0.038278967,-0.031632032857894954,7.835859999999997,9.021776,1.1859161993408236,9.743559999999999,9.005425,-0.7381345468139635,0.18676649999999995,0.122841805,-0.06392469478034968
2876,0.08991099999999996,0.038278967,-0.05163203285789486,9.85586,9.021776,-0.8340838006591795,12.00356,9.005425,-2.998134546813965,0.2367665,0.122841805,-0.11392469478034972
2877,-0.057613000000000136,0.028802734,0.08641573386836066,6.955680000000001,9.894965,2.939285171813964,2.9451500000000017,7.744984,4.79983414993286,-0.04854400000000003,0.04598258,0.09452658063197139
2900,0.03198999999999996,0.007029671,-0.02496032877802845,7.4415900000000015,7.793521,0.35193092742919774,6.205080000000001,5.902469,-0.3026108418273932,0.021483599999999936,0.022950802,0.0014672019983769102
2901,-0.04801000000000011,0.007029671,0.05503967122197162,7.0615900000000025,7.793521,0.7319309274291967,3.9550800000000024,5.902469,1.947389158172605,-0.014516399999999985,0.022950802,0.03746720199837683
3218,0.012386999999999926,0.033506304,0.0211193040256501,9.58568,9.111972,-0.47370814483642576,6.12515,7.3718204,1.246670449829102,-0.041544000000000025,0.0448068,0.08635080078268054
3384,-0.007613000000000092,0.033506304,0.041119304025650116,9.075680000000002,9.111972,0.03629185516357225,6.92515,7.3718204,0.4466704498291012,0.03145599999999993,0.0448068,0.013350800782680583
3385,-0.007613000000000092,0.033506304,0.041119304025650116,6.74568,9.111972,2.366291855163574,5.50515,7.3718204,1.8666704498291011,0.04145599999999994,0.0448068,0.003350800782680574
3415,0.002386999999999917,0.033506304,0.031119304025650107,7.2256800000000005,9.111972,1.8862918551635737,10.00515,7.3718204,-2.633329550170899,0.221456,0.0448068,-0.17664919921731947
3499,-0.022612999999999994,0.028802734,0.051415733868360514,8.705680000000001,9.894965,1.1892851718139639,6.10515,7.744984,1.6398341499328613,0.014455999999999913,0.04598258,0.031526580631971446
3503,0.055593399999999904,0.06665114,0.011057743133640385,10.060030000000001,9.77888,-0.28114988067627067,8.46496,9.066264,0.6013041525268559,0.033296800000000015,0.05662008,0.023323280024003967
3504,0.06326029999999994,0.09252456,0.02926425830574042,10.113310000000002,9.902834,-0.2104760614013692,8.83856,9.045405,0.20684538787841866,0.0494325000000001,0.10046963,0.05103712648630132
3505,0.11307089999999997,0.111143015,-0.0019278846749305467,7.685870000000001,7.010091,-0.6757791720581068,8.282560000000002,8.08488,-0.19768012481689645,0.07635189999999992,0.07259902,-0.0037528764194487696
3506,0.1269038,0.10594492,-0.02095888339405061,6.469799999999999,8.363,1.8931999160766608,9.61413,8.808884,-0.8052463330078119,0.1857726999999999,0.12618805,-0.05958464531917562
3552,-0.071075,-0.014459025,0.056615974885225295,3.4377199999999988,5.5689034,2.131183446197511,4.935819999999998,6.498139,1.5623189045715353,0.14329009999999998,0.12506355,-0.018226546547508216
3553,-0.10107500000000003,-0.014459025,0.08661597488522532,2.887719999999998,5.5689034,2.6811834461975117,2.9458199999999977,6.498139,3.5523189045715355,0.09829009999999994,0.12506355,0.026773453452491824
3554,-0.11107500000000003,-0.014459025,0.09661597488522533,3.257719999999999,5.5689034,2.3111834461975107,3.9958199999999984,6.498139,2.502318904571535,0.13129009999999997,0.12506355,-0.006226546547508205
3568,-0.07761300000000015,0.033506304,0.11111930402565018,8.63568,9.111972,0.47629185516357353,4.60515,7.3718204,2.7666704498291015,-0.018544000000000005,0.0448068,0.06335080078268052
3655,0.14238699999999993,0.028802734,-0.11358426613163941,11.075680000000002,9.894965,-1.1807148281860371,11.82515,7.744984,-4.080165850067139,0.14445599999999992,0.04598258,-0.09847341936802856
3697,0.04356000000000004,0.076872475,0.033312475445270495,9.923950000000001,9.792454,-0.13149623413086076,13.021430000000002,11.155315,-1.8661146008300804,0.2727328,0.18550053,-0.08723226761131286
3698,0.06256000000000006,0.076872475,0.014312475445270478,7.32395,9.792454,2.4685037658691407,10.021430000000002,11.155315,1.1338853991699196,0.1657328,0.18550053,0.01976773238868712
3699,0.04156000000000004,0.076872475,0.0353124754452705,8.223950000000002,9.792454,1.5685037658691385,9.521430000000002,11.155315,1.6338853991699196,0.1377328,0.18550053,0.047767732388687145
3700,0.06056000000000006,0.076872475,0.01631247544527048,10.52395,9.792454,-0.7314962341308586,12.221430000000002,11.155315,-1.0661146008300797,0.22373279999999995,0.18550053,-0.03823226761131282
3701,0.04856000000000005,0.076872475,0.02831247544527049,8.423950000000001,9.792454,1.3685037658691392,8.021430000000002,11.155315,3.1338853991699196,0.1417328,0.18550053,0.04376773238868714
3709,-0.06148600000000015,-0.029235128,0.03225087168669716,8.263110000000001,5.8909426,-2.372167426452638,9.182830000000001,5.380371,-3.802458906250001,0.18898579999999998,0.08899616,-0.09998964294986723
3789,-0.047784999999999966,0.015172636,0.06295763613641259,4.338349999999998,8.815395,4.477045355224611,1.707250000000002,6.416284,4.709034084320066,-0.07773589999999997,0.016717602,0.09445350156750676
3822,0.12687400000000004,0.1440599,0.01718589646911617,13.205739999999999,13.744827,0.5390872705078138,11.694909999999998,12.642703,0.9477930563354509,0.06629810000000003,0.081554145,0.01525604462089536
3823,0.21777599999999997,0.17872404,-0.03905196437931058,13.50573,13.695232,0.18950239135742208,13.27467,12.799406,-0.4752639483642582,0.10399120000000006,0.083556145,-0.020435054570388855
3824,0.23875599999999997,0.20895308,-0.02980291743850705,14.405720000000004,13.61541,-0.7903101489257853,13.698649999999997,11.761083,-1.93756735076904,0.09943730000000006,0.07239529,-0.027042012545871796
3825,0.26937999999999995,0.2064731,-0.0629069027948379,14.555710000000001,14.105583,-0.4501268090820325,13.9799,13.333682,-0.6462179397583014,0.0853756,0.089828104,0.004452503780746464
3826,0.260035,0.16827273,-0.09176226631164552,14.725700000000002,13.617713,-1.1079870254516617,14.618500000000001,13.255137,-1.3633625564575205,0.14720520000000004,0.12937789,-0.017827313347053564
3827,0.3823869999999999,0.023872636,-0.3585143637413978,19.805680000000002,9.797692,-10.007987701110842,17.21515,7.933181,-9.281969190979005,0.13345600000000002,0.052634455,-0.08082154473638536
3903,-0.04657800000000001,0.013667358,0.06024535808551312,8.36578,9.806826,1.441045637817382,6.605729999999999,7.900329,1.2945991130065924,0.05507470000000003,0.040671498,-0.01440320241661075
3953,-0.08910499999999999,-0.046116546,0.04298845420360564,4.127230000000001,5.2476344,1.1204044108581535,2.9410600000000002,6.2185674,3.277507371368408,0.053047100000000014,0.11648616,0.06343906194725035
3955,-0.019104999999999928,-0.046116546,-0.02701154579639442,5.227229999999999,5.2476344,0.020404410858155586,15.251060000000003,6.2185674,-9.032492628631594,0.5230471,0.11648616,-0.4065609380527496
4012,0.003422000000000036,-0.02426086,-0.02768285993647579,8.035780000000003,8.448971,0.4131907946777318,8.10573,7.4678903,-0.6378397373962397,0.10707470000000008,0.04203831,-0.06503638968081482
4028,0.05238699999999996,0.06061237,0.008225369328737298,8.105680000000003,9.026449,0.9207692034912078,6.00515,7.2173986,1.212248643493652,-0.028544000000000014,0.007680146,0.03622414602363111
4076,0.16574499999999992,0.081502214,-0.0842427859258651,8.708979999999997,9.226811,0.5178314089965852,10.226890000000001,8.095944,-2.13094559539795,0.14256879999999994,0.07233693,-0.07023187294368738
4101,-0.007613000000000092,0.023872636,0.031485636258602234,5.4756800000000005,9.797692,4.32201229888916,6.03515,7.933181,1.8980308090209963,0.09445599999999998,0.052634455,-0.04182154473638533
4102,-0.057613000000000136,0.023872636,0.08148563625860228,4.625680000000003,9.797692,5.1720122988891575,3.235150000000001,7.933181,4.698030809020995,0.03545600000000004,0.052634455,0.01717845526361461
4172,-0.07761300000000015,0.023872636,0.1014856362586023,5.805680000000002,9.797692,3.9920122988891578,4.70515,7.933181,3.2280308090209964,0.07145599999999996,0.052634455,-0.01882154473638531
4174,-0.0176130000000001,0.023872636,0.04148563625860224,7.605680000000003,9.797692,2.192012298889157,8.805150000000001,7.933181,-0.871969190979005,0.16345599999999993,0.052634455,-0.11082154473638528
4200,-0.08910499999999999,-0.070432074,0.01867292563199996,9.36723,8.971767,-0.3954625744628899,9.181060000000002,8.113552,-1.0675079064941428,0.1630471,0.13724135,-0.02580575137577057
4237,0.05238699999999996,0.033506304,-0.018880695974349937,9.29568,9.111972,-0.1837081448364266,9.225150000000001,7.3718204,-1.8533295501708995,0.10145599999999999,0.0448068,-0.05664919921731948
4239,0.2423869999999999,0.033506304,-0.20888069597434988,15.365680000000001,9.111972,-6.253708144836427,16.04515,7.3718204,-8.673329550170898,0.271456,0.0448068,-0.22664919921731946
4300,0.08238699999999999,0.033506304,-0.048880695974349964,11.125680000000003,9.111972,-2.0137081448364285,9.24515,7.3718204,-1.873329550170899,0.02145599999999992,0.0448068,0.023350800782680592
4301,0.05181100000000005,0.06504036,0.013229357410907694,10.29099,9.683202,-0.6077882101440437,7.8813200000000005,7.9169326,0.03561258285522406,-0.003105399999999925,0.022887168,0.025992568452143594
4302,0.03376000000000001,0.05088403,0.017124030759334552,16.820030000000003,14.324409,-2.495621468811038,12.043650000000001,10.567605,-1.4760449813842786,-0.013672399999999918,0.010860668,0.024533067563974775
4303,0.02191199999999993,0.01092411,-0.010987889810919693,7.332460000000001,7.363618,0.03115789703369032,5.6569,5.827632,0.1707319503784177,0.0072030000000000705,0.019935057,0.012732056567192007
4304,0.04074400000000011,0.05860006,0.01785606064176548,7.22297,7.382083,0.1591129391479491,5.793099999999999,6.3908806,0.5977805847167978,0.0024186000000000485,0.02610619,0.02368758993639941
4305,0.11630800000000008,0.0823264,-0.03398160270023354,12.079360000000001,9.358688,-2.7206716455078137,10.468879999999999,8.098236,-2.3706439160156236,0.037999499999999964,0.044644684,0.006645183599472082
4306,0.1023869999999999,0.033506304,-0.06888069597434987,12.785680000000003,9.111972,-3.6737081448364286,10.62515,7.3718204,-3.253329550170898,0.03145599999999993,0.0448068,0.013350800782680583
4307,0.07181100000000007,0.06504036,-0.006770642589092324,11.090990000000001,9.683202,-1.4077882101440444,8.781320000000001,7.9169326,-0.8643874171447763,0.0368946,0.022887168,-0.01400743154785633
4310,0.08574400000000004,0.05860006,-0.027143939358234448,7.7029700000000005,7.382083,-0.3208870608520513,7.363099999999999,6.3908806,-0.9722194152832024,0.05241859999999998,0.02610619,-0.026312410063600522
4311,-0.047784999999999966,0.013593375,0.0613783747515082,6.738349999999997,7.4481406,0.7097906211853058,4.30725,6.0589237,1.7516737213134768,0.02226410000000001,0.03865917,0.016395070269966117
4376,0.15238699999999994,0.023872636,-0.1285143637413978,12.285680000000003,9.797692,-2.4879877011108427,13.86515,7.933181,-5.931969190979004,0.23145599999999994,0.052634455,-0.17882154473638529
4377,0.06238699999999997,0.023872636,-0.03851436374139783,10.955680000000001,9.797692,-1.1579877011108408,8.50515,7.933181,-0.5719691909790043,0.0014560000000000128,0.052634455,0.05117845526361464
4378,0.1023869999999999,0.023872636,-0.07851436374139775,11.355680000000003,9.797692,-1.557987701110843,9.91515,7.933181,-1.9819691909790045,0.04145599999999994,0.052634455,0.011178455263614717
4380,0.06181900000000007,0.05997277,-0.001846229487896034,8.358890000000002,8.458247,0.0993571847534156,10.89359,8.67484,-2.2187500265502926,0.21441880000000002,0.105754465,-0.10866433513526919
4381,0.011819000000000024,0.05997277,0.04815377051210401,8.158890000000003,8.458247,0.2993571847534149,8.493590000000001,8.67484,0.18124997344970595,0.12441880000000005,0.105754465,-0.018664335135269217
4382,0.04181900000000005,0.05997277,0.018153770512103984,7.7588900000000045,8.458247,0.6993571847534135,8.09359,8.67484,0.5812499734497063,0.10441880000000003,0.105754465,0.0013356648647308011
4384,0.03181900000000004,0.05997277,0.028153770512103993,6.658890000000003,8.458247,1.7993571847534149,6.19359,8.67484,2.4812499734497067,0.05441879999999999,0.105754465,0.051335664864730846
4490,0.17257899999999993,0.13186972,-0.040709281567573474,5.286369999999998,7.0299864,1.7436163815307637,6.121339999999998,6.685209,0.5638687974548358,0.02713410000000005,0.020456512,-0.006677588472700169
4513,0.08238699999999999,0.028802734,-0.05358426613163947,14.005680000000002,9.894965,-4.110714828186037,14.465150000000001,7.744984,-6.72016585006714,0.26145599999999997,0.04598258,-0.2154734193680286
4586,-0.02746599999999999,0.009070701,0.03653670096582173,8.646149999999999,8.75131,0.10516034851074352,6.688349999999998,6.5802445,-0.10810545883178513,0.06081619999999999,0.00813584,-0.05268035970325469
4587,-0.06746600000000003,0.009070701,0.07653670096582177,6.446149999999999,8.75131,2.305160348510743,3.7883499999999977,6.5802445,2.7918945411682152,0.02081619999999995,0.00813584,-0.012680359703254651
4813,-0.05746600000000002,0.009070701,0.06653670096582176,6.436149999999998,8.75131,2.3151603485107444,3.1283499999999975,6.5802445,3.4518945411682154,-0.021183800000000086,0.00813584,0.029319640296745386
4914,-0.10148600000000019,-0.029235128,0.0722508716866972,2.14311,5.8909426,3.747832573547363,0.5528300000000002,5.380371,4.82754109375,0.02698579999999995,0.08899616,0.0620103570501328
4915,-0.131486,-0.029235128,0.102250871686697,1.4631100000000004,5.8909426,4.427832573547363,-1.2271699999999974,5.380371,6.607541093749997,0.0029858000000000384,0.08899616,0.08601035705013271
5029,0.10914599999999985,0.107482046,-0.0016639541110990974,10.6694,12.305526,1.6361257797241215,13.840419999999998,15.895104,2.054684408264162,0.1722325,0.2569825,0.08475000532150267
5037,0.09914599999999985,0.107482046,0.008336045888900911,11.049399999999999,12.305526,1.2561257797241225,13.520419999999998,15.895104,2.3746844082641623,0.14223249999999998,0.2569825,0.1147500053215027
5041,0.09914599999999985,0.107482046,0.008336045888900911,11.4494,12.305526,0.8561257797241204,13.800419999999999,15.895104,2.094684408264161,0.1522325,0.2569825,0.10475000532150269
5045,0.10914599999999985,0.107482046,-0.0016639541110990974,12.0594,12.305526,0.24612577972412097,15.240419999999999,15.895104,0.6546844082641616,0.20223250000000004,0.2569825,0.05475000532150265
5049,0.12914599999999987,0.107482046,-0.021663954111099115,12.139399999999998,12.305526,0.16612577972412268,18.19042,15.895104,-2.2953155917358394,0.3622325,0.2569825,-0.10524999467849733
5053,0.1491459999999999,0.107482046,-0.04166395411109913,18.449399999999997,12.305526,-6.143874220275876,22.94042,15.895104,-7.045315591735839,0.5522325,0.2569825,-0.29524999467849733
5351,0.09038699999999988,0.038057275,-0.05232972488355625,11.90568,9.522898,-2.382782279663086,10.305150000000001,7.917094,-2.3880557693481457,0.051455999999999946,0.036501992,-0.014954007506132072
5560,-0.03778499999999996,0.012249289,0.05003428908050056,7.1183499999999995,9.495708,2.3773584655761724,3.337250000000001,6.3991885,3.061938518524169,-0.04873589999999994,-0.0061832555,0.042552644536161366
5676,0.9728413,0.75496256,-0.21787873648529055,23.72903,20.167362,-3.561667786865236,3.978679999999999,5.9735494,1.9948693659973156,0.03912840000000006,0.04937956,0.010251161096429762
5682,0.030245000000000077,0.044483893,0.014238892619609755,3.5702,8.300344,4.730144467163086,7.330859999999998,9.090302,1.7594424673461937,0.20142719999999992,0.14221098,-0.05921622471065513
5683,0.050245000000000095,0.044483893,-0.005761107380390262,7.670200000000001,8.300344,0.6301444671630847,7.730859999999998,9.090302,1.3594424673461933,0.07142720000000002,0.14221098,0.07078377528934476
5686,0.050245000000000095,0.044483893,-0.005761107380390262,7.3702000000000005,8.300344,0.9301444671630854,9.330859999999998,9.090302,-0.2405575326538063,0.1714272,0.14221098,-0.029216224710655214
5760,0.09701499999999996,0.11183341,0.014818408474922218,6.271419999999999,10.559007,4.287586690979005,8.98863,12.471573,3.482942875976562,0.09765030000000008,0.12859878,0.03094847943992607
5848,0.09221500000000005,0.05325,-0.038965000119209336,19.43835,16.753096,-2.685254373168945,15.407250000000001,13.930636,-1.476613594055177,0.1222641000000001,0.034904387,-0.08735971315178881
5849,0.09221500000000005,0.05325,-0.038965000119209336,17.43835,16.753096,-0.6852543731689451,13.807250000000002,13.930636,0.12338640594482264,0.062264100000000044,0.034904387,-0.027359713151788756
5850,0.032215000000000105,0.05325,0.021034999880790606,12.338349999999998,16.753096,4.414745626831056,9.50725,13.930636,4.423386405944823,0.02226410000000001,0.034904387,0.01264028684821128
5852,0.07221500000000014,0.05325,-0.01896500011920943,16.238349999999997,16.753096,0.5147456268310577,13.307250000000002,13.930636,0.6233864059448226,-0.05773589999999995,0.034904387,0.09264028684821124
5854,0.05221500000000012,0.05325,0.001034999880790588,15.538349999999998,16.753096,1.214745626831057,17.507250000000003,13.930636,-3.5766135940551784,-0.14773589999999992,0.034904387,0.1826402868482112
5862,-0.03778499999999996,0.05325,0.09103499988079067,24.81835,16.753096,-8.065254373168944,17.297250000000002,13.930636,-3.3666135940551776,-0.03773589999999993,0.034904387,0.07264028684821122
5934,0.03198999999999996,0.051640432,0.0196504323279858,6.221590000000003,10.23296,4.0113697473144505,5.07508,7.6597996,2.5847195758056642,0.007483600000000035,0.031909,0.02442540012850758
6211,-0.023965000000000014,0.03485126,0.05881626048326494,7.505700000000001,13.210339,5.704638592529296,4.698500000000001,9.61056,4.912060417175292,-0.013794799999999996,0.085117936,0.09891273613433837
6522,0.4982519999999999,0.19350925,-0.3047427491207122,10.35528,9.832106,-0.5231743634033208,17.42244,13.508709,-3.91373104614258,0.3693009,0.23774184,-0.13155905713405608
6523,0.14825199999999994,0.19350925,0.04525725087928778,10.25528,9.832106,-0.42317436340332115,14.122440000000001,13.508709,-0.6137310461425791,0.34930089999999997,0.23774184,-0.11155905713405606
6524,0.40825199999999995,0.19350925,-0.21474274912071223,10.55528,9.832106,-0.7231743634033201,13.622440000000001,13.508709,-0.11373104614257912,0.27930089999999996,0.23774184,-0.041559057134056054
6526,0.15825199999999995,0.19350925,0.03525725087928777,10.05528,9.832106,-0.2231743634033201,13.122440000000001,13.508709,0.3862689538574209,0.25930089999999995,0.23774184,-0.021559057134056037
6527,0.2282519999999999,0.19350925,-0.03474274912071218,10.25528,9.832106,-0.42317436340332115,14.422440000000002,13.508709,-0.9137310461425798,0.22930089999999992,0.23774184,0.00844094286594399
6529,-0.02074799999999999,0.19350925,0.2142572508792877,9.75528,9.832106,0.07682563659667885,9.022440000000001,13.508709,4.4862689538574205,0.09930089999999991,0.23774184,0.138440942865944
6530,-0.0027479999999999727,0.19350925,0.1962572508792877,9.995280000000001,9.832106,-0.16317436340332137,14.622440000000001,13.508709,-1.1137310461425791,0.13630089999999995,0.23774184,0.10144094286594396
6752,0.4248790000000001,0.17498975,-0.24988925497913372,14.211459999999999,14.541951,0.33049117950439566,18.91837,16.61181,-2.306559315795898,0.24892409999999998,0.29537416,0.04645005504455568
6753,0.20487900000000014,0.17498975,-0.02988925497913375,9.211459999999999,14.541951,5.330491179504396,16.91837,16.61181,-0.3065593157958979,0.37892410000000004,0.29537416,-0.08354994495544438
6755,-0.02512099999999995,0.17498975,0.20011074502086634,12.211459999999999,14.541951,2.3304911795043957,14.71837,16.61181,1.8934406842041014,0.2789241,0.29537416,0.016450055044555656
6756,0.24487900000000007,0.17498975,-0.06988925497913367,29.21146,14.541951,-14.669508820495604,23.91837,16.61181,-7.306559315795898,0.5789241,0.29537416,-0.2835499449554444
6757,0.4348790000000001,0.17498975,-0.25988925497913373,17.21146,14.541951,-2.6695088204956043,20.71837,16.61181,-4.106559315795899,0.31892410000000004,0.29537416,-0.02354994495544438
6758,0.1548790000000001,0.17498975,0.020110745020866294,16.71146,14.541951,-2.1695088204956043,18.21837,16.61181,-1.6065593157958986,0.2989241,0.29537416,-0.003549944955444362
6760,0.024879000000000095,0.17498975,0.1501107450208663,11.711459999999999,14.541951,2.8304911795043957,13.41837,16.61181,3.193440684204102,0.21892410000000007,0.29537416,0.0764500550445556
6762,0.05487900000000012,0.17498975,0.12011074502086627,12.31146,14.541951,2.2304911795043942,11.21837,16.61181,5.393440684204101,0.10392410000000007,0.29537416,0.1914500550445556
6891,-0.0752130000000002,-0.065976776,0.009236223817348677,8.432690000000001,18.027899,9.595208788452148,8.211599999999997,8.732256,0.5206559356689482,0.11239939999999993,0.11650858,0.004109180744266583
6892,-0.06521300000000019,-0.065976776,-0.0007637761826513323,28.762690000000003,18.027899,-10.734791211547854,9.851599999999998,8.732256,-1.1193440643310524,0.14139940000000006,0.11650858,-0.024890819255733554
6919,0.09238699999999989,0.028802734,-0.06358426613163937,8.40568,9.894965,1.4892851718139646,7.805150000000001,7.744984,-0.060165850067139814,0.027455999999999925,0.04598258,0.018526580631971434
6920,0.1123869999999999,0.028802734,-0.08358426613163938,6.705680000000001,9.894965,3.189285171813964,6.50515,7.744984,1.239834149932861,0.0034560000000000146,0.04598258,0.042526580631971345
6921,0.12238699999999991,0.028802734,-0.0935842661316394,10.505680000000002,9.894965,-0.6107148281860368,9.40515,7.744984,-1.6601658500671395,0.024455999999999922,0.04598258,0.021526580631971437
7018,0.198005,0.060646225,-0.1373587752330303,11.089310000000001,6.488006,-4.601303885040284,11.917390000000001,7.2864647,-4.630925308837892,0.14189190000000007,0.11594628,-0.025945622023964
7019,0.15400499999999984,0.060646225,-0.09335877523303016,8.869309999999999,6.488006,-2.381303885040282,11.217390000000002,7.2864647,-3.9309253088378924,0.1988919,0.11594628,-0.08294562202396394
7022,0.010005000000000042,0.060646225,0.05064122476696964,2.139310000000002,6.488006,4.348696114959715,4.607390000000002,7.2864647,2.679074691162107,0.12489190000000006,0.11594628,-0.008945622023963984
7023,0.004005000000000036,0.060646225,0.056641224766969644,2.1193099999999987,6.488006,4.368696114959718,2.0973900000000008,7.2864647,5.189074691162109,0.01789190000000007,0.11594628,0.098054377976036
7024,0.04500499999999996,0.060646225,0.01564122476696972,3.05931,6.488006,3.428696114959717,4.307390000000002,7.2864647,2.9790746911621078,0.0608919,0.11594628,0.05505437797603607
7135,0.052458000000000005,0.13372616,0.08126816469860076,19.98927,21.907776,1.9185058789062488,18.55426,19.639383,1.0851233160400398,0.1795405,0.17815417,-0.0013863294868469156
7137,0.25945799999999997,0.13372616,-0.1257318353013992,25.98927,21.907776,-4.081494121093751,22.65426,19.639383,-3.0148766839599617,0.21954050000000003,0.17815417,-0.04138632948684695
7145,-0.02778499999999995,0.12963478,0.15741978267192835,6.808349999999997,16.615067,9.806716528320315,4.14725,12.615179,8.467929061889649,-0.01073589999999991,0.1823238,0.19305969853725424
7146,0.042215000000000114,0.12963478,0.08741978267192829,7.698349999999998,16.615067,8.916716528320315,7.7272500000000015,12.615179,4.887929061889647,0.07726410000000006,0.1823238,0.10505969853725428
7147,0.07221500000000014,0.12963478,0.057419782671928266,9.628349999999998,16.615067,6.986716528320315,11.417250000000001,12.615179,1.1979290618896474,0.20026410000000006,0.1823238,-0.017940301462745722
7148,0.11221500000000006,0.12963478,0.01741978267192834,21.06835,16.615067,-4.453283471679686,17.457250000000002,12.615179,-4.8420709381103535,0.27426410000000007,0.1823238,-0.09194030146274573
7149,0.1522150000000001,0.12963478,-0.022580217328071694,28.43835,16.615067,-11.823283471679687,20.277250000000002,12.615179,-7.662070938110354,0.32526410000000006,0.1823238,-0.14294030146274572
7150,0.33221500000000015,0.12963478,-0.20258021732807174,28.668349999999997,16.615067,-12.053283471679684,20.367250000000002,12.615179,-7.752070938110354,0.38726410000000006,0.1823238,-0.20494030146274572
7203,0.09221500000000005,0.020671854,-0.07154314620435243,17.83835,11.466659,-6.371691407775877,15.10725,9.49074,-5.616510177612305,0.19226410000000005,0.055652827,-0.1366112729755402
7204,0.08421500000000015,0.020671854,-0.06354314620435253,17.038349999999998,11.466659,-5.571691407775877,13.407250000000001,9.49074,-3.916510177612306,0.062264100000000044,0.055652827,-0.0066112729755402055
7226,-0.07351200000000002,-0.013243758,0.06026824188035729,5.481820000000003,8.00714,2.525320159606931,1.40644,4.912548,3.506108065185547,-0.05369219999999997,0.0052412273,0.05893342733622786
7227,-0.08951200000000004,-0.013243758,0.0762682418803573,5.031820000000003,8.00714,2.9753201596069303,0.3064399999999985,4.912548,4.606108065185548,-0.07169219999999998,0.0052412273,0.07693342733622788
7480,0.09468699999999985,0.079723574,-0.014963425778865669,23.459100000000003,22.51108,-0.9480202117919951,20.52853,19.200941,-1.3275889141845703,0.3218311,0.28462207,-0.03720902682647703
7481,0.07468699999999995,0.079723574,0.005036574221134238,25.1691,22.51108,-2.6580202117919924,21.25853,19.200941,-2.0575889141845707,0.3348311,0.28462207,-0.05020902682647704
7482,0.06730300000000011,-0.018004784,-0.0853077843605281,20.00581,11.427678,-8.578131891784668,19.58326,9.872663,-9.710597455749511,0.2944346,0.08268693,-0.2117476691051483
7483,-0.032696999999999976,-0.018004784,0.014692215639471984,12.905810000000002,11.427678,-1.4781318917846704,10.08326,9.872663,-0.21059745574951094,0.014434599999999964,0.08268693,0.06825233089485172
7484,-0.012696999999999958,-0.018004784,-0.005307784360528034,10.20581,11.427678,1.2218681082153324,9.683259999999999,9.872663,0.1894025442504894,0.08443460000000003,0.08268693,-0.0017476691051483417
7487,-0.042696999999999985,-0.018004784,0.024692215639471993,11.20581,11.427678,0.22186810821533243,9.183259999999999,9.872663,0.6894025442504894,0.04443459999999999,0.08268693,0.038252330894851694
7489,-0.0026969999999999494,-0.018004784,-0.015307784360528043,9.805810000000001,11.427678,1.621868108215331,8.18326,9.872663,1.6894025442504876,0.024434599999999973,0.08268693,0.05825233089485171
7490,-0.032696999999999976,-0.018004784,0.014692215639471984,8.605810000000002,11.427678,2.8218681082153303,7.083259999999999,9.872663,2.789402544250489,0.03443459999999998,0.08268693,0.0482523308948517
7498,0.074847,0.06466588,-0.010181123671054837,5.09113,6.3801613,1.289031285400391,6.153739999999999,6.138216,-0.015523981323241287,0.06595679999999993,0.039885733,-0.02607106672339432
7548,0.10630499999999998,0.116759054,0.010454054362773912,10.098029999999998,11.812417,1.7143870303344748,12.352540000000001,13.961107,1.6085672540283191,0.11033899999999996,0.1282151,0.017876104341506993
7550,0.136305,0.116759054,-0.019545945637226114,10.438029999999998,11.812417,1.374387030334475,12.64254,13.961107,1.31856725402832,0.09033900000000006,0.1282151,0.0378761043415069
7552,0.06630500000000006,0.116759054,0.05045405436277384,13.968029999999999,11.812417,-2.155612969665526,15.34254,13.961107,-1.3814327459716793,0.17033900000000002,0.1282151,-0.04212389565849306
7644,0.37889000000000006,0.26937765,-0.10951235116958624,10.965449999999999,11.479085,0.5136349685668957,15.82344,14.600641,-1.2227987493896482,0.30043050000000004,0.228247,-0.07218349823284154
7645,0.29489,0.26937765,-0.025512351169586167,14.565449999999998,11.479085,-3.086365031433104,15.77344,14.600641,-1.1727987493896492,0.21243049999999997,0.228247,0.01581650176715854
7762,-0.03761300000000012,0.033506304,0.07111930402565014,7.435680000000001,9.111972,1.6762918551635728,3.8851499999999994,7.3718204,3.486670449829102,-0.03254400000000013,0.0448068,0.07735080078268064
7763,-0.02761300000000011,0.033506304,0.061119304025650134,8.035680000000003,9.111972,1.0762918551635714,3.895150000000001,7.3718204,3.4766704498291006,-0.06154400000000004,0.0448068,0.10635080078268055
7764,-0.03761300000000012,0.033506304,0.07111930402565014,7.985680000000002,9.111972,1.126291855163572,3.815149999999999,7.3718204,3.5566704498291024,-0.06654400000000005,0.0448068,0.11135080078268056
7766,-0.02761300000000011,0.033506304,0.061119304025650134,11.125680000000003,9.111972,-2.0137081448364285,8.11515,7.3718204,-0.7433295501708983,0.04145599999999994,0.0448068,0.003350800782680574
7767,-0.02761300000000011,0.033506304,0.061119304025650134,17.95568,9.111972,-8.843708144836427,13.195150000000002,7.3718204,-5.8233295501709,0.07145599999999996,0.0448068,-0.026649199217319453
7768,-0.04761300000000013,0.033506304,0.08111930402565015,5.3456800000000015,9.111972,3.7662918551635727,1.265150000000002,7.3718204,6.1066704498291,-0.08454399999999995,0.0448068,0.12935080078268046
7946,-0.09579500000000007,-0.05449728,0.04129772077322014,3.6104699999999994,4.414698,0.8042281239318854,1.0476099999999988,2.4406507,1.3930407015228283,0.0007224000000000119,0.045485046,0.04476264576086997
8023,0.04838699999999996,0.033506304,-0.014880695974349933,5.99568,9.111972,3.116291855163574,7.78515,7.3718204,-0.41332955017089823,0.1314559999999999,0.0448068,-0.0866491992173194
8032,0.00044200000000005346,0.026112206,0.025670206280231422,7.178659999999997,8.463942,1.2852815740966825,7.678690000000001,10.596692,2.918002085266112,0.0050736000000000114,0.06290345,0.057829848939323414
8034,0.04044200000000009,0.026112206,-0.014329793719768613,9.298659999999998,8.463942,-0.8347184259033185,12.72869,10.596692,-2.131997914733887,0.10007359999999998,0.06290345,-0.03717015106067656
8057,0.0542450000000001,0.044272266,-0.00997273367166529,4.586269999999999,7.7030716,3.1168015942382823,7.649840000000001,8.735917,1.0860770913696278,0.16017380000000003,0.13653065,-0.023643147357749972
8058,0.012959000000000165,0.04994994,0.036990940294027164,10.168589999999998,10.271733,0.10314328399658379,9.86852,11.315712,1.447191975097656,0.06296540000000006,0.13958348,0.07661808333835596
8086,-0.030613,0.06061237,0.09122536932873726,6.105680000000003,9.026449,2.920769203491208,2.305150000000001,7.2173986,4.912248643493651,-0.06354400000000004,0.007680146,0.07122414602363114
8087,-0.014612999999999987,0.06061237,0.07522536932873725,6.705680000000001,9.026449,2.32076920349121,3.605150000000002,7.2173986,3.6122486434936505,-0.03554400000000002,0.007680146,0.043224146023631116
8088,-0.023613000000000106,0.06061237,0.08422536932873737,6.105680000000003,9.026449,2.920769203491208,2.905149999999999,7.2173986,4.312248643493653,-0.04354400000000003,0.007680146,0.05122414602363112
8167,0.2214879999999999,0.13763084,-0.08385716482448569,8.641820000000003,9.765237,1.12341685455322,11.51644,9.682416,-1.834024037780761,0.10030780000000006,0.046626292,-0.05368150783090597
8168,0.3414879999999999,0.13763084,-0.20385716482448568,9.041820000000001,9.765237,0.7234168545532214,13.01644,9.682416,-3.334024037780761,0.16330780000000011,0.046626292,-0.11668150783090603
8169,0.2214879999999999,0.13763084,-0.08385716482448569,12.641820000000003,9.765237,-2.87658314544678,12.51644,9.682416,-2.834024037780761,0.041307800000000006,0.046626292,0.00531849216909408
8177,-0.03899000000000008,0.014922233,0.053912233298420986,8.26493,11.512577,3.247647056884766,5.796899999999999,7.957906,2.1610057693481455,0.019842499999999985,-0.047223106,-0.06706560602664946
8178,0.16101,0.014922233,-0.14608776670157908,23.96493,11.512577,-12.452352943115233,16.596899999999998,7.957906,-8.638994230651853,-0.3101575,-0.047223106,0.2629343939733505
8179,0.06101000000000001,0.014922233,-0.0460877667015791,15.00493,11.512577,-3.4923529431152343,10.306899999999999,7.957906,-2.3489942306518543,-0.07015749999999998,-0.047223106,0.02293439397335051
8181,-0.03899000000000008,0.014922233,0.053912233298420986,7.08493,11.512577,4.427647056884766,5.286899999999999,7.957906,2.6710057693481453,0.0398425,-0.047223106,-0.08706560602664948
8182,-0.03899000000000008,0.014922233,0.053912233298420986,7.124929999999999,11.512577,4.3876470568847665,5.4169,7.957906,2.5410057693481445,0.0398425,-0.047223106,-0.08706560602664948
8199,-0.05008900000000005,0.038278967,0.08836796714210515,9.17586,9.021776,-0.15408380065917981,7.67356,9.005425,1.331865453186035,0.08676649999999997,0.122841805,0.0360753052196503
8201,0.09991099999999997,0.038278967,-0.06163203285789487,10.69586,9.021776,-1.6740838006591794,12.54356,9.005425,-3.538134546813964,0.21676649999999997,0.122841805,-0.0939246947803497
8247,0.002386999999999917,0.028802734,0.026415733868360602,9.105680000000003,9.894965,0.7892851718139617,6.805150000000001,7.744984,0.9398341499328602,0.016455999999999915,0.04598258,0.029526580631971444
8254,0.032386999999999944,0.028802734,-0.003584266131639424,9.605680000000003,9.894965,0.28928517181396174,8.70515,7.744984,-0.9601658500671384,0.08145599999999997,0.04598258,-0.035473419368028614
8329,0.06221500000000013,0.012249289,-0.04996571091949953,6.3683499999999995,9.495708,3.1273584655761724,7.907250000000001,6.3991885,-1.5080614814758313,0.11326410000000009,-0.0061832555,-0.11944735546383867
8330,-0.047784999999999966,0.012249289,0.06003428908050057,5.958349999999999,9.495708,3.5373584655761725,6.207250000000002,6.3991885,0.191938518524168,0.11226410000000009,-0.0061832555,-0.11844735546383867
8647,-0.015009999999999968,0.0037092876,0.018719287615492908,10.32159,12.90797,2.5863804284667964,7.48508,9.592771,2.107690576477051,0.019483599999999934,0.035713166,0.016229565998458928
8700,-0.09778500000000001,0.012249289,0.11003428908050061,7.898349999999997,9.495708,1.5973584655761748,3.6072500000000005,6.3991885,2.7919385185241694,-0.02273589999999992,-0.0061832555,0.016552644536161343
8701,-0.09778500000000001,0.012249289,0.11003428908050061,6.958349999999999,9.495708,2.5373584655761725,1.9072500000000012,6.3991885,4.491938518524169,-0.06373589999999985,-0.0061832555,0.05755264453616127
8755,0.06088300000000002,-0.0040971665,-0.06498016647118332,5.277709999999999,6.4538827,1.1761726942443858,6.316690000000001,6.990869,0.6741790452575671,0.0613556999999999,0.10162942,0.04027372111492167
8756,0.002215000000000078,0.015172636,0.012957636136412543,6.43835,8.815395,2.3770453552246096,3.497250000000001,6.416284,2.9190340843200673,-0.04773589999999994,0.016717602,0.06445350156750673
8757,-0.01778499999999994,0.015172636,0.03295763613641256,9.828349999999997,8.815395,-1.0129546447753874,6.567250000000001,6.416284,-0.150965915679933,-0.007735899999999907,0.016717602,0.024453501567506697
8766,0.12303000000000008,0.10053282,-0.022497177689075554,17.38507,15.290235,-2.0948354342651356,16.80032,15.148018,-1.652302116699218,0.15565819999999997,0.12143052,-0.034227676306438415
8767,0.09303000000000006,0.10053282,0.007502822310924473,16.48507,15.290235,-1.194835434265137,15.900319999999999,15.148018,-0.7523021166992176,0.12565819999999994,0.12143052,-0.004227676306438388
8768,0.08303000000000016,0.10053282,0.01750282231092437,15.285070000000001,15.290235,0.0051645657348622365,15.000319999999999,15.148018,0.1476978833007827,0.10565820000000004,0.12143052,0.01577232369356152
8769,0.07303000000000015,0.10053282,0.02750282231092438,14.48507,15.290235,0.805164565734863,14.30032,15.148018,0.847697883300782,0.09565820000000003,0.12143052,0.025772323693561527
8773,0.08303000000000016,0.10053282,0.01750282231092437,14.68507,15.290235,0.6051645657348637,14.30032,15.148018,0.847697883300782,0.09565820000000003,0.12143052,0.025772323693561527
8774,0.06303000000000014,0.10053282,0.03750282231092439,13.68507,15.290235,1.6051645657348637,13.400319999999999,15.148018,1.7476978833007824,0.09565820000000003,0.12143052,0.025772323693561527
8775,0.09303000000000006,0.10053282,0.007502822310924473,14.98507,15.290235,0.30516456573486295,14.700319999999998,15.148018,0.4476978833007834,0.10565820000000004,0.12143052,0.01577232369356152
8819,-0.0717620000000001,-0.07890112,-0.007139119530200855,9.75629,8.2534,-1.5028901510620116,8.558089999999998,6.4321947,-2.125895290222166,0.08970110000000009,0.056283582,-0.033417517998075574
8831,0.03707080000000007,0.019670187,-0.017400613435673784,7.439170000000004,7.5777483,0.13857829864501525,8.10021,7.8360047,-0.26420526596069394,0.10348449999999998,0.10209914,-0.0013853570313453467
8833,0.007070800000000044,0.019670187,0.012599386564326243,6.939170000000004,7.5777483,0.6385782986450153,7.340210000000001,7.8360047,0.49579473403930585,0.10048450000000009,0.10209914,0.001614642968654545
8849,-0.004813999999999874,-0.05337619,-0.048562190364360935,17.73925,14.626395,-3.112854774475096,16.73725,14.021076,-2.7161737976074214,0.1379144,0.11818037,-0.019734028179073326
8850,-0.023217699999999897,-0.02397667,-0.0007589705781222422,10.888630000000003,11.177247,0.2886170474243137,9.35089,9.700764,0.3498737023925784,0.06411140000000004,0.099910244,0.03579884434566494
8851,-0.027660999999999936,-0.0032130722,0.02444792780435079,10.336780000000001,11.068797,0.7320171115112295,8.704699999999999,10.229069,1.5243687561035166,0.04876780000000003,0.06732519,0.018557389709663363
8852,-0.010661000000000032,-0.0032130722,0.0074479278043508845,11.746780000000001,11.068797,-0.6779828884887706,10.3547,10.229069,-0.12563124389648372,0.05876780000000004,0.06732519,0.008557389709663354
8853,-0.04739899999999997,-0.008817542,0.03858145765566823,11.47148,11.425671,-0.0458093762207028,9.756269999999999,10.702053,0.9457830700683605,0.0933676,0.13911763,0.045750028335952764
9062,0.21238699999999988,0.11234617,-0.10004082766723621,25.805680000000002,18.083166,-7.722513877563479,19.80515,15.609573,-4.195576635742189,0.42145599999999994,0.2641352,-0.15732078829383844
9063,0.09238699999999989,0.11234617,0.019959172332763786,13.805680000000002,18.083166,4.277486122436521,12.10515,15.609573,3.5044233642578124,0.10145599999999999,0.2641352,0.1626792117061615
9064,0.2223869999999999,0.11234617,-0.11004082766723622,23.405680000000004,18.083166,-5.32251387756348,18.40515,15.609573,-2.7955766357421865,0.221456,0.2641352,0.04267921170616151
9065,0.09238699999999989,0.11234617,0.019959172332763786,13.605680000000001,18.083166,4.477486122436522,15.305150000000001,15.609573,0.30442336425781136,0.331456,0.2641352,-0.06732078829383847
9066,0.05238699999999996,0.11234617,0.05995917233276371,12.505680000000002,18.083166,5.577486122436522,13.20515,15.609573,2.404423364257813,0.23145599999999994,0.2641352,0.03267921170616156
9080,-0.03761300000000012,0.028802734,0.06641573386836064,6.525680000000001,9.894965,3.3692851718139636,5.3351500000000005,7.744984,2.409834149932861,0.051455999999999946,0.04598258,-0.005473419368028587
9090,0.12148799999999993,-0.008840198,-0.13032819769728177,13.471820000000003,8.658957,-4.812863472290042,13.72644,5.2549186,-8.471521424713135,0.19930780000000003,-0.010833213,-0.2101410131057978
9093,0.012386999999999926,0.033506304,0.0211193040256501,12.645680000000002,9.111972,-3.533708144836428,10.635150000000001,7.3718204,-3.2633295501708997,0.09645599999999999,0.0448068,-0.051649199217319475
9094,0.012386999999999926,0.033506304,0.0211193040256501,12.325680000000002,9.111972,-3.2137081448364277,9.645150000000001,7.3718204,-2.2733295501708994,0.04345599999999994,0.0448068,0.0013508007826805724
9097,-0.028512000000000093,-0.013243758,0.015268241880357358,7.221820000000001,8.00714,0.7853201596069326,5.696439999999999,4.912548,-0.7838919348144522,0.04630780000000001,0.0052412273,-0.041066572663772116
9099,-0.05851200000000012,-0.013243758,0.045268241880357385,5.671820000000004,8.00714,2.3353201596069297,1.9864399999999982,4.912548,2.9261080651855487,-0.04369219999999996,0.0052412273,0.04893342733622785
9100,-0.05851200000000012,-0.013243758,0.045268241880357385,6.641820000000003,8.00714,1.3653201596069309,3.0864399999999996,4.912548,1.8261080651855472,-0.03369219999999995,0.0052412273,0.038933427336227844
9101,-0.04851200000000011,-0.013243758,0.035268241880357376,7.031820000000003,8.00714,0.9753201596069303,3.5964399999999976,4.912548,1.3161080651855492,-0.03169219999999995,0.0052412273,0.03693342733622784
9106,-0.03761300000000012,-0.014047864,0.02356513610678923,6.33568,6.788893,0.4532132228088379,1.8051500000000011,3.1060278,1.300877841567992,-0.08854400000000007,-0.047631256,0.04091274371767051
9107,-0.057613000000000136,-0.014047864,0.04356513610678925,7.425680000000003,6.788893,-0.6367867771911655,2.805150000000001,3.1060278,0.300877841567992,-0.06854400000000005,-0.047631256,0.02091274371767049
9108,0.04238699999999995,-0.014047864,-0.05643486389321084,6.705680000000001,6.788893,0.08321322280883692,4.305150000000001,3.1060278,-1.199122158432008,-0.04854400000000003,-0.047631256,0.0009127437176704722
9109,0.002386999999999917,-0.014047864,-0.016434863893210805,6.505680000000002,6.788893,0.2832132228088362,3.7051499999999997,3.1060278,-0.5991221584320066,-0.03854400000000002,-0.047631256,-0.009087256282329537
9110,-0.03761300000000012,-0.014047864,0.02356513610678923,6.505680000000002,6.788893,0.2832132228088362,3.305150000000001,3.1060278,-0.19912215843200798,-0.028544000000000014,-0.047631256,-0.019087256282329546
9111,-0.0176130000000001,-0.014047864,0.003565136106789213,6.505680000000002,6.788893,0.2832132228088362,3.2051499999999997,3.1060278,-0.09912215843200656,-0.04854400000000003,-0.047631256,0.0009127437176704722
9113,-0.04761300000000013,-0.014047864,0.03356513610678924,5.305680000000002,6.788893,1.4832132228088355,0.7051499999999997,3.1060278,2.4008778415679934,-0.08854400000000007,-0.047631256,0.04091274371767051
9114,-0.06761300000000015,-0.014047864,0.05356513610678926,6.105680000000003,6.788893,0.6832132228088348,1.5051500000000004,3.1060278,1.6008778415679927,-0.06854400000000005,-0.047631256,0.02091274371767049
9138,-0.044613000000000014,-0.012418128,0.032194872381269946,6.235680000000002,7.1482215,0.9125414927673319,2.675150000000002,4.275679,1.6005291114807108,-0.041544000000000025,-0.010854498,0.030689502448081996
9224,-0.0782830000000001,-0.0011476474,0.07713535261172066,7.660720000000001,9.593225,1.9325045254516588,3.738900000000001,6.7737722,3.0348722396850576,-0.024994799999999984,0.0055770297,0.030571829660344108
9226,-0.048283000000000076,-0.0011476474,0.04713535261172064,8.160720000000001,9.593225,1.4325045254516588,4.238899999999999,6.7737722,2.5348722396850594,-0.0449948,0.0055770297,0.050571829660344125
9783,-0.057613000000000136,0.044614986,0.10222798558521284,7.305680000000002,8.1675415,0.8618615039062476,2.5051500000000004,7.494296,4.989146073913574,-0.07854400000000006,0.08322435,0.16176834872388846
9785,-0.11761299999999997,-0.054444376,0.06316862362074849,6.805680000000002,7.571758,0.7660777934265113,1.0051500000000004,3.8861396,2.880989631271362,-0.07854400000000006,-0.0069165253,0.0716274746919573
9787,-0.09761300000000017,0.044614986,0.14222798558521288,6.805680000000002,8.1675415,1.3618615039062476,1.6051500000000019,7.494296,5.889146073913572,-0.06854400000000005,0.08322435,0.15176834872388845
9867,0.14238699999999993,0.028802734,-0.11358426613163941,11.72568,9.894965,-1.8307148281860357,10.03515,7.744984,-2.2901658500671385,0.20145599999999997,0.04598258,-0.1554734193680286
9916,-0.06761300000000015,0.033506304,0.10111930402565017,5.33568,9.111972,3.7762918551635742,2.805150000000001,7.3718204,4.5666704498291,0.005456000000000016,0.0448068,0.039350800782680495
9918,-0.04761300000000013,0.033506304,0.08111930402565015,5.705680000000001,9.111972,3.4062918551635732,3.105150000000002,7.3718204,4.2666704498291,0.0014560000000000128,0.0448068,0.0433508007826805
9919,-0.03761300000000012,0.033506304,0.07111930402565014,5.285680000000003,9.111972,3.8262918551635714,4.20515,7.3718204,3.166670449829102,0.04345599999999994,0.0448068,0.0013508007826805724
9955,-0.08901000000000003,-0.03327837,0.0557316315865517,6.16159,8.745485,2.5838953057861325,1.775079999999999,4.643881,2.868800844116212,-0.048516400000000015,0.008259013,0.05677541329517366
9956,-0.11600999999999995,-0.03327837,0.08273163158655161,7.261590000000002,8.745485,1.483895305786131,2.2050800000000024,4.643881,2.4388008441162086,-0.05051640000000013,0.008259013,0.05877541329517377
10212,-0.03761300000000012,0.028802734,0.06641573386836064,7.935680000000001,9.894965,1.9592851718139634,3.8451500000000003,7.744984,3.899834149932861,-0.05554400000000004,0.04598258,0.1015265806319714
10237,-0.02761300000000011,0.028802734,0.05641573386836063,8.185680000000001,9.894965,1.7092851718139634,5.03515,7.744984,2.7098341499328615,-0.006543999999999994,0.04598258,0.052526580631971354
10243,-0.06761300000000015,0.028802734,0.09641573386836066,7.855680000000003,9.894965,2.0392851718139617,3.5451499999999996,7.744984,4.199834149932862,-0.04654400000000003,0.04598258,0.09252658063197139
10248,-0.06761300000000015,0.028802734,0.09641573386836066,7.855680000000003,9.894965,2.0392851718139617,3.5451499999999996,7.744984,4.199834149932862,-0.04654400000000003,0.04598258,0.09252658063197139
10596,0.13920299999999997,0.08187703,-0.05732596956777569,4.226890000000001,3.9019797,-0.324910315170289,9.69497,7.87734,-1.817630160064697,0.20916060000000003,0.17175725,-0.037403348975753814
10597,0.16020299999999998,0.08187703,-0.07832596956777571,4.3768899999999995,3.9019797,-0.4749103151702876,11.15497,7.87734,-3.2776301600646978,0.26916059999999997,0.17175725,-0.09740334897575376
10598,0.11620299999999995,0.08187703,-0.03432596956777567,3.7868899999999996,3.9019797,0.11508968482971227,7.76497,7.87734,0.1123698399353028,0.13816060000000008,0.17175725,0.03359665102424614
10599,0.13920299999999997,0.08187703,-0.05732596956777569,3.8768899999999995,3.9019797,0.02508968482971241,8.77497,7.87734,-0.897630160064697,0.1691606,0.17175725,0.0025966510242462215
10600,-0.009797000000000056,0.08187703,0.09167403043222433,2.7768900000000016,3.9019797,1.1250896848297103,3.8249700000000004,7.87734,4.052369839935302,0.07716059999999991,0.17175725,0.0945966510242463
10601,0.00020299999999995322,0.08187703,0.08167403043222432,3.046890000000001,3.9019797,0.8550896848297107,5.394970000000001,7.87734,2.482369839935302,0.12916059999999996,0.17175725,0.04259665102424626
10602,0.00020299999999995322,0.08187703,0.08167403043222432,4.01689,3.9019797,-0.11491031517028816,6.02497,7.87734,1.852369839935303,0.12916059999999996,0.17175725,0.04259665102424626
10603,0.14020299999999997,0.08187703,-0.05832596956777569,4.986889999999999,3.9019797,-1.084910315170287,11.00497,7.87734,-3.1276301600646974,0.25916059999999996,0.17175725,-0.08740334897575375
10628,0.07325700000000013,0.05746765,-0.015789349377870687,10.961200000000003,9.709852,-1.2513477813720737,11.059470000000001,10.455248,-0.6042221209716807,0.12064750000000002,0.14930587,0.028658365168571454
10667,-0.07778499999999999,0.015172636,0.09295763613641261,6.238349999999997,8.815395,2.5770453552246124,1.5072500000000026,6.416284,4.909034084320066,-0.06773589999999996,0.016717602,0.08445350156750675
10923,-0.00012699999999998823,-0.003207474,-0.003080474015653145,3.0378700000000016,4.9497466,1.9118766087341292,3.4859299999999998,5.2864084,1.8004784243774417,0.08053949999999999,0.06330908,-0.017230419101238237
11012,-0.02761300000000011,0.054514367,0.08212736713337909,7.805680000000002,9.70913,1.9034502871704078,4.20515,9.034552,4.829401620483399,-0.03854400000000002,0.0866765,0.1252205007376671
11140,-0.08963300000000007,-0.02662421,0.06300878982114799,7.340070000000001,8.334437,0.9943673703002922,3.934049999999999,7.061346,3.1272960540771493,0.0040840000000000876,0.08201083,0.07792682795858374
11141,-0.03963300000000003,-0.02662421,0.013008789821147948,7.6400700000000015,8.334437,0.6943673703002915,5.63405,7.061346,1.4272960540771482,0.04408400000000001,0.08201083,0.03792682795858382
11142,-0.06963300000000006,-0.02662421,0.043008789821147975,7.54007,8.334437,0.7943673703002929,6.13405,7.061346,0.9272960540771482,0.04408400000000001,0.08201083,0.03792682795858382
11143,-0.03963300000000003,-0.02662421,0.013008789821147948,7.840070000000001,8.334437,0.4943673703002922,7.73405,7.061346,-0.6727039459228514,0.13408399999999998,0.08201083,-0.05207317204141615
11144,0.10036699999999998,-0.02662421,-0.12699121017885207,8.640070000000001,8.334437,-0.3056326296997085,13.23405,7.061346,-6.172703945922851,0.28408400000000006,0.08201083,-0.20207317204141623
11236,-0.02761300000000011,0.025979307,0.05359230654883396,10.105680000000003,9.622679,-0.4830012432861359,6.805150000000001,8.891455,2.0863046966552723,0.0014560000000000128,0.08564093,0.08418492963933943
11258,-0.031074999999999964,-0.043095104,-0.012020104396343267,4.4877199999999995,4.4224358,-0.06528423950195261,4.945819999999998,5.19565,0.24983010070801015,0.08829010000000004,0.110621296,0.022331195869350395
11259,-0.031074999999999964,-0.043095104,-0.012020104396343267,4.637719999999998,4.4224358,-0.2152842395019512,5.215819999999999,5.19565,-0.0201698992919912,0.09829009999999994,0.110621296,0.012331195869350497
11260,-0.031074999999999964,-0.043095104,-0.012020104396343267,4.53772,4.4224358,-0.11528423950195332,6.015819999999998,5.19565,-0.8201698992919901,0.14829009999999998,0.110621296,-0.03766880413064955
11269,0.1522150000000001,0.015172636,-0.13704236386358748,17.63835,8.815395,-8.82295464477539,16.39725,6.416284,-9.980965915679931,0.2922641,0.016717602,-0.27554649843249324
11270,0.13221500000000008,0.015172636,-0.11704236386358746,16.13835,8.815395,-7.32295464477539,14.437250000000002,6.416284,-8.020965915679934,0.16226410000000002,0.016717602,-0.14554649843249323
11271,0.08221500000000015,0.015172636,-0.06704236386358753,15.138349999999999,8.815395,-6.32295464477539,12.847250000000003,6.416284,-6.430965915679934,0.10226410000000008,0.016717602,-0.08554649843249329
11273,0.032215000000000105,0.015172636,-0.017042363863587484,13.338349999999998,8.815395,-4.522954644775389,10.43725,6.416284,-4.020965915679932,0.04226410000000003,0.016717602,-0.025546498432493236
11274,0.022215000000000096,0.015172636,-0.007042363863587475,11.238349999999997,8.815395,-2.4229546447753876,8.087250000000001,6.416284,-1.6709659156799326,-0.007735899999999907,0.016717602,0.024453501567506697
11275,0.08221500000000015,0.015172636,-0.06704236386358753,15.438349999999998,8.815395,-6.622954644775389,14.35725,6.416284,-7.940965915679932,0.21226410000000007,0.016717602,-0.19554649843249328
11312,0.05221500000000012,0.012249289,-0.03996571091949952,7.8683499999999995,9.495708,1.6273584655761724,6.747250000000001,6.3991885,-0.34806148147583116,0.02226410000000001,-0.0061832555,-0.028447355463838586
11313,0.07221500000000014,0.012249289,-0.05996571091949954,6.34835,9.495708,3.147358465576172,6.177250000000001,6.3991885,0.22193851852416913,0.0122641,-0.0061832555,-0.018447355463838577
11397,-0.10716480000000006,-0.06393819,0.04322660697679526,6.7603100000000005,6.3978486,-0.36246139389038134,2.82747,4.287281,1.4598110363769532,-0.05968600000000002,-0.034650963,0.025035037200212495
11399,-0.005665999999999949,0.023756357,0.02942235690987105,12.34627,11.413319,-0.9329513659667974,9.28789,9.033051,-0.25483946289062587,0.025034400000000012,0.011815366,-0.013219033664786828
11400,-0.003174999999999928,0.0096718995,0.01284689949005835,3.362940000000002,5.269845,1.9069050088500958,2.7921299999999984,4.8484373,2.0563073092651383,0.019739300000000015,0.034269545,0.014530245227289185
11733,0.07214300000000007,0.08824894,0.016105938322067193,10.011790000000001,10.0707445,0.05895451446533073,9.760409999999998,10.076222,0.31581241973877106,0.06292330000000002,0.088248506,0.025325206188392624
11736,0.03214300000000003,0.08824894,0.05610593832206723,10.191790000000001,10.0707445,-0.12104548553466898,9.27041,10.076222,0.8058124197387695,0.0429233,0.088248506,0.04532520618839264
11737,0.08214299999999997,0.08824894,0.006105938322067295,9.98179,10.0707445,0.08895451446533187,10.170409999999999,10.076222,-0.09418758026122909,0.07292330000000002,0.088248506,0.015325206188392615
11738,0.11214299999999999,0.08824894,-0.023894061677932732,9.721789999999999,10.0707445,0.34895451446533343,10.39041,10.076222,-0.3141875802612297,0.07292330000000002,0.088248506,0.015325206188392615
11739,0.03214300000000003,0.08824894,0.05610593832206723,10.191790000000001,10.0707445,-0.12104548553466898,9.27041,10.076222,0.8058124197387695,0.0429233,0.088248506,0.04532520618839264
11740,0.07214300000000007,0.08824894,0.016105938322067193,9.46179,10.0707445,0.6089545144653314,9.31041,10.076222,0.7658124197387703,0.06292330000000002,0.088248506,0.025325206188392624
11741,0.08214299999999997,0.08824894,0.006105938322067295,9.201789999999999,10.0707445,0.868954514465333,9.98041,10.076222,0.09581241973877042,0.09292329999999993,0.088248506,-0.004674793811607292
11765,0.03621500000000011,0.013593375,-0.022621625248491872,7.8683499999999995,7.4481406,-0.4202093788146968,8.407250000000001,6.0589237,-2.3483262786865247,0.11226410000000009,0.03865917,-0.07360492973003396
11773,-0.07377500000000015,0.048287317,0.12206231715679183,10.026040000000002,15.101768,5.0757275399780255,7.631529999999998,14.755336,7.123805807800295,0.030508800000000003,0.14276174,0.11225293710823059
11800,-0.0330410000000001,-0.016185898,0.01685510166621218,7.41066,7.2517676,-0.15889236465454104,10.69454,10.060509,-0.6340312719726562,0.23754930000000007,0.19438626,-0.04316304127864845
11801,-0.008383999999999947,-0.01670299,-0.008318989116311126,6.91039,7.7596865,0.8492964700317387,8.588189999999999,9.285432,0.6972418618774423,0.1426423,0.17362256,0.030980263481330872
11802,-0.038383999999999974,-0.01670299,0.0216810108836889,6.91039,7.7596865,0.8492964700317387,7.9881899999999995,9.285432,1.297241861877442,0.1326423,0.17362256,0.04098026348133088
11803,-0.068384,-0.01670299,0.05168101088368893,6.110389999999999,7.7596865,1.6492964700317394,6.688189999999999,9.285432,2.5972418618774427,0.12364229999999998,0.17362256,0.04998026348133089
11804,-0.028383999999999965,-0.01670299,0.011681010883688892,7.21039,7.7596865,0.549296470031738,9.28819,9.285432,-0.002758138122558762,0.17664230000000003,0.17362256,-0.0030197365186691583
11805,0.01161600000000007,-0.01670299,-0.028318989116311144,8.71039,7.7596865,-0.950703529968262,12.28819,9.285432,-3.0027581381225588,0.2546423000000001,0.17362256,-0.08101973651866923
11981,0.07238699999999998,0.081459686,0.009072686160087606,13.175680000000002,11.400006,-1.7756737057495133,13.54515,12.042803,-1.5023471893310543,0.22845600000000005,0.18705577,-0.041400233417511034
11982,0.08238699999999999,0.081459686,-0.0009273138399124026,14.605680000000001,11.400006,-3.205673705749513,14.20515,12.042803,-2.1623471893310544,0.26545599999999997,0.18705577,-0.07840023341751096
12001,0.03315899999999994,0.13422991,0.10107091335392004,12.967910000000003,13.062478,0.09456806549071928,16.3201,17.920118,1.6000183319091796,0.3273436000000001,0.39024284,0.06289924482002246
12002,0.04315899999999995,0.13422991,0.09107091335392004,13.667910000000003,13.062478,-0.60543193450928,17.5601,17.920118,0.3600183319091812,0.37834360000000006,0.39024284,0.011899244820022525
12032,0.12238699999999991,0.081459686,-0.04092731383991233,11.40568,11.400006,-0.005673705749511981,12.215150000000001,12.042803,-0.17234718933105597,0.17145599999999994,0.18705577,0.015599766582489072
12033,0.1123869999999999,0.081459686,-0.030927313839912318,6.425680000000003,11.400006,4.974326294250485,10.01515,12.042803,2.027652810668945,0.18145599999999995,0.18705577,0.005599766582489063
12054,-0.008027000000000006,0.010913986,0.0189409857813716,11.822220000000002,13.078981,1.2567613995361313,8.515290000000002,9.902129,1.3868391732788066,0.009383700000000106,0.025354633,0.015970933107781304
12055,-0.01693699999999998,-0.02341623,-0.006479230455040952,18.31426,15.626924,-2.6873364389038095,12.347019999999999,10.222782,-2.124237864990233,-0.007008199999999909,-0.008963819,-0.0019556186618686633
12056,-0.062287800000000004,-0.032580066,0.029707733527708058,6.872430000000001,7.284925,0.4124949839782701,4.446389999999999,5.84168,1.395290049896241,0.010692499999999883,0.026962677,0.016270177016854404
12454,0.6049899999999999,0.08031746,-0.5246725399994849,19.72159,11.879668,-7.8419217642211905,19.26508,9.56579,-9.6992898236084,0.42248359999999996,0.06532799,-0.35715561292514797
12455,0.27498999999999996,0.08031746,-0.19467253999948497,17.19159,11.879668,-5.311921764221193,18.19508,9.56579,-8.6292898236084,0.4554836,0.06532799,-0.390155612925148
12499,-0.07901000000000002,0.08031746,0.159327460000515,11.851590000000002,11.879668,0.02807823577880697,8.05508,9.56579,1.5107101763916013,0.030483600000000055,0.06532799,0.034844387074851935
12501,-0.022010000000000085,0.08031746,0.10232746000051507,16.32159,11.879668,-4.441921764221192,11.28508,9.56579,-1.719289823608399,-0.007516399999999979,0.06532799,0.07284438707485197
12639,0.3685139999999999,0.22110246,-0.14741153878116597,14.963110000000002,12.067479,-2.895630866394045,16.182830000000003,13.245798,-2.9370318890380887,0.23898579999999991,0.1817585,-0.05722730681495658
12640,0.3685139999999999,0.22110246,-0.14741153878116597,16.46311,12.067479,-4.395630866394043,15.882830000000002,13.245798,-2.637031889038088,0.23898579999999991,0.1817585,-0.05722730681495658
12641,-0.007784999999999931,0.02317913,0.030964130628704956,10.238349999999997,8.880646,-1.357704248046872,11.387250000000002,8.753414,-2.6338358459472673,0.22226410000000008,0.06922345,-0.15304065136585243
12818,0.14238699999999993,0.044614986,-0.09777201441478722,7.205680000000001,8.1675415,0.961861503906249,12.40515,7.494296,-4.910853926086427,0.273456,0.08322435,-0.19023165127611158
12820,0.006215000000000082,0.015172636,0.008957636136412539,6.488349999999997,8.815395,2.3270453552246124,5.007250000000001,6.416284,1.4090340843200675,0.0122641,0.016717602,0.00445350156750679
12912,0.02049000000000012,-0.011284661,-0.031774660547971845,6.282160000000001,6.492888,0.21072797378539931,6.083500000000001,6.0296326,-0.053867431640625796,0.048228600000000066,0.046511576,-0.0017170244203568163
13148,-0.03778499999999996,0.015172636,0.05295763613641258,12.52835,8.815395,-3.7129546447753903,12.997250000000001,6.416284,-6.580965915679933,0.26726410000000006,0.016717602,-0.25054649843249327
13200,0.33618000000000003,0.3039376,-0.032242386035919224,9.416830000000001,9.945174,0.5283442172241202,12.889339999999999,12.43003,-0.45931013092040907,0.24011690000000002,0.1888225,-0.05129440704288485
13202,0.26217999999999997,0.3039376,0.04175761396408084,8.47683,9.945174,1.4683442172241215,12.17934,12.43003,0.25068986907959,0.1671169,0.1888225,0.02170559295711516
13203,0.3081800000000001,0.3039376,-0.00424238603591931,9.40683,9.945174,0.5383442172241217,12.17934,12.43003,0.25068986907959,0.2071169,0.1888225,-0.01829440704288482
13205,0.2961800000000001,0.3039376,0.007757613964080701,11.99683,9.945174,-2.051655782775878,12.37934,12.43003,0.05068986907959072,0.1451169,0.1888225,0.04370559295711518
13246,-0.04996500000000004,0.04196923,0.09193422853589062,10.0657,11.666468,1.600767666625977,7.368500000000001,9.621732,2.253231758117675,0.046205199999999946,0.11915316,0.07294795687656408
13310,0.08238699999999999,0.14174649,0.059359491193771374,26.56568,17.200308,-9.365372153930664,19.00515,13.977803,-5.027346769714356,0.061455999999999955,0.094406486,0.0329504855575562
13312,0.19238699999999997,0.14174649,-0.05064050880622861,16.77568,17.200308,0.4246278460693347,15.305150000000001,13.977803,-1.3273467697143566,0.18145599999999995,0.094406486,-0.0870495144424438
13411,-0.009613000000000094,0.032999214,0.042612213784933184,9.205680000000001,9.522898,0.3172177203369131,8.50515,7.6893573,-0.8157927192687993,-0.03854400000000002,0.0062372703,0.04478127031052115
13412,0.035386999999999946,0.032999214,-0.002387786215066856,10.205680000000001,9.522898,-0.6827822796630869,7.20515,7.6893573,0.48420728073120145,-0.018544000000000005,0.0062372703,0.02478127031052113
13456,-0.03168099999999985,-0.016143039,0.015537961131095734,13.923570000000002,14.336311,0.4127413403320297,6.96186,8.314686,1.3528258215332034,-0.11187360000000002,-0.0486985,0.0631751002012253
13457,0.003319000000000072,-0.016143039,-0.019462038868904186,14.32357,14.336311,0.012741340332031115,9.35186,8.314686,-1.0371741784667972,-0.0028736000000000317,-0.0486985,-0.04582489979877469
13458,0.0073190000000000754,-0.016143039,-0.02346203886890419,14.11357,14.336311,0.22274134033203197,9.00186,8.314686,-0.6871741784667975,-0.04487359999999996,-0.0486985,-0.0038248997987747613
13460,-0.0836809999999999,-0.016143039,0.06753796113109578,12.563570000000002,14.336311,1.7727413403320291,5.391860000000001,8.314686,2.922825821533202,-0.09387359999999989,-0.0486985,0.04517510020122517
13461,-0.04668099999999997,-0.016143039,0.03053796113109586,13.62357,14.336311,0.7127413403320304,7.251860000000001,8.314686,1.0628258215332025,-0.042873599999999956,-0.0486985,-0.005824899798774763
13464,-0.05568099999999987,-0.016143039,0.039537961131095756,18.60357,14.336311,-4.26725865966797,10.72186,8.314686,-2.4071741784667964,-0.1038735999999999,-0.0486985,0.05517510020122518
13500,-0.07701100000000016,-0.04779025,0.02922074832773225,5.6616,6.4518366,0.7902365859985352,4.678630000000002,5.6877155,1.009085530395506,0.06455220000000006,0.10262697,0.038074771900463045
13506,0.081488,0.06986588,-0.011622117603302007,7.041820000000001,10.519971,3.478150893859862,5.616439999999999,7.872535,2.256095228729249,-0.028692199999999946,-0.0199362,0.00875599976868624
13507,0.11148799999999992,0.06986588,-0.04162211760330192,14.341820000000002,10.519971,-3.8218491061401387,11.216439999999999,7.872535,-3.3439047712707506,-0.0026922000000000335,-0.0199362,-0.017244000231313672
13917,0.0016650000000000276,0.008089223,0.006424222945272895,9.707340000000002,8.134364,-1.572975871887209,16.0613,6.8961673,-9.165132721710204,0.3153228,0.0547371,-0.2605857014849663
13918,-0.03733500000000012,0.008089223,0.04542422294527304,8.006340000000005,8.134364,0.12802412811278785,9.9613,6.8961673,-3.0651327217102047,0.14132280000000008,0.0547371,-0.08658570148496636
13919,-0.04433499999999979,0.008089223,0.052424222945272714,7.1973400000000005,8.134364,0.9370241281127925,4.561299999999999,6.8961673,2.3348672782897957,-0.002677199999999935,0.0547371,0.05741429851503366
14030,-0.0014199999999999768,0.0009880272,0.002408027197308815,11.15417,11.165188,0.01101783569335879,9.649430000000002,9.772977,0.12354687530517339,0.027506600000000048,0.03179745,0.004290850035810423
14038,-0.0014199999999999768,0.0009880272,0.002408027197308815,11.15417,11.165188,0.01101783569335879,9.649430000000002,9.772977,0.12354687530517339,0.027506600000000048,0.03179745,0.004290850035810423
14042,-0.0014199999999999768,0.0009880272,0.002408027197308815,11.15417,11.165188,0.01101783569335879,9.649430000000002,9.772977,0.12354687530517339,0.027506600000000048,0.03179745,0.004290850035810423
14092,0.08162799999999992,0.077110656,-0.004517344394206924,4.74099,5.91346,1.1724697778320312,6.13702,6.7440114,0.6069914021301273,0.049590800000000046,0.07426863,0.02467783163709636
14102,0.271717,0.22644232,-0.04527467786502837,6.360720000000001,7.9895883,1.6288682606506342,14.838899999999999,12.781126,-2.0577739776611317,0.3750052,0.32407263,-0.05093257078666685
14156,0.04011589999999998,0.10976565,0.06964974884185793,4.493789999999997,6.257891,1.7641011781311065,5.065109999999999,5.136768,0.07165786422729603,0.05518109999999998,0.050006334,-0.005174766261434538
14222,0.04642499999999994,0.046618294,0.00019329397082334943,3.9513099999999994,6.748409,2.7970987944030767,4.79749,6.3204412,1.522951246032715,0.052842899999999915,0.0515055,-0.0013374014119147404
14298,-0.04761300000000013,0.028802734,0.07641573386836065,10.855680000000003,9.894965,-0.9607148281860383,5.905150000000001,7.744984,1.8398341499328605,-0.05854400000000004,0.04598258,0.1045265806319714
14299,-0.06761300000000015,0.028802734,0.09641573386836066,7.505680000000002,9.894965,2.389285171813963,2.0051500000000004,7.744984,5.739834149932861,-0.09854400000000008,0.04598258,0.14452658063197144
14842,-0.04365400000000008,-0.012144233,0.03150976689988383,6.4251400000000025,8.478885,2.0537446969604467,5.555130000000002,6.331951,0.77682114135742,0.04789370000000004,0.05545885,0.007565151158618888
14981,0.06538699999999997,0.044614986,-0.020772014414787265,2.295680000000001,8.1675415,5.871861503906249,9.03515,7.494296,-1.5408539260864256,0.24845600000000007,0.08322435,-0.16523165127611167
15048,0.03638699999999995,0.032999214,-0.003387786215066857,9.785680000000003,9.522898,-0.26278227966308876,8.67515,7.6893573,-0.9857927192687992,0.0044559999999999045,0.0062372703,0.0017812703105212213
15049,0.013387000000000038,0.032999214,0.019612213784933052,9.805680000000002,9.522898,-0.28278227966308833,7.135150000000001,7.6893573,0.5542072807312,0.0024559999999999027,0.0062372703,0.003781270310521223
15050,0.03838699999999995,0.032999214,-0.005387786215066859,10.105680000000003,9.522898,-0.582782279663089,8.17515,7.6893573,-0.4857927192687992,0.028456000000000037,0.0062372703,-0.02221872968947891
15051,0.08938699999999988,0.032999214,-0.05638778621506679,9.88568,9.522898,-0.3627822796630866,7.385150000000001,7.6893573,0.30420728073119996,0.00045600000000001195,0.0062372703,0.005781270310521114
15052,0.03138699999999994,0.032999214,0.0016122137849331475,9.81568,9.522898,-0.29278227966308634,7.42515,7.6893573,0.2642072807312008,0.0034560000000000146,0.0062372703,0.002781270310521111
15094,-0.04814300000000005,-0.016751956,0.03139104380536084,8.716320000000003,9.643012,0.9266920468139617,7.351320000000001,8.941484,1.5901644512939441,0.047267599999999965,0.11200411,0.06473650872697834
15096,-0.04814300000000005,-0.016751956,0.03139104380536084,8.316320000000005,9.643012,1.3266920468139602,7.341320000000001,8.941484,1.600164451293944,0.06726759999999998,0.11200411,0.04473650872697832
15097,0.19216200000000005,0.044969432,-0.1471925679440499,19.21571,12.424155,-6.791554764709474,16.382050000000003,9.055512,-7.326537571716312,0.21253600000000006,0.048356522,-0.16417947812533384
15098,-0.007838000000000012,0.044969432,0.052807432055950176,9.115710000000004,12.424155,3.308445235290524,5.082050000000002,9.055512,3.973462428283689,-0.05846399999999996,0.048356522,0.10682052187466617
15105,-0.00583800000000001,0.015011549,0.02084954899597169,8.115710000000004,9.6381645,1.5224545202636683,6.082050000000002,7.1132655,1.031215514373777,0.023536,0.0081465095,-0.015389490471839906
15107,-0.010837999999999903,0.010870815,0.02170881525474777,9.115710000000004,10.356625,1.2409146032714808,6.082050000000002,7.656487,1.5744369880676246,-0.006463999999999914,0.041357413,0.0478214129343032
15108,0.012162000000000006,-0.0043307175,-0.01649271749284864,10.115710000000004,9.080521,-1.035189370117191,7.782050000000002,5.757807,-2.0242432220459,0.03153600000000001,0.0042799804,-0.027256019564032563
15179,-0.008820999999999968,-0.0216014,-0.012780399406790766,3.33315,4.357898,1.024748235321045,3.6633700000000005,4.400796,0.7374259365844722,0.060435600000000034,0.07691636,0.016480759364986386
15180,-0.028820999999999986,-0.0216014,0.007219600593209252,2.6231500000000025,4.357898,1.7347482353210424,2.7833700000000015,4.400796,1.6174259365844712,0.05643560000000014,0.07691636,0.02048075936498628
15182,-0.028820999999999986,-0.0216014,0.007219600593209252,3.1231500000000025,4.357898,1.2347482353210424,3.933370000000002,4.400796,0.46742593658447085,0.08943560000000006,0.07691636,-0.01251924063501364
15183,-0.018820999999999977,-0.0216014,-0.0027803994067907567,5.49315,4.357898,-1.135251764678955,6.133370000000001,4.400796,-1.7325740634155284,0.11743560000000008,0.07691636,-0.040519240635013665
15184,-0.048821,-0.0216014,0.02721960059320927,4.83315,4.357898,-0.4752517646789549,4.403370000000001,4.400796,-0.002574063415528016,0.07743560000000005,0.07691636,-0.0005192406350136292
15185,-0.048821,-0.0216014,0.02721960059320927,4.0131499999999996,4.357898,0.34474823532104537,3.503370000000002,4.400796,0.8974259365844706,0.05743560000000003,0.07691636,0.01948075936498639
15186,-0.048821,-0.0216014,0.02721960059320927,4.81315,4.357898,-0.45525176467895534,4.713370000000001,4.400796,-0.3125740634155285,0.08743560000000006,0.07691636,-0.010519240635013638
15187,-0.048821,-0.0216014,0.02721960059320927,5.2631499999999996,4.357898,-0.9052517646789546,5.2433700000000005,4.400796,-0.8425740634155279,0.09743560000000007,0.07691636,-0.020519240635013647
15189,0.01117900000000005,-0.0216014,-0.03278039940679078,3.9231499999999997,4.357898,0.43474823532104523,5.323370000000001,4.400796,-0.922574063415528,0.10743560000000008,0.07691636,-0.030519240635013656
15190,-0.018820999999999977,-0.0216014,-0.0027803994067907567,4.65315,4.357898,-0.2952517646789552,5.153370000000001,4.400796,-0.752574063415528,0.09743560000000007,0.07691636,-0.020519240635013647
15191,-0.038820999999999994,-0.0216014,0.01721960059320926,4.17315,4.357898,0.18474823532104523,3.423370000000002,4.400796,0.9774259365844706,0.04743560000000002,0.07691636,0.029480759364986397
15194,0.01117900000000005,-0.0216014,-0.03278039940679078,3.9731500000000004,4.357898,0.3847482353210445,5.393370000000001,4.400796,-0.9925740634155282,0.10743560000000008,0.07691636,-0.030519240635013656
15195,-0.008820999999999968,-0.0216014,-0.012780399406790766,3.453150000000001,4.357898,0.9047482353210441,3.813370000000001,4.400796,0.5874259365844718,0.06743560000000004,0.07691636,0.00948075936498638
15196,-0.038820999999999994,-0.0216014,0.01721960059320926,3.393150000000002,4.357898,0.9647482353210428,2.8233700000000006,4.400796,1.577425936584472,0.04743560000000002,0.07691636,0.029480759364986397
15832,0.16282600000000003,0.24905573,0.08622972831630704,16.43832,16.698475,0.2601548840332022,13.98673,15.3115225,1.324792483825684,0.07779709999999995,0.12038347,0.042586371250534105
15833,0.142826,0.24905573,0.10622972831630706,16.338320000000003,16.698475,0.36015488403320006,13.88673,15.3115225,1.4247924838256836,0.09779709999999997,0.12038347,0.022586371250534087
15834,0.252826,0.24905573,-0.0037702716836929273,13.238320000000002,16.698475,3.4601548840332015,13.48673,15.3115225,1.824792483825684,0.09779709999999997,0.12038347,0.022586371250534087
15835,0.31282600000000005,0.24905573,-0.06377027168369298,17.03832,16.698475,-0.3398451159667957,15.38673,15.3115225,-0.07520751617431642,0.08779709999999996,0.12038347,0.032586371250534096
15836,0.30282600000000004,0.24905573,-0.05377027168369297,18.838320000000003,16.698475,-2.1398451159668,16.28673,15.3115225,-0.975207516174315,0.09779709999999997,0.12038347,0.022586371250534087
15837,0.30282600000000004,0.24905573,-0.05377027168369297,20.338320000000003,16.698475,-3.6398451159668,16.88673,15.3115225,-1.5752075161743164,0.09779709999999997,0.12038347,0.022586371250534087
15843,0.21282599999999996,0.24905573,0.03622972831630711,13.63832,16.698475,3.060154884033203,14.18673,15.3115225,1.1247924838256829,0.1477970999999999,0.12038347,-0.027413628749465846
15844,0.262826,0.24905573,-0.013770271683692936,15.13832,16.698475,1.560154884033203,15.78673,15.3115225,-0.4752075161743168,0.17779709999999993,0.12038347,-0.05741362874946587
15845,0.29282600000000003,0.24905573,-0.04377027168369296,18.73832,16.698475,-2.0398451159667985,17.48673,15.3115225,-2.175207516174318,0.23779709999999998,0.12038347,-0.11741362874946593
15846,0.252826,0.24905573,-0.0037702716836929273,18.73832,16.698475,-2.0398451159667985,16.48673,15.3115225,-1.1752075161743178,0.10779709999999998,0.12038347,0.012586371250534079
16106,0.0015540000000000553,0.028818872,0.0272648718259334,8.90036,11.526157,2.6257973791503915,5.6126000000000005,8.049988,2.4373877929687495,-0.037971599999999994,-0.005936742,0.03203485817108154
16107,0.0015540000000000553,0.028818872,0.0272648718259334,11.50036,11.526157,0.025797379150390043,7.6126000000000005,8.049988,0.4373877929687495,-0.037971599999999994,-0.005936742,0.03203485817108154
16109,0.03155400000000008,0.028818872,-0.0027351281740666256,10.600360000000002,11.526157,0.9257973791503886,8.632600000000002,8.049988,-0.5826122070312518,0.019028400000000056,-0.005936742,-0.024965141828918513
16140,-0.007784999999999931,-0.05424634,-0.046461339946985314,6.738349999999997,6.9845114,0.24616137542724914,4.637250000000002,3.841085,-0.7961650428771989,0.002264100000000102,-0.01011459,-0.012378689706063373
16141,-0.007784999999999931,0.012249289,0.020034289080500534,4.788349999999998,9.495708,4.707358465576174,2.3972499999999997,6.3991885,4.00193851852417,-0.03773589999999993,-0.0061832555,0.031552644536161356
16142,0.002215000000000078,0.012249289,0.010034289080500525,5.658349999999999,9.495708,3.837358465576173,4.2272500000000015,6.3991885,2.1719385185241684,0.002264100000000102,-0.0061832555,-0.00844735546383868
16143,0.002215000000000078,0.012249289,0.010034289080500525,4.77835,9.495708,4.717358465576172,3.1472499999999997,6.3991885,3.2519385185241703,-0.007735899999999907,-0.0061832555,0.0015526445361613295
16144,0.002215000000000078,0.012249289,0.010034289080500525,4.77835,9.495708,4.717358465576172,3.1472499999999997,6.3991885,3.2519385185241703,-0.007735899999999907,-0.0061832555,0.0015526445361613295
16145,-0.007784999999999931,0.012249289,0.020034289080500534,4.788349999999998,9.495708,4.707358465576174,2.327250000000003,6.3991885,4.071938518524167,-0.03773589999999993,-0.0061832555,0.031552644536161356
16147,0.002215000000000078,0.012249289,0.010034289080500525,5.18835,9.495708,4.307358465576172,3.05725,6.3991885,3.34193851852417,-0.027735899999999925,-0.0061832555,0.021552644536161347
16148,-0.007784999999999931,0.012249289,0.020034289080500534,4.798349999999999,9.495708,4.697358465576173,2.3472500000000025,6.3991885,4.051938518524167,-0.03773589999999993,-0.0061832555,0.031552644536161356
16346,0.012386999999999926,0.032931585,0.020544584864854887,6.505680000000002,9.160524,2.654844368286131,6.805150000000001,7.83907,1.0339198432922352,0.09145599999999998,0.036501992,-0.05495400750613211
16355,0.022386999999999935,0.2397071,0.21732009741115577,12.505680000000002,15.855352,3.3496724017333968,11.50515,13.850283,2.3451326690673824,0.14145599999999992,0.16701235,0.02555634877109536
16356,0.022386999999999935,0.2397071,0.21732009741115577,12.505680000000002,15.855352,3.3496724017333968,11.50515,13.850283,2.3451326690673824,0.14145599999999992,0.16701235,0.02555634877109536
16357,0.07238699999999998,0.2397071,0.16732009741115572,12.005680000000002,15.855352,3.8496724017333968,11.50515,13.850283,2.3451326690673824,0.14145599999999992,0.16701235,0.02555634877109536
16358,0.3723869999999999,0.2397071,-0.1326799025888442,13.005680000000002,15.855352,2.8496724017333968,15.50515,13.850283,-1.6548673309326176,0.19145599999999996,0.16701235,-0.024443651228904684
16360,0.822387,0.2397071,-0.5826799025888443,29.00568,15.855352,-13.150327598266603,20.50515,13.850283,-6.654867330932618,0.44145599999999996,0.16701235,-0.2744436512289047
16382,-0.057784999999999975,0.015172636,0.0729576361364126,6.388349999999999,8.815395,2.4270453552246103,2.9472500000000004,6.416284,3.469034084320068,-0.027735899999999925,0.016717602,0.044453501567506715
16383,-0.06778499999999998,0.015172636,0.0829576361364126,6.218349999999997,8.815395,2.597045355224612,1.8872500000000016,6.416284,4.529034084320067,-0.05773589999999995,0.016717602,0.07445350156750674
16384,-0.06778499999999998,0.015172636,0.0829576361364126,5.268349999999998,8.815395,3.5470453552246113,0.2872500000000002,6.416284,6.129034084320068,-0.08973589999999998,0.016717602,0.10645350156750677
16399,-0.012589300000000025,-0.030436873,-0.017847573435974096,7.345469999999999,7.827416,0.4819459431457531,6.052990000000001,6.3857436,0.3327536180114734,0.03577780000000008,0.073287226,0.03750942625970832
16400,-0.04258930000000005,-0.030436873,0.012152426564025931,7.205470000000002,7.827416,0.6219459431457501,5.93299,6.3857436,0.4527536180114744,0.0557778000000001,0.073287226,0.017509426259708305
16401,-0.03258930000000004,-0.030436873,0.002152426564025922,6.725470000000001,7.827416,1.1019459431457506,5.722990000000001,6.3857436,0.6627536180114735,0.0557778000000001,0.073287226,0.017509426259708305
16402,-0.08258930000000009,-0.030436873,0.05215242656402597,7.165469999999999,7.827416,0.6619459431457528,5.36299,6.3857436,1.0227536180114747,0.0557778000000001,0.073287226,0.017509426259708305
16403,-0.05125869999999999,0.03704461,0.08830331082816123,6.4666999999999994,9.135491,2.6687913711547857,5.704930000000001,7.7314053,2.02647525817871,0.09579910000000003,0.14693138,0.051132280033493016
16487,0.05927900000000008,0.056898706,-0.002380294338703237,7.8967600000000004,8.831622,0.9348621237182613,11.47757,11.90314,0.42557006805419917,0.26938680000000004,0.20163716,-0.06774963624172214
16540,-0.02723500000000012,-0.009630763,0.017604237028062464,7.75046,7.498194,-0.2522657823181156,7.6053599999999975,8.840719,1.2353592230224635,0.08608870000000002,0.13276303,0.04667432814483641
16541,-0.04823500000000003,-0.009630763,0.03860423702806237,7.4104600000000005,7.498194,0.08773421768188427,6.675359999999998,8.840719,2.165359223022463,0.0660887,0.13276303,0.06667432814483643
16551,0.022386999999999935,0.071330495,0.04894349517869956,11.65568,13.920385,2.264705360717773,8.40515,10.30888,1.903729852294921,-0.05854400000000004,0.044770222,0.10331422215723995
16629,0.11544300000000007,0.085651256,-0.02979174385595329,6.32394,6.564666,0.24072579437255825,9.718829999999999,9.523609,-0.19522083862304562,0.14842279999999997,0.13563272,-0.01279007643012997
16630,0.10144300000000006,0.085651256,-0.015791743855953277,6.123940000000001,6.564666,0.44072579437255754,9.018829999999998,9.523609,0.5047791613769554,0.13842279999999996,0.13563272,-0.002790076430129962
16650,0.05253400000000008,0.05506637,0.002532369473934093,10.846149999999998,11.167269,0.32111875305175985,11.288349999999998,9.614523,-1.6738270660400367,0.16681619999999997,0.026416438,-0.14039976229960915
16654,0.002215000000000078,0.0024000786,0.00018507857792071647,7.958349999999999,10.520215,2.561865034484864,6.397250000000001,9.507996,3.1107456054687486,0.04226410000000003,0.10202019,0.059756089166069004
16755,-0.0176130000000001,0.028802734,0.04641573386836062,8.805680000000002,9.894965,1.0892851718139624,6.405150000000001,7.744984,1.3398341499328605,0.03145599999999993,0.04598258,0.01452658063197143
16756,-0.007613000000000092,-0.00902454,-0.001411539962410835,11.805680000000002,10.445306,-1.3603741757202172,9.805150000000001,7.6111565,-2.1939935363769543,0.09145599999999998,0.029002208,-0.06245379173731802
16761,0.07763999999999993,0.08789718,0.010257181510925362,16.353350000000002,14.295754,-2.05759556732178,16.680770000000003,15.603254,-1.0775156817626979,0.12271939999999992,0.13257606,0.009856663275337296
16762,0.08826400000000001,0.087042086,-0.001221914173603067,8.05084,9.945893,1.8950532876586905,9.480569999999998,10.935365,1.454794723205568,0.12744659999999997,0.12660147,-0.0008451275030135763
16763,0.20370399999999989,0.18805467,-0.015649334076881294,13.32169,13.166305,-0.15538541168212916,14.786100000000001,14.620096,-0.16600379333496207,0.20708840000000006,0.136556,-0.07053240048255927
16861,-0.057613000000000136,0.033506304,0.09111930402565016,8.575680000000002,9.111972,0.5362918551635723,4.995150000000001,7.3718204,2.376670449829101,-0.008543999999999996,0.0448068,0.05335080078268051
16893,-0.057613000000000136,0.023872636,0.08148563625860228,7.2156800000000025,9.797692,2.5820122988891576,2.895150000000001,7.933181,5.038030809020995,-0.04854400000000003,0.052634455,0.10117845526361469
17144,0.06851399999999996,0.039529618,-0.028984382124185526,9.263110000000001,8.440947,-0.8221634210205089,9.882830000000002,8.543203,-1.339626646118166,0.10898579999999991,0.12586343,0.016877632884216398
17145,0.06851399999999996,0.039529618,-0.028984382124185526,9.363110000000002,8.440947,-0.9221634210205103,10.382830000000002,8.543203,-1.839626646118166,0.13898579999999994,0.12586343,-0.013122367115783629
17146,0.10851399999999989,0.039529618,-0.06898438212418545,10.763110000000001,8.440947,-2.322163421020509,11.882830000000002,8.543203,-3.339626646118166,0.16898579999999996,0.12586343,-0.043122367115783655
17147,0.13851399999999991,0.039529618,-0.09898438212418548,12.263110000000001,8.440947,-3.822163421020509,13.582830000000001,8.543203,-5.039626646118165,0.2189857999999999,0.12586343,-0.09312236711578359
17255,0.01638699999999993,0.033506304,0.017119304025650095,8.205680000000001,9.111972,0.9062918551635732,7.10515,7.3718204,0.2666704498291015,0.05345599999999995,0.0448068,-0.008649199217319437
17258,-0.0036130000000000884,0.033506304,0.03711930402565011,7.605680000000003,9.111972,1.5062918551635711,5.50515,7.3718204,1.8666704498291011,0.007455999999999907,0.0448068,0.037350800782680604
17259,0.024386999999999937,0.033506304,0.009119304025650088,18.60568,9.111972,-9.493708144836425,7.805150000000001,7.3718204,-0.4333295501708996,0.06645599999999996,0.0448068,-0.021649199217319448
17716,-0.028828000000000076,-0.03136491,-0.0025369103045462804,7.57076,7.3337936,-0.23696635986328118,4.408440000000002,4.691706,0.2832661805725074,-0.03592989999999996,-0.04976278,-0.013832881709432643
17768,0.02883199999999997,0.06558418,0.036752182739257844,13.28245,13.086463,-0.1959870254516609,14.54456,15.952697,1.408136800231933,0.23287709999999995,0.27441728,0.04154018115081792
17769,0.08244399999999996,0.12440813,0.041964133327961006,22.99146,20.043116,-2.9483443841552734,21.34637,20.74465,-0.6017201129150394,0.22879779999999994,0.2942168,0.06541901165695196
17770,0.14180099999999995,0.12206598,-0.019735016287326768,18.17923,18.118486,-0.06074359558105513,20.27234,19.827581,-0.44475859436035137,0.3519151,0.30421785,-0.04769725479850767
17869,0.332387,0.028802734,-0.30358426613163947,13.755680000000002,9.894965,-3.860714828186037,15.38515,7.744984,-7.640165850067138,0.32545599999999997,0.04598258,-0.2794734193680286
17870,0.20238699999999998,0.028802734,-0.17358426613163946,12.74568,9.894965,-2.8507148281860353,12.97515,7.744984,-5.230165850067138,0.16945599999999994,0.04598258,-0.12347341936802858
17871,0.14238699999999993,0.028802734,-0.11358426613163941,9.235680000000002,9.894965,0.6592851718139627,11.70515,7.744984,-3.9601658500671384,0.19045599999999996,0.04598258,-0.1444734193680286
17872,0.06238699999999997,0.028802734,-0.03358426613163945,8.675680000000003,9.894965,1.2192851718139615,7.09515,7.744984,0.649834149932861,-0.009543999999999997,0.04598258,0.055526580631971356
17873,0.04238699999999995,0.028802734,-0.013584266131639433,8.705680000000001,9.894965,1.1892851718139639,6.555150000000001,7.744984,1.1898341499328602,-0.009543999999999997,0.04598258,0.055526580631971356
17874,0.05238699999999996,0.028802734,-0.023584266131639442,8.095680000000002,9.894965,1.7992851718139633,6.305150000000001,7.744984,1.4398341499328602,-0.009543999999999997,0.04598258,0.055526580631971356
17875,-0.057613000000000136,0.028802734,0.08641573386836066,6.675680000000003,9.894965,3.2192851718139615,3.355150000000002,7.744984,4.3898341499328595,-0.05054400000000003,0.04598258,0.09652658063197139
17886,0.08238699999999999,0.028802734,-0.05358426613163947,6.045680000000001,9.894965,3.849285171813964,8.65515,7.744984,-0.9101658500671395,0.15445599999999993,0.04598258,-0.10847341936802857
17888,-0.0176130000000001,0.028802734,0.04641573386836062,7.945680000000003,9.894965,1.9492851718139619,2.815149999999999,7.744984,4.929834149932862,-0.05454400000000004,0.04598258,0.1005265806319714
17889,-0.03761300000000012,0.028802734,0.06641573386836064,6.935680000000001,9.894965,2.9592851718139634,1.765150000000002,7.744984,5.979834149932859,-0.06854400000000005,0.04598258,0.11452658063197141
17890,-0.057613000000000136,-0.054444376,0.0031686236207486562,5.83568,7.571758,1.7360777934265137,3.4451500000000017,3.8861396,0.4409896312713606,0.006455999999999906,-0.0069165253,-0.013372525308042671
18010,-0.1215885000000001,-0.08266927,0.038919226981163124,4.4962800000000005,5.4862213,0.989941313476562,4.447769999999999,5.8836284,1.4358583683776862,0.2022463,0.22830258,0.02605628309841157
18012,-0.11025920000000011,-0.11707105,-0.006811847425269968,9.80107,9.026997,-0.7740733874511712,9.688480000000002,8.319227,-1.3692527813720723,0.21003019999999994,0.20002578,-0.01000441801090235
18013,-0.07761300000000015,0.044614986,0.12222798558521286,11.005680000000002,8.1675415,-2.8381384960937517,6.70515,7.494296,0.7891460739135745,-0.008543999999999996,0.08322435,0.0917683487238884
18064,0.24319900000000005,0.22560604,-0.017592960833549554,9.202200000000001,9.147258,-0.0549421951293958,11.37851,11.116154,-0.2623562829589847,0.1828033,0.174356,-0.008447301364707949
18065,0.2174060000000001,0.17109331,-0.04631268511390696,19.635419999999996,17.510435,-2.124984895629879,22.652050000000003,20.177536,-2.474513989257815,0.3120335000000001,0.27282634,-0.03920715622520454
18066,0.011300000000000088,0.06973149,0.0584314888238906,5.734930000000002,7.895517,2.1605868724060038,5.584589999999999,8.0838995,2.4993094979858412,0.052723500000000034,0.09784793,0.045124431087017025
18068,-0.00869999999999993,-0.0056367493,0.0030632506765424505,6.784930000000003,6.5433946,-0.2415354344177274,6.51459,7.135075,0.6204850923156737,0.06272350000000004,0.07390513,0.011181632710933642
18069,0.031300000000000106,0.025554266,-0.005745734173059569,7.0949300000000015,7.3964496,0.30151956588744966,7.744589999999999,8.226896,0.48230628601074343,0.08272350000000006,0.096976325,0.014252824915885864
18113,0.09931900000000005,0.028262798,-0.071056202256918,13.32357,11.017196,-2.306374298400879,10.85186,8.902853,-1.9490069879150393,0.014126400000000094,0.031093577,0.01696717692301264
18131,-0.08801000000000014,0.051640432,0.1396504323279859,7.241590000000002,10.23296,2.991369747314451,1.9550800000000024,7.6597996,5.704719575805662,-0.07651640000000004,0.031909,0.10842540012850765
18133,0.09483520000000001,0.06376671,-0.031068489539814004,4.545310000000001,6.2048764,1.6595664228820795,4.38747,5.0924225,0.7049524853515621,0.00031400000000003647,-0.026466051,-0.026780051116585768
18134,0.08993849999999992,0.072496384,-0.017442115617751996,10.15651,9.391274,-0.7652355477905282,8.46425,7.549817,-0.9144329147338865,0.02050989999999997,0.0410618,0.020551899973249466
18136,0.12098799999999998,0.014250608,-0.10673739183890818,8.40156,8.050496,-0.3510638986206054,8.894659999999998,6.787752,-2.1069078485107404,0.08722530000000006,0.05500975,-0.03221555121331221
18166,0.11662500000000009,0.08242113,-0.03420386856794366,14.891109999999998,13.171033,-1.7200770944213843,18.15246,14.418242,-3.734217545471193,0.4045896,0.27418408,-0.13040552202186584
18171,0.013999000000000095,0.014205769,0.00020676870441427297,11.477609999999999,11.637785,0.16017495788574365,10.325389999999999,10.140253,-0.18513693298339717,0.06059910000000002,0.05503142,-0.005567681199646013
18172,0.013999000000000095,0.014205769,0.00020676870441427297,11.677610000000001,11.637785,-0.03982504211425919,10.92539,10.140253,-0.7851369329833986,0.08059909999999992,0.05503142,-0.02556768119964592
18173,-0.02600099999999994,0.014205769,0.04020676870441431,10.87761,11.637785,0.7601749578857415,8.325389999999999,10.140253,1.8148630670166028,0.010599099999999972,0.05503142,0.04443231880035403
18174,0.013999000000000095,0.014205769,0.00020676870441427297,11.27761,11.637785,0.36017495788574294,9.42539,10.140253,0.7148630670166014,0.03059909999999999,0.05503142,0.024432318800354014
18175,0.17600300000000013,0.11308304,-0.0629199577956201,10.59808,6.005319,-4.592760881500244,14.029720000000001,8.364406,-5.665314367980958,0.46269989999999994,0.2442115,-0.218488405077362
18177,0.10600300000000007,0.11308304,0.007080042204379966,2.998079999999998,6.005319,3.007239118499758,6.40972,8.364406,1.9546856320190429,0.1526999,0.2442115,0.09151159492263794
18191,0.07698099999999997,0.079733156,0.0027521556677818637,15.224429999999998,12.491533,-2.732896720581053,12.501209999999999,11.249847,-1.2513625878906236,0.0384814,0.064846806,0.02636540622816086
18233,0.0014879999999999338,-0.008840198,-0.010328197697281771,9.901820000000004,8.658957,-1.2428634722900433,5.716439999999999,5.2549186,-0.4615214247131334,-0.05369219999999997,-0.010833213,0.0428589868942022
18235,0.03148799999999996,-0.008840198,-0.0403281976972818,8.851820000000004,8.658957,-0.19286347229004264,5.616439999999999,5.2549186,-0.36152142471313375,-0.04369219999999996,-0.010833213,0.03285898689420219
18358,0.3223218,0.30645025,-0.01587155223541259,16.41386,16.303886,-0.10997358642578092,16.14024,16.255825,0.11558504272461079,0.15182680000000004,0.1501047,-0.0017220984809875883
18360,0.09738699999999989,0.20396534,0.10657833608436595,16.225680000000004,19.677324,3.451644295043941,13.34515,16.745749,3.4005985198974606,0.08145599999999997,0.2350174,0.153561403960228
18361,0.332387,0.20396534,-0.12842166391563414,20.60568,19.677324,-0.9283557049560542,18.40515,16.745749,-1.659401480102538,0.32145599999999996,0.2350174,-0.086438596039772
18364,0.20238699999999998,0.20396534,0.0015783360843658611,19.70568,19.677324,-0.02835570495605566,17.105150000000002,16.745749,-0.3594014801025409,0.25145599999999996,0.2350174,-0.01643859603977199
18365,0.19238699999999997,0.20396534,0.01157833608436587,19.10568,19.677324,0.5716442950439458,16.50515,16.745749,0.2405985198974605,0.21145599999999998,0.2350174,0.02356140396022799
18366,0.20238699999999998,0.20396534,0.0015783360843658611,20.50568,19.677324,-0.8283557049560564,17.30515,16.745749,-0.5594014801025402,0.25145599999999996,0.2350174,-0.01643859603977199
18367,0.21238699999999988,0.20396534,-0.008421663915634037,22.20568,19.677324,-2.5283557049560557,18.20515,16.745749,-1.4594014801025388,0.281456,0.2350174,-0.04643859603977202
18368,0.18538699999999986,0.20396534,0.018578336084365987,19.06568,19.677324,0.6116442950439449,16.52515,16.745749,0.22059851989746093,0.21045599999999998,0.2350174,0.02456140396022799
18456,0.31199,0.051640432,-0.2603495676720142,15.421590000000002,10.23296,-5.188630252685549,16.08508,7.6597996,-8.425280424194337,0.24348359999999997,0.031909,-0.21157459987149235
18457,0.05198999999999998,0.051640432,-0.0003495676720142171,10.721590000000003,10.23296,-0.4886302526855495,8.085080000000001,7.6597996,-0.4252804241943373,-0.006516399999999978,0.031909,0.03842540012850759
18458,0.30199,0.051640432,-0.2503495676720142,20.921590000000002,10.23296,-10.688630252685549,17.98508,7.6597996,-10.325280424194336,0.2534836,0.031909,-0.22157459987149236
18459,0.13198999999999994,0.051640432,-0.08034956767201418,15.521590000000002,10.23296,-5.288630252685548,12.48508,7.6597996,-4.825280424194336,0.10348360000000001,0.031909,-0.0715745998714924
18548,-0.04830000000000001,-0.020908728,0.02739127175807954,9.92342,8.271179,-1.6522408007812501,3.321159999999999,6.771695,3.450535137023927,0.08136260000000006,0.11440196,0.03303935888280862
18591,0.032215000000000105,0.053370114,0.021155114415883913,6.708349999999999,8.10905,1.400699797058106,4.807250000000002,5.76551,0.9582600822448715,-0.01973590000000003,-0.026707523,-0.006971622571086855
18593,-0.007784999999999931,0.053370114,0.06115511441588395,7.038349999999998,8.10905,1.0706997970581078,3.707250000000002,5.76551,2.058260082244871,-0.049735899999999944,-0.026707523,0.02302837742891306
18897,0.16680000000000006,0.16226338,-0.004536621499061644,11.438210000000002,11.516775,0.0785651312255844,12.883309999999998,12.52776,-0.3555504479980449,0.1945831,0.17139503,-0.023188066402053842
18972,0.045600000000000085,0.024410162,-0.021189837878942575,11.082550000000001,11.426468,0.34391789550781127,12.354080000000002,11.843526,-0.510554113464357,0.12870480000000006,0.11257133,-0.016133471121597354
18973,0.04060000000000008,0.024410162,-0.01618983787894257,10.062550000000002,11.426468,1.3639178955078108,11.31408,11.843526,0.529445886535644,0.11470479999999994,0.11257133,-0.00213347112159723
18974,0.03160000000000007,0.024410162,-0.007189837878942562,9.832550000000001,11.426468,1.5939178955078113,10.074080000000002,11.843526,1.7694458865356424,0.07070480000000001,0.11257133,0.0418665288784027
18975,0.035600000000000076,0.024410162,-0.011189837878942566,9.992550000000001,11.426468,1.4339178955078111,10.404080000000002,11.843526,1.4394458865356423,0.07770479999999991,0.11257133,0.0348665288784028
19092,0.022386999999999935,-0.007723779,-0.030110778951913053,13.715680000000003,12.881299,-0.8343809811401393,11.305150000000001,10.2543955,-1.0507545150756847,0.09145599999999998,0.081972785,-0.009483214705944043
19093,-0.06261300000000003,-0.007723779,0.05488922104808691,13.445680000000001,12.881299,-0.5643809811401379,9.70515,10.2543955,0.5492454849243167,0.051455999999999946,0.081972785,0.030516785294055992
19094,-0.04161300000000012,-0.007723779,0.033889221048087004,13.305680000000002,12.881299,-0.4243809811401391,9.70515,10.2543955,0.5492454849243167,0.051455999999999946,0.081972785,0.030516785294055992
19198,0.011009000000000047,-0.010493445,-0.02150244521015887,7.177890000000001,6.8384256,-0.33946436370849753,7.068549999999998,6.4550076,-0.6135424468994124,0.08476320000000004,0.039447717,-0.045315482631397286
19202,-0.003775000000000084,0.016523,0.02029799985289582,16.696040000000004,12.819632,-3.8764084234619176,16.12153,12.976186,-3.1453442013549804,0.1615088,0.14511295,-0.016395853370475777
19244,-0.03878499999999985,0.015147611,0.053932610567509975,7.8783499999999975,7.2956457,-0.5827042861938452,4.807250000000002,5.1280146,0.3207645645141586,-0.011735900000000021,0.020520633,0.03225653308656218
19291,-0.07923600000000008,-0.034707315,0.04452868473386773,2.3797200000000025,2.807028,0.42730805519103754,-0.20638999999999896,1.1221627,1.3285526996994008,-0.030698899999999973,0.01409197,0.044790870399022076
19342,0.006939600000000046,-0.04691887,-0.05385846901855473,11.826110000000002,11.24441,-0.5817004388427751,12.053180000000001,9.784184,-2.268995544128419,0.39010999999999996,0.24772619,-0.14238381289005275
19344,-0.11306040000000006,-0.04691887,0.06614153098144537,10.526110000000001,11.24441,0.7182995611572256,7.85318,9.784184,1.931004455871582,0.12010999999999994,0.24772619,0.12761618710994727
19346,0.021525999999999934,-0.045817412,-0.06734341243600839,13.160549999999999,10.870491,-2.2900589721679676,13.2034,9.311521,-3.8918794235229495,0.3717889,0.18386719,-0.18792171369209287
19348,-0.06847400000000015,-0.045817412,0.022656587563991692,10.260549999999999,10.870491,0.6099410278320327,7.7034,9.311521,1.6081205764770505,0.11178889999999997,0.18386719,0.07207828630790714
19349,-0.08847400000000016,-0.045817412,0.04265658756399171,9.56055,10.870491,1.309941027832032,6.9033999999999995,9.311521,2.4081205764770512,0.08178890000000005,0.18386719,0.10207828630790705
19455,-0.04820599999999997,-0.043547038,0.004658962011098833,15.4158,10.456398,-4.959401989746095,12.249519999999999,8.307732,-3.94178837158203,0.013294299999999981,0.04980706,0.03651276050992014
19456,-0.05820599999999998,-0.043547038,0.014658962011098842,7.6158,10.456398,2.840598010253906,6.049519999999998,8.307732,2.258211628417971,0.0342943,0.04980706,0.01551276050992012
19467,-0.03778499999999996,0.012249289,0.05003428908050056,7.8683499999999995,9.495708,1.6273584655761724,4.847250000000001,6.3991885,1.5519385185241692,-0.007735899999999907,-0.0061832555,0.0015526445361613295
19468,-0.07778499999999999,0.012249289,0.0900342890805006,7.678349999999998,9.495708,1.8173584655761736,2.247250000000001,6.3991885,4.151938518524169,-0.08773589999999998,-0.0061832555,0.0815526445361614
19551,0.00021500000000007624,0.013593375,0.01337837475150816,7.178349999999998,7.4481406,0.2697906211853045,4.8572500000000005,6.0589237,1.201673721313476,-0.00973590000000002,0.03865917,0.048395070269966145
19552,-0.007784999999999931,0.013593375,0.021378374751508167,7.538349999999998,7.4481406,-0.09020937881469493,5.207250000000002,6.0589237,0.8516737213134746,0.002264100000000102,0.03865917,0.03639507026996602
19592,0.10985100000000003,0.021724733,-0.08812626740729812,12.987359999999999,11.940987,-1.0463733666992177,16.128130000000002,13.0733595,-3.0547705105590843,0.1979033,0.1305288,-0.06737450726108551
19594,0.019851000000000063,0.021724733,0.0018737325927018489,12.637360000000001,11.940987,-0.6963733666992198,13.728130000000002,13.0733595,-0.654770510559084,0.14690329999999996,0.1305288,-0.01637450726108547
19595,-0.010148999999999964,0.021724733,0.031873732592701876,11.62736,11.940987,0.3136266333007818,11.11813,13.0733595,1.9552294894409172,0.0799032999999999,0.1305288,0.05062549273891459
19616,-0.008010000000000073,0.055199526,0.06320952625036247,7.221590000000003,9.942463,2.7208729211425755,3.7850800000000007,7.346021,3.560941175384521,-0.05451640000000002,0.00036915022,0.05488555022064934
19617,-0.008010000000000073,0.055199526,0.06320952625036247,4.121590000000001,9.942463,5.820872921142577,1.0850800000000014,7.346021,6.26094117538452,-0.06551640000000003,0.00036915022,0.06588555022064935
19820,-0.007784999999999931,0.015172636,0.02295763613641255,9.558349999999997,8.815395,-0.7429546447753879,6.507250000000001,6.416284,-0.09096591567993251,-0.007735899999999907,0.016717602,0.024453501567506697
19827,0.3305867,0.16808279,-0.1625039114133835,16.26598,15.611912,-0.6540682263183584,17.0024,15.845012,-1.157388288879396,0.4321154,0.37259394,-0.059521460695648176
19829,0.04058670000000009,0.16808279,0.12749608858661643,14.465979999999998,15.611912,1.1459317736816423,14.6024,15.845012,1.242611711120606,0.3321154,0.37259394,0.0404785393043518
19830,0.26058670000000006,0.16808279,-0.09250391141338354,15.865979999999999,15.611912,-0.254068226318358,16.5024,15.845012,-0.657388288879396,0.4021154,0.37259394,-0.029521460695648205
19831,0.02058670000000007,0.16808279,0.14749608858661645,14.165979999999998,15.611912,1.445931773681643,14.5024,15.845012,1.3426117111206057,0.3421154,0.37259394,0.030478539304351793
19832,0.12058670000000005,0.16808279,0.04749608858661647,15.165979999999998,15.611912,0.44593177368164305,15.1024,15.845012,0.7426117111206061,0.3221154,0.37259394,0.05047853930435181
19833,0.18244399999999994,0.12440813,-0.05803586667203897,18.99146,20.043116,1.0516556158447266,20.746370000000002,20.74465,-0.001720112915041483,0.2987978,0.2942168,-0.004580988343048098
19834,0.1324439999999999,0.12440813,-0.008035866672038927,19.99146,20.043116,0.051655615844726555,21.14637,20.74465,-0.40172011291504006,0.3187978,0.2942168,-0.024580988343048116
19835,0.02883199999999997,0.06558418,0.036752182739257844,13.28245,13.086463,-0.1959870254516609,14.54456,15.952697,1.408136800231933,0.23287709999999995,0.27441728,0.04154018115081792
19837,0.12883199999999995,0.06558418,-0.06324781726074213,13.68245,13.086463,-0.5959870254516595,18.74456,15.952697,-2.7918631997680663,0.3528771,0.27441728,-0.07845981884918213
19839,0.1324439999999999,0.12440813,-0.008035866672038927,20.891460000000002,20.043116,-0.8483443841552756,21.64637,20.74465,-0.9017201129150401,0.3287978,0.2942168,-0.03458098834304807
19841,0.16180099999999997,0.12206598,-0.039735016287326785,19.37923,18.118486,-1.2607435955810544,20.572339999999997,19.827581,-0.7447585943603485,0.3219151,0.30421785,-0.0176972547985077
19843,0.027392000000000083,0.056729082,0.029337082018136895,11.94256,12.561932,0.6193716101074216,13.118670000000002,15.560355,2.4416851864624007,0.16386619999999996,0.27028993,0.1064237277210236
19844,0.06739200000000012,0.056729082,-0.01066291798186314,11.742560000000001,12.561932,0.8193716101074209,17.61867,15.560355,-2.0583148135375993,0.3838662,0.27028993,-0.11357627227897643
19858,0.03698999999999997,0.046971742,0.00998174206376079,14.081590000000002,12.1027,-1.9788897665405294,11.665080000000001,10.401421,-1.2636594067382827,0.0914836,0.072792225,-0.01869137541399002
19861,0.13698999999999995,0.046971742,-0.09001825793623919,14.06159,12.1027,-1.958889766540528,13.27508,10.401421,-2.873659406738282,0.14648359999999994,0.072792225,-0.07369137541398996
19914,0.274602,0.14663047,-0.12797153401565553,12.0003,10.78214,-1.2181602218627923,16.577130000000004,14.23914,-2.3379904431152383,0.21550750000000007,0.21347503,-0.0020324663591385628
19915,0.38466199999999995,0.21709678,-0.16756522422981257,13.29973,13.641009,0.34127933074951144,18.62511,16.475142,-2.1499684747314447,0.21319050000000006,0.22187635,0.00868585302543634
19916,0.10460199999999997,0.14663047,0.04202846598434451,11.860299999999999,10.78214,-1.0781602218627917,13.547130000000001,14.23914,0.6920095568847646,0.16550750000000003,0.21347503,0.04796753364086148
19917,0.05460200000000004,0.14663047,0.09202846598434444,10.770299999999999,10.78214,0.011839778137208157,12.997130000000002,14.23914,1.2420095568847636,0.19550750000000006,0.21347503,0.017967533640861455
19918,0.20460200000000006,0.14663047,-0.05797153401565558,11.9603,10.78214,-1.1781602218627931,16.75713,14.23914,-2.5179904431152345,0.2755075,0.21347503,-0.062032466359138505
19919,0.19460200000000005,0.14663047,-0.04797153401565557,11.8403,10.78214,-1.0581602218627921,17.12713,14.23914,-2.8879904431152355,0.31550750000000005,0.21347503,-0.10203246635913854
19920,0.05460200000000004,0.14663047,0.09202846598434444,8.200299999999999,10.78214,2.5818397781372084,10.39713,14.23914,3.842009556884765,0.21950749999999997,0.21347503,-0.006032466359138455
19921,0.039602000000000026,0.14663047,0.10702846598434446,7.970300000000002,10.78214,2.8118397781372053,10.05713,14.23914,4.182009556884765,0.1435075,0.21347503,0.0699675336408615
19928,0.07221500000000014,0.053379945,-0.01883505454301848,8.478349999999999,7.8494434,-0.6289065643310536,8.51725,7.4715066,-1.0457434043884284,0.09126410000000007,0.07211003,-0.019154072925186227
19929,0.022215000000000096,0.053379945,0.031164945456981563,7.27835,7.8494434,0.5710934356689457,6.957250000000002,7.4715066,0.5142565956115703,0.07026410000000005,0.07211003,0.0018459270748137913
20127,6.000000000017103e-05,-0.008276725,-0.008336725187897853,8.103659999999998,7.5473127,-0.5563472634887674,7.350839999999998,8.042838,0.6919980966186543,0.05278970000000005,0.12018061,0.06739090684204097
20129,-0.009939999999999838,-0.008276725,0.0016632748121021557,7.59366,7.5473127,-0.046347263488769386,7.890839999999999,8.042838,0.15199809661865338,0.11278969999999999,0.12018061,0.007390906842041023
20131,-0.018939999999999957,-0.008276725,0.010663274812102275,7.813659999999999,7.5473127,-0.26634726348876825,8.20084,8.042838,-0.15800190338134712,0.1227897,0.12018061,-0.002609093157958986
20132,0.049868000000000134,0.02796323,-0.021904769613623754,11.199940000000002,10.633409,-0.5665314535522477,12.994439999999999,11.564514,-1.429925839843749,0.17442990000000003,0.15137978,-0.023050121018791225
20133,0.001060000000000061,-0.008276725,-0.009336725187897743,8.29366,7.5473127,-0.7463472634887687,8.62084,8.042838,-0.578001903381347,0.1227897,0.12018061,-0.002609093157958986
20134,-0.01193999999999984,-0.008276725,0.0036632748121021574,8.173659999999998,7.5473127,-0.6263472634887677,7.640839999999999,8.042838,0.4019980966186534,0.07278970000000007,0.12018061,0.04739090684204095
20137,0.0040600000000000636,-0.008276725,-0.012336725187897746,8.32366,7.5473127,-0.7763472634887698,9.62084,8.042838,-1.578001903381347,0.16278970000000004,0.12018061,-0.04260909315795902
20347,-0.03920199999999996,-0.01437884,0.0248231598962545,7.93967,8.817043,0.8773733044433598,7.769459999999999,8.139375,0.3699147329711927,0.07593260000000002,0.09758177,0.021649166545772536
20348,-0.03920199999999996,-0.01437884,0.0248231598962545,7.93967,8.817043,0.8773733044433598,8.06946,8.139375,0.069914732971192,0.08793260000000003,0.09758177,0.009649166545772525
20371,0.081488,-0.013243758,-0.09473175811964274,11.241820000000004,8.00714,-3.2346798403930705,15.116439999999999,4.912548,-10.203891934814452,0.39630780000000004,0.0052412273,-0.39106657266377215
20448,0.002215000000000078,0.015172636,0.012957636136412543,8.43835,8.815395,0.3770453552246096,6.907250000000001,6.416284,-0.49096591567993286,0.03226410000000002,0.016717602,-0.015546498432493228
20449,-0.03778499999999996,0.015172636,0.05295763613641258,7.638349999999999,8.815395,1.1770453552246103,5.1072500000000005,6.416284,1.3090340843200678,0.0122641,0.016717602,0.00445350156750679
20456,-0.05698500000000006,-0.051118977,0.005866022632122103,5.447780000000002,6.828973,1.3811928164672835,3.874769999999998,3.605138,-0.2696319365692119,0.023006299999999924,0.027221393,0.004215092840147094
20459,-0.07121500000000003,-0.050982773,0.020232226696014433,3.3977000000000004,4.509848,1.1121481178283688,0.01576999999999984,1.9382691,1.9224991383361818,-0.0007619000000000931,0.012129591,0.012891490846598241
20460,-0.07721500000000003,-0.050982773,0.026232226696014438,2.8176999999999985,4.509848,1.6921481178283706,-0.38422999999999874,1.9382691,2.3224991383361804,-0.03076190000000001,0.012129591,0.04289149084659816
20461,-0.039215,-0.050982773,-0.011767773303985596,3.457699999999999,4.509848,1.05214811782837,0.4757700000000007,1.9382691,1.462499138336181,0.004238099999999911,0.012129591,0.007891490846598237
20462,-0.035214999999999996,-0.050982773,-0.0157677733039856,4.6777000000000015,4.509848,-0.16785188217163238,1.0057699999999983,1.9382691,0.9324991383361834,0.03823810000000005,0.012129591,-0.026108509153401904
20464,-0.05321500000000001,-0.050982773,0.0022322266960144166,5.447700000000001,4.509848,-0.937851882171632,3.4957700000000003,1.9382691,-1.5575008616638186,0.01423809999999992,0.012129591,-0.002108509153401772
20466,-0.06721500000000002,-0.050982773,0.01623222669601443,4.517700000000001,4.509848,-0.00785188217163224,2.2457700000000003,1.9382691,-0.3075008616638186,-0.0007619000000000931,0.012129591,0.012891490846598241
20467,-0.07121500000000003,-0.050982773,0.020232226696014433,3.3977000000000004,4.509848,1.1121481178283688,1.4057700000000004,1.9382691,0.5324991383361812,-0.0007619000000000931,0.012129591,0.012891490846598241
20468,-0.07721500000000003,-0.050982773,0.026232226696014438,2.8176999999999985,4.509848,1.6921481178283706,0.11577000000000126,1.9382691,1.8224991383361804,-0.03076190000000001,0.012129591,0.04289149084659816
20469,-0.039215,-0.050982773,-0.011767773303985596,3.457699999999999,4.509848,1.05214811782837,1.9657699999999991,1.9382691,-0.02750086166381749,0.004238099999999911,0.012129591,0.007891490846598237
20470,-0.035214999999999996,-0.050982773,-0.0157677733039856,4.6777000000000015,4.509848,-0.16785188217163238,3.6557700000000004,1.9382691,-1.7175008616638188,0.03823810000000005,0.012129591,-0.026108509153401904
20471,-0.01821499999999987,-0.050982773,-0.032767773303985726,5.367699999999999,4.509848,-0.8578518821716301,5.17577,1.9382691,-3.2375008616638183,0.07523809999999997,0.012129591,-0.06310850915340183
20473,-0.05321500000000001,-0.050982773,0.0022322266960144166,4.357700000000001,4.509848,0.1521481178283679,1.3657700000000013,1.9382691,0.5724991383361804,0.05023809999999995,0.012129591,-0.038108509153401804
20474,-0.058214999999999906,-0.050982773,0.00723222669601431,4.457699999999999,4.509848,0.05214811782837003,2.135769999999999,1.9382691,-0.19750086166381742,0.010238099999999917,0.012129591,0.0018914908465982316
20475,-0.057215000000000016,-0.050982773,0.00623222669601442,4.9277000000000015,4.509848,-0.4178518821716324,1.7157699999999991,1.9382691,0.2224991383361825,0.011238100000000029,0.012129591,0.0008914908465981197
20477,-0.0542149999999999,-0.050982773,0.0032322266960143065,4.747700000000002,4.509848,-0.23785188217163267,1.1457699999999988,1.9382691,0.7924991383361828,-0.0007619000000000931,0.012129591,0.012891490846598241
20478,-0.057215000000000016,-0.050982773,0.00623222669601442,4.637699999999999,4.509848,-0.12785188217162968,1.555769999999999,1.9382691,0.38249913833618265,0.01323810000000003,0.012129591,-0.001108509153401882
20479,-0.05321500000000001,-0.050982773,0.0022322266960144166,4.7377,4.509848,-0.2278518821716311,2.1957699999999996,1.9382691,-0.2575008616638179,0.006238100000000024,0.012129591,0.005891490846598124
20480,-0.058214999999999906,-0.050982773,0.00723222669601431,4.9177,4.509848,-0.4078518821716308,1.6957699999999996,1.9382691,0.24249913833618209,-0.002761900000000095,0.012129591,0.014891490846598243
20481,-0.057215000000000016,-0.050982773,0.00623222669601442,4.6677,4.509848,-0.15785188217163082,1.7957699999999992,1.9382691,0.14249913833618244,0.00023809999999990783,0.012129591,0.01189149084659824
20482,-0.05321500000000001,-0.050982773,0.0022322266960144166,4.997700000000002,4.509848,-0.48785188217163267,2.41577,1.9382691,-0.47750086166381855,0.010238099999999917,0.012129591,0.0018914908465982316
20483,-0.05121500000000001,-0.050982773,0.0002322266960144148,5.247700000000002,4.509848,-0.7378518821716327,2.26577,1.9382691,-0.3275008616638182,-0.0037618999999999847,0.012129591,0.015891490846598133
20485,-0.057215000000000016,-0.050982773,0.00623222669601442,5.1777000000000015,4.509848,-0.6678518821716324,1.8257700000000003,1.9382691,0.1124991383361813,0.0012381000000000197,0.012129591,0.010891490846598129
20506,-0.00828300000000004,-0.0011476474,0.007135352611720602,8.960720000000002,9.593225,0.6325045254516581,5.5389,6.7737722,1.2348722396850587,-0.0449948,0.0055770297,0.050571829660344125
20507,0.07171700000000003,-0.0011476474,-0.07286464738827947,8.960720000000002,9.593225,0.6325045254516581,8.0389,6.7737722,-1.2651277603149413,0.04500519999999997,0.0055770297,-0.039428170339655844
20508,0.0017169999999999686,-0.0011476474,-0.0028646473882794066,9.660720000000001,9.593225,-0.06749547454834115,6.6389,6.7737722,0.13487223968505901,-0.004994799999999966,0.0055770297,0.01057182966034409
20511,-0.00828300000000004,-0.0011476474,0.007135352611720602,8.76072,9.593225,0.832504525451661,5.4389,6.7737722,1.3348722396850583,-0.024994799999999984,0.0055770297,0.030571829660344108
20512,-0.03828300000000007,-0.0011476474,0.03713535261172063,8.160720000000001,9.593225,1.4325045254516588,4.738899999999999,6.7737722,2.0348722396850594,-0.014994799999999975,0.0055770297,0.0205718296603441
20513,-0.00828300000000004,-0.0011476474,0.007135352611720602,10.160720000000001,9.593225,-0.5674954745483412,7.1389,6.7737722,-0.365127760314941,0.005005200000000043,0.0055770297,0.0005718296603440809
20514,-0.01828300000000005,-0.0011476474,0.01713535261172061,10.460720000000002,9.593225,-0.8674954745483419,6.738899999999999,6.7737722,0.03487223968505937,-0.014994799999999975,0.0055770297,0.0205718296603441
20515,-0.01828300000000005,-0.0011476474,0.01713535261172061,10.960720000000002,9.593225,-1.3674954745483419,7.338899999999999,6.7737722,-0.5651277603149403,-0.004994799999999966,0.0055770297,0.01057182966034409
20516,-0.01828300000000005,-0.0011476474,0.01713535261172061,9.86072,9.593225,-0.26749547454834044,6.6389,6.7737722,0.13487223968505901,-0.004994799999999966,0.0055770297,0.01057182966034409
20726,-0.09030999999999989,-0.04361303,0.0466969684934615,6.975769999999997,7.7476096,0.7718396153259306,2.147680000000001,4.8733673,2.7256873095703114,-0.05907969999999996,0.020200547,0.07928024683089252
20730,-0.09030999999999989,-0.04361303,0.0466969684934615,8.275769999999998,7.7476096,-0.5281603846740701,3.1676800000000007,4.8733673,1.7056873095703118,-0.06207969999999985,0.020200547,0.08228024683089241
20787,0.07238699999999998,0.028802734,-0.04358426613163946,9.805680000000002,9.894965,0.08928517181396245,8.70515,7.744984,-0.9601658500671384,0.04145599999999994,0.04598258,0.004526580631971422
20797,0.16537299999999988,0.15437058,-0.01100242385673511,15.113229999999998,14.582729,-0.5305006604003886,16.23133,15.741308,-0.4900217877197264,0.1098519,0.11530447,0.005452570062255857
20828,0.06369200000000008,0.15030132,0.08660932234096519,8.862210000000001,10.336184,1.4739735479736318,8.45159,10.712375,2.2607846871948247,0.06840489999999999,0.11446612,0.0460612232829094
20830,0.100692,0.15030132,0.04960932234096527,9.362210000000001,10.336184,0.9739735479736318,10.251589999999998,10.712375,0.4607846871948258,0.12840490000000004,0.11446612,-0.01393877671709065
20831,0.3036920000000001,0.15030132,-0.1533906776590348,13.362210000000001,10.336184,-3.026026452026368,14.55159,10.712375,-3.839215312805175,0.16840489999999997,0.11446612,-0.053938776717090575
20850,0.045135999999999954,0.03347495,-0.011661051742792083,12.838170000000002,12.53435,-0.3038196047973649,14.01048,13.942636,-0.06784446380615172,0.1413118000000001,0.14106011,-0.0002516860931397469
20870,-0.07888399999999995,-0.075129725,0.0037542749609946746,4.708970000000001,5.848195,1.1392250759887688,0.7002500000000005,2.1389115,1.4386614856719966,-0.06649400000000005,-0.017707491,0.048786508706450515
20873,-0.07888399999999995,-0.075129725,0.0037542749609946746,5.288969999999999,5.848195,0.5592250759887705,1.2902500000000003,2.1389115,0.8486614856719967,-0.04849400000000004,-0.017707491,0.0307865087064505
20874,-0.07788400000000006,-0.075129725,0.0027542749609947847,5.67897,5.848195,0.1692250759887699,2.000250000000001,2.1389115,0.13866148567199588,-0.032494000000000134,-0.017707491,0.014786508706450596
20889,0.04969000000000012,-0.001892826,-0.051582826054245356,9.67577,9.001065,-0.6747047457885742,7.987680000000001,5.8667264,-2.1209536015319834,0.021920300000000004,-0.0121325385,-0.03405283848254681
20890,-0.050309999999999855,-0.001892826,0.04841717394575462,8.555769999999999,9.001065,0.4452952542114268,4.127680000000002,5.8667264,1.739046398468016,-0.058079699999999956,-0.0121325385,0.04594716151745315
20891,-0.015309999999999935,-0.001892826,0.013417173945754701,8.10577,9.001065,0.8952952542114261,5.087680000000001,5.8667264,0.7790463984680169,-0.022079699999999924,-0.0121325385,0.009947161517453118
20910,0.021373000000000086,0.02454278,0.003169780593037519,5.603180000000002,6.610565,1.0073851855468732,6.535700000000002,8.516266,1.980565869140623,0.040985200000000055,0.110894054,0.06990885417442316
20911,0.05137300000000011,0.02454278,-0.026830219406962508,7.18318,6.610565,-0.5726148144531251,9.6857,8.516266,-1.1694341308593756,0.15098520000000004,0.110894054,-0.040091145825576824
20935,-0.006610000000000005,-0.008233844,-0.001623844302594657,4.164940000000001,5.7463927,1.581452726898192,4.508869999999998,6.0958676,1.586997633819582,0.06232340000000003,0.06880615,0.006482749065494509
21027,0.10821500000000006,0.013593375,-0.09462162524849183,7.068349999999999,7.4481406,0.37979062118530393,8.137250000000002,6.0589237,-2.078326278686525,0.07226410000000005,0.03865917,-0.03360492973003393
21029,0.012215000000000087,0.013593375,0.001378374751508149,7.038349999999998,7.4481406,0.40979062118530507,4.3472500000000025,6.0589237,1.711673721313474,-0.03773589999999993,0.03865917,0.07639507026996606
21060,-0.0176130000000001,0.071330495,0.0889434951786996,10.325680000000002,13.920385,3.5947053607177715,6.67515,10.30888,3.6337298522949215,-0.021544000000000008,0.044770222,0.06631422215723992
21157,-0.028512000000000093,0.13763084,0.16614283517551431,9.241820000000004,9.765237,0.5234168545532185,5.296439999999999,9.682416,4.38597596221924,-0.04369219999999996,0.046626292,0.09031849216909404
21167,-0.08869900000000008,-0.030450106,0.058248894332885826,5.276620000000001,7.4036427,2.127022654418944,2.726200000000002,6.2983217,3.572121723937986,0.016723800000000066,0.0696557,0.05293190151805871
21168,-0.06869900000000007,-0.030450106,0.03824889433288581,8.006620000000002,7.4036427,-0.6029773455810563,5.966200000000002,6.2983217,0.3321217239379859,0.059723799999999994,0.0696557,0.009931901518058783
21191,0.0025340000000000362,0.009070701,0.006536700965821707,7.186149999999998,8.75131,1.5651603485107444,5.388349999999999,6.5802445,1.1918945411682138,-0.06918380000000002,0.00813584,0.07731964029674532
21192,0.14238699999999993,0.033506304,-0.1088806959743499,11.40568,9.111972,-2.293708144836426,12.20515,7.3718204,-4.833329550170898,0.15145599999999992,0.0448068,-0.10664919921731941
21193,0.13238699999999992,0.033506304,-0.0988806959743499,10.605680000000003,9.111972,-1.4937081448364289,10.50515,7.3718204,-3.133329550170899,0.08145599999999997,0.0448068,-0.03664919921731946
21214,0.012386999999999926,0.033506304,0.0211193040256501,6.90568,9.111972,2.206291855163574,5.95515,7.3718204,1.4166704498291018,0.03145599999999993,0.0448068,0.013350800782680583
21316,-0.06251200000000012,-0.008840198,0.053671802302718286,7.111820000000002,8.658957,1.5471365277099594,2.8464399999999976,5.2549186,2.4084785752868676,-0.05669219999999997,-0.010833213,0.0458589868942022
21319,-0.07951200000000003,-0.008840198,0.07067180230271819,6.821820000000002,8.658957,1.8371365277099585,1.81644,5.2549186,3.438478575286865,-0.07869219999999999,-0.010833213,0.06785898689420222
21320,-0.07651200000000014,-0.008840198,0.0676718023027183,6.261820000000004,8.658957,2.397136527709957,1.686440000000001,5.2549186,3.568478575286864,-0.06669219999999998,-0.010833213,0.05585898689420221
21321,-0.07251200000000013,-0.008840198,0.0636718023027183,6.391820000000003,8.658957,2.267136527709958,1.7564399999999978,5.2549186,3.4984785752868675,-0.07069219999999998,-0.010833213,0.059858986894202215
21322,-0.07651200000000014,-0.008840198,0.0676718023027183,7.181820000000002,8.658957,1.477136527709959,2.1264399999999988,5.2549186,3.1284785752868665,-0.08069219999999999,-0.010833213,0.06985898689420222
21345,-0.031843000000000066,-0.061419904,-0.02957690423202508,1.7864700000000013,4.6460013,2.859531338958739,2.054759999999998,4.098779,2.04401920150757,0.056093200000000065,0.065201655,0.009108455030250484
21347,-0.09184300000000012,-0.061419904,0.030423095767974973,6.886469999999999,4.6460013,-2.240468661041259,5.48476,4.098779,-1.3859807984924313,0.06809320000000008,0.065201655,-0.0028915449697495266
21348,-0.0718430000000001,-0.061419904,0.010423095767974955,4.766470000000002,4.6460013,-0.12046866104126153,4.21476,4.098779,-0.1159807984924317,0.07209320000000008,0.065201655,-0.00689154496974953
21349,-0.041843000000000075,-0.061419904,-0.019576904232025072,2.676470000000002,4.6460013,1.9695313389587383,2.6547599999999996,4.098779,1.4440192015075688,0.05409319999999995,0.065201655,0.011108455030250597
21351,-0.08184300000000011,-0.061419904,0.020423095767974964,6.996470000000002,4.6460013,-2.350468661041262,5.5747599999999995,4.098779,-1.4759807984924311,0.05909319999999996,0.065201655,0.0061084550302505924
21396,0.22109299999999998,0.21338159,-0.007711411540985091,18.196640000000002,15.313466,-2.8831739279174826,16.14937,14.338811,-1.810559079284669,0.1900231,0.18048212,-0.00954098067817688
21397,0.217395,0.15447482,-0.06292017533302308,13.36081,11.051712,-2.3090979638671882,15.50918,13.533157,-1.9760226513671881,0.2641566,0.20359042,-0.06056617713127138
21399,0.2106800000000001,0.2169854,0.006305404491424471,8.716399999999997,6.8273683,-1.889031740570065,13.025250000000002,11.095294,-1.9299560012817398,0.2683918,0.25171113,-0.0166806698577881
21400,0.21094499999999994,0.24916382,0.0382188213396073,4.971860000000003,8.240685,3.268825462951657,9.39506,11.720206,2.3251462606811515,0.2319057,0.23789802,0.005992321936416634
21401,0.32094500000000004,0.24916382,-0.0717811786603928,9.451860000000002,8.240685,-1.2111745370483415,13.055060000000001,11.720206,-1.3348537393188487,0.2919057,0.23789802,-0.054007678063583364
21521,0.05140100000000003,0.07159978,0.02019878151321408,12.44652,10.356131,-2.0903894000244136,9.666570000000002,7.2510877,-2.4154823344421406,0.05663830000000003,0.017987601,-0.038650698540973694
21524,0.04061500000000007,0.041486897,0.0008718965744971552,10.528690000000001,9.477731,-1.0509592489624033,7.86889,7.4022794,-0.4666106230163578,0.05409549999999996,0.013699347,-0.040396152846693956
21525,-0.019930000000000003,0.03291985,0.05284985020041466,5.722109999999997,6.9001875,1.1780774923706083,3.2874300000000005,4.7050443,1.417614269561767,-0.029368599999999967,-0.0028053352,0.02656326478563842
21526,0.060975,0.045458462,-0.015516537910699846,7.18599,7.536877,0.35088715530395476,5.810269999999999,6.0676727,0.25740272949218834,0.024944900000000048,0.002750539,-0.02219436101196115
21541,-0.03588900000000006,-0.043962378,-0.008073378054857194,10.36213,9.824366,-0.537764384155274,9.77854,8.933475,-0.8450654592895503,0.09059139999999999,0.06980839,-0.020783006283187855
21542,-0.05588900000000008,-0.043962378,0.011926621945142823,9.68213,9.824366,0.14223561584472577,8.70854,8.933475,0.22493454071044994,0.08059139999999998,0.06980839,-0.010783006283187846
21543,-0.05588900000000008,-0.043962378,0.011926621945142823,8.79213,9.824366,1.0322356158447263,7.498539999999998,8.933475,1.4349345407104508,0.05059139999999995,0.06980839,0.01921699371681218
21544,-0.03588900000000006,-0.043962378,-0.008073378054857194,10.11213,9.824366,-0.28776438415527394,9.54854,8.933475,-0.6150654592895499,0.08059139999999998,0.06980839,-0.010783006283187846
21545,-0.06588900000000009,-0.043962378,0.021926621945142832,9.302130000000002,9.824366,0.5222356158447248,7.48854,8.933475,1.4449345407104488,0.040591399999999944,0.06980839,0.02921699371681219
21546,-0.02588900000000005,-0.043962378,-0.018073378054857203,9.942130000000002,9.824366,-0.11776438415527579,9.38854,8.933475,-0.45506545928955155,0.07059139999999997,0.06980839,-0.000783006283187837
21567,0.19313999999999998,0.13984813,-0.053291872038841226,16.58115,15.174192,-1.4069575714111338,13.638750000000002,12.614421,-1.0243291091918962,0.03882269999999999,0.085462004,0.046639303946304334
21568,0.043139999999999956,0.13984813,0.0967081279611588,11.931149999999999,15.174192,3.2430424285888684,9.078750000000001,12.614421,3.5356708908081043,0.01882269999999997,0.085462004,0.06663930394630435
21570,0.17313999999999996,0.13984813,-0.03329187203884121,15.841149999999999,15.174192,-0.6669575714111318,14.028750000000002,12.614421,-1.4143291091918968,0.11882269999999995,0.085462004,-0.033360696053695627
21571,0.26313999999999993,0.13984813,-0.12329187203884118,18.531149999999997,15.174192,-3.3569575714111295,16.76875,12.614421,-4.154329109191895,0.21882269999999998,0.085462004,-0.13336069605369566
21572,0.17313999999999996,0.13984813,-0.03329187203884121,17.19115,15.174192,-2.016957571411133,14.888750000000002,12.614421,-2.2743291091918962,0.11882269999999995,0.085462004,-0.033360696053695627
21573,0.07313999999999998,0.13984813,0.06670812796115877,11.32115,15.174192,3.853042428588868,9.59875,12.614421,3.0156708908081047,0.0488227,0.085462004,0.036639303946304325
21574,0.0031399999999999206,0.13984813,0.13670812796115883,9.96115,15.174192,5.213042428588867,5.298750000000002,12.614421,7.315670890808104,-0.0711773,0.085462004,0.15663930394630432
21575,0.18313999999999997,0.13984813,-0.04329187203884122,16.37115,15.174192,-1.196957571411133,14.598750000000003,12.614421,-1.984329109191897,0.13882269999999997,0.085462004,-0.053360696053695644
21576,0.26313999999999993,0.13984813,-0.12329187203884118,20.531149999999997,15.174192,-5.3569575714111295,17.558750000000003,12.614421,-4.944329109191898,0.2288227,0.085462004,-0.14336069605369567
21579,-0.04211930000000008,0.059692893,0.10181219317727097,1.4563799999999993,5.663113,4.206733117218018,1.4218700000000002,6.4831896,5.061319582824707,0.04652119999999993,0.13403723,0.08751602643852241
21581,0.07788069999999991,0.059692893,-0.018187806822729025,6.356379999999998,5.663113,-0.6932668827819803,7.85187,6.4831896,-1.3686804171752929,0.16652119999999992,0.13403723,-0.032483973561477586
21582,0.13788069999999997,0.059692893,-0.07818780682272908,7.686379999999998,5.663113,-2.0232668827819804,9.371870000000001,6.4831896,-2.8886804171752942,0.19652119999999995,0.13403723,-0.06248397356147761
21640,0.205488,0.08725278,-0.11823521920490265,14.441820000000003,14.433498,-0.008321617431644057,14.91644,12.822175,-2.0942649740600583,0.24630780000000002,0.15217671,-0.09413109201698305
21642,0.025487999999999955,0.08725278,0.061764780795097396,13.741820000000002,14.433498,0.691678382568357,11.716439999999999,12.822175,1.1057350259399428,0.11630780000000007,0.15217671,0.035868907983016896
21643,-0.007511999999999963,0.08725278,0.09476478079509731,14.641820000000003,14.433498,-0.20832161743164335,11.216439999999999,12.822175,1.6057350259399428,0.06630780000000003,0.15217671,0.08586890798301694
21644,-0.010512000000000077,0.08725278,0.09776478079509743,15.541820000000003,14.433498,-1.1083216174316437,11.01644,12.822175,1.805735025939942,0.0063078000000000856,0.15217671,0.14586890798301688
21645,0.06348799999999999,0.08725278,0.023764780795097362,17.04182,14.433498,-2.608321617431642,15.31644,12.822175,-2.4942649740600586,0.25630780000000003,0.15217671,-0.10413109201698306
21646,0.18948799999999988,0.08725278,-0.10223521920490253,14.641820000000003,14.433498,-0.20832161743164335,15.01644,12.822175,-2.194264974060058,0.24630780000000002,0.15217671,-0.09413109201698305
21647,0.210488,0.08725278,-0.12323521920490266,17.441820000000003,14.433498,-3.008321617431644,16.51644,12.822175,-3.694264974060058,0.2963078,0.15217671,-0.14413109201698304
21725,0.1522150000000001,0.012249289,-0.1399657109194995,17.07835,9.495708,-7.5826415344238285,13.837250000000001,6.3991885,-7.438061481475831,0.052264100000000036,-0.0061832555,-0.05844735546383861
21726,0.11221500000000006,0.012249289,-0.09996571091949946,16.278349999999996,9.495708,-6.782641534423824,13.527250000000002,6.3991885,-7.128061481475832,0.09226410000000007,-0.0061832555,-0.09844735546383865
21727,0.23221500000000006,0.012249289,-0.21996571091949946,15.368349999999998,9.495708,-5.872641534423826,13.617250000000002,6.3991885,-7.218061481475832,0.052264100000000036,-0.0061832555,-0.05844735546383861
21728,0.08221500000000015,0.012249289,-0.06996571091949955,10.52835,9.495708,-1.0326415344238278,9.587250000000001,6.3991885,-3.188061481475831,0.062264100000000044,-0.0061832555,-0.06844735546383862
21729,0.012215000000000087,0.012249289,3.428908050051582e-05,9.518349999999998,9.495708,-0.022641534423826215,6.267250000000001,6.3991885,0.13193851852416927,-0.03773589999999993,-0.0061832555,0.031552644536161356
21730,0.032215000000000105,0.012249289,-0.019965710919499502,8.68835,9.495708,0.8073584655761721,6.2272500000000015,6.3991885,0.17193851852416842,-0.017735899999999916,-0.0061832555,0.011552644536161338
21731,0.012215000000000087,0.012249289,3.428908050051582e-05,8.588349999999998,9.495708,0.9073584655761735,6.007250000000001,6.3991885,0.39193851852416906,-0.007735899999999907,-0.0061832555,0.0015526445361613295
21732,-0.007784999999999931,0.012249289,0.020034289080500534,8.668349999999997,9.495708,0.8273584655761752,5.557250000000002,6.3991885,0.8419385185241683,-0.027735899999999925,-0.0061832555,0.021552644536161347
21735,0.21221500000000004,0.012249289,-0.19996571091949944,19.81835,9.495708,-10.322641534423827,15.21725,6.3991885,-8.81806148147583,-0.017735899999999916,-0.0061832555,0.011552644536161338
21736,0.21221500000000004,0.012249289,-0.19996571091949944,19.74835,9.495708,-10.252641534423827,14.547250000000002,6.3991885,-8.148061481475832,-0.09773589999999999,-0.0061832555,0.09155264453616141
21737,0.08221500000000015,0.012249289,-0.06996571091949955,17.448349999999998,9.495708,-7.952641534423826,12.69725,6.3991885,-6.2980614814758304,-0.027735899999999925,-0.0061832555,0.021552644536161347
21738,0.042215000000000114,0.012249289,-0.02996571091949951,15.108349999999998,9.495708,-5.612641534423826,10.747250000000001,6.3991885,-4.348061481475831,-0.027735899999999925,-0.0061832555,0.021552644536161347
21739,0.032215000000000105,0.012249289,-0.019965710919499502,11.908349999999999,9.495708,-2.412641534423827,8.047250000000002,6.3991885,-1.6480614814758319,-0.04773589999999994,-0.0061832555,0.041552644536161365
21779,-0.07001000000000013,0.051640432,0.12165043232798589,7.657590000000003,10.23296,2.5753697473144506,4.98508,7.6597996,2.674719575805664,0.023483599999999938,0.031909,0.008425400128507676
21816,0.1430530000000001,0.11316722,-0.029885781136036016,8.984370000000002,10.668078,1.6837084225463848,10.41232,11.204225,0.791904586486817,0.026765299999999992,0.03402676,0.007261460607957848
22052,0.06238699999999997,0.023872636,-0.03851436374139783,9.935680000000001,9.797692,-0.13798770111084124,8.33515,7.933181,-0.4019691909790044,0.026455999999999924,0.052634455,0.02617845526361473
22053,-0.0176130000000001,0.023872636,0.04148563625860224,7.635680000000001,9.797692,2.1620122988891595,4.895150000000001,7.933181,3.038030809020995,-0.010544000000000109,0.052634455,0.06317845526361476
22070,-0.057784999999999975,0.015172636,0.0729576361364126,4.458349999999999,8.815395,4.35704535522461,0.5772500000000029,6.416284,5.839034084320065,-0.06773589999999996,0.016717602,0.08445350156750675
22071,-0.02778499999999995,0.015172636,0.04295763613641257,4.708349999999999,8.815395,4.10704535522461,1.9072500000000012,6.416284,4.509034084320067,-0.03773589999999993,0.016717602,0.054453501567506724
22072,-0.02778499999999995,0.015172636,0.04295763613641257,5.448349999999998,8.815395,3.3670453552246116,2.957250000000002,6.416284,3.4590340843200664,-0.017735899999999916,0.016717602,0.034453501567506706
22073,-0.02778499999999995,0.015172636,0.04295763613641257,5.6283499999999975,8.815395,3.187045355224612,2.7672500000000007,6.416284,3.6490340843200677,-0.027735899999999925,0.016717602,0.044453501567506715
22074,-0.057784999999999975,0.015172636,0.0729576361364126,4.548349999999999,8.815395,4.26704535522461,0.7872500000000002,6.416284,5.629034084320068,-0.05773589999999995,0.016717602,0.07445350156750674
22111,0.1093869999999999,0.06061237,-0.04877463067126264,11.185680000000001,9.026449,-2.1592307965087905,9.20515,7.2173986,-1.9877513565063474,0.0014560000000000128,0.007680146,0.006224146023631083
22112,0.09738699999999989,0.06061237,-0.03677463067126263,9.965680000000003,9.026449,-0.9392307965087916,7.575150000000001,7.2173986,-0.3577513565063484,-0.03854400000000002,0.007680146,0.04622414602363112
22113,0.1123869999999999,0.06061237,-0.051774630671262645,11.705680000000001,9.026449,-2.67923079650879,9.07515,7.2173986,-1.8577513565063484,-0.03854400000000002,0.007680146,0.04622414602363112
22114,0.11938699999999991,0.06061237,-0.05877463067126265,11.805680000000002,9.026449,-2.7792307965087915,9.395150000000001,7.2173986,-2.1777513565063487,-0.028544000000000014,0.007680146,0.03622414602363111
22115,0.13238699999999992,0.06061237,-0.07177463067126266,12.435680000000001,9.026449,-3.4092307965087905,10.33515,7.2173986,-3.117751356506348,0.0014560000000000128,0.007680146,0.006224146023631083
22116,0.025386999999999937,0.06061237,0.03522536932873732,8.435680000000001,9.026449,0.5907692034912095,6.18515,7.2173986,1.0322486434936522,-0.008543999999999996,0.007680146,0.016224146023631092
22118,0.09938699999999989,0.06061237,-0.03877463067126263,10.185680000000001,9.026449,-1.1592307965087905,8.17515,7.2173986,-0.957751356506348,-0.018544000000000005,0.007680146,0.0262241460236311
22120,0.025386999999999937,0.06061237,0.03522536932873732,8.435680000000001,9.026449,0.5907692034912095,6.18515,7.2173986,1.0322486434936522,-0.008543999999999996,0.007680146,0.016224146023631092
22121,0.023386999999999936,0.06061237,0.03722536932873732,9.075680000000002,9.026449,-0.04923079650879103,6.665150000000001,7.2173986,0.5522486434936518,-0.008543999999999996,0.007680146,0.016224146023631092
22122,0.2423869999999999,0.06061237,-0.18177463067126265,10.90568,9.026449,-1.8792307965087893,7.825150000000001,7.2173986,-0.6077513565063484,-0.028544000000000014,0.007680146,0.03622414602363111
22181,0.07321500000000014,0.015172636,-0.05804236386358752,10.248349999999999,8.815395,-1.4329546447753891,8.467250000000002,6.416284,-2.0509659156799334,0.02226410000000001,0.016717602,-0.005546498432493219
22182,0.008215000000000083,0.015172636,0.006957636136412537,8.61835,8.815395,0.19704535522460986,4.647250000000001,6.416284,1.769034084320067,-0.07773589999999997,0.016717602,0.09445350156750676
22183,0.018215000000000092,0.015172636,-0.0030423638635874717,8.198349999999998,8.815395,0.6170453552246116,5.2272500000000015,6.416284,1.1890340843200669,-0.03773589999999993,0.016717602,0.054453501567506724
22184,0.033215000000000106,0.015172636,-0.018042363863587485,10.690349999999999,8.815395,-1.8749546447753893,7.927250000000001,6.416284,-1.5109659156799324,0.002264100000000102,0.016717602,0.014453501567506688
22185,0.0282150000000001,0.015172636,-0.01304236386358748,9.056349999999998,8.815395,-0.24095464477538897,5.517250000000001,6.416284,0.8990340843200677,-0.05773589999999995,0.016717602,0.07445350156750674
22186,0.033215000000000106,0.015172636,-0.018042363863587485,7.241349999999997,8.815395,1.5740453552246123,6.02725,6.416284,0.3890340843200679,0.02226410000000001,0.016717602,-0.005546498432493219
22187,0.06221500000000013,0.015172636,-0.04704236386358751,8.978349999999999,8.815395,-0.16295464477538957,8.18725,6.416284,-1.7709659156799322,0.062264100000000044,0.016717602,-0.045546498432493254
22188,0.022215000000000096,0.015172636,-0.007042363863587475,7.768349999999998,8.815395,1.0470453552246113,5.157250000000001,6.416284,1.2590340843200671,-0.017735899999999916,0.016717602,0.034453501567506706
22189,0.022215000000000096,0.015172636,-0.007042363863587475,7.488349999999997,8.815395,1.3270453552246124,5.187250000000001,6.416284,1.2290340843200678,-0.007735899999999907,0.016717602,0.024453501567506697
22192,0.022213999999999956,0.030604457,0.008390457482695624,13.186860000000003,15.091857,1.9049969564819307,10.55787,11.847432,1.289562136535645,0.05469860000000004,0.03049804,-0.024200559159970325
22193,0.05221399999999998,0.030604457,-0.021609542517304403,18.686860000000003,15.091857,-3.5950030435180693,13.25787,11.847432,-1.410437863464356,0.014698600000000006,0.03049804,0.01579944084002971
22331,0.025202000000000058,0.015278725,-0.009923275046467839,7.936509999999998,9.112645,1.1761351492309586,10.0364,10.928995,0.8925951324462886,0.14513739999999997,0.16209349,0.016956090362167386
22332,0.025202000000000058,0.015278725,-0.009923275046467839,7.936509999999998,9.112645,1.1761351492309586,10.0364,10.928995,0.8925951324462886,0.14513739999999997,0.16209349,0.016956090362167386
22333,0.025202000000000058,0.015278725,-0.009923275046467839,7.936509999999998,9.112645,1.1761351492309586,10.0364,10.928995,0.8925951324462886,0.14513739999999997,0.16209349,0.016956090362167386
22418,0.06238699999999997,0.028802734,-0.03358426613163945,7.40568,9.894965,2.4892851718139646,5.905150000000001,7.744984,1.8398341499328605,-0.008543999999999996,0.04598258,0.054526580631971355
22487,-0.04631699999999994,-0.05388223,-0.007565230073213636,5.958660000000002,6.473541,0.514880782928465,9.058400000000002,8.661947,-0.3964527496337915,0.23238349999999997,0.18243633,-0.049947167893409694
22489,-0.08631699999999998,-0.05388223,0.0324347699267864,6.758659999999999,6.473541,-0.2851192170715322,9.658400000000002,8.661947,-0.9964527496337912,0.2523835,0.18243633,-0.06994716789340971
22491,-0.016316999999999915,-0.05388223,-0.03756523007321366,7.85866,6.473541,-1.3851192170715336,10.258400000000002,8.661947,-1.5964527496337908,0.21238350000000006,0.18243633,-0.029947167893409787
22502,0.11451500000000003,0.011060313,-0.10345468667835,10.678439999999998,8.988535,-1.6899050726318343,14.24813,8.279236,-5.96889416015625,0.314724,0.109375596,-0.20534840395355225
22505,-0.07548500000000002,0.011060313,0.08654531332165005,6.228439999999999,8.988535,2.760094927368165,3.4881300000000017,8.279236,4.791105839843748,-0.015275999999999956,0.109375596,0.12465159604644771
22633,-0.09498000000000006,-0.08665616,0.008323839347362583,6.551690000000001,7.5570116,1.0053216043090814,1.5366199999999992,3.551369,2.014748951797486,-0.06808219999999998,-0.0063809943,0.06170120566145776
22634,-0.10098000000000007,-0.08665616,0.014323839347362588,7.101690000000001,7.5570116,0.45532160430908064,2.6866200000000013,3.551369,0.864748951797484,-0.03608219999999995,-0.0063809943,0.02970120566145773
22636,-0.07098000000000004,-0.08665616,-0.01567616065263744,8.221690000000002,7.5570116,-0.6646783956909204,6.39662,3.551369,-2.845251048202515,0.06991780000000003,-0.0063809943,-0.07629879433854225
22679,0.06407600000000002,0.02394301,-0.040132989282369635,6.877839999999999,5.8956604,-0.9821795996093741,12.735679999999999,8.774012,-3.961668388061522,0.07218659999999999,0.07281687,0.0006302711066246136
22680,-0.00592400000000004,0.02394301,0.029867010717630427,6.277839999999998,5.8956604,-0.38217959960937264,6.93568,8.774012,1.838331611938477,0.07218659999999999,0.07281687,0.0006302711066246136
22681,-0.03592400000000007,0.02394301,0.05986701071763045,3.477839999999997,5.8956604,2.417820400390628,5.535679999999999,8.774012,3.2383316119384773,0.032186600000000065,0.07281687,0.04063027110662454
23025,0.21315899999999988,0.13422991,-0.0789290866460799,12.027910000000002,13.062478,1.0345680654907206,18.850099999999998,17.920118,-0.929981668090818,0.44534360000000006,0.39024284,-0.05510075517997748
23026,0.19315899999999997,0.13422991,-0.05892908664607999,12.907910000000005,13.062478,0.154568065490718,18.8701,17.920118,-0.9499816680908211,0.42534360000000004,0.39024284,-0.03510075517997746
23058,-0.02761300000000011,0.033506304,0.061119304025650134,7.915680000000002,9.111972,1.1962918551635724,4.405149999999999,7.3718204,2.9666704498291026,-0.04854400000000003,0.0448068,0.09335080078268054
23104,-0.05910499999999996,-0.03212998,0.026975019376277887,3.57723,3.8607256,0.2834956412506102,3.5110600000000005,3.868796,0.35773611015319773,0.07304710000000003,0.07115166,-0.0018954411073685007
23105,-0.05910499999999996,-0.03212998,0.026975019376277887,4.027229999999999,3.8607256,-0.16650435874938907,2.87106,3.868796,0.9977361101531983,0.033047099999999996,0.07115166,0.038104558892631535
23106,-0.05910499999999996,-0.03212998,0.026975019376277887,4.027229999999999,3.8607256,-0.16650435874938907,2.87106,3.868796,0.9977361101531983,0.033047099999999996,0.07115166,0.038104558892631535
23107,-0.019104999999999928,-0.03212998,-0.013024980623722149,3.3372300000000017,3.8607256,0.5234956412506087,3.7510600000000025,3.868796,0.11773611015319574,0.06304710000000002,0.07115166,0.008104558892631508
23108,-0.019104999999999928,-0.03212998,-0.013024980623722149,3.3372300000000017,3.8607256,0.5234956412506087,3.7510600000000025,3.868796,0.11773611015319574,0.06304710000000002,0.07115166,0.008104558892631508
23109,-0.019104999999999928,-0.03212998,-0.013024980623722149,3.497230000000002,3.8607256,0.3634956412506085,4.831060000000001,3.868796,-0.9622638898468026,0.10304709999999995,0.07115166,-0.031895441107368416
23139,0.1023869999999999,0.04495308,-0.05743391824316968,8.485680000000002,8.924623,0.4389425357055643,8.59515,7.4151707,-1.1799793304443362,0.061455999999999955,0.038262088,-0.023193912148237184
23302,-0.09956500000000013,0.098880075,0.19844507491827024,7.203769999999999,11.128536,3.9247662243652357,4.556880000000001,10.341056,5.784175870056151,0.051134800000000036,0.120659985,0.06952518464822766
23303,0.014434999999999976,0.098880075,0.08444507491827014,9.373769999999999,11.128536,1.7547662243652358,8.486880000000001,10.341056,1.8541758700561513,0.12113479999999999,0.120659985,-0.0004748153517722953
23304,0.23743499999999995,0.098880075,-0.13855492508172984,11.42377,11.128536,-0.29523377563476494,11.326880000000001,10.341056,-0.9858241299438486,0.10213479999999997,0.120659985,0.01852518464822772
23305,0.26143499999999986,0.098880075,-0.16255492508172975,13.00377,11.128536,-1.875233775634765,13.37688,10.341056,-3.0358241299438475,0.21513479999999996,0.120659985,-0.09447481535177227
23307,0.1347520000000001,0.15338883,0.018636828039169218,23.536230000000003,19.595427,-3.940803440551761,20.24323,16.304028,-3.9392024426269536,0.20431639999999995,0.20289856,-0.0014178380455016626
23338,0.05221500000000012,0.013593375,-0.038621625248491886,7.138349999999999,7.4481406,0.30979062118530365,6.1072500000000005,6.0589237,-0.04832627868652395,0.0122641,0.03865917,0.026395070269966125
23340,0.25337699999999996,0.23245455,-0.020922446753501855,7.034000000000001,6.7485247,-0.28547533416748117,9.8681,9.7557535,-0.11234648284912119,0.2667578,0.26550305,-0.0012547511032104386
23341,0.1883769999999999,0.23245455,0.0440775532464982,4.033999999999999,6.7485247,2.7145246658325206,7.568099999999999,9.7557535,2.1876535171508795,0.17675779999999996,0.26550305,0.08874524889678959
23342,0.19437700000000002,0.23245455,0.038077553246498086,3.1340000000000003,6.7485247,3.614524665832519,6.9681,9.7557535,2.787653517150879,0.16375779999999995,0.26550305,0.1017452488967896
23343,0.24037699999999995,0.23245455,-0.007922446753501844,2.8339999999999996,6.7485247,3.91452466583252,7.6681,9.7557535,2.087653517150879,0.19875779999999998,0.26550305,0.06674524889678957
23355,0.405377,0.23245455,-0.17292244675350188,13.334,6.7485247,-6.58547533416748,13.168099999999999,9.7557535,-3.41234648284912,0.3437578,0.26550305,-0.07825475110321045
23356,0.12537699999999996,0.23245455,0.10707755324649815,7.934000000000001,6.7485247,-1.1854753341674815,10.9681,9.7557535,-1.2123464828491208,0.3387578,0.26550305,-0.07325475110321045
23357,0.1853769999999999,0.23245455,0.047077553246498205,5.634,6.7485247,1.1145246658325192,10.0681,9.7557535,-0.3123464828491205,0.3087578,0.26550305,-0.043254751103210476
23359,0.285377,0.23245455,-0.052922446753501884,10.134,6.7485247,-3.385475334167481,11.9681,9.7557535,-2.212346482849121,0.3387578,0.26550305,-0.07325475110321045
23526,0.12715700000000008,0.107040145,-0.020116855496883468,7.41647,7.0557785,-0.3606914965820316,10.21476,9.095967,-1.1187927072143555,0.16309320000000005,0.14281535,-0.020277848513793995
23646,0.2995052,0.2699015,-0.0296036859466553,9.35202,9.544297,0.19227721832275435,8.989729999999998,8.910878,-0.07885181854247847,0.06508250000000004,0.075671166,0.010588666181564288
23647,0.2895052,0.2699015,-0.01960368594665529,8.90202,9.544297,0.6422772183227536,8.369729999999999,8.910878,0.5411481814575207,0.055082500000000034,0.075671166,0.020588666181564297
23679,0.054643,0.03998201,-0.014660990320920941,4.84188,4.7581086,-0.0837713841247556,10.898890000000002,8.766776,-2.132113915100099,0.2975966,0.17702506,-0.12057153517398833
23680,0.0025079999999999547,-0.001796951,-0.004304951051801398,4.282170000000004,4.533994,0.25182419784545473,4.037049999999999,4.5008526,0.46380258483886827,0.005777199999999927,0.038775302,0.03299810246973045
23681,0.035414999999999974,0.05408192,0.018666920534372355,5.395870000000002,4.043037,-1.3528330622863791,2.4469600000000007,1.5528407,-0.8941192903137214,-0.045522300000000016,-0.049302585,-0.0037802854229926908
23682,0.03423899999999991,0.05408192,0.01984292053437242,2.141490000000001,4.043037,1.901546937713622,-0.847900000000001,1.5528407,2.4007407096862803,-0.09972800000000004,-0.049302585,0.05042541457700733
23685,0.11048000000000002,0.118702754,0.008222754378318764,13.32834,13.60119,0.2728496133422844,5.893020000000002,6.1384006,0.24538055465698072,-0.06188970000000005,-0.058770996,0.003118704412889528
24010,-0.10612900000000014,-0.062105086,0.04402391429924979,5.761879999999998,6.258339,0.49645892822265836,0.8259000000000007,1.8805578,1.0546577754974358,-0.07200939999999989,-0.050368443,0.021640956868553052
24011,-0.08095200000000013,-0.039703235,0.04124876496982588,9.71708,8.865058,-0.8520220547485344,5.0513200000000005,5.076158,0.024838046722411633,-0.027748099999999942,-0.007000589,0.020747511188065948
24012,-0.08095200000000013,-0.039703235,0.04124876496982588,9.22708,8.865058,-0.362022054748536,3.9613200000000006,5.076158,1.1148380467224115,-0.05574809999999997,-0.007000589,0.04874751118806597
24013,-0.06095200000000012,-0.039703235,0.021248764969825862,9.05708,8.865058,-0.1920220547485343,4.441320000000001,5.076158,0.6348380467224111,-0.04474809999999996,-0.007000589,0.03774751118806596
24126,0.07238699999999998,0.033506304,-0.038880695974349955,8.38568,9.111972,0.7262918551635735,7.70515,7.3718204,-0.33332955017089816,0.04145599999999994,0.0448068,0.003350800782680574
24127,0.022386999999999935,0.033506304,0.01111930402565009,7.4756800000000005,9.111972,1.6362918551635737,8.40515,7.3718204,-1.0333295501708992,0.1314559999999999,0.0448068,-0.0866491992173194
24128,0.0063869999999999205,0.033506304,0.027119304025650104,6.665680000000002,9.111972,2.4462918551635724,6.60515,7.3718204,0.7666704498291015,0.08145599999999997,0.0448068,-0.03664919921731946
24129,0.002386999999999917,0.033506304,0.031119304025650107,6.265680000000003,9.111972,2.846291855163571,5.50515,7.3718204,1.8666704498291011,0.04145599999999994,0.0448068,0.003350800782680574
24209,-0.07623600000000019,-0.03714426,0.039091741381645395,11.673869999999997,11.193744,-0.4801262942504856,8.162320000000001,9.375025,1.2127047955322254,0.03040010000000004,0.0744811,0.04408099984397884
24285,0.05906000000000011,0.07426954,0.015209540607929117,8.22617,8.568418,0.342247549133301,10.707510000000001,11.001896,0.29438590454101465,0.13264829999999994,0.1629258,0.030277494720649778
24368,0.03420500000000004,0.033037093,-0.00116790746331219,1.1225800000000028,2.8422647,1.7196846522521945,3.5851100000000002,5.0398088,1.4546987501525876,0.11778159999999993,0.12697025,0.0091886464342118
24369,0.021560000000000024,-0.04753607,-0.06909607138991358,9.41901,10.259331,0.8403207495117186,6.7472400000000015,6.447671,-0.2995690634155288,-0.011720999999999981,-0.01946871,-0.00774770982646944
24370,-0.06844000000000006,-0.04753607,0.020903928610086497,10.609010000000001,10.259331,-0.34967925048828263,8.86724,6.447671,-2.419569063415528,0.06827899999999998,-0.01946871,-0.0877477098264694
24371,-0.06844000000000006,-0.04753607,0.020903928610086497,10.609010000000001,10.259331,-0.34967925048828263,5.417240000000001,6.447671,1.0304309365844713,-0.04172100000000001,-0.01946871,0.022252290173530587
24372,-0.09844000000000008,-0.04753607,0.050903928610086524,8.70901,10.259331,1.5503207495117195,3.517240000000001,6.447671,2.9304309365844716,-0.061721000000000026,-0.01946871,0.042252290173530604
24388,0.2219899999999999,0.051640432,-0.17034956767201415,13.32159,10.23296,-3.0886302526855474,13.585080000000001,7.6597996,-5.925280424194337,0.14348359999999993,0.031909,-0.11157459987149232
24389,0.15112800000000004,0.14172278,-0.00940521655368809,11.10161,9.865539,-1.2360714028930673,13.13899,11.80823,-1.3307595999145505,0.15830339999999998,0.13247563,-0.025827770551109297
24390,0.13112800000000002,0.14172278,0.010594783446311928,8.30161,9.865539,1.5639285971069334,11.03899,11.80823,0.7692404000854491,0.12830339999999996,0.13247563,0.00417222944889073
24391,0.24346899999999994,0.2336573,-0.009811699527740414,12.975609999999996,14.512899,1.5372893988037148,8.44803,8.8786545,0.4306244799804695,-0.03491660000000002,-0.03541506,-0.0004984608181953232
24465,-0.05436799999999997,0.00530113,0.05966913000422713,8.184450000000002,8.685536,0.5010863845825178,10.25235,10.922958,0.6706083740234376,0.19939050000000003,0.19407102,-0.00531947534370425
24582,-0.057613000000000136,0.028802734,0.08641573386836066,7.33568,9.894965,2.559285171813965,3.3851499999999994,7.744984,4.359834149932862,-0.040544000000000024,0.04598258,0.08652658063197138
24588,-0.057613000000000136,0.028802734,0.08641573386836066,7.33568,9.894965,2.559285171813965,3.3851499999999994,7.744984,4.359834149932862,-0.040544000000000024,0.04598258,0.08652658063197138
24704,-0.0176130000000001,-0.025000924,-0.007387924244522948,6.605680000000003,7.2640343,0.6583542712402313,3.405149999999999,3.4978397,0.09268968925476173,-0.03854400000000002,-0.037984814,0.0005591855051517713
24705,-0.02761300000000011,-0.025000924,0.0026120757554770613,7.205680000000001,7.2640343,0.0583542712402334,3.2051499999999997,3.4978397,0.292689689254761,-0.06854400000000005,-0.037984814,0.030559185505151798
24706,-0.04761300000000013,-0.025000924,0.02261207575547708,7.605680000000003,7.2640343,-0.34164572875976873,2.905149999999999,3.4978397,0.5926896892547617,-0.07854400000000006,-0.037984814,0.04055918550515181
24707,-0.03761300000000012,-0.025000924,0.01261207575547707,7.505680000000002,7.2640343,-0.2416457287597673,4.305150000000001,3.4978397,-0.8073103107452404,-0.018544000000000005,-0.037984814,-0.019440814494848246
24709,-0.04761300000000013,-0.025000924,0.02261207575547708,6.205680000000001,7.2640343,1.0583542712402334,2.805150000000001,3.4978397,0.6926896892547596,-0.028544000000000014,-0.037984814,-0.009440814494848238
24710,-0.057613000000000136,-0.025000924,0.03261207575547709,6.105680000000003,7.2640343,1.1583542712402313,2.605150000000002,3.4978397,0.8926896892547589,-0.03854400000000002,-0.037984814,0.0005591855051517713
24713,-0.02761300000000011,-0.025000924,0.0026120757554770613,6.505680000000002,7.2640343,0.7583542712402327,2.805150000000001,3.4978397,0.6926896892547596,-0.05854400000000004,-0.037984814,0.02055918550515179
24714,-0.02761300000000011,-0.025000924,0.0026120757554770613,6.605680000000003,7.2640343,0.6583542712402313,2.605150000000002,3.4978397,0.8926896892547589,-0.06854400000000005,-0.037984814,0.030559185505151798
24717,-0.057613000000000136,-0.025000924,0.03261207575547709,6.205680000000001,7.2640343,1.0583542712402334,1.8051500000000011,3.4978397,1.6926896892547596,-0.06854400000000005,-0.037984814,0.030559185505151798
24969,-0.03778499999999996,0.015172636,0.05295763613641258,8.588349999999998,8.815395,0.227045355224611,6.917250000000001,6.416284,-0.5009659156799326,0.062264100000000044,0.016717602,-0.045546498432493254
24986,0.0018689999999998985,0.010996991,0.009127990837156874,12.554590000000005,14.906004,2.3514139520263626,16.652449999999998,15.657799,-0.9946512329101544,-0.04840769999999994,-0.13175638,-0.0833486802003861
24988,0.0018689999999998985,0.010996991,0.009127990837156874,17.154590000000006,14.906004,-2.248586047973639,16.652449999999998,15.657799,-0.9946512329101544,-0.2384077,-0.13175638,0.10665131979961395
24990,0.06186899999999995,0.010996991,-0.05087200916284318,16.954590000000003,14.906004,-2.048586047973636,16.652449999999998,15.657799,-0.9946512329101544,-0.17840769999999995,-0.13175638,0.0466513197996139
25161,0.12238699999999991,0.09174286,-0.03064414170932761,8.90568,9.788907,0.8832270510864255,9.50515,9.383185,-0.12196461334228559,0.10145599999999999,0.077110656,-0.02434534439420699
25162,0.12238699999999991,0.09174286,-0.03064414170932761,8.705680000000001,9.788907,1.0832270510864248,8.50515,9.383185,0.8780353866577144,0.051455999999999946,0.077110656,0.025654655605793053
25230,0.1285139999999999,0.22110246,0.09258846121883402,8.763110000000001,12.067479,3.304369133605956,10.682830000000001,13.245798,2.562968110961913,0.13898579999999994,0.1817585,0.0427726931850434
25232,0.14851399999999992,0.22110246,0.072588461218834,10.083110000000001,12.067479,1.9843691336059557,11.552830000000002,13.245798,1.6929681109619121,0.15898579999999995,0.1817585,0.02277269318504338
25234,0.21851399999999988,0.22110246,0.0025884612188340483,6.833110000000001,12.067479,5.234369133605956,12.242830000000001,13.245798,1.0029681109619126,0.2089858,0.1817585,-0.027227306814956664
25291,0.08121500000000015,0.015172636,-0.06604236386358753,7.538349999999998,8.815395,1.2770453552246117,7.807250000000002,6.416284,-1.3909659156799332,0.06426410000000005,0.016717602,-0.047546498432493256
25300,-0.02778499999999995,0.0128855845,0.040670584495961615,5.338349999999998,6.358408,1.0200579742431657,3.1072500000000005,4.985548,1.8782980194091792,-0.007735899999999907,0.02362675,0.03136265033509722
25301,0.002215000000000078,0.0128855845,0.010670584495961588,4.93835,6.358408,1.4200579742431643,3.6072500000000005,4.985548,1.3782980194091792,0.002264100000000102,0.02362675,0.02136265033509721
25340,-0.03940300000000008,-0.040488727,-0.001085727390766067,7.961499999999997,8.487453,0.525953460693362,2.869440000000001,3.9148667,1.0454266858673087,-0.08285969999999998,-0.04147146,0.041388241028499584
25341,-0.04665800000000009,-0.029171852,0.01748614760506162,7.937749999999998,9.151647,1.2138966140747094,2.4916199999999975,4.2630067,1.7713866871643091,-0.08980929999999998,-0.049979493,0.039829806978034954
25342,-0.05906300000000009,-0.014417584,0.04464541594582805,2.6450500000000012,4.83282,2.1877699386596667,-0.26829000000000036,3.3587499,3.627039866485596,-0.047492700000000054,-0.05080988,-0.0033171788559436255
25345,-0.04665800000000009,-0.029171852,0.01748614760506162,8.037749999999999,9.151647,1.113896614074708,2.8916199999999996,4.2630067,1.371386687164307,-0.07980929999999997,-0.049979493,0.029829806978034945
25346,-0.04906300000000008,-0.014417584,0.03464541594582804,2.6450500000000012,4.83282,2.1877699386596667,0.03171000000000035,3.3587499,3.3270398664855954,-0.04049270000000005,-0.05080988,-0.010317178855943632
25673,0.012386999999999926,0.06061237,0.04822536932873733,5.635680000000001,9.026449,3.3907692034912102,5.395150000000001,7.2173986,1.8222486434936513,0.051455999999999946,0.007680146,-0.04377585397636885
25675,0.21238699999999988,0.06061237,-0.15177463067126262,6.24568,9.026449,2.780769203491211,9.26515,7.2173986,-2.047751356506348,0.08145599999999997,0.007680146,-0.07377585397636888
25844,0.04167900000000002,0.04021241,-0.0014665885665416933,7.97982,7.7622433,-0.2175767291259767,6.31747,6.731819,0.4143491528320311,0.0030944000000000527,0.040512037,0.03741763653216357
25845,0.04167900000000002,0.021748595,-0.019930405060291312,8.11982,8.081295,-0.03852498657226633,6.617470000000001,5.347951,-1.2695190646362313,0.01309439999999995,-0.0077949,-0.020889299865984867
26269,-0.116317,-0.04239665,0.0739203502817154,3.4060699999999997,4.451492,1.0454218327331546,3.3550499999999985,5.029827,1.6747771179199233,0.10665259999999999,0.10370386,-0.0029487435317993027
26523,-0.06761600000000012,-0.049451713,0.018164287481069685,5.902649999999998,7.3196306,1.4169806228637718,5.4033999999999995,6.434292,1.0308918395996098,-0.0815285,-0.049185872,0.03234262792205811
26524,-0.028615999999999975,-0.049451713,-0.02083571251893046,6.902649999999998,7.3196306,0.4169806228637718,7.4033999999999995,6.434292,-0.9691081604003902,-0.05852849999999998,-0.049185872,0.009342627922058089
26633,0.018588999999999967,-0.020514945,-0.03910394456827637,5.07254,7.2221723,2.149632260284424,5.478440000000001,6.9411106,1.4626706109619132,0.05888559999999998,0.09683273,0.03794712987604143
26690,0.05171700000000001,0.027788047,-0.023928953252553953,12.760720000000001,10.50577,-2.254950270385743,11.1389,8.183472,-2.9554283203124996,0.10500520000000002,0.032618906,-0.07238629365105631
26691,0.011716999999999977,0.027788047,0.016071046747446083,9.460720000000002,10.50577,1.0450497296142558,7.1389,8.183472,1.0445716796875004,0.01500519999999994,0.032618906,0.01761370634894377
26950,0.053247000000000044,0.03685719,-0.016389808526754424,9.938460000000003,9.25157,-0.686890252075198,8.566270000000001,7.849326,-0.7169438662719738,0.043883899999999976,0.028511377,-0.015372522948527312
26951,0.053247000000000044,0.03685719,-0.016389808526754424,8.23846,9.25157,1.0131097479248048,6.906270000000001,7.849326,0.9430561337280263,0.01688389999999995,0.028511377,0.011627477051472712
27118,0.05795400000000006,0.11876945,0.06081545197582239,12.4236,13.827813,1.4042131484985347,11.40202,13.480624,2.078604198913574,0.08247870000000002,0.14232618,0.05984747616653441
27119,0.040954000000000046,0.11876945,0.0778154519758224,10.823599999999999,13.827813,3.004213148498536,9.90202,13.480624,3.578604198913574,0.0644787,0.14232618,0.07784747616653442
27123,0.03595400000000004,0.11876945,0.08281545197582241,12.823599999999999,13.827813,1.0042131484985362,11.60202,13.480624,1.8786041989135747,0.08747870000000002,0.14232618,0.054847476166534403
27124,0.250954,0.11876945,-0.13218454802417756,17.0236,13.827813,-3.195786851501463,18.202019999999997,13.480624,-4.721395801086423,0.29947870000000004,0.14232618,-0.15715252383346562
27125,0.18795400000000007,0.11876945,-0.06918454802417762,17.5236,13.827813,-3.695786851501463,16.90202,13.480624,-3.421395801086426,0.1994787,0.14232618,-0.057152523833465585
27126,0.15595400000000004,0.11876945,-0.03718454802417759,13.823599999999999,13.827813,0.004213148498536157,14.00202,13.480624,-0.5213958010864257,0.12747870000000006,0.14232618,0.014847476166534368
27416,-0.05053750000000001,-0.05138373,-0.000846230024099337,9.217019999999998,10.444985,1.2279653897094747,9.115,10.025502,0.9105022048950193,0.19051200000000001,0.21085685,0.020344854915618882
27419,-0.06053750000000002,-0.05138373,0.009153769975900672,12.49702,10.444985,-2.0520346102905265,11.614999999999998,10.025502,-1.589497795104979,0.25051199999999996,0.21085685,-0.03965514508438106
27464,-0.01746599999999998,0.113830574,0.13129657385683058,10.74615,11.845693,1.0995426345825194,14.488349999999999,14.981619,0.4932688812255872,-0.029183799999999982,0.04421296,0.07339675970678328
27595,0.1371920000000001,0.08601035,-0.05118164822292337,10.53248,9.851271,-0.6812093243408199,13.36488,11.425739,-1.9391407116699213,0.13369889999999995,0.113804705,-0.019894194559001876
27597,-0.0008079999999999199,0.08601035,0.08681835177707664,10.33248,9.851271,-0.48120932434082064,10.16488,11.425739,1.260859288330078,0.09369890000000003,0.113804705,0.020105805440998048
27603,-0.03860299999999994,-0.01693024,0.021672760724902096,9.542840000000002,11.409756,1.8669157067871076,10.793209999999998,12.325791,1.5325813589477555,0.07798479999999997,0.09712305,0.01913824919958118
27634,0.1023869999999999,0.033506304,-0.06888069597434987,9.805680000000002,9.111972,-0.6937081448364282,10.43515,7.3718204,-3.0633295501708986,0.12145600000000001,0.0448068,-0.0766491992173195
27743,0.011622000000000021,-0.015569214,-0.027191213777780554,11.533819999999999,11.931926,0.39810577362060684,9.198,9.161275,-0.03672509002685587,0.04237089999999999,0.086350374,0.043979473923778545
27852,0.0040959999999998775,0.10069068,0.09659467776203168,12.546420000000001,16.394617,3.8481970806884753,11.007249999999999,16.547422,5.540172409057618,0.03168329999999997,0.17023586,0.1385525573675156
27853,0.1410959999999999,0.10069068,-0.04040532223796833,17.236420000000003,16.394617,-0.841802919311526,19.60725,16.547422,-3.0598275909423833,0.24968329999999994,0.17023586,-0.07944744263248438
27854,0.04809599999999992,0.10069068,0.05259467776203164,14.876420000000003,16.394617,1.5181970806884735,17.06725,16.547422,-0.5198275909423842,0.22668329999999992,0.17023586,-0.05644744263248436
27855,0.03709599999999991,0.10069068,0.06359467776203165,14.986420000000003,16.394617,1.408197080688474,13.78725,16.547422,2.760172409057617,0.0636833,0.17023586,0.10655255736751557
27856,0.3960959999999999,0.10069068,-0.29540532223796834,26.06642,16.394617,-9.671802919311524,25.76725,16.547422,-9.219827590942383,0.40668329999999997,0.17023586,-0.2364474426324844
27859,0.0280959999999999,0.10069068,0.07259467776203166,13.296420000000001,16.394617,3.0981970806884753,12.46725,16.547422,4.080172409057617,0.0636833,0.17023586,0.10655255736751557
27972,0.111819,0.16787784,0.056058838015556334,8.658890000000003,7.72595,-0.9329402357482941,7.493590000000001,9.486984,1.9933942529296864,-0.015581199999999962,0.092062525,0.10764372545118328
27973,0.16181900000000005,0.16787784,0.006058838015556289,8.258890000000005,7.72595,-0.5329402357482955,9.69359,9.486984,-0.20660574707031287,0.09041880000000002,0.092062525,0.0016437254511832977
27974,0.20181900000000008,0.16787784,-0.033941161984443746,8.558890000000005,7.72595,-0.8329402357482962,10.09359,9.486984,-0.6066057470703132,0.07641880000000001,0.092062525,0.01564372545118331
27975,0.251819,0.16787784,-0.08394116198444368,8.658890000000003,7.72595,-0.9329402357482941,12.39359,9.486984,-2.906605747070312,0.17541879999999999,0.092062525,-0.08335627454881667
27976,0.15181900000000004,0.16787784,0.016058838015556298,6.358890000000002,7.72595,1.3670597642517066,9.493590000000001,9.486984,-0.0066057470703135834,0.13941879999999995,0.092062525,-0.047356274548816635
28007,0.07526500000000003,0.07095629,-0.004308710231781032,16.374029999999998,15.313271,-1.0607594311523414,16.71821,15.073975,-1.6442353906249991,0.1947512,0.15392911,-0.04082208565826417
28169,-0.028890000000000082,0.0072771977,0.03616719767019161,9.697580000000002,9.931394,0.2338136233520487,5.782359999999999,5.4887424,-0.2936176484680164,-0.02685650000000006,0.023276724,0.05013322392129904
28170,-0.05335040000000002,-0.052733067,0.0006173325768947802,8.755619999999999,6.2914968,-2.4641232463073717,6.8767499999999995,4.899263,-1.9774870948791499,0.0871132,0.08883035,0.0017171518295288069
28172,-0.036420100000000066,-0.035816696,0.000603404458856649,2.4810499999999998,4.4921126,2.0110626365661624,3.4665,4.285099,0.8185990295410157,0.12689820000000007,0.094851725,-0.03204647519655235
28252,-0.04693000000000014,-0.079337224,-0.03240722436428056,4.508210000000002,3.970385,-0.5378249253845233,3.362689999999997,2.3675117,-0.995178250732419,0.03192879999999987,0.026471416,-0.005457384465384352
28253,-0.09692999999999996,-0.079337224,0.01759277563571926,3.1882100000000015,3.970385,0.782175074615477,0.5226899999999972,2.3675117,1.844821749267581,-0.019071200000000066,0.026471416,0.04554261553461558
28255,-0.02693000000000012,-0.079337224,-0.05240722436428058,4.778210000000001,3.970385,-0.8078249253845229,5.202689999999999,2.3675117,-2.8351782507324206,0.08392879999999991,0.026471416,-0.0574573844653844
28256,-0.08693000000000017,-0.079337224,0.007592775635719473,3.6182100000000013,3.970385,0.35217507461547726,1.1726899999999993,2.3675117,1.1948217492675788,-0.005071199999999942,0.026471416,0.03154261553461546
28258,-0.06693000000000016,-0.079337224,-0.012407224364280545,4.218210000000003,3.970385,-0.24782492538452416,3.072689999999998,2.3675117,-0.7051782507324198,0.037928799999999985,0.026471416,-0.011457384465384468
28259,-0.07993000000000006,-0.079337224,0.0005927756357193559,4.008210000000002,3.970385,-0.03782492538452331,2.482689999999998,2.3675117,-0.11517825073241994,0.028928799999999977,0.026471416,-0.00245738446538446
28260,-0.09193000000000007,-0.079337224,0.012592775635719367,3.7182100000000027,3.970385,0.25217507461547584,1.6426899999999982,2.3675117,0.7248217492675799,0.013928799999999963,0.026471416,0.012542615534615553
28261,-0.10892999999999997,-0.079337224,0.02959277563571927,3.6182100000000013,3.970385,0.35217507461547726,1.3326899999999995,2.3675117,1.0348217492675786,0.016928799999999855,0.026471416,0.009542615534615662
28262,-0.09193000000000007,-0.079337224,0.012592775635719367,4.5582100000000025,3.970385,-0.587824925384524,3.47269,2.3675117,-1.105178250732422,0.05892879999999989,0.026471416,-0.032457384465384376
28263,-0.09193000000000007,-0.079337224,0.012592775635719367,3.7182100000000027,3.970385,0.25217507461547584,1.8926899999999982,2.3675117,0.4748217492675799,0.023928799999999972,0.026471416,0.0025426155346155443
28266,-0.10492999999999997,-0.079337224,0.025592775635719267,3.5382099999999994,3.970385,0.4321750746154791,1.5326899999999988,2.3675117,0.8348217492675793,0.023928799999999972,0.026471416,0.0025426155346155443
28267,-0.07693000000000016,-0.07084326,0.006086742990017102,1.918210000000002,2.6588593,0.7406492529296855,0.6226899999999986,1.2068771,0.5841871123886122,0.02092879999999997,0.025642164,0.004713364051532776
28328,-0.07443330000000004,-0.055638812,0.01879448751764301,9.54541,6.8427854,-2.7026246415710453,7.7227000000000015,5.5036077,-2.2190922500610366,0.0760615,0.08751618,0.011454681170940395
28366,0.05219799999999997,0.018506015,-0.03369198528039452,12.465019999999999,9.061246,-3.4037740817260733,14.2075,8.807943,-5.399556655883789,0.2562481,0.11721372,-0.1390343814068794
28371,-0.007802000000000087,0.018506015,0.026308014719605533,7.665019999999998,9.061246,1.3962259182739274,6.307499999999997,8.807943,2.5004433441162135,0.026248099999999996,0.11721372,0.09096561859312058
28403,0.7285619999999999,0.39111298,-0.3374490167732238,24.387880000000003,11.547315,-12.84056535614014,21.16109,15.705994,-5.4550963476562515,0.6103661,0.38986978,-0.2204963206516266
28405,0.47856199999999993,0.39111298,-0.08744901677322381,13.387880000000003,11.547315,-1.8405653561401394,20.16109,15.705994,-4.4550963476562515,0.6603661,0.38986978,-0.27049632065162654
28406,0.448562,0.39111298,-0.05744901677322389,9.387880000000003,11.547315,2.1594346438598606,19.16109,15.705994,-3.4550963476562515,0.6103661,0.38986978,-0.2204963206516266
28407,0.328562,0.39111298,0.0625509832267761,7.387880000000003,11.547315,4.159434643859861,13.161090000000002,15.705994,2.5449036523437485,0.2103661,0.38986978,0.1795036793483734
28408,0.15856199999999998,0.39111298,0.23255098322677614,9.387880000000003,11.547315,2.1594346438598606,11.161090000000002,15.705994,4.5449036523437485,0.11036610000000002,0.38986978,0.2795036793483734
28409,0.15856199999999998,0.39111298,0.23255098322677614,4.587880000000002,11.547315,6.959434643859861,8.36109,15.705994,7.344903652343749,0.10036610000000001,0.38986978,0.2895036793483734
28430,0.386035,0.08842035,-0.2976146536207199,24.1057,19.534758,-4.570942385864257,19.7985,14.2839575,-5.514542518615723,0.43620519999999996,0.18330453,-0.25290066663761135
28432,-0.04996500000000004,0.08842035,0.13838534637928013,25.105700000000002,19.534758,-5.57094238586426,19.198500000000003,14.2839575,-4.914542518615725,0.19620519999999997,0.18330453,-0.012900666637611358
28464,-0.07778499999999999,0.015172636,0.09295763613641261,7.708349999999999,8.815395,1.10704535522461,3.297250000000002,6.416284,3.1190340843200666,-0.04773589999999994,0.016717602,0.06445350156750673
28465,-0.1177849999999998,0.015172636,0.13295763613641243,6.668349999999997,8.815395,2.1470453552246127,2.1572500000000012,6.416284,4.259034084320067,-0.027735899999999925,0.016717602,0.044453501567506715
28466,0.06221500000000013,0.015172636,-0.04704236386358751,7.50835,8.815395,1.3070453552246093,5.297250000000002,6.416284,1.1190340843200666,-0.04773589999999994,0.016717602,0.06445350156750673
28467,0.12221500000000007,0.015172636,-0.10704236386358745,11.398349999999997,8.815395,-2.5829546447753877,9.127250000000002,6.416284,-2.7109659156799335,-0.027735899999999925,0.016717602,0.044453501567506715
28480,-0.02761300000000011,0.028802734,0.05641573386836063,11.215680000000003,9.894965,-1.3207148281860377,8.78515,7.744984,-1.0401658500671385,0.061455999999999955,0.04598258,-0.015473419368028596
28483,-0.02761300000000011,0.028802734,0.05641573386836063,12.38568,9.894965,-2.490714828186036,9.57515,7.744984,-1.8301658500671394,0.061455999999999955,0.04598258,-0.015473419368028596
28484,-0.02761300000000011,0.028802734,0.05641573386836063,12.705680000000001,9.894965,-2.810714828186036,10.25515,7.744984,-2.510165850067139,0.09145599999999998,0.04598258,-0.04547341936802862
28485,-0.0176130000000001,0.028802734,0.04641573386836062,12.99568,9.894965,-3.1007148281860353,10.645150000000001,7.744984,-2.9001658500671397,0.10145599999999999,0.04598258,-0.05547341936802863
28486,-0.03761300000000012,0.028802734,0.06641573386836064,12.445680000000003,9.894965,-2.550714828186038,10.69515,7.744984,-2.9501658500671386,0.1314559999999999,0.04598258,-0.08547341936802855
28487,-0.03761300000000012,0.028802734,0.06641573386836064,12.705680000000001,9.894965,-2.810714828186036,11.135150000000001,7.744984,-3.39016585006714,0.15145599999999992,0.04598258,-0.10547341936802856
28488,-0.02761300000000011,0.028802734,0.05641573386836063,11.985680000000002,9.894965,-2.0907148281860373,10.59515,7.744984,-2.850165850067139,0.14145599999999992,0.04598258,-0.09547341936802856
28489,-0.02761300000000011,0.028802734,0.05641573386836063,12.47568,9.894965,-2.5807148281860357,10.76515,7.744984,-3.020165850067139,0.1314559999999999,0.04598258,-0.08547341936802855
28491,-0.007613000000000092,0.028802734,0.03641573386836061,13.835680000000002,9.894965,-3.940714828186037,11.555150000000001,7.744984,-3.81016585006714,0.12145600000000001,0.04598258,-0.07547341936802865
28580,0.022698000000000107,0.04651836,0.02382035933327664,6.32047,6.433409,0.11293921401977514,4.49981,6.0486984,1.5488884252929687,-0.009882699999999911,0.03952237,0.04940506846089354
28619,0.06166500000000008,0.03434044,-0.027324558773040852,7.000340000000005,7.734587,0.7342471925353955,4.7813,6.428359,1.6470590316772462,-0.05467719999999998,0.016828252,0.07150545200259684
28804,0.16148799999999996,0.13763084,-0.023857164824485744,13.831820000000002,9.765237,-4.06658314544678,11.32644,9.682416,-1.6440240377807616,-0.013692199999999932,0.046626292,0.06031849216909402
28812,0.09340499999999985,0.04492237,-0.048482629536390154,13.18732,8.414527,-4.77279306060791,16.02722,9.371058,-6.656161535949707,0.39421990000000007,0.16017805,-0.23404184960117347
28943,0.023422000000000054,0.054235116,0.030813115647315925,11.055780000000002,10.142778,-0.9130016033935568,7.925729999999998,9.543707,1.6179768939209005,-0.01492529999999992,0.10288398,0.11780927967815391
29091,-0.028960399999999886,-0.027854504,0.0011058959362744147,6.796849999999999,6.95852,0.161669935607911,6.732919999999998,6.999457,0.2665368824768084,0.09652229999999995,0.09898007,0.002457769160461476
29221,0.12604000000000004,0.03845352,-0.0875864806556702,10.966709999999999,9.830137,-1.1365727471923819,14.504560000000001,10.468492,-4.0360684457397475,0.16966769999999998,0.08355185,-0.0861158535553932
29224,0.0640400000000001,0.03845352,-0.025586480655670263,10.056709999999999,9.830137,-0.22657274719238174,11.014560000000001,10.468492,-0.5460684457397473,0.07966770000000001,0.08355185,0.003884146444606773
29225,0.04604000000000008,0.03845352,-0.007586480655670247,9.88671,9.830137,-0.05657274719238359,10.904560000000002,10.468492,-0.4360684457397479,0.08966770000000002,0.08355185,-0.006115853555393236
29226,0.03404000000000007,0.03845352,0.004413519344329764,9.576709999999999,9.830137,0.2534272528076187,9.674560000000003,10.468492,0.7939315542602507,0.05966769999999999,0.08355185,0.02388414644460679
29227,0.0040400000000000436,0.03845352,0.03441351934432979,9.38671,9.830137,0.4434272528076164,9.184560000000001,10.468492,1.2839315542602527,0.0696677,0.08355185,0.013884146444606782
29228,-0.016959999999999864,0.03845352,0.0554135193443297,9.08671,9.830137,0.7434272528076171,8.45456,10.468492,2.013931554260253,0.029667699999999964,0.08355185,0.05388414644460682
29258,0.02986600000000006,0.035547677,0.0056816774275302295,4.273130000000002,4.453803,0.18067306243896297,9.69,9.640166,-0.04983371734619091,0.29012399999999994,0.29231915,0.0021951487789154678
29268,0.04238699999999995,0.08184824,0.03946124138879781,10.105680000000003,12.616707,2.511026848144528,10.60515,11.732164,1.1270143829345702,0.16145599999999993,0.13487527,-0.026580732255935602
29271,0.012386999999999926,0.08184824,0.06946124138879783,4.805680000000002,12.616707,7.811026848144529,3.605150000000002,11.732164,8.127014382934568,0.0014560000000000128,0.13487527,0.13341926774406432
29446,-0.10761299999999996,0.023872636,0.1314856362586021,6.005680000000002,9.797692,3.7920122988891585,1.1051500000000019,7.933181,6.828030809020994,-0.08154400000000006,0.052634455,0.13417845526361472
29447,-0.007613000000000092,0.023872636,0.031485636258602234,6.385680000000001,9.797692,3.4120122988891595,2.925150000000002,7.933181,5.008030809020994,-0.06354400000000004,0.052634455,0.1161784552636147
29449,0.012386999999999926,0.023872636,0.011485636258602216,11.945680000000003,9.797692,-2.147987701110843,10.70515,7.933181,-2.7719691909790036,0.1244559999999999,0.052634455,-0.07182154473638525
29561,0.04552999999999996,0.06028381,0.014753809900283854,7.5567500000000045,8.190179,0.6334288711547806,13.634519999999998,13.491403,-0.14311737396240076,0.31762270000000004,0.29222658,-0.025396117234420812
29562,0.03452999999999995,0.06028381,0.025753809900283864,7.276750000000003,8.190179,0.9134288711547818,12.734519999999998,13.491403,0.7568826260375996,0.2876227,0.29222658,0.004603882765579215
29564,0.04852999999999996,0.06028381,0.011753809900283851,8.116750000000003,8.190179,0.07342887115478192,13.43452,13.491403,0.05688262603759853,0.2936227,0.29222658,-0.0013961172344207906
29657,0.012386999999999926,0.033506304,0.0211193040256501,7.90568,9.111972,1.206291855163574,4.805150000000001,7.3718204,2.5666704498291004,-0.04854400000000003,0.0448068,0.09335080078268054
29870,-0.008323999999999998,0.0075695924,0.01589359244608879,11.631520000000002,10.8483305,-0.7831895022583026,8.739959999999998,10.067688,1.3277279882812518,0.031119999999999925,0.11551593,0.08439593244075783
29872,0.07167600000000007,0.0075695924,-0.06410640755391128,13.051520000000004,10.8483305,-2.2031895022583043,13.899959999999998,10.067688,-3.8322720117187483,0.21611999999999998,0.11551593,-0.10060406755924223
30368,0.209387,0.033506304,-0.17588069597434997,25.395680000000002,9.111972,-16.283708144836428,18.66515,7.3718204,-11.293329550170899,0.06345599999999996,0.0448068,-0.018649199217319445
30417,-0.08461300000000005,0.023872636,0.10848563625860219,10.40568,9.797692,-0.6079877011108401,6.60515,7.933181,1.328030809020996,0.02145599999999992,0.052634455,0.031178455263614735
30418,-0.06061300000000003,0.023872636,0.08448563625860217,10.40568,9.797692,-0.6079877011108401,9.805150000000001,7.933181,-1.871969190979005,0.16145599999999993,0.052634455,-0.10882154473638528
30419,-0.08461300000000005,0.023872636,0.10848563625860219,10.40568,9.797692,-0.6079877011108401,6.60515,7.933181,1.328030809020996,0.02145599999999992,0.052634455,0.031178455263614735
30420,-0.034613000000000005,0.023872636,0.05848563625860215,10.605680000000003,9.797692,-0.807987701110843,8.10515,7.933181,-0.17196919097900398,0.051455999999999946,0.052634455,0.0011784552636147083
30456,-0.08961300000000016,0.033506304,0.12311930402565019,6.685680000000001,9.111972,2.426291855163573,0.9951499999999989,7.3718204,6.376670449829103,-0.09454399999999996,0.0448068,0.13935080078268047
30725,0.012386999999999926,0.033506304,0.0211193040256501,12.017680000000002,9.111972,-2.905708144836428,9.28515,7.3718204,-1.9133295501708982,0.04345599999999994,0.0448068,0.0013508007826805724
31082,0.14207599999999998,0.11044906,-0.031626939202308635,9.5613,9.280778,-0.28052206878662034,9.501460000000002,8.53032,-0.9711398324584977,0.0569056,0.023333633,-0.033571966681456566
31083,0.13207599999999997,0.11044906,-0.021626939202308626,10.8613,9.280778,-1.580522068786621,10.571460000000002,8.53032,-2.041139832458498,0.08290560000000002,0.023333633,-0.05957196668145659
31084,0.12207599999999996,0.11044906,-0.011626939202308617,9.0613,9.280778,0.21947793121337966,8.401460000000002,8.53032,0.12886016754150198,0.02290559999999997,0.023333633,0.0004280333185434637
31085,0.13207599999999997,0.11044906,-0.021626939202308626,10.0613,9.280778,-0.7805220687866203,9.801460000000002,8.53032,-1.2711398324584984,0.0629056,0.023333633,-0.03957196668145657
31087,0.12207599999999996,0.11044906,-0.011626939202308617,8.8613,9.280778,0.41947793121337895,8.001460000000002,8.53032,0.5288601675415023,0.007905599999999957,0.023333633,0.015428033318543477
31088,0.05148799999999998,-0.008840198,-0.060328197697281816,7.941820000000003,8.658957,0.7171365277099575,7.41644,5.2549186,-2.1615214247131345,0.050307800000000125,-0.010833213,-0.06114101310579789
31089,0.08425400000000005,0.105759814,0.021505814381599375,16.183300000000003,13.675265,-2.5080346878051785,12.77204,10.623154,-2.148886313476563,0.023824899999999927,0.03787925,0.01405435094366081
31090,0.09248000000000012,0.082787536,-0.00969246391534817,9.53737,13.176296,3.63892623413086,9.05409,12.059086,3.004995845947265,0.046650699999999934,0.05568796,0.0090372602372647
31185,-0.08148600000000017,-0.029235128,0.052250871686697176,2.843110000000003,5.8909426,3.0478325735473604,3.002830000000003,5.380371,2.377541093749997,0.03698579999999996,0.08899616,0.052010357050132794
31186,-0.09148600000000018,-0.029235128,0.062250871686697185,4.563110000000002,5.8909426,1.3278325735473615,3.2828300000000006,5.380371,2.0975410937499994,0.05498579999999986,0.08899616,0.03401035705013289
31187,-0.08148600000000017,-0.029235128,0.052250871686697176,3.263110000000001,5.8909426,2.627832573547362,2.102830000000001,5.380371,3.277541093749999,0.05098579999999997,0.08899616,0.03801035705013278
31188,-0.07148600000000016,-0.029235128,0.04225087168669717,5.663110000000003,5.8909426,0.22783257354736008,4.782830000000001,5.380371,0.5975410937499994,0.06798579999999999,0.08899616,0.021010357050132766
31323,0.132343,0.11936414,-0.012978857582092274,8.12414,8.619988,0.4958484414672846,10.47445,10.464519,-0.009931452941893681,0.12442659999999994,0.14136797,0.0169413718971253
31324,0.11234299999999997,0.11936414,0.007021142417907744,8.114140000000003,8.619988,0.5058484414672826,9.844449999999998,10.464519,0.6200685470581071,0.10442659999999993,0.14136797,0.03694137189712532
31325,0.17143699999999995,0.046734978,-0.12470202248644824,13.098460000000001,8.701716,-4.396743576965333,13.002490000000002,9.632073,-3.3704165975952165,0.06453720000000007,0.14118403,0.07664683196334832
31351,0.0019620000000000193,-0.018388487,-0.02035048739862444,6.847160000000002,6.475719,-0.3714410249328637,9.576139999999999,7.6402645,-1.9358754888916003,0.22261769999999992,0.1425296,-0.08008809318084709
31355,-0.00803799999999999,-0.018388487,-0.01035048739862443,6.847160000000002,6.475719,-0.3714410249328637,7.576139999999999,7.6402645,0.06412451110839967,0.12961769999999995,0.1425296,0.012911906819152885
31356,0.0019620000000000193,-0.018388487,-0.02035048739862444,6.847160000000002,6.475719,-0.3714410249328637,6.776139999999998,7.6402645,0.8641245111084004,0.0776176999999999,0.1425296,0.06491190681915293
31357,-0.048038000000000025,-0.018388487,0.029649512601375605,6.7471600000000045,6.475719,-0.2714410249328658,5.076139999999999,7.6402645,2.5641245111083997,0.03161769999999997,0.1425296,0.11091190681915286
31363,0.0019620000000000193,-0.018388487,-0.02035048739862444,6.447160000000004,6.475719,0.028558975067134895,9.47614,7.6402645,-1.8358754888916007,0.22661769999999992,0.1425296,-0.08408809318084709
31364,-0.028038000000000007,-0.018388487,0.009649512601375587,5.947160000000004,6.475719,0.5285589750671349,8.176139999999998,7.6402645,-0.5358754888916,0.18561769999999989,0.1425296,-0.043088093180847054
31407,0.15521700000000005,0.06883317,-0.08638382767868047,15.765749999999999,12.320009,-3.445740768432616,14.45087,9.328071,-5.122799359436035,0.11632389999999992,0.04667497,-0.06964892946257584
31408,-0.03884500000000002,0.013514837,0.052359837250113506,9.70569,9.790098,0.08440819030761659,5.656550000000001,7.2801967,1.6236466667175282,-0.01597470000000001,0.037404735,0.05337943464131356
31425,0.012799000000000005,0.04008002,0.027281018341541285,18.499760000000002,16.799032,-1.700727788696291,14.604320000000001,15.451694,0.8473735348510729,0.09750270000000005,0.2069868,0.1094840998361587
31426,0.04279900000000003,0.04008002,-0.002718981658458741,16.959760000000003,16.799032,-0.1607277886962919,17.80432,15.451694,-2.3526264651489264,0.3535027,0.2069868,-0.14651590016384125
31635,0.168883,0.09810646,-0.07077654121685029,13.44771,9.177738,-4.269971810302735,12.76669,9.487618,-3.279071553649903,0.054355699999999896,0.09879365,0.0444379481833459
31652,-0.022696999999999967,-0.013064689,0.00963231099706885,11.405810000000002,13.913848,2.508037923278806,10.283259999999999,12.968093,2.6848329183959976,0.08543459999999992,0.14855413,0.06311953138866433
31653,0.01730300000000007,-0.013064689,-0.030367689002931186,17.30581,13.913848,-3.3919620767211924,18.78326,12.968093,-5.815167081604002,0.3514346,0.14855413,-0.20288046861133574
31654,-0.042696999999999985,-0.013064689,0.029632310997068867,10.50581,13.913848,3.4080379232788083,8.18326,12.968093,4.7848329183959954,0.03043459999999998,0.14855413,0.11811953138866427
31655,-0.022696999999999967,-0.013064689,0.00963231099706885,15.605810000000002,13.913848,-1.6919620767211931,14.38326,12.968093,-1.4151670816040038,0.13943459999999996,0.14855413,0.009119531388664281
31676,-0.06721500000000002,-0.022720672,0.04449432780981066,4.783239999999999,7.6494803,2.866240342864991,2.6498100000000004,5.4478965,2.7980864805603023,0.011713700000000049,0.02853498,0.01682128049080367
31677,-0.057215000000000016,-0.022720672,0.034494327809810654,7.273240000000001,7.6494803,0.376240342864989,4.9798100000000005,5.4478965,0.4680864805603022,0.028713700000000064,0.02853498,-0.0001787195091963456
31678,-0.01721499999999998,-0.022720672,-0.005505672190189381,8.483240000000002,7.6494803,-0.8337596571350119,6.0298099999999994,5.4478965,-0.5819135194396967,0.016713700000000054,0.02853498,0.011821280490803665
32154,0.04276499999999994,-0.009630763,-0.0523957629719376,6.50046,7.498194,0.9977342176818844,9.975359999999998,8.840719,-1.1346407769775375,0.1760887,0.13276303,-0.04332567185516356
32156,0.09238699999999989,0.028802734,-0.06358426613163937,11.605680000000003,9.894965,-1.7107148281860383,9.805150000000001,7.744984,-2.06016585006714,0.03045600000000004,0.04598258,0.01552658063197132
32165,0.12253400000000003,0.08880792,-0.03372608186864856,8.26615,9.039069,0.7729191757202152,9.388349999999999,8.736556,-0.651793946838378,0.035816199999999965,0.041811816,0.005995616394329106
32263,0.06221500000000013,0.012249289,-0.04996571091949953,10.948349999999998,9.495708,-1.452641534423826,9.797250000000002,6.3991885,-3.398061481475832,0.07226410000000005,-0.0061832555,-0.07844735546383863
32940,0.11199999999999999,0.14737822,0.03537822115421296,14.975249999999999,18.747711,3.772461181640626,16.24622,21.525106,5.27888643005371,0.13741589999999992,0.38031426,0.24289836072120674
32948,0.062000000000000055,0.14737822,0.0853782211542129,17.54525,18.747711,1.2024611816406257,20.58622,21.525106,0.9388864300537101,0.35141589999999995,0.38031426,0.028898360721206717
32949,0.132,0.14737822,0.015378221154212945,19.23525,18.747711,-0.4875388183593756,23.24622,21.525106,-1.72111356994629,0.46541589999999994,0.38031426,-0.08510163927879327
32951,0.252,0.14737822,-0.10462177884578705,22.16525,18.747711,-3.4175388183593753,25.24622,21.525106,-3.72111356994629,0.5394159,0.38031426,-0.15910163927879328
32991,0.14381300000000008,0.1129042,-0.030908801532268604,9.119610000000002,9.54577,0.4261596914672836,11.65634,9.676716,-1.979624149169922,0.22019530000000015,0.11502158,-0.10517372103242889
32992,0.12339200000000006,0.1129042,-0.010487801532268581,16.77862,12.282893,-4.495726819152832,10.938329999999999,9.455284,-1.483045881347655,-0.02944000000000002,-0.004539838,0.024900161939263366
33273,0.11560000000000004,0.024410162,-0.09118983787894253,11.71255,11.426468,-0.28608210449218774,14.30408,11.843526,-2.4605541134643563,0.16170479999999998,0.11257133,-0.04913347112159727
33274,0.0068749999999999645,0.0019956056,-0.004879394350573385,14.584729999999997,11.183926,-3.4008043713378875,12.00308,9.393757,-2.6093231335449225,0.004812700000000003,0.026371015,0.021558315235781667
33457,0.32095000000000007,0.020297965,-0.3006520349651576,25.99737,12.700091,-13.297278638000488,21.9771,12.676073,-9.30102692565918,0.4454893,0.17552166,-0.269967643129158
33458,-0.03905000000000003,0.020297965,0.05934796503484252,9.58737,12.700091,3.1127213619995118,10.517100000000001,12.676073,2.1589730743408193,0.16748929999999995,0.17552166,0.008032356870842028
33459,0.15560000000000007,0.047518753,-0.10808124748468406,26.92255,15.118813,-11.803737438964845,23.18408,14.587435,-8.596645231323244,0.33570479999999997,0.13621527,-0.1994895304344177
33460,0.015600000000000058,0.047518753,0.03191875251531595,12.98255,15.118813,2.1362625610351564,13.114080000000001,14.587435,1.4733547686767565,0.12570480000000006,0.13621527,0.010510469565582214
33462,0.04682900000000001,0.020971438,-0.02585756208384038,11.92691,9.975762,-1.9511476327514643,12.33834,9.853213,-2.4851266897583013,0.11857720000000005,0.09755893,-0.02101826948375707
33465,0.10321500000000006,0.012249289,-0.09096571091949945,24.668349999999997,9.495708,-15.172641534423825,12.907250000000001,6.3991885,-6.508061481475831,-0.2267359,-0.0061832555,0.2205526445361614
33466,-0.007784999999999931,0.012249289,0.020034289080500534,7.768349999999998,9.495708,1.7273584655761738,-1.672749999999997,6.3991885,8.071938518524167,-0.29073589999999994,-0.0061832555,0.28455264453616136
33772,-0.087785,0.015172636,0.10295763613641262,6.228349999999999,8.815395,2.5870453552246104,0.8872500000000016,6.416284,5.529034084320067,-0.08773589999999998,0.016717602,0.10445350156750677
33773,-0.1077849999999998,-0.05424634,0.05353866005301455,6.538349999999998,6.9845114,0.44616137542724843,1.7572500000000026,3.841085,2.0838349571228,-0.04773589999999994,-0.01011459,0.03762131029393667
33774,0.1622150000000001,0.015172636,-0.1470423638635875,6.838349999999998,8.815395,1.977045355224611,8.10725,6.416284,-1.6909659156799322,0.10226410000000008,0.016717602,-0.08554649843249329
33775,0.1622150000000001,0.02317913,-0.13903586937129508,6.638349999999999,8.880646,2.242295751953126,8.50725,8.753414,0.2461641540527335,0.062264100000000044,0.06922345,0.0069593486341476
33776,0.08221500000000015,0.10353568,0.02132068196296677,7.738349999999997,7.8612304,0.1228803733825714,9.00725,9.753846,0.7465961685180655,0.18226410000000004,0.12166042,-0.060603681191539804
33777,0.042215000000000114,0.0027232324,-0.039491767622679586,8.138349999999999,7.3096724,-0.8286776443481436,10.50725,6.7861214,-3.7211286315917977,0.20226410000000006,0.082411185,-0.11985291509304052
33778,0.042215000000000114,0.008384127,-0.033830872830152625,7.93835,7.307876,-0.6304738899230955,10.00725,7.070012,-2.937237907409669,0.18226410000000004,0.08144741,-0.10081669239673618
33782,0.05221500000000012,0.01365093,-0.038564070444703225,11.138349999999999,10.66921,-0.46913956604003815,13.50725,11.289322,-2.2179281005859384,0.2822641000000001,0.20514129,-0.07712280897769935
33783,0.022215000000000096,0.011841625,-0.010373375024795628,12.638349999999999,10.879624,-1.7587256332397452,14.307250000000002,11.75749,-2.549759841918947,0.2922641,0.20725244,-0.08501165716323855
33784,0.012215000000000087,-0.050788093,-0.06300309335827836,13.838349999999998,12.931716,-0.9066340347290023,15.00725,13.280496,-1.7267543563842782,0.2922641,0.23315956,-0.0591045430150986
33786,-0.07778499999999999,-0.050788093,0.02699690664172172,11.988349999999997,12.931716,0.9433659652709991,9.837250000000001,13.280496,3.4432456436157217,0.03226410000000002,0.23315956,0.2008954569849014
33787,-0.1077849999999998,-0.050788093,0.05699690664172152,13.248349999999999,12.931716,-0.3166340347290024,15.92725,13.280496,-2.646754356384278,0.38226410000000005,0.23315956,-0.14910454301509862
33808,0.17521500000000012,0.015172636,-0.1600423638635875,9.108349999999998,8.815395,-0.2929546447753886,10.667250000000001,6.416284,-4.250965915679933,0.11226410000000009,0.016717602,-0.0955464984324933
33989,0.002215000000000078,0.013593375,0.011378374751508158,6.838349999999998,7.4481406,0.6097906211853044,3.707250000000002,6.0589237,2.3516737213134746,-0.04773589999999994,0.03865917,0.08639507026996607
33990,0.002215000000000078,0.013593375,0.011378374751508158,6.238349999999997,7.4481406,1.2097906211853058,3.4072500000000012,6.0589237,2.6516737213134753,-0.03773589999999993,0.03865917,0.07639507026996606
33991,-0.02778499999999995,0.013593375,0.041378374751508185,6.238349999999997,7.4481406,1.2097906211853058,2.5072500000000026,6.0589237,3.551673721313474,-0.06773589999999996,0.03865917,0.10639507026996609
33992,-0.047784999999999966,0.013593375,0.0613783747515082,6.238349999999997,7.4481406,1.2097906211853058,1.8072499999999998,6.0589237,4.251673721313477,-0.07773589999999997,0.03865917,0.1163950702699661
33993,0.002215000000000078,0.013593375,0.011378374751508158,6.93835,7.4481406,0.5097906211853029,3.9072500000000012,6.0589237,2.1516737213134753,-0.03773589999999993,0.03865917,0.07639507026996606
33994,-0.007784999999999931,0.013593375,0.021378374751508167,6.038349999999998,7.4481406,1.409790621185305,3.6072500000000005,6.0589237,2.451673721313476,-0.017735899999999916,0.03865917,0.05639507026996604
33996,0.022215000000000096,0.013593375,-0.00862162524849186,6.93835,7.4481406,0.5097906211853029,5.007250000000001,6.0589237,1.0516737213134757,-0.007735899999999907,0.03865917,0.04639507026996603
33998,0.032215000000000105,0.013593375,-0.01862162524849187,8.038349999999998,7.4481406,-0.5902093788146949,7.307250000000002,6.0589237,-1.248326278686525,0.052264100000000036,0.03865917,-0.01360492973003391
33999,0.012215000000000087,0.009865596,-0.0023494040408731376,8.398349999999997,9.485636,1.087285757446292,5.257250000000001,7.346981,2.0897310485839835,-0.04173590000000005,0.027338766,0.0690746655615807
34293,-0.04323600000000005,0.024604646,0.06784064648902421,3.6519399999999997,7.244454,3.5925139070129397,4.172889999999999,9.166313,4.99342317138672,0.08703440000000007,0.12786633,0.04083192776260369
34335,-0.011486000000000107,-0.029235128,-0.017749128313302887,8.833110000000001,5.8909426,-2.942167426452638,7.582830000000001,5.380371,-2.2024589062500013,0.045985799999999966,0.08899616,0.043010357050132786
34336,-0.10148600000000019,-0.029235128,0.0722508716866972,3.9931100000000015,5.8909426,1.8978325735473618,1.7828300000000006,5.380371,3.5975410937499994,0.01898579999999994,0.08899616,0.07001035705013281
34337,-0.041486000000000134,-0.029235128,0.01225087168669714,1.9431100000000008,5.8909426,3.9478325735473625,0.9828299999999999,5.380371,4.39754109375,0.010985799999999935,0.08899616,0.07801035705013282
34338,-0.08148600000000017,-0.029235128,0.052250871686697176,4.313110000000002,5.8909426,1.5778325735473615,1.382830000000002,5.380371,3.997541093749998,-0.03201419999999999,0.08899616,0.12101035705013274
34339,-0.07148600000000016,-0.029235128,0.04225087168669717,3.913110000000003,5.8909426,1.97783257354736,4.982830000000002,5.380371,0.39754109374999835,0.13898579999999994,0.08899616,-0.049989642949867186
34341,-0.05148600000000014,-0.029235128,0.02225087168669715,3.353110000000001,5.8909426,2.5378325735473624,4.982830000000002,5.380371,0.39754109374999835,0.13898579999999994,0.08899616,-0.049989642949867186
34456,0.06221500000000013,0.015172636,-0.04704236386358751,7.34835,8.815395,1.4670453552246094,8.787250000000002,6.416284,-2.3709659156799336,0.1232641000000001,0.016717602,-0.10654649843249331
34794,-0.01833499999999999,0.03434044,0.05267544122695922,6.240340000000003,7.734587,1.494247192535397,3.4712999999999994,6.428359,2.9570590316772467,-0.02867720000000007,0.016828252,0.045505452002596924
34797,0.0016650000000000276,0.03434044,0.0326754412269592,6.130340000000004,7.734587,1.6042471925353965,4.491300000000001,6.428359,1.9370590316772454,0.008322799999999964,0.016828252,0.008505452002596892
35040,0.1522150000000001,0.015172636,-0.13704236386358748,14.098349999999998,8.815395,-5.282954644775389,12.407250000000001,6.416284,-5.990965915679933,0.06426410000000005,0.016717602,-0.047546498432493256
35065,-0.06858900000000001,-0.03395577,0.03463322852396966,6.762549999999997,7.1212635,0.3587135040283229,3.3993900000000004,4.5192695,1.1198794664001461,-0.018535100000000027,0.0036658572,0.022200957249870923
35066,-0.06801500000000016,-0.07036687,-0.0023518668866155945,6.057960000000001,5.8890805,-0.16887947555542127,4.529999999999999,3.7780743,-0.7519257354736322,0.05212749999999999,0.03270063,-0.019426868232488625
35067,-0.04858899999999999,-0.03395577,0.014633228523969644,5.742549999999998,7.1212635,1.3787135040283225,2.6493900000000004,4.5192695,1.8698794664001461,-0.021535099999999918,0.0036658572,0.025200957249870815
35068,-0.053015000000000034,-0.07036687,-0.01735186688661572,5.657960000000003,5.8890805,0.2311205244445773,3.7699999999999996,3.7780743,0.008074264526367614,0.032127499999999976,0.03270063,0.0005731317675113923
35157,-0.030088000000000115,-0.009169349,0.020918650553107376,8.51249,10.341454,1.828963552246094,6.87125,9.330014,2.458764228820801,0.027618799999999943,0.06307768,0.035458880766582546
35158,-0.00730199999999992,0.004141086,0.011443085781156936,4.58023,6.9968553,2.41662525894165,3.8485299999999985,5.3733077,1.5247777049255387,0.045556199999999936,0.026957689,-0.01859851114685529
35159,-0.030088000000000115,-0.009169349,0.020918650553107376,9.152489999999997,10.341454,1.188963552246097,8.24125,9.330014,1.0887642288208,0.06761879999999998,0.06307768,-0.00454111923341749
35160,-0.00730199999999992,0.004141086,0.011443085781156936,5.000230000000002,6.9968553,1.9966252589416484,4.3085299999999975,5.3733077,1.0647777049255396,0.055556199999999945,0.026957689,-0.0285985111468553
35170,0.16198999999999997,0.051640432,-0.1103495676720142,15.621590000000001,10.23296,-5.388630252685548,13.585080000000001,7.6597996,-5.925280424194337,0.0984836,0.031909,-0.06657459987149239
35173,-0.01519399999999993,0.027975835,0.04316983490610116,6.253820000000001,7.2279825,0.9741625210571279,3.0311700000000013,4.760445,1.7292751179504382,-0.06198350000000008,-0.00036664688,0.06161685311622367
35174,-0.008010000000000073,0.051640432,0.059650432327985836,9.621590000000001,10.23296,0.6113697473144519,4.785080000000001,7.6597996,2.8747195758056634,-0.09451639999999994,0.031909,0.12642540012850756
35175,0.001068000000000069,0.030488275,0.02942027499151223,6.827349999999999,8.937631,2.1102806533813485,3.19792,5.999727,2.8018067723083497,-0.08850889999999989,-0.028871393,0.05963750716879357
35176,0.021989999999999954,0.051640432,0.02965043232798581,10.721590000000003,10.23296,-0.4886302526855495,6.48508,7.6597996,1.174719575805664,-0.08351640000000005,0.031909,0.11542540012850766
35179,0.021230000000000082,0.037243016,0.01601301606416694,12.234470000000002,9.568717,-2.6657529971313494,8.585130000000001,7.3439355,-1.2411945103454602,-0.014131900000000086,0.018023347,0.032155247482085314
35180,0.15198999999999996,0.051640432,-0.1003495676720142,15.421590000000002,10.23296,-5.188630252685549,11.98508,7.6597996,-4.325280424194336,-0.025516400000000106,0.031909,0.05742540012850772
35191,-0.07578499999999999,0.023170657,0.09895565745592116,7.84835,8.484077,0.6357274536132813,4.757250000000001,6.051388,1.2941377868652335,0.013264100000000001,-0.008697643,-0.02196174294475317
35192,-0.06378499999999998,0.023170657,0.08695565745592115,7.928349999999998,8.484077,0.555727453613283,4.787250000000002,6.051388,1.2641377868652324,0.004264100000000104,-0.008697643,-0.012961742944753274
35317,0.10342200000000001,0.013667358,-0.0897546419144869,11.505780000000001,9.806826,-1.6989543621826186,9.60573,7.900329,-1.7054008869934076,0.005074700000000099,0.040671498,0.035596797583389184
35343,-0.09761300000000017,0.033506304,0.1311193040256502,6.305680000000002,9.111972,2.806291855163572,1.905149999999999,7.3718204,5.4666704498291026,-0.06054400000000004,0.0448068,0.10535080078268055
35451,0.06456200000000001,-0.006007614,-0.07056961407986284,7.5484100000000005,7.260833,-0.2875772134399419,8.9207,7.5479846,-1.3727153999328614,0.10024309999999992,0.085452765,-0.014790334773635783
35452,-0.08243800000000001,-0.006007614,0.07643038592013718,7.38841,7.260833,-0.12757721343994177,5.790700000000001,7.5479846,1.7572846000671376,0.060243099999999994,0.085452765,0.025209665226364142
35453,0.3325340000000001,0.17089136,-0.16164264055156718,18.74615,16.466257,-2.279892904663086,16.288349999999998,14.313473,-1.9748772521972633,0.09081620000000001,0.09361397,0.002797767299461351
35465,-0.04866900000000007,-0.048010338,0.0006586619021893281,10.021269999999998,9.77469,-0.24658032562255627,8.14544,7.6447406,-0.5006994184875495,0.06786820000000005,0.039756,-0.028112199958038375
35469,-0.04866900000000007,-0.048010338,0.0006586619021893281,10.15127,9.77469,-0.37658032562255883,7.815440000000001,7.6447406,-0.17069941848754944,0.04786820000000003,0.039756,-0.008112199958038357
35473,-0.04866900000000007,-0.048010338,0.0006586619021893281,10.161269999999998,9.77469,-0.38658032562255684,7.57544,7.6447406,0.06930058151245078,0.034868200000000016,0.039756,0.004887800041961654
35477,-0.04866900000000007,-0.048010338,0.0006586619021893281,10.271269999999998,9.77469,-0.4965803256225563,7.4854400000000005,7.6447406,0.15930058151245063,0.024868200000000007,0.039756,0.014887800041961663
35516,0.18238699999999997,0.033506304,-0.14888069597434994,6.56568,9.111972,2.546291855163574,8.36515,7.3718204,-0.9933295501708983,0.051455999999999946,0.0448068,-0.006649199217319435
35517,-0.008193000000000117,0.03172191,0.03991490859913838,5.365660000000002,7.9148927,2.5492326734924298,5.657000000000002,7.252364,1.5953641586303693,0.08552360000000003,0.050574828,-0.034948772060728106
35664,-0.03761300000000012,0.030776516,0.06838951560306561,7.445680000000003,8.852043,1.4063631518554658,5.17515,7.202425,2.0272750030517575,0.0014560000000000128,0.017125644,0.015669643789768206
35756,0.04238699999999995,0.033506304,-0.008880695974349928,11.505680000000002,9.111972,-2.3937081448364275,14.305150000000001,7.3718204,-6.9333295501709,0.32145599999999996,0.0448068,-0.27664919921731945
35758,-0.009633000000000003,-0.02662421,-0.01699121017885208,9.370070000000002,8.334437,-1.035632629699709,6.40405,7.061346,0.6572960540771486,0.07408400000000004,0.08201083,0.007926827958583793
35849,0.002215000000000078,0.021990258,0.019775258246660155,7.25835,10.513018,3.2546676544189452,4.017250000000001,7.9856453,3.9683952941894525,-0.05273589999999995,0.028857674,0.08159357444968218
35858,0.18359000000000003,0.09513471,-0.08845528724431995,15.457450000000001,13.928055,-1.529395190429689,15.389019999999999,11.409055,-3.979965243835448,0.13918299999999995,0.016791241,-0.12239175875651831
35860,0.053590000000000027,0.09513471,0.04154471275568006,11.557450000000003,13.928055,2.3706048095703096,8.77902,11.409055,2.6300347561645516,-0.010816999999999966,0.016791241,0.0276082412434816
35861,0.07359000000000004,0.09513471,0.02154471275568004,13.757450000000002,13.928055,0.17060480957031032,10.789019999999999,11.409055,0.6200347561645518,-0.0008170000000000677,0.016791241,0.017608241243481704
35862,0.11358999999999997,0.09513471,-0.018455287244319885,14.65745,13.928055,-0.7293951904296883,11.879019999999999,11.409055,-0.469965243835448,0.009182999999999941,0.016791241,0.007608241243481695
35863,0.11358999999999997,0.09513471,-0.018455287244319885,15.057450000000003,13.928055,-1.1293951904296904,11.619019999999999,11.409055,-0.20996524383544823,-0.030816999999999983,0.016791241,0.04760824124348162
35905,-0.010262999999999911,0.023532005,0.03379500502693644,6.518529999999998,8.255434,1.7369040362548844,3.9046699999999994,5.728517,1.8238470555114752,-0.02040580000000003,0.032142863,0.05254866267757419
35984,-0.07778499999999999,0.0027232324,0.08050823237732052,6.1183499999999995,7.3096724,1.191322355651856,2.12725,6.7861214,4.658871368408203,-0.05773589999999995,0.082411185,0.14014708490695948
36100,0.19340499999999994,0.104299575,-0.08910542490959161,7.68732,8.133197,0.445876830749512,11.22722,9.904499,-1.3227209460449227,0.16421990000000009,0.12947844,-0.03474146031131753
36300,0.041870000000000074,0.07116198,0.029291977946758196,8.20758,8.3206,0.11301955596923818,6.421039999999998,6.8964725,0.47543245407104706,0.00414060000000005,0.01402884,0.009888239766979168
36302,0.011870000000000047,0.07116198,0.05929197794675822,7.20758,8.3206,1.1130195559692382,3.621039999999997,6.8964725,3.2754324540710478,-0.07585940000000002,0.01402884,0.08988823976697924
36303,0.0018700000000000383,0.07116198,0.06929197794675823,7.20758,8.3206,1.1130195559692382,2.5210399999999993,6.8964725,4.375432454071046,-0.11585940000000006,0.01402884,0.12988823976697927
36304,0.06187000000000009,0.07116198,0.009291977946758179,7.107580000000002,8.3206,1.213019555969236,5.321039999999998,6.8964725,1.5754324540710467,-0.025859399999999977,0.01402884,0.039888239766979194
36305,0.011870000000000047,0.07116198,0.05929197794675822,7.007580000000001,8.3206,1.3130195559692375,3.121039999999997,6.8964725,3.7754324540710478,-0.09585940000000004,0.01402884,0.10988823976697926
36306,0.11187000000000002,0.07116198,-0.040708022053241755,11.00758,8.3206,-2.6869804440307625,10.621039999999999,6.8964725,-3.724567545928954,0.09414060000000002,0.01402884,-0.0801117602330208
36307,0.13187000000000004,0.07116198,-0.06070802205324177,8.807580000000002,8.3206,-0.48698044403076324,10.52104,6.8964725,-3.6245675459289544,0.14414059999999995,0.01402884,-0.13011176023302073
36308,0.12187000000000003,0.07116198,-0.050708022053241764,8.607580000000002,8.3206,-0.28698044403076395,10.52104,6.8964725,-3.6245675459289544,0.15414059999999996,0.01402884,-0.14011176023302074
36309,0.10187000000000002,0.07116198,-0.030708022053241746,8.607580000000002,8.3206,-0.28698044403076395,8.321039999999998,6.8964725,-1.4245675459289533,0.044140599999999974,0.01402884,-0.030111760233020757
36310,0.10187000000000002,0.07116198,-0.030708022053241746,8.40758,8.3206,-0.0869804440307611,5.821039999999998,6.8964725,1.0754324540710467,-0.08585940000000003,0.01402884,0.09988823976697925
36311,0.0718700000000001,0.07116198,-0.0007080220532418302,8.307580000000002,8.3206,0.013019555969236762,7.521039999999999,6.8964725,-0.6245675459289544,0.034140599999999965,0.01402884,-0.020111760233020748
36386,0.226387,0.044614986,-0.1817720144147873,14.405680000000002,8.1675415,-6.238138496093752,14.945150000000002,7.494296,-7.4508539260864275,0.21345599999999998,0.08322435,-0.13023165127611158
36387,0.2543869999999999,0.044614986,-0.2097720144147872,8.205680000000001,8.1675415,-0.03813849609375097,13.875150000000001,7.494296,-6.380853926086427,0.275456,0.08322435,-0.19223165127611158
36466,0.0914879999999999,-0.008840198,-0.10032819769728174,9.141820000000003,8.658957,-0.4828634722900418,7.31644,5.2549186,-2.061521424713135,-0.013692199999999932,-0.010833213,0.0028589868942021646
36564,0.12387999999999999,0.06038149,-0.0634985092628002,4.7515399999999985,6.512192,1.760651772460939,7.372200000000001,7.330624,-0.04157589645385862,0.10025010000000001,0.09047215,-0.00977795313129426
36565,-0.02778499999999995,0.015172636,0.04295763613641257,11.388349999999999,8.815395,-2.5729546447753897,7.587250000000001,6.416284,-1.1709659156799326,-0.007735899999999907,0.016717602,0.024453501567506697
36566,-0.01778499999999994,0.015172636,0.03295763613641256,11.518349999999998,8.815395,-2.7029546447753887,7.987250000000001,6.416284,-1.570965915679933,0.002264100000000102,0.016717602,0.014453501567506688
36567,-0.02778499999999995,0.015172636,0.04295763613641257,11.568349999999999,8.815395,-2.7529546447753894,8.26725,6.416284,-1.8509659156799323,0.02226410000000001,0.016717602,-0.005546498432493219
36568,0.012215000000000087,0.015172636,0.0029576361364125336,10.86835,8.815395,-2.05295464477539,7.887250000000002,6.416284,-1.4709659156799333,0.002264100000000102,0.016717602,0.014453501567506688
36625,0.5223869999999999,0.028802734,-0.4935842661316394,18.50568,9.894965,-8.610714828186037,19.40515,7.744984,-11.660165850067138,0.48945600000000006,0.04598258,-0.4434734193680287
36626,-0.03761300000000012,0.028802734,0.06641573386836064,8.605680000000003,9.894965,1.2892851718139617,6.405150000000001,7.744984,1.3398341499328605,0.038455999999999935,0.04598258,0.007526580631971425
36638,0.12253400000000003,0.11771016,-0.004823841771125825,8.546149999999997,7.645898,-0.9002521347045871,9.088349999999998,8.8225155,-0.26583451232909994,0.06081619999999999,0.07971428,0.018898083347129835
36753,-0.04799700000000007,-0.039885163,0.008111836692810126,10.812470000000005,9.256305,-1.556165259094243,6.864879999999999,4.7300143,-2.134865675811767,-0.00011470000000002312,-0.036071546,-0.03595684637575147
36754,-0.04999700000000007,-0.039885163,0.010111836692810128,10.602470000000004,9.256305,-1.3461652590942421,5.744879999999998,4.7300143,-1.014865675811766,-0.04211469999999995,-0.036071546,0.006043153624248454
36755,-0.07199700000000009,-0.039885163,0.03211183669281015,8.092470000000002,9.256305,1.1638347409057594,2.3648799999999994,4.7300143,2.365134324188233,-0.08211469999999987,-0.036071546,0.04604315362424838
36756,-0.06099699999999997,-0.039885163,0.021111836692810027,8.752470000000002,9.256305,0.5038347409057593,3.6548799999999986,4.7300143,1.0751343241882338,-0.061114699999999966,-0.036071546,0.02504315362424847
36757,-0.058996999999999966,-0.039885163,0.019111836692810025,9.432470000000002,9.256305,-0.1761652590942404,3.964880000000001,4.7300143,0.7651343241882316,-0.07211469999999987,-0.036071546,0.03604315362424837
37054,-0.059414999999999996,-0.025952354,0.03346264592647552,5.895590000000002,6.4578495,0.5622595025634745,5.151009999999999,6.0125422,0.8615322477722174,0.05871729999999997,0.06367716,0.004959861931991605
37055,-0.059414999999999996,-0.025952354,0.03346264592647552,6.345590000000001,6.4578495,0.11225950256347517,5.961010000000002,6.0125422,0.0515322477722151,0.07871729999999999,0.06367716,-0.015040138068008413
37056,-0.04941499999999999,-0.025952354,0.02346264592647551,6.575590000000002,6.4578495,-0.11774049743652526,5.841010000000001,6.0125422,0.1715322477722161,0.05871729999999997,0.06367716,0.004959861931991605
37058,-0.01941499999999996,-0.025952354,-0.006537354073524515,6.67559,6.4578495,-0.21774049743652313,6.38101,6.0125422,-0.36846775222778305,0.05871729999999997,0.06367716,0.004959861931991605
37060,0.020585000000000075,-0.025952354,-0.04653735407352455,5.575590000000002,6.4578495,0.8822595025634747,6.401009999999999,6.0125422,-0.3884677522277826,0.06871729999999998,0.06367716,-0.005040138068008404
37061,0.10058500000000004,-0.025952354,-0.1265373540735245,6.735590000000002,6.4578495,-0.2777404974365254,8.07101,6.0125422,-2.0584677522277826,0.04871729999999996,0.06367716,0.014959861931991614
37062,-0.03941499999999998,-0.025952354,0.013462645926475503,5.97559,6.4578495,0.48225950256347616,5.761009999999999,6.0125422,0.25153224777221794,0.06871729999999998,0.06367716,-0.005040138068008404
37063,-0.02941499999999997,-0.025952354,0.003462645926475494,6.49559,6.4578495,-0.03774049743652341,6.97101,6.0125422,-0.9584677522277829,0.09871730000000001,0.06367716,-0.03504013806800843
37064,-0.03941499999999998,-0.025952354,0.013462645926475503,6.90559,6.4578495,-0.44774049743652355,6.27101,6.0125422,-0.2584677522277836,0.05871729999999997,0.06367716,0.004959861931991605
37065,-0.009414999999999951,-0.025952354,-0.016537354073524524,5.665590000000002,6.4578495,0.7922595025634749,5.321010000000001,6.0125422,0.6915322477722157,0.038717299999999955,0.06367716,0.024959861931991623
37066,-0.02941499999999997,-0.025952354,0.003462645926475494,6.805590000000002,6.4578495,-0.3477404974365257,6.331009999999999,6.0125422,-0.31846775222778234,0.05871729999999997,0.06367716,0.004959861931991605
37067,0.0005850000000000577,-0.025952354,-0.026537354073524533,6.795590000000001,6.4578495,-0.3377404974365241,7.62101,6.0125422,-1.6084677522277833,0.09871730000000001,0.06367716,-0.03504013806800843
37068,0.010585000000000067,-0.025952354,-0.03653735407352454,6.1255900000000025,6.4578495,0.33225950256347403,6.431010000000001,6.0125422,-0.41846775222778376,0.05871729999999997,0.06367716,0.004959861931991605
37069,-0.01941499999999996,-0.025952354,-0.006537354073524515,6.67559,6.4578495,-0.21774049743652313,6.81101,6.0125422,-0.7984677522277828,0.07871729999999999,0.06367716,-0.015040138068008413
37070,0.0005850000000000577,-0.025952354,-0.026537354073524533,6.205590000000001,6.4578495,0.25225950256347573,5.901009999999999,6.0125422,0.11153224777221737,0.038717299999999955,0.06367716,0.024959861931991623
37071,-0.02941499999999997,-0.025952354,0.003462645926475494,6.165590000000002,6.4578495,0.2922595025634749,5.61101,6.0125422,0.4015322477722165,0.04871729999999996,0.06367716,0.014959861931991614
37072,0.0005850000000000577,-0.025952354,-0.026537354073524533,6.3755900000000025,6.4578495,0.08225950256347403,6.46101,6.0125422,-0.4484677522277831,0.05871729999999997,0.06367716,0.004959861931991605
37073,-0.04941499999999999,-0.025952354,0.02346264592647551,6.72559,6.4578495,-0.26774049743652384,6.61101,6.0125422,-0.5984677522277835,0.0887173,0.06367716,-0.025040138068008422
37075,0.010585000000000067,-0.025952354,-0.03653735407352454,6.345590000000001,6.4578495,0.11225950256347517,6.171009999999999,6.0125422,-0.1584677522277822,0.038717299999999955,0.06367716,0.024959861931991623
37077,-0.02941499999999997,-0.025952354,0.003462645926475494,6.42559,6.4578495,0.03225950256347687,6.47101,6.0125422,-0.4584677522277829,0.07871729999999999,0.06367716,-0.015040138068008413
37078,0.010585000000000067,-0.025952354,-0.03653735407352454,6.035590000000003,6.4578495,0.4222595025634739,6.151009999999999,6.0125422,-0.13846775222778263,0.04871729999999996,0.06367716,0.014959861931991614
37079,-0.08941500000000002,-0.025952354,0.06346264592647555,6.345590000000001,6.4578495,0.11225950256347517,4.11101,6.0125422,1.9015322477722165,0.018717299999999937,0.06367716,0.04495986193199164
37080,-0.069415,-0.025952354,0.04346264592647553,5.575590000000002,6.4578495,0.8822595025634747,4.741009999999999,6.0125422,1.2715322477722175,0.05871729999999997,0.06367716,0.004959861931991605
37081,-0.04941499999999999,-0.025952354,0.02346264592647551,6.6355900000000005,6.4578495,-0.17774049743652398,5.671009999999999,6.0125422,0.3415322477722178,0.04871729999999996,0.06367716,0.014959861931991614
37082,-0.059414999999999996,-0.025952354,0.03346264592647552,5.67559,6.4578495,0.7822595025634769,4.97101,6.0125422,1.041532247772217,0.05871729999999997,0.06367716,0.004959861931991605
37083,-0.03941499999999998,-0.025952354,0.013462645926475503,6.49559,6.4578495,-0.03774049743652341,5.491009999999999,6.0125422,0.5215322477722175,0.038717299999999955,0.06367716,0.024959861931991623
37084,-0.01941499999999996,-0.025952354,-0.006537354073524515,5.575590000000002,6.4578495,0.8822595025634747,5.761009999999999,6.0125422,0.25153224777221794,0.06871729999999998,0.06367716,-0.005040138068008404
37085,-0.04941499999999999,-0.025952354,0.02346264592647551,5.6355900000000005,6.4578495,0.822259502563476,4.871009999999998,6.0125422,1.1415322477722185,0.04871729999999996,0.06367716,0.014959861931991614
37087,-0.02941499999999997,-0.025952354,0.003462645926475494,6.395590000000002,6.4578495,0.062259502563474456,5.36101,6.0125422,0.6515322477722165,0.028717299999999946,0.06367716,0.03495986193199163
37088,-0.069415,-0.025952354,0.04346264592647553,5.825590000000002,6.4578495,0.6322595025634747,4.461010000000002,6.0125422,1.551532247772215,0.038717299999999955,0.06367716,0.024959861931991623
37089,-0.009414999999999951,-0.025952354,-0.016537354073524524,5.5055900000000015,6.4578495,0.952259502563475,5.641010000000001,6.0125422,0.3715322477722154,0.05871729999999997,0.06367716,0.004959861931991605
37090,-0.059414999999999996,-0.025952354,0.03346264592647552,6.24559,6.4578495,0.2122595025634766,4.97101,6.0125422,1.041532247772217,0.038717299999999955,0.06367716,0.024959861931991623
37091,0.0005850000000000577,-0.025952354,-0.026537354073524533,5.6255900000000025,6.4578495,0.832259502563474,6.11101,6.0125422,-0.09846775222778348,0.06871729999999998,0.06367716,-0.005040138068008404
37092,-0.02941499999999997,-0.025952354,0.003462645926475494,5.845590000000001,6.4578495,0.6122595025634752,4.901009999999999,6.0125422,1.1115322477722174,0.028717299999999946,0.06367716,0.03495986193199163
37093,-0.07941500000000001,-0.025952354,0.05346264592647554,5.715590000000002,6.4578495,0.7422595025634742,4.931010000000001,6.0125422,1.0815322477722162,0.06871729999999998,0.06367716,-0.005040138068008404
37096,-0.069415,-0.025952354,0.04346264592647553,5.765590000000003,6.4578495,0.6922595025634735,4.88101,6.0125422,1.131532247772217,0.05871729999999997,0.06367716,0.004959861931991605
37097,-0.02941499999999997,-0.025952354,0.003462645926475494,5.855590000000003,6.4578495,0.6022595025634736,5.13101,6.0125422,0.881532247772217,0.038717299999999955,0.06367716,0.024959861931991623
37100,-0.059414999999999996,-0.025952354,0.03346264592647552,5.765590000000003,6.4578495,0.6922595025634735,5.04101,6.0125422,0.9715322477722168,0.05871729999999997,0.06367716,0.004959861931991605
37102,-0.07941500000000001,-0.025952354,0.05346264592647554,5.665590000000002,6.4578495,0.7922595025634749,4.81101,6.0125422,1.2015322477722172,0.06871729999999998,0.06367716,-0.005040138068008404
37214,-0.001742999999999828,-0.005890889,-0.0041478890932800105,16.061200000000003,14.920668,-1.1405323516845733,14.73947,14.129746,-0.6097235629272468,0.2246475,0.20969783,-0.014949672303199768
37328,-0.02761300000000011,0.028802734,0.05641573386836063,7.425680000000003,9.894965,2.4692851718139615,5.37515,7.744984,2.3698341499328617,0.024455999999999922,0.04598258,0.021526580631971437
37408,-0.03474299999999997,0.003302493,0.03804549289982018,3.5769599999999997,4.6498356,1.0728755865478519,0.7340900000000019,2.8950472,2.160957187805174,-0.024622699999999997,0.020928528,0.045551228159856794
37600,0.4155380000000001,0.37256232,-0.04297568095970161,16.160790000000002,14.9197,-1.2410903311157249,18.21133,17.866581,-0.3447490368652346,0.4152191,0.39920956,-0.016009541036224373
37601,0.355538,0.37256232,0.01702431904029844,15.06079,14.9197,-0.14109033111572344,17.611330000000002,17.866581,0.25525096313476325,0.3952191,0.39920956,0.003990458963775645
37726,0.12238699999999991,0.06061237,-0.061774630671262654,12.805680000000002,9.026449,-3.7792307965087915,10.90515,7.2173986,-3.6877513565063484,0.03145599999999993,0.007680146,-0.023775853976368833
37727,0.1023869999999999,0.06061237,-0.041774630671262636,9.40568,9.026449,-0.3792307965087893,8.52515,7.2173986,-1.3077513565063477,0.03145599999999993,0.007680146,-0.023775853976368833
37789,0.06000899999999998,0.051109143,-0.008899857398509958,14.831130000000002,14.609573,-0.2215566357421892,13.666080000000001,13.4652605,-0.20081949432373136,0.0684248999999999,0.11107095,0.04264605330953608
37790,0.09558299999999997,0.0861587,-0.009424299712657902,18.63033,12.831001,-5.7993287182617195,17.14777,11.416244,-5.73152644683838,0.1667229,0.06006899,-0.106653908964777
37890,-0.10817800000000011,-0.10280621,0.005371789482116807,4.8942400000000035,5.4451227,0.5508827188110317,3.090160000000001,3.7252479,0.6350878599548331,0.04883590000000004,0.04878193,-5.39685997009709e-05
37898,-0.08817800000000009,-0.10280621,-0.014628210517883211,5.374240000000004,5.4451227,0.07088271881103125,4.100159999999999,3.7252479,-0.37491214004516493,0.05883590000000005,0.04878193,-0.01005396859970098
37973,0.1333209999999999,0.1092413,-0.02407970066881171,1.439070000000001,4.26027,2.821200118713378,4.57621,7.575026,2.9988160353088382,0.05661309999999997,0.1115219,0.05490879970016482
38487,-0.04363600000000001,-0.03402619,0.009609809361457833,8.26624,10.078554,1.812314153442383,7.2173099999999994,9.815784,2.5984744543457037,0.06105130000000003,0.12365099,0.06259969042654034
38488,-0.02363599999999999,-0.03402619,-0.010390190638542185,9.566239999999997,10.078554,0.5123141534423858,9.317309999999999,9.815784,0.49847445434570403,0.10405130000000007,0.12365099,0.019599690426540306
38489,0.006364000000000036,-0.03402619,-0.04039019063854221,12.066239999999997,10.078554,-1.9876858465576142,14.017309999999998,9.815784,-4.201525545654295,0.2590513000000001,0.12365099,-0.13540030957345972
38778,0.030312000000000117,-0.0067161033,-0.03702810329300177,12.867569999999999,8.870659,-3.99691112548828,14.250419999999998,10.655517,-3.5949033755493147,0.24931179999999997,0.13465811,-0.11465368687801358
38780,0.05867700000000009,0.026436046,-0.03224095423412332,10.88559,9.532167,-1.3534225653076177,11.42638,7.901128,-3.525252184753418,0.16388749999999996,0.047224194,-0.11666330618858334
38782,0.0014369999999999106,0.046734978,0.0452979775135518,7.298460000000002,8.701716,1.4032564230346658,8.812490000000002,9.632073,0.819583402404783,0.14453720000000003,0.14118403,-0.0033531680366516436
38810,0.07156600000000013,0.08517152,0.013605520709991326,7.39648,7.679125,0.2826448321533199,9.906,9.814422,-0.09157834625244199,0.1392371,0.13400017,-0.005236932749366763
38812,0.07556600000000013,0.08517152,0.009605520709991322,7.606480000000001,7.679125,0.07264483215331907,9.386000000000001,9.814422,0.4284216537475576,0.11323710000000009,0.13400017,0.02076306725063315
38826,0.150764,0.07712252,-0.07364148306989671,9.409720000000002,6.870707,-2.5390129649353046,11.58361,7.162716,-4.420894088134766,0.2693011,0.15134881,-0.11795228563175203
38827,0.07876399999999995,0.07712252,-0.0016414830698966432,6.169720000000002,6.870707,0.7009870350646956,7.94361,7.162716,-0.7808940881347652,0.15530109999999997,0.15134881,-0.003952285631751984
38828,0.155764,0.07712252,-0.07864148306989671,10.349720000000001,6.870707,-3.479012964935304,10.92361,7.162716,-3.7608940881347657,0.1773011000000001,0.15134881,-0.025952285631752114
38829,0.155764,0.07712252,-0.07864148306989671,10.549720000000002,6.870707,-3.679012964935305,11.08361,7.162716,-3.920894088134766,0.1883011,0.15134881,-0.03695228563175201
38831,0.3477640000000001,0.07712252,-0.27064148306989677,17.16972,6.870707,-10.299012964935304,15.81361,7.162716,-8.650894088134766,0.4363011000000001,0.15134881,-0.2849522856317521
38832,0.127764,0.07712252,-0.05064148306989669,4.56972,6.870707,2.300987035064697,6.69361,7.162716,0.46910591186523476,0.10030110000000003,0.15134881,0.051047714368247954
38833,-0.06923600000000008,0.07712252,0.14635851693010338,1.989720000000002,6.870707,4.880987035064695,1.7036100000000012,7.162716,5.459105911865233,0.057301099999999994,0.15134881,0.09404771436824799
38834,-0.059236000000000066,0.07712252,0.13635851693010337,4.3797200000000025,6.870707,2.4909870350646948,3.93361,7.162716,3.2291059118652345,0.07730110000000001,0.15134881,0.07404771436824797
38836,-0.06923600000000008,0.07712252,0.14635851693010338,1.74972,6.870707,5.120987035064697,-0.04638999999999882,7.162716,7.209105911865233,-0.009698899999999955,0.15134881,0.16104771436824794
39141,0.0014879999999999338,-0.013243758,-0.014731758119642668,6.141820000000003,8.00714,1.8653201596069309,3.2164399999999986,4.912548,1.6961080651855482,-0.05369219999999997,0.0052412273,0.05893342733622786
39161,0.16622499999999996,0.12636524,-0.039859755611419634,19.096040000000002,15.724311,-3.3717291250610373,19.52153,16.579569,-2.9419611370849594,0.19850879999999993,0.15226607,-0.04624272975330346
39163,0.15622499999999995,0.12636524,-0.029859755611419625,14.906040000000004,15.724311,0.8182708749389604,16.921529999999997,16.579569,-0.341961137084958,0.17450880000000002,0.15226607,-0.022242729753303547
39222,0.05221500000000012,0.013593375,-0.038621625248491886,7.708349999999999,7.4481406,-0.26020937881469663,12.547250000000002,6.0589237,-6.488326278686525,0.31226410000000004,0.03865917,-0.2736049297300339
39223,0.042215000000000114,0.013593375,-0.028621625248491878,7.418349999999997,7.4481406,0.029790621185306065,11.797250000000002,6.0589237,-5.738326278686525,0.2822641000000001,0.03865917,-0.24360492973003395
39350,-0.09102100000000002,0.010911126,0.10193212568974497,7.105720000000005,10.280075,3.1743550732421824,2.0325399999999973,6.4957566,4.463216626129153,-0.06192249999999999,0.022151977,0.08407447682380675
39392,0.04981499999999994,0.050858434,0.0010434342896938897,5.8782299999999985,4.947953,-0.9302767758178696,7.045549999999999,6.0960827,-0.949467312622069,0.11202750000000006,0.07078513,-0.041242372419834195
39393,0.08981499999999987,0.050858434,-0.038956565710306035,5.3782299999999985,4.947953,-0.4302767758178696,6.525549999999999,6.0960827,-0.4294673126220694,0.07202750000000002,0.07078513,-0.001242372419834159
39433,-0.0608820000000001,0.043431927,0.10431392651867877,5.511850000000003,7.811873,2.3000229591369603,3.8847200000000015,6.677297,2.7925771153259262,-0.0019947999999999633,0.04190427,0.04389907064895626
39700,0.06253400000000009,0.06889787,0.006363873163223177,11.146149999999999,10.891105,-0.2550453018188463,8.488349999999999,8.636697,0.14834681549072393,0.0008162000000000447,0.018950934,0.018134733590531305
39701,0.05253400000000008,0.06889787,0.016363873163223186,10.44615,10.891105,0.44495469818115296,8.388349999999999,8.636697,0.24834681549072357,0.06081619999999999,0.018950934,-0.04186526640946864
39703,0.11253400000000002,0.06889787,-0.043636126836776756,11.346149999999998,10.891105,-0.4550453018188456,9.088349999999998,8.636697,-0.4516531845092757,0.010816199999999943,0.018950934,0.008134733590531407
39887,-0.103707,-0.0681972,0.035509801787853235,1.330490000000001,2.0841413,0.7536512544250478,-1.2855799999999995,0.23553236,1.5211123582887645,-0.01874140000000002,0.008045936,0.02678733600332739
39888,-0.060707000000000066,-0.0681972,-0.007490198212146693,2.4504899999999985,2.0841413,-0.3663487455749497,1.4044199999999982,0.23553236,-1.1688876417112333,0.02425860000000002,0.008045936,-0.01621266399667265
39889,-0.06570699999999996,-0.0681972,-0.002490198212146799,1.590489999999999,2.0841413,0.49365125442504976,0.01442000000000121,0.23553236,0.22111235828876374,-0.001741400000000115,0.008045936,0.009787336003327485
40018,0.05502600000000002,-0.025827382,-0.08085338175988199,7.61889,6.4855947,-1.1332952505493168,7.265000000000001,5.341236,-1.9237638854980474,0.02747069999999996,0.050453097,0.022982396628189128
40019,0.04502600000000001,-0.025827382,-0.07085338175988198,6.218889999999998,6.4855947,0.26670474945068534,4.665000000000001,5.341236,0.6762361145019522,-0.0525293,0.050453097,0.10298239662818909
40040,0.02189899999999989,0.029016595,0.00711759533381473,8.78529,9.193724,0.40843367858886737,9.517610000000001,10.300332,0.7827220693969714,0.09322010000000003,0.112325855,0.019105754599475833
40497,-0.018213000000000035,-0.027526395,-0.009313395395398105,11.620159999999998,10.203773,-1.4163874551391586,7.35717,5.044872,-2.3122981929016113,-0.024511999999999978,-0.038375806,-0.013863806063413642
41204,-0.031049000000000104,0.042196274,0.07324527380371104,9.805870000000002,12.36138,2.5555096234130836,6.354890000000001,9.7076025,3.3527125009155263,-0.015150600000000125,0.055589885,0.07074048451957715
41237,-0.009613000000000094,0.044614986,0.0542279855852128,10.505680000000002,8.1675415,-2.3381384960937517,7.565150000000001,7.494296,-0.07085392608642671,0.014455999999999913,0.08322435,0.06876834872388848
41238,0.004386999999999919,0.0096591525,0.005272152477979741,11.49568,11.500715,0.005035255737304567,8.65515,10.546729,1.891579087829589,0.027455999999999925,0.11653697,0.08908096745634086
41251,0.07950899999999994,0.070885174,-0.008623826023578585,9.851770000000002,9.486078,-0.36569173767090035,9.865739999999999,8.68972,-1.176019846191405,0.10065210000000002,0.07518032,-0.025471778068161033
41279,0.025386999999999937,0.028802734,0.003415733868360582,13.905680000000002,9.894965,-4.010714828186037,9.385150000000001,7.744984,-1.6401658500671399,-0.04754400000000014,0.04598258,0.0935265806319715
41325,-0.047784999999999966,0.013593375,0.0613783747515082,7.488349999999997,7.4481406,-0.04020937881469422,2.497250000000001,6.0589237,3.5616737213134755,-0.08773589999999998,0.03865917,0.1263950702699661
41326,0.15738699999999994,0.033506304,-0.12388069597434992,10.705680000000001,9.111972,-1.5937081448364268,11.50515,7.3718204,-4.133329550170899,0.12145600000000001,0.0448068,-0.0766491992173195
41327,0.28238699999999994,0.033506304,-0.24888069597434992,14.805680000000002,9.111972,-5.693708144836428,14.70515,7.3718204,-7.333329550170898,0.14145599999999992,0.0448068,-0.0966491992173194
41328,0.30238699999999996,0.033506304,-0.26888069597434994,17.405680000000004,9.111972,-8.29370814483643,17.90515,7.3718204,-10.533329550170897,0.38145599999999996,0.0448068,-0.33664919921731945
41350,-0.02761300000000011,0.06061237,0.08822536932873737,7.505680000000002,9.026449,1.5207692034912093,7.805150000000001,7.2173986,-0.5877513565063488,0.1314559999999999,0.007680146,-0.12377585397636881
41367,0.30238699999999996,0.033506304,-0.26888069597434994,11.925680000000003,9.111972,-2.813708144836429,12.44515,7.3718204,-5.073329550170898,0.03145599999999993,0.0448068,0.013350800782680583
41538,0.05852900000000005,0.06614703,0.007618029399871773,3.2787599999999983,3.977402,0.6986419718170183,12.536719999999999,9.292296,-3.2444235903930654,0.46920370000000006,0.28690997,-0.18229373233909613
41539,0.06852900000000006,0.06614703,-0.002381970600128236,5.278759999999998,3.977402,-1.3013580281829817,13.92672,9.292296,-4.634423590393066,0.5092037,0.28690997,-0.2222937323390961
41540,0.05852900000000005,0.06614703,0.007618029399871773,3.988759999999999,3.977402,-0.011358028182982594,5.866719999999999,9.292296,3.4255764096069345,0.0992037,0.28690997,0.18770626766090392
41541,0.08852899999999997,0.06614703,-0.022381970600128143,4.278759999999998,3.977402,-0.30135802818298174,6.566719999999998,9.292296,2.7255764096069353,0.0992037,0.28690997,0.18770626766090392
41678,0.3702383,0.21450457,-0.15573373023109438,18.62678,12.114338,-6.512442078857422,15.89093,9.8732605,-6.017669501953126,0.46802509999999997,0.3348906,-0.13313449598083493
41746,-0.038112000000000146,-0.04009762,-0.001985620338201377,7.97804,5.9183826,-2.0596573553466797,6.362019999999999,5.4362044,-0.9258155665588372,0.06489519999999993,0.047517043,-0.017378157392930915
41747,-0.038112000000000146,-0.04009762,-0.001985620338201377,5.97804,5.9183826,-0.05965735534667971,6.26202,5.4362044,-0.8258155665588376,0.034895199999999904,0.047517043,0.012621842607069111
41748,-0.048112000000000155,-0.04009762,0.008014379661798632,4.97804,5.9183826,0.9403426446533203,3.3620199999999993,5.4362044,2.0741844334411628,0.024895200000000006,0.047517043,0.02262184260706901
41749,-0.048112000000000155,-0.04009762,0.008014379661798632,4.378040000000002,5.9183826,1.5403426446533182,4.362019999999999,5.4362044,1.0741844334411628,0.014895199999999997,0.047517043,0.03262184260706902
41823,0.058694000000000135,0.10345512,0.04476111883497225,19.70765,17.768578,-1.9390724243164073,18.1997,17.272099,-0.9276014587402344,0.1525301,0.13204722,-0.020482878935432436
41876,0.06793399999999994,0.06079565,-0.007138350113868652,4.06833,6.719332,2.6510022181701665,4.240360000000001,5.653309,1.4129488684082023,0.02952010000000005,0.016570337,-0.012949762883281757
41908,0.009717700000000051,-0.01005388,-0.019771579581391863,8.805240000000001,7.4241147,-1.3811252958679212,8.571629999999999,7.2556543,-1.3159756649780263,0.09719449999999996,0.08988498,-0.007309518486976585
42007,-0.08114550000000009,-0.07465458,0.006490920837402436,6.02018,5.6011147,-0.4190652500915526,3.5999199999999973,3.2607431,-0.33917685882568094,-0.01939920000000006,0.00997197,0.02937116976095444
42008,-0.10114550000000011,-0.07465458,0.026490920837402454,4.120180000000001,5.6011147,1.480934749908446,0.9499199999999988,3.2607431,2.3108231411743176,-0.01939920000000006,0.00997197,0.02937116976095444
42009,-0.0911455000000001,-0.07465458,0.016490920837402445,4.620180000000001,5.6011147,0.980934749908446,2.4499199999999988,3.2607431,0.8108231411743176,0.030600799999999984,0.00997197,-0.020628830239045604
42123,0.028456000000000037,0.07266145,0.044205451995372735,0.716190000000001,3.013333,2.2971430821990957,2.4027600000000007,5.746039,3.343278913726806,0.0694509000000001,0.11914803,0.04969713087711325
42173,0.06238699999999997,0.08184824,0.01946124138879779,26.56568,12.616707,-13.94897315185547,19.40515,11.732164,-7.672985617065429,0.24145599999999995,0.13487527,-0.10658073225593562
42174,0.1023869999999999,0.08184824,-0.020538758611202135,10.38568,12.616707,2.2310268481445306,11.40515,11.732164,0.3270143829345695,0.16145599999999993,0.13487527,-0.026580732255935602
42175,0.19238699999999997,0.08184824,-0.11053875861120221,16.77568,12.616707,-4.15897315185547,15.305150000000001,11.732164,-3.572985617065431,0.18145599999999995,0.13487527,-0.04658073225593562
