Ref_ID,delta_Voc_true,delta_Voc_pred,delta_Voc_error,delta_Jsc_true,delta_Jsc_pred,delta_Jsc_error,delta_PCE_true,delta_PCE_pred,delta_PCE_error,delta_FF_true,delta_FF_pred,delta_FF_error
20,0.10898999999999992,0.04579487976821898,-0.06319512023178095,12.851590000000002,9.967853572075184,-2.883736427924818,10.28508,8.141924908728097,-2.143155091271904,-0.006516399999999978,0.046989618423641466,0.053506018423641444
22,-0.041154000000000135,0.04412502070983806,0.0852790207098382,13.580079999999999,10.038497316831371,-3.5415826831686275,12.088349999999998,9.964140800033544,-2.1242091999664545,0.10617929999999998,0.10910088913625879,0.002921589136258812
23,-0.07115400000000016,0.04412502070983806,0.11527902070983823,11.580079999999999,10.038497316831371,-1.5415826831686275,9.18835,9.964140800033544,0.7757908000335441,0.059179300000000046,0.10910088913625879,0.04992158913625874
24,-0.08115400000000017,0.04412502070983806,0.12527902070983823,11.250079999999997,10.038497316831371,-1.2115826831686256,8.18835,9.964140800033544,1.775790800033544,0.03317930000000002,0.10910088913625879,0.07592158913625877
25,-0.051154000000000144,0.04412502070983806,0.09527902070983821,11.70008,10.038497316831371,-1.6615826831686284,10.388349999999999,9.964140800033544,-0.42420919996645523,0.09517929999999997,0.10910088913625879,0.013921589136258822
26,-0.041154000000000135,0.04412502070983806,0.0852790207098382,13.580079999999999,10.038497316831371,-3.5415826831686275,12.088349999999998,9.964140800033544,-2.1242091999664545,0.10617929999999998,0.10910088913625879,0.002921589136258812
27,-0.08115400000000017,0.04412502070983806,0.12527902070983823,11.250079999999997,10.038497316831371,-1.2115826831686256,8.18835,9.964140800033544,1.775790800033544,0.03317930000000002,0.10910088913625879,0.07592158913625877
72,-0.09866200000000003,0.033684198390070835,0.13234619839007086,5.228439999999999,9.624298948539247,4.395858948539248,2.2971799999999973,7.705535671237542,5.408355671237545,-0.004401800000000011,0.03478649065497788,0.03918829065497789
89,0.021665000000000045,0.03596150352636694,0.014296503526366897,8.310340000000004,9.429277506762832,1.118937506762828,7.1113,7.568783039304588,0.4574830393045879,0.045322799999999996,0.042291850102218365,-0.003030949897781632
90,-0.07833500000000004,0.03596150352636694,0.11429650352636699,5.310340000000004,9.429277506762832,4.118937506762828,2.9113000000000007,7.568783039304588,4.657483039304587,0.01532279999999997,0.042291850102218365,0.026969050102218395
91,-0.07833500000000004,0.03596150352636694,0.11429650352636699,6.310340000000004,9.429277506762832,3.118937506762828,5.1113,7.568783039304588,2.457483039304588,0.07532280000000002,0.042291850102218365,-0.03303094989778166
169,-0.028512000000000093,0.04229511507584144,0.07080711507584153,6.381820000000001,9.793197931283181,3.4113779312831802,2.5964399999999976,7.960272018778208,5.3638320187782105,-0.06569219999999998,0.04575642427956196,0.11144862427956194
170,-0.008512000000000075,0.04229511507584144,0.050807115075841514,7.301820000000003,9.793197931283181,2.4913779312831785,4.096439999999999,7.960272018778208,3.8638320187782087,-0.04369219999999996,0.04575642427956196,0.08944862427956192
171,0.04148799999999997,0.04229511507584144,0.0008071150758414691,7.151820000000004,9.793197931283181,2.641377931283177,5.9264399999999995,7.960272018778208,2.0338320187782086,0.018307800000000096,0.04575642427956196,0.027448624279561865
267,-0.11485750000000006,0.019145254123586565,0.13400275412358661,5.84205,9.627486009103002,3.7854360091030017,2.4481800000000007,8.34736639577156,5.89918639577156,0.0021046999999999594,0.09752653835718764,0.09542183835718768
297,0.012386999999999926,0.032728105968101634,0.020341105968101708,8.535680000000003,9.248778208796292,0.7130982087962892,6.09515,7.375856869525163,1.2807068695251624,-0.005544000000000104,0.040659381602465045,0.04620338160246515
391,0.13438699999999992,0.032594922401045515,-0.10179207759895441,5.09768,9.25170003738356,4.15402003738356,6.34515,7.381493509439932,1.0363435094399316,0.024455999999999922,0.04085901878030199,0.016403018780302064
411,-0.059236000000000066,0.03689268852055602,0.09612868852055609,1.2597200000000015,9.025890226946803,7.766170226946802,0.9736100000000008,7.266915637849867,6.293305637849866,0.04030109999999998,0.05447883974940532,0.014177739749405338
412,-0.059236000000000066,0.03689268852055602,0.09612868852055609,0.8897200000000005,9.025890226946803,8.136170226946803,-0.37639000000000067,7.266915637849867,7.643305637849868,0.0003011000000000541,0.05447883974940532,0.05417773974940526
413,-0.08023599999999997,0.03689268852055602,0.117128688520556,0.8697200000000009,9.025890226946803,8.156170226946802,-1.6763900000000014,7.266915637849867,8.943305637849868,-0.03969889999999998,0.05447883974940532,0.0941777397494053
414,-0.09223599999999998,0.03689268852055602,0.129128688520556,0.1297200000000025,9.025890226946803,8.8961702269468,-2.706389999999999,7.266915637849867,9.973305637849865,-0.04969889999999999,0.05447883974940532,0.10417773974940531
415,-0.09023599999999998,0.03689268852055602,0.127128688520556,1.149720000000002,9.025890226946803,7.876170226946801,-1.336389999999998,7.266915637849867,8.603305637849864,-0.029698899999999973,0.05447883974940532,0.08417773974940529
475,0.04858899999999999,0.039541873417584666,-0.009047126582415327,12.73254,9.89611175516476,-2.83642824483524,13.378440000000001,10.266225082483862,-3.1122149175161393,0.23888559999999992,0.12439369855951822,-0.1144919014404817
529,-0.03254800000000002,0.04809286526049288,0.08064086526049291,7.878070000000001,9.844839361404127,1.9667693614041255,7.11388,10.512852454853343,3.398972454853343,0.07242290000000007,0.1280676588656315,0.055644758865631444
853,-0.007784999999999931,0.03919490108463225,0.04697990108463218,8.338349999999998,9.609776804729371,1.2714268047293729,6.567250000000001,7.761709209084014,1.1944592090840125,0.06626410000000005,0.0439243186019717,-0.02233978139802835
854,-0.03778499999999996,0.03919490108463225,0.07697990108463221,7.43835,9.609776804729371,2.1714268047293714,4.247250000000001,7.761709209084014,3.5144592090840128,0.009264100000000108,0.0439243186019717,0.03466021860197159
855,0.012215000000000087,0.03919490108463225,0.026979901084632163,10.338349999999998,9.609776804729371,-0.7285731952706271,7.3572500000000005,7.761709209084014,0.40445920908401334,0.04126410000000014,0.0439243186019717,0.002660218601971562
919,-0.048904999999999976,0.03720538766358417,0.08611038766358414,8.654140000000002,10.964476041742635,2.3103360417426337,6.094740000000002,10.251339705153626,4.156599705153624,0.005674199999999963,0.07723785147239011,0.07156365147239015
924,0.0955379999999999,0.03477517668144749,-0.060762823318552414,11.14883,9.760587115090253,-1.3882428849097472,12.097650000000002,10.722039569181224,-1.375610430818778,0.06766990000000006,0.14492899293477474,0.07725909293477468
925,0.14553799999999995,0.03477517668144749,-0.11076282331855246,10.548830000000002,9.760587115090253,-0.7882428849097494,12.29765,10.722039569181224,-1.5756104308187773,0.06366989999999995,0.14492899293477474,0.08125909293477479
926,0.0955379999999999,0.03477517668144749,-0.060762823318552414,10.748830000000002,9.760587115090253,-0.9882428849097487,10.29765,10.722039569181224,0.4243895691812227,0.002669900000000003,0.14492899293477474,0.14225909293477473
927,0.12553799999999993,0.03477517668144749,-0.09076282331855244,10.548830000000002,9.760587115090253,-0.7882428849097494,11.197650000000001,10.722039569181224,-0.47561043081877763,0.027669900000000025,0.14492899293477474,0.11725909293477471
928,0.08553799999999989,0.03477517668144749,-0.050762823318552405,10.64883,9.760587115090253,-0.8882428849097472,9.49765,10.722039569181224,1.2243895691812234,-0.02433010000000002,0.14492899293477474,0.16925909293477476
929,0.14553799999999995,0.03477517668144749,-0.11076282331855246,10.64883,9.760587115090253,-0.8882428849097472,12.197650000000001,10.722039569181224,-1.4756104308187776,0.05466990000000005,0.14492899293477474,0.09025909293477469
930,0.10553799999999991,0.03477517668144749,-0.07076282331855242,11.14883,9.760587115090253,-1.3882428849097472,10.597650000000002,10.722039569181224,0.12438956918122202,-0.009330100000000008,0.14492899293477474,0.15425909293477474
931,0.19553799999999988,0.03477517668144749,-0.1607628233185524,10.548830000000002,9.760587115090253,-0.7882428849097494,13.79765,10.722039569181224,-3.0756104308187773,0.10166989999999998,0.14492899293477474,0.04325909293477476
932,0.10553799999999991,0.03477517668144749,-0.07076282331855242,10.14883,9.760587115090253,-0.38824288490974723,10.89765,10.722039569181224,-0.17561043081877692,0.03566990000000003,0.14492899293477474,0.1092590929347747
946,0.022823999999999955,0.023376300256675572,0.0005523002566756169,8.532060000000001,8.795336312546414,0.26327631254641304,10.913789999999999,9.116462929037377,-1.7973270709626217,0.23265439999999993,0.11844910769428227,-0.11420529230571766
949,0.01682399999999995,0.023376300256675572,0.006552300256675622,6.882059999999999,8.795336312546414,1.9132763125464152,8.68379,9.116462929037377,0.432672929037377,0.16165439999999998,0.11844910769428227,-0.04320529230571771
950,0.03682399999999997,0.023376300256675572,-0.013447699743324396,7.5720600000000005,8.795336312546414,1.223276312546414,9.583789999999999,9.116462929037377,-0.4673270709626216,0.1756544,0.11844910769428227,-0.05720529230571772
951,0.01682399999999995,0.023376300256675572,0.006552300256675622,6.882059999999999,8.795336312546414,1.9132763125464152,8.68379,9.116462929037377,0.432672929037377,0.16165439999999998,0.11844910769428227,-0.04320529230571771
952,0.020823999999999954,0.023376300256675572,0.0025523002566756187,9.91206,8.795336312546414,-1.116723687453586,11.60379,9.116462929037377,-2.487327070962623,0.2026544,0.11844910769428227,-0.08420529230571774
1145,-0.03778499999999996,0.03919490108463225,0.07697990108463221,7.84835,9.609776804729371,1.7614268047293713,4.317250000000001,7.761709209084014,3.4444592090840125,-0.03173590000000004,0.0439243186019717,0.07566021860197174
1147,-0.047784999999999966,0.03919490108463225,0.08697990108463222,7.958349999999999,9.609776804729371,1.6514268047293719,4.387250000000002,7.761709209084014,3.374459209084012,-0.027735899999999925,0.0439243186019717,0.07166021860197162
1148,-0.047784999999999966,0.03919490108463225,0.08697990108463222,7.34835,9.609776804729371,2.2614268047293713,3.827250000000003,7.761709209084014,3.934459209084011,-0.029735899999999926,0.0439243186019717,0.07366021860197162
1149,-0.047784999999999966,0.03919490108463225,0.08697990108463222,8.11835,9.609776804729371,1.4914268047293717,4.407250000000001,7.761709209084014,3.3544592090840126,-0.036735900000000044,0.0439243186019717,0.08066021860197174
1150,-0.047784999999999966,0.03919490108463225,0.08697990108463222,7.948349999999998,9.609776804729371,1.6614268047293734,4.0972500000000025,7.761709209084014,3.6644592090840113,-0.04373589999999994,0.0439243186019717,0.08766021860197164
1152,-0.07778499999999999,0.03919490108463225,0.11697990108463224,7.968349999999997,9.609776804729371,1.6414268047293739,3.4072500000000012,7.761709209084014,4.354459209084013,-0.04773589999999994,0.0439243186019717,0.09166021860197164
1153,-0.047784999999999966,0.03919490108463225,0.08697990108463222,7.858349999999998,9.609776804729371,1.7514268047293733,4.05725,7.761709209084014,3.704459209084014,-0.03373589999999993,0.0439243186019717,0.07766021860197163
1166,-0.025123000000000006,0.03562119613057317,0.06074419613057318,10.868780000000001,8.740337336701792,-2.128442663298209,8.71107,7.064170207467494,-1.6468997925325057,0.07799310000000004,0.0621337130081501,-0.01585938699184994
1241,-0.08093600000000001,0.025636806315804644,0.10657280631580465,6.871929999999999,8.178075219938195,1.3061452199381964,4.97016,8.680949510932985,3.710789510932985,0.04375220000000002,0.14000642382161468,0.09625422382161467
1242,-0.08093600000000001,0.025636806315804644,0.10657280631580465,6.871929999999999,8.178075219938195,1.3061452199381964,4.97016,8.680949510932985,3.710789510932985,0.04375220000000002,0.14000642382161468,0.09625422382161467
1352,0.011989999999999945,0.04566169620116286,0.033671696201162914,5.66159,9.970775400662452,4.309185400662452,3.0350800000000007,8.147561548642866,5.112481548642865,-0.04651640000000001,0.04718925560147835,0.09370565560147837
1354,-0.07801000000000013,0.04566169620116286,0.123671696201163,5.041590000000003,9.970775400662452,4.929185400662449,0.07507999999999981,8.147561548642866,8.072481548642866,-0.08451640000000005,0.04718925560147835,0.1317056556014784
1356,-0.07951200000000003,0.04242829864289756,0.12194029864289758,6.721820000000001,9.790276102695913,3.0684561026959116,3.0164399999999993,7.954635378863439,4.93819537886344,-0.04269220000000007,0.04555678710172502,0.08824898710172509
1360,-0.049512,0.04242829864289756,0.09194029864289756,11.831820000000004,9.790276102695913,-2.0415438973040914,6.716439999999999,7.954635378863439,1.2381953788634403,-0.06469219999999987,0.04555678710172502,0.11024898710172489
1362,-0.08351200000000003,0.04242829864289756,0.12594029864289757,6.031820000000003,9.790276102695913,3.7584561026959094,1.0964399999999976,7.954635378863439,6.858195378863441,-0.07769219999999999,0.04555678710172502,0.12324898710172501
1363,-0.08051200000000014,0.04242829864289756,0.1229402986428977,5.791820000000001,9.790276102695913,3.9984561026959113,1.326439999999998,7.954635378863439,6.628195378863441,-0.06269219999999998,0.04555678710172502,0.108248987101725
1365,-0.08851200000000015,0.04242829864289756,0.1309402986428977,6.421820000000004,9.790276102695913,3.368456102695909,1.6164400000000008,7.954635378863439,6.338195378863438,-0.06669219999999998,0.04555678710172502,0.112248987101725
1507,0.012513999999999914,0.026128127284514913,0.013614127284514999,9.17998,8.89070144145048,-0.2892785585495208,6.937480000000001,6.995641169881081,0.05816116988108,0.013848599999999989,0.03759408178079532,0.02374548178079533
1612,-0.12320760000000008,0.014870931872709547,0.13807853187270963,6.627849999999999,8.072386575329958,1.444536575329959,6.314879999999999,7.18510624594147,0.8702262459414714,0.16362789999999994,0.11253086808112481,-0.05109703191887513
1613,0.025188999999999906,0.013244160124944462,-0.011944839875055444,7.72472,7.63228027055258,-0.09243972944741952,2.6573899999999995,6.809783587579783,4.152393587579784,-0.13557419999999998,0.12029703105832232,0.2558712310583223
1614,-0.019187000000000065,0.011617388377179377,0.030804388377179442,1.9827999999999992,7.192173965775202,5.209373965775203,0.860557,6.434460929218097,5.573903929218097,-0.01110600000000006,0.1280631940355198,0.13916919403551986
1615,-0.09141730000000003,0.013921981686513249,0.10533928168651328,3.299900000000001,7.815657897543154,4.515757897543153,2.9269100000000012,6.9661680285638194,4.039258028563818,0.09641650000000002,0.11706112981782335,0.020644629817823335
1616,0.10381299999999993,0.011617388377179377,-0.09219561162282056,2.912799999999999,7.192173965775202,4.2793739657752035,5.190557,6.434460929218097,1.2439039292180967,0.32689400000000013,0.1280631940355198,-0.19883080596448033
1821,0.0823830000000001,0.030316367187462195,-0.0520666328125379,14.43186,10.320226579454905,-4.111633420545095,14.66864,9.661275737112364,-5.007364262887636,0.12868599999999997,0.10329560029375895,-0.025390399706241018
1822,0.07238300000000009,0.030316367187462195,-0.04206663281253789,12.731859999999998,10.320226579454905,-2.411633420545092,12.71864,9.661275737112364,-3.0573642628876367,0.09768599999999994,0.10329560029375895,0.0056096002937590095
2024,0.031665000000000054,0.03582831995931082,0.004163319959310768,7.300340000000002,9.4321993353501,2.1318593353500983,6.0013000000000005,7.574419679219357,1.5731196792193565,0.01532279999999997,0.04249148728005531,0.027168687280055337
2025,0.031665000000000054,0.03582831995931082,0.004163319959310768,7.410340000000005,9.4321993353501,2.0218593353500953,5.0113,7.574419679219357,2.5631196792193567,-0.034677199999999964,0.04249148728005531,0.07716868728005527
2026,-0.04833500000000002,0.03582831995931082,0.08416331995931084,7.190340000000003,9.4321993353501,2.2418593353500977,2.7113000000000014,7.574419679219357,4.863119679219356,-0.0746772,0.04249148728005531,0.1171686872800553
2027,0.18166500000000008,0.03582831995931082,-0.14583668004068925,8.710340000000002,9.4321993353501,0.7218593353500982,8.8613,7.574419679219357,-1.286880320780643,0.01532279999999997,0.04249148728005531,0.027168687280055337
2028,0.05166500000000007,0.03582831995931082,-0.01583668004068925,8.910340000000005,9.4321993353501,0.5218593353500953,7.2113,7.574419679219357,0.3631196792193574,0.017322800000000083,0.04249148728005531,0.025168687280055224
2029,0.0776650000000001,0.03582831995931082,-0.04183668004068927,7.110340000000004,9.4321993353501,2.321859335350096,6.901299999999999,7.574419679219357,0.6731196792193579,0.03532279999999999,0.04249148728005531,0.007168687280055319
2030,0.0766650000000001,0.03582831995931082,-0.04083668004068927,7.110340000000004,9.4321993353501,2.321859335350096,6.331300000000001,7.574419679219357,1.2431196792193564,0.007322800000000074,0.04249148728005531,0.03516868728005523
2031,0.04666500000000007,0.03582831995931082,-0.010836680040689245,7.110340000000004,9.4321993353501,2.321859335350096,4.401299999999999,7.574419679219357,3.173119679219358,-0.06467719999999999,0.04249148728005531,0.1071686872800553
2032,0.2016650000000001,0.03582831995931082,-0.16583668004068927,8.810340000000004,9.4321993353501,0.6218593353500967,9.7913,7.574419679219357,-2.2168803207806427,0.0503228,0.04249148728005531,-0.007831312719944694
2078,0.13155400000000006,0.03685914876698504,-0.09469485123301502,25.90036,9.957390466690605,-15.942969533309395,20.512600000000003,8.007234439889451,-12.505365560110551,0.23002840000000002,0.029249545451833364,-0.20077885454816666
2085,-0.0890740000000001,0.01850840349963897,0.10758240349963907,5.194769999999998,9.108538537255422,3.9137685372554234,10.043779999999998,8.668233969999612,-1.375546030000386,0.23568959999999994,0.1065190885980354,-0.12917051140196456
2086,-0.04907400000000006,0.01850840349963897,0.06758240349963904,5.894769999999998,9.108538537255422,3.213768537255424,7.473779999999998,8.668233969999612,1.1944539699996142,0.1626896,0.1065190885980354,-0.05617051140196459
2087,-0.019074000000000035,0.01850840349963897,0.037582403499639004,7.694769999999998,9.108538537255422,1.4137685372554234,9.503779999999999,8.668233969999612,-0.835546030000387,0.1876896,0.1065190885980354,-0.08117051140196462
2099,-0.04815400000000003,0.03707803299825008,0.0852320329982501,4.81475,9.695895489822131,4.881145489822131,4.805869999999999,9.89476749283241,5.088897492832411,0.07766270000000008,0.11664034152528537,0.03897764152528528
2115,-0.07377500000000015,0.02965813129890496,0.1034331312989051,9.246040000000004,9.361474782857245,0.11543478285724085,8.62153,9.84117677739263,1.2196467773926294,0.09850879999999995,0.12473877801225533,0.02622997801225538
2699,0.20542700000000003,0.04385978547436002,-0.16156721452564,17.65475,10.370015256316218,-7.2847347436837815,18.11934,10.709366357837744,-7.409973642162257,0.08701829999999988,0.12084872507447321,0.03383042507447333
2757,-0.03398239999999997,0.029289648641373317,0.06327204864137329,10.1113,9.55942302706659,-0.5518769729334103,7.798629999999999,8.950335612928892,1.1517056129288932,0.026508100000000034,0.11607061156374707,0.08956251156374703
2837,-0.009128000000000025,0.029673764395945906,0.03880176439594593,7.0259300000000025,10.093818524010683,3.06788852401068,5.4815000000000005,6.926892859031531,1.4453928590315304,0.025827899999999904,0.017647041960063045,-0.008180858039936859
2844,0.20542700000000003,0.04385978547436002,-0.16156721452564,18.69475,10.370015256316218,-8.32473474368378,18.849339999999998,10.709366357837744,-8.139973642162253,0.0990183,0.12084872507447321,0.021830425074473206
2874,-8.900000000000574e-05,0.0346353341039253,0.03472433410392531,7.625859999999999,9.219434508771208,1.5935745087712085,5.19356,7.426992961784835,2.2334329617848354,-0.01323350000000001,0.04512437947005181,0.05835787947005182
2875,0.06991100000000006,0.0346353341039253,-0.035275665896074754,7.835859999999997,9.219434508771208,1.3835745087712112,9.743559999999999,7.426992961784835,-2.3165670382151635,0.18676649999999995,0.04512437947005181,-0.14164212052994812
2876,0.08991099999999996,0.0346353341039253,-0.05527566589607466,9.85586,9.219434508771208,-0.6364254912287919,12.00356,7.426992961784835,-4.576567038215165,0.2367665,0.04512437947005181,-0.19164212052994817
2877,-0.057613000000000136,0.032728105968101634,0.09034110596810177,6.955680000000001,9.248778208796292,2.293098208796291,2.9451500000000017,7.375856869525163,4.430706869525161,-0.04854400000000003,0.040659381602465045,0.08920338160246508
2900,0.03198999999999996,0.04632761403644347,0.014337614036443506,7.4415900000000015,9.956166257726109,2.514576257726107,6.205080000000001,8.11937834906902,1.9142983490690195,0.021483599999999936,0.04619106971229378,0.024707469712293845
2901,-0.04801000000000011,0.04632761403644347,0.09433761403644358,7.0615900000000025,9.956166257726109,2.894576257726106,3.9550800000000024,8.11937834906902,4.164298349069018,-0.014516399999999985,0.04619106971229378,0.060707469712293766
3218,0.012386999999999926,0.032594922401045515,0.02020792240104559,9.58568,9.25170003738356,-0.33397996261643925,6.12515,7.381493509439932,1.2563435094399322,-0.041544000000000025,0.04085901878030199,0.08240301878030201
3384,-0.007613000000000092,0.032594922401045515,0.04020792240104561,9.075680000000002,9.25170003738356,0.17602003738355876,6.92515,7.381493509439932,0.4563435094399315,0.03145599999999993,0.04085901878030199,0.009403018780302058
3385,-0.007613000000000092,0.032594922401045515,0.04020792240104561,6.74568,9.25170003738356,2.5060200373835606,5.50515,7.381493509439932,1.8763435094399314,0.04145599999999994,0.04085901878030199,-0.0005969812196979507
3415,0.002386999999999917,0.032594922401045515,0.030207922401045598,7.2256800000000005,9.25170003738356,2.02602003738356,10.00515,7.381493509439932,-2.6236564905600686,0.221456,0.04085901878030199,-0.180596981219698
3499,-0.022612999999999994,0.032728105968101634,0.05534110596810163,8.705680000000001,9.248778208796292,0.543098208796291,6.10515,7.375856869525163,1.2707068695251627,0.014455999999999913,0.040659381602465045,0.02620338160246513
3503,0.055593399999999904,0.03696664755924891,-0.018626752440750995,10.060030000000001,8.183603031438894,-1.8764269685611072,8.46496,8.102253048354857,-0.36270695164514244,0.033296800000000015,0.1323614256752987,0.0990646256752987
3504,0.06326029999999994,0.038078274920221714,-0.025182025079778222,10.113310000000002,8.484342339703435,-1.628967660296567,8.83856,8.358723531568675,-0.47983646843132455,0.0494325000000001,0.12705454764088042,0.07762204764088032
3505,0.11307089999999997,0.0386476450319395,-0.07442325496806047,7.685870000000001,8.638379546375518,0.9525095463755164,8.282560000000002,8.490086461995265,0.20752646199526303,0.07635189999999992,0.12433639059886128,0.04798449059886137
3506,0.1269038,0.03967793380552405,-0.08722586619447596,6.469799999999999,8.917113539401191,2.4473135394011916,9.61413,8.727790812291001,-0.8863391877089981,0.1857726999999999,0.11941782071330287,-0.06635487928669703
3552,-0.071075,0.03550937445698263,0.10658437445698263,3.4377199999999988,9.733143428721831,6.295423428721833,4.935819999999998,10.107118752193049,5.171298752193051,0.14329009999999998,0.12395905312678639,-0.01933104687321359
3553,-0.10107500000000003,0.03550937445698263,0.13658437445698265,2.887719999999998,9.733143428721831,6.845423428721833,2.9458199999999977,10.107118752193049,7.161298752193051,0.09829009999999994,0.12395905312678639,0.02566895312678645
3554,-0.11107500000000003,0.03550937445698263,0.14658437445698266,3.257719999999999,9.733143428721831,6.475423428721832,3.9958199999999984,10.107118752193049,6.111298752193051,0.13129009999999997,0.12395905312678639,-0.007331046873213579
3568,-0.07761300000000015,0.032594922401045515,0.11020792240104567,8.63568,9.25170003738356,0.61602003738356,4.60515,7.381493509439932,2.776343509439932,-0.018544000000000005,0.04085901878030199,0.05940301878030199
3655,0.14238699999999993,0.032728105968101634,-0.1096588940318983,11.075680000000002,9.248778208796292,-1.82690179120371,11.82515,7.375856869525163,-4.449293130474838,0.14445599999999992,0.040659381602465045,-0.10379661839753487
3697,0.04356000000000004,0.04369301819526889,0.00013301819526884834,9.923950000000001,10.042306445170773,0.1183564451707717,13.021430000000002,9.69050023102807,-3.3309297689719326,0.2727328,0.09981374229928613,-0.17291905770071386
3698,0.06256000000000006,0.04369301819526889,-0.01886698180473117,7.32395,10.042306445170773,2.718356445170773,10.021430000000002,9.69050023102807,-0.3309297689719326,0.1657328,0.09981374229928613,-0.06591905770071388
3699,0.04156000000000004,0.04369301819526889,0.00213301819526885,8.223950000000002,10.042306445170773,1.818356445170771,9.521430000000002,9.69050023102807,0.1690702310280674,0.1377328,0.09981374229928613,-0.037919057700713854
3700,0.06056000000000006,0.04369301819526889,-0.016866981804731167,10.52395,10.042306445170773,-0.48164355482922616,12.221430000000002,9.69050023102807,-2.530929768971932,0.22373279999999995,0.09981374229928613,-0.12391905770071382
3701,0.04856000000000005,0.04369301819526889,-0.004866981804731156,8.423950000000001,10.042306445170773,1.6183564451707717,8.021430000000002,9.69050023102807,1.6690702310280674,0.1417328,0.09981374229928613,-0.04191905770071386
3709,-0.06148600000000015,0.029841680742788743,0.0913276807427889,8.263110000000001,9.35461386126514,1.0915038612651387,9.182830000000001,9.687446573145586,0.5046165731455847,0.18898579999999998,0.11949629306025825,-0.06948950693974174
3789,-0.047784999999999966,0.03906171751757613,0.0868467175175761,4.338349999999998,9.61269863331664,5.274348633316642,1.707250000000002,7.767345848998783,6.060095848998781,-0.07773589999999997,0.04412395577980864,0.12185985577980861
3822,0.12687400000000004,0.03285906230968201,-0.09401493769031803,13.205739999999999,9.249154657118886,-3.9565853428811124,11.694909999999998,7.404596646879145,-4.290313353120854,0.06629810000000003,0.042367286915310776,-0.02393081308468925
3823,0.21777599999999997,0.03275704172453802,-0.18501895827546194,13.50573,9.250767933549504,-4.254962066450496,13.27467,7.4023216742619,-5.8723483257381,0.10399120000000006,0.04215401888082328,-0.061837181119176785
3824,0.23875599999999997,0.03265502113939403,-0.20610097886060594,14.405720000000004,9.252381209980122,-5.153338790019882,13.698649999999997,7.400046701644655,-6.298603298355342,0.09943730000000006,0.04194075084633578,-0.057496549153664284
3825,0.26937999999999995,0.03259380878830764,-0.2367861912116923,14.555710000000001,9.253349175838492,-5.302360824161509,13.9799,7.398681718074307,-6.581218281925693,0.0853756,0.041812790025643295,-0.0435628099743567
3826,0.260035,0.03253259643722124,-0.2275024035627788,14.725700000000002,9.254317141696863,-5.471382858303139,14.618500000000001,7.39731673450396,-7.221183265496041,0.14720520000000004,0.0416848292049508,-0.10552037079504924
3827,0.3823869999999999,0.03232855526693326,-0.3500584447330667,19.805680000000002,9.257543694558098,-10.548136305441904,17.21515,7.39276678926947,-9.822383210730532,0.13345600000000002,0.041258293135975815,-0.0921977068640242
3903,-0.04657800000000001,0.03374831181954153,0.08032631181954153,8.36578,9.232645444490116,0.8668654444901147,6.605729999999999,7.398606595697614,0.7928765956976145,0.05507470000000003,0.04279206194733995,-0.012282638052660083
3953,-0.08910499999999999,0.03359718961304422,0.12270218961304422,4.127230000000001,8.982101949235924,4.854871949235923,2.9410600000000002,9.447761148768292,6.5067011487682915,0.053047100000000014,0.13570483502176073,0.08265773502176071
3955,-0.019104999999999928,0.03359718961304422,0.05270218961304415,5.227229999999999,8.982101949235924,3.754871949235925,15.251060000000003,9.447761148768292,-5.803298851231711,0.5230471,0.13570483502176073,-0.38734226497823926
4012,0.003422000000000036,0.03361512825248541,0.030193128252485373,8.035780000000003,9.235567273077384,1.1997872730773818,8.10573,7.404243235612383,-0.7014867643876164,0.10707470000000008,0.04299169912517689,-0.06408300087482319
4028,0.05238699999999996,0.031929004565764904,-0.020457995434235057,8.105680000000003,9.266309180319904,1.1606291803199014,6.00515,7.409676709013776,1.4045267090137754,-0.028544000000000014,0.04185720466948656,0.07040120466948657
4076,0.16574499999999992,0.030622080384557562,-0.13512291961544237,8.708979999999997,10.197416736714281,1.4884367367142843,10.226890000000001,7.634596382462396,-2.592293617537605,0.14256879999999994,0.01498967775227815,-0.12757912224772178
4101,-0.007613000000000092,0.03232855526693326,0.039941555266933354,5.4756800000000005,9.257543694558098,3.7818636945580977,6.03515,7.39276678926947,1.3576167892694704,0.09445599999999998,0.041258293135975815,-0.05319770686402417
4102,-0.057613000000000136,0.03232855526693326,0.0899415552669334,4.625680000000003,9.257543694558098,4.6318636945580955,3.235150000000001,7.39276678926947,4.157616789269469,0.03545600000000004,0.041258293135975815,0.005802293135975772
4172,-0.07761300000000015,0.03232855526693326,0.10994155526693342,5.805680000000002,9.257543694558098,3.451863694558096,4.70515,7.39276678926947,2.6876167892694705,0.07145599999999996,0.041258293135975815,-0.03019770686402415
4174,-0.0176130000000001,0.03232855526693326,0.04994155526693336,7.605680000000003,9.257543694558098,1.6518636945580951,8.805150000000001,7.39276678926947,-1.412383210730531,0.16345599999999993,0.041258293135975815,-0.12219770686402412
4200,-0.08910499999999999,0.021610668577993236,0.11071566857799323,9.36723,9.245066522090106,-0.12216347790989346,9.181060000000002,9.955058741097483,0.7739987410974809,0.1630471,0.15367218102708324,-0.009374918972916757
4237,0.05238699999999996,0.032594922401045515,-0.019792077598954447,9.29568,9.25170003738356,-0.043979962616440105,9.225150000000001,7.381493509439932,-1.8436564905600692,0.10145599999999999,0.04085901878030199,-0.060596981219698004
4239,0.2423869999999999,0.032594922401045515,-0.2097920775989544,15.365680000000001,9.25170003738356,-6.11397996261644,16.04515,7.381493509439932,-8.663656490560069,0.271456,0.04085901878030199,-0.230596981219698
4300,0.08238699999999999,0.032594922401045515,-0.04979207759895447,11.125680000000003,9.25170003738356,-1.873979962616442,9.24515,7.381493509439932,-1.8636564905600688,0.02145599999999992,0.04085901878030199,0.019403018780302067
4301,0.05181100000000005,0.03294738961306129,-0.01886361038693876,10.29099,9.347056403418659,-0.943933596581342,7.8813200000000005,7.462813418751631,-0.41850658124836926,-0.003105399999999925,0.039176350135242524,0.04228175013524245
4302,0.03376000000000001,0.035495998684559917,0.0017359986845599043,16.820030000000003,10.036556280903218,-6.783473719096785,12.043650000000001,8.050818916851606,-3.9928310831483955,-0.013672399999999918,0.027009361470966414,0.04068176147096633
4303,0.02191199999999993,0.03476395139806563,0.012851951398065699,7.332460000000001,9.838508443753398,2.5060484437533965,5.6569,7.881923720588847,2.2250237205888466,0.0072030000000000705,0.030504134810705297,0.023301134810705226
4304,0.04074400000000011,0.03479106426052839,-0.005952935739471726,7.22297,9.84584354883302,2.62287354883302,5.793099999999999,7.888179098228209,2.0950790982282097,0.0024186000000000485,0.03037469876108534,0.02795609876108529
4305,0.11630800000000008,0.03270337385089653,-0.08360462614910355,12.079360000000001,9.281040457702051,-2.79831954229795,10.468879999999999,7.406515019997378,-3.062364980002621,0.037999499999999964,0.04034127458182214,0.0023417745818221786
4306,0.1023869999999999,0.032594922401045515,-0.06979207759895438,12.785680000000003,9.25170003738356,-3.533979962616442,10.62515,7.381493509439932,-3.2436564905600678,0.03145599999999993,0.04085901878030199,0.009403018780302058
4307,0.07181100000000007,0.03294738961306129,-0.03886361038693878,11.090990000000001,9.347056403418659,-1.7439335965813427,8.781320000000001,7.462813418751631,-1.3185065812483696,0.0368946,0.039176350135242524,0.0022817501352425246
4310,0.08574400000000004,0.03479106426052839,-0.050952935739471655,7.7029700000000005,9.84584354883302,2.1428735488330197,7.363099999999999,7.888179098228209,0.5250790982282094,0.05241859999999998,0.03037469876108534,-0.022043901238914643
4311,-0.047784999999999966,0.0382626161152394,0.08604761611523937,6.738349999999997,9.630229604840252,2.8918796048402555,4.30725,7.801165688487396,3.4939156884873963,0.02226410000000001,0.04532177884683013,0.023057678846830118
4376,0.15238699999999994,0.03232855526693326,-0.12005844473306668,12.285680000000003,9.257543694558098,-3.0281363054419046,13.86515,7.39276678926947,-6.47238321073053,0.23145599999999994,0.041258293135975815,-0.19019770686402412
4377,0.06238699999999997,0.03232855526693326,-0.030058444733066708,10.955680000000001,9.257543694558098,-1.6981363054419027,8.50515,7.39276678926947,-1.1123832107305303,0.0014560000000000128,0.041258293135975815,0.0398022931359758
4378,0.1023869999999999,0.03232855526693326,-0.07005844473306663,11.355680000000003,9.257543694558098,-2.098136305441905,9.91515,7.39276678926947,-2.5223832107305304,0.04145599999999994,0.041258293135975815,-0.00019770686402412196
4380,0.06181900000000007,0.041211150564933276,-0.020607849435066793,8.358890000000002,9.691260967950836,1.3323709679508333,10.89359,7.841262374229421,-3.0523276257705785,0.21441880000000002,0.044141641318337616,-0.1702771586816624
4381,0.011819000000000024,0.041211150564933276,0.029392150564933252,8.158890000000003,9.691260967950836,1.5323709679508326,8.493590000000001,7.841262374229421,-0.6523276257705799,0.12441880000000005,0.044141641318337616,-0.08027715868166244
4382,0.04181900000000005,0.041211150564933276,-0.0006078494350667749,7.7588900000000045,9.691260967950836,1.9323709679508312,8.09359,7.841262374229421,-0.25232762577057954,0.10441880000000003,0.044141641318337616,-0.06027715868166242
4384,0.03181900000000004,0.041211150564933276,0.009392150564933234,6.658890000000003,9.691260967950836,3.0323709679508326,6.19359,7.841262374229421,1.6476723742294208,0.05441879999999999,0.044141641318337616,-0.010277158681662374
4490,0.17257899999999993,0.04129676265758234,-0.1312822373424176,5.286369999999998,9.535323931633783,4.248953931633785,6.121339999999998,6.213133886784042,0.09179388678404354,0.02713410000000005,-0.00889980527367297,-0.03603390527367302
4513,0.08238699999999999,0.032728105968101634,-0.049658894031898354,14.005680000000002,9.248778208796292,-4.75690179120371,14.465150000000001,7.375856869525163,-7.0892931304748386,0.26145599999999997,0.040659381602465045,-0.22079661839753492
4586,-0.02746599999999999,0.04889509375942816,0.07636109375942815,8.646149999999999,10.151274698628992,1.5051246986289932,6.688349999999998,8.34048771842229,1.652137718422292,0.06081619999999999,0.04882172410123167,-0.011994475898768314
4587,-0.06746600000000003,0.04889509375942816,0.11636109375942819,6.446149999999999,10.151274698628992,3.7051246986289925,3.7883499999999977,8.34048771842229,4.552137718422292,0.02081619999999995,0.04882172410123167,0.02800552410123172
4813,-0.05746600000000002,0.04889509375942816,0.10636109375942818,6.436149999999998,10.151274698628992,3.715124698628994,3.1283499999999975,8.34048771842229,5.212137718422293,-0.021183800000000086,0.04882172410123167,0.07000552410123176
4914,-0.10148600000000019,0.029841680742788743,0.13132768074278894,2.14311,9.35461386126514,7.21150386126514,0.5528300000000002,9.687446573145586,9.134616573145586,0.02698579999999995,0.11949629306025825,0.0925104930602583
4915,-0.131486,0.029841680742788743,0.16132768074278875,1.4631100000000004,9.35461386126514,7.891503861265139,-1.2271699999999974,9.687446573145586,10.914616573145583,0.0029858000000000384,0.11949629306025825,0.11651049306025821
5029,0.10914599999999985,0.04635702307433252,-0.06278897692566733,10.6694,7.761526258627996,-2.9078737413720033,13.840419999999998,10.530905537977809,-3.3095144620221895,0.1722325,0.18340817747192603,0.011175677471926021
5037,0.09914599999999985,0.04635702307433252,-0.05278897692566732,11.049399999999999,7.761526258627996,-3.2878737413720023,13.520419999999998,10.530905537977809,-2.989514462022189,0.14223249999999998,0.18340817747192603,0.04117567747192605
5041,0.09914599999999985,0.04635702307433252,-0.05278897692566732,11.4494,7.761526258627996,-3.6878737413720044,13.800419999999999,10.530905537977809,-3.2695144620221903,0.1522325,0.18340817747192603,0.03117567747192604
5045,0.10914599999999985,0.04635702307433252,-0.06278897692566733,12.0594,7.761526258627996,-4.297873741372004,15.240419999999999,10.530905537977809,-4.70951446202219,0.20223250000000004,0.18340817747192603,-0.018824322528074006
5049,0.12914599999999987,0.04635702307433252,-0.08278897692566735,12.139399999999998,7.761526258627996,-4.377873741372002,18.19042,10.530905537977809,-7.659514462022191,0.3622325,0.18340817747192603,-0.17882432252807398
5053,0.1491459999999999,0.04635702307433252,-0.10278897692566737,18.449399999999997,7.761526258627996,-10.687873741372002,22.94042,10.530905537977809,-12.40951446202219,0.5522325,0.18340817747192603,-0.36882432252807396
5351,0.09038699999999988,0.0322486451266996,-0.05813835487330028,11.90568,9.25929679171046,-2.6463832082895404,10.305150000000001,7.396148773218331,-2.90900122678167,0.051455999999999946,0.041378075442677964,-0.010077924557321982
5560,-0.03778499999999996,0.03919490108463225,0.07697990108463221,7.1183499999999995,9.609776804729371,2.4914268047293717,3.337250000000001,7.761709209084014,4.424459209084013,-0.04873589999999994,0.0439243186019717,0.09266021860197164
5682,0.030245000000000077,0.030575878518323885,0.0003308785183238072,3.5702,9.327170174896718,5.756970174896718,7.330859999999998,9.072525756157411,1.7416657561574134,0.20142719999999992,0.09852635325226991,-0.10290084674773001
5683,0.050245000000000095,0.030575878518323885,-0.01966912148167621,7.670200000000001,9.327170174896718,1.656970174896717,7.730859999999998,9.072525756157411,1.341665756157413,0.07142720000000002,0.09852635325226991,0.027099153252269886
5686,0.050245000000000095,0.030575878518323885,-0.01966912148167621,7.3702000000000005,9.327170174896718,1.9569701748967177,9.330859999999998,9.072525756157411,-0.25833424384258663,0.1714272,0.09852635325226991,-0.07290084674773009
5760,0.09701499999999996,0.02320756208907475,-0.07380743791092521,6.271419999999999,9.002954365635366,2.7315343656353672,8.98863,9.600599682208667,0.6119696822086667,0.09765030000000008,0.12641687019799036,0.028766570197990282
5848,0.09221500000000005,0.0370639640117343,-0.05515103598826575,19.43835,9.656526062125671,-9.781823937874329,15.407250000000001,7.851895447720315,-7.555354552279686,0.1222641000000001,0.047118513447362384,-0.07514558655263771
5849,0.09221500000000005,0.0370639640117343,-0.05515103598826575,17.43835,9.656526062125671,-7.781823937874329,13.807250000000002,7.851895447720315,-5.955354552279687,0.062264100000000044,0.047118513447362384,-0.01514558655263766
5850,0.032215000000000105,0.0370639640117343,0.004848964011734194,12.338349999999998,9.656526062125671,-2.681823937874327,9.50725,7.851895447720315,-1.655354552279686,0.02226410000000001,0.047118513447362384,0.024854413447362375
5852,0.07221500000000014,0.0370639640117343,-0.03515103598826584,16.238349999999997,9.656526062125671,-6.581823937874326,13.307250000000002,7.851895447720315,-5.455354552279687,-0.05773589999999995,0.047118513447362384,0.10485441344736234
5854,0.05221500000000012,0.0370639640117343,-0.015151035988265824,15.538349999999998,9.656526062125671,-5.8818239378743264,17.507250000000003,7.851895447720315,-9.655354552279688,-0.14773589999999992,0.047118513447362384,0.19485441344736232
5862,-0.03778499999999996,0.0370639640117343,0.07484896401173426,24.81835,9.656526062125671,-15.161823937874328,17.297250000000002,7.851895447720315,-9.445354552279687,-0.03773589999999993,0.047118513447362384,0.08485441344736232
5934,0.03198999999999996,0.04566169620116286,0.013671696201162896,6.221590000000003,9.970775400662452,3.7491854006624497,5.07508,8.147561548642866,3.072481548642866,0.007483600000000035,0.04718925560147835,0.03970565560147832
6211,-0.023965000000000014,0.033331697839557986,0.057296697839558,7.505700000000001,9.23678617017325,1.7310861701732492,4.698500000000001,7.363496895015347,2.6649968950153458,-0.013794799999999996,0.040487006137929285,0.05428180613792928
6523,0.14825199999999994,-0.003291396242201025,-0.15154339624220098,10.25528,7.56715185312335,-2.688128146876651,14.122440000000001,7.792004714839942,-6.330435285160059,0.34930089999999997,0.10436943112974645,-0.24493146887025352
6524,0.40825199999999995,-0.003291396242201025,-0.411543396242201,10.55528,7.56715185312335,-2.98812814687665,13.622440000000001,7.792004714839942,-5.830435285160059,0.27930089999999996,0.10436943112974645,-0.17493146887025351
6526,0.15825199999999995,-0.003291396242201025,-0.161543396242201,10.05528,7.56715185312335,-2.48812814687665,13.122440000000001,7.792004714839942,-5.330435285160059,0.25930089999999995,0.10436943112974645,-0.1549314688702535
6527,0.2282519999999999,-0.003291396242201025,-0.23154339624220094,10.25528,7.56715185312335,-2.688128146876651,14.422440000000002,7.792004714839942,-6.630435285160059,0.22930089999999992,0.10436943112974645,-0.12493146887025347
6529,-0.02074799999999999,-0.003291396242201025,0.017456603757798964,9.75528,7.56715185312335,-2.188128146876651,9.022440000000001,7.792004714839942,-1.230435285160059,0.09930089999999991,0.10436943112974645,0.005068531129746534
6530,-0.0027479999999999727,-0.003291396242201025,-0.0005433962422010524,9.995280000000001,7.56715185312335,-2.4281281468766513,14.622440000000001,7.792004714839942,-6.830435285160059,0.13630089999999995,0.10436943112974645,-0.0319314688702535
6752,0.4248790000000001,0.03995958739903427,-0.38491941260096585,14.211459999999999,9.53173725195035,-4.679722748049649,18.91837,10.781377411686046,-8.136992588313953,0.24892409999999998,0.1471701219189716,-0.10175397808102837
6753,0.20487900000000014,0.03995958739903427,-0.16491941260096588,9.211459999999999,9.53173725195035,0.32027725195035117,16.91837,10.781377411686046,-6.136992588313953,0.37892410000000004,0.1471701219189716,-0.23175397808102843
6755,-0.02512099999999995,0.03995958739903427,0.06508058739903422,12.211459999999999,9.53173725195035,-2.679722748049649,14.71837,10.781377411686046,-3.936992588313954,0.2789241,0.1471701219189716,-0.1317539780810284
6757,0.4348790000000001,0.03995958739903427,-0.39491941260096586,17.21146,9.53173725195035,-7.679722748049649,20.71837,10.781377411686046,-9.936992588313954,0.31892410000000004,0.1471701219189716,-0.17175397808102844
6758,0.1548790000000001,0.03995958739903427,-0.11491941260096583,16.71146,9.53173725195035,-7.179722748049649,18.21837,10.781377411686046,-7.436992588313954,0.2989241,0.1471701219189716,-0.15175397808102842
6760,0.024879000000000095,0.03995958739903427,0.015080587399034173,11.711459999999999,9.53173725195035,-2.179722748049649,13.41837,10.781377411686046,-2.6369925883139533,0.21892410000000007,0.1471701219189716,-0.07175397808102846
6762,0.05487900000000012,0.03995958739903427,-0.014919412600965853,12.31146,9.53173725195035,-2.7797227480496502,11.21837,10.781377411686046,-0.43699258831395404,0.10392410000000007,0.1471701219189716,0.04324602191897153
6891,-0.0752130000000002,0.035141824214345335,0.11035482421434553,8.432690000000001,10.944523334249238,2.5118333342492374,8.211599999999997,10.685705703515618,2.4741057035156206,0.11239939999999993,0.1041185250580491,-0.00828087494195083
6919,0.09238699999999989,0.032728105968101634,-0.05965889403189825,8.40568,9.248778208796292,0.8430982087962917,7.805150000000001,7.375856869525163,-0.4292931304748384,0.027455999999999925,0.040659381602465045,0.01320338160246512
6920,0.1123869999999999,0.032728105968101634,-0.07965889403189827,6.705680000000001,9.248778208796292,2.543098208796291,6.50515,7.375856869525163,0.8707068695251623,0.0034560000000000146,0.040659381602465045,0.03720338160246503
6921,0.12238699999999991,0.032728105968101634,-0.08965889403189828,10.505680000000002,9.248778208796292,-1.2569017912037097,9.40515,7.375856869525163,-2.029293130474838,0.024455999999999922,0.040659381602465045,0.016203381602465122
7018,0.198005,0.031273366405082256,-0.16673163359491772,11.089310000000001,9.301098672846718,-1.7882113271532827,11.917390000000001,8.488350980018645,-3.4290390199813565,0.14189190000000007,0.07860491043468099,-0.06328698956531909
7019,0.15400499999999984,0.031273366405082256,-0.12273163359491758,8.869309999999999,9.301098672846718,0.43178867284671973,11.217390000000002,8.488350980018645,-2.7290390199813572,0.1988919,0.07860491043468099,-0.12028698956531902
7022,0.010005000000000042,0.031273366405082256,0.021268366405082215,2.139310000000002,9.301098672846718,7.161788672846717,4.607390000000002,8.488350980018645,3.880960980018642,0.12489190000000006,0.07860491043468099,-0.04628698956531907
7023,0.004005000000000036,0.031273366405082256,0.02726836640508222,2.1193099999999987,9.301098672846718,7.18178867284672,2.0973900000000008,8.488350980018645,6.390960980018644,0.01789190000000007,0.07860491043468099,0.060713010434680914
7024,0.04500499999999996,0.031273366405082256,-0.013731633594917705,3.05931,9.301098672846718,6.2417886728467185,4.307390000000002,8.488350980018645,4.180960980018643,0.0608919,0.07860491043468099,0.017713010434680987
7135,0.052458000000000005,0.03500810066053598,-0.017449899339464024,19.98927,9.593710064591113,-10.395559935408889,18.55426,10.298571498368888,-8.255688501631111,0.1795405,0.1378858161611297,-0.041654683838870304
7137,0.25945799999999997,0.03500810066053598,-0.224449899339464,25.98927,9.593710064591113,-16.39555993540889,22.65426,10.298571498368888,-12.355688501631112,0.21954050000000003,0.1378858161611297,-0.08165468383887034
7145,-0.02778499999999995,0.039114990944398575,0.06689999094439852,6.808349999999997,9.611529901881735,2.8031799018817374,4.14725,7.765091193032876,3.617841193032876,-0.01073589999999991,0.044044100908673875,0.054780000908673784
7146,0.042215000000000114,0.039114990944398575,-0.003100009055601538,7.698349999999998,9.611529901881735,1.9131799018817368,7.7272500000000015,7.765091193032876,0.037841193032874365,0.07726410000000006,0.044044100908673875,-0.03321999909132618
7147,0.07221500000000014,0.039114990944398575,-0.033100009055601565,9.628349999999998,9.611529901881735,-0.016820098118262905,11.417250000000001,7.765091193032876,-3.652158806967125,0.20026410000000006,0.044044100908673875,-0.15621999909132617
7148,0.11221500000000006,0.039114990944398575,-0.07310000905560149,21.06835,9.611529901881735,-11.456820098118264,17.457250000000002,7.765091193032876,-9.692158806967125,0.27426410000000007,0.044044100908673875,-0.23021999909132618
7203,0.09221500000000005,0.03879535038346388,-0.05341964961653617,17.83835,9.618542290491177,-8.219807709508821,15.10725,7.778619128828321,-7.328630871171679,0.19226410000000005,0.04452323013548247,-0.14774086986451757
7204,0.08421500000000015,0.03879535038346388,-0.04541964961653627,17.038349999999998,9.618542290491177,-7.41980770950882,13.407250000000001,7.778619128828321,-5.62863087117168,0.062264100000000044,0.04452323013548247,-0.017740869864517575
7226,-0.07351200000000002,0.04229511507584144,0.11580711507584146,5.481820000000003,9.793197931283181,4.311377931283179,1.40644,7.960272018778208,6.553832018778208,-0.05369219999999997,0.04575642427956196,0.09944862427956193
7227,-0.08951200000000004,0.04229511507584144,0.13180711507584147,5.031820000000003,9.793197931283181,4.761377931283178,0.3064399999999985,7.960272018778208,7.65383201877821,-0.07169219999999998,0.04575642427956196,0.11744862427956194
7480,0.09468699999999985,0.030874697465836917,-0.06381230253416294,23.459100000000003,9.326282875144585,-14.132817124855418,20.52853,9.351802965077653,-11.176727034922347,0.3218311,0.10801313726707948,-0.2138179627329205
7481,0.07468699999999995,0.030874697465836917,-0.04381230253416303,25.1691,9.326282875144585,-15.842817124855415,21.25853,9.351802965077653,-11.906727034922348,0.3348311,0.10801313726707948,-0.22681796273292051
7482,0.06730300000000011,0.021945983778926828,-0.045357016221073285,20.00581,8.849953216442747,-11.155856783557253,19.58326,9.002570966704617,-10.580689033295382,0.2944346,0.13019876903805722,-0.16423583096194277
7483,-0.032696999999999976,0.021945983778926828,0.054642983778926804,12.905810000000002,8.849953216442747,-4.055856783557255,10.08326,9.002570966704617,-1.080689033295382,0.014434599999999964,0.13019876903805722,0.11576416903805725
7484,-0.012696999999999958,0.021945983778926828,0.034642983778926786,10.20581,8.849953216442747,-1.3558567835572521,9.683259999999999,9.002570966704617,-0.6806890332953817,0.08443460000000003,0.13019876903805722,0.04576416903805719
7487,-0.042696999999999985,0.021945983778926828,0.06464298377892681,11.20581,8.849953216442747,-2.355856783557252,9.183259999999999,9.002570966704617,-0.18068903329538166,0.04443459999999999,0.13019876903805722,0.08576416903805723
7489,-0.0026969999999999494,0.021945983778926828,0.024642983778926777,9.805810000000001,8.849953216442747,-0.9558567835572536,8.18326,9.002570966704617,0.8193109667046166,0.024434599999999973,0.13019876903805722,0.10576416903805724
7490,-0.032696999999999976,0.021945983778926828,0.054642983778926804,8.605810000000002,8.849953216442747,0.24414321644274573,7.083259999999999,9.002570966704617,1.919310966704618,0.03443459999999998,0.13019876903805722,0.09576416903805723
7498,0.074847,0.04396922640269293,-0.03087777359730707,5.09113,9.337611810310795,4.2464818103107955,6.153739999999999,7.629504285000613,1.475764285000614,0.06595679999999993,0.05947092802609977,-0.006485871973900159
7548,0.10630499999999998,0.039891058241925376,-0.06641394175807461,10.098029999999998,9.89128536240779,-0.20674463759220707,12.352540000000001,10.39740872707183,-1.9551312729281705,0.11033899999999996,0.12883763480016763,0.018498634800167668
7550,0.136305,0.039891058241925376,-0.09641394175807463,10.438029999999998,9.89128536240779,-0.5467446375922069,12.64254,10.39740872707183,-2.2451312729281696,0.09033900000000006,0.12883763480016763,0.038498634800167575
7552,0.06630500000000006,0.039891058241925376,-0.026413941758074683,13.968029999999999,9.89128536240779,-4.076744637592208,15.34254,10.39740872707183,-4.945131272928169,0.17033900000000002,0.12883763480016763,-0.041501365199832385
7644,0.37889000000000006,0.04574230140000303,-0.33314769859999704,10.965449999999999,10.262954008272377,-0.7024959917276217,15.82344,10.66335070187225,-5.160089298127749,0.30043050000000004,0.1280579099146987,-0.17237259008530134
7645,0.29489,0.04574230140000303,-0.24914769859999697,14.565449999999998,10.262954008272377,-4.302495991727621,15.77344,10.66335070187225,-5.11008929812775,0.21243049999999997,0.1280579099146987,-0.08437259008530126
7762,-0.03761300000000012,0.032594922401045515,0.07020792240104563,7.435680000000001,9.25170003738356,1.8160200373835593,3.8851499999999994,7.381493509439932,3.4963435094399324,-0.03254400000000013,0.04085901878030199,0.07340301878030212
7763,-0.02761300000000011,0.032594922401045515,0.060207922401045624,8.035680000000003,9.25170003738356,1.216020037383558,3.895150000000001,7.381493509439932,3.486343509439931,-0.06154400000000004,0.04085901878030199,0.10240301878030203
7764,-0.03761300000000012,0.032594922401045515,0.07020792240104563,7.985680000000002,9.25170003738356,1.2660200373835586,3.815149999999999,7.381493509439932,3.5663435094399327,-0.06654400000000005,0.04085901878030199,0.10740301878030203
7766,-0.02761300000000011,0.032594922401045515,0.060207922401045624,11.125680000000003,9.25170003738356,-1.873979962616442,8.11515,7.381493509439932,-0.733656490560068,0.04145599999999994,0.04085901878030199,-0.0005969812196979507
7767,-0.02761300000000011,0.032594922401045515,0.060207922401045624,17.95568,9.25170003738356,-8.70397996261644,13.195150000000002,7.381493509439932,-5.81365649056007,0.07145599999999996,0.04085901878030199,-0.030596981219697977
7768,-0.04761300000000013,0.032594922401045515,0.08020792240104564,5.3456800000000015,9.25170003738356,3.906020037383559,1.265150000000002,7.381493509439932,6.11634350943993,-0.08454399999999995,0.04085901878030199,0.12540301878030194
7946,-0.09579500000000007,0.031145295898792613,0.1269402958987927,3.6104699999999994,10.46561898594418,6.855148985944181,1.0476099999999988,9.093093348232648,8.045483348232649,0.0007224000000000119,0.06842088410147631,0.0676984841014763
8023,0.04838699999999996,0.032594922401045515,-0.015792077598954443,5.99568,9.25170003738356,3.2560200373835606,7.78515,7.381493509439932,-0.4036564905600679,0.1314559999999999,0.04085901878030199,-0.09059698121969792
8032,0.00044200000000005346,0.0461637055343522,0.04572170553435215,7.178659999999997,9.980181758554997,2.8015217585549994,7.678690000000001,8.92205237630623,1.2433623763062283,0.0050736000000000114,0.07493544917282796,0.06986184917282795
8034,0.04044200000000009,0.0461637055343522,0.005721705534352112,9.298659999999998,9.980181758554997,0.6815217585549984,12.72869,8.92205237630623,-3.8066376236937707,0.10007359999999998,0.07493544917282796,-0.025138150827172023
8057,0.0542450000000001,0.0424822671283265,-0.0117627328716736,4.586269999999999,10.083039076023292,5.496769076023293,7.649840000000001,10.471551860075778,2.8217118600757765,0.16017380000000003,0.12646536885051277,-0.03370843114948727
8058,0.012959000000000165,0.04229871768444272,0.029339717684442553,10.168589999999998,10.089899997615396,-0.07869000238460266,9.86852,10.625282064322821,0.756762064322821,0.06296540000000006,0.13170785380250985,0.06874245380250979
8086,-0.030613,0.031929004565764904,0.0625420045657649,6.105680000000003,9.266309180319904,3.1606291803199014,2.305150000000001,7.409676709013776,5.104526709013775,-0.06354400000000004,0.04185720466948656,0.1054012046694866
8087,-0.014612999999999987,0.031929004565764904,0.04654200456576489,6.705680000000001,9.266309180319904,2.5606291803199035,3.605150000000002,7.409676709013776,3.804526709013774,-0.03554400000000002,0.04185720466948656,0.07740120466948658
8088,-0.023613000000000106,0.031929004565764904,0.05554200456576501,6.105680000000003,9.266309180319904,3.1606291803199014,2.905149999999999,7.409676709013776,4.504526709013777,-0.04354400000000003,0.04185720466948656,0.08540120466948659
8167,0.2214879999999999,0.04282784934406593,-0.178660150655934,8.641820000000003,9.781510616934106,1.1396906169341037,11.51644,7.937725459119133,-3.578714540880866,0.10030780000000006,0.044957875568214276,-0.05534992443178578
8168,0.3414879999999999,0.04282784934406593,-0.298660150655934,9.041820000000001,9.781510616934106,0.7396906169341051,13.01644,7.937725459119133,-5.078714540880866,0.16330780000000011,0.044957875568214276,-0.11834992443178584
8169,0.2214879999999999,0.04282784934406593,-0.178660150655934,12.641820000000003,9.781510616934106,-2.8603093830658963,12.51644,7.937725459119133,-4.578714540880866,0.041307800000000006,0.044957875568214276,0.00365007556821427
8177,-0.03899000000000008,0.04899081752550213,0.08798081752550221,8.26493,9.449019396169852,1.1840893961698526,5.796899999999999,7.777864694752495,1.9809646947524957,0.019842499999999985,0.06581283421066193,0.04597033421066195
8178,0.16101,0.04899081752550213,-0.11201918247449785,23.96493,9.449019396169852,-14.515910603830147,16.596899999999998,7.777864694752495,-8.819035305247503,-0.3101575,0.06581283421066193,0.3759703342106619
8179,0.06101000000000001,0.04899081752550213,-0.012019182474497882,15.00493,9.449019396169852,-5.555910603830148,10.306899999999999,7.777864694752495,-2.529035305247504,-0.07015749999999998,0.06581283421066193,0.1359703342106619
8181,-0.03899000000000008,0.04899081752550213,0.08798081752550221,7.08493,9.449019396169852,2.3640893961698524,5.286899999999999,7.777864694752495,2.4909646947524955,0.0398425,0.06581283421066193,0.02597033421066193
8182,-0.03899000000000008,0.04899081752550213,0.08798081752550221,7.124929999999999,9.449019396169852,2.324089396169853,5.4169,7.777864694752495,2.3609646947524947,0.0398425,0.06581283421066193,0.02597033421066193
8199,-0.05008900000000005,0.0346353341039253,0.08472433410392535,9.17586,9.219434508771208,0.04357450877120783,7.67356,7.426992961784835,-0.246567038215165,0.08676649999999997,0.04512437947005181,-0.04164212052994816
8201,0.09991099999999997,0.0346353341039253,-0.06527566589607467,10.69586,9.219434508771208,-1.4764254912287917,12.54356,7.426992961784835,-5.116567038215164,0.21676649999999997,0.04512437947005181,-0.17164212052994815
8247,0.002386999999999917,0.032728105968101634,0.030341105968101717,9.105680000000003,9.248778208796292,0.14309820879628887,6.805150000000001,7.375856869525163,0.5707068695251616,0.016455999999999915,0.040659381602465045,0.02420338160246513
8254,0.032386999999999944,0.032728105968101634,0.00034110596810169036,9.605680000000003,9.248778208796292,-0.3569017912037111,8.70515,7.375856869525163,-1.329293130474837,0.08145599999999997,0.040659381602465045,-0.04079661839753493
8329,0.06221500000000013,0.03919490108463225,-0.02302009891536788,6.3683499999999995,9.609776804729371,3.2414268047293717,7.907250000000001,7.761709209084014,-0.14554079091598737,0.11326410000000009,0.0439243186019717,-0.06933978139802839
8330,-0.047784999999999966,0.03919490108463225,0.08697990108463222,5.958349999999999,9.609776804729371,3.651426804729372,6.207250000000002,7.761709209084014,1.554459209084012,0.11226410000000009,0.0439243186019717,-0.06833978139802839
8647,-0.015009999999999968,0.04353075912826491,0.058540759128264876,10.32159,10.01752465805875,-0.30406534194125,7.48508,8.237747787279165,0.7526677872791652,0.019483599999999934,0.05038345044686904,0.030899850446869104
8700,-0.09778500000000001,0.03919490108463225,0.13697990108463226,7.898349999999997,9.609776804729371,1.7114268047293741,3.6072500000000005,7.761709209084014,4.154459209084013,-0.02273589999999992,0.0439243186019717,0.06666021860197162
8701,-0.09778500000000001,0.03919490108463225,0.13697990108463226,6.958349999999999,9.609776804729371,2.651426804729372,1.9072500000000012,7.761709209084014,5.854459209084013,-0.06373589999999985,0.0439243186019717,0.10766021860197154
8755,0.06088300000000002,0.03630847585931936,-0.024574524140680662,5.277709999999999,9.715612457198219,4.43790245719822,6.316690000000001,10.073298912704436,3.7566089127044346,0.0613556999999999,0.1227612300597649,0.061405530059765
8756,0.002215000000000078,0.03906171751757613,0.03684671751757605,6.43835,9.61269863331664,3.17434863331664,3.497250000000001,7.767345848998783,4.270095848998782,-0.04773589999999994,0.04412395577980864,0.09185985577980858
8757,-0.01778499999999994,0.03906171751757613,0.05684671751757607,9.828349999999997,9.61269863331664,-0.21565136668335683,6.567250000000001,7.767345848998783,1.2000958489987816,-0.007735899999999907,0.04412395577980864,0.05185985577980855
8766,0.12303000000000008,0.03634092767272015,-0.08668907232727993,17.38507,9.720568814620623,-7.664501185379375,16.80032,10.363849401454218,-6.436470598545782,0.15565819999999997,0.1326472884302483,-0.023010911569751658
8767,0.09303000000000006,0.03634092767272015,-0.056689072327279905,16.48507,9.720568814620623,-6.764501185379377,15.900319999999999,10.363849401454218,-5.536470598545781,0.12565819999999994,0.1326472884302483,0.006989088430248369
8768,0.08303000000000016,0.03634092767272015,-0.04668907232728001,15.285070000000001,9.720568814620623,-5.5645011853793775,15.000319999999999,10.363849401454218,-4.636470598545781,0.10565820000000004,0.1326472884302483,0.026989088430248276
8769,0.07303000000000015,0.03634092767272015,-0.03668907232728,14.48507,9.720568814620623,-4.764501185379377,14.30032,10.363849401454218,-3.9364705985457817,0.09565820000000003,0.1326472884302483,0.036989088430248285
8773,0.08303000000000016,0.03634092767272015,-0.04668907232728001,14.68507,9.720568814620623,-4.964501185379376,14.30032,10.363849401454218,-3.9364705985457817,0.09565820000000003,0.1326472884302483,0.036989088430248285
8774,0.06303000000000014,0.03634092767272015,-0.02668907232727999,13.68507,9.720568814620623,-3.964501185379376,13.400319999999999,10.363849401454218,-3.0364705985457814,0.09565820000000003,0.1326472884302483,0.036989088430248285
8775,0.09303000000000006,0.03634092767272015,-0.056689072327279905,14.98507,9.720568814620623,-5.264501185379377,14.700319999999998,10.363849401454218,-4.33647059854578,0.10565820000000004,0.1326472884302483,0.026989088430248276
8819,-0.0717620000000001,0.028183312167013377,0.09994531216701348,9.75629,10.077478225316376,0.3211882253163765,8.558089999999998,9.94197568393254,1.383885683932542,0.08970110000000009,0.11792728951681358,0.028226189516813494
8831,0.03707080000000007,0.028032945236248663,-0.009037854763751407,7.439170000000004,9.396842274479647,1.957672274479643,8.10021,8.983708238593033,0.8834982385930328,0.10348449999999998,0.12136316416690034,0.017878664166900357
8833,0.007070800000000044,0.028032945236248663,0.02096214523624862,6.939170000000004,9.396842274479647,2.457672274479643,7.340210000000001,8.983708238593033,1.6434982385930326,0.10048450000000009,0.12136316416690034,0.02087866416690025
8849,-0.004813999999999874,0.031735252890561505,0.03654925289056138,17.73925,9.32783706992647,-8.411412930073528,16.73725,9.855930188888124,-6.881319811111876,0.1379144,0.12795564171160573,-0.009958758288394265
8850,-0.023217699999999897,0.03210235177832907,0.055320051778328966,10.888630000000003,9.31411522674226,-1.574514773257743,9.35089,9.548469780394036,0.19757978039403667,0.06411140000000004,0.11747067180761157,0.05335927180761153
8851,-0.027660999999999936,0.03234096605537799,0.06000196605537793,10.336780000000001,9.305196028672524,-1.0315839713274766,8.704699999999999,9.348620514872879,0.6439205148728799,0.04876780000000003,0.11065544137001536,0.06188764137001533
8852,-0.010661000000000032,0.03234096605537799,0.043001966055378024,11.746780000000001,9.305196028672524,-2.4415839713274767,10.3547,9.348620514872879,-1.0060794851271204,0.05876780000000004,0.11065544137001536,0.05188764137001532
8853,-0.04739899999999997,0.032799839665087455,0.08019883966508742,11.47148,9.28804372469226,-2.1834362753077396,9.756269999999999,8.96429500425527,-0.7919749957447291,0.0933676,0.09754922899002265,0.004181628990022654
9062,0.21238699999999988,0.033260840236326125,-0.17912615976367374,25.805680000000002,9.237090894447217,-16.568589105552785,19.80515,7.353310309866088,-12.451839690133912,0.42145599999999994,0.03986083289111739,-0.3815951671088825
9063,0.09238699999999989,0.033260840236326125,-0.05912615976367376,13.805680000000002,9.237090894447217,-4.568589105552785,12.10515,7.353310309866088,-4.751839690133912,0.10145599999999999,0.03986083289111739,-0.061595167108882604
9064,0.2223869999999999,0.033260840236326125,-0.18912615976367375,23.405680000000004,9.237090894447217,-14.168589105552787,18.40515,7.353310309866088,-11.05183969013391,0.221456,0.03986083289111739,-0.1815951671088826
9065,0.09238699999999989,0.033260840236326125,-0.05912615976367376,13.605680000000001,9.237090894447217,-4.368589105552784,15.305150000000001,7.353310309866088,-7.951839690133913,0.331456,0.03986083289111739,-0.29159516710888256
9066,0.05238699999999996,0.033260840236326125,-0.019126159763673836,12.505680000000002,9.237090894447217,-3.2685891055527847,13.20515,7.353310309866088,-5.851839690133912,0.23145599999999994,0.03986083289111739,-0.19159516710888255
9080,-0.03761300000000012,0.032728105968101634,0.07034110596810175,6.525680000000001,9.248778208796292,2.7230982087962907,5.3351500000000005,7.375856869525163,2.0407068695251622,0.051455999999999946,0.040659381602465045,-0.010796618397534902
9090,0.12148799999999993,0.04242829864289756,-0.07905970135710237,13.471820000000003,9.790276102695913,-3.68154389730409,13.72644,7.954635378863439,-5.771804621136561,0.19930780000000003,0.04555678710172502,-0.15375101289827503
9093,0.012386999999999926,0.032594922401045515,0.02020792240104559,12.645680000000002,9.25170003738356,-3.3939799626164415,10.635150000000001,7.381493509439932,-3.2536564905600693,0.09645599999999999,0.04085901878030199,-0.055596981219698
9094,0.012386999999999926,0.032594922401045515,0.02020792240104559,12.325680000000002,9.25170003738356,-3.0739799626164412,9.645150000000001,7.381493509439932,-2.263656490560069,0.04345599999999994,0.04085901878030199,-0.0025969812196979525
9097,-0.028512000000000093,0.04229511507584144,0.07080711507584153,7.221820000000001,9.793197931283181,2.5713779312831804,5.696439999999999,7.960272018778208,2.263832018778209,0.04630780000000001,0.04575642427956196,-0.0005513757204380493
9099,-0.05851200000000012,0.04229511507584144,0.10080711507584156,5.671820000000004,9.793197931283181,4.1213779312831775,1.9864399999999982,7.960272018778208,5.97383201877821,-0.04369219999999996,0.04575642427956196,0.08944862427956192
9100,-0.05851200000000012,0.04229511507584144,0.10080711507584156,6.641820000000003,9.793197931283181,3.1513779312831787,3.0864399999999996,7.960272018778208,4.8738320187782085,-0.03369219999999995,0.04575642427956196,0.07944862427956191
9101,-0.04851200000000011,0.04229511507584144,0.09080711507584155,7.031820000000003,9.793197931283181,2.761377931283178,3.5964399999999976,7.960272018778208,4.3638320187782105,-0.03169219999999995,0.04575642427956196,0.07744862427956191
9106,-0.03761300000000012,0.03304774652903633,0.07066074652903645,6.33568,9.241765820186847,2.9060858201868474,1.8051500000000011,7.362328933729718,5.557178933729717,-0.08854400000000007,0.04018025237565645,0.12872425237565652
9107,-0.057613000000000136,0.03304774652903633,0.09066074652903647,7.425680000000003,9.241765820186847,1.816085820186844,2.805150000000001,7.362328933729718,4.557178933729717,-0.06854400000000005,0.04018025237565645,0.1087242523756565
9108,0.04238699999999995,0.03304774652903633,-0.009339253470963621,6.705680000000001,9.241765820186847,2.5360858201868464,4.305150000000001,7.362328933729718,3.057178933729717,-0.04854400000000003,0.04018025237565645,0.08872425237565648
9109,0.002386999999999917,0.03304774652903633,0.030660746529036415,6.505680000000002,9.241765820186847,2.7360858201868457,3.7051499999999997,7.362328933729718,3.6571789337297185,-0.03854400000000002,0.04018025237565645,0.07872425237565647
9110,-0.03761300000000012,0.03304774652903633,0.07066074652903645,6.505680000000002,9.241765820186847,2.7360858201868457,3.305150000000001,7.362328933729718,4.057178933729717,-0.028544000000000014,0.04018025237565645,0.06872425237565646
9111,-0.0176130000000001,0.03304774652903633,0.05066074652903643,6.505680000000002,9.241765820186847,2.7360858201868457,3.2051499999999997,7.362328933729718,4.1571789337297185,-0.04854400000000003,0.04018025237565645,0.08872425237565648
9113,-0.04761300000000013,0.03304774652903633,0.08066074652903646,5.305680000000002,9.241765820186847,3.936085820186845,0.7051499999999997,7.362328933729718,6.6571789337297185,-0.08854400000000007,0.04018025237565645,0.12872425237565652
9114,-0.06761300000000015,0.03304774652903633,0.10066074652903648,6.105680000000003,9.241765820186847,3.1360858201868442,1.5051500000000004,7.362328933729718,5.857178933729718,-0.06854400000000005,0.04018025237565645,0.1087242523756565
9138,-0.044613000000000014,0.02606892761529553,0.07068192761529554,6.235680000000002,9.394869638159726,3.1591896381597238,2.675150000000002,7.657688865263602,4.9825388652636,-0.041544000000000025,0.0506412404943109,0.09218524049431093
9224,-0.0782830000000001,0.05199530775063735,0.13027830775063745,7.660720000000001,10.334695825182802,2.6739758251828007,3.738900000000001,8.539050528116485,4.800150528116484,-0.024994799999999984,0.05065382977882195,0.07564862977882193
9226,-0.048283000000000076,0.05199530775063735,0.10027830775063742,8.160720000000001,10.334695825182802,2.1739758251828007,4.238899999999999,8.539050528116485,4.300150528116486,-0.0449948,0.05065382977882195,0.09564862977882195
9783,-0.057613000000000136,0.031795820998708785,0.08940882099870892,7.305680000000002,9.269231008907173,1.9635510089071708,2.5051500000000004,7.415313348928545,4.910163348928545,-0.07854400000000006,0.04205684184732347,0.12060084184732353
9785,-0.11761299999999997,0.020608401365994525,0.13822140136599448,6.805680000000002,9.514664610237743,2.7089846102377404,1.0051500000000004,7.888791101769123,6.883641101769123,-0.07854400000000006,0.0588263647856245,0.13737036478562456
9787,-0.09761300000000017,0.031795820998708785,0.12940882099870896,6.805680000000002,9.269231008907173,2.463551008907171,1.6051500000000019,7.415313348928545,5.810163348928543,-0.06854400000000005,0.04205684184732347,0.11060084184732352
9867,0.14238699999999993,0.032728105968101634,-0.1096588940318983,11.72568,9.248778208796292,-2.4769017912037086,10.03515,7.375856869525163,-2.659293130474837,0.20145599999999997,0.040659381602465045,-0.16079661839753492
9916,-0.06761300000000015,0.032594922401045515,0.10020792240104566,5.33568,9.25170003738356,3.9160200373835607,2.805150000000001,7.381493509439932,4.576343509439931,0.005456000000000016,0.04085901878030199,0.03540301878030197
9918,-0.04761300000000013,0.032594922401045515,0.08020792240104564,5.705680000000001,9.25170003738356,3.5460200373835598,3.105150000000002,7.381493509439932,4.27634350943993,0.0014560000000000128,0.04085901878030199,0.039403018780301974
9919,-0.03761300000000012,0.032594922401045515,0.07020792240104563,5.285680000000003,9.25170003738356,3.966020037383558,4.20515,7.381493509439932,3.176343509439932,0.04345599999999994,0.04085901878030199,-0.0025969812196979525
9955,-0.08901000000000003,0.04546192085057867,0.1344719208505787,6.16159,9.975158143543355,3.813568143543355,1.775079999999999,8.15601650851502,6.3809365085150205,-0.048516400000000015,0.04748871136823374,0.09600511136823375
9956,-0.11600999999999995,0.04546192085057867,0.16147192085057863,7.261590000000002,9.975158143543355,2.7135681435433536,2.2050800000000024,8.15601650851502,5.950936508515017,-0.05051640000000013,0.04748871136823374,0.09800511136823387
10212,-0.03761300000000012,0.032728105968101634,0.07034110596810175,7.935680000000001,9.248778208796292,1.3130982087962906,3.8451500000000003,7.375856869525163,3.5307068695251624,-0.05554400000000004,0.040659381602465045,0.09620338160246508
10237,-0.02761300000000011,0.032728105968101634,0.060341105968101744,8.185680000000001,9.248778208796292,1.0630982087962906,5.03515,7.375856869525163,2.340706869525163,-0.006543999999999994,0.040659381602465045,0.04720338160246504
10243,-0.06761300000000015,0.032728105968101634,0.10034110596810178,7.855680000000003,9.248778208796292,1.3930982087962889,3.5451499999999996,7.375856869525163,3.830706869525163,-0.04654400000000003,0.040659381602465045,0.08720338160246507
10248,-0.06761300000000015,0.032728105968101634,0.10034110596810178,7.855680000000003,9.248778208796292,1.3930982087962889,3.5451499999999996,7.375856869525163,3.830706869525163,-0.04654400000000003,0.040659381602465045,0.08720338160246507
10596,0.13920299999999997,0.03759159258795036,-0.1016114074120496,4.226890000000001,8.388531360950006,4.161641360950005,9.69497,9.479243958140055,-0.21572604185994493,0.20916060000000003,0.15410418767960204,-0.055056412320397985
10597,0.16020299999999998,0.03759159258795036,-0.12261140741204962,4.3768899999999995,8.388531360950006,4.011641360950007,11.15497,9.479243958140055,-1.6757260418599458,0.26916059999999997,0.15410418767960204,-0.11505641232039793
10598,0.11620299999999995,0.03759159258795036,-0.07861140741204958,3.7868899999999996,8.388531360950006,4.601641360950007,7.76497,9.479243958140055,1.7142739581400548,0.13816060000000008,0.15410418767960204,0.015943587679601967
10599,0.13920299999999997,0.03759159258795036,-0.1016114074120496,3.8768899999999995,8.388531360950006,4.511641360950007,8.77497,9.479243958140055,0.704273958140055,0.1691606,0.15410418767960204,-0.01505641232039795
10600,-0.009797000000000056,0.03759159258795036,0.04738859258795042,2.7768900000000016,8.388531360950006,5.611641360950005,3.8249700000000004,9.479243958140055,5.654273958140054,0.07716059999999991,0.15410418767960204,0.07694358767960213
10601,0.00020299999999995322,0.03759159258795036,0.03738859258795041,3.046890000000001,8.388531360950006,5.341641360950005,5.394970000000001,9.479243958140055,4.084273958140054,0.12916059999999996,0.15410418767960204,0.024943587679602086
10602,0.00020299999999995322,0.03759159258795036,0.03738859258795041,4.01689,8.388531360950006,4.371641360950006,6.02497,9.479243958140055,3.454273958140055,0.12916059999999996,0.15410418767960204,0.024943587679602086
10603,0.14020299999999997,0.03759159258795036,-0.1026114074120496,4.986889999999999,8.388531360950006,3.4016413609500074,11.00497,9.479243958140055,-1.5257260418599454,0.25916059999999996,0.15410418767960204,-0.10505641232039792
10628,0.07325700000000013,0.030892611529263786,-0.04236438847073634,10.961200000000003,9.317387424717344,-1.6438125752826593,11.059470000000001,8.913158911995598,-2.1463110880044027,0.12064750000000002,0.09308423112243591,-0.027563268877564107
10667,-0.07778499999999999,0.03906171751757613,0.11684671751757612,6.238349999999997,9.61269863331664,3.374348633316643,1.5072500000000026,7.767345848998783,6.26009584899878,-0.06773589999999996,0.04412395577980864,0.1118598557798086
10923,-0.00012699999999998823,0.03080002203397668,0.030927022033976667,3.0378700000000016,8.656890892350756,5.619020892350754,3.4859299999999998,9.706867821153486,6.220937821153486,0.08053949999999999,0.16172315790176994,0.08118365790176996
11012,-0.02761300000000011,0.03318093009609245,0.06079393009609256,7.805680000000002,9.238843991599579,1.4331639915995762,4.20515,7.356692293814949,3.1515422938149493,-0.03854400000000002,0.039980615197819536,0.07852461519781956
11140,-0.08963300000000007,0.02852799303163281,0.11816099303163288,7.340070000000001,8.151434275440115,0.8113642754401145,3.934049999999999,6.443186863535716,2.5091368635357165,0.0040840000000000876,0.06027442622329575,0.05619042622329566
11141,-0.03963300000000003,0.02852799303163281,0.06816099303163284,7.6400700000000015,8.151434275440115,0.5113642754401138,5.63405,6.443186863535716,0.8091368635357155,0.04408400000000001,0.06027442622329575,0.016190426223295737
11142,-0.06963300000000006,0.02852799303163281,0.09816099303163286,7.54007,8.151434275440115,0.6113642754401152,6.13405,6.443186863535716,0.30913686353571546,0.04408400000000001,0.06027442622329575,0.016190426223295737
11143,-0.03963300000000003,0.02852799303163281,0.06816099303163284,7.840070000000001,8.151434275440115,0.31136427544011447,7.73405,6.443186863535716,-1.2908631364642842,0.13408399999999998,0.06027442622329575,-0.07380957377670423
11144,0.10036699999999998,0.02852799303163281,-0.07183900696836718,8.640070000000001,8.151434275440115,-0.48863572455988624,13.23405,6.443186863535716,-6.790863136464284,0.28408400000000006,0.06027442622329575,-0.2238095737767043
11236,-0.02761300000000011,0.031263086730484294,0.0588760867304844,10.105680000000003,9.280918323256248,-0.8247616767437549,6.805150000000001,7.43785990858762,0.6327099085876187,0.0014560000000000128,0.04285539055867113,0.04139939055867112
11258,-0.031074999999999964,0.026985626165390818,0.05806062616539078,4.4877199999999995,9.920140458307028,5.432420458307028,4.945819999999998,10.467863706738251,5.522043706738254,0.08829010000000004,0.1367358325083491,0.04844573250834905
11259,-0.031074999999999964,0.026985626165390818,0.05806062616539078,4.637719999999998,9.920140458307028,5.28242045830703,5.215819999999999,10.467863706738251,5.252043706738252,0.09829009999999994,0.1367358325083491,0.03844573250834915
11260,-0.031074999999999964,0.026985626165390818,0.05806062616539078,4.53772,9.920140458307028,5.382420458307028,6.015819999999998,10.467863706738251,4.4520437067382534,0.14829009999999998,0.1367358325083491,-0.011554267491650894
11269,0.1522150000000001,0.03906171751757613,-0.11315328248242397,17.63835,9.61269863331664,-8.025651366683359,16.39725,7.767345848998783,-8.629904151001217,0.2922641,0.04412395577980864,-0.24814014422019137
11270,0.13221500000000008,0.03906171751757613,-0.09315328248242395,16.13835,9.61269863331664,-6.525651366683359,14.437250000000002,7.767345848998783,-6.669904151001219,0.16226410000000002,0.04412395577980864,-0.11814014422019138
11271,0.08221500000000015,0.03906171751757613,-0.04315328248242402,15.138349999999999,9.61269863331664,-5.525651366683359,12.847250000000003,7.767345848998783,-5.0799041510012195,0.10226410000000008,0.04412395577980864,-0.05814014422019144
11273,0.032215000000000105,0.03906171751757613,0.006846717517576026,13.338349999999998,9.61269863331664,-3.7256513666833584,10.43725,7.767345848998783,-2.6699041510012176,0.04226410000000003,0.04412395577980864,0.001859855779808614
11274,0.022215000000000096,0.03906171751757613,0.016846717517576035,11.238349999999997,9.61269863331664,-1.625651366683357,8.087250000000001,7.767345848998783,-0.31990415100121794,-0.007735899999999907,0.04412395577980864,0.05185985577980855
11275,0.08221500000000015,0.03906171751757613,-0.04315328248242402,15.438349999999998,9.61269863331664,-5.825651366683358,14.35725,7.767345848998783,-6.5899041510012175,0.21226410000000007,0.04412395577980864,-0.1681401442201914
11312,0.05221500000000012,0.03919490108463225,-0.013020098915367873,7.8683499999999995,9.609776804729371,1.7414268047293717,6.747250000000001,7.761709209084014,1.0144592090840128,0.02226410000000001,0.0439243186019717,0.02166021860197169
11313,0.07221500000000014,0.03919490108463225,-0.03302009891536789,6.34835,9.609776804729371,3.2614268047293713,6.177250000000001,7.761709209084014,1.584459209084013,0.0122641,0.0439243186019717,0.0316602186019717
11397,-0.10716480000000006,0.024128104744579798,0.13129290474457986,6.7603100000000005,7.0584730849648425,0.298163084964842,2.82747,5.5189718174184215,2.6915018174184215,-0.05968600000000002,0.0801889266108818,0.1398749266108818
11399,-0.005665999999999949,0.034973249729680356,0.040639249729680305,12.34627,9.99251511681403,-2.353754883185971,9.28789,8.021122873162998,-1.2667671268370029,0.025034400000000012,0.028414506762898403,0.003380106762898391
11400,-0.003174999999999928,0.040395822222230635,0.04357082222223056,3.362940000000002,11.459536132738622,8.09659613273862,2.7921299999999984,9.272198401035286,6.480068401035288,0.019739300000000015,0.0025272968389067063,-0.01721200316109331
11733,0.07214300000000007,0.04295882041973375,-0.02918417958026632,10.011790000000001,10.069750131539195,0.05796013153919333,9.760409999999998,10.305421048016242,0.545011048016244,0.06292330000000002,0.12078368210727447,0.057860382107274455
11736,0.03214300000000003,0.04295882041973375,0.010815820419733717,10.191790000000001,10.069750131539195,-0.12203986846080639,9.27041,10.305421048016242,1.0350110480162424,0.0429233,0.12078368210727447,0.07786038210727447
11737,0.08214299999999997,0.04295882041973375,-0.03918417958026622,9.98179,10.069750131539195,0.08796013153919446,10.170409999999999,10.305421048016242,0.13501104801624386,0.07292330000000002,0.12078368210727447,0.047860382107274446
11738,0.11214299999999999,0.04295882041973375,-0.06918417958026624,9.721789999999999,10.069750131539195,0.347960131539196,10.39041,10.305421048016242,-0.08498895198375678,0.07292330000000002,0.12078368210727447,0.047860382107274446
11739,0.03214300000000003,0.04295882041973375,0.010815820419733717,10.191790000000001,10.069750131539195,-0.12203986846080639,9.27041,10.305421048016242,1.0350110480162424,0.0429233,0.12078368210727447,0.07786038210727447
11740,0.07214300000000007,0.04295882041973375,-0.02918417958026632,9.46179,10.069750131539195,0.607960131539194,9.31041,10.305421048016242,0.9950110480162433,0.06292330000000002,0.12078368210727447,0.057860382107274455
11741,0.08214299999999997,0.04295882041973375,-0.03918417958026622,9.201789999999999,10.069750131539195,0.8679601315391956,9.98041,10.305421048016242,0.32501104801624336,0.09292329999999993,0.12078368210727447,0.02786038210727454
11765,0.03621500000000011,0.0382626161152394,0.0020476161152392924,7.8683499999999995,9.630229604840252,1.761879604840253,8.407250000000001,7.801165688487396,-0.6060843115126051,0.11226410000000009,0.04532177884683013,-0.06694232115316996
11773,-0.07377500000000015,0.02979131486596108,0.10356631486596123,10.026040000000002,9.358552954269976,-0.6674870457300255,7.631529999999998,9.83554013747786,2.2040101374778622,0.030508800000000003,0.12453914083441842,0.09403034083441841
11800,-0.0330410000000001,0.041256595077811105,0.0742975950778112,7.41066,9.878076701945401,2.4674167019454014,10.69454,10.690413405531604,-0.0041265944683956945,0.23754930000000007,0.14156563445142384,-0.09598366554857624
11801,-0.008383999999999947,0.039216183374931324,0.04760018337493127,6.91039,9.910342230557754,2.9999522305577546,8.588189999999999,10.644913953186702,2.0567239531867028,0.1426423,0.13730027376167403,-0.00534202623832597
11802,-0.038383999999999974,0.039216183374931324,0.0776001833749313,6.91039,9.910342230557754,2.9999522305577546,7.9881899999999995,10.644913953186702,2.6567239531867024,0.1326423,0.13730027376167403,0.004657973761674039
11803,-0.068384,0.039216183374931324,0.10760018337493132,6.110389999999999,9.910342230557754,3.7999522305577553,6.688189999999999,10.644913953186702,3.956723953186703,0.12364229999999998,0.13730027376167403,0.013657973761674047
11804,-0.028383999999999965,0.039216183374931324,0.06760018337493129,7.21039,9.910342230557754,2.699952230557754,9.28819,10.644913953186702,1.3567239531867017,0.17664230000000003,0.13730027376167403,-0.039342026238326
11805,0.01161600000000007,0.039216183374931324,0.027600183374931253,8.71039,9.910342230557754,1.199952230557754,12.28819,10.644913953186702,-1.6432760468132983,0.2546423000000001,0.13730027376167403,-0.11734202623832607
11981,0.07238699999999998,0.033394023803382245,-0.038992976196617735,13.175680000000002,9.234169065859948,-3.9415109341400534,13.54515,7.347673669951319,-6.197476330048681,0.22845600000000005,0.03966119571328047,-0.18879480428671958
11982,0.08238699999999999,0.033394023803382245,-0.048992976196617744,14.605680000000001,9.234169065859948,-5.371510934140053,14.20515,7.347673669951319,-6.857476330048681,0.26545599999999997,0.03966119571328047,-0.2257948042867195
12001,0.03315899999999994,0.04569484307317015,0.01253584307317021,12.967910000000003,10.269663462847145,-2.6982465371528583,16.3201,10.957283174570891,-5.362816825429109,0.3273436000000001,0.13806375059188428,-0.18927984940811585
12002,0.04315899999999995,0.04569484307317015,0.002535843073170202,13.667910000000003,10.269663462847145,-3.3982465371528576,17.5601,10.957283174570891,-6.602816825429107,0.37834360000000006,0.13806375059188428,-0.24027984940811578
12032,0.12238699999999991,0.033394023803382245,-0.08899297619661767,11.40568,9.234169065859948,-2.171510934140052,12.215150000000001,7.347673669951319,-4.8674763300486825,0.17145599999999994,0.03966119571328047,-0.13179480428671947
12033,0.1123869999999999,0.033394023803382245,-0.07899297619661766,6.425680000000003,9.234169065859948,2.808489065859945,10.01515,7.347673669951319,-2.6674763300486815,0.18145599999999995,0.03966119571328047,-0.14179480428671948
12054,-0.008027000000000006,0.04407301637751994,0.052100016377519945,11.822220000000002,10.16422675965121,-1.657993240348791,8.515290000000002,8.362855340066394,-0.15243465993360772,0.009383700000000106,0.04779472945446986,0.03841102945446975
12055,-0.01693699999999998,0.04190398738049982,0.0588409873804998,18.31426,9.577418353281374,-8.736841646718627,12.347019999999999,7.862425128917479,-4.484594871082519,-0.007008199999999909,0.05814961342406655,0.06515781342406646
12056,-0.062287800000000004,0.03837931526034215,0.10066711526034215,6.872430000000001,8.623854692930387,1.7514246929303852,4.446389999999999,7.0492260358004915,2.6028360358004923,0.010692499999999883,0.07497629987466115,0.06428379987466126
12455,0.27498999999999996,0.04552851263410674,-0.22946148736589322,17.19159,9.973697229249721,-7.2178927707502805,18.19508,8.153198188557635,-10.041881811442366,0.4554836,0.047388892779315295,-0.4080947072206847
12499,-0.07901000000000002,0.04552851263410674,0.12453851263410676,11.851590000000002,9.973697229249721,-1.8778927707502806,8.05508,8.153198188557635,0.09811818855763477,0.030483600000000055,0.047388892779315295,0.01690529277931524
12501,-0.022010000000000085,0.04552851263410674,0.06753851263410682,16.32159,9.973697229249721,-6.3478927707502795,11.28508,8.153198188557635,-3.1318818114423657,-0.007516399999999979,0.047388892779315295,0.05490529277931527
12639,0.3685139999999999,0.030341119119249194,-0.3381728808807507,14.963110000000002,9.343657004062882,-5.61945299593712,16.182830000000003,9.666309173465201,-6.516520826534801,0.23898579999999991,0.11874765364336981,-0.1202381463566301
12640,0.3685139999999999,0.030341119119249194,-0.3381728808807507,16.46311,9.343657004062882,-7.1194529959371184,15.882830000000002,9.666309173465201,-6.216520826534801,0.23898579999999991,0.11874765364336981,-0.1202381463566301
12641,-0.007784999999999931,0.03772988184701491,0.04551488184701484,10.238349999999997,9.641916919189327,-0.5964330808106695,11.387250000000002,7.823712248146471,-3.5635377518535307,0.22226410000000008,0.046120327558177784,-0.17614377244182228
12818,0.14238699999999993,0.031795820998708785,-0.11059117900129115,7.205680000000001,9.269231008907173,2.0635510089071722,12.40515,7.415313348928545,-4.989836651071456,0.273456,0.04205684184732347,-0.2313991581526765
12820,0.006215000000000082,0.03906171751757613,0.03284671751757605,6.488349999999997,9.61269863331664,3.124348633316643,5.007250000000001,7.767345848998783,2.760095848998782,0.0122641,0.04412395577980864,0.03185985577980864
12912,0.02049000000000012,0.03168931181063864,0.011199311810638518,6.282160000000001,9.522644934011602,3.240484934011601,6.083500000000001,8.9032712727422,2.8197712727421997,0.048228600000000066,0.10000819179853401,0.05177959179853395
13148,-0.03778499999999996,0.03906171751757613,0.07684671751757609,12.52835,9.61269863331664,-2.9156513666833597,12.997250000000001,7.767345848998783,-5.229904151001218,0.26726410000000006,0.04412395577980864,-0.2231401442201914
13200,0.33618000000000003,0.02852412364444061,-0.3076558763555594,9.416830000000001,9.75889832075637,0.3420683207563684,12.889339999999999,8.696922258490806,-4.1924177415091926,0.24011690000000002,0.11206713936189566,-0.12804976063810436
13202,0.26217999999999997,0.02852412364444061,-0.23365587635555934,8.47683,9.75889832075637,1.2820683207563697,12.17934,8.696922258490806,-3.4824177415091935,0.1671169,0.11206713936189566,-0.05504976063810435
13203,0.3081800000000001,0.02852412364444061,-0.2796558763555595,9.40683,9.75889832075637,0.35206832075636996,12.17934,8.696922258490806,-3.4824177415091935,0.2071169,0.11206713936189566,-0.09504976063810433
13205,0.2961800000000001,0.02852412364444061,-0.2676558763555595,11.99683,9.75889832075637,-2.23793167924363,12.37934,8.696922258490806,-3.6824177415091928,0.1451169,0.11206713936189566,-0.03304976063810433
13246,-0.04996500000000004,0.032798963571333495,0.08276396357133353,10.0657,9.248473484522325,-0.8172265154776746,7.368500000000001,7.386043454674422,0.017543454674420644,0.046205199999999946,0.04128555484927697,-0.004919645150722976
13310,0.08238699999999999,0.033094360777505966,-0.04929263922249402,26.56568,9.240743180181303,-17.324936819818696,19.00515,7.360356109759549,-11.64479389024045,0.061455999999999955,0.04011037936341352,-0.021345620636586432
13312,0.19238699999999997,0.033094360777505966,-0.159292639222494,16.77568,9.240743180181303,-7.534936819818698,15.305150000000001,7.360356109759549,-7.944793890240452,0.18145599999999995,0.04011037936341352,-0.14134562063658643
13411,-0.009613000000000094,0.032253972469381845,0.04186697246938194,9.205680000000001,9.259179918566968,0.0534999185669669,8.50515,7.39592330762174,-1.10922669237826,-0.03854400000000002,0.04137008995556449,0.07991408995556451
13412,0.035386999999999946,0.032253972469381845,-0.0031330275306181016,10.205680000000001,9.259179918566968,-0.9465000814330331,7.20515,7.39592330762174,0.1907733076217406,-0.018544000000000005,0.04137008995556449,0.05991408995556449
13456,-0.03168099999999985,0.03126591599131917,0.06294691599131902,13.923570000000002,8.884360417684958,-5.039209582315044,6.96186,7.067597299488907,0.10573729948890698,-0.11187360000000002,0.0472908938257325,0.1591644938257325
13457,0.003319000000000072,0.03126591599131917,0.0279469159913191,14.32357,8.884360417684958,-5.439209582315042,9.35186,7.067597299488907,-2.2842627005110936,-0.0028736000000000317,0.0472908938257325,0.05016449382573253
13458,0.0073190000000000754,0.03126591599131917,0.023946915991319095,14.11357,8.884360417684958,-5.2292095823150415,9.00186,7.067597299488907,-1.934262700511094,-0.04487359999999996,0.0472908938257325,0.09216449382573245
13460,-0.0836809999999999,0.03126591599131917,0.11494691599131907,12.563570000000002,8.884360417684958,-3.6792095823150444,5.391860000000001,7.067597299488907,1.6757372994889055,-0.09387359999999989,0.0472908938257325,0.14116449382573237
13461,-0.04668099999999997,0.03126591599131917,0.07794691599131914,13.62357,8.884360417684958,-4.739209582315043,7.251860000000001,7.067597299488907,-0.18426270051109395,-0.042873599999999956,0.0472908938257325,0.09016449382573245
13464,-0.05568099999999987,0.03126591599131917,0.08694691599131904,18.60357,8.884360417684958,-9.719209582315044,10.72186,7.067597299488907,-3.654262700511093,-0.1038735999999999,0.0472908938257325,0.15116449382573238
13500,-0.07701100000000016,0.03215174749662081,0.10916274749662097,5.6616,8.402748780485915,2.741148780485915,4.678630000000002,9.433257005442842,4.75462700544284,0.06455220000000006,0.1455925329794201,0.08104033297942004
13506,0.081488,0.04256148220995368,-0.03892651779004633,7.041820000000001,9.787354274108644,2.7455342741086426,5.616439999999999,7.948998738948671,2.3325587389486717,-0.028692199999999946,0.04535714992388813,0.07404934992388808
13507,0.11148799999999992,0.04256148220995368,-0.06892651779004624,14.341820000000002,9.787354274108644,-4.554465725891358,11.216439999999999,7.948998738948671,-3.267441261051328,-0.0026922000000000335,0.04535714992388813,0.048049349923888166
13917,0.0016650000000000276,0.03596150352636694,0.034296503526366914,9.707340000000002,9.429277506762832,-0.27806249323717047,16.0613,7.568783039304588,-8.492516960695411,0.3153228,0.042291850102218365,-0.27303094989778165
13918,-0.03733500000000012,0.03596150352636694,0.07329650352636706,8.006340000000005,9.429277506762832,1.4229375067628265,9.9613,7.568783039304588,-2.3925169606954118,0.14132280000000008,0.042291850102218365,-0.09903094989778172
13919,-0.04433499999999979,0.03596150352636694,0.08029650352636673,7.1973400000000005,9.429277506762832,2.231937506762831,4.561299999999999,7.568783039304588,3.0074830393045886,-0.002677199999999935,0.042291850102218365,0.0449690501022183
14030,-0.0014199999999999768,0.029949635325984846,0.03136963532598482,11.15417,9.792518997433493,-1.3616510025665072,9.649430000000002,9.824749291148771,0.1753192911487691,0.027506600000000048,0.10691590141701562,0.07940930141701558
14038,-0.0014199999999999768,0.029949635325984846,0.03136963532598482,11.15417,9.792518997433493,-1.3616510025665072,9.649430000000002,9.824749291148771,0.1753192911487691,0.027506600000000048,0.10691590141701562,0.07940930141701558
14042,-0.0014199999999999768,0.029949635325984846,0.03136963532598482,11.15417,9.792518997433493,-1.3616510025665072,9.649430000000002,9.824749291148771,0.1753192911487691,0.027506600000000048,0.10691590141701562,0.07940930141701558
14092,0.08162799999999992,0.013402572985211761,-0.06822542701478816,4.74099,8.22268928473401,3.4816992847340096,6.13702,8.538617645621825,2.401597645621825,0.049590800000000046,0.11587046701020341,0.06627966701020337
14102,0.271717,0.05119620634830062,-0.22052079365169935,6.360720000000001,10.352226796706415,3.991506796706414,14.838899999999999,8.572870367605098,-6.2660296323949005,0.3750052,0.051851652845843435,-0.32315354715415656
14156,0.04011589999999998,0.045276006933245044,0.005160106933245062,4.493789999999997,8.908339329140908,4.414549329140911,5.065109999999999,9.517284827291492,4.452174827291493,0.05518109999999998,0.14401965081980128,0.0888385508198013
14222,0.04642499999999994,0.05290718461543443,0.00648218461543449,3.9513099999999994,9.754423570510664,5.803113570510664,4.79749,8.836581367446623,4.039091367446623,0.052842899999999915,0.09449791818161778,0.04165501818161786
14298,-0.04761300000000013,0.032728105968101634,0.08034110596810176,10.855680000000003,9.248778208796292,-1.6069017912037111,5.905150000000001,7.375856869525163,1.470706869525162,-0.05854400000000004,0.040659381602465045,0.09920338160246508
14299,-0.06761300000000015,0.032728105968101634,0.10034110596810178,7.505680000000002,9.248778208796292,1.7430982087962903,2.0051500000000004,7.375856869525163,5.370706869525162,-0.09854400000000008,0.040659381602465045,0.13920338160246512
14842,-0.04365400000000008,0.046758542607152224,0.09041254260715231,6.4251400000000025,8.716247357117716,2.2911073571177134,5.555130000000002,10.253764840433174,4.698634840433172,0.04789370000000004,0.1510282534134135,0.10313455341341346
14981,0.06538699999999997,0.031795820998708785,-0.03359117900129119,2.295680000000001,9.269231008907173,6.973551008907172,9.03515,7.415313348928545,-1.6198366510714548,0.24845600000000007,0.04205684184732347,-0.2063991581526766
15048,0.03638699999999995,0.032253972469381845,-0.0041330275306181025,9.785680000000003,9.259179918566968,-0.526500081433035,8.67515,7.39592330762174,-1.27922669237826,0.0044559999999999045,0.04137008995556449,0.03691408995556458
15049,0.013387000000000038,0.032253972469381845,0.018866972469381807,9.805680000000002,9.259179918566968,-0.5465000814330345,7.135150000000001,7.39592330762174,0.2607733076217391,0.0024559999999999027,0.04137008995556449,0.038914089955564585
15050,0.03838699999999995,0.032253972469381845,-0.006133027530618104,10.105680000000003,9.259179918566968,-0.8465000814330352,8.17515,7.39592330762174,-0.77922669237826,0.028456000000000037,0.04137008995556449,0.01291408995556445
15051,0.08938699999999988,0.032253972469381845,-0.05713302753061804,9.88568,9.259179918566968,-0.6265000814330328,7.385150000000001,7.39592330762174,0.010773307621739114,0.00045600000000001195,0.04137008995556449,0.040914089955564475
15052,0.03138699999999994,0.032253972469381845,0.000866972469381902,9.81568,9.259179918566968,-0.5565000814330325,7.42515,7.39592330762174,-0.029226692378260033,0.0034560000000000146,0.04137008995556449,0.03791408995556447
15094,-0.04814300000000005,0.03505050084727317,0.08319350084727321,8.716320000000003,9.750295732702096,1.0339757327020926,7.351320000000001,10.491444262810658,3.140124262810657,0.047267599999999965,0.1370652655067791,0.08979766550677915
15096,-0.04814300000000005,0.03505050084727317,0.08319350084727321,8.316320000000005,9.750295732702096,1.4339757327020912,7.341320000000001,10.491444262810658,3.1501242628106567,0.06726759999999998,0.1370652655067791,0.06979766550677913
15097,0.19216200000000005,0.01827617047864398,-0.17388582952135606,19.21571,9.894162268663372,-9.32154773133663,16.382050000000003,6.2754621165284314,-10.106587883471573,0.21253600000000006,0.002481084937891939,-0.2100549150621081
15098,-0.007838000000000012,0.01827617047864398,0.02611417047864399,9.115710000000004,9.894162268663372,0.7784522686633686,5.082050000000002,6.2754621165284314,1.193412116528429,-0.05846399999999996,0.002481084937891939,0.0609450849378919
15105,-0.00583800000000001,0.01761025264336337,0.02344825264336338,8.115710000000004,9.908771411599716,1.7930614115997123,6.082050000000002,6.303645316102275,0.221595316102273,0.023536,0.003479270827076539,-0.020056729172923463
15107,-0.010837999999999903,0.017876619777475608,0.02871461977747551,9.115710000000004,9.902927754425178,0.7872177544251748,6.082050000000002,6.292372036272739,0.2103220362727365,-0.006463999999999914,0.00307999647140271,0.009543996471402624
15108,0.012162000000000006,0.006156465876536871,-0.006005534123463135,10.115710000000004,10.160048670104821,0.044338670104817623,7.782050000000002,6.788396348772392,-0.9936536512276097,0.03153600000000001,0.020648068121051397,-0.010887931878948612
15179,-0.008820999999999968,0.05047900803098208,0.059300008030982045,3.33315,9.755647380706758,6.4224973807067585,3.6633700000000005,8.514359799641776,4.850989799641775,0.060435600000000034,0.05991535448966939,-0.0005202455103306414
15180,-0.028820999999999986,0.05047900803098208,0.07930000803098206,2.6231500000000025,9.755647380706758,7.132497380706756,2.7833700000000015,8.514359799641776,5.730989799641774,0.05643560000000014,0.05991535448966939,0.003479754489669251
15182,-0.028820999999999986,0.05047900803098208,0.07930000803098206,3.1231500000000025,9.755647380706758,6.632497380706756,3.933370000000002,8.514359799641776,4.580989799641774,0.08943560000000006,0.05991535448966939,-0.029520245510330667
15183,-0.018820999999999977,0.05047900803098208,0.06930000803098205,5.49315,9.755647380706758,4.262497380706758,6.133370000000001,8.514359799641776,2.3809897996417746,0.11743560000000008,0.05991535448966939,-0.05752024551033069
15184,-0.048821,0.05047900803098208,0.09930000803098207,4.83315,9.755647380706758,4.9224973807067585,4.403370000000001,8.514359799641776,4.110989799641775,0.07743560000000005,0.05991535448966939,-0.017520245510330656
15185,-0.048821,0.05047900803098208,0.09930000803098207,4.0131499999999996,9.755647380706758,5.742497380706759,3.503370000000002,8.514359799641776,5.010989799641774,0.05743560000000003,0.05991535448966939,0.0024797544896693613
15186,-0.048821,0.05047900803098208,0.09930000803098207,4.81315,9.755647380706758,4.942497380706758,4.713370000000001,8.514359799641776,3.8009897996417745,0.08743560000000006,0.05991535448966939,-0.027520245510330665
15187,-0.048821,0.05047900803098208,0.09930000803098207,5.2631499999999996,9.755647380706758,4.492497380706759,5.2433700000000005,8.514359799641776,3.270989799641775,0.09743560000000007,0.05991535448966939,-0.037520245510330674
15189,0.01117900000000005,0.05047900803098208,0.03930000803098203,3.9231499999999997,9.755647380706758,5.832497380706759,5.323370000000001,8.514359799641776,3.190989799641775,0.10743560000000008,0.05991535448966939,-0.04752024551033068
15190,-0.018820999999999977,0.05047900803098208,0.06930000803098205,4.65315,9.755647380706758,5.102497380706758,5.153370000000001,8.514359799641776,3.360989799641775,0.09743560000000007,0.05991535448966939,-0.037520245510330674
15191,-0.038820999999999994,0.05047900803098208,0.08930000803098206,4.17315,9.755647380706758,5.582497380706759,3.423370000000002,8.514359799641776,5.090989799641774,0.04743560000000002,0.05991535448966939,0.01247975448966937
15194,0.01117900000000005,0.05047900803098208,0.03930000803098203,3.9731500000000004,9.755647380706758,5.782497380706758,5.393370000000001,8.514359799641776,3.120989799641775,0.10743560000000008,0.05991535448966939,-0.04752024551033068
15195,-0.008820999999999968,0.05047900803098208,0.059300008030982045,3.453150000000001,9.755647380706758,6.3024973807067575,3.813370000000001,8.514359799641776,4.700989799641775,0.06743560000000004,0.05991535448966939,-0.007520245510330648
15196,-0.038820999999999994,0.05047900803098208,0.08930000803098206,3.393150000000002,9.755647380706758,6.362497380706756,2.8233700000000006,8.514359799641776,5.690989799641775,0.04743560000000002,0.05991535448966939,0.01247975448966937
15832,0.16282600000000003,0.06284888984392928,-0.09997711015607075,16.43832,10.857139126188978,-5.581180873811023,13.98673,9.134942123712444,-4.851787876287556,0.07779709999999995,0.05748427844511991,-0.02031282155488004
15833,0.142826,0.06284888984392928,-0.07997711015607073,16.338320000000003,10.857139126188978,-5.4811808738110255,13.88673,9.134942123712444,-4.7517878762875565,0.09779709999999997,0.05748427844511991,-0.04031282155488006
15834,0.252826,0.06284888984392928,-0.18997711015607072,13.238320000000002,10.857139126188978,-2.381180873811024,13.48673,9.134942123712444,-4.351787876287556,0.09779709999999997,0.05748427844511991,-0.04031282155488006
15835,0.31282600000000005,0.06284888984392928,-0.24997711015607077,17.03832,10.857139126188978,-6.181180873811021,15.38673,9.134942123712444,-6.2517878762875565,0.08779709999999996,0.05748427844511991,-0.03031282155488005
15836,0.30282600000000004,0.06284888984392928,-0.23997711015607076,18.838320000000003,10.857139126188978,-7.9811808738110255,16.28673,9.134942123712444,-7.151787876287555,0.09779709999999997,0.05748427844511991,-0.04031282155488006
15837,0.30282600000000004,0.06284888984392928,-0.23997711015607076,20.338320000000003,10.857139126188978,-9.481180873811025,16.88673,9.134942123712444,-7.7517878762875565,0.09779709999999997,0.05748427844511991,-0.04031282155488006
15843,0.21282599999999996,0.06284888984392928,-0.14997711015607068,13.63832,10.857139126188978,-2.7811808738110226,14.18673,9.134942123712444,-5.051787876287557,0.1477970999999999,0.05748427844511991,-0.09031282155487999
15844,0.262826,0.06284888984392928,-0.19997711015607073,15.13832,10.857139126188978,-4.281180873811023,15.78673,9.134942123712444,-6.651787876287557,0.17779709999999993,0.05748427844511991,-0.12031282155488002
15845,0.29282600000000003,0.06284888984392928,-0.22997711015607075,18.73832,10.857139126188978,-7.881180873811024,17.48673,9.134942123712444,-8.351787876287558,0.23779709999999998,0.05748427844511991,-0.18031282155488007
15846,0.252826,0.06284888984392928,-0.18997711015607072,18.73832,10.857139126188978,-7.881180873811024,16.48673,9.134942123712444,-7.351787876287558,0.10779709999999998,0.05748427844511991,-0.050312821554880066
16106,0.0015540000000000553,0.03632641449876055,0.03477241449876049,8.90036,9.96907778103968,1.0687177810396804,5.6126000000000005,8.029780999548528,2.4171809995485276,-0.037971599999999994,0.03004809416318105,0.06801969416318104
16107,0.0015540000000000553,0.03632641449876055,0.03477241449876049,11.50036,9.96907778103968,-1.531282218960321,7.6126000000000005,8.029780999548528,0.4171809995485276,-0.037971599999999994,0.03004809416318105,0.06801969416318104
16109,0.03155400000000008,0.03632641449876055,0.004772414498760466,10.600360000000002,9.96907778103968,-0.6312822189603224,8.632600000000002,8.029780999548528,-0.6028190004514737,0.019028400000000056,0.03004809416318105,0.011019694163180993
16140,-0.007784999999999931,0.02707519648252514,0.03486019648252507,6.738349999999997,9.875663206170824,3.137313206170827,4.637250000000002,8.274643441327974,3.6373934413279727,0.002264100000000102,0.062091301785131156,0.059827201785131054
16141,-0.007784999999999931,0.03919490108463225,0.04697990108463218,4.788349999999998,9.609776804729371,4.821426804729374,2.3972499999999997,7.761709209084014,5.364459209084014,-0.03773589999999993,0.0439243186019717,0.08166021860197163
16142,0.002215000000000078,0.03919490108463225,0.03697990108463217,5.658349999999999,9.609776804729371,3.9514268047293726,4.2272500000000015,7.761709209084014,3.5344592090840123,0.002264100000000102,0.0439243186019717,0.041660218601971596
16143,0.002215000000000078,0.03919490108463225,0.03697990108463217,4.77835,9.609776804729371,4.831426804729372,3.1472499999999997,7.761709209084014,4.614459209084014,-0.007735899999999907,0.0439243186019717,0.051660218601971605
16144,0.002215000000000078,0.03919490108463225,0.03697990108463217,4.77835,9.609776804729371,4.831426804729372,3.1472499999999997,7.761709209084014,4.614459209084014,-0.007735899999999907,0.0439243186019717,0.051660218601971605
16145,-0.007784999999999931,0.03919490108463225,0.04697990108463218,4.788349999999998,9.609776804729371,4.821426804729374,2.327250000000003,7.761709209084014,5.434459209084011,-0.03773589999999993,0.0439243186019717,0.08166021860197163
16147,0.002215000000000078,0.03919490108463225,0.03697990108463217,5.18835,9.609776804729371,4.421426804729371,3.05725,7.761709209084014,4.704459209084014,-0.027735899999999925,0.0439243186019717,0.07166021860197162
16148,-0.007784999999999931,0.03919490108463225,0.04697990108463218,4.798349999999999,9.609776804729371,4.811426804729372,2.3472500000000025,7.761709209084014,5.414459209084011,-0.03773589999999993,0.0439243186019717,0.08166021860197163
16346,0.012386999999999926,0.03219537169987714,0.019808371699877217,6.505680000000002,9.260465523145367,2.7547855231453653,6.805150000000001,7.398403429184238,0.5932534291842373,0.09145599999999998,0.04145793031381273,-0.04999806968618725
16355,0.022386999999999935,0.030597168895203683,0.008210168895203748,12.505680000000002,9.29552746619259,-3.2101525338074115,11.50515,7.466043108161464,-4.039106891838537,0.14145599999999992,0.04385357644785573,-0.09760242355214419
16356,0.022386999999999935,0.030597168895203683,0.008210168895203748,12.505680000000002,9.29552746619259,-3.2101525338074115,11.50515,7.466043108161464,-4.039106891838537,0.14145599999999992,0.04385357644785573,-0.09760242355214419
16357,0.07238699999999998,0.030597168895203683,-0.041789831104796296,12.005680000000002,9.29552746619259,-2.7101525338074115,11.50515,7.466043108161464,-4.039106891838537,0.14145599999999992,0.04385357644785573,-0.09760242355214419
16358,0.3723869999999999,0.030597168895203683,-0.3417898311047962,13.005680000000002,9.29552746619259,-3.7101525338074115,15.50515,7.466043108161464,-8.039106891838536,0.19145599999999996,0.04385357644785573,-0.14760242355214423
16382,-0.057784999999999975,0.03906171751757613,0.0968467175175761,6.388349999999999,9.61269863331664,3.224348633316641,2.9472500000000004,7.767345848998783,4.820095848998783,-0.027735899999999925,0.04412395577980864,0.07185985577980857
16383,-0.06778499999999998,0.03906171751757613,0.10684671751757611,6.218349999999997,9.61269863331664,3.3943486333166426,1.8872500000000016,7.767345848998783,5.880095848998781,-0.05773589999999995,0.04412395577980864,0.10185985577980859
16384,-0.06778499999999998,0.03906171751757613,0.10684671751757611,5.268349999999998,9.61269863331664,4.344348633316642,0.2872500000000002,7.767345848998783,7.480095848998783,-0.08973589999999998,0.04412395577980864,0.13385985577980863
16399,-0.012589300000000025,0.03292537838861413,0.04551467838861416,7.345469999999999,8.59184210189119,1.2463721018911915,6.052990000000001,8.66816501414432,2.6151750141443184,0.03577780000000008,0.12624954546893052,0.09047174546893044
16400,-0.04258930000000005,0.03292537838861413,0.07551467838861418,7.205470000000002,8.59184210189119,1.3863721018911885,5.93299,8.66816501414432,2.7351750141443194,0.0557778000000001,0.12624954546893052,0.07047174546893042
16401,-0.03258930000000004,0.03292537838861413,0.06551467838861418,6.725470000000001,8.59184210189119,1.866372101891189,5.722990000000001,8.66816501414432,2.9451750141443185,0.0557778000000001,0.12624954546893052,0.07047174546893042
16402,-0.08258930000000009,0.03292537838861413,0.11551467838861422,7.165469999999999,8.59184210189119,1.4263721018911912,5.36299,8.66816501414432,3.3051750141443197,0.0557778000000001,0.12624954546893052,0.07047174546893042
16403,-0.05125869999999999,0.030214092142338993,0.08147279214233899,6.4666999999999994,7.858331593928893,1.391631593928894,5.704930000000001,8.042627250208175,2.3376972502081745,0.09579910000000003,0.13919315043092634,0.04339405043092631
16487,0.05927900000000008,0.04144914909390707,-0.017829850906093014,7.8967600000000004,10.200862988568907,2.304102988568907,11.47757,10.604110118878758,-0.8734598811212422,0.26938680000000004,0.1269484354690098,-0.14243836453099024
16540,-0.02723500000000012,0.03837567312748036,0.06561067312748048,7.75046,9.927364569872584,2.1769045698725833,7.6053599999999975,10.607505330466562,3.002145330466565,0.08608870000000002,0.13607649153053386,0.04998779153053384
16541,-0.04823500000000003,0.03837567312748036,0.08661067312748039,7.4104600000000005,9.927364569872584,2.516904569872583,6.675359999999998,10.607505330466562,3.9321453304665646,0.0660887,0.13607649153053386,0.06998779153053386
16551,0.022386999999999935,0.03286128953515775,0.010474289535157819,11.65568,9.245856380209023,-2.409823619790977,8.40515,7.3702202296103945,-1.0349297703896063,-0.05854400000000004,0.04045974442462816,0.0990037444246282
16629,0.11544300000000007,0.04375772037778132,-0.07168527962221875,6.32394,8.977747705587193,2.6538077055871927,9.718829999999999,10.155009678272263,0.4361796782722642,0.14842279999999997,0.14298279476991016,-0.005440005230089806
16630,0.10144300000000006,0.04375772037778132,-0.05768527962221874,6.123940000000001,8.977747705587193,2.853807705587192,9.018829999999998,10.155009678272263,1.1361796782722653,0.13842279999999996,0.14298279476991016,0.004559994769910203
16650,0.05253400000000008,0.04876191019237204,-0.00377208980762804,10.846149999999998,10.15419652721626,-0.6919534727837373,11.288349999999998,8.34612435833706,-2.9422256416629384,0.16681619999999997,0.049021361279068615,-0.11779483872093136
16654,0.002215000000000078,0.007097661424106838,0.00488266142410676,7.958349999999999,10.313937494261125,2.355587494261126,6.397250000000001,9.120139428543292,2.72288942854329,0.04226410000000003,0.09203687846066867,0.049772778460668646
16755,-0.0176130000000001,0.032728105968101634,0.050341105968101735,8.805680000000002,9.248778208796292,0.4430982087962896,6.405150000000001,7.375856869525163,0.9707068695251619,0.03145599999999993,0.040659381602465045,0.009203381602465116
16756,-0.007613000000000092,0.020342034231882286,0.027955034231882378,11.805680000000002,9.52050826741228,-2.285171732587722,9.805150000000001,7.900064381598661,-1.9050856184013405,0.09145599999999998,0.05922563914129833,-0.03223036085870165
16761,0.07763999999999993,0.04840612502948914,-0.02923387497051079,16.353350000000002,11.504508898558027,-4.848841101441975,16.680770000000003,11.525838425416318,-5.154931574583685,0.12271939999999992,0.09521457920392568,-0.027504820796074247
16762,0.08826400000000001,0.04683357900664956,-0.041430420993350446,8.05084,11.079072803939894,3.0282328039398934,9.480569999999998,11.163026522333354,1.6824565223333554,0.12744659999999997,0.10272187008188327,-0.024724729918116695
16763,0.20370399999999989,0.04428496993515093,-0.15941903006484895,13.32169,10.389572926455337,-2.9321170735446636,14.786100000000001,10.57502102423338,-4.211078975766622,0.20708840000000006,0.11488885874615938,-0.09219954125384068
16861,-0.057613000000000136,0.032594922401045515,0.09020792240104565,8.575680000000002,9.25170003738356,0.6760200373835588,4.995150000000001,7.381493509439932,2.3863435094399312,-0.008543999999999996,0.04085901878030199,0.04940301878030198
16893,-0.057613000000000136,0.03232855526693326,0.0899415552669334,7.2156800000000025,9.257543694558098,2.0418636945580957,2.895150000000001,7.39276678926947,4.497616789269469,-0.04854400000000003,0.041258293135975815,0.08980229313597585
17144,0.06851399999999996,0.029974864309844862,-0.0385391356901551,9.263110000000001,9.351692032677871,0.0885820326778699,9.882830000000002,9.681809933230817,-0.2010200667691855,0.10898579999999991,0.11929665588242133,0.010310855882421421
17145,0.06851399999999996,0.029974864309844862,-0.0385391356901551,9.363110000000002,9.351692032677871,-0.011417967322131517,10.382830000000002,9.681809933230817,-0.7010200667691855,0.13898579999999994,0.11929665588242133,-0.019689144117578605
17146,0.10851399999999989,0.029974864309844862,-0.07853913569015503,10.763110000000001,9.351692032677871,-1.41141796732213,11.882830000000002,9.681809933230817,-2.2010200667691855,0.16898579999999996,0.11929665588242133,-0.04968914411757863
17147,0.13851399999999991,0.029974864309844862,-0.10853913569015505,12.263110000000001,9.351692032677871,-2.91141796732213,13.582830000000001,9.681809933230817,-3.901020066769185,0.2189857999999999,0.11929665588242133,-0.09968914411757857
17255,0.01638699999999993,0.032594922401045515,0.016207922401045585,8.205680000000001,9.25170003738356,1.0460200373835598,7.10515,7.381493509439932,0.2763435094399318,0.05345599999999995,0.04085901878030199,-0.012596981219697961
17258,-0.0036130000000000884,0.032594922401045515,0.0362079224010456,7.605680000000003,9.25170003738356,1.6460200373835576,5.50515,7.381493509439932,1.8763435094399314,0.007455999999999907,0.04085901878030199,0.03340301878030208
17259,0.024386999999999937,0.032594922401045515,0.008207922401045578,18.60568,9.25170003738356,-9.353979962616439,7.805150000000001,7.381493509439932,-0.42365649056006927,0.06645599999999996,0.04085901878030199,-0.025596981219697973
17716,-0.028828000000000076,-0.002012165492268028,0.026815834507732048,7.57076,6.7035837337037485,-0.8671762662962514,4.408440000000002,4.808149502389943,0.39970950238994085,-0.03592989999999996,0.036821132429681075,0.07275103242968103
17768,0.02883199999999997,0.043277235316909766,0.014445235316909798,13.28245,10.577108903522705,-2.705341096477296,14.54456,11.011211942854764,-3.5333480571452363,0.23287709999999995,0.11989789661395837,-0.11297920338604157
17769,0.08244399999999996,0.03866804869824203,-0.04377595130175793,22.99146,9.330141039986799,-13.661318960013201,21.34637,9.947797744163319,-11.398572255836681,0.22879779999999994,0.14190202504935132,-0.08689577495064862
17770,0.14180099999999995,0.03893917732286954,-0.10286182267713041,18.17923,9.403492090783029,-8.775737909216971,20.27234,10.010351520556933,-10.261988479443067,0.3519151,0.14060766455315174,-0.21130743544684824
17869,0.332387,0.032728105968101634,-0.2996588940318984,13.755680000000002,9.248778208796292,-4.50690179120371,15.38515,7.375856869525163,-8.009293130474838,0.32545599999999997,0.040659381602465045,-0.2847966183975349
17870,0.20238699999999998,0.032728105968101634,-0.16965889403189835,12.74568,9.248778208796292,-3.496901791203708,12.97515,7.375856869525163,-5.599293130474837,0.16945599999999994,0.040659381602465045,-0.1287966183975349
17871,0.14238699999999993,0.032728105968101634,-0.1096588940318983,9.235680000000002,9.248778208796292,0.013098208796289867,11.70515,7.375856869525163,-4.329293130474837,0.19045599999999996,0.040659381602465045,-0.14979661839753491
17872,0.06238699999999997,0.032728105968101634,-0.029658894031898336,8.675680000000003,9.248778208796292,0.5730982087962886,7.09515,7.375856869525163,0.28070686952516244,-0.009543999999999997,0.040659381602465045,0.05020338160246504
17873,0.04238699999999995,0.032728105968101634,-0.009658894031898319,8.705680000000001,9.248778208796292,0.543098208796291,6.555150000000001,7.375856869525163,0.8207068695251616,-0.009543999999999997,0.040659381602465045,0.05020338160246504
17874,0.05238699999999996,0.032728105968101634,-0.019658894031898327,8.095680000000002,9.248778208796292,1.1530982087962904,6.305150000000001,7.375856869525163,1.0707068695251616,-0.009543999999999997,0.040659381602465045,0.05020338160246504
17875,-0.057613000000000136,0.032728105968101634,0.09034110596810177,6.675680000000003,9.248778208796292,2.5730982087962886,3.355150000000002,7.375856869525163,4.020706869525161,-0.05054400000000003,0.040659381602465045,0.09120338160246508
17886,0.08238699999999999,0.032728105968101634,-0.049658894031898354,6.045680000000001,9.248778208796292,3.203098208796291,8.65515,7.375856869525163,-1.279293130474838,0.15445599999999993,0.040659381602465045,-0.11379661839753488
17888,-0.0176130000000001,0.032728105968101634,0.050341105968101735,7.945680000000003,9.248778208796292,1.303098208796289,2.815149999999999,7.375856869525163,4.560706869525164,-0.05454400000000004,0.040659381602465045,0.09520338160246508
17889,-0.03761300000000012,0.032728105968101634,0.07034110596810175,6.935680000000001,9.248778208796292,2.3130982087962906,1.765150000000002,7.375856869525163,5.610706869525161,-0.06854400000000005,0.040659381602465045,0.1092033816024651
17890,-0.057613000000000136,0.020608401365994525,0.07822140136599466,5.83568,9.514664610237743,3.678984610237743,3.4451500000000017,7.888791101769123,4.4436411017691215,0.006455999999999906,0.0588263647856245,0.052370364785624596
18010,-0.1215885000000001,0.021252012036817813,0.1428405120368179,4.4962800000000005,6.761917925863815,2.265637925863815,4.447769999999999,7.168057431215917,2.720287431215918,0.2022463,0.15351539181190188,-0.04873090818809811
18012,-0.11025920000000011,0.023556605346151685,0.13381580534615178,9.80107,7.385401857631768,-2.415668142368231,9.688480000000002,7.69976453056164,-1.988715469438362,0.21003019999999994,0.14251332759420543,-0.06751687240579451
18013,-0.07761300000000015,0.031795820998708785,0.10940882099870894,11.005680000000002,9.269231008907173,-1.7364489910928285,6.70515,7.415313348928545,0.7101633489285453,-0.008543999999999996,0.04205684184732347,0.05060084184732347
18064,0.24319900000000005,0.015514997737734966,-0.2276840022622651,9.202200000000001,8.10198907156297,-1.100210928437031,11.37851,8.553116225627367,-2.8253937743726336,0.1828033,0.14977366610266657,-0.03302963389733343
18065,0.2174060000000001,0.026360142722835524,-0.19104585727716458,19.635419999999996,11.036031103412157,-8.59938889658784,22.652050000000003,11.055267281371943,-11.59678271862806,0.3120335000000001,0.09799924625468316,-0.21403425374531693
18066,0.011300000000000088,0.020937570230285245,0.009637570230285157,5.734930000000002,9.569010087487563,3.8340800874875605,5.584589999999999,9.804191753499655,4.219601753499656,0.052723500000000034,0.12388645617867487,0.07116295617867484
18068,-0.00869999999999993,0.029061767820708684,0.037761767820708614,6.784930000000003,9.390778543664172,2.6058485436641696,6.51459,9.460356718698758,2.945766718698758,0.06272350000000004,0.11170858833062296,0.048985088330622914
18069,0.031300000000000106,0.023867608705519926,-0.00743239129448018,7.0949300000000015,9.504729858567652,2.4097998585676503,7.744589999999999,9.68018567537474,1.935595675374742,0.08272350000000006,0.1194944382662627,0.03677093826626264
18113,0.09931900000000005,0.030972912143795703,-0.06834608785620434,13.32357,8.89078844057695,-4.43278155942305,10.85186,7.079997907301398,-3.771862092698602,0.014126400000000094,0.047730095616973736,0.03360369561697364
18131,-0.08801000000000014,0.04566169620116286,0.133671696201163,7.241590000000002,9.970775400662452,2.72918540066245,1.9550800000000024,8.147561548642866,6.1924815486428635,-0.07651640000000004,0.04718925560147835,0.12370565560147839
18133,0.09483520000000001,0.024594247229276223,-0.07024095277072379,4.545310000000001,7.048246684909402,2.5029366849094012,4.38747,5.4992435777167294,1.111773577716729,0.00031400000000003647,0.07949019648845258,0.07917619648845255
18134,0.08993849999999992,0.025678761727786284,-0.06425973827221364,10.15651,7.34165088809432,-2.8148591119056805,8.46425,5.749458683291188,-2.714791316708812,0.02050989999999997,0.07431275450365425,0.05380285450365428
18136,0.12098799999999998,0.02920343384794396,-0.09178456615205602,8.40156,8.295214548445307,-0.10634545155469333,8.894659999999998,6.562657776408175,-2.3320022235918234,0.08722530000000006,0.05748606805305964,-0.02973923194694042
18166,0.11662500000000009,0.027605494012923476,-0.08901950598707661,14.891109999999998,8.606429228033782,-6.284680771966215,18.15246,8.822858542966722,-9.329601457033279,0.4045896,0.12427671482750308,-0.2803128851724969
18171,0.013999000000000095,0.029451008784173907,0.015452008784173812,11.477609999999999,8.959603354672106,-2.518006645327892,10.325389999999999,8.968932948883783,-1.356457051116216,0.06059910000000002,0.11210326188548315,0.05150416188548314
18172,0.013999000000000095,0.029451008784173907,0.015452008784173812,11.677610000000001,8.959603354672106,-2.718006645327895,10.92539,8.968932948883783,-1.9564570511162174,0.08059909999999992,0.11210326188548315,0.03150416188548323
18173,-0.02600099999999994,0.029451008784173907,0.05545200878417385,10.87761,8.959603354672106,-1.9180066453278943,8.325389999999999,8.968932948883783,0.643542948883784,0.010599099999999972,0.11210326188548315,0.10150416188548318
18174,0.013999000000000095,0.029451008784173907,0.015452008784173812,11.27761,8.959603354672106,-2.318006645327893,9.42539,8.968932948883783,-0.45645705111621737,0.03059909999999999,0.11210326188548315,0.08150416188548316
18175,0.17600300000000013,0.031179732121353047,-0.14482326787864708,10.59808,8.654602523882085,-1.9434774761179145,14.029720000000001,6.915086304293006,-7.114633695706995,0.46269989999999994,0.05374585745044741,-0.40895404254955253
18177,0.10600300000000007,0.031179732121353047,-0.07482326787864702,2.998079999999998,8.654602523882085,5.656522523882087,6.40972,6.915086304293006,0.5053663042930063,0.1526999,0.05374585745044741,-0.09895404254955259
18191,0.07698099999999997,0.032266958913159144,-0.04471404108684082,15.224429999999998,10.07681344716519,-5.147616552834808,12.501209999999999,9.675313793921104,-2.8258962060788946,0.0384814,0.08345006794539915,0.04496866794539915
18233,0.0014879999999999338,0.04242829864289756,0.040940298642897624,9.901820000000004,9.790276102695913,-0.11154389730409164,5.716439999999999,7.954635378863439,2.2381953788634403,-0.05369219999999997,0.04555678710172502,0.09924898710172499
18235,0.03148799999999996,0.04242829864289756,0.010940298642897597,8.851820000000004,9.790276102695913,0.9384561026959091,5.616439999999999,7.954635378863439,2.33819537886344,-0.04369219999999996,0.04555678710172502,0.08924898710172498
18358,0.3223218,-0.018904989968602022,-0.341226789968602,16.41386,5.933458134369314,-10.480401865630686,16.14024,6.6680213848649235,-9.472218615135075,0.15182680000000004,0.15363427503954286,0.0018074750395428163
18360,0.09738699999999989,0.03366039093749448,-0.06372660906250541,16.225680000000004,9.22832540868541,-6.997354591314593,13.34515,7.336400390121782,-6.008749609878218,0.08145599999999997,0.039261921357606644,-0.04219407864239333
18361,0.332387,0.03366039093749448,-0.2987266090625055,20.60568,9.22832540868541,-11.377354591314589,18.40515,7.336400390121782,-11.068749609878218,0.32145599999999996,0.039261921357606644,-0.2821940786423933
18364,0.20238699999999998,0.03366039093749448,-0.1687266090625055,19.70568,9.22832540868541,-10.47735459131459,17.105150000000002,7.336400390121782,-9.76874960987822,0.25145599999999996,0.039261921357606644,-0.2121940786423933
18365,0.19238699999999997,0.03366039093749448,-0.1587266090625055,19.10568,9.22832540868541,-9.877354591314589,16.50515,7.336400390121782,-9.168749609878219,0.21145599999999998,0.039261921357606644,-0.17219407864239333
18366,0.20238699999999998,0.03366039093749448,-0.1687266090625055,20.50568,9.22832540868541,-11.277354591314591,17.30515,7.336400390121782,-9.96874960987822,0.25145599999999996,0.039261921357606644,-0.2121940786423933
18367,0.21238699999999988,0.03366039093749448,-0.1787266090625054,22.20568,9.22832540868541,-12.97735459131459,18.20515,7.336400390121782,-10.868749609878218,0.281456,0.039261921357606644,-0.24219407864239334
18368,0.18538699999999986,0.03366039093749448,-0.15172660906250537,19.06568,9.22832540868541,-9.83735459131459,16.52515,7.336400390121782,-9.188749609878219,0.21045599999999998,0.039261921357606644,-0.17119407864239333
18456,0.31199,0.04566169620116286,-0.26632830379883715,15.421590000000002,9.970775400662452,-5.45081459933755,16.08508,8.147561548642866,-7.9375184513571355,0.24348359999999997,0.04718925560147835,-0.19629434439852161
18457,0.05198999999999998,0.04566169620116286,-0.006328303798837122,10.721590000000003,9.970775400662452,-0.7508145993375503,8.085080000000001,8.147561548642866,0.06248154864286448,-0.006516399999999978,0.04718925560147835,0.05370565560147833
18458,0.30199,0.04566169620116286,-0.25632830379883714,20.921590000000002,9.970775400662452,-10.95081459933755,17.98508,8.147561548642866,-9.837518451357134,0.2534836,0.04718925560147835,-0.20629434439852162
18459,0.13198999999999994,0.04566169620116286,-0.08632830379883707,15.521590000000002,9.970775400662452,-5.550814599337549,12.48508,8.147561548642866,-4.337518451357134,0.10348360000000001,0.04718925560147835,-0.056294344398521656
18548,-0.04830000000000001,0.02726357806356973,0.07556357806356974,9.92342,8.618181524715574,-1.3052384752844262,3.321159999999999,9.05627216929467,5.735112169294672,0.08136260000000006,0.13224026084441717,0.05087766084441711
18591,0.032215000000000105,0.03946126821874449,0.007246268218744384,6.708349999999999,9.603933147554834,2.8955831475548344,4.807250000000002,7.750435929254477,2.9431859292544758,-0.01973590000000003,0.04352504424629787,0.0632609442462979
18593,-0.007784999999999931,0.03946126821874449,0.04724626821874442,7.038349999999998,9.603933147554834,2.565583147554836,3.707250000000002,7.750435929254477,4.043185929254475,-0.049735899999999944,0.04352504424629787,0.09326094424629781
18897,0.16680000000000006,0.06269437717835417,-0.10410562282164589,11.438210000000002,10.854280004677907,-0.5839299953220944,12.883309999999998,9.075554238093996,-3.8077557619060016,0.1945831,0.05405395644430505,-0.14052914355569496
18972,0.045600000000000085,0.036124926415435576,-0.009475073584564508,11.082550000000001,9.722473378790326,-1.360076621209675,12.354080000000002,10.22702911695148,-2.127050883048522,0.12870480000000006,0.128003715011762,-0.0007010849882380654
18973,0.04060000000000008,0.036124926415435576,-0.004475073584564504,10.062550000000002,9.722473378790326,-0.3400766212096755,11.31408,10.22702911695148,-1.087050883048521,0.11470479999999994,0.128003715011762,0.013298915011762058
18974,0.03160000000000007,0.036124926415435576,0.004524926415435504,9.832550000000001,9.722473378790326,-0.1100766212096751,10.074080000000002,10.22702911695148,0.1529491169514774,0.07070480000000001,0.128003715011762,0.057298915011761986
18975,0.035600000000000076,0.036124926415435576,0.0005249264154355004,9.992550000000001,9.722473378790326,-0.27007662120967524,10.404080000000002,10.22702911695148,-0.17705088304852268,0.07770479999999991,0.128003715011762,0.05029891501176209
19092,0.022386999999999935,0.030943446169549596,0.008556446169549661,13.715680000000003,9.287930711865693,-4.42774928813431,11.305150000000001,7.451387844383065,-3.853762155616936,0.09145599999999998,0.043334519785479725,-0.04812148021452026
19093,-0.06261300000000003,0.030943446169549596,0.09355644616954963,13.445680000000001,9.287930711865693,-4.157749288134308,9.70515,7.451387844383065,-2.2537621556169345,0.051455999999999946,0.043334519785479725,-0.008121480214520221
19094,-0.04161300000000012,0.030943446169549596,0.07255644616954972,13.305680000000002,9.287930711865693,-4.0177492881343095,9.70515,7.451387844383065,-2.2537621556169345,0.051455999999999946,0.043334519785479725,-0.008121480214520221
19198,0.011009000000000047,0.029550677237130077,0.01854167723713003,7.177890000000001,8.525494100889436,1.3476041008894342,7.068549999999998,6.77004734529071,-0.2985026547092886,0.08476320000000004,0.0543017166868901,-0.03046148331310994
19202,-0.003775000000000084,0.02885902989656823,0.032634029896568315,16.696040000000004,9.379005754380858,-7.317034245619146,16.12153,9.87499661688124,-6.246533383118759,0.1615088,0.12593660107927682,-0.03557219892072319
19244,-0.03878499999999985,0.03986081891991286,0.07864581891991271,7.8783499999999975,9.595167661793027,1.71681766179303,4.807250000000002,7.73352600951017,2.9262760095101683,-0.011735900000000021,0.04292613271278713,0.05466203271278715
19291,-0.07923600000000008,0.03689268852055602,0.1161286885205561,2.3797200000000025,9.025890226946803,6.646170226946801,-0.20638999999999896,7.266915637849867,7.473305637849866,-0.030698899999999973,0.05447883974940532,0.08517773974940529
19342,0.006939600000000046,0.03990968911041365,0.0329700891104136,11.826110000000002,8.408432755397028,-3.4176772446029737,12.053180000000001,9.059486148637031,-2.99369385136297,0.39010999999999996,0.15899949835704624,-0.23111050164295371
19344,-0.11306040000000006,0.03990968911041365,0.1529700891104137,10.526110000000001,8.408432755397028,-2.117677244602973,7.85318,9.059486148637031,1.2063061486370312,0.12010999999999994,0.15899949835704624,0.038889498357046304
19346,0.021525999999999934,0.043976618479826354,0.02245061847982642,13.160549999999999,9.508698517340473,-3.6518514826595254,13.2034,9.997792794541247,-3.2056072054587528,0.3717889,0.13958409091405244,-0.23220480908594754
19348,-0.06847400000000015,0.043976618479826354,0.1124506184798265,10.260549999999999,9.508698517340473,-0.7518514826595251,7.7034,9.997792794541247,2.2943927945412472,0.11178889999999997,0.13958409091405244,0.02779519091405247
19349,-0.08847400000000016,0.043976618479826354,0.13245061847982653,9.56055,9.508698517340473,-0.05185148265952577,6.9033999999999995,9.997792794541247,3.094392794541248,0.08178890000000005,0.13958409091405244,0.057795190914052386
19455,-0.04820599999999997,0.02291601201654868,0.07112201201654865,15.4158,9.010767569312321,-6.40503243068768,12.249519999999999,9.685919744204343,-2.563600255795656,0.013294299999999981,0.1293375684407443,0.11604326844074431
19456,-0.05820599999999998,0.02291601201654868,0.08112201201654866,7.6158,9.010767569312321,1.3949675693123211,6.049519999999998,9.685919744204343,3.636399744204345,0.0342943,0.1293375684407443,0.09504326844074429
19467,-0.03778499999999996,0.03919490108463225,0.07697990108463221,7.8683499999999995,9.609776804729371,1.7414268047293717,4.847250000000001,7.761709209084014,2.914459209084013,-0.007735899999999907,0.0439243186019717,0.051660218601971605
19468,-0.07778499999999999,0.03919490108463225,0.11697990108463224,7.678349999999998,9.609776804729371,1.931426804729373,2.247250000000001,7.761709209084014,5.514459209084013,-0.08773589999999998,0.0439243186019717,0.1316602186019717
19551,0.00021500000000007624,0.0382626161152394,0.038047616115239324,7.178349999999998,9.630229604840252,2.4518796048402542,4.8572500000000005,7.801165688487396,2.9439156884873956,-0.00973590000000002,0.04532177884683013,0.055057678846830146
19552,-0.007784999999999931,0.0382626161152394,0.04604761611523933,7.538349999999998,9.630229604840252,2.091879604840255,5.207250000000002,7.801165688487396,2.593915688487394,0.002264100000000102,0.04532177884683013,0.043057678846830025
19592,0.10985100000000003,0.04043137405602581,-0.06941962594397422,12.987359999999999,10.27309340920135,-2.7142665907986494,16.128130000000002,10.598722204153624,-5.529407795846378,0.1979033,0.11862062620094951,-0.07928267379905049
19594,0.019851000000000063,0.04043137405602581,0.020580374056025745,12.637360000000001,10.27309340920135,-2.3642665907986515,13.728130000000002,10.598722204153624,-3.1294077958463777,0.14690329999999996,0.11862062620094951,-0.028282673799050445
19595,-0.010148999999999964,0.04043137405602581,0.05058037405602577,11.62736,10.27309340920135,-1.35426659079865,11.11813,10.598722204153624,-0.5194077958463765,0.0799032999999999,0.11862062620094951,0.038717326200949614
19616,-0.008010000000000073,0.04579487976821898,0.05380487976821905,7.221590000000003,9.967853572075184,2.746263572075181,3.7850800000000007,8.141924908728097,4.356844908728096,-0.05451640000000002,0.046989618423641466,0.10150601842364149
19617,-0.008010000000000073,0.04579487976821898,0.05380487976821905,4.121590000000001,9.967853572075184,5.846263572075182,1.0850800000000014,8.141924908728097,7.056844908728095,-0.06551640000000003,0.046989618423641466,0.1125060184236415
19820,-0.007784999999999931,0.03906171751757613,0.04684671751757606,9.558349999999997,9.61269863331664,0.05434863331664275,6.507250000000001,7.767345848998783,1.2600958489987821,-0.007735899999999907,0.04412395577980864,0.05185985577980855
19827,0.3305867,0.03514337657808435,-0.29544332342191565,16.26598,8.376577379635814,-7.889402620364185,17.0024,9.134598651046332,-7.86780134895367,0.4321154,0.15872871149994594,-0.27338668850005404
19829,0.04058670000000009,0.03514337657808435,-0.005443323421915738,14.465979999999998,8.376577379635814,-6.089402620364185,14.6024,9.134598651046332,-5.467801348953667,0.3321154,0.15872871149994594,-0.17338668850005406
19830,0.26058670000000006,0.03514337657808435,-0.2254433234219157,15.865979999999999,8.376577379635814,-7.489402620364185,16.5024,9.134598651046332,-7.36780134895367,0.4021154,0.15872871149994594,-0.24338668850005407
19831,0.02058670000000007,0.03514337657808435,0.01455667657808428,14.165979999999998,8.376577379635814,-5.789402620364184,14.5024,9.134598651046332,-5.367801348953668,0.3421154,0.15872871149994594,-0.18338668850005407
19832,0.12058670000000005,0.03514337657808435,-0.0854433234219157,15.165979999999998,8.376577379635814,-6.789402620364184,15.1024,9.134598651046332,-5.967801348953667,0.3221154,0.15872871149994594,-0.16338668850005406
19833,0.18244399999999994,0.03866804869824203,-0.1437759513017579,18.99146,9.330141039986799,-9.661318960013201,20.746370000000002,9.947797744163319,-10.798572255836683,0.2987978,0.14190202504935132,-0.1568957749506487
19834,0.1324439999999999,0.03866804869824203,-0.09377595130175786,19.99146,9.330141039986799,-10.661318960013201,21.14637,9.947797744163319,-11.198572255836682,0.3187978,0.14190202504935132,-0.1768957749506487
19835,0.02883199999999997,0.043277235316909766,0.014445235316909798,13.28245,10.577108903522705,-2.705341096477296,14.54456,11.011211942854764,-3.5333480571452363,0.23287709999999995,0.11989789661395837,-0.11297920338604157
19837,0.12883199999999995,0.043277235316909766,-0.08555476468309017,13.68245,10.577108903522705,-3.1053410964772947,18.74456,11.011211942854764,-7.7333480571452355,0.3528771,0.11989789661395837,-0.2329792033860416
19839,0.1324439999999999,0.03866804869824203,-0.09377595130175786,20.891460000000002,9.330141039986799,-11.561318960013203,21.64637,9.947797744163319,-11.698572255836682,0.3287978,0.14190202504935132,-0.18689577495064866
19841,0.16180099999999997,0.03893917732286954,-0.12286182267713043,19.37923,9.403492090783029,-9.97573790921697,20.572339999999997,10.010351520556933,-10.561988479443064,0.3219151,0.14060766455315174,-0.18130743544684827
19843,0.027392000000000083,0.042734978067654736,0.015342978067654653,11.94256,10.430406801930244,-1.5121531980697558,13.118670000000002,10.886104390067535,-2.2325656099324664,0.16386619999999996,0.12248661760635755,-0.04137958239364241
19844,0.06739200000000012,0.042734978067654736,-0.024657021932345383,11.742560000000001,10.430406801930244,-1.3121531980697565,17.61867,10.886104390067535,-6.732565609932466,0.3838662,0.12248661760635755,-0.26137958239364245
19858,0.03698999999999997,0.04539532906705062,0.008405329067050653,14.081590000000002,9.97661905783699,-4.104970942163012,11.665080000000001,8.158834828472404,-3.5062451715275973,0.0914836,0.04758852995715218,-0.04389507004284782
19861,0.13698999999999995,0.04539532906705062,-0.09159467093294932,14.06159,9.97661905783699,-4.084970942163011,13.27508,8.158834828472404,-5.116245171527597,0.14648359999999994,0.04758852995715218,-0.09889507004284775
19914,0.274602,0.0431197568438532,-0.23148224315614682,12.0003,10.069903843847126,-1.9303961561528737,16.577130000000004,10.488360393793094,-6.08876960620691,0.21550750000000007,0.12700000101135991,-0.08850749898864016
19915,0.38466199999999995,0.04291785245558103,-0.3417441475444189,13.29973,10.077450857598441,-3.2222791424015593,18.62511,10.657463618464842,-7.9676463815351575,0.21319050000000006,0.13276673445855672,-0.08042376554144334
19916,0.10460199999999997,0.0431197568438532,-0.061482243156146775,11.860299999999999,10.069903843847126,-1.7903961561528732,13.547130000000001,10.488360393793094,-3.0587696062069067,0.16550750000000003,0.12700000101135991,-0.038507498988640115
19917,0.05460200000000004,0.0431197568438532,-0.011482243156146842,10.770299999999999,10.069903843847126,-0.7003961561528733,12.997130000000002,10.488360393793094,-2.508769606206908,0.19550750000000006,0.12700000101135991,-0.06850749898864014
19918,0.20460200000000006,0.0431197568438532,-0.16148224315614687,11.9603,10.069903843847126,-1.8903961561528746,16.75713,10.488360393793094,-6.268769606206906,0.2755075,0.12700000101135991,-0.1485074989886401
19919,0.19460200000000005,0.0431197568438532,-0.15148224315614686,11.8403,10.069903843847126,-1.7703961561528736,17.12713,10.488360393793094,-6.638769606206907,0.31550750000000005,0.12700000101135991,-0.18850749898864014
19920,0.05460200000000004,0.0431197568438532,-0.011482243156146842,8.200299999999999,10.069903843847126,1.869603843847127,10.39713,10.488360393793094,0.09123039379309361,0.21950749999999997,0.12700000101135991,-0.09250749898864005
19921,0.039602000000000026,0.0431197568438532,0.0035177568438531717,7.970300000000002,10.069903843847126,2.099603843847124,10.05713,10.488360393793094,0.43123039379309347,0.1435075,0.12700000101135991,-0.016507498988640096
19928,0.07221500000000014,0.03970099863944551,-0.03251400136055463,8.478349999999999,9.59867385609775,1.1203238560977518,8.51725,7.740289977407893,-0.7769600225921076,0.09126410000000007,0.043165697326191424,-0.048098402673808646
19929,0.022215000000000096,0.03970099863944551,0.017485998639445416,7.27835,9.59867385609775,2.320323856097751,6.957250000000002,7.740289977407893,0.7830399774078911,0.07026410000000005,0.043165697326191424,-0.027098402673808628
20127,6.000000000017103e-05,0.0392648833272381,0.03920488332723793,8.103659999999998,9.360631516692616,1.2569715166926176,7.350839999999998,9.867433327815755,2.516593327815757,0.05278970000000005,0.14016759508828888,0.08737789508828883
20129,-0.009939999999999838,0.0392648833272381,0.049204883327237936,7.59366,9.360631516692616,1.7669715166926157,7.890839999999999,9.867433327815755,1.9765933278157561,0.11278969999999999,0.14016759508828888,0.02737789508828889
20131,-0.018939999999999957,0.0392648833272381,0.058204883327238055,7.813659999999999,9.360631516692616,1.5469715166926168,8.20084,9.867433327815755,1.6665933278157556,0.1227897,0.14016759508828888,0.01737789508828888
20132,0.049868000000000134,0.03889778443947052,-0.010970215560529614,11.199940000000002,9.374353359876826,-1.8255866401231753,12.994439999999999,10.174893736309842,-2.8195462636901567,0.17442990000000003,0.15065256499228305,-0.023777335007716977
20133,0.001060000000000061,0.0392648833272381,0.03820488332723804,8.29366,9.360631516692616,1.0669715166926164,8.62084,9.867433327815755,1.2465933278157557,0.1227897,0.14016759508828888,0.01737789508828888
20134,-0.01193999999999984,0.0392648833272381,0.05120488332723794,8.173659999999998,9.360631516692616,1.1869715166926174,7.640839999999999,9.867433327815755,2.226593327815756,0.07278970000000007,0.14016759508828888,0.06737789508828881
20137,0.0040600000000000636,0.0392648833272381,0.035204883327238035,8.32366,9.360631516692616,1.0369715166926152,9.62084,9.867433327815755,0.24659332781575571,0.16278970000000004,0.14016759508828888,-0.022622104911711155
20347,-0.03920199999999996,0.03998960208020673,0.07919160208020669,7.93967,10.436929293859176,2.4972592938591767,7.769459999999999,10.869679967145306,3.100219967145307,0.07593260000000002,0.11699315321680412,0.0410605532168041
20348,-0.03920199999999996,0.03998960208020673,0.07919160208020669,7.93967,10.436929293859176,2.4972592938591767,8.06946,10.869679967145306,2.8002199671453063,0.08793260000000003,0.11699315321680412,0.02906055321680409
20371,0.081488,0.04229511507584144,-0.039192884924158566,11.241820000000004,9.793197931283181,-1.4486220687168228,15.116439999999999,7.960272018778208,-7.156167981221791,0.39630780000000004,0.04575642427956196,-0.3505513757204381
20448,0.002215000000000078,0.03906171751757613,0.03684671751757605,8.43835,9.61269863331664,1.1743486333166402,6.907250000000001,7.767345848998783,0.8600958489987818,0.03226410000000002,0.04412395577980864,0.011859855779808623
20449,-0.03778499999999996,0.03906171751757613,0.07684671751757609,7.638349999999999,9.61269863331664,1.974348633316641,5.1072500000000005,7.767345848998783,2.6600958489987825,0.0122641,0.04412395577980864,0.03185985577980864
20456,-0.05698500000000006,0.029475553814194422,0.08646055381419449,5.447780000000002,8.524642635143735,3.0768626351437334,3.874769999999998,6.7468558550348074,2.8720858550348094,0.023006299999999924,0.05294955160434786,0.029943251604347937
20459,-0.07121500000000003,0.029271512643906455,0.10048651264390648,3.3977000000000004,8.527869188004969,5.1301691880049685,0.01576999999999984,6.742305909800317,6.726535909800317,-0.0007619000000000931,0.05252301553537289,0.053284915535372984
20460,-0.07721500000000003,0.029271512643906455,0.10648651264390649,2.8176999999999985,8.527869188004969,5.71016918800497,-0.38422999999999874,6.742305909800317,7.126535909800316,-0.03076190000000001,0.05252301553537289,0.0832849155353729
20461,-0.039215,0.029271512643906455,0.06848651264390646,3.457699999999999,8.527869188004969,5.07016918800497,0.4757700000000007,6.742305909800317,6.266535909800316,0.004238099999999911,0.05252301553537289,0.04828491553537298
20462,-0.035214999999999996,0.029271512643906455,0.06448651264390645,4.6777000000000015,8.527869188004969,3.8501691880049673,1.0057699999999983,6.742305909800317,5.736535909800319,0.03823810000000005,0.05252301553537289,0.014284915535372839
20464,-0.05321500000000001,0.029271512643906455,0.08248651264390647,5.447700000000001,8.527869188004969,3.0801691880049678,3.4957700000000003,6.742305909800317,3.2465359098003166,0.01423809999999992,0.05252301553537289,0.03828491553537297
20466,-0.06721500000000002,0.029271512643906455,0.09648651264390648,4.517700000000001,8.527869188004969,4.0101691880049675,2.2457700000000003,6.742305909800317,4.496535909800317,-0.0007619000000000931,0.05252301553537289,0.053284915535372984
20467,-0.07121500000000003,0.029271512643906455,0.10048651264390648,3.3977000000000004,8.527869188004969,5.1301691880049685,1.4057700000000004,6.742305909800317,5.3365359098003164,-0.0007619000000000931,0.05252301553537289,0.053284915535372984
20468,-0.07721500000000003,0.029271512643906455,0.10648651264390649,2.8176999999999985,8.527869188004969,5.71016918800497,0.11577000000000126,6.742305909800317,6.626535909800316,-0.03076190000000001,0.05252301553537289,0.0832849155353729
20469,-0.039215,0.029271512643906455,0.06848651264390646,3.457699999999999,8.527869188004969,5.07016918800497,1.9657699999999991,6.742305909800317,4.776535909800318,0.004238099999999911,0.05252301553537289,0.04828491553537298
20470,-0.035214999999999996,0.029271512643906455,0.06448651264390645,4.6777000000000015,8.527869188004969,3.8501691880049673,3.6557700000000004,6.742305909800317,3.0865359098003164,0.03823810000000005,0.05252301553537289,0.014284915535372839
20471,-0.01821499999999987,0.029271512643906455,0.047486512643906326,5.367699999999999,8.527869188004969,3.1601691880049696,5.17577,6.742305909800317,1.5665359098003169,0.07523809999999997,0.05252301553537289,-0.022715084464627083
20473,-0.05321500000000001,0.029271512643906455,0.08248651264390647,4.357700000000001,8.527869188004969,4.170169188004968,1.3657700000000013,6.742305909800317,5.376535909800316,0.05023809999999995,0.05252301553537289,0.002284915535372939
20474,-0.058214999999999906,0.029271512643906455,0.08748651264390636,4.457699999999999,8.527869188004969,4.07016918800497,2.135769999999999,6.742305909800317,4.606535909800318,0.010238099999999917,0.05252301553537289,0.042284915535372974
20475,-0.057215000000000016,0.029271512643906455,0.08648651264390647,4.9277000000000015,8.527869188004969,3.6001691880049673,1.7157699999999991,6.742305909800317,5.026535909800318,0.011238100000000029,0.05252301553537289,0.04128491553537286
20477,-0.0542149999999999,0.029271512643906455,0.08348651264390636,4.747700000000002,8.527869188004969,3.780169188004967,1.1457699999999988,6.742305909800317,5.596535909800318,-0.0007619000000000931,0.05252301553537289,0.053284915535372984
20478,-0.057215000000000016,0.029271512643906455,0.08648651264390647,4.637699999999999,8.527869188004969,3.89016918800497,1.555769999999999,6.742305909800317,5.186535909800318,0.01323810000000003,0.05252301553537289,0.03928491553537286
20479,-0.05321500000000001,0.029271512643906455,0.08248651264390647,4.7377,8.527869188004969,3.7901691880049686,2.1957699999999996,6.742305909800317,4.546535909800317,0.006238100000000024,0.05252301553537289,0.04628491553537287
20480,-0.058214999999999906,0.029271512643906455,0.08748651264390636,4.9177,8.527869188004969,3.610169188004969,1.6957699999999996,6.742305909800317,5.046535909800317,-0.002761900000000095,0.05252301553537289,0.055284915535372986
20481,-0.057215000000000016,0.029271512643906455,0.08648651264390647,4.6677,8.527869188004969,3.860169188004969,1.7957699999999992,6.742305909800317,4.946535909800318,0.00023809999999990783,0.05252301553537289,0.05228491553537298
20482,-0.05321500000000001,0.029271512643906455,0.08248651264390647,4.997700000000002,8.527869188004969,3.530169188004967,2.41577,6.742305909800317,4.326535909800317,0.010238099999999917,0.05252301553537289,0.042284915535372974
20483,-0.05121500000000001,0.029271512643906455,0.08048651264390647,5.247700000000002,8.527869188004969,3.280169188004967,2.26577,6.742305909800317,4.476535909800317,-0.0037618999999999847,0.05252301553537289,0.056284915535372876
20485,-0.057215000000000016,0.029271512643906455,0.08648651264390647,5.1777000000000015,8.527869188004969,3.3501691880049673,1.8257700000000003,6.742305909800317,4.9165359098003165,0.0012381000000000197,0.05252301553537289,0.05128491553537287
20506,-0.00828300000000004,0.05199530775063735,0.06027830775063739,8.960720000000002,10.334695825182802,1.3739758251828,5.5389,8.539050528116485,3.0001505281164853,-0.0449948,0.05065382977882195,0.09564862977882195
20507,0.07171700000000003,0.05199530775063735,-0.019721692249362682,8.960720000000002,10.334695825182802,1.3739758251828,8.0389,8.539050528116485,0.5001505281164853,0.04500519999999997,0.05065382977882195,0.005648629778821981
20508,0.0017169999999999686,0.05199530775063735,0.05027830775063738,9.660720000000001,10.334695825182802,0.6739758251828007,6.6389,8.539050528116485,1.9001505281164857,-0.004994799999999966,0.05065382977882195,0.055648629778821915
20511,-0.00828300000000004,0.05199530775063735,0.06027830775063739,8.76072,10.334695825182802,1.5739758251828029,5.4389,8.539050528116485,3.100150528116485,-0.024994799999999984,0.05065382977882195,0.07564862977882193
20512,-0.03828300000000007,0.05199530775063735,0.09027830775063742,8.160720000000001,10.334695825182802,2.1739758251828007,4.738899999999999,8.539050528116485,3.800150528116486,-0.014994799999999975,0.05065382977882195,0.06564862977882192
20513,-0.00828300000000004,0.05199530775063735,0.06027830775063739,10.160720000000001,10.334695825182802,0.17397582518280075,7.1389,8.539050528116485,1.4001505281164857,0.005005200000000043,0.05065382977882195,0.045648629778821906
20514,-0.01828300000000005,0.05199530775063735,0.0702783077506374,10.460720000000002,10.334695825182802,-0.12602417481719996,6.738899999999999,8.539050528116485,1.800150528116486,-0.014994799999999975,0.05065382977882195,0.06564862977882192
20515,-0.01828300000000005,0.05199530775063735,0.0702783077506374,10.960720000000002,10.334695825182802,-0.6260241748172,7.338899999999999,8.539050528116485,1.2001505281164864,-0.004994799999999966,0.05065382977882195,0.055648629778821915
20516,-0.01828300000000005,0.05199530775063735,0.0702783077506374,9.86072,10.334695825182802,0.47397582518280146,6.6389,8.539050528116485,1.9001505281164857,-0.004994799999999966,0.05065382977882195,0.055648629778821915
20726,-0.09030999999999989,0.03341108708219743,0.12372108708219731,6.975769999999997,9.238793825938618,2.263023825938621,2.147680000000001,7.399693290377893,5.252013290377892,-0.05907969999999996,0.04256516305620192,0.10164486305620188
20730,-0.09030999999999989,0.03341108708219743,0.12372108708219731,8.275769999999998,9.238793825938618,0.9630238259386203,3.1676800000000007,7.399693290377893,4.232013290377893,-0.06207969999999985,0.04256516305620192,0.10464486305620177
20787,0.07238699999999998,0.032728105968101634,-0.039658894031898345,9.805680000000002,9.248778208796292,-0.5569017912037104,8.70515,7.375856869525163,-1.329293130474837,0.04145599999999994,0.040659381602465045,-0.0007966183975348928
20797,0.16537299999999988,0.02964874887488568,-0.13572425112511421,15.113229999999998,9.372682613323821,-5.740547386676177,16.23133,10.30583064068797,-5.925499359312029,0.1098519,0.14111966782835964,0.03126776782835963
20828,0.06369200000000008,0.05927826754831987,-0.004413732451680211,8.862210000000001,10.68278820967094,1.8205782096709395,8.45159,8.943102648613298,0.49151264861329835,0.06840489999999999,0.05562491105422854,-0.012779988945771453
20830,0.100692,0.05927826754831987,-0.04141373245168013,9.362210000000001,10.68278820967094,1.3205782096709395,10.251589999999998,8.943102648613298,-1.3084873513867006,0.12840490000000004,0.05562491105422854,-0.0727799889457715
20831,0.3036920000000001,0.05927826754831987,-0.2444137324516802,13.362210000000001,10.68278820967094,-2.6794217903290605,14.55159,8.943102648613298,-5.608487351386701,0.16840489999999997,0.05562491105422854,-0.11277998894577143
20850,0.045135999999999954,0.04097359005718952,-0.004162409942810433,12.838170000000002,9.872535493788313,-2.965634506211689,14.01048,10.404335228180253,-3.6061447718197464,0.1413118000000001,0.1301445047203937,-0.011167295279606387
20870,-0.07888399999999995,0.0414945809778607,0.12037858097786065,4.708970000000001,9.69004207085497,4.981072070854969,0.7002500000000005,7.882008714826457,7.181758714826456,-0.06649400000000005,0.046646334305585235,0.11314033430558529
20873,-0.07888399999999995,0.0414945809778607,0.12037858097786065,5.288969999999999,9.69004207085497,4.401072070854971,1.2902500000000003,7.882008714826457,6.591758714826456,-0.04849400000000004,0.046646334305585235,0.09514033430558527
20874,-0.07788400000000006,0.0414945809778607,0.11937858097786076,5.67897,9.69004207085497,4.01107207085497,2.000250000000001,7.882008714826457,5.881758714826455,-0.032494000000000134,0.046646334305585235,0.07914033430558537
20889,0.04969000000000012,0.03414359670100609,-0.015546403298994031,9.67577,9.22272376870864,-0.4530462312913599,7.987680000000001,7.368691770846665,-0.6189882291533362,0.021920300000000004,0.04146715857809888,0.019546858578098875
20890,-0.050309999999999855,0.03414359670100609,0.08445359670100594,8.555769999999999,9.22272376870864,0.6669537687086411,4.127680000000002,7.368691770846665,3.2410117708466633,-0.058079699999999956,0.04146715857809888,0.09954685857809883
20891,-0.015309999999999935,0.03414359670100609,0.049453596701006027,8.10577,9.22272376870864,1.1169537687086404,5.087680000000001,7.368691770846665,2.281011770846664,-0.022079699999999924,0.04146715857809888,0.0635468585780988
20910,0.021373000000000086,0.05296054296713976,0.03158754296713968,5.603180000000002,9.625772248443598,4.022592248443596,6.535700000000002,10.731557141519978,4.195857141519976,0.040985200000000055,0.13575090997966238,0.09476570997966233
20911,0.05137300000000011,0.05296054296713976,0.0015875429671396504,7.18318,9.625772248443598,2.4425922484435976,9.6857,10.731557141519978,1.0458571415199778,0.15098520000000004,0.13575090997966238,-0.01523429002033766
20935,-0.006610000000000005,0.05188123299913758,0.05849123299913758,4.164940000000001,8.395812717639458,4.230872717639457,4.508869999999998,8.900706133862148,4.391836133862149,0.06232340000000003,0.09466738167598754,0.03234398167598751
21027,0.10821500000000006,0.0382626161152394,-0.06995238388476066,7.068349999999999,9.630229604840252,2.5618796048402537,8.137250000000002,7.801165688487396,-0.33608431151260554,0.07226410000000005,0.04532177884683013,-0.026942321153169926
21029,0.012215000000000087,0.0382626161152394,0.026047616115239314,7.038349999999998,9.630229604840252,2.591879604840255,4.3472500000000025,7.801165688487396,3.4539156884873936,-0.03773589999999993,0.04532177884683013,0.08305767884683006
21060,-0.0176130000000001,0.03286128953515775,0.050474289535157854,10.325680000000002,9.245856380209023,-1.0798236197909787,6.67515,7.3702202296103945,0.6950702296103941,-0.021544000000000008,0.04045974442462816,0.062003744424628165
21157,-0.028512000000000093,0.04282784934406593,0.07133984934406602,9.241820000000004,9.781510616934106,0.5396906169341023,5.296439999999999,7.937725459119133,2.6412854591191346,-0.04369219999999996,0.044957875568214276,0.08865007556821423
21167,-0.08869900000000008,0.02879912165626032,0.1174981216562604,5.276620000000001,8.224785326236345,2.948165326236344,2.726200000000002,6.50574063992933,3.779540639929328,0.016723800000000066,0.05898006572709616,0.04225626572709609
21168,-0.06869900000000007,0.02879912165626032,0.09749812165626039,8.006620000000002,8.224785326236345,0.21816532623634366,5.966200000000002,6.50574063992933,0.5395406399293279,0.059723799999999994,0.05898006572709616,-0.0007437342729038343
21191,0.0025340000000000362,0.04889509375942816,0.046361093759428124,7.186149999999998,10.151274698628992,2.965124698628994,5.388349999999999,8.34048771842229,2.952137718422291,-0.06918380000000002,0.04882172410123167,0.11800552410123169
21192,0.14238699999999993,0.032594922401045515,-0.10979207759895442,11.40568,9.25170003738356,-2.1539799626164395,12.20515,7.381493509439932,-4.823656490560068,0.15145599999999992,0.04085901878030199,-0.11059698121969794
21193,0.13238699999999992,0.032594922401045515,-0.0997920775989544,10.605680000000003,9.25170003738356,-1.3539799626164424,10.50515,7.381493509439932,-3.1236564905600686,0.08145599999999997,0.04085901878030199,-0.040596981219697986
21214,0.012386999999999926,0.032594922401045515,0.02020792240104559,6.90568,9.25170003738356,2.3460200373835605,5.95515,7.381493509439932,1.4263435094399322,0.03145599999999993,0.04085901878030199,0.009403018780302058
21316,-0.06251200000000012,0.04242829864289756,0.10494029864289768,7.111820000000002,9.790276102695913,2.678456102695911,2.8464399999999976,7.954635378863439,5.108195378863441,-0.05669219999999997,0.04555678710172502,0.10224898710172499
21319,-0.07951200000000003,0.04242829864289756,0.12194029864289758,6.821820000000002,9.790276102695913,2.96845610269591,1.81644,7.954635378863439,6.138195378863439,-0.07869219999999999,0.04555678710172502,0.12424898710172501
21320,-0.07651200000000014,0.04242829864289756,0.1189402986428977,6.261820000000004,9.790276102695913,3.528456102695909,1.686440000000001,7.954635378863439,6.268195378863438,-0.06669219999999998,0.04555678710172502,0.112248987101725
21321,-0.07251200000000013,0.04242829864289756,0.11494029864289769,6.391820000000003,9.790276102695913,3.39845610269591,1.7564399999999978,7.954635378863439,6.198195378863441,-0.07069219999999998,0.04555678710172502,0.116248987101725
21322,-0.07651200000000014,0.04242829864289756,0.1189402986428977,7.181820000000002,9.790276102695913,2.6084561026959108,2.1264399999999988,7.954635378863439,5.82819537886344,-0.08069219999999999,0.04555678710172502,0.126248987101725
21345,-0.031843000000000066,0.03031411130501634,0.0621571113050164,1.7864700000000013,9.341179012957456,7.554709012957455,2.054759999999998,10.527529715683858,8.47276971568386,0.056093200000000065,0.15613337105537495,0.10004017105537488
21347,-0.09184300000000012,0.03031411130501634,0.12215711130501646,6.886469999999999,9.341179012957456,2.4547090129574567,5.48476,10.527529715683858,5.042769715683859,0.06809320000000008,0.15613337105537495,0.08804017105537487
21348,-0.0718430000000001,0.03031411130501634,0.10215711130501644,4.766470000000002,9.341179012957456,4.574709012957454,4.21476,10.527529715683858,6.312769715683858,0.07209320000000008,0.15613337105537495,0.08404017105537487
21349,-0.041843000000000075,0.03031411130501634,0.07215711130501641,2.676470000000002,9.341179012957456,6.664709012957454,2.6547599999999996,10.527529715683858,7.872769715683859,0.05409319999999995,0.15613337105537495,0.102040171055375
21351,-0.08184300000000011,0.03031411130501634,0.11215711130501645,6.996470000000002,9.341179012957456,2.3447090129574537,5.5747599999999995,10.527529715683858,4.952769715683859,0.05909319999999996,0.15613337105537495,0.09704017105537499
21389,0.08610299999999993,0.027297267212488284,-0.058805732787511646,11.780279999999998,8.581471550596193,-3.1988084494038045,12.95562,8.806291992281428,-4.149328007718571,0.14461480000000004,0.1250939147927383,-0.01952088520726175
21396,0.22109299999999998,0.012306779515380784,-0.2087862204846192,18.196640000000002,7.234267575448168,-10.962372424551834,16.14937,5.4660452593598645,-10.683324740640137,0.1900231,0.05237095582376902,-0.13765214417623098
21397,0.217395,0.014557147099789149,-0.20283785290021086,13.36081,7.843081297056875,-5.517728702943126,15.50918,5.985241603426864,-9.523938396573136,0.2641566,0.04162776370531247,-0.22252883629468756
21399,0.2106800000000001,0.02374840747466187,-0.18693159252533822,8.716399999999997,10.32968191904906,1.6132819190490633,13.025250000000002,8.105814623170394,-4.9194353768296075,0.2683918,-0.0022510571158534665,-0.27064285711585345
21400,0.21094499999999994,0.01870541505659011,-0.1922395849434098,4.971860000000003,8.965352374239188,3.9934923742391852,9.39506,6.942314382249165,-2.4527456177508355,0.2319057,0.021824048113458824,-0.21008165188654115
21401,0.32094500000000004,0.01870541505659011,-0.3022395849434099,9.451860000000002,8.965352374239188,-0.4865076257608134,13.055060000000001,6.942314382249165,-6.112745617750836,0.2919057,0.021824048113458824,-0.27008165188654115
21521,0.05140100000000003,0.041323638207122634,-0.010077361792877396,12.44652,8.797158587922778,-3.649361412077221,9.666570000000002,7.146701126345034,-2.5198688736549677,0.05663830000000003,0.0678990235406717,0.011260723540671674
21524,0.04061500000000007,0.04205568549361693,0.0014406854936168598,10.528690000000001,8.995206425072599,-1.533483574927402,7.86889,7.315596322607793,-0.5532936773922073,0.05409549999999996,0.06440425020093284,0.010308750200932873
21525,-0.019930000000000003,0.043411328616754494,0.0633413286167545,5.722109999999997,9.361961679053746,3.6398516790537485,3.2874300000000005,7.628365204575865,4.340935204575865,-0.029368599999999967,0.0579324477199349,0.08730104771993487
21526,0.060975,0.043329990029366244,-0.017645009970633757,7.18599,9.339956363814878,2.1539663638148774,5.810269999999999,7.609599071657781,1.799329071657782,0.024944900000000048,0.058320755868794774,0.03337585586879473
21541,-0.03588900000000006,0.05413312398626745,0.09002212398626751,10.36213,8.867451415241526,-1.494678584758475,9.77854,10.935478111963768,1.1569381119637683,0.09059139999999999,0.17897608379707547,0.08838468379707548
21542,-0.05588900000000008,0.05413312398626745,0.11002212398626753,9.68213,8.867451415241526,-0.8146785847584752,8.70854,10.935478111963768,2.2269381119637686,0.08059139999999998,0.17897608379707547,0.09838468379707549
21543,-0.05588900000000008,0.05413312398626745,0.11002212398626753,8.79213,8.867451415241526,0.07532141524152536,7.498539999999998,10.935478111963768,3.4369381119637694,0.05059139999999995,0.17897608379707547,0.12838468379707552
21544,-0.03588900000000006,0.05413312398626745,0.09002212398626751,10.11213,8.867451415241526,-1.244678584758475,9.54854,10.935478111963768,1.3869381119637687,0.08059139999999998,0.17897608379707547,0.09838468379707549
21545,-0.06588900000000009,0.05413312398626745,0.12002212398626753,9.302130000000002,8.867451415241526,-0.4346785847584762,7.48854,10.935478111963768,3.4469381119637674,0.040591399999999944,0.17897608379707547,0.13838468379707553
21546,-0.02588900000000005,0.05413312398626745,0.0800221239862675,9.942130000000002,8.867451415241526,-1.0746785847584768,9.38854,10.935478111963768,1.546938111963767,0.07059139999999997,0.17897608379707547,0.1083846837970755
21567,0.19313999999999998,0.02807145073480012,-0.16506854926519987,16.58115,9.67619941924688,-6.9049505807531215,13.638750000000002,6.7209804650328895,-6.917769534967112,0.03882269999999999,0.025143560484424496,-0.013679139515575492
21568,0.043139999999999956,0.02807145073480012,-0.015068549265199835,11.931149999999999,9.67619941924688,-2.2549505807531194,9.078750000000001,6.7209804650328895,-2.3577695349671117,0.01882269999999997,0.025143560484424496,0.006320860484424526
21570,0.17313999999999996,0.02807145073480012,-0.14506854926519985,15.841149999999999,9.67619941924688,-6.1649505807531195,14.028750000000002,6.7209804650328895,-7.307769534967113,0.11882269999999995,0.025143560484424496,-0.09367913951557545
21571,0.26313999999999993,0.02807145073480012,-0.23506854926519982,18.531149999999997,9.67619941924688,-8.854950580753117,16.76875,6.7209804650328895,-10.047769534967111,0.21882269999999998,0.025143560484424496,-0.19367913951557547
21572,0.17313999999999996,0.02807145073480012,-0.14506854926519985,17.19115,9.67619941924688,-7.514950580753121,14.888750000000002,6.7209804650328895,-8.167769534967112,0.11882269999999995,0.025143560484424496,-0.09367913951557545
21573,0.07313999999999998,0.02807145073480012,-0.04506854926519986,11.32115,9.67619941924688,-1.64495058075312,9.59875,6.7209804650328895,-2.8777695349671113,0.0488227,0.025143560484424496,-0.0236791395155755
21574,0.0031399999999999206,0.02807145073480012,0.0249314507348002,9.96115,9.67619941924688,-0.2849505807531205,5.298750000000002,6.7209804650328895,1.4222304650328876,-0.0711773,0.025143560484424496,0.0963208604844245
21575,0.18313999999999997,0.02807145073480012,-0.15506854926519986,16.37115,9.67619941924688,-6.694950580753121,14.598750000000003,6.7209804650328895,-7.877769534967113,0.13882269999999997,0.025143560484424496,-0.11367913951557547
21576,0.26313999999999993,0.02807145073480012,-0.23506854926519982,20.531149999999997,9.67619941924688,-10.854950580753117,17.558750000000003,6.7209804650328895,-10.837769534967114,0.2288227,0.025143560484424496,-0.20367913951557548
21579,-0.04211930000000008,0.027172349908495243,0.06929164990849532,1.4563799999999993,7.784679021458967,6.328299021458967,1.4218700000000002,6.130417981567644,4.708547981567643,0.04652119999999993,0.06674622870429368,0.020225028704293754
21581,0.07788069999999991,0.027172349908495243,-0.05070835009150467,6.356379999999998,7.784679021458967,1.4282990214589688,7.85187,6.130417981567644,-1.7214520184323563,0.16652119999999992,0.06674622870429368,-0.09977497129570624
21582,0.13788069999999997,0.027172349908495243,-0.11070835009150473,7.686379999999998,7.784679021458967,0.09829902145896874,9.371870000000001,6.130417981567644,-3.2414520184323576,0.19652119999999995,0.06674622870429368,-0.12977497129570625
21640,0.205488,0.04268134742030419,-0.16280665257969582,14.441820000000003,9.784724628380102,-4.657095371619901,14.91644,7.943925763025379,-6.972514236974621,0.24630780000000002,0.045177476463834895,-0.2011303235361651
21642,0.025487999999999955,0.04268134742030419,0.017193347420304234,13.741820000000002,9.784724628380102,-3.9570953716199,11.716439999999999,7.943925763025379,-3.7725142369746196,0.11630780000000007,0.045177476463834895,-0.07113032353616518
21643,-0.007511999999999963,0.04268134742030419,0.05019334742030415,14.641820000000003,9.784724628380102,-4.8570953716199,11.216439999999999,7.943925763025379,-3.2725142369746196,0.06630780000000003,0.045177476463834895,-0.021130323536165133
21644,-0.010512000000000077,0.04268134742030419,0.053193347420304266,15.541820000000003,9.784724628380102,-5.757095371619901,11.01644,7.943925763025379,-3.0725142369746203,0.0063078000000000856,0.045177476463834895,0.03886967646383481
21645,0.06348799999999999,0.04268134742030419,-0.0208066525796958,17.04182,9.784724628380102,-7.257095371619899,15.31644,7.943925763025379,-7.372514236974621,0.25630780000000003,0.045177476463834895,-0.21113032353616512
21646,0.18948799999999988,0.04268134742030419,-0.1468066525796957,14.641820000000003,9.784724628380102,-4.8570953716199,15.01644,7.943925763025379,-7.07251423697462,0.24630780000000002,0.045177476463834895,-0.2011303235361651
21647,0.210488,0.04268134742030419,-0.16780665257969582,17.441820000000003,9.784724628380102,-7.657095371619901,16.51644,7.943925763025379,-8.57251423697462,0.2963078,0.045177476463834895,-0.2511303235361651
21725,0.1522150000000001,0.03919490108463225,-0.11302009891536785,17.07835,9.609776804729371,-7.468573195270629,13.837250000000001,7.761709209084014,-6.075540790915987,0.052264100000000036,0.0439243186019717,-0.008339781398028337
21726,0.11221500000000006,0.03919490108463225,-0.07302009891536781,16.278349999999996,9.609776804729371,-6.668573195270625,13.527250000000002,7.761709209084014,-5.765540790915988,0.09226410000000007,0.0439243186019717,-0.04833978139802837
21727,0.23221500000000006,0.03919490108463225,-0.1930200989153678,15.368349999999998,9.609776804729371,-5.7585731952706265,13.617250000000002,7.761709209084014,-5.855540790915988,0.052264100000000036,0.0439243186019717,-0.008339781398028337
21728,0.08221500000000015,0.03919490108463225,-0.0430200989153679,10.52835,9.609776804729371,-0.9185731952706284,9.587250000000001,7.761709209084014,-1.825540790915987,0.062264100000000044,0.0439243186019717,-0.018339781398028346
21729,0.012215000000000087,0.03919490108463225,0.026979901084632163,9.518349999999998,9.609776804729371,0.09142680472937315,6.267250000000001,7.761709209084014,1.4944592090840132,-0.03773589999999993,0.0439243186019717,0.08166021860197163
21730,0.032215000000000105,0.03919490108463225,0.006979901084632145,8.68835,9.609776804729371,0.9214268047293714,6.2272500000000015,7.761709209084014,1.5344592090840123,-0.017735899999999916,0.0439243186019717,0.061660218601971614
21731,0.012215000000000087,0.03919490108463225,0.026979901084632163,8.588349999999998,9.609776804729371,1.0214268047293729,6.007250000000001,7.761709209084014,1.754459209084013,-0.007735899999999907,0.0439243186019717,0.051660218601971605
21732,-0.007784999999999931,0.03919490108463225,0.04697990108463218,8.668349999999997,9.609776804729371,0.9414268047293746,5.557250000000002,7.761709209084014,2.2044592090840123,-0.027735899999999925,0.0439243186019717,0.07166021860197162
21735,0.21221500000000004,0.03919490108463225,-0.1730200989153678,19.81835,9.609776804729371,-10.208573195270628,15.21725,7.761709209084014,-7.455540790915986,-0.017735899999999916,0.0439243186019717,0.061660218601971614
21736,0.21221500000000004,0.03919490108463225,-0.1730200989153678,19.74835,9.609776804729371,-10.138573195270627,14.547250000000002,7.761709209084014,-6.785540790915988,-0.09773589999999999,0.0439243186019717,0.1416602186019717
21737,0.08221500000000015,0.03919490108463225,-0.0430200989153679,17.448349999999998,9.609776804729371,-7.838573195270627,12.69725,7.761709209084014,-4.9355407909159865,-0.027735899999999925,0.0439243186019717,0.07166021860197162
21738,0.042215000000000114,0.03919490108463225,-0.0030200989153678637,15.108349999999998,9.609776804729371,-5.498573195270627,10.747250000000001,7.761709209084014,-2.9855407909159872,-0.027735899999999925,0.0439243186019717,0.07166021860197162
21739,0.032215000000000105,0.03919490108463225,0.006979901084632145,11.908349999999999,9.609776804729371,-2.2985731952706274,8.047250000000002,7.761709209084014,-0.28554079091598794,-0.04773589999999994,0.0439243186019717,0.09166021860197164
21779,-0.07001000000000013,0.04566169620116286,0.115671696201163,7.657590000000003,9.970775400662452,2.3131854006624497,4.98508,8.147561548642866,3.162481548642866,0.023483599999999938,0.04718925560147835,0.023705655601478415
21816,0.1430530000000001,0.041143076575996335,-0.10190992342400376,8.984370000000002,12.68902966289679,3.7046596628967876,10.41232,13.255644511668748,2.843324511668749,0.026765299999999992,0.08693824699606262,0.060172946996062626
22052,0.06238699999999997,0.03232855526693326,-0.030058444733066708,9.935680000000001,9.257543694558098,-0.6781363054419032,8.33515,7.39276678926947,-0.9423832107305303,0.026455999999999924,0.041258293135975815,0.014802293135975891
22053,-0.0176130000000001,0.03232855526693326,0.04994155526693336,7.635680000000001,9.257543694558098,1.6218636945580975,4.895150000000001,7.39276678926947,2.497616789269469,-0.010544000000000109,0.041258293135975815,0.051802293135975924
22070,-0.057784999999999975,0.03906171751757613,0.0968467175175761,4.458349999999999,9.61269863331664,5.154348633316641,0.5772500000000029,7.767345848998783,7.19009584899878,-0.06773589999999996,0.04412395577980864,0.1118598557798086
22071,-0.02778499999999995,0.03906171751757613,0.06684671751757608,4.708349999999999,9.61269863331664,4.904348633316641,1.9072500000000012,7.767345848998783,5.860095848998782,-0.03773589999999993,0.04412395577980864,0.08185985577980857
22072,-0.02778499999999995,0.03906171751757613,0.06684671751757608,5.448349999999998,9.61269863331664,4.164348633316642,2.957250000000002,7.767345848998783,4.810095848998781,-0.017735899999999916,0.04412395577980864,0.061859855779808556
22073,-0.02778499999999995,0.03906171751757613,0.06684671751757608,5.6283499999999975,9.61269863331664,3.9843486333166425,2.7672500000000007,7.767345848998783,5.000095848998782,-0.027735899999999925,0.04412395577980864,0.07185985577980857
22074,-0.057784999999999975,0.03906171751757613,0.0968467175175761,4.548349999999999,9.61269863331664,5.064348633316641,0.7872500000000002,7.767345848998783,6.980095848998783,-0.05773589999999995,0.04412395577980864,0.10185985577980859
22111,0.1093869999999999,0.031929004565764904,-0.077457995434235,11.185680000000001,9.266309180319904,-1.919370819680097,9.20515,7.409676709013776,-1.7954732909862239,0.0014560000000000128,0.04185720466948656,0.040401204669486546
22112,0.09738699999999989,0.031929004565764904,-0.06545799543423499,9.965680000000003,9.266309180319904,-0.6993708196800981,7.575150000000001,7.409676709013776,-0.16547329098622487,-0.03854400000000002,0.04185720466948656,0.08040120466948658
22113,0.1123869999999999,0.031929004565764904,-0.080457995434235,11.705680000000001,9.266309180319904,-2.4393708196800965,9.07515,7.409676709013776,-1.6654732909862249,-0.03854400000000002,0.04185720466948656,0.08040120466948658
22114,0.11938699999999991,0.031929004565764904,-0.087457995434235,11.805680000000002,9.266309180319904,-2.539370819680098,9.395150000000001,7.409676709013776,-1.9854732909862252,-0.028544000000000014,0.04185720466948656,0.07040120466948657
22115,0.13238699999999992,0.031929004565764904,-0.10045799543423502,12.435680000000001,9.266309180319904,-3.169370819680097,10.33515,7.409676709013776,-2.9254732909862247,0.0014560000000000128,0.04185720466948656,0.040401204669486546
22116,0.025386999999999937,0.031929004565764904,0.006542004565764967,8.435680000000001,9.266309180319904,0.8306291803199031,6.18515,7.409676709013776,1.2245267090137757,-0.008543999999999996,0.04185720466948656,0.050401204669486555
22118,0.09938699999999989,0.031929004565764904,-0.06745799543423499,10.185680000000001,9.266309180319904,-0.9193708196800969,8.17515,7.409676709013776,-0.7654732909862245,-0.018544000000000005,0.04185720466948656,0.06040120466948656
22120,0.025386999999999937,0.031929004565764904,0.006542004565764967,8.435680000000001,9.266309180319904,0.8306291803199031,6.18515,7.409676709013776,1.2245267090137757,-0.008543999999999996,0.04185720466948656,0.050401204669486555
22121,0.023386999999999936,0.031929004565764904,0.008542004565764968,9.075680000000002,9.266309180319904,0.1906291803199025,6.665150000000001,7.409676709013776,0.7445267090137753,-0.008543999999999996,0.04185720466948656,0.050401204669486555
22122,0.2423869999999999,0.031929004565764904,-0.210457995434235,10.90568,9.266309180319904,-1.6393708196800958,7.825150000000001,7.409676709013776,-0.4154732909862249,-0.028544000000000014,0.04185720466948656,0.07040120466948657
22181,0.07321500000000014,0.03906171751757613,-0.03415328248242401,10.248349999999999,9.61269863331664,-0.6356513666833585,8.467250000000002,7.767345848998783,-0.6999041510012187,0.02226410000000001,0.04412395577980864,0.021859855779808632
22182,0.008215000000000083,0.03906171751757613,0.030846717517576047,8.61835,9.61269863331664,0.9943486333166405,4.647250000000001,7.767345848998783,3.1200958489987816,-0.07773589999999997,0.04412395577980864,0.12185985577980861
22183,0.018215000000000092,0.03906171751757613,0.02084671751757604,8.198349999999998,9.61269863331664,1.4143486333166422,5.2272500000000015,7.767345848998783,2.5400958489987815,-0.03773589999999993,0.04412395577980864,0.08185985577980857
22184,0.033215000000000106,0.03906171751757613,0.005846717517576025,10.690349999999999,9.61269863331664,-1.0776513666833587,7.927250000000001,7.767345848998783,-0.1599041510012178,0.002264100000000102,0.04412395577980864,0.04185985577980854
22185,0.0282150000000001,0.03906171751757613,0.01084671751757603,9.056349999999998,9.61269863331664,0.5563486333166416,5.517250000000001,7.767345848998783,2.2500958489987823,-0.05773589999999995,0.04412395577980864,0.10185985577980859
22186,0.033215000000000106,0.03906171751757613,0.005846717517576025,7.241349999999997,9.61269863331664,2.371348633316643,6.02725,7.767345848998783,1.7400958489987826,0.02226410000000001,0.04412395577980864,0.021859855779808632
22187,0.06221500000000013,0.03906171751757613,-0.023153282482424,8.978349999999999,9.61269863331664,0.634348633316641,8.18725,7.767345848998783,-0.4199041510012176,0.062264100000000044,0.04412395577980864,-0.018140144220191404
22188,0.022215000000000096,0.03906171751757613,0.016846717517576035,7.768349999999998,9.61269863331664,1.844348633316642,5.157250000000001,7.767345848998783,2.6100958489987818,-0.017735899999999916,0.04412395577980864,0.061859855779808556
22189,0.022215000000000096,0.03906171751757613,0.016846717517576035,7.488349999999997,9.61269863331664,2.124348633316643,5.187250000000001,7.767345848998783,2.5800958489987824,-0.007735899999999907,0.04412395577980864,0.05185985577980855
22192,0.022213999999999956,0.05432641356250628,0.032112413562506326,13.186860000000003,9.381119406952328,-3.805740593047675,10.55787,8.270785093723292,-2.287084906276707,0.05469860000000004,0.07598614679846442,0.021287546798464382
22193,0.05221399999999998,0.05432641356250628,0.002112413562506299,18.686860000000003,9.381119406952328,-9.305740593047675,13.25787,8.270785093723292,-4.987084906276708,0.014698600000000006,0.07598614679846442,0.06128754679846442
22331,0.025202000000000058,0.03243098932293991,0.007228989322939854,7.936509999999998,9.013354763943747,1.0768447639437486,10.0364,9.789041396750992,-0.24735860324900827,0.14513739999999997,0.14738762799277638,0.00225022799277641
22332,0.025202000000000058,0.03243098932293991,0.007228989322939854,7.936509999999998,9.013354763943747,1.0768447639437486,10.0364,9.789041396750992,-0.24735860324900827,0.14513739999999997,0.14738762799277638,0.00225022799277641
22333,0.025202000000000058,0.03243098932293991,0.007228989322939854,7.936509999999998,9.013354763943747,1.0768447639437486,10.0364,9.789041396750992,-0.24735860324900827,0.14513739999999997,0.14738762799277638,0.00225022799277641
22418,0.06238699999999997,0.032728105968101634,-0.029658894031898336,7.40568,9.248778208796292,1.8430982087962917,5.905150000000001,7.375856869525163,1.470706869525162,-0.008543999999999996,0.040659381602465045,0.04920338160246504
22487,-0.04631699999999994,0.03084139486782444,0.07715839486782439,5.958660000000002,9.334846728228094,3.3761867282280917,9.058400000000002,9.551916149836503,0.49351614983650016,0.23238349999999997,0.1159599523841611,-0.11642354761583887
22489,-0.08631699999999998,0.03084139486782444,0.11715839486782442,6.758659999999999,9.334846728228094,2.5761867282280946,9.658400000000002,9.551916149836503,-0.10648385016349948,0.2523835,0.1159599523841611,-0.13642354761583889
22491,-0.016316999999999915,0.03084139486782444,0.04715839486782435,7.85866,9.334846728228094,1.4761867282280932,10.258400000000002,9.551916149836503,-0.7064838501634991,0.21238350000000006,0.1159599523841611,-0.09642354761583896
22502,0.11451500000000003,0.03961151506461579,-0.07490348493538423,10.678439999999998,9.605636079046237,-1.0728039209537616,14.24813,7.796818909766282,-6.451311090233718,0.314724,0.04622937441138239,-0.2684946255886176
22505,-0.07548500000000002,0.03961151506461579,0.11509651506461582,6.228439999999999,9.605636079046237,3.3771960790462376,3.4881300000000017,7.796818909766282,4.30868890976628,-0.015275999999999956,0.04622937441138239,0.061505374411382346
22633,-0.09498000000000006,0.04648212670201857,0.14146212670201863,6.551690000000001,9.959025379237179,3.4073353792371783,1.5366199999999992,8.178766234687469,6.64214623468747,-0.06808219999999998,0.04962139171310864,0.11770359171310862
22634,-0.10098000000000007,0.04648212670201857,0.14746212670201864,7.101690000000001,9.959025379237179,2.8573353792371776,2.6866200000000013,8.178766234687469,5.492146234687468,-0.03608219999999995,0.04962139171310864,0.0857035917131086
22636,-0.07098000000000004,0.04648212670201857,0.11746212670201861,8.221690000000002,9.959025379237179,1.7373353792371766,6.39662,8.178766234687469,1.7821462346874686,0.06991780000000003,0.04962139171310864,-0.020296408286891388
22679,0.06407600000000002,0.04742585412999464,-0.01665014587000538,6.877839999999999,10.211848885935055,3.334008885935056,12.735679999999999,9.862289001127111,-2.873390998872887,0.07218659999999999,0.10069757138215102,0.02851097138215103
22680,-0.00592400000000004,0.04742585412999464,0.053349854129994684,6.277839999999998,10.211848885935055,3.9340088859350573,6.93568,9.862289001127111,2.9266090011271118,0.07218659999999999,0.10069757138215102,0.02851097138215103
22681,-0.03592400000000007,0.04742585412999464,0.08334985412999471,3.477839999999997,10.211848885935055,6.734008885935058,5.535679999999999,9.862289001127111,4.326609001127112,0.032186600000000065,0.10069757138215102,0.06851097138215095
23025,0.21315899999999988,0.04569484307317015,-0.16746415692682973,12.027910000000002,10.269663462847145,-1.758246537152857,18.850099999999998,10.957283174570891,-7.892816825429106,0.44534360000000006,0.13806375059188428,-0.3072798494081158
23026,0.19315899999999997,0.04569484307317015,-0.14746415692682982,12.907910000000005,10.269663462847145,-2.6382465371528596,18.8701,10.957283174570891,-7.912816825429109,0.42534360000000004,0.13806375059188428,-0.2872798494081158
23058,-0.02761300000000011,0.032594922401045515,0.060207922401045624,7.915680000000002,9.25170003738356,1.336020037383559,4.405149999999999,7.381493509439932,2.976343509439933,-0.04854400000000003,0.04085901878030199,0.08940301878030202
23104,-0.05910499999999996,0.034050013741035036,0.09315501374103499,3.57723,8.97216773203921,5.39493773203921,3.5110600000000005,9.428596573058078,5.917536573058078,0.07304710000000003,0.1350260686171152,0.06197896861711516
23105,-0.05910499999999996,0.034050013741035036,0.09315501374103499,4.027229999999999,8.97216773203921,4.944937732039211,2.87106,9.428596573058078,6.557536573058078,0.033047099999999996,0.1350260686171152,0.1019789686171152
23106,-0.05910499999999996,0.034050013741035036,0.09315501374103499,4.027229999999999,8.97216773203921,4.944937732039211,2.87106,9.428596573058078,6.557536573058078,0.033047099999999996,0.1350260686171152,0.1019789686171152
23107,-0.019104999999999928,0.034050013741035036,0.053155013741034964,3.3372300000000017,8.97216773203921,5.634937732039209,3.7510600000000025,9.428596573058078,5.677536573058076,0.06304710000000002,0.1350260686171152,0.07197896861711517
23108,-0.019104999999999928,0.034050013741035036,0.053155013741034964,3.3372300000000017,8.97216773203921,5.634937732039209,3.7510600000000025,9.428596573058078,5.677536573058076,0.06304710000000002,0.1350260686171152,0.07197896861711517
23109,-0.019104999999999928,0.034050013741035036,0.053155013741034964,3.497230000000002,8.97216773203921,5.4749377320392085,4.831060000000001,9.428596573058078,4.597536573058077,0.10304709999999995,0.1350260686171152,0.031978968617115244
23139,0.1023869999999999,0.032552303659587556,-0.06983469634041234,8.485680000000002,9.252635022531488,0.7669550225314854,8.59515,7.383297234212658,-1.2118527657873424,0.061455999999999955,0.0409229026772098,-0.020533097322790156
23302,-0.09956500000000013,0.033886535280762735,0.13345153528076287,7.203769999999999,8.933241954218815,1.7294719542188162,4.556880000000001,7.246085923485861,2.6892059234858596,0.051134800000000036,0.06076084853178744,0.009626048531787404
23303,0.014434999999999976,0.033886535280762735,0.01945153528076276,9.373769999999999,8.933241954218815,-0.44052804578118376,8.486880000000001,7.246085923485861,-1.24079407651414,0.12113479999999999,0.06076084853178744,-0.06037395146821255
23304,0.23743499999999995,0.033886535280762735,-0.2035484647192372,11.42377,8.933241954218815,-2.4905280457811845,11.326880000000001,7.246085923485861,-4.08079407651414,0.10213479999999997,0.06076084853178744,-0.04137395146821253
23305,0.26143499999999986,0.033886535280762735,-0.22754846471923712,13.00377,8.933241954218815,-4.0705280457811845,13.37688,7.246085923485861,-6.130794076514139,0.21513479999999996,0.06076084853178744,-0.15437395146821253
23307,0.1347520000000001,0.03140861778833164,-0.10334338221166844,23.536230000000003,9.025864395712237,-14.510365604287767,20.24323,9.32144368082095,-10.92178631917905,0.20431639999999995,0.13153439538374806,-0.0727820046162519
23338,0.05221500000000012,0.0382626161152394,-0.013952383884760722,7.138349999999999,9.630229604840252,2.4918796048402534,6.1072500000000005,7.801165688487396,1.6939156884873956,0.0122641,0.04532177884683013,0.03305767884683013
23340,0.25337699999999996,0.03714678273562826,-0.2162302172643717,7.034000000000001,7.904320954567864,0.8703209545678634,9.8681,6.451960940445677,-3.4161390595543235,0.2667578,0.08983086240489634,-0.17692693759510364
23341,0.1883769999999999,0.03714678273562826,-0.15123021726437164,4.033999999999999,7.904320954567864,3.870320954567865,7.568099999999999,6.451960940445677,-1.1161390595543228,0.17675779999999996,0.08983086240489634,-0.08692693759510363
23342,0.19437700000000002,0.03714678273562826,-0.15723021726437175,3.1340000000000003,7.904320954567864,4.770320954567864,6.9681,6.451960940445677,-0.5161390595543232,0.16375779999999995,0.08983086240489634,-0.07392693759510362
23343,0.24037699999999995,0.03714678273562826,-0.20323021726437168,2.8339999999999996,7.904320954567864,5.0703209545678645,7.6681,6.451960940445677,-1.2161390595543233,0.19875779999999998,0.08983086240489634,-0.10892693759510365
23355,0.405377,0.03714678273562826,-0.3682302172643717,13.334,7.904320954567864,-5.4296790454321355,13.168099999999999,6.451960940445677,-6.716139059554322,0.3437578,0.08983086240489634,-0.25392693759510365
23356,0.12537699999999996,0.03714678273562826,-0.08823021726437169,7.934000000000001,7.904320954567864,-0.029679045432136952,10.9681,6.451960940445677,-4.516139059554323,0.3387578,0.08983086240489634,-0.24892693759510365
23357,0.1853769999999999,0.03714678273562826,-0.14823021726437163,5.634,7.904320954567864,2.2703209545678638,10.0681,6.451960940445677,-3.616139059554323,0.3087578,0.08983086240489634,-0.21892693759510368
23359,0.285377,0.03714678273562826,-0.24823021726437172,10.134,7.904320954567864,-2.2296790454321362,11.9681,6.451960940445677,-5.516139059554323,0.3387578,0.08983086240489634,-0.24892693759510365
23526,0.12715700000000008,0.040302878834225495,-0.08685412116577458,7.41647,9.122041868912303,1.705571868912303,10.21476,10.104781722076199,-0.10997827792380122,0.16309320000000005,0.1411605827176062,-0.021932617282393846
23646,0.2995052,0.03902507461737716,-0.2604801253826229,9.35202,8.96656254100848,-0.3854574589915192,8.989729999999998,9.361477762197259,0.3717477621972609,0.06508250000000004,0.13999945237243133,0.07491695237243129
23647,0.2895052,0.03902507461737716,-0.2504801253826229,8.90202,8.96656254100848,0.06454254100848011,8.369729999999999,9.361477762197259,0.9917477621972601,0.055082500000000034,0.13999945237243133,0.0849169523724313
23679,0.054643,0.03497572558354786,-0.019667274416452135,4.84188,9.129703091130072,4.287823091130072,10.898890000000002,9.894877979982684,-1.004012020017317,0.2975966,0.1267802698186153,-0.1708163301813847
23680,0.0025079999999999547,0.03710752189420222,0.03459952189420226,4.282170000000004,8.632590326898924,4.35042032689892,4.037049999999999,6.661235217320783,2.6241852173207842,0.005777199999999927,0.033644858211668585,0.02786765821166866
23681,0.035414999999999974,0.04213415389501547,0.006719153895015498,5.395870000000002,8.862127149037967,3.466257149037965,2.4469600000000007,3.8994000143479846,1.4524400143479839,-0.045522300000000016,-0.07767664330927102,-0.032154343309271
23682,0.03423899999999991,0.04543804388492359,0.011199043884923682,2.141490000000001,8.738630560380072,6.597140560380071,-0.847900000000001,1.1322563379012016,1.9801563379012026,-0.09972800000000004,-0.17204137244521855,-0.07231337244521852
23685,0.11048000000000002,0.027514048170022842,-0.08296595182997718,13.32834,10.220162442682089,-3.1081775573179122,5.893020000000002,4.624829814546127,-1.268190185453875,-0.06188970000000005,-0.057635535702012713,0.004254164297987334
24010,-0.10612900000000014,0.026848991178718674,0.1329779911787188,5.761879999999998,9.306522336678462,3.5446423366784643,0.8259000000000007,6.402574943150048,5.5766749431500475,-0.07200939999999989,0.031415725787585475,0.10342512578758536
24011,-0.08095200000000013,0.026993046918863492,0.10794504691886363,9.71708,9.498210836712511,-0.21886916328748818,5.0513200000000005,7.77770963976147,2.7263896397614698,-0.027748099999999942,0.054145707474259425,0.08189380747425937
24012,-0.08095200000000013,0.026993046918863492,0.10794504691886363,9.22708,9.498210836712511,0.27113083671251026,3.9613200000000006,7.77770963976147,3.8163896397614696,-0.05574809999999997,0.054145707474259425,0.10989380747425939
24013,-0.06095200000000012,0.026993046918863492,0.08794504691886361,9.05708,9.498210836712511,0.44113083671251196,4.441320000000001,7.77770963976147,3.336389639761469,-0.04474809999999996,0.054145707474259425,0.09889380747425938
24126,0.07238699999999998,0.032594922401045515,-0.039792077598954465,8.38568,9.25170003738356,0.86602003738356,7.70515,7.381493509439932,-0.32365649056006784,0.04145599999999994,0.04085901878030199,-0.0005969812196979507
24127,0.022386999999999935,0.032594922401045515,0.01020792240104558,7.4756800000000005,9.25170003738356,1.7760200373835602,8.40515,7.381493509439932,-1.023656490560069,0.1314559999999999,0.04085901878030199,-0.09059698121969792
24128,0.0063869999999999205,0.032594922401045515,0.026207922401045594,6.665680000000002,9.25170003738356,2.586020037383559,6.60515,7.381493509439932,0.7763435094399318,0.08145599999999997,0.04085901878030199,-0.040596981219697986
24129,0.002386999999999917,0.032594922401045515,0.030207922401045598,6.265680000000003,9.25170003738356,2.9860200373835575,5.50515,7.381493509439932,1.8763435094399314,0.04145599999999994,0.04085901878030199,-0.0005969812196979507
24209,-0.07623600000000019,0.04571482837054145,0.12195082837054164,11.673869999999997,10.047738989190215,-1.6261310108097824,8.162320000000001,10.945792215450844,2.7834722154508427,0.03040010000000004,0.13064799496671134,0.1002478949667113
24285,0.05906000000000011,0.045835742046465816,-0.013224257953534296,8.22617,10.805295168336627,2.5791251683366276,10.707510000000001,11.2158726607874,0.5083626607873999,0.13264829999999994,0.11752649833792513,-0.015121801662074816
24368,0.03420500000000004,0.024189171177301245,-0.010015828822698795,1.1225800000000028,8.104203796383626,6.981623796383623,3.5851100000000002,7.9458807849832125,4.360770784983212,0.11778159999999993,0.13572823921558935,0.01794663921558942
24369,0.021560000000000024,0.048177431651619584,0.02661743165161956,9.41901,9.228966243781164,-0.19004375621883618,6.7472400000000015,7.590203365571652,0.8429633655716504,-0.011720999999999981,0.06969591569926069,0.08141691569926067
24370,-0.06844000000000006,0.048177431651619584,0.11661743165161964,10.609010000000001,9.228966243781164,-1.3800437562188375,8.86724,7.590203365571652,-1.2770366344283488,0.06827899999999998,0.06969591569926069,0.0014169156992607096
24371,-0.06844000000000006,0.048177431651619584,0.11661743165161964,10.609010000000001,9.228966243781164,-1.3800437562188375,5.417240000000001,7.590203365571652,2.1729633655716505,-0.04172100000000001,0.06969591569926069,0.1114169156992607
24372,-0.09844000000000008,0.048177431651619584,0.14661743165161967,8.70901,9.228966243781164,0.5199562437811647,3.517240000000001,7.590203365571652,4.072963365571651,-0.061721000000000026,0.06969591569926069,0.13141691569926073
24388,0.2219899999999999,0.04566169620116286,-0.17632830379883704,13.32159,9.970775400662452,-3.350814599337548,13.585080000000001,8.147561548642866,-5.4375184513571355,0.14348359999999993,0.04718925560147835,-0.09629434439852158
24389,0.15112800000000004,0.04607861439889069,-0.10504938560110935,11.10161,10.790047428526066,-0.3115625714739352,13.13899,10.694726865667054,-2.444263134332946,0.15830339999999998,0.09977671253944607,-0.05852668746055391
24390,0.13112800000000002,0.04607861439889069,-0.08504938560110933,8.30161,10.790047428526066,2.4884374285260655,11.03899,10.694726865667054,-0.3442631343329463,0.12830339999999996,0.09977671253944607,-0.02852668746055388
24391,0.24346899999999994,0.047279487080364814,-0.19618951291963513,12.975609999999996,10.140381493515779,-2.835228506484217,8.44803,3.7809774855236213,-4.667052514476378,-0.03491660000000002,-0.12609419774209976,-0.09117759774209974
24465,-0.05436799999999997,0.039992371906613006,0.09436037190661298,8.184450000000002,10.017614218855853,1.8331642188558508,10.25235,10.703968415356275,0.45161841535627545,0.19939050000000003,0.13689272578041053,-0.06249777421958949
24582,-0.057613000000000136,0.032728105968101634,0.09034110596810177,7.33568,9.248778208796292,1.913098208796292,3.3851499999999994,7.375856869525163,3.9907068695251633,-0.040544000000000024,0.040659381602465045,0.08120338160246507
24588,-0.057613000000000136,0.032728105968101634,0.09034110596810177,7.33568,9.248778208796292,1.913098208796292,3.3851499999999994,7.375856869525163,3.9907068695251633,-0.040544000000000024,0.040659381602465045,0.08120338160246507
24704,-0.0176130000000001,0.032961177210449846,0.05057417721044995,6.605680000000003,9.243665008768572,2.6379850087685686,3.405149999999999,7.3659927496743185,3.9608427496743195,-0.03854400000000002,0.040310016541250465,0.07885401654125049
24705,-0.02761300000000011,0.032961177210449846,0.060574177210449956,7.205680000000001,9.243665008768572,2.0379850087685707,3.2051499999999997,7.3659927496743185,4.160842749674319,-0.06854400000000005,0.040310016541250465,0.10885401654125051
24706,-0.04761300000000013,0.032961177210449846,0.08057417721044997,7.605680000000003,9.243665008768572,1.6379850087685686,2.905149999999999,7.3659927496743185,4.4608427496743195,-0.07854400000000006,0.040310016541250465,0.11885401654125052
24707,-0.03761300000000012,0.032961177210449846,0.07057417721044996,7.505680000000002,9.243665008768572,1.73798500876857,4.305150000000001,7.3659927496743185,3.0608427496743174,-0.018544000000000005,0.040310016541250465,0.05885401654125047
24709,-0.04761300000000013,0.032961177210449846,0.08057417721044997,6.205680000000001,9.243665008768572,3.0379850087685707,2.805150000000001,7.3659927496743185,4.560842749674317,-0.028544000000000014,0.040310016541250465,0.06885401654125048
24710,-0.057613000000000136,0.032961177210449846,0.09057417721044998,6.105680000000003,9.243665008768572,3.1379850087685686,2.605150000000002,7.3659927496743185,4.760842749674317,-0.03854400000000002,0.040310016541250465,0.07885401654125049
24713,-0.02761300000000011,0.032961177210449846,0.060574177210449956,6.505680000000002,9.243665008768572,2.73798500876857,2.805150000000001,7.3659927496743185,4.560842749674317,-0.05854400000000004,0.040310016541250465,0.0988540165412505
24714,-0.02761300000000011,0.032961177210449846,0.060574177210449956,6.605680000000003,9.243665008768572,2.6379850087685686,2.605150000000002,7.3659927496743185,4.760842749674317,-0.06854400000000005,0.040310016541250465,0.10885401654125051
24717,-0.057613000000000136,0.032961177210449846,0.09057417721044998,6.205680000000001,9.243665008768572,3.0379850087685707,1.8051500000000011,7.3659927496743185,5.560842749674317,-0.06854400000000005,0.040310016541250465,0.10885401654125051
24969,-0.03778499999999996,0.03906171751757613,0.07684671751757609,8.588349999999998,9.61269863331664,1.0243486333166416,6.917250000000001,7.767345848998783,0.850095848998782,0.062264100000000044,0.04412395577980864,-0.018140144220191404
24986,0.0018689999999998985,0.04894101104398844,0.04707201104398854,12.554590000000005,9.29160920728055,-3.262980792719455,16.652449999999998,7.940665545000262,-8.711784454999737,-0.04840769999999994,0.06960062557397909,0.11800832557397903
24988,0.0018689999999998985,0.04894101104398844,0.04707201104398854,17.154590000000006,9.29160920728055,-7.862980792719457,16.652449999999998,7.940665545000262,-8.711784454999737,-0.2384077,0.06960062557397909,0.30800832557397906
24990,0.06186899999999995,0.04894101104398844,-0.012927988956011514,16.954590000000003,9.29160920728055,-7.662980792719454,16.652449999999998,7.940665545000262,-8.711784454999737,-0.17840769999999995,0.06960062557397909,0.24800832557397903
25161,0.12238699999999991,0.03282000262937036,-0.08956699737062955,8.90568,9.246762147071077,0.3410821470710772,9.50515,7.371967587983973,-2.133182412016027,0.10145599999999999,0.04052163194975758,-0.06093436805024241
25162,0.12238699999999991,0.03282000262937036,-0.08956699737062955,8.705680000000001,9.246762147071077,0.5410821470710765,8.50515,7.371967587983973,-1.1331824120160272,0.051455999999999946,0.04052163194975758,-0.010934368050242366
25230,0.1285139999999999,0.030341119119249194,-0.09817288088075071,8.763110000000001,9.343657004062882,0.5805470040628808,10.682830000000001,9.666309173465201,-1.0165208265347996,0.13898579999999994,0.11874765364336981,-0.020238146356630127
25232,0.14851399999999992,0.030341119119249194,-0.11817288088075073,10.083110000000001,9.343657004062882,-0.7394529959371194,11.552830000000002,9.666309173465201,-1.8865208265348006,0.15898579999999995,0.11874765364336981,-0.040238146356630144
25234,0.21851399999999988,0.030341119119249194,-0.18817288088075068,6.833110000000001,9.343657004062882,2.5105470040628806,12.242830000000001,9.666309173465201,-2.5765208265348,0.2089858,0.11874765364336981,-0.09023814635663019
25291,0.08121500000000015,0.03906171751757613,-0.04215328248242402,7.538349999999998,9.61269863331664,2.0743486333166423,7.807250000000002,7.767345848998783,-0.03990415100121858,0.06426410000000005,0.04412395577980864,-0.020140144220191405
25300,-0.02778499999999995,0.03997535678758113,0.06776035678758108,5.338349999999998,9.592654889207978,4.25430488920798,3.1072500000000005,7.728678499183469,4.621428499183469,-0.007735899999999907,0.04275444473984738,0.05049034473984729
25301,0.002215000000000078,0.03997535678758113,0.03776035678758105,4.93835,9.592654889207978,4.654304889207978,3.6072500000000005,7.728678499183469,4.121428499183469,0.002264100000000102,0.04275444473984738,0.04049034473984728
25340,-0.03940300000000008,0.03245066452288534,0.07185366452288541,7.961499999999997,9.910956032667343,1.9494560326673458,2.869440000000001,7.248191657685538,4.378751657685537,-0.08285969999999998,0.02610778015850425,0.10896748015850423
25341,-0.04665800000000009,0.03630451398674072,0.08296251398674082,7.937749999999998,9.738853616702787,1.8011036167027896,2.4916199999999975,7.541630258484667,5.05001025848467,-0.08980929999999998,0.03628865926905707,0.12609795926905704
25342,-0.05906300000000009,0.04208528818252378,0.10114828818252386,2.6450500000000012,9.480699992755955,6.835649992755954,-0.26829000000000036,7.98178815968336,8.25007815968336,-0.047492700000000054,0.051559977934886314,0.09905267793488637
25345,-0.04665800000000009,0.03630451398674072,0.08296251398674082,8.037749999999999,9.738853616702787,1.7011036167027882,2.8916199999999996,7.541630258484667,4.650010258484667,-0.07980929999999997,0.03628865926905707,0.11609795926905704
25346,-0.04906300000000008,0.04208528818252378,0.09114828818252385,2.6450500000000012,9.480699992755955,6.835649992755954,0.03171000000000035,7.98178815968336,7.950078159683359,-0.04049270000000005,0.051559977934886314,0.09205267793488636
25673,0.012386999999999926,0.031929004565764904,0.019542004565764978,5.635680000000001,9.266309180319904,3.630629180319904,5.395150000000001,7.409676709013776,2.014526709013775,0.051455999999999946,0.04185720466948656,-0.009598795330513388
25675,0.21238699999999988,0.031929004565764904,-0.18045799543423496,6.24568,9.266309180319904,3.0206291803199043,9.26515,7.409676709013776,-1.8554732909862244,0.08145599999999997,0.04185720466948656,-0.039598795330513414
25844,0.04167900000000002,0.02643730091989291,-0.015241699080107113,7.97982,9.408676956278178,1.428856956278178,6.31747,7.527962815916132,1.2104928159161314,0.0030944000000000527,0.046099648938303525,0.04300524893830347
25845,0.04167900000000002,0.019644939000030684,-0.022034060999969338,8.11982,9.55769021422888,1.4378702142288802,6.617470000000001,7.81543145156934,1.1979614515693395,0.01309439999999995,0.0562811450079863,0.043186745007986346
26269,-0.116317,0.03454613979924052,0.15086313979924051,3.4060699999999997,9.238830627022727,5.8327606270227275,3.3550499999999985,9.666699366145941,6.311649366145943,0.10665259999999999,0.1311745732850622,0.024521973285062226
26523,-0.06761600000000012,-7.201209924782848e-05,0.06754398790075229,5.902649999999998,7.45401162918633,1.5513616291863324,5.4033999999999995,5.466323411432598,0.06292341143259872,-0.0815285,0.025033426727360975,0.10656192672736098
26524,-0.028615999999999975,-7.201209924782848e-05,0.028543987900752146,6.902649999999998,7.45401162918633,0.5513616291863324,7.4033999999999995,5.466323411432598,-1.9370765885674013,-0.05852849999999998,0.025033426727360975,0.08356192672736096
26633,0.018588999999999967,0.039541873417584666,0.0209528734175847,5.07254,9.89611175516476,4.82357175516476,5.478440000000001,10.266225082483862,4.787785082483861,0.05888559999999998,0.12439369855951822,0.06550809855951824
26690,0.05171700000000001,0.05222171981463275,0.000504719814632737,12.760720000000001,10.329728716584444,-2.4309912834155565,11.1389,8.529468240261378,-2.609431759738621,0.10500520000000002,0.05031444657649918,-0.05469075342350084
26691,0.011716999999999977,0.05222171981463275,0.04050471981463277,9.460720000000002,10.329728716584444,0.8690087165844425,7.1389,8.529468240261378,1.3905682402613788,0.01500519999999994,0.05031444657649918,0.03530924657649924
26950,0.053247000000000044,0.040674590242415765,-0.01257240975758428,9.938460000000003,9.58356373179712,-0.3548962682028822,8.566270000000001,7.765012527550513,-0.8012574724494881,0.043883899999999976,0.04536825068330927,0.0014843506833092934
26951,0.053247000000000044,0.040674590242415765,-0.01257240975758428,8.23846,9.58356373179712,1.3451037317971206,6.906270000000001,7.765012527550513,0.8587425275505121,0.01688389999999995,0.04536825068330927,0.028484350683309317
27118,0.05795400000000006,0.027408049975216064,-0.030545950024783997,12.4236,10.118424810741185,-2.305175189258815,11.40202,8.724781593718442,-2.6772384062815586,0.08247870000000002,0.0763390924753945,-0.006139607524605517
27119,0.040954000000000046,0.027408049975216064,-0.013545950024783981,10.823599999999999,10.118424810741185,-0.7051751892588136,9.90202,8.724781593718442,-1.1772384062815586,0.0644787,0.0763390924753945,0.011860392475394499
27123,0.03595400000000004,0.027408049975216064,-0.008545950024783977,12.823599999999999,10.118424810741185,-2.7051751892588136,11.60202,8.724781593718442,-2.877238406281558,0.08747870000000002,0.0763390924753945,-0.011139607524605522
27124,0.250954,0.027408049975216064,-0.22354595002478395,17.0236,10.118424810741185,-6.905175189258813,18.202019999999997,8.724781593718442,-9.477238406281556,0.29947870000000004,0.0763390924753945,-0.22313960752460554
27125,0.18795400000000007,0.027408049975216064,-0.160545950024784,17.5236,10.118424810741185,-7.405175189258813,16.90202,8.724781593718442,-8.177238406281559,0.1994787,0.0763390924753945,-0.12313960752460551
27126,0.15595400000000004,0.027408049975216064,-0.12854595002478397,13.823599999999999,10.118424810741185,-3.7051751892588136,14.00202,8.724781593718442,-5.277238406281558,0.12747870000000006,0.0763390924753945,-0.05113960752460556
27416,-0.05053750000000001,0.028184706050841585,0.0787222060508416,9.217019999999998,7.836307490408018,-1.38071250959198,9.115,8.711315872329639,-0.40368412767036155,0.19051200000000001,0.16547615345597122,-0.025035846544028795
27419,-0.06053750000000002,0.028184706050841585,0.0887222060508416,12.49702,7.836307490408018,-4.660712509591981,11.614999999999998,8.711315872329639,-2.9036841276703598,0.25051199999999996,0.16547615345597122,-0.08503584654402874
27464,-0.01746599999999998,0.04849554305825979,0.06596154305825977,10.74615,10.160040184390798,-0.586109815609202,14.488349999999999,8.357397638166598,-6.130952361833401,-0.029183799999999982,0.049420635634742444,0.07860443563474243
27595,0.1371920000000001,0.04551974136521307,-0.09167225863478702,10.53248,8.898148363194805,-1.6343316368051948,13.36488,10.454670053330805,-2.9102099466691946,0.13369889999999995,0.15328777007228644,0.01958887007228649
27597,-0.0008079999999999199,0.04551974136521307,0.04632774136521299,10.33248,8.898148363194805,-1.4343316368051955,10.16488,10.454670053330805,0.28979005333080465,0.09369890000000003,0.15328777007228644,0.059588870072286415
27603,-0.03860299999999994,0.03813870140490413,0.07674170140490408,9.542840000000002,9.690792215895426,0.1479522158954243,10.793209999999998,10.273655897279337,-0.5195541027206616,0.07798479999999997,0.1323090031370792,0.054324203137079224
27634,0.1023869999999999,0.032594922401045515,-0.06979207759895438,9.805680000000002,9.25170003738356,-0.5539799626164417,10.43515,7.381493509439932,-3.0536564905600683,0.12145600000000001,0.04085901878030199,-0.08059698121969802
27743,0.011622000000000021,0.02661047109989742,0.014988471099897399,11.533819999999999,8.62059244583754,-2.913227554162459,9.198,8.726062034628134,-0.4719379653718665,0.04237089999999999,0.1196226105955481,0.07725171059554811
27852,0.0040959999999998775,0.0339984091054873,0.029902409105487422,12.546420000000001,10.667477537977444,-1.8789424620225574,11.007249999999999,10.32748848040718,-0.6797615195928195,0.03168329999999997,0.09666499014060302,0.06498169014060305
27853,0.1410959999999999,0.0339984091054873,-0.1070975908945126,17.236420000000003,10.667477537977444,-6.568942462022559,19.60725,10.32748848040718,-9.279761519592821,0.24968329999999994,0.09666499014060302,-0.1530183098593969
27854,0.04809599999999992,0.0339984091054873,-0.014097590894512617,14.876420000000003,10.667477537977444,-4.208942462022559,17.06725,10.32748848040718,-6.739761519592822,0.22668329999999992,0.09666499014060302,-0.13001830985939689
27855,0.03709599999999991,0.0339984091054873,-0.003097590894512607,14.986420000000003,10.667477537977444,-4.318942462022559,13.78725,10.32748848040718,-3.4597615195928206,0.0636833,0.09666499014060302,0.03298169014060302
27856,0.3960959999999999,0.0339984091054873,-0.3620975908945126,26.06642,10.667477537977444,-15.398942462022557,25.76725,10.32748848040718,-15.439761519592821,0.40668329999999997,0.09666499014060302,-0.31001830985939693
27859,0.0280959999999999,0.0339984091054873,0.005902409105487401,13.296420000000001,10.667477537977444,-2.6289424620225574,12.46725,10.32748848040718,-2.1397615195928203,0.0636833,0.09666499014060302,0.03298169014060302
27972,0.111819,0.037828287961707764,-0.07399071203829224,8.658890000000003,9.76547541406746,1.1065854140674567,7.493590000000001,7.984433028064547,0.49084302806454616,-0.015581199999999962,0.049212425635395296,0.06479362563539526
27973,0.16181900000000005,0.037828287961707764,-0.12399071203829229,8.258890000000005,9.76547541406746,1.5065854140674553,9.69359,7.984433028064547,-1.7091569719354531,0.09041880000000002,0.049212425635395296,-0.041206374364604725
27974,0.20181900000000008,0.037828287961707764,-0.16399071203829232,8.558890000000005,9.76547541406746,1.2065854140674546,10.09359,7.984433028064547,-2.1091569719354535,0.07641880000000001,0.049212425635395296,-0.027206374364604713
27975,0.251819,0.037828287961707764,-0.21399071203829226,8.658890000000003,9.76547541406746,1.1065854140674567,12.39359,7.984433028064547,-4.409156971935452,0.17541879999999999,0.049212425635395296,-0.1262063743646047
27976,0.15181900000000004,0.037828287961707764,-0.11399071203829228,6.358890000000002,9.76547541406746,3.4065854140674574,9.493590000000001,7.984433028064547,-1.5091569719354538,0.13941879999999995,0.049212425635395296,-0.09020637436460466
28007,0.07526500000000003,0.039813175163855484,-0.03545182483614454,16.374029999999998,9.642720419700888,-6.73130958029911,16.71821,9.618940402492894,-7.099269597507105,0.1947512,0.10992962485356222,-0.08482157514643779
28169,-0.028890000000000082,0.03472365952353591,0.063613659523536,9.697580000000002,8.439081820576966,-1.2584981794230359,5.782359999999999,6.766485426700952,0.9841254267009534,-0.02685650000000006,0.06483372371900199,0.09169022371900205
28170,-0.05335040000000002,0.03038560152949568,0.0837360015294957,8.755619999999999,7.2654650078372915,-1.490154992162707,6.8767499999999995,5.765625004403121,-1.111124995596878,0.0871132,0.08554349165819536,-0.0015697083418046431
28172,-0.036420100000000066,0.03147011602800574,0.06789021602800581,2.4810499999999998,7.55886921102221,5.07781921102221,3.4665,6.015840109977579,2.549340109977579,0.12689820000000007,0.08036604967339701,-0.04653215032660306
28252,-0.04693000000000014,0.02697243401789775,0.0739024340178979,4.508210000000002,10.324749326781344,5.816539326781342,3.362689999999997,10.376816943376173,7.014126943376176,0.03192879999999987,0.10767552432562692,0.07574672432562705
28253,-0.09692999999999996,0.02697243401789775,0.12390243401789772,3.1882100000000015,10.324749326781344,7.136539326781342,0.5226899999999972,10.376816943376173,9.854126943376176,-0.019071200000000066,0.10767552432562692,0.126746724325627
28255,-0.02693000000000012,0.02697243401789775,0.05390243401789787,4.778210000000001,10.324749326781344,5.5465393267813425,5.202689999999999,10.376816943376173,5.174126943376175,0.08392879999999991,0.10767552432562692,0.02374672432562701
28256,-0.08693000000000017,0.02697243401789775,0.11390243401789793,3.6182100000000013,10.324749326781344,6.706539326781343,1.1726899999999993,10.376816943376173,9.204126943376174,-0.005071199999999942,0.10767552432562692,0.11274672432562687
28258,-0.06693000000000016,0.02697243401789775,0.09390243401789791,4.218210000000003,10.324749326781344,6.106539326781341,3.072689999999998,10.376816943376173,7.3041269433761755,0.037928799999999985,0.10767552432562692,0.06974672432562694
28259,-0.07993000000000006,0.02697243401789775,0.10690243401789781,4.008210000000002,10.324749326781344,6.316539326781342,2.482689999999998,10.376816943376173,7.894126943376175,0.028928799999999977,0.10767552432562692,0.07874672432562695
28260,-0.09193000000000007,0.02697243401789775,0.11890243401789782,3.7182100000000027,10.324749326781344,6.606539326781341,1.6426899999999982,10.376816943376173,8.734126943376175,0.013928799999999963,0.10767552432562692,0.09374672432562696
28261,-0.10892999999999997,0.02697243401789775,0.13590243401789773,3.6182100000000013,10.324749326781344,6.706539326781343,1.3326899999999995,10.376816943376173,9.044126943376174,0.016928799999999855,0.10767552432562692,0.09074672432562707
28262,-0.09193000000000007,0.02697243401789775,0.11890243401789782,4.5582100000000025,10.324749326781344,5.766539326781341,3.47269,10.376816943376173,6.904126943376173,0.05892879999999989,0.10767552432562692,0.04874672432562703
28263,-0.09193000000000007,0.02697243401789775,0.11890243401789782,3.7182100000000027,10.324749326781344,6.606539326781341,1.8926899999999982,10.376816943376173,8.484126943376175,0.023928799999999972,0.10767552432562692,0.08374672432562695
28266,-0.10492999999999997,0.02697243401789775,0.13190243401789772,3.5382099999999994,10.324749326781344,6.7865393267813445,1.5326899999999988,10.376816943376173,8.844126943376175,0.023928799999999972,0.10767552432562692,0.08374672432562695
28267,-0.07693000000000016,0.01868308880432471,0.09561308880432487,1.918210000000002,10.506603938052947,8.588393938052945,0.6226899999999986,10.727641411671382,10.104951411671383,0.02092879999999997,0.12010094227419661,0.09917214227419664
28328,-0.07443330000000004,0.025774751373376037,0.10020805137337607,9.54541,8.254348099321694,-1.2910619006783062,7.7227000000000015,8.749139927241368,1.0264399272413662,0.0760615,0.13891170050325202,0.06285020050325202
28366,0.05219799999999997,0.029403784839070107,-0.02279421516092986,12.465019999999999,8.953553999323464,-3.511466000676535,14.2075,8.606026669942295,-5.601473330057704,0.2562481,0.09975567078127075,-0.15649242921872925
28371,-0.007802000000000087,0.029403784839070107,0.037205784839070194,7.665019999999998,8.953553999323464,1.288533999323466,6.307499999999997,8.606026669942295,2.298526669942298,0.026248099999999996,0.09975567078127075,0.07350757078127075
28407,0.328562,0.055463125417373374,-0.27309887458262666,7.387880000000003,7.34728362961413,-0.04059637038587294,13.161090000000002,11.5656087784625,-1.5954812215375007,0.2103661,0.21885492518641947,0.008488825186419469
28408,0.15856199999999998,0.055463125417373374,-0.1030988745826266,9.387880000000003,7.34728362961413,-2.040596370385873,11.161090000000002,11.5656087784625,0.4045187784624993,0.11036610000000002,0.21885492518641947,0.10848882518641945
28409,0.15856199999999998,0.055463125417373374,-0.1030988745826266,4.587880000000002,7.34728362961413,2.7594036296141278,8.36109,11.5656087784625,3.2045187784625,0.10036610000000001,0.21885492518641947,0.11848882518641946
28430,0.386035,0.033065330705445733,-0.3529696692945543,24.1057,9.242629827347788,-14.863070172652211,19.7985,7.374770174844885,-12.423729825155116,0.43620519999999996,0.04088628049360314,-0.3953189195063968
28432,-0.04996500000000004,0.033065330705445733,0.08303033070544577,25.105700000000002,9.242629827347788,-15.863070172652215,19.198500000000003,7.374770174844885,-11.823729825155118,0.19620519999999997,0.04088628049360314,-0.1553189195063968
28464,-0.07778499999999999,0.03906171751757613,0.11684671751757612,7.708349999999999,9.61269863331664,1.9043486333166406,3.297250000000002,7.767345848998783,4.470095848998781,-0.04773589999999994,0.04412395577980864,0.09185985577980858
28465,-0.1177849999999998,0.03906171751757613,0.15684671751757595,6.668349999999997,9.61269863331664,2.9443486333166433,2.1572500000000012,7.767345848998783,5.610095848998782,-0.027735899999999925,0.04412395577980864,0.07185985577980857
28466,0.06221500000000013,0.03906171751757613,-0.023153282482424,7.50835,9.61269863331664,2.10434863331664,5.297250000000002,7.767345848998783,2.470095848998781,-0.04773589999999994,0.04412395577980864,0.09185985577980858
28467,0.12221500000000007,0.03906171751757613,-0.08315328248242394,11.398349999999997,9.61269863331664,-1.785651366683357,9.127250000000002,7.767345848998783,-1.3599041510012189,-0.027735899999999925,0.04412395577980864,0.07185985577980857
28480,-0.02761300000000011,0.032728105968101634,0.060341105968101744,11.215680000000003,9.248778208796292,-1.9669017912037106,8.78515,7.375856869525163,-1.409293130474837,0.061455999999999955,0.040659381602465045,-0.02079661839753491
28483,-0.02761300000000011,0.032728105968101634,0.060341105968101744,12.38568,9.248778208796292,-3.1369017912037087,9.57515,7.375856869525163,-2.199293130474838,0.061455999999999955,0.040659381602465045,-0.02079661839753491
28484,-0.02761300000000011,0.032728105968101634,0.060341105968101744,12.705680000000001,9.248778208796292,-3.456901791203709,10.25515,7.375856869525163,-2.8792931304748377,0.09145599999999998,0.040659381602465045,-0.05079661839753494
28485,-0.0176130000000001,0.032728105968101634,0.050341105968101735,12.99568,9.248778208796292,-3.746901791203708,10.645150000000001,7.375856869525163,-3.2692931304748383,0.10145599999999999,0.040659381602465045,-0.060796618397534946
28486,-0.03761300000000012,0.032728105968101634,0.07034110596810175,12.445680000000003,9.248778208796292,-3.196901791203711,10.69515,7.375856869525163,-3.319293130474837,0.1314559999999999,0.040659381602465045,-0.09079661839753486
28487,-0.03761300000000012,0.032728105968101634,0.07034110596810175,12.705680000000001,9.248778208796292,-3.456901791203709,11.135150000000001,7.375856869525163,-3.7592931304748385,0.15145599999999992,0.040659381602465045,-0.11079661839753488
28488,-0.02761300000000011,0.032728105968101634,0.060341105968101744,11.985680000000002,9.248778208796292,-2.73690179120371,10.59515,7.375856869525163,-3.2192931304748376,0.14145599999999992,0.040659381602465045,-0.10079661839753487
28489,-0.02761300000000011,0.032728105968101634,0.060341105968101744,12.47568,9.248778208796292,-3.2269017912037086,10.76515,7.375856869525163,-3.3892931304748375,0.1314559999999999,0.040659381602465045,-0.09079661839753486
28491,-0.007613000000000092,0.032728105968101634,0.040341105968101726,13.835680000000002,9.248778208796292,-4.58690179120371,11.555150000000001,7.375856869525163,-4.179293130474838,0.12145600000000001,0.040659381602465045,-0.08079661839753496
28580,0.022698000000000107,0.023401649795380758,0.0007036497953806509,6.32047,10.191941683299564,3.871471683299564,4.49981,7.153868251798611,2.6540582517986113,-0.009882699999999911,0.003375967319808937,0.013258667319808848
28619,0.06166500000000008,0.03582831995931082,-0.02583668004068926,7.000340000000005,9.4321993353501,2.4318593353500955,4.7813,7.574419679219357,2.793119679219357,-0.05467719999999998,0.04249148728005531,0.09716868728005529
28804,0.16148799999999996,0.04282784934406593,-0.11866015065593404,13.831820000000002,9.781510616934106,-4.050309383065896,11.32644,7.937725459119133,-3.3887145408808665,-0.013692199999999932,0.044957875568214276,0.05865007556821421
28812,0.09340499999999985,0.03722622307873828,-0.05617877692126157,13.18732,9.681307849237694,-3.506012150762306,16.02722,9.304647891469218,-6.722572108530782,0.39421990000000007,0.09654880529977948,-0.2976710947002206
28943,0.023422000000000054,0.033348761118373156,0.009926761118373102,11.055780000000002,9.241410930251922,-1.8143690697480803,7.925729999999998,7.415516515441921,-0.5102134845580766,-0.01492529999999992,0.04339097348085072,0.05831627348085064
29091,-0.028960399999999886,0.022344260063265384,0.05130466006326527,6.796849999999999,8.813658569378278,2.016808569378279,6.732919999999998,8.807926687813694,2.075006687813696,0.09652229999999995,0.12365647915655968,0.027134179156559732
29221,0.12604000000000004,0.032135284931044714,-0.09390471506895533,10.966709999999999,10.39523867504701,-0.5714713249529897,14.504560000000001,10.269373363802869,-4.235186636197133,0.16966769999999998,0.10870927621339492,-0.06095842378660506
29224,0.0640400000000001,0.032135284931044714,-0.03190471506895538,10.056709999999999,10.39523867504701,0.33852867504701045,11.014560000000001,10.269373363802869,-0.7451866361971327,0.07966770000000001,0.10870927621339492,0.029041576213394912
29225,0.04604000000000008,0.032135284931044714,-0.013904715068955367,9.88671,10.39523867504701,0.5085286750470086,10.904560000000002,10.269373363802869,-0.6351866361971332,0.08966770000000002,0.10870927621339492,0.019041576213394903
29226,0.03404000000000007,0.032135284931044714,-0.0019047150689553566,9.576709999999999,10.39523867504701,0.8185286750470109,9.674560000000003,10.269373363802869,0.5948133638028654,0.05966769999999999,0.10870927621339492,0.04904157621339493
29227,0.0040400000000000436,0.032135284931044714,0.02809528493104467,9.38671,10.39523867504701,1.0085286750470086,9.184560000000001,10.269373363802869,1.0848133638028674,0.0696677,0.10870927621339492,0.03904157621339492
29228,-0.016959999999999864,0.032135284931044714,0.04909528493104458,9.08671,10.39523867504701,1.3085286750470093,8.45456,10.269373363802869,1.8148133638028678,0.029667699999999964,0.10870927621339492,0.07904157621339496
29258,0.02986600000000006,0.06996944126651043,0.04010344126651037,4.273130000000002,7.891249242494679,3.618119242494677,9.69,12.145063802644316,2.4550638026443163,0.29012399999999994,0.234290672905006,-0.055833327094993945
29268,0.04238699999999995,0.033127656669270006,-0.009259343330729947,10.105680000000003,9.240012723034486,-0.8656672769655174,10.60515,7.358946949780857,-3.246203050219143,0.16145599999999993,0.0400604700689543,-0.12139552993104563
29271,0.012386999999999926,0.033127656669270006,0.02074065666927008,4.805680000000002,9.240012723034486,4.434332723034483,3.605150000000002,7.358946949780857,3.753796949780855,0.0014560000000000128,0.0400604700689543,0.03860447006895429
29446,-0.10761299999999996,0.03232855526693326,0.13994155526693322,6.005680000000002,9.257543694558098,3.2518636945580965,1.1051500000000019,7.39276678926947,6.287616789269468,-0.08154400000000006,0.041258293135975815,0.12280229313597588
29447,-0.007613000000000092,0.03232855526693326,0.039941555266933354,6.385680000000001,9.257543694558098,2.8718636945580975,2.925150000000002,7.39276678926947,4.467616789269468,-0.06354400000000004,0.041258293135975815,0.10480229313597586
29449,0.012386999999999926,0.03232855526693326,0.019941555266933336,11.945680000000003,9.257543694558098,-2.6881363054419047,10.70515,7.39276678926947,-3.3123832107305295,0.1244559999999999,0.041258293135975815,-0.08319770686402408
29561,0.04552999999999996,0.04477689922885349,-0.0007531007711464727,7.5567500000000045,9.316609231994656,1.7598592319946516,13.634519999999998,11.148175662684956,-2.4863443373150425,0.31762270000000004,0.15989622080716262,-0.15772647919283742
29562,0.03452999999999995,0.04477689922885349,0.010246899228853537,7.276750000000003,9.316609231994656,2.0398592319946527,12.734519999999998,11.148175662684956,-1.586344337315042,0.2876227,0.15989622080716262,-0.1277264791928374
29564,0.04852999999999996,0.04477689922885349,-0.0037531007711464753,8.116750000000003,9.316609231994656,1.1998592319946528,13.43452,11.148175662684956,-2.286344337315043,0.2936227,0.15989622080716262,-0.1337264791928374
29657,0.012386999999999926,0.032594922401045515,0.02020792240104559,7.90568,9.25170003738356,1.3460200373835605,4.805150000000001,7.381493509439932,2.5763435094399307,-0.04854400000000003,0.04085901878030199,0.08940301878030202
29870,-0.008323999999999998,0.038162616691271245,0.04648661669127124,11.631520000000002,7.721178235528729,-3.910341764471273,8.739959999999998,7.176783365533536,-1.563176634466462,0.031119999999999925,0.08572662399967781,0.05460662399967789
29872,0.07167600000000007,0.038162616691271245,-0.03351338330872883,13.051520000000004,7.721178235528729,-5.3303417644712745,13.899959999999998,7.176783365533536,-6.723176634466462,0.21611999999999998,0.08572662399967781,-0.13039337600032216
30368,0.209387,0.032594922401045515,-0.1767920775989545,25.395680000000002,9.25170003738356,-16.14397996261644,18.66515,7.381493509439932,-11.28365649056007,0.06345599999999996,0.04085901878030199,-0.02259698121969797
30417,-0.08461300000000005,0.03232855526693326,0.11694155526693331,10.40568,9.257543694558098,-1.148136305441902,6.60515,7.39276678926947,0.7876167892694701,0.02145599999999992,0.041258293135975815,0.019802293135975896
30418,-0.06061300000000003,0.03232855526693326,0.09294155526693329,10.40568,9.257543694558098,-1.148136305441902,9.805150000000001,7.39276678926947,-2.412383210730531,0.16145599999999993,0.041258293135975815,-0.12019770686402412
30419,-0.08461300000000005,0.03232855526693326,0.11694155526693331,10.40568,9.257543694558098,-1.148136305441902,6.60515,7.39276678926947,0.7876167892694701,0.02145599999999992,0.041258293135975815,0.019802293135975896
30420,-0.034613000000000005,0.03232855526693326,0.06694155526693327,10.605680000000003,9.257543694558098,-1.3481363054419049,8.10515,7.39276678926947,-0.7123832107305299,0.051455999999999946,0.041258293135975815,-0.01019770686402413
30456,-0.08961300000000016,0.032594922401045515,0.12220792240104568,6.685680000000001,9.25170003738356,2.5660200373835593,0.9951499999999989,7.381493509439932,6.386343509439933,-0.09454399999999996,0.04085901878030199,0.13540301878030195
30725,0.012386999999999926,0.032594922401045515,0.02020792240104559,12.017680000000002,9.25170003738356,-2.7659799626164414,9.28515,7.381493509439932,-1.903656490560068,0.04345599999999994,0.04085901878030199,-0.0025969812196979525
31082,0.14207599999999998,0.04269942726752507,-0.09937657273247491,9.5613,9.863627153492143,0.30232715349214345,9.501460000000002,8.017189155257054,-1.484270844742948,0.0569056,0.04426242660552544,-0.012643173394474558
31083,0.13207599999999997,0.04269942726752507,-0.0893765727324749,10.8613,9.863627153492143,-0.9976728465078573,10.571460000000002,8.017189155257054,-2.5542708447429483,0.08290560000000002,0.04426242660552544,-0.03864317339447458
31084,0.12207599999999996,0.04269942726752507,-0.07937657273247489,9.0613,9.863627153492143,0.8023271534921435,8.401460000000002,8.017189155257054,-0.38427084474294837,0.02290559999999997,0.04426242660552544,0.021356826605525472
31085,0.13207599999999997,0.04269942726752507,-0.0893765727324749,10.0613,9.863627153492143,-0.19767284650785655,9.801460000000002,8.017189155257054,-1.7842708447429487,0.0629056,0.04426242660552544,-0.018643173394474563
31087,0.12207599999999996,0.04269942726752507,-0.07937657273247489,8.8613,9.863627153492143,1.0023271534921427,8.001460000000002,8.017189155257054,0.015729155257051985,0.007905599999999957,0.04426242660552544,0.036356826605525486
31088,0.05148799999999998,0.04242829864289756,-0.00905970135710242,7.941820000000003,9.790276102695913,1.8484561026959092,7.41644,7.954635378863439,0.5381953788634393,0.050307800000000125,0.04555678710172502,-0.004751012898275106
31089,0.08425400000000005,0.04513958488917269,-0.03911441511082736,16.183300000000003,10.52378661065821,-5.659513389341793,12.77204,8.580173142799584,-4.1918668572004165,0.023824899999999927,0.03261318213972918,0.00878828213972925
31090,0.09248000000000012,0.04785087113544784,-0.04462912886455228,9.53737,11.257297118620505,1.7199271186205056,9.05409,9.205710906735728,0.1516209067357277,0.046650699999999934,0.01966957717773332,-0.026981122822266612
31185,-0.08148600000000017,0.029841680742788743,0.11132768074278891,2.843110000000003,9.35461386126514,6.511503861265137,3.002830000000003,9.687446573145586,6.684616573145583,0.03698579999999996,0.11949629306025825,0.08251049306025829
31186,-0.09148600000000018,0.029841680742788743,0.12132768074278892,4.563110000000002,9.35461386126514,4.791503861265138,3.2828300000000006,9.687446573145586,6.404616573145585,0.05498579999999986,0.11949629306025825,0.06451049306025838
31187,-0.08148600000000017,0.029841680742788743,0.11132768074278891,3.263110000000001,9.35461386126514,6.091503861265139,2.102830000000001,9.687446573145586,7.584616573145585,0.05098579999999997,0.11949629306025825,0.06851049306025828
31188,-0.07148600000000016,0.029841680742788743,0.1013276807427889,5.663110000000003,9.35461386126514,3.6915038612651365,4.782830000000001,9.687446573145586,4.904616573145585,0.06798579999999999,0.11949629306025825,0.05151049306025826
31323,0.132343,0.030429542378356163,-0.10191345762164383,8.12414,9.418182161881994,1.2940421618819933,10.47445,9.590633505377388,-0.8838164946226108,0.12442659999999994,0.11275981043422466,-0.011666789565775285
31324,0.11234299999999997,0.030429542378356163,-0.08191345762164381,8.114140000000003,9.418182161881994,1.3040421618819913,9.844449999999998,9.590633505377388,-0.25381649462261,0.10442659999999993,0.11275981043422466,0.008333210434224733
31325,0.17143699999999995,0.030158413753728644,-0.14127858624627132,13.098460000000001,9.344831111085766,-3.7536288889142355,13.002490000000002,9.528079728983773,-3.474410271016229,0.06453720000000007,0.11405417093042425,0.049516970930424176
31351,0.0019620000000000193,0.03374828724352721,0.03178628724352719,6.847160000000002,8.970284670221414,2.1231246702214115,9.576139999999999,9.003480455771468,-0.5726595442285305,0.22261769999999992,0.12057629169928023,-0.10204140830071969
31355,-0.00803799999999999,0.03374828724352721,0.0417862872435272,6.847160000000002,8.970284670221414,2.1231246702214115,7.576139999999999,9.003480455771468,1.4273404557714695,0.12961769999999995,0.12057629169928023,-0.009041408300719714
31356,0.0019620000000000193,0.03374828724352721,0.03178628724352719,6.847160000000002,8.970284670221414,2.1231246702214115,6.776139999999998,9.003480455771468,2.22734045577147,0.0776176999999999,0.12057629169928023,0.04295859169928033
31357,-0.048038000000000025,0.03374828724352721,0.08178628724352724,6.7471600000000045,8.970284670221414,2.2231246702214094,5.076139999999999,9.003480455771468,3.9273404557714695,0.03161769999999997,0.12057629169928023,0.08895859169928026
31363,0.0019620000000000193,0.03374828724352721,0.03178628724352719,6.447160000000004,8.970284670221414,2.52312467022141,9.47614,9.003480455771468,-0.47265954422853085,0.22661769999999992,0.12057629169928023,-0.10604140830071969
31364,-0.028038000000000007,0.03374828724352721,0.061786287243527215,5.947160000000004,8.970284670221414,3.02312467022141,8.176139999999998,9.003480455771468,0.8273404557714699,0.18561769999999989,0.12057629169928023,-0.06504140830071965
31407,0.15521700000000005,0.03332947061408224,-0.1218875293859178,15.765749999999999,9.240084447083113,-6.525665552916886,14.45087,7.397873312284097,-7.052996687715903,0.11632389999999992,0.04239454862861192,-0.07392935137138801
31408,-0.03884500000000002,0.03269694298618951,0.07154194298618953,9.70569,9.250086760952943,-0.4556032390470577,5.656550000000001,7.383768482057177,1.727218482057176,-0.01597470000000001,0.04107228681478947,0.05704698681478948
31425,0.012799000000000005,0.06024681525767663,0.04744781525767663,18.499760000000002,9.322469512208103,-9.177290487791899,14.604320000000001,9.242319661724828,-5.362000338275173,0.09750270000000005,0.08516791508821457,-0.012334784911785482
31426,0.04279900000000003,0.06024681525767663,0.0174478152576766,16.959760000000003,9.322469512208103,-7.6372904877918995,17.80432,9.242319661724828,-8.562000338275173,0.3535027,0.08516791508821457,-0.2683347849117854
31635,0.168883,0.03670802656048773,-0.1321749734395123,13.44771,9.706846971436413,-3.740863028563588,12.76669,10.05638899296013,-2.7103010070398703,0.054355699999999896,0.12216231852625413,0.06780661852625423
31652,-0.022696999999999967,0.02261190161420744,0.045308901614207406,11.405810000000002,8.835344073506404,-2.5704659264935987,10.283259999999999,8.974387767130773,-1.3088722328692253,0.08543459999999992,0.12920058314887262,0.0437659831488727
31653,0.01730300000000007,0.02261190161420744,0.00530890161420737,17.30581,8.835344073506404,-8.470465926493597,18.78326,8.974387767130773,-9.808872232869225,0.3514346,0.12920058314887262,-0.22223401685112737
31654,-0.042696999999999985,0.02261190161420744,0.06530890161420742,10.50581,8.835344073506404,-1.6704659264935966,8.18326,8.974387767130773,0.7911277671307726,0.03043459999999998,0.12920058314887262,0.09876598314887264
31655,-0.022696999999999967,0.02261190161420744,0.045308901614207406,15.605810000000002,8.835344073506404,-6.770465926493598,14.38326,8.974387767130773,-5.408872232869227,0.13943459999999996,0.12920058314887262,-0.010234016851127348
31676,-0.06721500000000002,0.03602707254152442,0.10324207254152445,4.783239999999999,10.401031440573838,5.617791440573839,2.6498100000000004,7.4139650466450435,4.764155046645043,0.011713700000000049,0.021737057825096273,0.010023357825096224
31677,-0.057215000000000016,0.03602707254152442,0.09324207254152445,7.273240000000001,10.401031440573838,3.127791440573837,4.9798100000000005,7.4139650466450435,2.434155046645043,0.028713700000000064,0.021737057825096273,-0.006976642174903791
31678,-0.01721499999999998,0.03602707254152442,0.0532420725415244,8.483240000000002,10.401031440573838,1.9177914405738363,6.0298099999999994,7.4139650466450435,1.384155046645044,0.016713700000000054,0.021737057825096273,0.00502335782509622
32154,0.04276499999999994,0.03837567312748036,-0.004389326872519583,6.50046,9.927364569872584,3.4269045698725833,9.975359999999998,10.607505330466562,0.6321453304665638,0.1760887,0.13607649153053386,-0.040012208469466126
32156,0.09238699999999989,0.032728105968101634,-0.05965889403189825,11.605680000000003,9.248778208796292,-2.356901791203711,9.805150000000001,7.375856869525163,-2.4292931304748384,0.03045600000000004,0.040659381602465045,0.010203381602465006
32165,0.12253400000000003,0.04929464446059653,-0.0732393555394035,8.26615,10.142509212867186,1.876359212867186,9.388349999999999,8.323577798677984,-1.0647722013220147,0.035816199999999965,0.04822281256772093,0.012406612567720965
32263,0.06221500000000013,0.03919490108463225,-0.02302009891536788,10.948349999999998,9.609776804729371,-1.3385731952706266,9.797250000000002,7.761709209084014,-2.035540790915988,0.07226410000000005,0.0439243186019717,-0.028339781398028355
32940,0.11199999999999999,0.04522019008801287,-0.06677980991198712,14.975249999999999,10.815965218268135,-4.1592847817318646,16.24622,11.095962296028969,-5.150257703971032,0.13741589999999992,0.11348183645294953,-0.023934063547050397
32948,0.062000000000000055,0.04522019008801287,-0.016779809911987187,17.54525,10.815965218268135,-6.729284781731865,20.58622,11.095962296028969,-9.490257703971032,0.35141589999999995,0.11348183645294953,-0.23793406354705043
32949,0.132,0.04522019008801287,-0.08677980991198714,19.23525,10.815965218268135,-8.419284781731866,23.24622,11.095962296028969,-12.150257703971032,0.46541589999999994,0.11348183645294953,-0.3519340635470504
32951,0.252,0.04522019008801287,-0.20677980991198713,22.16525,10.815965218268135,-11.349284781731866,25.24622,11.095962296028969,-14.150257703971032,0.5394159,0.11348183645294953,-0.42593406354705043
32991,0.14381300000000008,0.03921707322343508,-0.104595926776565,9.119610000000002,9.594552812561307,0.47494281256130577,11.65634,7.00176862640277,-4.65457137359723,0.22019530000000015,0.018060857096445296,-0.20213444290355487
32992,0.12339200000000006,0.04101585777349616,-0.0823761422265039,16.77862,9.527315780958673,-7.251304219041327,10.938329999999999,5.495212624781743,-5.443117375218256,-0.02944000000000002,-0.03331549543312613,-0.003875495433126111
33273,0.11560000000000004,0.036124926415435576,-0.07947507358456446,11.71255,9.722473378790326,-1.990076621209674,14.30408,10.22702911695148,-4.077050883048521,0.16170479999999998,0.128003715011762,-0.033701084988237984
33274,0.0068749999999999645,0.035666052805726114,0.02879105280572615,14.584729999999997,9.739625682770587,-4.84510431722941,12.00308,10.611354627569089,-1.391725372430912,0.004812700000000003,0.1411099273917547,0.1362972273917547
33457,0.32095000000000007,0.03592772098350089,-0.2850222790164992,25.99737,9.731901209068845,-16.265468790931155,21.9771,10.49810684468139,-11.47899315531861,0.4454893,0.13724055074751984,-0.30824874925248014
33458,-0.03905000000000003,0.03592772098350089,0.07497772098350092,9.58737,9.731901209068845,0.14453120906884465,10.517100000000001,10.49810684468139,-0.018993155318611343,0.16748929999999995,0.13724055074751984,-0.03024874925248011
33459,0.15560000000000007,0.036258109982491696,-0.11934189001750838,26.92255,9.719551550203057,-17.202998449796944,23.18408,10.22139247703671,-12.962687522963291,0.33570479999999997,0.12780407783392506,-0.2079007221660749
33460,0.015600000000000058,0.036258109982491696,0.020658109982491638,12.98255,9.719551550203057,-3.2629984497969424,13.114080000000001,10.22139247703671,-2.892687522963291,0.12570480000000006,0.12780407783392506,0.002099277833924995
33462,0.04682900000000001,0.036918887980473325,-0.009910112019526685,11.92691,9.694852232471476,-2.2320577675285236,12.33834,9.667963741747354,-2.670376258252647,0.11857720000000005,0.10893113200673556,-0.009646067993264493
33465,0.10321500000000006,0.03919490108463225,-0.0640200989153678,24.668349999999997,9.609776804729371,-15.058573195270625,12.907250000000001,7.761709209084014,-5.145540790915987,-0.2267359,0.0439243186019717,0.2706602186019717
33466,-0.007784999999999931,0.03919490108463225,0.04697990108463218,7.768349999999998,9.609776804729371,1.8414268047293731,-1.672749999999997,7.761709209084014,9.434459209084011,-0.29073589999999994,0.0439243186019717,0.33466021860197165
33772,-0.087785,0.03906171751757613,0.12684671751757615,6.228349999999999,9.61269863331664,3.384348633316641,0.8872500000000016,7.767345848998783,6.880095848998781,-0.08773589999999998,0.04412395577980864,0.13185985577980863
33773,-0.1077849999999998,0.02707519648252514,0.13486019648252495,6.538349999999998,9.875663206170824,3.337313206170826,1.7572500000000026,8.274643441327974,6.517393441327972,-0.04773589999999994,0.062091301785131156,0.1098272017851311
33774,0.1622150000000001,0.03906171751757613,-0.12315328248242398,6.838349999999998,9.61269863331664,2.7743486333166416,8.10725,7.767345848998783,-0.3399041510012175,0.10226410000000008,0.04412395577980864,-0.05814014422019144
33775,0.1622150000000001,0.03772988184701491,-0.1244851181529852,6.638349999999999,9.641916919189327,3.0035669191893284,8.50725,7.823712248146471,-0.6835377518535299,0.062264100000000044,0.046120327558177784,-0.01614377244182226
33776,0.08221500000000015,0.03639804617645369,-0.04581695382354646,7.738349999999997,9.671135205062015,1.932785205062018,9.00725,7.880078647294159,-1.127171352705842,0.18226410000000004,0.048116699336546984,-0.13414740066345304
33777,0.042215000000000114,0.03506621050589247,-0.007148789494107646,8.138349999999999,9.700353490934702,1.5620034909347034,10.50725,7.936445046441847,-2.570804953558154,0.20226410000000006,0.05011307111491613,-0.15215102888508392
33778,0.042215000000000114,0.033734374835331246,-0.008480625164668867,7.93835,9.72957177680739,1.7912217768073901,10.00725,7.992811445589535,-2.014438554410466,0.18226410000000004,0.0521094428932853,-0.13015465710671476
33782,0.05221500000000012,0.021747853800280263,-0.03046714619971986,11.138349999999999,9.99253634966157,-1.1458136503384289,13.50725,8.500109037918726,-5.007140962081275,0.2822641000000001,0.07007678889860781,-0.21218731110139227
33783,0.022215000000000096,0.012425004106351722,-0.009789995893648373,12.638349999999999,10.197064350770379,-2.44128564922962,14.307250000000002,8.894673831952542,-5.41257616804746,0.2922641,0.08405139134719201,-0.208212708652808
33784,0.012215000000000087,0.0031021544124231817,-0.009112845587576905,13.838349999999998,10.401592351879188,-3.4367576481208104,15.00725,9.289238625986355,-5.718011374013646,0.2922641,0.09802599379577619,-0.19423810620422383
33786,-0.07778499999999999,-0.09445480845618622,-0.016669808456186222,11.988349999999997,12.5418317920535,0.5534817920535033,9.837250000000001,13.418077363554495,3.5808273635544943,0.03226410000000002,0.24426022656131774,0.21199612656131772
33787,-0.1077849999999998,-0.0463089489653981,0.0614760510346017,13.248349999999999,11.485590757755869,-1.7627592422441296,15.92725,11.380432034365578,-4.546817965634423,0.38226410000000005,0.17209138677327235,-0.2101727132267277
33808,0.17521500000000012,0.03906171751757613,-0.13615328248242398,9.108349999999998,9.61269863331664,0.504348633316642,10.667250000000001,7.767345848998783,-2.899904151001218,0.11226410000000009,0.04412395577980864,-0.06814014422019145
33989,0.002215000000000078,0.0382626161152394,0.03604761611523932,6.838349999999998,9.630229604840252,2.791879604840254,3.707250000000002,7.801165688487396,4.093915688487394,-0.04773589999999994,0.04532177884683013,0.09305767884683007
33990,0.002215000000000078,0.0382626161152394,0.03604761611523932,6.238349999999997,9.630229604840252,3.3918796048402555,3.4072500000000012,7.801165688487396,4.393915688487395,-0.03773589999999993,0.04532177884683013,0.08305767884683006
33991,-0.02778499999999995,0.0382626161152394,0.06604761611523935,6.238349999999997,9.630229604840252,3.3918796048402555,2.5072500000000026,7.801165688487396,5.2939156884873935,-0.06773589999999996,0.04532177884683013,0.11305767884683009
33992,-0.047784999999999966,0.0382626161152394,0.08604761611523937,6.238349999999997,9.630229604840252,3.3918796048402555,1.8072499999999998,7.801165688487396,5.993915688487396,-0.07773589999999997,0.04532177884683013,0.1230576788468301
33993,0.002215000000000078,0.0382626161152394,0.03604761611523932,6.93835,9.630229604840252,2.6918796048402527,3.9072500000000012,7.801165688487396,3.893915688487395,-0.03773589999999993,0.04532177884683013,0.08305767884683006
33994,-0.007784999999999931,0.0382626161152394,0.04604761611523933,6.038349999999998,9.630229604840252,3.591879604840255,3.6072500000000005,7.801165688487396,4.193915688487396,-0.017735899999999916,0.04532177884683013,0.06305767884683004
33996,0.022215000000000096,0.0382626161152394,0.016047616115239305,6.93835,9.630229604840252,2.6918796048402527,5.007250000000001,7.801165688487396,2.7939156884873952,-0.007735899999999907,0.04532177884683013,0.053057678846830034
33998,0.032215000000000105,0.0382626161152394,0.006047616115239296,8.038349999999998,9.630229604840252,1.5918796048402548,7.307250000000002,7.801165688487396,0.49391568848739453,0.052264100000000036,0.04532177884683013,-0.006942321153169909
33999,0.012215000000000087,0.026489188787478204,0.014274188787478118,8.398349999999997,9.888519251954804,1.490169251954807,5.257250000000001,8.299444656952957,3.0421946569529563,-0.04173590000000005,0.06296970536761358,0.10470560536761363
34293,-0.04323600000000005,0.03286970000000379,0.07610570000000384,3.6519399999999997,10.07834161904806,6.426401619048061,4.172889999999999,10.153617492919917,5.980727492919918,0.08703440000000007,0.10111056596842839,0.014076165968428325
34335,-0.011486000000000107,0.029841680742788743,0.04132768074278885,8.833110000000001,9.35461386126514,0.5215038612651384,7.582830000000001,9.687446573145586,2.1046165731455844,0.045985799999999966,0.11949629306025825,0.07351049306025828
34336,-0.10148600000000019,0.029841680742788743,0.13132768074278894,3.9931100000000015,9.35461386126514,5.361503861265138,1.7828300000000006,9.687446573145586,7.904616573145585,0.01898579999999994,0.11949629306025825,0.1005104930602583
34337,-0.041486000000000134,0.029841680742788743,0.07132768074278888,1.9431100000000008,9.35461386126514,7.411503861265139,0.9828299999999999,9.687446573145586,8.704616573145586,0.010985799999999935,0.11949629306025825,0.10851049306025831
34338,-0.08148600000000017,0.029841680742788743,0.11132768074278891,4.313110000000002,9.35461386126514,5.041503861265138,1.382830000000002,9.687446573145586,8.304616573145584,-0.03201419999999999,0.11949629306025825,0.15151049306025824
34339,-0.07148600000000016,0.029841680742788743,0.1013276807427889,3.913110000000003,9.35461386126514,5.4415038612651365,4.982830000000002,9.687446573145586,4.704616573145584,0.13898579999999994,0.11949629306025825,-0.01948950693974169
34341,-0.05148600000000014,0.029841680742788743,0.08132768074278889,3.353110000000001,9.35461386126514,6.001503861265139,4.982830000000002,9.687446573145586,4.704616573145584,0.13898579999999994,0.11949629306025825,-0.01948950693974169
34456,0.06221500000000013,0.03906171751757613,-0.023153282482424,7.34835,9.61269863331664,2.26434863331664,8.787250000000002,7.767345848998783,-1.019904151001219,0.1232641000000001,0.04412395577980864,-0.07914014422019146
34794,-0.01833499999999999,0.03582831995931082,0.05416331995931081,6.240340000000003,9.4321993353501,3.191859335350097,3.4712999999999994,7.574419679219357,4.103119679219358,-0.02867720000000007,0.04249148728005531,0.07116868728005538
34797,0.0016650000000000276,0.03582831995931082,0.034163319959310795,6.130340000000004,9.4321993353501,3.3018593353500965,4.491300000000001,7.574419679219357,3.0831196792193563,0.008322799999999964,0.04249148728005531,0.03416868728005534
35040,0.1522150000000001,0.03906171751757613,-0.11315328248242397,14.098349999999998,9.61269863331664,-4.485651366683358,12.407250000000001,7.767345848998783,-4.639904151001218,0.06426410000000005,0.04412395577980864,-0.020140144220191405
35065,-0.06858900000000001,0.0005320754430199748,0.06912107544301999,6.762549999999997,7.520058108514388,0.7575081085143909,3.3993900000000004,5.514785588039291,2.1153955880392905,-0.018535100000000027,0.023239973286569113,0.04177507328656914
35066,-0.06801500000000016,0.0015623642166045365,0.0695773642166047,6.057960000000001,7.7987921015400605,1.7408321015400592,4.529999999999999,5.752489938335025,1.222489938335026,0.05212749999999999,0.018321403401010683,-0.03380609659898931
35067,-0.04858899999999999,0.0005320754430199748,0.04912107544301997,5.742549999999998,7.520058108514388,1.7775081085143905,2.6493900000000004,5.514785588039291,2.8653955880392905,-0.021535099999999918,0.023239973286569113,0.04477507328656903
35068,-0.053015000000000034,0.0015623642166045365,0.05457736421660457,5.657960000000003,7.7987921015400605,2.1408321015400578,3.7699999999999996,5.752489938335025,1.9824899383350258,0.032127499999999976,0.018321403401010683,-0.013806096598989293
35157,-0.030088000000000115,0.0233016269020644,0.053389626902064516,8.51249,9.216708470423896,0.7042184704238963,6.87125,9.31533984867269,2.4440898486726894,0.027618799999999943,0.1237269665570593,0.09610816655705935
35158,-0.00730199999999992,0.026421967448088737,0.03372396744808866,4.58023,9.100072803358106,4.519842803358106,3.8485299999999985,6.701926376472949,2.8533963764729506,0.045556199999999936,0.03460472237310887,-0.010951477626891068
35159,-0.030088000000000115,0.0233016269020644,0.053389626902064516,9.152489999999997,9.216708470423896,0.06421847042389928,8.24125,9.31533984867269,1.0740898486726884,0.06761879999999998,0.1237269665570593,0.056108166557059316
35160,-0.00730199999999992,0.026421967448088737,0.03372396744808866,5.000230000000002,9.100072803358106,4.099842803358104,4.3085299999999975,6.701926376472949,2.3933963764729516,0.055556199999999945,0.03460472237310887,-0.020951477626891077
35170,0.16198999999999997,0.04566169620116286,-0.1163283037988371,15.621590000000001,9.970775400662452,-5.650814599337549,13.585080000000001,8.147561548642866,-5.4375184513571355,0.0984836,0.04718925560147835,-0.05129434439852165
35173,-0.01519399999999993,0.04376379582877026,0.05895779582877019,6.253820000000001,9.457318045088845,3.2034980450888444,3.0311700000000013,7.709685113887564,4.6785151138875625,-0.06198350000000008,0.05624977907487544,0.11823327907487552
35174,-0.008010000000000073,0.04566169620116286,0.05367169620116293,9.621590000000001,9.970775400662452,0.3491854006624511,4.785080000000001,8.147561548642866,3.362481548642865,-0.09451639999999994,0.04718925560147835,0.1417056556014783
35175,0.001068000000000069,0.04295040995488772,0.04188240995488765,6.827349999999999,9.237264892700155,2.409914892700156,3.19792,7.522023784706721,4.324103784706721,-0.08850889999999989,0.060132860563474194,0.14864176056347408
35176,0.021989999999999954,0.04566169620116286,0.023671696201162905,10.721590000000003,9.970775400662452,-0.7508145993375503,6.48508,8.147561548642866,1.662481548642866,-0.08351640000000005,0.04718925560147835,0.1307056556014784
35179,0.021230000000000082,0.04159476683175015,0.02036476683175007,12.234470000000002,8.870509638719007,-3.363960361280995,8.585130000000001,7.209254902738648,-1.3758750972613534,-0.014131900000000086,0.06660466304447213,0.08073656304447221
35180,0.15198999999999996,0.04566169620116286,-0.10632830379883709,15.421590000000002,9.970775400662452,-5.45081459933755,11.98508,8.147561548642866,-3.837518451357134,-0.025516400000000106,0.04718925560147835,0.07270565560147846
35191,-0.07578499999999999,0.03839579968229552,0.11418079968229551,7.84835,9.627307776252984,1.7789577762529838,4.757250000000001,7.795529048572627,3.038279048572626,0.013264100000000001,0.04512214166899321,0.03185804166899321
35192,-0.06378499999999998,0.03839579968229552,0.1021807996822955,7.928349999999998,9.627307776252984,1.6989577762529855,4.787250000000002,7.795529048572627,3.008279048572625,0.004264100000000104,0.04512214166899321,0.04085804166899311
35317,0.10342200000000001,0.03374831181954153,-0.06967368818045849,11.505780000000001,9.232645444490116,-2.273134555509886,9.60573,7.398606595697614,-2.2071234043023855,0.005074700000000099,0.04279206194733995,0.03771736194733985
35343,-0.09761300000000017,0.032594922401045515,0.13020792240104567,6.305680000000002,9.25170003738356,2.9460200373835583,1.905149999999999,7.381493509439932,5.476343509439933,-0.06054400000000004,0.04085901878030199,0.10140301878030203
35451,0.06456200000000001,0.02982118901638455,-0.03474081098361546,7.5484100000000005,9.350979492534268,1.8025694925342677,8.9207,9.529166423664051,0.6084664236640513,0.10024309999999992,0.11382727203928618,0.01358417203928626
35452,-0.08243800000000001,0.02982118901638455,0.11225918901638457,7.38841,9.350979492534268,1.9625694925342678,5.790700000000001,9.529166423664051,3.7384664236640504,0.060243099999999994,0.11382727203928618,0.053584172039286185
35453,0.3325340000000001,0.04885647052498189,-0.28367752947501823,18.74615,10.152122028919301,-8.594027971080699,16.288349999999998,8.342122343997573,-7.946227656002424,0.09081620000000001,0.0488796188828044,-0.041936581117195615
35465,-0.04866900000000007,0.030554240834430244,0.07922324083443032,10.021269999999998,9.108817082610805,-0.9124529173891922,8.14544,9.057850479967806,0.9124104799678054,0.06786820000000005,0.12164602060036966,0.05377782060036962
35469,-0.04866900000000007,0.030554240834430244,0.07922324083443032,10.15127,9.108817082610805,-1.0424529173891948,7.815440000000001,9.057850479967806,1.2424104799678055,0.04786820000000003,0.12164602060036966,0.07377782060036964
35473,-0.04866900000000007,0.030554240834430244,0.07922324083443032,10.161269999999998,9.108817082610805,-1.0524529173891928,7.57544,9.057850479967806,1.4824104799678057,0.034868200000000016,0.12164602060036966,0.08677782060036965
35477,-0.04866900000000007,0.030554240834430244,0.07922324083443032,10.271269999999998,9.108817082610805,-1.1624529173891922,7.4854400000000005,9.057850479967806,1.5724104799678056,0.024868200000000007,0.12164602060036966,0.09677782060036966
35516,0.18238699999999997,0.032594922401045515,-0.14979207759895447,6.56568,9.25170003738356,2.6860200373835603,8.36515,7.381493509439932,-0.983656490560068,0.051455999999999946,0.04085901878030199,-0.01059698121969796
35517,-0.008193000000000117,0.029361524842780214,0.03755452484278033,5.365660000000002,9.07120073941702,3.7055407394170174,5.657000000000002,7.188567339660506,1.531567339660504,0.08552360000000003,0.03922655028054865,-0.04629704971945138
35664,-0.03761300000000012,0.03211546155964347,0.06972846155964359,7.445680000000003,9.262218620297729,1.8165386202977256,5.17515,7.4017854131331,2.226635413133099,0.0014560000000000128,0.04157771262051488,0.040121712620514866
35756,0.04238699999999995,0.032594922401045515,-0.009792077598954438,11.505680000000002,9.25170003738356,-2.253979962616441,14.305150000000001,7.381493509439932,-6.923656490560069,0.32145599999999996,0.04085901878030199,-0.280596981219698
35758,-0.009633000000000003,0.02852799303163281,0.03816099303163281,9.370070000000002,8.151434275440115,-1.2186357245598867,6.40405,6.443186863535716,0.03913686353571588,0.07408400000000004,0.06027442622329575,-0.01380957377670429
35849,0.002215000000000078,0.03888325153772093,0.03666825153772085,7.25835,9.616613883623582,2.3582638836235823,4.017250000000001,7.774898946484573,3.757648946484572,-0.05273589999999995,0.04439146959811009,0.09712736959811004
35858,0.18359000000000003,0.050889633043254494,-0.13270036695674553,15.457450000000001,9.09054772824844,-6.366902271751561,15.389019999999999,8.636388371566632,-6.752631628433367,0.13918299999999995,0.07426731875579329,-0.06491568124420666
35860,0.053590000000000027,0.050889633043254494,-0.0027003669567455327,11.557450000000003,9.09054772824844,-2.4669022717515627,8.77902,8.636388371566632,-0.1426316284333673,-0.010816999999999966,0.07426731875579329,0.08508431875579325
35861,0.07359000000000004,0.050889633043254494,-0.02270036695674555,13.757450000000002,9.09054772824844,-4.666902271751562,10.789019999999999,8.636388371566632,-2.152631628433367,-0.0008170000000000677,0.07426731875579329,0.07508431875579336
35862,0.11358999999999997,0.050889633043254494,-0.06270036695674547,14.65745,9.09054772824844,-5.566902271751561,11.879019999999999,8.636388371566632,-3.242631628433367,0.009182999999999941,0.07426731875579329,0.06508431875579335
35863,0.11358999999999997,0.050889633043254494,-0.06270036695674547,15.057450000000003,9.09054772824844,-5.966902271751563,11.619019999999999,8.636388371566632,-2.982631628433367,-0.030816999999999983,0.07426731875579329,0.10508431875579327
35905,-0.010262999999999911,0.04150167992162427,0.05176467992162418,6.518529999999998,9.571667618942481,3.0531376189424826,3.9046699999999994,7.79593538159938,3.8912653815993803,-0.02040580000000003,0.04779040493604769,0.06819620493604772
35984,-0.07778499999999999,0.03506621050589247,0.11285121050589246,6.1183499999999995,9.700353490934702,3.582003490934703,2.12725,7.936445046441847,5.809195046441847,-0.05773589999999995,0.05011307111491613,0.10784897111491608
36100,0.19340499999999994,0.037625773779906654,-0.15577922622009327,7.68732,9.672542363475888,1.9852223634758879,11.22722,9.287737971724912,-1.9394820282750889,0.16421990000000009,0.09594989376626871,-0.06827000623373138
36300,0.041870000000000074,0.016561118176775115,-0.02530888182322496,8.20758,8.34628171896359,0.13870171896359018,6.421039999999998,6.4112260206280345,-0.009813979371963377,0.00414060000000005,0.0324970391036984,0.028356439103698353
36302,0.011870000000000047,0.016561118176775115,0.004691118176775068,7.20758,8.34628171896359,1.1387017189635902,3.621039999999997,6.4112260206280345,2.7901860206280373,-0.07585940000000002,0.0324970391036984,0.10835643910369842
36303,0.0018700000000000383,0.016561118176775115,0.014691118176775077,7.20758,8.34628171896359,1.1387017189635902,2.5210399999999993,6.4112260206280345,3.890186020628035,-0.11585940000000006,0.0324970391036984,0.14835643910369845
36304,0.06187000000000009,0.016561118176775115,-0.04530888182322498,7.107580000000002,8.34628171896359,1.238701718963588,5.321039999999998,6.4112260206280345,1.0901860206280363,-0.025859399999999977,0.0324970391036984,0.05835643910369838
36305,0.011870000000000047,0.016561118176775115,0.004691118176775068,7.007580000000001,8.34628171896359,1.3387017189635895,3.121039999999997,6.4112260206280345,3.2901860206280373,-0.09585940000000004,0.0324970391036984,0.12835643910369843
36306,0.11187000000000002,0.016561118176775115,-0.09530888182322492,11.00758,8.34628171896359,-2.6612982810364105,10.621039999999999,6.4112260206280345,-4.209813979371964,0.09414060000000002,0.0324970391036984,-0.061643560896301616
36307,0.13187000000000004,0.016561118176775115,-0.11530888182322493,8.807580000000002,8.34628171896359,-0.46129828103641124,10.52104,6.4112260206280345,-4.109813979371965,0.14414059999999995,0.0324970391036984,-0.11164356089630155
36308,0.12187000000000003,0.016561118176775115,-0.10530888182322493,8.607580000000002,8.34628171896359,-0.26129828103641195,10.52104,6.4112260206280345,-4.109813979371965,0.15414059999999996,0.0324970391036984,-0.12164356089630156
36309,0.10187000000000002,0.016561118176775115,-0.08530888182322491,8.607580000000002,8.34628171896359,-0.26129828103641195,8.321039999999998,6.4112260206280345,-1.9098139793719637,0.044140599999999974,0.0324970391036984,-0.011643560896301572
36310,0.10187000000000002,0.016561118176775115,-0.08530888182322491,8.40758,8.34628171896359,-0.06129828103640911,5.821039999999998,6.4112260206280345,0.5901860206280363,-0.08585940000000003,0.0324970391036984,0.11835643910369843
36311,0.0718700000000001,0.016561118176775115,-0.055308881823224985,8.307580000000002,8.34628171896359,0.03870171896358876,7.521039999999999,6.4112260206280345,-1.1098139793719648,0.034140599999999965,0.0324970391036984,-0.001643560896301563
36386,0.226387,0.031795820998708785,-0.19459117900129122,14.405680000000002,9.269231008907173,-5.136448991092829,14.945150000000002,7.415313348928545,-7.529836651071457,0.21345599999999998,0.04205684184732347,-0.1713991581526765
36387,0.2543869999999999,0.031795820998708785,-0.22259117900129113,8.205680000000001,9.269231008907173,1.0635510089071722,13.875150000000001,7.415313348928545,-6.459836651071456,0.275456,0.04205684184732347,-0.2333991581526765
36466,0.0914879999999999,0.04242829864289756,-0.049059701357102345,9.141820000000003,9.790276102695913,0.6484561026959099,7.31644,7.954635378863439,0.6381953788634389,-0.013692199999999932,0.04555678710172502,0.05924898710172495
36564,0.12387999999999999,0.022182250047648414,-0.10169774995235158,4.7515399999999985,8.126865486683092,3.375325486683094,7.372200000000001,6.23418997935154,-1.1380100206484611,0.10025010000000001,0.049286827461352545,-0.050963272538647464
36565,-0.02778499999999995,0.03906171751757613,0.06684671751757608,11.388349999999999,9.61269863331664,-1.775651366683359,7.587250000000001,7.767345848998783,0.18009584899878206,-0.007735899999999907,0.04412395577980864,0.05185985577980855
36566,-0.01778499999999994,0.03906171751757613,0.05684671751757607,11.518349999999998,9.61269863331664,-1.905651366683358,7.987250000000001,7.767345848998783,-0.2199041510012183,0.002264100000000102,0.04412395577980864,0.04185985577980854
36567,-0.02778499999999995,0.03906171751757613,0.06684671751757608,11.568349999999999,9.61269863331664,-1.9556513666833588,8.26725,7.767345848998783,-0.49990415100121766,0.02226410000000001,0.04412395577980864,0.021859855779808632
36568,0.012215000000000087,0.03906171751757613,0.026846717517576044,10.86835,9.61269863331664,-1.2556513666833595,7.887250000000002,7.767345848998783,-0.11990415100121865,0.002264100000000102,0.04412395577980864,0.04185985577980854
36626,-0.03761300000000012,0.032728105968101634,0.07034110596810175,8.605680000000003,9.248778208796292,0.6430982087962889,6.405150000000001,7.375856869525163,0.9707068695251619,0.038455999999999935,0.040659381602465045,0.00220338160246511
36638,0.12253400000000003,0.03957224406549961,-0.08296175593450042,8.546149999999997,10.3558026997378,1.8096526997378035,9.088349999999998,8.735052512456106,-0.3532974875438928,0.06081619999999999,0.06279632654981585,0.0019801265498158582
36753,-0.04799700000000007,0.040939471952703865,0.08893647195270393,10.812470000000005,9.426442677302033,-1.3860273226979718,6.864879999999999,7.647503136810136,0.7826231368101366,-0.00011470000000002312,0.052228226760559895,0.05234292676055992
36754,-0.04999700000000007,0.040939471952703865,0.09093647195270393,10.602470000000004,9.426442677302033,-1.176027322697971,5.744879999999998,7.647503136810136,1.9026231368101376,-0.04211469999999995,0.052228226760559895,0.09434292676055984
36755,-0.07199700000000009,0.040939471952703865,0.11293647195270395,8.092470000000002,9.426442677302033,1.3339726773020306,2.3648799999999994,7.647503136810136,5.282623136810137,-0.08211469999999987,0.052228226760559895,0.13434292676055976
36756,-0.06099699999999997,0.040939471952703865,0.10193647195270383,8.752470000000002,9.426442677302033,0.6739726773020305,3.6548799999999986,7.647503136810136,3.9926231368101375,-0.061114699999999966,0.052228226760559895,0.11334292676055986
36757,-0.058996999999999966,0.040939471952703865,0.09993647195270383,9.432470000000002,9.426442677302033,-0.00602732269796924,3.964880000000001,7.647503136810136,3.682623136810135,-0.07211469999999987,0.052228226760559895,0.12434292676055976
37054,-0.059414999999999996,0.03589101109472413,0.09530601109472413,5.895590000000002,9.733273393387268,3.837683393387266,5.151009999999999,10.528852885530798,5.377842885530798,0.05871729999999997,0.13828904773791922,0.07957174773791925
37055,-0.059414999999999996,0.03589101109472413,0.09530601109472413,6.345590000000001,9.733273393387268,3.3876833933872668,5.961010000000002,10.528852885530798,4.567842885530796,0.07871729999999999,0.13828904773791922,0.059571747737919234
37056,-0.04941499999999999,0.03589101109472413,0.08530601109472412,6.575590000000002,9.733273393387268,3.1576833933872663,5.841010000000001,10.528852885530798,4.687842885530797,0.05871729999999997,0.13828904773791922,0.07957174773791925
37058,-0.01941499999999996,0.03589101109472413,0.05530601109472409,6.67559,9.733273393387268,3.0576833933872685,6.38101,10.528852885530798,4.147842885530798,0.05871729999999997,0.13828904773791922,0.07957174773791925
37060,0.020585000000000075,0.03589101109472413,0.015306011094724056,5.575590000000002,9.733273393387268,4.157683393387266,6.401009999999999,10.528852885530798,4.127842885530798,0.06871729999999998,0.13828904773791922,0.06957174773791924
37061,0.10058500000000004,0.03589101109472413,-0.0646939889052759,6.735590000000002,9.733273393387268,2.997683393387266,8.07101,10.528852885530798,2.4578428855307983,0.04871729999999996,0.13828904773791922,0.08957174773791926
37062,-0.03941499999999998,0.03589101109472413,0.07530601109472411,5.97559,9.733273393387268,3.7576833933872678,5.761009999999999,10.528852885530798,4.767842885530799,0.06871729999999998,0.13828904773791922,0.06957174773791924
37063,-0.02941499999999997,0.03589101109472413,0.0653060110947241,6.49559,9.733273393387268,3.237683393387268,6.97101,10.528852885530798,3.557842885530798,0.09871730000000001,0.13828904773791922,0.039571747737919216
37064,-0.03941499999999998,0.03589101109472413,0.07530601109472411,6.90559,9.733273393387268,2.827683393387268,6.27101,10.528852885530798,4.257842885530797,0.05871729999999997,0.13828904773791922,0.07957174773791925
37065,-0.009414999999999951,0.03589101109472413,0.04530601109472408,5.665590000000002,9.733273393387268,4.0676833933872665,5.321010000000001,10.528852885530798,5.2078428855307966,0.038717299999999955,0.13828904773791922,0.09957174773791927
37066,-0.02941499999999997,0.03589101109472413,0.0653060110947241,6.805590000000002,9.733273393387268,2.927683393387266,6.331009999999999,10.528852885530798,4.1978428855307985,0.05871729999999997,0.13828904773791922,0.07957174773791925
37067,0.0005850000000000577,0.03589101109472413,0.035306011094724074,6.795590000000001,9.733273393387268,2.9376833933872675,7.62101,10.528852885530798,2.9078428855307976,0.09871730000000001,0.13828904773791922,0.039571747737919216
37068,0.010585000000000067,0.03589101109472413,0.025306011094724065,6.1255900000000025,9.733273393387268,3.6076833933872656,6.431010000000001,10.528852885530798,4.097842885530797,0.05871729999999997,0.13828904773791922,0.07957174773791925
37069,-0.01941499999999996,0.03589101109472413,0.05530601109472409,6.67559,9.733273393387268,3.0576833933872685,6.81101,10.528852885530798,3.717842885530798,0.07871729999999999,0.13828904773791922,0.059571747737919234
37070,0.0005850000000000577,0.03589101109472413,0.035306011094724074,6.205590000000001,9.733273393387268,3.5276833933872673,5.901009999999999,10.528852885530798,4.627842885530798,0.038717299999999955,0.13828904773791922,0.09957174773791927
37071,-0.02941499999999997,0.03589101109472413,0.0653060110947241,6.165590000000002,9.733273393387268,3.5676833933872665,5.61101,10.528852885530798,4.917842885530797,0.04871729999999996,0.13828904773791922,0.08957174773791926
37072,0.0005850000000000577,0.03589101109472413,0.035306011094724074,6.3755900000000025,9.733273393387268,3.3576833933872656,6.46101,10.528852885530798,4.067842885530798,0.05871729999999997,0.13828904773791922,0.07957174773791925
37073,-0.04941499999999999,0.03589101109472413,0.08530601109472412,6.72559,9.733273393387268,3.0076833933872678,6.61101,10.528852885530798,3.9178428855307974,0.0887173,0.13828904773791922,0.049571747737919225
37075,0.010585000000000067,0.03589101109472413,0.025306011094724065,6.345590000000001,9.733273393387268,3.3876833933872668,6.171009999999999,10.528852885530798,4.357842885530799,0.038717299999999955,0.13828904773791922,0.09957174773791927
37077,-0.02941499999999997,0.03589101109472413,0.0653060110947241,6.42559,9.733273393387268,3.3076833933872685,6.47101,10.528852885530798,4.057842885530798,0.07871729999999999,0.13828904773791922,0.059571747737919234
37078,0.010585000000000067,0.03589101109472413,0.025306011094724065,6.035590000000003,9.733273393387268,3.6976833933872655,6.151009999999999,10.528852885530798,4.377842885530798,0.04871729999999996,0.13828904773791922,0.08957174773791926
37079,-0.08941500000000002,0.03589101109472413,0.12530601109472417,6.345590000000001,9.733273393387268,3.3876833933872668,4.11101,10.528852885530798,6.417842885530797,0.018717299999999937,0.13828904773791922,0.11957174773791929
37080,-0.069415,0.03589101109472413,0.10530601109472414,5.575590000000002,9.733273393387268,4.157683393387266,4.741009999999999,10.528852885530798,5.787842885530798,0.05871729999999997,0.13828904773791922,0.07957174773791925
37081,-0.04941499999999999,0.03589101109472413,0.08530601109472412,6.6355900000000005,9.733273393387268,3.0976833933872676,5.671009999999999,10.528852885530798,4.857842885530799,0.04871729999999996,0.13828904773791922,0.08957174773791926
37082,-0.059414999999999996,0.03589101109472413,0.09530601109472413,5.67559,9.733273393387268,4.0576833933872685,4.97101,10.528852885530798,5.557842885530798,0.05871729999999997,0.13828904773791922,0.07957174773791925
37083,-0.03941499999999998,0.03589101109472413,0.07530601109472411,6.49559,9.733273393387268,3.237683393387268,5.491009999999999,10.528852885530798,5.037842885530798,0.038717299999999955,0.13828904773791922,0.09957174773791927
37084,-0.01941499999999996,0.03589101109472413,0.05530601109472409,5.575590000000002,9.733273393387268,4.157683393387266,5.761009999999999,10.528852885530798,4.767842885530799,0.06871729999999998,0.13828904773791922,0.06957174773791924
37085,-0.04941499999999999,0.03589101109472413,0.08530601109472412,5.6355900000000005,9.733273393387268,4.097683393387268,4.871009999999998,10.528852885530798,5.657842885530799,0.04871729999999996,0.13828904773791922,0.08957174773791926
37087,-0.02941499999999997,0.03589101109472413,0.0653060110947241,6.395590000000002,9.733273393387268,3.337683393387266,5.36101,10.528852885530798,5.167842885530797,0.028717299999999946,0.13828904773791922,0.10957174773791928
37088,-0.069415,0.03589101109472413,0.10530601109472414,5.825590000000002,9.733273393387268,3.9076833933872663,4.461010000000002,10.528852885530798,6.067842885530796,0.038717299999999955,0.13828904773791922,0.09957174773791927
37089,-0.009414999999999951,0.03589101109472413,0.04530601109472408,5.5055900000000015,9.733273393387268,4.227683393387267,5.641010000000001,10.528852885530798,4.887842885530796,0.05871729999999997,0.13828904773791922,0.07957174773791925
37090,-0.059414999999999996,0.03589101109472413,0.09530601109472413,6.24559,9.733273393387268,3.487683393387268,4.97101,10.528852885530798,5.557842885530798,0.038717299999999955,0.13828904773791922,0.09957174773791927
37091,0.0005850000000000577,0.03589101109472413,0.035306011094724074,5.6255900000000025,9.733273393387268,4.107683393387266,6.11101,10.528852885530798,4.417842885530797,0.06871729999999998,0.13828904773791922,0.06957174773791924
37092,-0.02941499999999997,0.03589101109472413,0.0653060110947241,5.845590000000001,9.733273393387268,3.8876833933872668,4.901009999999999,10.528852885530798,5.627842885530798,0.028717299999999946,0.13828904773791922,0.10957174773791928
37093,-0.07941500000000001,0.03589101109472413,0.11530601109472415,5.715590000000002,9.733273393387268,4.017683393387266,4.931010000000001,10.528852885530798,5.597842885530797,0.06871729999999998,0.13828904773791922,0.06957174773791924
37096,-0.069415,0.03589101109472413,0.10530601109472414,5.765590000000003,9.733273393387268,3.967683393387265,4.88101,10.528852885530798,5.647842885530798,0.05871729999999997,0.13828904773791922,0.07957174773791925
37097,-0.02941499999999997,0.03589101109472413,0.0653060110947241,5.855590000000003,9.733273393387268,3.877683393387265,5.13101,10.528852885530798,5.397842885530798,0.038717299999999955,0.13828904773791922,0.09957174773791927
37100,-0.059414999999999996,0.03589101109472413,0.09530601109472413,5.765590000000003,9.733273393387268,3.967683393387265,5.04101,10.528852885530798,5.487842885530798,0.05871729999999997,0.13828904773791922,0.07957174773791925
37102,-0.07941500000000001,0.03589101109472413,0.11530601109472415,5.665590000000002,9.733273393387268,4.0676833933872665,4.81101,10.528852885530798,5.717842885530798,0.06871729999999998,0.13828904773791922,0.06957174773791924
37214,-0.001742999999999828,-0.003868299472384068,-0.00212529947238424,16.061200000000003,10.079984685994472,-5.9812153140055315,14.73947,10.384321929750254,-4.355148070249747,0.2246475,0.1451895345378712,-0.0794579654621288
37328,-0.02761300000000011,0.032728105968101634,0.060341105968101744,7.425680000000003,9.248778208796292,1.8230982087962886,5.37515,7.375856869525163,2.000706869525163,0.024455999999999922,0.040659381602465045,0.016203381602465122
37408,-0.03474299999999997,0.04147408821779099,0.07621708821779097,3.5769599999999997,11.439630074099476,7.862670074099476,0.7340900000000019,9.266119997037066,8.532029997037064,-0.024622699999999997,0.003108174923402429,0.027730874923402427
37600,0.4155380000000001,0.05180832985916456,-0.3637296701408355,16.160790000000002,10.342547138122708,-5.818242861877295,18.21133,8.58652020330857,-9.62480979669143,0.4152191,0.053131261052768386,-0.3620878389472316
37601,0.355538,0.05180832985916456,-0.30372967014083546,15.06079,10.342547138122708,-4.718242861877293,17.611330000000002,8.58652020330857,-9.024809796691432,0.3952191,0.053131261052768386,-0.3420878389472316
37726,0.12238699999999991,0.031929004565764904,-0.09045799543423501,12.805680000000002,9.266309180319904,-3.539370819680098,10.90515,7.409676709013776,-3.495473290986225,0.03145599999999993,0.04185720466948656,0.01040120466948663
37727,0.1023869999999999,0.031929004565764904,-0.07045799543423499,9.40568,9.266309180319904,-0.1393708196800958,8.52515,7.409676709013776,-1.1154732909862242,0.03145599999999993,0.04185720466948656,0.01040120466948663
37789,0.06000899999999998,0.037015802539714204,-0.022993197460285775,14.831130000000002,9.70151194647066,-5.129618053529342,13.666080000000001,10.116344175339345,-3.5497358246606563,0.0684248999999999,0.12418464946874193,0.05575974946874203
37790,0.09558299999999997,0.05004004606973281,-0.045542953930267166,18.63033,12.54381883657856,-6.0865111634214415,17.14777,10.26386026482859,-6.883909735171411,0.1667229,-0.00785010124601171,-0.17457300124601172
37890,-0.10817800000000011,0.04192431767797445,0.15010231767797455,4.8942400000000035,9.258510251480361,4.364270251480358,3.090160000000001,9.98315110868409,6.89299110868409,0.04883590000000004,0.14416003016546225,0.0953241301654622
37898,-0.08817800000000009,0.04192431767797445,0.13010231767797453,5.374240000000004,9.258510251480361,3.8842702514803573,4.100159999999999,9.98315110868409,5.882991108684092,0.05883590000000005,0.14416003016546225,0.0853241301654622
37973,0.1333209999999999,0.07309471678028939,-0.06022628321971052,1.439070000000001,10.704242636735042,9.265172636735041,4.57621,9.77589014992689,5.199680149926891,0.05661309999999997,0.07335850770756272,0.01674540770756275
38487,-0.04363600000000001,0.026671520886804148,0.07030752088680416,8.26624,8.638255657283105,0.3720156572831055,7.2173099999999994,9.446234319827049,2.2289243198270494,0.06105130000000003,0.1455461104022468,0.08449481040224677
38488,-0.02363599999999999,0.026671520886804148,0.05030752088680414,9.566239999999997,8.638255657283105,-0.9279843427168917,9.317309999999999,9.446234319827049,0.12892431982704977,0.10405130000000007,0.1455461104022468,0.04149481040224673
38489,0.006364000000000036,0.026671520886804148,0.020307520886804112,12.066239999999997,8.638255657283105,-3.4279843427168917,14.017309999999998,9.446234319827049,-4.5710756801729495,0.2590513000000001,0.1455461104022468,-0.1135051895977533
38778,0.030312000000000117,0.06207080322427003,0.03175880322426991,12.867569999999999,8.856026339656541,-4.011543660343458,14.250419999999998,10.87099178349039,-3.3794282165096075,0.24931179999999997,0.2032698817744098,-0.04604191822559017
38780,0.05867700000000009,0.06445694599475922,0.005779945994759131,10.88559,8.766834358959173,-2.1187556410408277,11.42638,8.872499128278825,-2.5538808717211747,0.16388749999999996,0.13511757739844768,-0.028769922601552284
38782,0.0014369999999999106,0.06280500099980516,0.061368000999805244,7.298460000000002,8.82858265328812,1.5301226532881174,8.812490000000002,10.256070966502218,1.443580966502216,0.14453720000000003,0.18229994196642146,0.03776274196642143
38810,0.07156600000000013,0.025913458610423205,-0.045652541389576924,7.39648,6.341920120732536,-1.0545598792674644,9.906,8.363258265048312,-1.5427417349516883,0.1392371,0.2015557721738106,0.062318672173810596
38812,0.07556600000000013,0.025913458610423205,-0.04965254138957693,7.606480000000001,6.341920120732536,-1.2645598792674653,9.386000000000001,8.363258265048312,-1.0227417349516887,0.11323710000000009,0.2015557721738106,0.08831867217381051
38826,0.150764,0.07007201003485701,-0.080691989965143,9.409720000000002,8.497954454800084,-0.911765545199918,11.58361,7.9723603157092375,-3.6112496842907627,0.2693011,0.12192606207405485,-0.14737503792594517
38827,0.07876399999999995,0.07007201003485701,-0.008691989965142935,6.169720000000002,8.497954454800084,2.328234454800082,7.94361,7.9723603157092375,0.028750315709237917,0.15530109999999997,0.12192606207405485,-0.03337503792594512
38828,0.155764,0.07007201003485701,-0.085691989965143,10.349720000000001,8.497954454800084,-1.8517655451999175,10.92361,7.9723603157092375,-2.9512496842907625,0.1773011000000001,0.12192606207405485,-0.05537503792594525
38829,0.155764,0.07007201003485701,-0.085691989965143,10.549720000000002,8.497954454800084,-2.0517655451999186,11.08361,7.9723603157092375,-3.1112496842907627,0.1883011,0.12192606207405485,-0.06637503792594515
38831,0.3477640000000001,0.07007201003485701,-0.27769198996514305,17.16972,8.497954454800084,-8.671765545199918,15.81361,7.9723603157092375,-7.841249684290763,0.4363011000000001,0.12192606207405485,-0.31437503792594523
38832,0.127764,0.07007201003485701,-0.05769198996514298,4.56972,8.497954454800084,3.9282344548000836,6.69361,7.9723603157092375,1.278750315709238,0.10030110000000003,0.12192606207405485,0.021624962074054815
38833,-0.06923600000000008,0.07007201003485701,0.1393080100348571,1.989720000000002,8.497954454800084,6.508234454800082,1.7036100000000012,7.9723603157092375,6.268750315709236,0.057301099999999994,0.12192606207405485,0.06462496207405485
38834,-0.059236000000000066,0.07007201003485701,0.1293080100348571,4.3797200000000025,8.497954454800084,4.118234454800081,3.93361,7.9723603157092375,4.038750315709238,0.07730110000000001,0.12192606207405485,0.044624962074054836
38836,-0.06923600000000008,0.07007201003485701,0.1393080100348571,1.74972,8.497954454800084,6.748234454800084,-0.04638999999999882,7.9723603157092375,8.018750315709237,-0.009698899999999955,0.12192606207405485,0.1316249620740548
39141,0.0014879999999999338,0.04229511507584144,0.040807115075841505,6.141820000000003,9.793197931283181,3.6513779312831787,3.2164399999999986,7.960272018778208,4.7438320187782095,-0.05369219999999997,0.04575642427956196,0.09944862427956193
39161,0.16622499999999996,0.030097637070190156,-0.13612736292980981,19.096040000000002,9.351832748519259,-9.744207251480743,19.52153,9.82257586567389,-9.698954134326108,0.19850879999999993,0.1240799753253935,-0.07442882467460643
39163,0.15622499999999995,0.030097637070190156,-0.1261273629298098,14.906040000000004,9.351832748519259,-5.5542072514807455,16.921529999999997,9.82257586567389,-7.098954134326107,0.17450880000000002,0.1240799753253935,-0.05042882467460652
39222,0.05221500000000012,0.0382626161152394,-0.013952383884760722,7.708349999999999,9.630229604840252,1.921879604840253,12.547250000000002,7.801165688487396,-4.746084311512606,0.31226410000000004,0.04532177884683013,-0.2669423211531699
39223,0.042215000000000114,0.0382626161152394,-0.003952383884760713,7.418349999999997,9.630229604840252,2.211879604840256,11.797250000000002,7.801165688487396,-3.9960843115126057,0.2822641000000001,0.04532177884683013,-0.23694232115316993
39350,-0.09102100000000002,0.033034167723533604,0.12405516772353362,7.105720000000005,9.243938379504439,2.1382183795044334,2.0325399999999973,7.382681787376898,5.3501417873769,-0.06192249999999999,0.04129918570592753,0.10322168570592752
39392,0.04981499999999994,0.03339726685471547,-0.016417733145284476,5.8782299999999985,10.208540103984257,4.330310103984258,7.045549999999999,7.208678902355803,0.16312890235580468,0.11202750000000006,0.01993221386080718,-0.09209528613919288
39393,0.08981499999999987,0.03339726685471547,-0.0564177331452844,5.3782299999999985,10.208540103984257,4.830310103984258,6.525549999999999,7.208678902355803,0.6831289023558043,0.07202750000000002,0.01993221386080718,-0.05209528613919284
39433,-0.0608820000000001,0.0430318905143539,0.10391389051435401,5.511850000000003,9.77828406407287,4.266434064072868,3.8847200000000015,7.942275404353624,4.057555404353622,-0.0019947999999999633,0.04538441163718926,0.04737921163718922
39700,0.06253400000000009,0.081907935814909,0.019373935814908913,11.146149999999999,9.626991212216359,-1.51915878778364,8.488349999999999,9.052978196175122,0.5646281961751232,0.0008162000000000447,0.11651849289817737,0.11570229289817732
39701,0.05253400000000008,0.081907935814909,0.029373935814908922,10.44615,9.626991212216359,-0.8191587877836408,8.388349999999999,9.052978196175122,0.6646281961751228,0.06081619999999999,0.11651849289817737,0.05570229289817738
39703,0.11253400000000002,0.081907935814909,-0.03062606418509102,11.346149999999998,9.626991212216359,-1.7191587877836394,9.088349999999998,9.052978196175122,-0.03537180382487648,0.010816199999999943,0.11651849289817737,0.10570229289817742
39887,-0.103707,0.08252177324161669,0.18622877324161669,1.330490000000001,10.039032686015418,8.708542686015416,-1.2855799999999995,9.405216380346538,10.690796380346537,-0.01874140000000002,0.10897483846008071,0.12771623846008073
39888,-0.060707000000000066,0.08252177324161669,0.14322877324161676,2.4504899999999985,10.039032686015418,7.588542686015419,1.4044199999999982,9.405216380346538,8.00079638034654,0.02425860000000002,0.10897483846008071,0.0847162384600807
39889,-0.06570699999999996,0.08252177324161669,0.14822877324161665,1.590489999999999,10.039032686015418,8.448542686015418,0.01442000000000121,9.405216380346538,9.390796380346536,-0.001741400000000115,0.10897483846008071,0.11071623846008083
40018,0.05502600000000002,0.028486037619651183,-0.026539962380348836,7.61889,8.987858607283991,1.3689686072839908,7.265000000000001,9.374677691177512,2.1096776911775112,0.02747069999999996,0.12596809554125615,0.0984973955412562
40019,0.04502600000000001,0.028486037619651183,-0.016539962380348827,6.218889999999998,8.987858607283991,2.768968607283993,4.665000000000001,9.374677691177512,4.709677691177511,-0.0525293,0.12596809554125615,0.17849739554125615
40040,0.02189899999999989,0.049736337242783424,0.027837337242783533,8.78529,9.11537590996168,0.33008590996167975,9.517610000000001,11.169287505092893,1.6516775050928914,0.09322010000000003,0.16060264421037393,0.0673825442103739
40497,-0.018213000000000035,-0.018212999964690682,3.530935266393698e-11,11.620159999999998,11.620159998987827,-1.0121716798039415e-09,7.35717,7.357170000324976,3.249756019840788e-10,-0.024511999999999978,-0.024511999946732137,5.326784152659414e-11
41204,-0.031049000000000104,0.032203903339284745,0.06325290333928485,9.805870000000002,9.262777903184702,-0.5430920968153004,6.354890000000001,7.424413239397525,1.0695232393975243,-0.015150600000000125,0.04290991398527344,0.058060513985273565
41237,-0.009613000000000094,0.031795820998708785,0.04140882099870888,10.505680000000002,9.269231008907173,-1.2364489910928285,7.565150000000001,7.415313348928545,-0.14983665107145594,0.014455999999999913,0.04205684184732347,0.02760084184732356
41238,0.004386999999999919,0.014748324415525163,0.010361324415525244,11.49568,9.643225068077564,-1.852454931922436,8.65515,8.13680325801895,-0.5183467419810501,0.027455999999999925,0.06761040061044885,0.04015440061044892
41251,0.07950899999999994,0.04770210790404264,-0.0318068920959573,9.851770000000002,9.9385098720501,0.08673987205009759,9.865739999999999,8.193061000987768,-1.6726789990122306,0.10065210000000002,0.051454616291228175,-0.04919748370877185
41279,0.025386999999999937,0.032728105968101634,0.007341105968101697,13.905680000000002,9.248778208796292,-4.65690179120371,9.385150000000001,7.375856869525163,-2.0092931304748385,-0.04754400000000014,0.040659381602465045,0.08820338160246519
41325,-0.047784999999999966,0.0382626161152394,0.08604761611523937,7.488349999999997,9.630229604840252,2.1418796048402555,2.497250000000001,7.801165688487396,5.303915688487395,-0.08773589999999998,0.04532177884683013,0.13305767884683012
41326,0.15738699999999994,0.032594922401045515,-0.12479207759895443,10.705680000000001,9.25170003738356,-1.4539799626164402,11.50515,7.381493509439932,-4.1236564905600686,0.12145600000000001,0.04085901878030199,-0.08059698121969802
41327,0.28238699999999994,0.032594922401045515,-0.24979207759895444,14.805680000000002,9.25170003738356,-5.553979962616442,14.70515,7.381493509439932,-7.323656490560068,0.14145599999999992,0.04085901878030199,-0.10059698121969793
41328,0.30238699999999996,0.032594922401045515,-0.26979207759895446,17.405680000000004,9.25170003738356,-8.153979962616443,17.90515,7.381493509439932,-10.523656490560068,0.38145599999999996,0.04085901878030199,-0.34059698121969795
41350,-0.02761300000000011,0.031929004565764904,0.059542004565765014,7.505680000000002,9.266309180319904,1.7606291803199028,7.805150000000001,7.409676709013776,-0.3954732909862253,0.1314559999999999,0.04185720466948656,-0.08959879533051335
41367,0.30238699999999996,0.032594922401045515,-0.26979207759895446,11.925680000000003,9.25170003738356,-2.6739799626164427,12.44515,7.381493509439932,-5.063656490560068,0.03145599999999993,0.04085901878030199,0.009403018780302058
41538,0.05852900000000005,0.050832356865916764,-0.007696643134083289,3.2787599999999983,8.876635333127389,5.597875333127391,12.536719999999999,9.935379253592483,-2.601340746407516,0.46920370000000006,0.14285311845615034,-0.3263505815438497
41539,0.06852900000000006,0.050832356865916764,-0.017696643134083298,5.278759999999998,8.876635333127389,3.5978753331273907,13.92672,9.935379253592483,-3.9913407464075163,0.5092037,0.14285311845615034,-0.3663505815438497
41540,0.05852900000000005,0.050832356865916764,-0.007696643134083289,3.988759999999999,8.876635333127389,4.88787533312739,5.866719999999999,9.935379253592483,4.068659253592484,0.0992037,0.14285311845615034,0.043649418456150335
41541,0.08852899999999997,0.050832356865916764,-0.037696643134083205,4.278759999999998,8.876635333127389,4.597875333127391,6.566719999999998,9.935379253592483,3.368659253592485,0.0992037,0.14285311845615034,0.043649418456150335
41678,0.3702383,0.030485220766966505,-0.3397530792330335,18.62678,7.931682644725123,-10.695097355274877,15.89093,8.105181026601791,-7.78574897339821,0.46802509999999997,0.13789878993472676,-0.3301263100652732
41746,-0.038112000000000146,0.03090384200621027,0.06901584200621041,7.97804,8.502056765115087,0.5240167651150873,6.362019999999999,6.778705471676239,0.4166854716762396,0.06489519999999993,0.05593530408717273,-0.008959895912827198
41747,-0.038112000000000146,0.03090384200621027,0.06901584200621041,5.97804,8.502056765115087,2.5240167651150873,6.26202,6.778705471676239,0.5166854716762392,0.034895199999999904,0.05593530408717273,0.02104010408717283
41748,-0.048112000000000155,0.03090384200621027,0.07901584200621042,4.97804,8.502056765115087,3.5240167651150873,3.3620199999999993,6.778705471676239,3.4166854716762396,0.024895200000000006,0.05593530408717273,0.031040104087172726
41749,-0.048112000000000155,0.03090384200621027,0.07901584200621042,4.378040000000002,8.502056765115087,4.124016765115085,4.362019999999999,6.778705471676239,2.4166854716762396,0.014895199999999997,0.05593530408717273,0.041040104087172735
41823,0.058694000000000135,0.01637414028530232,-0.042319859714697816,19.70765,8.354133031903498,-11.353516968096503,18.1997,6.4586956958201185,-11.741004304179882,0.1525301,0.03497447037764487,-0.11755562962235513
41876,0.06793399999999994,0.0405644780581656,-0.02736952194183434,4.06833,8.591775645693335,4.523445645693336,4.240360000000001,6.971550552442913,2.7311905524429125,0.02952010000000005,0.07152323293003054,0.042003132930030496
41908,0.009717700000000051,0.020642394689343382,0.010924694689343331,8.805240000000001,8.467885240318319,-0.3373547596816824,8.571629999999999,7.957789222947325,-0.6138407770526744,0.09719449999999996,0.11175578841500969,0.014561288415009727
42007,-0.08114550000000009,0.022454657316146848,0.10360015731614694,6.02018,8.666024678302492,2.645844678302492,3.5999199999999973,8.103175752767402,4.503255752767405,-0.01939920000000006,0.10637542809263406,0.12577462809263412
42008,-0.10114550000000011,0.022454657316146848,0.12360015731614696,4.120180000000001,8.666024678302492,4.54584467830249,0.9499199999999988,8.103175752767402,7.153255752767404,-0.01939920000000006,0.10637542809263406,0.12577462809263412
42009,-0.0911455000000001,0.022454657316146848,0.11360015731614695,4.620180000000001,8.666024678302492,4.04584467830249,2.4499199999999988,8.103175752767402,5.653255752767404,0.030600799999999984,0.10637542809263406,0.07577462809263408
42123,0.028456000000000037,0.044365561749386155,0.01590956174938612,0.716190000000001,8.51563673719431,7.799446737194309,2.4027600000000007,9.549526914033633,7.146766914033632,0.0694509000000001,0.1395881814566437,0.07013728145664361
42173,0.06238699999999997,0.0657742439153465,0.003387243915346533,26.56568,8.723764265236841,-17.84191573476316,19.40515,8.0869381872993,-11.3182118127007,0.24145599999999995,0.10830624110495154,-0.1331497588950484
42174,0.1023869999999999,0.0657742439153465,-0.03661275608465339,10.38568,8.723764265236841,-1.6619157347631592,11.40515,8.0869381872993,-3.318211812700701,0.16145599999999993,0.10830624110495154,-0.05314975889504839
42175,0.19238699999999997,0.0657742439153465,-0.12661275608465347,16.77568,8.723764265236841,-8.05191573476316,15.305150000000001,8.0869381872993,-7.218211812700702,0.18145599999999995,0.10830624110495154,-0.0731497588950484
