Ref_ID,delta_Voc_true,delta_Voc_pred,delta_Voc_error,delta_Jsc_true,delta_Jsc_pred,delta_Jsc_error,delta_PCE_true,delta_PCE_pred,delta_PCE_error,delta_FF_true,delta_FF_pred,delta_FF_error
20,0.10898999999999992,0.044183157,-0.06480684261560432,12.851590000000002,9.839295,-3.012294612731935,10.28508,7.992754,-2.2923260174560554,-0.006516399999999978,0.01919569,0.025712090751075722
22,-0.041154000000000135,-0.009907061,0.03124693876588358,13.580079999999999,11.703821,-1.8762588177490223,12.088349999999998,10.220948,-1.867401780700682,0.10617929999999998,0.089185886,-0.01699341391496656
23,-0.07115400000000016,-0.009907061,0.06124693876588361,11.580079999999999,11.703821,0.12374118225097774,9.18835,10.220948,1.0325982192993166,0.059179300000000046,0.089185886,0.03000658608503337
24,-0.08115400000000017,-0.009907061,0.07124693876588362,11.250079999999997,11.703821,0.4537411822509796,8.18835,10.220948,2.0325982192993166,0.03317930000000002,0.089185886,0.056006586085033394
25,-0.051154000000000144,-0.009907061,0.04124693876588359,11.70008,11.703821,0.003741182250976749,10.388349999999999,10.220948,-0.16740178070068268,0.09517929999999997,0.089185886,-0.00599341391496655
26,-0.041154000000000135,-0.009907061,0.03124693876588358,13.580079999999999,11.703821,-1.8762588177490223,12.088349999999998,10.220948,-1.867401780700682,0.10617929999999998,0.089185886,-0.01699341391496656
27,-0.08115400000000017,-0.009907061,0.07124693876588362,11.250079999999997,11.703821,0.4537411822509796,8.18835,10.220948,2.0325982192993166,0.03317930000000002,0.089185886,0.056006586085033394
72,-0.09866200000000003,0.01945392,0.11811592042398456,5.228439999999999,8.908738,3.680298136291505,2.2971799999999973,7.216455,4.919274982757571,-0.004401800000000011,0.043359715,0.04776151549153329
89,0.021665000000000045,0.024533316,0.0028683164930343175,8.310340000000004,9.29395,0.9836100808715784,7.1113,6.9453206,-0.1659793937683105,0.045322799999999996,0.030271819,-0.015050981138634678
90,-0.07833500000000004,0.024533316,0.1028683164930344,5.310340000000004,9.29395,3.9836100808715784,2.9113000000000007,6.9453206,4.034020606231689,0.01532279999999997,0.030271819,0.014949018861365349
91,-0.07833500000000004,0.024533316,0.1028683164930344,6.310340000000004,9.29395,2.9836100808715784,5.1113,6.9453206,1.8340206062316895,0.07532280000000002,0.030271819,-0.045050981138634705
169,-0.028512000000000093,0.017256478,0.045768477847695443,6.381820000000001,8.762255,2.380434714965819,2.5964399999999976,6.206666,3.6102259927368188,-0.06569219999999998,0.021202039,0.08689423897356985
170,-0.008512000000000075,0.017256478,0.025768477847695426,7.301820000000003,8.762255,1.4604347149658174,4.096439999999999,6.206666,2.110225992736817,-0.04369219999999996,0.021202039,0.06489423897356983
171,0.04148799999999997,0.017256478,-0.02423152215230462,7.151820000000004,8.762255,1.610434714965816,5.9264399999999995,6.206666,0.2802259927368169,0.018307800000000096,0.021202039,0.0028942389735697738
267,-0.11485750000000006,-0.0068838266,0.10797367342755204,5.84205,6.8464093,1.0043593208312984,2.4481800000000007,6.652974,4.204794128723144,0.0021046999999999594,0.08459131,0.08248660674600605
297,0.012386999999999926,0.025162268,0.012775268429994657,8.535680000000003,9.506364,0.9706838687133761,6.09515,7.2441688,1.1490187583923337,-0.005544000000000104,0.03566843,0.04121242898726474
391,0.13438699999999992,0.023579182,-0.11080781789672367,5.09768,8.961051,3.863370987243652,6.34515,7.15351,0.8083600936889646,0.024455999999999922,0.038508896,0.014052895784616548
411,-0.059236000000000066,0.005998057,0.0652340568476022,1.2597200000000015,5.576781,4.317060796051024,0.9736100000000008,4.3043227,3.330712719573974,0.04030109999999998,0.021235837,-0.019065263330197313
412,-0.059236000000000066,0.005998057,0.0652340568476022,0.8897200000000005,5.576781,4.687060796051025,-0.37639000000000067,4.3043227,4.680712719573975,0.0003011000000000541,0.021235837,0.02093473666980261
413,-0.08023599999999997,0.005998057,0.0862340568476021,0.8697200000000009,5.576781,4.7070607960510245,-1.6763900000000014,4.3043227,5.980712719573976,-0.03969889999999998,0.021235837,0.06093473666980265
414,-0.09223599999999998,0.005998057,0.09823405684760211,0.1297200000000025,5.576781,5.447060796051023,-2.706389999999999,4.3043227,7.010712719573974,-0.04969889999999999,0.021235837,0.07093473666980266
415,-0.09023599999999998,0.005998057,0.09623405684760211,1.149720000000002,5.576781,4.427060796051023,-1.336389999999998,4.3043227,5.640712719573973,-0.029698899999999973,0.021235837,0.05093473666980264
475,0.04858899999999999,0.015836919,-0.03275208127343654,12.73254,8.186578,-4.545962203063965,13.378440000000001,7.967654,-5.410785771789552,0.23888559999999992,0.10721551,-0.13167009118137352
529,-0.03254800000000002,0.028698426,0.06124642574000361,7.878070000000001,6.406496,-1.4715739520263682,7.11388,8.047853,0.9339734698486328,0.07242290000000007,0.120333396,0.047910495898342065
853,-0.007784999999999931,0.024228927,0.03201392674803727,8.338349999999998,9.433832,1.0954821685791032,6.567250000000001,6.9011946,0.3339445724487291,0.06626410000000005,0.011259854,-0.05500424616012578
854,-0.03778499999999996,0.024228927,0.062013926748037296,7.43835,9.433832,1.9954821685791018,4.247250000000001,6.9011946,2.6539445724487294,0.009264100000000108,0.011259854,0.0019957538398741592
855,0.012215000000000087,0.024228927,0.012013926748037251,10.338349999999998,9.433832,-0.9045178314208968,7.3572500000000005,6.9011946,-0.45605542755127004,0.04126410000000014,0.011259854,-0.03000424616012587
919,-0.048904999999999976,0.04184262,0.09074762081980703,8.654140000000002,10.5652,1.9110598519897444,6.094740000000002,8.265202,2.170461568603514,0.005674199999999963,0.060649812,0.05497561222152714
924,0.0955379999999999,0.098387815,0.002849815058231453,11.14883,10.059246,-1.0895839367675784,12.097650000000002,10.987527,-1.110123106384279,0.06766990000000006,0.04328642,-0.02438347959508902
925,0.14553799999999995,0.098387815,-0.04715018494176859,10.548830000000002,10.059246,-0.4895839367675805,12.29765,10.987527,-1.3101231063842782,0.06366989999999995,0.04328642,-0.020383479595088905
926,0.0955379999999999,0.098387815,0.002849815058231453,10.748830000000002,10.059246,-0.6895839367675798,10.29765,10.987527,0.6898768936157218,0.002669900000000003,0.04328642,0.04061652040491104
927,0.12553799999999993,0.098387815,-0.027150184941768574,10.548830000000002,10.059246,-0.4895839367675805,11.197650000000001,10.987527,-0.21012310638427856,0.027669900000000025,0.04328642,0.015616520404911016
928,0.08553799999999989,0.098387815,0.012849815058231462,10.64883,10.059246,-0.5895839367675784,9.49765,10.987527,1.4898768936157225,-0.02433010000000002,0.04328642,0.06761652040491106
929,0.14553799999999995,0.098387815,-0.04715018494176859,10.64883,10.059246,-0.5895839367675784,12.197650000000001,10.987527,-1.2101231063842786,0.05466990000000005,0.04328642,-0.011383479595089008
930,0.10553799999999991,0.098387815,-0.007150184941768556,11.14883,10.059246,-1.0895839367675784,10.597650000000002,10.987527,0.3898768936157211,-0.009330100000000008,0.04328642,0.05261652040491105
931,0.19553799999999988,0.098387815,-0.09715018494176852,10.548830000000002,10.059246,-0.4895839367675805,13.79765,10.987527,-2.810123106384278,0.10166989999999998,0.04328642,-0.05838347959508894
932,0.10553799999999991,0.098387815,-0.007150184941768556,10.14883,10.059246,-0.08958393676757836,10.89765,10.987527,0.08987689361572215,0.03566990000000003,0.04328642,0.007616520404911009
946,0.022823999999999955,0.037753742,0.0149297421882153,8.532060000000001,8.305447,-0.22661337524414193,10.913789999999999,10.050294,-0.8634960775756824,0.23265439999999993,0.16885954,-0.06379485858383172
949,0.01682399999999995,0.037753742,0.020929742188215306,6.882059999999999,8.305447,1.4233866247558602,8.68379,10.050294,1.3665039224243163,0.16165439999999998,0.16885954,0.007205141416168237
950,0.03682399999999997,0.037753742,0.0009297421882152879,7.5720600000000005,8.305447,0.7333866247558589,9.583789999999999,10.050294,0.4665039224243177,0.1756544,0.16885954,-0.0067948585838317754
951,0.01682399999999995,0.037753742,0.020929742188215306,6.882059999999999,8.305447,1.4233866247558602,8.68379,10.050294,1.3665039224243163,0.16165439999999998,0.16885954,0.007205141416168237
952,0.020823999999999954,0.037753742,0.016929742188215302,9.91206,8.305447,-1.606613375244141,11.60379,10.050294,-1.5534960775756836,0.2026544,0.16885954,-0.0337948585838318
1145,-0.03778499999999996,0.024228927,0.062013926748037296,7.84835,9.433832,1.5854821685791016,4.317250000000001,6.9011946,2.583944572448729,-0.03173590000000004,0.011259854,0.04299575383987431
1147,-0.047784999999999966,0.024228927,0.0720139267480373,7.958349999999999,9.433832,1.4754821685791022,4.387250000000002,6.9011946,2.513944572448729,-0.027735899999999925,0.011259854,0.03899575383987419
1148,-0.047784999999999966,0.024228927,0.0720139267480373,7.34835,9.433832,2.0854821685791016,3.827250000000003,6.9011946,3.0739445724487275,-0.029735899999999926,0.011259854,0.040995753839874194
1149,-0.047784999999999966,0.024228927,0.0720139267480373,8.11835,9.433832,1.315482168579102,4.407250000000001,6.9011946,2.4939445724487292,-0.036735900000000044,0.011259854,0.04799575383987431
1150,-0.047784999999999966,0.024228927,0.0720139267480373,7.948349999999998,9.433832,1.4854821685791038,4.0972500000000025,6.9011946,2.803944572448728,-0.04373589999999994,0.011259854,0.054995753839874206
1152,-0.07778499999999999,0.024228927,0.10201392674803733,7.968349999999997,9.433832,1.4654821685791042,3.4072500000000012,6.9011946,3.4939445724487292,-0.04773589999999994,0.011259854,0.05899575383987421
1153,-0.047784999999999966,0.024228927,0.0720139267480373,7.858349999999998,9.433832,1.5754821685791036,4.05725,6.9011946,2.8439445724487307,-0.03373589999999993,0.011259854,0.0449957538398742
1166,-0.025123000000000006,0.034970082,0.06009308234262467,10.868780000000001,10.088083,-0.7806967327880869,8.71107,9.491783,0.7807131420898443,0.07799310000000004,0.07763982,-0.0003532818084717171
1241,-0.08093600000000001,0.023611093,0.10454709293997289,6.871929999999999,8.044236,1.172306183166505,4.97016,6.9989886,2.0288286283874513,0.04375220000000002,0.10372824,0.059976042218494396
1242,-0.08093600000000001,0.023611093,0.10454709293997289,6.871929999999999,8.044236,1.172306183166505,4.97016,6.9989886,2.0288286283874513,0.04375220000000002,0.10372824,0.059976042218494396
1352,0.011989999999999945,0.037347123,0.025357123026847894,5.66159,9.769867,4.108276943359375,3.0350800000000007,7.342019,4.306939081115722,-0.04651640000000001,0.03072774,0.07724414037718774
1354,-0.07801000000000013,0.037347123,0.11535712302684797,5.041590000000003,9.769867,4.728276943359372,0.07507999999999981,7.342019,7.266939081115723,-0.08451640000000005,0.03072774,0.11524414037718778
1356,-0.07951200000000003,0.018466659,0.09797865889024737,6.721820000000001,9.248053,2.5262325970458974,3.0164399999999993,6.4490786,3.432638559875489,-0.04269220000000007,0.012634508,0.055326708311748574
1360,-0.049512,0.018466659,0.06797865889024735,11.831820000000004,9.248053,-2.5837674029541056,6.716439999999999,6.4490786,-0.26736144012451035,-0.06469219999999987,0.012634508,0.07732670831174837
1362,-0.08351200000000003,0.018466659,0.10197865889024738,6.031820000000003,9.248053,3.216232597045895,1.0964399999999976,6.4490786,5.352638559875491,-0.07769219999999999,0.012634508,0.0903267083117485
1363,-0.08051200000000014,0.018466659,0.09897865889024748,5.791820000000001,9.248053,3.456232597045897,1.326439999999998,6.4490786,5.12263855987549,-0.06269219999999998,0.012634508,0.07532670831174848
1365,-0.08851200000000015,0.018466659,0.10697865889024749,6.421820000000004,9.248053,2.8262325970458946,1.6164400000000008,6.4490786,4.8326385598754875,-0.06669219999999998,0.012634508,0.07932670831174848
1507,0.012513999999999914,0.02526217,0.012748169539928522,9.17998,8.656718,-0.523261745910645,6.937480000000001,7.15351,0.2160300936889641,0.013848599999999989,0.044120047,0.030271447241449367
1612,-0.12320760000000008,-0.012002907,0.11120469323793658,6.627849999999999,6.1340456,-0.4938043991088854,6.314879999999999,5.789622,-0.5252581700134265,0.16362789999999994,0.15839036,-0.0052375419095992415
1613,0.025188999999999906,-0.0039144782,-0.029103478234946634,7.72472,5.233831,-2.4908890711975094,2.6573899999999995,3.6160712,0.958681224212647,-0.13557419999999998,0.04321885,0.17879305108947752
1614,-0.019187000000000065,-0.002232253,0.016954746914178198,1.9827999999999992,4.478671,2.495871073913575,0.860557,3.6516166,2.79105957333374,-0.01110600000000006,0.10475275,0.11585874920463568
1615,-0.09141730000000003,-0.03733938,0.0540779218516827,3.299900000000001,5.95907,2.6591702056884756,2.9269100000000012,4.60358,1.6766699980163562,0.09641650000000002,0.10120474,0.0047882380208968955
1616,0.10381299999999993,-0.002232253,-0.1060452530858218,2.912799999999999,4.478671,1.5658710739135753,5.190557,3.6516166,-1.5389404266662599,0.32689400000000013,0.10475275,-0.2221412507953645
1821,0.0823830000000001,0.077454984,-0.004928015811920261,14.43186,12.319825,-2.112034827575684,14.66864,12.954979,-1.7136610571289062,0.12868599999999997,0.114306375,-0.014379624615669218
1822,0.07238300000000009,0.077454984,0.005071984188079748,12.731859999999998,12.319825,-0.4120348275756811,12.71864,12.954979,0.23633894287109314,0.09768599999999994,0.114306375,0.01662037538433081
2024,0.031665000000000054,0.023323135,-0.008341864549517686,7.300340000000002,8.80815,1.507810291442869,6.0013000000000005,6.7968826,0.7955826293945307,0.01532279999999997,0.029360352,0.014037552084040672
2025,0.031665000000000054,0.023323135,-0.008341864549517686,7.410340000000005,8.80815,1.397810291442866,5.0113,6.7968826,1.785582629394531,-0.034677199999999964,0.029360352,0.0640375520840406
2026,-0.04833500000000002,0.023323135,0.07165813545048239,7.190340000000003,8.80815,1.6178102914428685,2.7113000000000014,6.7968826,4.08558262939453,-0.0746772,0.029360352,0.10403755208404064
2027,0.18166500000000008,0.023323135,-0.1583418645495177,8.710340000000002,8.80815,0.0978102914428689,8.8613,6.7968826,-2.0644173706054687,0.01532279999999997,0.029360352,0.014037552084040672
2028,0.05166500000000007,0.023323135,-0.028341864549517704,8.910340000000005,8.80815,-0.10218970855713394,7.2113,6.7968826,-0.41441737060546835,0.017322800000000083,0.029360352,0.01203755208404056
2029,0.0776650000000001,0.023323135,-0.05434186454951773,7.110340000000004,8.80815,1.6978102914428668,6.901299999999999,6.7968826,-0.10441737060546785,0.03532279999999999,0.029360352,-0.005962447915959346
2030,0.0766650000000001,0.023323135,-0.053341864549517726,7.110340000000004,8.80815,1.6978102914428668,6.331300000000001,6.7968826,0.46558262939453066,0.007322800000000074,0.029360352,0.022037552084040568
2031,0.04666500000000007,0.023323135,-0.0233418645495177,7.110340000000004,8.80815,1.6978102914428668,4.401299999999999,6.7968826,2.395582629394532,-0.06467719999999999,0.029360352,0.09403755208404063
2032,0.2016650000000001,0.023323135,-0.17834186454951773,8.810340000000004,8.80815,-0.0021897085571325192,9.7913,6.7968826,-2.9944173706054684,0.0503228,0.029360352,-0.02096244791595936
2039,0.9943960000000001,0.2938003,-0.7005957056007386,31.257279999999994,22.38836,-8.868920930175776,13.1925,11.989207,-1.2032927322387703,0.16212749999999998,0.14707159,-0.015055914940834025
2078,0.13155400000000006,0.08229379,-0.04926020644092566,25.90036,15.654044,-10.246315848693847,20.512600000000003,12.120636,-8.391964013671878,0.23002840000000002,0.09312285,-0.13690555262174608
2085,-0.0890740000000001,-0.0072362875,0.0818377125365437,5.194769999999998,7.3309646,2.1361945652771013,10.043779999999998,7.4525256,-2.5912543843078595,0.23568959999999994,0.1532206,-0.08246900607070917
2086,-0.04907400000000006,-0.0072362875,0.04183771253654367,5.894769999999998,7.3309646,1.436194565277102,7.473779999999998,7.4525256,-0.021254384307859198,0.1626896,0.1532206,-0.009469006070709218
2087,-0.019074000000000035,-0.0072362875,0.011837712536543643,7.694769999999998,7.3309646,-0.3638054347228987,9.503779999999999,7.4525256,-2.0512543843078603,0.1876896,0.1532206,-0.03446900607070924
2099,-0.04815400000000003,0.064014934,0.11216893400335315,4.81475,9.181752,4.3670022048950194,4.805869999999999,9.72531,4.91944032562256,0.07766270000000008,0.12604727,0.04838456850986472
2115,-0.07377500000000015,0.026379498,0.10015449772179141,9.246040000000004,11.220254,1.9742139443969684,8.62153,11.741066,3.1195359790039063,0.09850879999999995,0.11543975,0.016930950254154253
2699,0.20542700000000003,0.101345636,-0.10408136404943469,17.65475,12.216099,-5.438651214599609,18.11934,14.741059,-3.3782806967163097,0.08701829999999988,0.1541937,0.06717539935989392
2757,-0.03398239999999997,0.007138461,0.04112086087455746,10.1113,9.876657,-0.2346434677124023,7.798629999999999,7.40344,-0.3951900013732903,0.026508100000000034,0.07474709,0.048238993021869625
2837,-0.009128000000000025,0.064428866,0.07355686590957644,7.0259300000000025,9.283944,2.258014129943845,5.4815000000000005,7.3462977,1.8647977409362788,0.025827899999999904,0.060282893,0.03445499347887049
2844,0.20542700000000003,0.101345636,-0.10408136404943469,18.69475,12.216099,-6.4786512145996085,18.849339999999998,14.741059,-4.108280696716307,0.0990183,0.1541937,0.055175399359893795
2874,-8.900000000000574e-05,0.028189424,0.028278424425363546,7.625859999999999,9.179646,1.5537855383300787,5.19356,7.9229665,2.729406480255127,-0.01323350000000001,0.0874004,0.10063389914846421
2875,0.06991100000000006,0.028189424,-0.041721575574636516,7.835859999999997,9.179646,1.3437855383300814,9.743559999999999,7.9229665,-1.8205935197448717,0.18676649999999995,0.0874004,-0.09936610085153574
2876,0.08991099999999996,0.028189424,-0.06172157557463642,9.85586,9.179646,-0.6762144616699217,12.00356,7.9229665,-4.080593519744873,0.2367665,0.0874004,-0.1493661008515358
2877,-0.057613000000000136,0.025162268,0.08277526842999472,6.955680000000001,9.506364,2.550683868713378,2.9451500000000017,7.2441688,4.299018758392332,-0.04854400000000003,0.03566843,0.08421242898726466
2900,0.03198999999999996,0.019131301,-0.012858699029087983,7.4415900000000015,8.579027,1.1374371759033188,6.205080000000001,7.2165766,1.0114965762329096,0.021483599999999936,0.044140775,0.022657174756670062
2901,-0.04801000000000011,0.019131301,0.06714130097091209,7.0615900000000025,8.579027,1.5174371759033178,3.9550800000000024,7.2165766,3.261496576232908,-0.014516399999999985,0.044140775,0.05865717475666998
3218,0.012386999999999926,0.023579182,0.011192182103276327,9.58568,8.961051,-0.6246290127563476,6.12515,7.15351,1.0283600936889652,-0.041544000000000025,0.038508896,0.0800528957846165
3384,-0.007613000000000092,0.023579182,0.031192182103276345,9.075680000000002,8.961051,-0.11462901275634962,6.92515,7.15351,0.22836009368896448,0.03145599999999993,0.038508896,0.007052895784616542
3385,-0.007613000000000092,0.023579182,0.031192182103276345,6.74568,8.961051,2.2153709872436522,5.50515,7.15351,1.6483600936889644,0.04145599999999994,0.038508896,-0.002947104215383467
3415,0.002386999999999917,0.023579182,0.021192182103276336,7.2256800000000005,8.961051,1.7353709872436518,10.00515,7.15351,-2.8516399063110356,0.221456,0.038508896,-0.18294710421538352
3499,-0.022612999999999994,0.025162268,0.04777526842999458,8.705680000000001,9.506364,0.8006838687133779,6.10515,7.2441688,1.139018758392334,0.014455999999999913,0.03566843,0.02121242898726472
3503,0.055593399999999904,0.074446864,0.018853464426136113,10.060030000000001,9.065621,-0.9944086239624035,8.46496,8.617736,0.152775862731934,0.033296800000000015,0.09973339,0.06643658991403578
3504,0.06326029999999994,0.09567599,0.03241568998546607,10.113310000000002,8.837878,-1.2754317727661153,8.83856,8.732282,-0.10627831512451102,0.0494325000000001,0.118929505,0.06949700534820547
3505,0.11307089999999997,0.09567599,-0.01739491001453397,7.685870000000001,8.220236,0.5343658245849596,8.282560000000002,8.365685,0.08312546295165824,0.07635189999999992,0.08531258,0.008960682552433097
3506,0.1269038,0.08309881,-0.04380499355916978,6.469799999999999,8.699173,2.229372973632813,9.61413,8.146736,-1.4673938549804681,0.1857726999999999,0.1146303,-0.07114240317363729
3552,-0.071075,0.035171777,0.10624677700996399,3.4377199999999988,8.069117,4.631396592407228,4.935819999999998,8.483542,3.5477224423217795,0.14329009999999998,0.12891737,-0.014372733733749365
3553,-0.10107500000000003,0.035171777,0.13624677700996402,2.887719999999998,8.069117,5.1813965924072285,2.9458199999999977,8.483542,5.53772244232178,0.09829009999999994,0.12891737,0.030627266266250674
3554,-0.11107500000000003,0.035171777,0.14624677700996402,3.257719999999999,8.069117,4.8113965924072275,3.9958199999999984,8.483542,4.487722442321779,0.13129009999999997,0.12891737,-0.002372733733749355
3568,-0.07761300000000015,0.023579182,0.1011921821032764,8.63568,8.961051,0.32537098724365165,4.60515,7.15351,2.5483600936889648,-0.018544000000000005,0.038508896,0.057052895784616475
3655,0.14238699999999993,0.025162268,-0.11722473157000535,11.075680000000002,9.506364,-1.569316131286623,11.82515,7.2441688,-4.580981241607667,0.14445599999999992,0.03566843,-0.10878757101273528
3697,0.04356000000000004,0.042485792,-0.001074207810163541,9.923950000000001,9.958425,0.03447456817626815,13.021430000000002,10.143703,-2.877726539306643,0.2727328,0.15012915,-0.12260364567546844
3698,0.06256000000000006,0.042485792,-0.020074207810163558,7.32395,9.958425,2.6344745681762696,10.021430000000002,10.143703,0.1222734606933571,0.1657328,0.15012915,-0.015603645675468458
3699,0.04156000000000004,0.042485792,0.0009257921898364607,8.223950000000002,9.958425,1.7344745681762674,9.521430000000002,10.143703,0.6222734606933571,0.1377328,0.15012915,0.012396354324531567
3700,0.06056000000000006,0.042485792,-0.018074207810163556,10.52395,9.958425,-0.5655254318237297,12.221430000000002,10.143703,-2.077726539306642,0.22373279999999995,0.15012915,-0.0736036456754684
3701,0.04856000000000005,0.042485792,-0.0060742078101635455,8.423950000000001,9.958425,1.5344745681762681,8.021430000000002,10.143703,2.122273460693357,0.1417328,0.15012915,0.008396354324531563
3709,-0.06148600000000015,0.021855233,0.08334123323714748,8.263110000000001,8.163474,-0.09963591705322372,9.182830000000001,8.049846,-1.1329843045043955,0.18898579999999998,0.10734883,-0.08163697049217222
3789,-0.047784999999999966,0.023018746,0.07080374570548531,4.338349999999998,8.948034,4.609684286499025,1.707250000000002,6.7968826,5.089632629394529,-0.07773589999999997,0.022935443,0.10067134262647626
3822,0.12687400000000004,0.09658326,-0.03029073791408543,13.205739999999999,12.132472,-1.0732679617309557,11.694909999999998,11.123108,-0.5718020898437484,0.06629810000000003,0.08174107,0.015442972237491581
3823,0.21777599999999997,0.104403436,-0.11337256381607053,13.50573,12.132472,-1.3732579617309568,13.27467,11.18537,-2.0892995547485356,0.10399120000000006,0.08174107,-0.022250127762508454
3824,0.23875599999999997,0.12519307,-0.11356292565441128,14.405720000000004,12.132472,-2.273247961730961,13.698649999999997,11.072686,-2.625963804626462,0.09943730000000006,0.08283723,-0.016600068542766633
3825,0.26937999999999995,0.11505322,-0.15432677841663356,14.555710000000001,12.001657,-2.5540534677124036,13.9799,11.235537,-2.744363424682618,0.0853756,0.08416361,-0.0012119863825797994
3826,0.260035,0.09874267,-0.16129232868909837,14.725700000000002,11.6448965,-3.080803492736818,14.618500000000001,11.223194,-3.395305877685548,0.14720520000000004,0.10960054,-0.037604663474750555
3827,0.3823869999999999,0.034322325,-0.3480646748597621,19.805680000000002,9.356517,-10.449163161926272,17.21515,7.7177525,-9.497397543334962,0.13345600000000002,0.041686468,-0.0917695321736336
3903,-0.04657800000000001,0.01022206,0.05680005967456103,8.36578,9.822942,1.4571617800903311,6.605729999999999,7.6696343,1.063904342193604,0.05507470000000003,0.05287738,-0.002197318556022676
3953,-0.08910499999999999,-0.0138638085,0.07524119152456521,4.127230000000001,6.465656,2.338425803680419,2.9410600000000002,6.859549,3.918489045562744,0.053047100000000014,0.1054579,0.052410801954650865
3955,-0.019104999999999928,-0.0138638085,0.0052411915245651475,5.227229999999999,6.465656,1.2384258036804212,15.251060000000003,6.859549,-8.391510954437258,0.5230471,0.1054579,-0.4175891980453491
4012,0.003422000000000036,-0.0063129324,-0.009734932353466785,8.035780000000003,8.927829,0.8920487887573216,8.10573,7.4935803,-0.6121496586608881,0.10707470000000008,0.055533383,-0.051541316958379824
4028,0.05238699999999996,0.039485775,-0.012901225065708122,8.105680000000003,9.1733675,1.0676875003051727,6.00515,7.624601,1.6194508872985836,-0.028544000000000014,0.029651813,0.05819581320905687
4076,0.16574499999999992,0.053956497,-0.1117885025393962,8.708979999999997,10.579719,1.870738589782718,10.226890000000001,7.200215,-3.0266751371765146,0.14256879999999994,0.03985253,-0.10271627023582452
4101,-0.007613000000000092,0.034322325,0.0419353251402379,5.4756800000000005,9.356517,3.88083683807373,6.03515,7.7177525,1.6826024566650393,0.09445599999999998,0.041686468,-0.05276953217363356
4102,-0.057613000000000136,0.034322325,0.09193532514023794,4.625680000000003,9.356517,4.730836838073728,3.235150000000001,7.7177525,4.482602456665038,0.03545600000000004,0.041686468,0.0062304678263663815
4172,-0.07761300000000015,0.034322325,0.11193532514023796,5.805680000000002,9.356517,3.550836838073728,4.70515,7.7177525,3.0126024566650393,0.07145599999999996,0.041686468,-0.02976953217363354
4174,-0.0176130000000001,0.034322325,0.05193532514023791,7.605680000000003,9.356517,1.7508368380737274,8.805150000000001,7.7177525,-1.087397543334962,0.16345599999999993,0.041686468,-0.12176953217363351
4200,-0.08910499999999999,-0.028374076,0.06073092411041259,9.36723,9.046946,-0.3202844281005852,9.181060000000002,6.50069,-2.6803700166320823,0.1630471,0.12218282,-0.040864276282405854
4237,0.05238699999999996,0.023579182,-0.02880781789672371,9.29568,8.961051,-0.3346290127563485,9.225150000000001,7.15351,-2.0716399063110362,0.10145599999999999,0.038508896,-0.06294710421538352
4239,0.2423869999999999,0.023579182,-0.21880781789672366,15.365680000000001,8.961051,-6.404629012756349,16.04515,7.15351,-8.891639906311035,0.271456,0.038508896,-0.2329471042153835
4300,0.08238699999999999,0.023579182,-0.058807817896723735,11.125680000000003,8.961051,-2.1646290127563503,9.24515,7.15351,-2.091639906311036,0.02145599999999992,0.038508896,0.01705289578461655
4301,0.05181100000000005,0.039302096,-0.012508904229164175,10.29099,8.900363,-1.3906270315551765,7.8813200000000005,7.1927524,-0.6885676387023931,-0.003105399999999925,0.03693223,0.040037629995727464
4302,0.03376000000000001,0.07379184,0.04003183918237685,16.820030000000003,11.973647,-4.846382882385257,12.043650000000001,8.745747,-3.297903387451173,-0.013672399999999918,0.040240902,0.05391330245366088
4303,0.02191199999999993,0.024598576,0.002686576128482887,7.332460000000001,8.078382,0.7459215383911122,5.6569,6.634005,0.9771050697326658,0.0072030000000000705,0.037250288,0.03004728783082955
4304,0.04074400000000011,0.047780696,0.0070366963026522455,7.22297,8.078382,0.8554115383911132,5.793099999999999,6.703381,0.910281061553956,0.0024186000000000485,0.038210742,0.03579214217557902
4305,0.11630800000000008,0.043344606,-0.07296339428591736,12.079360000000001,8.961051,-3.118309012756349,10.468879999999999,7.1927524,-3.276127638702391,0.037999499999999964,0.038508896,0.0005093957846165065
4306,0.1023869999999999,0.023579182,-0.07880781789672364,12.785680000000003,8.961051,-3.8246290127563505,10.62515,7.15351,-3.471639906311035,0.03145599999999993,0.038508896,0.007052895784616542
4307,0.07181100000000007,0.039302096,-0.03250890422916419,11.090990000000001,8.900363,-2.1906270315551772,8.781320000000001,7.1927524,-1.5885676387023935,0.0368946,0.03693223,3.7629995727539445e-05
4310,0.08574400000000004,0.047780696,-0.03796330369734768,7.7029700000000005,8.078382,0.37541153839111274,7.363099999999999,6.703381,-0.6597189384460442,0.05241859999999998,0.038210742,-0.01420785782442091
4311,-0.047784999999999966,0.037310455,0.08509545499444005,6.738349999999997,8.812769,2.0744189361572296,4.30725,7.305287,2.9980368843078615,0.02226410000000001,0.052449986,0.03018588633861541
4376,0.15238699999999994,0.034322325,-0.11806467485976213,12.285680000000003,9.356517,-2.9291631619262724,13.86515,7.7177525,-6.147397543334961,0.23145599999999994,0.041686468,-0.18976953217363352
4377,0.06238699999999997,0.034322325,-0.028064674859762162,10.955680000000001,9.356517,-1.5991631619262705,8.50515,7.7177525,-0.7873975433349614,0.0014560000000000128,0.041686468,0.04023046782636641
4378,0.1023869999999999,0.034322325,-0.06806467485976209,11.355680000000003,9.356517,-1.9991631619262726,9.91515,7.7177525,-2.1973975433349615,0.04145599999999994,0.041686468,0.00023046782636648722
4380,0.06181900000000007,0.07237846,0.010559456592559746,8.358890000000002,9.474771,1.1158805459594703,10.89359,8.622097,-2.2714929846191403,0.21441880000000002,0.10018095,-0.11423785370950701
4381,0.011819000000000024,0.07237846,0.06055945659255979,8.158890000000003,9.474771,1.3158805459594696,8.493590000000001,8.622097,0.1285070153808583,0.12441880000000005,0.10018095,-0.02423785370950704
4382,0.04181900000000005,0.07237846,0.030559456592559764,7.7588900000000045,9.474771,1.7158805459594682,8.09359,8.622097,0.5285070153808586,0.10441880000000003,0.10018095,-0.004237853709507022
4384,0.03181900000000004,0.07237846,0.04055945659255977,6.658890000000003,9.474771,2.8158805459594696,6.19359,8.622097,2.428507015380859,0.05441879999999999,0.10018095,0.04576214629049302
4490,0.17257899999999993,0.08807178,-0.08450722158336632,5.286369999999998,9.216005,3.929635325317385,6.121339999999998,6.5932117,0.47187165084839044,0.02713410000000005,0.005782334,-0.02135176586601739
4513,0.08238699999999999,0.025162268,-0.057224731570005405,14.005680000000002,9.506364,-4.499316131286623,14.465150000000001,7.2441688,-7.220981241607667,0.26145599999999997,0.03566843,-0.22578757101273533
4586,-0.02746599999999999,0.027373616,0.05483961565232276,8.646149999999999,9.90984,1.2636896301269545,6.688349999999998,7.4945183,0.8061682800292989,0.06081619999999999,0.019176837,-0.04163936294312476
4587,-0.06746600000000003,0.027373616,0.0948396156523228,6.446149999999999,9.90984,3.4636896301269537,3.7883499999999977,7.4945183,3.706168280029299,0.02081619999999995,0.019176837,-0.0016393629431247225
4813,-0.05746600000000002,0.027373616,0.08483961565232279,6.436149999999998,9.90984,3.4736896301269553,3.1283499999999975,7.4945183,4.366168280029299,-0.021183800000000086,0.019176837,0.040360637056875315
4914,-0.10148600000000019,0.021855233,0.12334123323714752,2.14311,8.163474,6.020364082946777,0.5528300000000002,8.049846,7.497015695495605,0.02698579999999995,0.10734883,0.08036302950782781
4915,-0.131486,0.021855233,0.15334123323714732,1.4631100000000004,8.163474,6.700364082946777,-1.2271699999999974,8.049846,9.277015695495603,0.0029858000000000384,0.10734883,0.10436302950782772
5029,0.10914599999999985,0.08458646,-0.02455954358196244,10.6694,11.515835,0.8464348083496098,13.840419999999998,15.012746,1.1723258572387714,0.1722325,0.25401303,0.0817805317211151
5037,0.09914599999999985,0.08458646,-0.01455954358196243,11.049399999999999,11.515835,0.4664348083496108,13.520419999999998,15.012746,1.4923258572387716,0.14223249999999998,0.25401303,0.11178053172111513
5041,0.09914599999999985,0.08458646,-0.01455954358196243,11.4494,11.515835,0.06643480834960869,13.800419999999999,15.012746,1.2123258572387705,0.1522325,0.25401303,0.10178053172111512
5045,0.10914599999999985,0.08458646,-0.02455954358196244,12.0594,11.515835,-0.5435651916503907,15.240419999999999,15.012746,-0.227674142761229,0.20223250000000004,0.25401303,0.051780531721115075
5049,0.12914599999999987,0.08458646,-0.04455954358196246,12.139399999999998,11.515835,-0.623565191650389,18.19042,15.012746,-3.17767414276123,0.3622325,0.25401303,-0.1082194682788849
5053,0.1491459999999999,0.08458646,-0.06455954358196248,18.449399999999997,11.515835,-6.933565191650388,22.94042,15.012746,-7.92767414276123,0.5522325,0.25401303,-0.2982194682788849
5351,0.09038699999999988,0.034322325,-0.056064674859762076,11.90568,9.192548,-2.713132201843262,10.305150000000001,7.624601,-2.680549112701417,0.051455999999999946,0.034862813,-0.016593187391519493
5560,-0.03778499999999996,0.024228927,0.062013926748037296,7.1183499999999995,9.433832,2.315482168579102,3.337250000000001,6.9011946,3.5639445724487295,-0.04873589999999994,0.011259854,0.05999575383987421
5676,0.9728413,0.35102302,-0.6218182816398621,23.72903,12.852233,-10.876797066955568,3.978679999999999,7.7529707,3.7742906954956066,0.03912840000000006,0.07904748,0.03991907873544687
5682,0.030245000000000077,0.03413882,0.0038938210654257954,3.5702,8.849416,5.27921577911377,7.330859999999998,9.013472,1.682611603393557,0.20142719999999992,0.12967941,-0.07174778835029594
5683,0.050245000000000095,0.03413882,-0.016106178934574222,7.670200000000001,8.849416,1.1792157791137683,7.730859999999998,9.013472,1.2826116033935566,0.07142720000000002,0.12967941,0.058252211649703955
5686,0.050245000000000095,0.03413882,-0.016106178934574222,7.3702000000000005,8.849416,1.479215779113769,9.330859999999998,9.013472,-0.317388396606443,0.1714272,0.12967941,-0.04174778835029602
5760,0.09701499999999996,0.053188685,-0.04382631467223164,6.271419999999999,12.330411,6.058990957336427,8.98863,13.620808,4.632177647705078,0.09765030000000008,0.11897633,0.021326032247257154
5848,0.09221500000000005,0.06548213,-0.0267328678631783,19.43835,14.427977,-5.010373391723633,15.407250000000001,12.023608,-3.3836417922973645,0.1222641000000001,0.060628206,-0.06163589446220408
5849,0.09221500000000005,0.06548213,-0.0267328678631783,17.43835,14.427977,-3.0103733917236326,13.807250000000002,12.023608,-1.7836417922973649,0.062264100000000044,0.060628206,-0.001635894462204024
5850,0.032215000000000105,0.06548213,0.03326713213682164,12.338349999999998,14.427977,2.089626608276369,9.50725,12.023608,2.516358207702636,0.02226410000000001,0.060628206,0.03836410553779601
5852,0.07221500000000014,0.06548213,-0.006732867863178393,16.238349999999997,14.427977,-1.8103733917236298,13.307250000000002,12.023608,-1.2836417922973649,-0.05773589999999995,0.060628206,0.11836410553779597
5854,0.05221500000000012,0.06548213,0.013267132136821624,15.538349999999998,14.427977,-1.1103733917236305,17.507250000000003,12.023608,-5.483641792297366,-0.14773589999999992,0.060628206,0.20836410553779594
5862,-0.03778499999999996,0.06548213,0.1032671321368217,24.81835,14.427977,-10.390373391723632,17.297250000000002,12.023608,-5.273641792297365,-0.03773589999999993,0.060628206,0.09836410553779595
5934,0.03198999999999996,0.037347123,0.0053571230268478764,6.221590000000003,9.769867,3.5482769433593724,5.07508,7.342019,2.266939081115723,0.007483600000000035,0.03072774,0.023244140377187694
6211,-0.023965000000000014,0.06835428,0.09231927880287172,7.505700000000001,12.450486,4.944786183166503,4.698500000000001,9.789324,5.090823806762694,-0.013794799999999996,0.06825619,0.0820509919093132
6522,0.4982519999999999,0.16814964,-0.3301023648042678,10.35528,8.9644,-1.3908797085571294,17.42244,12.17233,-5.250110097351076,0.3693009,0.21381468,-0.1554862241920471
6523,0.14825199999999994,0.16814964,0.019897635195732177,10.25528,8.9644,-1.2908797085571297,14.122440000000001,12.17233,-1.9501100973510752,0.34930089999999997,0.21381468,-0.1354862241920471
6524,0.40825199999999995,0.16814964,-0.24010236480426783,10.55528,8.9644,-1.5908797085571287,13.622440000000001,12.17233,-1.4501100973510752,0.27930089999999996,0.21381468,-0.06548622419204708
6526,0.15825199999999995,0.16814964,0.009897635195732168,10.05528,8.9644,-1.0908797085571287,13.122440000000001,12.17233,-0.9501100973510752,0.25930089999999995,0.21381468,-0.045486224192047064
6527,0.2282519999999999,0.16814964,-0.06010236480426778,10.25528,8.9644,-1.2908797085571297,14.422440000000002,12.17233,-2.250110097351076,0.22930089999999992,0.21381468,-0.015486224192047038
6529,-0.02074799999999999,0.16814964,0.1888976351957321,9.75528,8.9644,-0.7908797085571297,9.022440000000001,12.17233,3.1498899026489244,0.09930089999999991,0.21381468,0.11451377580795297
6530,-0.0027479999999999727,0.16814964,0.1708976351957321,9.995280000000001,8.9644,-1.03087970855713,14.622440000000001,12.17233,-2.450110097351075,0.13630089999999995,0.21381468,0.07751377580795293
6752,0.4248790000000001,0.10388207,-0.3209969330945016,14.211459999999999,13.482051,-0.7294091043090809,18.91837,14.635178,-4.283192387695312,0.24892409999999998,0.27723673,0.028312629860305805
6753,0.20487900000000014,0.10388207,-0.10099693309450164,9.211459999999999,13.482051,4.270590895690919,16.91837,14.635178,-2.283192387695312,0.37892410000000004,0.27723673,-0.10168737013969426
6755,-0.02512099999999995,0.10388207,0.12900306690549845,12.211459999999999,13.482051,1.270590895690919,14.71837,14.635178,-0.08319238769531268,0.2789241,0.27723673,-0.001687370139694222
6756,0.24487900000000007,0.10388207,-0.14099693309450156,29.21146,13.482051,-15.729409104309081,23.91837,14.635178,-9.283192387695312,0.5789241,0.27723673,-0.30168737013969427
6757,0.4348790000000001,0.10388207,-0.3309969330945016,17.21146,13.482051,-3.729409104309081,20.71837,14.635178,-6.083192387695313,0.31892410000000004,0.27723673,-0.04168737013969426
6758,0.1548790000000001,0.10388207,-0.050996933094501595,16.71146,13.482051,-3.229409104309081,18.21837,14.635178,-3.5831923876953127,0.2989241,0.27723673,-0.02168737013969424
6760,0.024879000000000095,0.10388207,0.07900306690549841,11.711459999999999,13.482051,1.770590895690919,13.41837,14.635178,1.216807612304688,0.21892410000000007,0.27723673,0.05831262986030572
6762,0.05487900000000012,0.10388207,0.04900306690549838,12.31146,13.482051,1.1705908956909177,11.21837,14.635178,3.4168076123046873,0.10392410000000007,0.27723673,0.1733126298603057
6891,-0.0752130000000002,-0.011369866,0.06384313368099948,8.432690000000001,15.868337,7.435646677551269,8.211599999999997,8.829149,0.6175492462158232,0.11239939999999993,0.11100532,-0.001394078854942249
6892,-0.06521300000000019,-0.011369866,0.053843133680999467,28.762690000000003,15.868337,-12.894353322448733,9.851599999999998,8.829149,-1.0224507537841774,0.14139940000000006,0.11100532,-0.030394078854942386
6919,0.09238699999999989,0.025162268,-0.0672247315700053,8.40568,9.506364,1.1006838687133786,7.805150000000001,7.2441688,-0.5609812416076672,0.027455999999999925,0.03566843,0.008212428987264708
6920,0.1123869999999999,0.025162268,-0.08722473157000532,6.705680000000001,9.506364,2.800683868713378,6.50515,7.2441688,0.7390187583923336,0.0034560000000000146,0.03566843,0.03221242898726462
6921,0.12238699999999991,0.025162268,-0.09722473157000533,10.505680000000002,9.506364,-0.9993161312866228,9.40515,7.2441688,-2.160981241607667,0.024455999999999922,0.03566843,0.011212428987264711
7018,0.198005,0.028696384,-0.16930861571907996,11.089310000000001,8.849416,-2.2398942208862316,11.917390000000001,7.183069,-4.7343207708740245,0.14189190000000007,0.10892752,-0.032964381870651316
7019,0.15400499999999984,0.028696384,-0.1253086157190798,8.869309999999999,8.849416,-0.019894220886229164,11.217390000000002,7.183069,-4.034320770874025,0.1988919,0.10892752,-0.08996438187065126
7022,0.010005000000000042,0.028696384,0.018691384280919987,2.139310000000002,8.849416,6.710105779113768,4.607390000000002,7.183069,2.5756792291259742,0.12489190000000006,0.10892752,-0.0159643818706513
7023,0.004005000000000036,0.028696384,0.024691384280919992,2.1193099999999987,8.849416,6.730105779113771,2.0973900000000008,7.183069,5.085679229125976,0.01789190000000007,0.10892752,0.09103561812934868
7024,0.04500499999999996,0.028696384,-0.016308615719079933,3.05931,8.849416,5.79010577911377,4.307390000000002,7.183069,2.875679229125975,0.0608919,0.10892752,0.048035618129348756
7135,0.052458000000000005,0.1086042,0.05614620018434524,19.98927,17.725044,-2.26422574951172,18.55426,16.378185,-2.1760747277832024,0.1795405,0.16155662,-0.01798388357448577
7137,0.25945799999999997,0.1086042,-0.15085379981565472,25.98927,17.725044,-8.26422574951172,22.65426,16.378185,-6.276074727783204,0.21954050000000003,0.16155662,-0.057983883574485806
7145,-0.02778499999999995,0.034535296,0.062320296261310526,6.808349999999997,13.302875,6.4945245651245145,4.14725,8.0519,3.904649909973145,-0.01073589999999991,0.08140188,0.09213777710523596
7146,0.042215000000000114,0.034535296,-0.007679703738689536,7.698349999999998,13.302875,5.604524565124514,7.7272500000000015,8.0519,0.324649909973143,0.07726410000000006,0.08140188,0.004137777105235996
7147,0.07221500000000014,0.034535296,-0.03767970373868956,9.628349999999998,13.302875,3.674524565124514,11.417250000000001,8.0519,-3.3653500900268565,0.20026410000000006,0.08140188,-0.118862222894764
7148,0.11221500000000006,0.034535296,-0.07767970373868949,21.06835,13.302875,-7.765475434875487,17.457250000000002,8.0519,-9.405350090026857,0.27426410000000007,0.08140188,-0.192862222894764
7149,0.1522150000000001,0.034535296,-0.11767970373868952,28.43835,13.302875,-15.135475434875488,20.277250000000002,8.0519,-12.225350090026858,0.32526410000000006,0.08140188,-0.243862222894764
7150,0.33221500000000015,0.034535296,-0.29767970373868957,28.668349999999997,13.302875,-15.365475434875485,20.367250000000002,8.0519,-12.315350090026858,0.38726410000000006,0.08140188,-0.305862222894764
7203,0.09221500000000005,0.033324342,-0.058890657778978395,17.83835,9.488144,-8.35020607910156,15.10725,7.769388,-7.3378618011474614,0.19226410000000005,0.033287603,-0.15897649659190183
7204,0.08421500000000015,0.033324342,-0.0508906577789785,17.038349999999998,9.488144,-7.55020607910156,13.407250000000001,7.769388,-5.637861801147462,0.062264100000000044,0.033287603,-0.028976496591901824
7226,-0.07351200000000002,0.017256478,0.09076847784769537,5.481820000000003,8.762255,3.2804347149658177,1.40644,6.206666,4.8002259927368165,-0.05369219999999997,0.021202039,0.07489423897356984
7227,-0.08951200000000004,0.017256478,0.10676847784769539,5.031820000000003,8.762255,3.730434714965817,0.3064399999999985,6.206666,5.900225992736818,-0.07169219999999998,0.021202039,0.09289423897356985
7480,0.09468699999999985,0.057376225,-0.03731077545237527,23.459100000000003,18.237553,-5.221547357177737,20.52853,15.177417,-5.351113198547363,0.3218311,0.2126422,-0.10918890715942381
7481,0.07468699999999995,0.057376225,-0.01731077545237536,25.1691,18.237553,-6.931547357177735,21.25853,15.177417,-6.081113198547364,0.3348311,0.2126422,-0.12218890715942382
7482,0.06730300000000011,-0.014508248,-0.08181124830681097,20.00581,11.096087,-8.909722544250489,19.58326,9.864392,-9.718867719421386,0.2944346,0.089835934,-0.20459866565904616
7483,-0.032696999999999976,-0.014508248,0.01818875169318912,12.905810000000002,11.096087,-1.8097225442504907,10.08326,9.864392,-0.21886771942138594,0.014434599999999964,0.089835934,0.07540133434095386
7484,-0.012696999999999958,-0.014508248,-0.0018112483068108975,10.20581,11.096087,0.8902774557495121,9.683259999999999,9.864392,0.1811322805786144,0.08443460000000003,0.089835934,0.005401334340953801
7487,-0.042696999999999985,-0.014508248,0.02818875169318913,11.20581,11.096087,-0.10972254425048789,9.183259999999999,9.864392,0.6811322805786144,0.04443459999999999,0.089835934,0.045401334340953836
7489,-0.0026969999999999494,-0.014508248,-0.011811248306810906,9.805810000000001,11.096087,1.2902774557495107,8.18326,9.864392,1.6811322805786126,0.024434599999999973,0.089835934,0.06540133434095385
7490,-0.032696999999999976,-0.014508248,0.01818875169318912,8.605810000000002,11.096087,2.49027745574951,7.083259999999999,9.864392,2.781132280578614,0.03443459999999998,0.089835934,0.055401334340953845
7498,0.074847,0.045040093,-0.029806906637668606,5.09113,7.2805395,2.1894095126342776,6.153739999999999,6.5937486,0.4400085694885263,0.06595679999999993,0.03500152,-0.030955279932546542
7548,0.10630499999999998,0.08413025,-0.02217475008249281,10.098029999999998,12.009505,1.9114752719116233,12.352540000000001,13.674983,1.3224430245971668,0.11033899999999996,0.13826399,0.027924985514640843
7550,0.136305,0.08413025,-0.05217475008249284,10.438029999999998,12.009505,1.5714752719116234,12.64254,13.674983,1.0324430245971676,0.09033900000000006,0.13826399,0.04792498551464075
7552,0.06630500000000006,0.08413025,0.017825249917507113,13.968029999999999,12.009505,-1.9585247280883777,15.34254,13.674983,-1.6675569754028317,0.17033900000000002,0.13826399,-0.03207501448535921
7644,0.37889000000000006,0.19772069,-0.18116930843830115,10.965449999999999,10.295637,-0.6698128692626941,15.82344,12.5525675,-3.270872518005371,0.30043050000000004,0.20754413,-0.092886366932869
7645,0.29489,0.19772069,-0.09716930843830107,14.565449999999998,10.295637,-4.269812869262694,15.77344,12.5525675,-3.220872518005372,0.21243049999999997,0.20754413,-0.004886366932868924
7762,-0.03761300000000012,0.023579182,0.06119218210327637,7.435680000000001,8.961051,1.525370987243651,3.8851499999999994,7.15351,3.2683600936889654,-0.03254400000000013,0.038508896,0.0710528957846166
7763,-0.02761300000000011,0.023579182,0.05119218210327636,8.035680000000003,8.961051,0.9253709872436495,3.895150000000001,7.15351,3.258360093688964,-0.06154400000000004,0.038508896,0.10005289578461651
7764,-0.03761300000000012,0.023579182,0.06119218210327637,7.985680000000002,8.961051,0.9753709872436502,3.815149999999999,7.15351,3.3383600936889657,-0.06654400000000005,0.038508896,0.10505289578461652
7766,-0.02761300000000011,0.023579182,0.05119218210327636,11.125680000000003,8.961051,-2.1646290127563503,8.11515,7.15351,-0.961639906311035,0.04145599999999994,0.038508896,-0.002947104215383467
7767,-0.02761300000000011,0.023579182,0.05119218210327636,17.95568,8.961051,-8.994629012756349,13.195150000000002,7.15351,-6.041639906311037,0.07145599999999996,0.038508896,-0.032947104215383494
7768,-0.04761300000000013,0.023579182,0.07119218210327638,5.3456800000000015,8.961051,3.615370987243651,1.265150000000002,7.15351,5.888360093688963,-0.08454399999999995,0.038508896,0.12305289578461642
7946,-0.09579500000000007,-0.0057027177,0.09009228230461486,3.6104699999999994,6.602136,2.991666135101319,1.0476099999999988,6.394153,5.346543118133546,0.0007224000000000119,0.095142275,0.09441987509498595
8023,0.04838699999999996,0.023579182,-0.024807817896723705,5.99568,8.961051,2.9653709872436522,7.78515,7.15351,-0.631639906311035,0.1314559999999999,0.038508896,-0.09294710421538344
8032,0.00044200000000005346,0.04147648,0.04103448066282267,7.178659999999997,9.054014,1.87535420593262,7.678690000000001,9.798572,2.1198815866088854,0.0050736000000000114,0.06131518,0.056241578871154774
8034,0.04044200000000009,0.04147648,0.0010344806628226344,9.298659999999998,9.054014,-0.24464579406738096,12.72869,9.798572,-2.9301184133911136,0.10007359999999998,0.06131518,-0.0387584211288452
8057,0.0542450000000001,0.054305978,6.097811937322284e-05,4.586269999999999,8.9038315,4.317561481933595,7.649840000000001,9.3167515,1.666911480102538,0.16017380000000003,0.14977202,-0.010401781805801424
8058,0.012959000000000165,0.056160927,0.04320192681884749,10.168589999999998,11.060354,0.8917642327880877,9.86852,11.726511,1.8579910015869139,0.06296540000000006,0.15711038,0.09414497814617151
8086,-0.030613,0.039485775,0.07009877493429184,6.105680000000003,9.1733675,3.0676875003051727,2.305150000000001,7.624601,5.319450887298583,-0.06354400000000004,0.029651813,0.0931958132090569
8087,-0.014612999999999987,0.039485775,0.05409877493429183,6.705680000000001,9.1733675,2.467687500305175,3.605150000000002,7.624601,4.019450887298582,-0.03554400000000002,0.029651813,0.06519581320905687
8088,-0.023613000000000106,0.039485775,0.06309877493429195,6.105680000000003,9.1733675,3.0676875003051727,2.905149999999999,7.624601,4.719450887298585,-0.04354400000000003,0.029651813,0.07319581320905688
8167,0.2214879999999999,0.0843233,-0.13716469808864584,8.641820000000003,9.547261,0.9054412380981418,11.51644,9.015067,-2.501372899475097,0.10030780000000006,0.05514854,-0.04515926179795271
8168,0.3414879999999999,0.0843233,-0.25716469808864584,9.041820000000001,9.547261,0.5054412380981432,13.01644,9.015067,-4.001372899475097,0.16330780000000011,0.05514854,-0.10815926179795277
8169,0.2214879999999999,0.0843233,-0.13716469808864584,12.641820000000003,9.547261,-3.094558761901858,12.51644,9.015067,-3.501372899475097,0.041307800000000006,0.05514854,0.013840738202047342
8177,-0.03899000000000008,0.01634814,0.05533814031422146,8.26493,10.705749,2.440818558044434,5.796899999999999,7.5536847,1.7567847114562998,0.019842499999999985,-0.021770904,-0.041613403840661034
8178,0.16101,0.01634814,-0.1446618596857786,23.96493,10.705749,-13.259181441955565,16.596899999999998,7.5536847,-9.0432152885437,-0.3101575,-0.021770904,0.2883865961593389
8179,0.06101000000000001,0.01634814,-0.044661859685778627,15.00493,10.705749,-4.299181441955566,10.306899999999999,7.5536847,-2.7532152885437,-0.07015749999999998,-0.021770904,0.048386596159338935
8181,-0.03899000000000008,0.01634814,0.05533814031422146,7.08493,10.705749,3.6208185580444336,5.286899999999999,7.5536847,2.2667847114562996,0.0398425,-0.021770904,-0.06161340384066105
8182,-0.03899000000000008,0.01634814,0.05533814031422146,7.124929999999999,10.705749,3.5808185580444345,5.4169,7.5536847,2.136784711456299,0.0398425,-0.021770904,-0.06161340384066105
8199,-0.05008900000000005,0.028189424,0.07827842442536359,9.17586,9.179646,0.0037855383300779977,7.67356,7.9229665,0.2494064802551268,0.08676649999999997,0.0874004,0.0006338991484642342
8201,0.09991099999999997,0.028189424,-0.07172157557463643,10.69586,9.179646,-1.5162144616699216,12.54356,7.9229665,-4.620593519744872,0.21676649999999997,0.0874004,-0.12936610085153577
8247,0.002386999999999917,0.025162268,0.022775268429994666,9.105680000000003,9.506364,0.4006838687133758,6.805150000000001,7.2441688,0.43901875839233284,0.016455999999999915,0.03566843,0.019212428987264718
8254,0.032386999999999944,0.025162268,-0.0072247315700053605,9.605680000000003,9.506364,-0.0993161312866242,8.70515,7.2441688,-1.4609812416076657,0.08145599999999997,0.03566843,-0.04578757101273534
8329,0.06221500000000013,0.024228927,-0.03798607325196279,6.3683499999999995,9.433832,3.065482168579102,7.907250000000001,6.9011946,-1.0060554275512708,0.11326410000000009,0.011259854,-0.10200424616012582
8330,-0.047784999999999966,0.024228927,0.0720139267480373,5.958349999999999,9.433832,3.475482168579102,6.207250000000002,6.9011946,0.6939445724487285,0.11226410000000009,0.011259854,-0.10100424616012582
8647,-0.015009999999999968,0.05142335,0.06643334848642346,10.32159,12.574924,2.25333446899414,7.48508,9.969795,2.4847152270507813,0.019483599999999934,0.05087819,0.03139458950414664
8700,-0.09778500000000001,0.024228927,0.12201392674803735,7.898349999999997,9.433832,1.5354821685791045,3.6072500000000005,6.9011946,3.29394457244873,-0.02273589999999992,0.011259854,0.03399575383987419
8701,-0.09778500000000001,0.024228927,0.12201392674803735,6.958349999999999,9.433832,2.475482168579102,1.9072500000000012,6.9011946,4.993944572448729,-0.06373589999999985,0.011259854,0.07499575383987411
8755,0.06088300000000002,0.021599187,-0.039283813415646573,5.277709999999999,8.150457,2.8727473822021494,6.316690000000001,8.063594,1.7469038644409167,0.0613556999999999,0.10721608,0.045860382513332465
8756,0.002215000000000078,0.023018746,0.020803745705485266,6.43835,8.948034,2.5096842864990236,3.497250000000001,6.7968826,3.29963262939453,-0.04773589999999994,0.022935443,0.07067134262647623
8757,-0.01778499999999994,0.023018746,0.040803745705485284,9.828349999999997,8.948034,-0.8803157135009734,6.567250000000001,6.7968826,0.22963262939452989,-0.007735899999999907,0.022935443,0.030671342626476195
8766,0.12303000000000008,0.080669805,-0.042360194592475975,17.38507,13.7090025,-3.676067505187987,16.80032,13.934818,-2.8655017321777336,0.15565819999999997,0.13625708,-0.019401117776107757
8767,0.09303000000000006,0.080669805,-0.012360194592475948,16.48507,13.7090025,-2.7760675051879886,15.900319999999999,13.934818,-1.9655017321777333,0.12565819999999994,0.13625708,0.01059888222389227
8768,0.08303000000000016,0.080669805,-0.0023601945924760503,15.285070000000001,13.7090025,-1.5760675051879893,15.000319999999999,13.934818,-1.065501732177733,0.10565820000000004,0.13625708,0.030598882223892176
8769,0.07303000000000015,0.080669805,0.0076398054075239585,14.48507,13.7090025,-0.7760675051879886,14.30032,13.934818,-0.36550173217773363,0.09565820000000003,0.13625708,0.040598882223892185
8773,0.08303000000000016,0.080669805,-0.0023601945924760503,14.68507,13.7090025,-0.9760675051879879,14.30032,13.934818,-0.36550173217773363,0.09565820000000003,0.13625708,0.040598882223892185
8774,0.06303000000000014,0.080669805,0.017639805407523967,13.68507,13.7090025,0.023932494812012095,13.400319999999999,13.934818,0.5344982678222667,0.09565820000000003,0.13625708,0.040598882223892185
8775,0.09303000000000006,0.080669805,-0.012360194592475948,14.98507,13.7090025,-1.2760675051879886,14.700319999999998,13.934818,-0.7655017321777322,0.10565820000000004,0.13625708,0.030598882223892176
8819,-0.0717620000000001,-0.040689364,0.031072635924339398,9.75629,6.801611,-2.9546790533447265,8.558089999999998,6.0022645,-2.5558255003356916,0.08970110000000009,0.061392736,-0.028308364310121625
8831,0.03707080000000007,0.015485714,-0.021585085810291837,7.439170000000004,9.124988,1.6858176022338824,8.10021,8.835162,0.7349521627807611,0.10348449999999998,0.10884113,0.005356628647327444
8833,0.007070800000000044,0.015485714,0.00841491418970819,6.939170000000004,9.124988,2.1858176022338824,7.340210000000001,8.835162,1.494952162780761,0.10048450000000009,0.10884113,0.008356628647327335
8849,-0.004813999999999874,-0.011254251,-0.006440251003265507,17.73925,13.252264,-4.48698597717285,16.73725,13.3609,-3.376350074768066,0.1379144,0.11316892,-0.024745482403659813
8850,-0.023217699999999897,0.008199301,0.031417000616979496,10.888630000000003,10.269748,-0.6188822659301785,9.35089,9.282634,-0.06825621856689423,0.06411140000000004,0.12217175,0.05806035215482708
8851,-0.027660999999999936,0.013404762,0.04106576237237447,10.336780000000001,10.406418,0.06963784667968653,8.704699999999999,9.606103,0.9014029434204112,0.04876780000000003,0.0971419,0.048374099168491336
8852,-0.010661000000000032,0.013404762,0.024065762372374566,11.746780000000001,10.406418,-1.3403621533203136,10.3547,9.606103,-0.7485970565795892,0.05876780000000004,0.0971419,0.03837409916849133
8853,-0.04739899999999997,0.017091544,0.06449054434502122,11.47148,10.07046,-1.4010196804809567,9.756269999999999,9.707679,-0.048591205139159044,0.0933676,0.13532043,0.04195282503356934
9062,0.21238699999999988,0.073693916,-0.1386930837984084,25.805680000000002,17.516172,-8.289507590942385,19.80515,14.157463,-5.647686926269532,0.42145599999999994,0.2232394,-0.1982165930566787
9063,0.09238699999999989,0.073693916,-0.018693083798408394,13.805680000000002,17.516172,3.710492409057615,12.10515,14.157463,2.0523130737304687,0.10145599999999999,0.2232394,0.12178340694332124
9064,0.2223869999999999,0.073693916,-0.1486930837984084,23.405680000000004,17.516172,-5.889507590942387,18.40515,14.157463,-4.24768692626953,0.221456,0.2232394,0.0017834069433212418
9065,0.09238699999999989,0.073693916,-0.018693083798408394,13.605680000000001,17.516172,3.910492409057616,15.305150000000001,14.157463,-1.1476869262695324,0.331456,0.2232394,-0.10821659305667874
9066,0.05238699999999996,0.073693916,0.02130691620159153,12.505680000000002,17.516172,5.0104924090576155,13.20515,14.157463,0.952313073730469,0.23145599999999994,0.2232394,-0.008216593056678712
9080,-0.03761300000000012,0.025162268,0.0627752684299947,6.525680000000001,9.506364,2.9806838687133776,5.3351500000000005,7.2441688,1.9090187583923335,0.051455999999999946,0.03566843,-0.015787571012735313
9090,0.12148799999999993,0.018466659,-0.10302134110975258,13.471820000000003,9.248053,-4.223767402954104,13.72644,6.4490786,-7.277361440124512,0.19930780000000003,0.012634508,-0.18667329168825153
9093,0.012386999999999926,0.023579182,0.011192182103276327,12.645680000000002,8.961051,-3.68462901275635,10.635150000000001,7.15351,-3.4816399063110364,0.09645599999999999,0.038508896,-0.057947104215383516
9094,0.012386999999999926,0.023579182,0.011192182103276327,12.325680000000002,8.961051,-3.3646290127563496,9.645150000000001,7.15351,-2.491639906311036,0.04345599999999994,0.038508896,-0.004947104215383469
9097,-0.028512000000000093,0.017256478,0.045768477847695443,7.221820000000001,8.762255,1.5404347149658193,5.696439999999999,6.206666,0.5102259927368173,0.04630780000000001,0.021202039,-0.02510576102643014
9099,-0.05851200000000012,0.017256478,0.07576847784769547,5.671820000000004,8.762255,3.0904347149658165,1.9864399999999982,6.206666,4.220225992736818,-0.04369219999999996,0.021202039,0.06489423897356983
9100,-0.05851200000000012,0.017256478,0.07576847784769547,6.641820000000003,8.762255,2.1204347149658176,3.0864399999999996,6.206666,3.120225992736817,-0.03369219999999995,0.021202039,0.05489423897356982
9101,-0.04851200000000011,0.017256478,0.06576847784769546,7.031820000000003,8.762255,1.730434714965817,3.5964399999999976,6.206666,2.6102259927368188,-0.03169219999999995,0.021202039,0.05289423897356982
9106,-0.03761300000000012,0.025853712,0.06346671211171162,6.33568,8.975511,2.639830597229004,1.8051500000000011,4.579331,2.7741809211730946,-0.08854400000000007,-0.019237593,0.06930640718364722
9107,-0.057613000000000136,0.025853712,0.08346671211171164,7.425680000000003,8.975511,1.5498305972290005,2.805150000000001,4.579331,1.7741809211730946,-0.06854400000000005,-0.019237593,0.049306407183647205
9108,0.04238699999999995,0.025853712,-0.01653328788828845,6.705680000000001,8.975511,2.269830597229003,4.305150000000001,4.579331,0.27418092117309456,-0.04854400000000003,-0.019237593,0.029306407183647187
9109,0.002386999999999917,0.025853712,0.023466712111711585,6.505680000000002,8.975511,2.4698305972290022,3.7051499999999997,4.579331,0.874180921173096,-0.03854400000000002,-0.019237593,0.01930640718364718
9110,-0.03761300000000012,0.025853712,0.06346671211171162,6.505680000000002,8.975511,2.4698305972290022,3.305150000000001,4.579331,1.2741809211730946,-0.028544000000000014,-0.019237593,0.00930640718364717
9111,-0.0176130000000001,0.025853712,0.0434667121117116,6.505680000000002,8.975511,2.4698305972290022,3.2051499999999997,4.579331,1.374180921173096,-0.04854400000000003,-0.019237593,0.029306407183647187
9113,-0.04761300000000013,0.025853712,0.07346671211171163,5.305680000000002,8.975511,3.6698305972290015,0.7051499999999997,4.579331,3.874180921173096,-0.08854400000000007,-0.019237593,0.06930640718364722
9114,-0.06761300000000015,0.025853712,0.09346671211171165,6.105680000000003,8.975511,2.869830597229001,1.5051500000000004,4.579331,3.0741809211730953,-0.06854400000000005,-0.019237593,0.049306407183647205
9138,-0.044613000000000014,0.031586703,0.0761997029130459,6.235680000000002,8.133845,1.8981653292846659,2.675150000000002,6.40987,3.734720147705076,-0.041544000000000025,0.019294402,0.060838401630759265
9224,-0.0782830000000001,0.029448532,0.10773153156805049,7.660720000000001,9.961352,2.3006323483276354,3.738900000000001,7.6030264,3.8641263900756826,-0.024994799999999984,0.023640245,0.048635045199203475
9226,-0.048283000000000076,0.029448532,0.07773153156805046,8.160720000000001,9.961352,1.8006323483276354,4.238899999999999,7.6030264,3.3641263900756844,-0.0449948,0.023640245,0.06863504519920349
9783,-0.057613000000000136,0.039485775,0.09709877493429198,7.305680000000002,8.92537,1.6196902163696265,2.5051500000000004,7.661916,5.156765779113769,-0.07854400000000006,0.07438806,0.15293205699348456
9785,-0.11761299999999997,-0.019118156,0.09849484371590611,6.805680000000002,8.297235,1.4915545352172828,1.0051500000000004,5.6908145,4.6856644950866695,-0.07854400000000006,0.018488312,0.09703231214010721
9787,-0.09761300000000017,0.039485775,0.137098774934292,6.805680000000002,8.92537,2.1196902163696265,1.6051500000000019,7.661916,6.056765779113768,-0.06854400000000005,0.07438806,0.14293205699348455
9867,0.14238699999999993,0.025162268,-0.11722473157000535,11.72568,9.506364,-2.2193161312866216,10.03515,7.2441688,-2.790981241607666,0.20145599999999997,0.03566843,-0.16578757101273534
9916,-0.06761300000000015,0.023579182,0.0911921821032764,5.33568,8.961051,3.6253709872436524,2.805150000000001,7.15351,4.348360093688964,0.005456000000000016,0.038508896,0.033052895784616454
9918,-0.04761300000000013,0.023579182,0.07119218210327638,5.705680000000001,8.961051,3.2553709872436514,3.105150000000002,7.15351,4.048360093688963,0.0014560000000000128,0.038508896,0.03705289578461646
9919,-0.03761300000000012,0.023579182,0.06119218210327637,5.285680000000003,8.961051,3.6753709872436495,4.20515,7.15351,2.948360093688965,0.04345599999999994,0.038508896,-0.004947104215383469
9955,-0.08901000000000003,0.0042488826,0.0932588826438785,6.16159,9.127976,2.9663864175415036,1.775079999999999,6.248012,4.472932065887452,-0.048516400000000015,0.026805928,0.07532232797696592
9956,-0.11600999999999995,0.0042488826,0.1202588826438784,7.261590000000002,9.127976,1.8663864175415021,2.2050800000000024,6.248012,4.042932065887449,-0.05051640000000013,0.026805928,0.07732232797696603
10212,-0.03761300000000012,0.025162268,0.0627752684299947,7.935680000000001,9.506364,1.5706838687133775,3.8451500000000003,7.2441688,3.3990187583923337,-0.05554400000000004,0.03566843,0.09121242898726467
10237,-0.02761300000000011,0.025162268,0.05277526842999469,8.185680000000001,9.506364,1.3206838687133775,5.03515,7.2441688,2.209018758392334,-0.006543999999999994,0.03566843,0.04221242898726463
10243,-0.06761300000000015,0.025162268,0.09277526842999473,7.855680000000003,9.506364,1.6506838687133758,3.5451499999999996,7.2441688,3.6990187583923344,-0.04654400000000003,0.03566843,0.08221242898726466
10248,-0.06761300000000015,0.025162268,0.09277526842999473,7.855680000000003,9.506364,1.6506838687133758,3.5451499999999996,7.2441688,3.6990187583923344,-0.04654400000000003,0.03566843,0.08221242898726466
10596,0.13920299999999997,0.06548002,-0.07372297637748715,4.226890000000001,4.379423,0.15253314147949126,9.69497,7.5472307,-2.14773927947998,0.20916060000000003,0.15666373,-0.05249686925945285
10597,0.16020299999999998,0.06548002,-0.09472297637748717,4.3768899999999995,4.379423,0.0025331414794926843,11.15497,7.5472307,-3.607739279479981,0.26916059999999997,0.15666373,-0.11249686925945279
10598,0.11620299999999995,0.06548002,-0.05072297637748713,3.7868899999999996,4.379423,0.5925331414794925,7.76497,7.5472307,-0.2177392794799804,0.13816060000000008,0.15666373,0.018503130740547102
10599,0.13920299999999997,0.06548002,-0.07372297637748715,3.8768899999999995,4.379423,0.5025331414794927,8.77497,7.5472307,-1.2277392794799802,0.1691606,0.15666373,-0.012496869259452814
10600,-0.009797000000000056,0.06548002,0.07527702362251287,2.7768900000000016,4.379423,1.6025331414794906,3.8249700000000004,7.5472307,3.722260720520019,0.07716059999999991,0.15666373,0.07950313074054727
10601,0.00020299999999995322,0.06548002,0.06527702362251286,3.046890000000001,4.379423,1.332533141479491,5.394970000000001,7.5472307,2.152260720520019,0.12916059999999996,0.15666373,0.02750313074054722
10602,0.00020299999999995322,0.06548002,0.06527702362251286,4.01689,4.379423,0.3625331414794921,6.02497,7.5472307,1.5222607205200198,0.12916059999999996,0.15666373,0.02750313074054722
10603,0.14020299999999997,0.06548002,-0.07472297637748715,4.986889999999999,4.379423,-0.6074668585205067,11.00497,7.5472307,-3.4577392794799806,0.25916059999999996,0.15666373,-0.10249686925945278
10628,0.07325700000000013,0.03427537,-0.03898162841868413,10.961200000000003,9.394729,-1.5664713394165073,11.059470000000001,9.525181,-1.5342891833496104,0.12064750000000002,0.13170709,0.01105958715915678
10667,-0.07778499999999999,0.023018746,0.10080374570548534,6.238349999999997,8.948034,2.7096842864990265,1.5072500000000026,6.7968826,5.289632629394529,-0.06773589999999996,0.022935443,0.09067134262647625
10923,-0.00012699999999998823,0.0043332865,0.0044602865461707,3.0378700000000016,7.35368,4.3158101338195785,3.4859299999999998,6.986467,3.5005368846130374,0.08053949999999999,0.06316395,-0.017375548960685716
11012,-0.02761300000000011,0.071255125,0.09886812510538112,7.805680000000002,10.520607,2.714926994628904,4.20515,11.021589,6.816439279174805,-0.03854400000000002,0.1103693,0.1489133023324013
11140,-0.08963300000000007,-0.008078784,0.08155421624946602,7.340070000000001,7.5932097,0.2531397434997551,3.934049999999999,6.6348047,2.7007547256469735,0.0040840000000000876,0.06835628,0.06427228300905219
11141,-0.03963300000000003,-0.008078784,0.03155421624946597,7.6400700000000015,7.5932097,-0.04686025650024561,5.63405,6.6348047,1.0007547256469724,0.04408400000000001,0.06835628,0.024272283009052265
11142,-0.06963300000000006,-0.008078784,0.061554216249466,7.54007,7.5932097,0.05313974349975581,6.13405,6.6348047,0.5007547256469724,0.04408400000000001,0.06835628,0.024272283009052265
11143,-0.03963300000000003,-0.008078784,0.03155421624946597,7.840070000000001,7.5932097,-0.2468602565002449,7.73405,6.6348047,-1.0992452743530272,0.13408399999999998,0.06835628,-0.0657277169909477
11144,0.10036699999999998,-0.008078784,-0.10844578375053404,8.640070000000001,7.5932097,-1.0468602565002456,13.23405,6.6348047,-6.599245274353027,0.28408400000000006,0.06835628,-0.21572771699094778
11236,-0.02761300000000011,0.03796521,0.06557820829200756,10.105680000000003,9.351495,-0.754185210876468,6.805150000000001,8.858601,2.053450616455077,0.0014560000000000128,0.08911468,0.0876586808862686
11258,-0.031074999999999964,-0.021839539,0.009235461410880053,4.4877199999999995,6.7608876,2.2731676228332525,4.945819999999998,6.4152713,1.4694512821960473,0.08829010000000004,0.11854803,0.03025792817106243
11259,-0.031074999999999964,-0.021839539,0.009235461410880053,4.637719999999998,6.7608876,2.123167622833254,5.215819999999999,6.4152713,1.199451282196046,0.09829009999999994,0.11854803,0.020257928171062534
11260,-0.031074999999999964,-0.021839539,0.009235461410880053,4.53772,6.7608876,2.2231676228332518,6.015819999999998,6.4152713,0.399451282196047,0.14829009999999998,0.11854803,-0.02974207182893751
11269,0.1522150000000001,0.023018746,-0.12919625429451476,17.63835,8.948034,-8.690315713500976,16.39725,6.7968826,-9.600367370605468,0.2922641,0.022935443,-0.26932865737352374
11270,0.13221500000000008,0.023018746,-0.10919625429451474,16.13835,8.948034,-7.190315713500976,14.437250000000002,6.7968826,-7.640367370605471,0.16226410000000002,0.022935443,-0.13932865737352373
11271,0.08221500000000015,0.023018746,-0.059196254294514805,15.138349999999999,8.948034,-6.190315713500976,12.847250000000003,6.7968826,-6.050367370605471,0.10226410000000008,0.022935443,-0.07932865737352379
11273,0.032215000000000105,0.023018746,-0.00919625429451476,13.338349999999998,8.948034,-4.390315713500975,10.43725,6.7968826,-3.6403673706054693,0.04226410000000003,0.022935443,-0.01932865737352374
11274,0.022215000000000096,0.023018746,0.0008037457054852482,11.238349999999997,8.948034,-2.2903157135009735,8.087250000000001,6.7968826,-1.2903673706054697,-0.007735899999999907,0.022935443,0.030671342626476195
11275,0.08221500000000015,0.023018746,-0.059196254294514805,15.438349999999998,8.948034,-6.490315713500975,14.35725,6.7968826,-7.560367370605469,0.21226410000000007,0.022935443,-0.18932865737352378
11312,0.05221500000000012,0.024228927,-0.027986073251962784,7.8683499999999995,9.433832,1.565482168579102,6.747250000000001,6.9011946,0.1539445724487294,0.02226410000000001,0.011259854,-0.011004246160125741
11313,0.07221500000000014,0.024228927,-0.0479860732519628,6.34835,9.433832,3.0854821685791016,6.177250000000001,6.9011946,0.7239445724487297,0.0122641,0.011259854,-0.0010042461601257324
11397,-0.10716480000000006,0.0047679176,0.11193271756227618,6.7603100000000005,6.5363865,-0.22392351013183642,2.82747,6.3884883,3.561018292694092,-0.05968600000000002,0.016187763,0.07587376284158232
11399,-0.005665999999999949,0.06637754,0.07204354291296,12.34627,11.454248,-0.892021571655274,9.28789,9.322523,0.03463311706542882,0.025034400000000012,0.034713812,0.00967941217241286
11400,-0.003174999999999928,0.065390594,0.06856559430360787,3.362940000000002,7.117379,3.754439188537596,2.7921299999999984,7.1698375,4.377707474823,0.019739300000000015,0.047510855,0.027771554899883255
11733,0.07214300000000007,0.069902256,-0.002240743868827888,10.011790000000001,9.821173,-0.19061728576660286,9.760409999999998,9.678256,-0.08215396514892426,0.06292330000000002,0.09768978,0.03476647761268614
11736,0.03214300000000003,0.069902256,0.03775925613117215,10.191790000000001,9.821173,-0.3706172857666026,9.27041,9.678256,0.4078460348510742,0.0429233,0.09768978,0.05476647761268616
11737,0.08214299999999997,0.069902256,-0.012240743868827786,9.98179,9.821173,-0.16061728576660173,10.170409999999999,9.678256,-0.4921539651489244,0.07292330000000002,0.09768978,0.024766477612686133
11738,0.11214299999999999,0.069902256,-0.04224074386882781,9.721789999999999,9.821173,0.09938271423339984,10.39041,9.678256,-0.712153965148925,0.07292330000000002,0.09768978,0.024766477612686133
11739,0.03214300000000003,0.069902256,0.03775925613117215,10.191790000000001,9.821173,-0.3706172857666026,9.27041,9.678256,0.4078460348510742,0.0429233,0.09768978,0.05476647761268616
11740,0.07214300000000007,0.069902256,-0.002240743868827888,9.46179,9.821173,0.35938271423339785,9.31041,9.678256,0.36784603485107503,0.06292330000000002,0.09768978,0.03476647761268614
11741,0.08214299999999997,0.069902256,-0.012240743868827786,9.201789999999999,9.821173,0.6193827142333994,9.98041,9.678256,-0.3021539651489249,0.09292329999999993,0.09768978,0.004766477612686226
11765,0.03621500000000011,0.037310455,0.0010954549944399705,7.8683499999999995,8.812769,0.944418936157227,8.407250000000001,7.305287,-1.10196311569214,0.11226410000000009,0.052449986,-0.05981411366138467
11773,-0.07377500000000015,0.029012661,0.10278766142725959,10.026040000000002,13.156661,3.1306210336303693,7.631529999999998,13.613497,5.98196678039551,0.030508800000000003,0.13225013,0.10174133017654419
11800,-0.0330410000000001,-0.005100564,0.027940435900151828,7.41066,8.706116,1.29545572265625,10.69454,9.671041,-1.0234994650268554,0.23754930000000007,0.15635602,-0.08119327823810585
11801,-0.008383999999999947,-0.00880617,-0.0004221699643731647,6.91039,8.9986315,2.0882414773559574,8.588189999999999,9.762905,1.1747151208496103,0.1426423,0.1537497,0.011107404360961914
11802,-0.038383999999999974,-0.00880617,0.029577830035626862,6.91039,8.9986315,2.0882414773559574,7.9881899999999995,9.762905,1.77471512084961,0.1326423,0.1537497,0.021107404360961923
11803,-0.068384,-0.00880617,0.05957783003562689,6.110389999999999,8.9986315,2.888241477355958,6.688189999999999,9.762905,3.0747151208496106,0.12364229999999998,0.1537497,0.03010740436096193
11804,-0.028383999999999965,-0.00880617,0.019577830035626853,7.21039,8.9986315,1.7882414773559567,9.28819,9.762905,0.4747151208496092,0.17664230000000003,0.1537497,-0.022892595639038116
11805,0.01161600000000007,-0.00880617,-0.020422169964373182,8.71039,8.9986315,0.28824147735595673,12.28819,9.762905,-2.525284879150391,0.2546423000000001,0.1537497,-0.10089259563903819
11981,0.07238699999999998,0.061479222,-0.010907777970552424,13.175680000000002,11.029234,-2.1464460675048844,13.54515,11.645195,-1.8999549926757808,0.22845600000000005,0.17054196,-0.057914042979240465
11982,0.08238699999999999,0.061479222,-0.020907777970552432,14.605680000000001,11.029234,-3.576446067504884,14.20515,11.645195,-2.559954992675781,0.26545599999999997,0.17054196,-0.09491404297924039
12001,0.03315899999999994,0.11983005,0.08667104957437521,12.967910000000003,12.9407015,-0.027208515319827598,16.3201,16.903305,0.5832050537109374,0.3273436000000001,0.3273638,2.0189081573362966e-05
12002,0.04315899999999995,0.11983005,0.0766710495743752,13.667910000000003,12.9407015,-0.7272085153198269,17.5601,16.903305,-0.656794946289061,0.37834360000000006,0.3273638,-0.05097981091842657
12032,0.12238699999999991,0.061479222,-0.06090777797055236,11.40568,11.029234,-0.3764460675048831,12.215150000000001,11.645195,-0.5699549926757825,0.17145599999999994,0.17054196,-0.0009140429792403593
12033,0.1123869999999999,0.061479222,-0.05090777797055235,6.425680000000003,11.029234,4.603553932495114,10.01515,11.645195,1.6300450073242185,0.18145599999999995,0.17054196,-0.010914042979240368
12054,-0.008027000000000006,0.045689527,0.05371652694535256,11.822220000000002,12.780264,0.9580439007568344,8.515290000000002,9.825349,1.3100588540649394,0.009383700000000106,0.050856613,0.04147291262273778
12055,-0.01693699999999998,0.04133668,0.05827368169379232,18.31426,13.154774,-5.159486287841798,12.347019999999999,9.874341,-2.4726789889526355,-0.007008199999999909,0.03636628,0.043374480168294816
12056,-0.062287800000000004,0.066996455,0.12928425519256592,6.872430000000001,9.555218,2.6827877429199205,4.446389999999999,8.462386,4.015996131286622,0.010692499999999883,0.057835963,0.04714346262335789
12454,0.6049899999999999,0.036789656,-0.5682003443145751,19.72159,10.449929,-9.271660762634276,19.26508,7.664709,-11.600370908813478,0.42248359999999996,0.03956914,-0.38291446051940914
12455,0.27498999999999996,0.036789656,-0.23820034431457515,17.19159,10.449929,-6.741660762634279,18.19508,7.664709,-10.530370908813477,0.4554836,0.03956914,-0.41591446051940917
12499,-0.07901000000000002,0.036789656,0.11579965568542483,11.851590000000002,10.449929,-1.401660762634279,8.05508,7.664709,-0.3903709088134768,0.030483600000000055,0.03956914,0.009085539480590765
12501,-0.022010000000000085,0.036789656,0.05879965568542489,16.32159,10.449929,-5.871660762634278,11.28508,7.664709,-3.6203709088134772,-0.007516399999999979,0.03956914,0.0470855394805908
12639,0.3685139999999999,0.13620293,-0.23231106859588613,14.963110000000002,10.379006,-4.5841036141967795,16.182830000000003,11.609425,-4.57340540893555,0.23898579999999991,0.14422469,-0.09476111158924094
12640,0.3685139999999999,0.13620293,-0.23231106859588613,16.46311,10.379006,-6.084103614196778,15.882830000000002,11.609425,-4.273405408935549,0.23898579999999991,0.14422469,-0.09476111158924094
12641,-0.007784999999999931,0.03578989,0.043574888352155616,10.238349999999997,9.208902,-1.029447640991208,11.387250000000002,8.752654,-2.634595924377443,0.22226410000000008,0.06253016,-0.15973394004974373
12818,0.14238699999999993,0.039485775,-0.10290122506570809,7.205680000000001,8.92537,1.719690216369628,12.40515,7.661916,-4.743234220886231,0.273456,0.07438806,-0.19906794300651548
12820,0.006215000000000082,0.023018746,0.016803745705485262,6.488349999999997,8.948034,2.4596842864990265,5.007250000000001,6.7968826,1.7896326293945304,0.0122641,0.022935443,0.010671342626476288
12912,0.02049000000000012,0.016181607,-0.004308393200636029,6.282160000000001,7.9798317,1.6976716955566395,6.083500000000001,7.7335105,1.650010494232177,0.048228600000000066,0.06330749,0.015078886474513942
13148,-0.03778499999999996,0.023018746,0.0608037457054853,12.52835,8.948034,-3.580315713500976,12.997250000000001,6.7968826,-6.20036737060547,0.26726410000000006,0.022935443,-0.24432865737352377
13200,0.33618000000000003,0.28544354,-0.05073645561218265,9.416830000000001,9.939126,0.5222960147094717,12.889339999999999,11.858948,-1.030392246093749,0.24011690000000002,0.17560309,-0.06451380828323366
13202,0.26217999999999997,0.28544354,0.023263544387817414,8.47683,9.939126,1.462296014709473,12.17934,11.858948,-0.32039224609374983,0.1671169,0.17560309,0.008486191716766345
13203,0.3081800000000001,0.28544354,-0.022736455612182738,9.40683,9.939126,0.5322960147094733,12.17934,11.858948,-0.32039224609374983,0.2071169,0.17560309,-0.031513808283233635
13205,0.2961800000000001,0.28544354,-0.010736455612182727,11.99683,9.939126,-2.0577039852905266,12.37934,11.858948,-0.5203922460937491,0.1451169,0.17560309,0.030486191716766364
13246,-0.04996500000000004,0.03870939,0.08867439090847973,10.0657,10.441213,0.3755126541137699,7.368500000000001,8.414806,1.046306365966796,0.046205199999999946,0.10859668,0.062391482548523
13310,0.08238699999999999,0.11821354,0.03582654180574418,26.56568,11.031213,-15.53446719329834,19.00515,12.122379,-6.882770697021485,0.061455999999999955,0.07596772,0.014511721641063735
13312,0.19238699999999997,0.11821354,-0.0741734581942558,16.77568,11.031213,-5.744467193298341,15.305150000000001,12.122379,-3.1827706970214855,0.18145599999999995,0.07596772,-0.10548827835893626
13411,-0.009613000000000094,0.034322325,0.0439353251402379,9.205680000000001,9.192548,-0.013132201843262692,8.50515,7.624601,-0.8805491127014164,-0.03854400000000002,0.026859658,0.06540365783894064
13412,0.035386999999999946,0.034322325,-0.001064674859762138,10.205680000000001,9.192548,-1.0131322018432627,7.20515,7.624601,0.41945088729858426,-0.018544000000000005,0.026859658,0.045403657838940625
13456,-0.03168099999999985,0.0082968,0.03997779984599337,13.923570000000002,12.275278,-1.6482919085693375,6.96186,7.6344347,0.6725747000122073,-0.11187360000000002,8.262166e-05,0.11195622165647467
13457,0.003319000000000072,0.0082968,0.004977799845993447,14.32357,12.275278,-2.048291908569336,9.35186,7.6344347,-1.7174252999877933,-0.0028736000000000317,8.262166e-05,0.002956221656474689
13458,0.0073190000000000754,0.0082968,0.0009777998459934434,14.11357,12.275278,-1.8382919085693352,9.00186,7.6344347,-1.3674252999877936,-0.04487359999999996,8.262166e-05,0.044956221656474615
13460,-0.0836809999999999,0.0082968,0.09197779984599341,12.563570000000002,12.275278,-0.28829190856933806,5.391860000000001,7.6344347,2.242574700012206,-0.09387359999999989,8.262166e-05,0.09395622165647455
13461,-0.04668099999999997,0.0082968,0.05497779984599349,13.62357,12.275278,-1.3482919085693368,7.251860000000001,7.6344347,0.3825747000122064,-0.042873599999999956,8.262166e-05,0.042956221656474614
13464,-0.05568099999999987,0.0082968,0.06397779984599339,18.60357,12.275278,-6.328291908569337,10.72186,7.6344347,-3.0874252999877925,-0.1038735999999999,8.262166e-05,0.10395622165647456
13500,-0.07701100000000016,0.0049177045,0.08192870450025813,5.6616,7.364265,1.702664965057373,4.678630000000002,7.490983,2.812353009338377,0.06455220000000006,0.12656085,0.0620086519315719
13506,0.081488,0.041071787,-0.04041621252346039,7.041820000000001,10.3225975,3.280777503662108,5.616439999999999,8.059965,2.443525133666993,-0.028692199999999946,0.009229521,0.037921721267116015
13507,0.11148799999999992,0.041071787,-0.07041621252346031,14.341820000000002,10.3225975,-4.019222496337893,11.216439999999999,8.059965,-3.1564748663330064,-0.0026922000000000335,0.009229521,0.011921721267116103
13917,0.0016650000000000276,0.024533316,0.022868316493034335,9.707340000000002,9.29395,-0.41338991912842005,16.0613,6.9453206,-9.11597939376831,0.3153228,0.030271819,-0.2850509811386347
13918,-0.03733500000000012,0.024533316,0.06186831649303448,8.006340000000005,9.29395,1.287610080871577,9.9613,6.9453206,-3.01597939376831,0.14132280000000008,0.030271819,-0.11105098113863476
13919,-0.04433499999999979,0.024533316,0.06886831649303415,7.1973400000000005,9.29395,2.0966100808715815,4.561299999999999,6.9453206,2.38402060623169,-0.002677199999999935,0.030271819,0.032949018861365253
14030,-0.0014199999999999768,0.015217025,0.01663702483296392,11.15417,11.347798,0.19362834747314395,9.649430000000002,9.864108,0.21467808563232182,0.027506600000000048,0.067673944,0.04016734393682475
14038,-0.0014199999999999768,0.015217025,0.01663702483296392,11.15417,11.347798,0.19362834747314395,9.649430000000002,9.864108,0.21467808563232182,0.027506600000000048,0.067673944,0.04016734393682475
14042,-0.0014199999999999768,0.015217025,0.01663702483296392,11.15417,11.347798,0.19362834747314395,9.649430000000002,9.864108,0.21467808563232182,0.027506600000000048,0.067673944,0.04016734393682475
14092,0.08162799999999992,0.069677345,-0.011950654545307082,4.74099,8.360145,3.61915461517334,6.13702,8.610145,2.47312461517334,0.049590800000000046,0.12423338,0.07464257996006007
14102,0.271717,0.16196921,-0.10974778532218932,6.360720000000001,9.383544,3.022823968200683,14.838899999999999,11.432716,-3.4061836303710926,0.3750052,0.25161976,-0.12338544377822874
14156,0.04011589999999998,0.1673689,0.12725300375614168,4.493789999999997,8.608106,4.114315659484866,5.065109999999999,7.2985373,2.233427254333497,0.05518109999999998,0.06292599,0.007744886945629137
14222,0.04642499999999994,0.029917968,-0.016507031562924324,3.9513099999999994,9.865976,5.914666333618165,4.79749,7.370665,2.5731750733947756,0.052842899999999915,0.027253713,-0.02558918654122344
14298,-0.04761300000000013,0.025162268,0.07277526842999471,10.855680000000003,9.506364,-1.3493161312866242,5.905150000000001,7.2441688,1.3390187583923332,-0.05854400000000004,0.03566843,0.09421242898726467
14299,-0.06761300000000015,0.025162268,0.09277526842999473,7.505680000000002,9.506364,2.0006838687133772,2.0051500000000004,7.2441688,5.2390187583923336,-0.09854400000000008,0.03566843,0.1342124289872647
14842,-0.04365400000000008,0.013923581,0.05757758075827368,6.4251400000000025,8.591463,2.1663230889892553,5.555130000000002,7.865607,2.3104767848205547,0.04789370000000004,0.09225387,0.04436017126207348
14981,0.06538699999999997,0.039485775,-0.025901225065708133,2.295680000000001,8.92537,6.629690216369628,9.03515,7.661916,-1.3732342208862303,0.24845600000000007,0.07438806,-0.17406794300651557
15048,0.03638699999999995,0.034322325,-0.002064674859762139,9.785680000000003,9.192548,-0.5931322018432645,8.67515,7.624601,-1.0505491127014164,0.0044559999999999045,0.026859658,0.022403657838940716
15049,0.013387000000000038,0.034322325,0.02093532514023777,9.805680000000002,9.192548,-0.6131322018432641,7.135150000000001,7.624601,0.48945088729858277,0.0024559999999999027,0.026859658,0.024403657838940718
15050,0.03838699999999995,0.034322325,-0.004064674859762141,10.105680000000003,9.192548,-0.9131322018432648,8.17515,7.624601,-0.5505491127014164,0.028456000000000037,0.026859658,-0.0015963421610594164
15051,0.08938699999999988,0.034322325,-0.055064674859762075,9.88568,9.192548,-0.6931322018432624,7.385150000000001,7.624601,0.23945088729858277,0.00045600000000001195,0.026859658,0.02640365783894061
15052,0.03138699999999994,0.034322325,0.0029353251402378655,9.81568,9.192548,-0.6231322018432621,7.42515,7.624601,0.19945088729858362,0.0034560000000000146,0.026859658,0.023403657838940606
15094,-0.04814300000000005,0.01163986,0.059782860458672094,8.716320000000003,9.8241205,1.107800521545407,7.351320000000001,9.590642,2.239321975402831,0.047267599999999965,0.14615701,0.0988894113897324
15096,-0.04814300000000005,0.01163986,0.059782860458672094,8.316320000000005,9.8241205,1.5078005215454056,7.341320000000001,9.590642,2.2493219754028306,0.06726759999999998,0.14615701,0.07888941138973238
15097,0.19216200000000005,0.034035362,-0.15812663769674307,19.21571,10.825167,-8.390543297729494,16.382050000000003,7.9833217,-8.398728333282474,0.21253600000000006,0.03948258,-0.1730534213647843
15098,-0.007838000000000012,0.034035362,0.041873362303257,9.115710000000004,10.825167,1.7094567022705043,5.082050000000002,7.9833217,2.901271666717527,-0.05846399999999996,0.03948258,0.09794657863521572
15105,-0.00583800000000001,0.038729407,0.044567406893253336,8.115710000000004,10.438971,2.323260565795895,6.082050000000002,8.367529,2.285478915405271,0.023536,0.031927593,0.008391593052387236
15107,-0.010837999999999903,0.04066301,0.05150101137208929,9.115710000000004,10.535262,1.4195521078491176,6.082050000000002,8.449317,2.3672669784545874,-0.006463999999999914,0.043962248,0.05042624766969672
15108,0.012162000000000006,0.0013332053,-0.010828794737800962,10.115710000000004,9.752374,-0.3633363046264684,7.782050000000002,6.6782064,-1.1038435562133806,0.03153600000000001,0.017712083,-0.013823917286157617
15179,-0.008820999999999968,0.009385039,0.018206039098560778,3.33315,5.4453664,2.112216382598877,3.6633700000000005,5.341502,1.67813218963623,0.060435600000000034,0.0661641,0.005728498680019345
15180,-0.028820999999999986,0.009385039,0.038206039098560796,2.6231500000000025,5.4453664,2.8222163825988744,2.7833700000000015,5.341502,2.558132189636229,0.05643560000000014,0.0661641,0.009728498680019237
15182,-0.028820999999999986,0.009385039,0.038206039098560796,3.1231500000000025,5.4453664,2.3222163825988744,3.933370000000002,5.341502,1.4081321896362287,0.08943560000000006,0.0661641,-0.02327150131998068
15183,-0.018820999999999977,0.009385039,0.028206039098560787,5.49315,5.4453664,-0.047783617401123024,6.133370000000001,5.341502,-0.7918678103637706,0.11743560000000008,0.0661641,-0.051271501319980706
15184,-0.048821,0.009385039,0.05820603909856081,4.83315,5.4453664,0.6122163825988771,4.403370000000001,5.341502,0.9381321896362298,0.07743560000000005,0.0661641,-0.01127150131998067
15185,-0.048821,0.009385039,0.05820603909856081,4.0131499999999996,5.4453664,1.4322163825988774,3.503370000000002,5.341502,1.8381321896362284,0.05743560000000003,0.0661641,0.008728498680019348
15186,-0.048821,0.009385039,0.05820603909856081,4.81315,5.4453664,0.6322163825988767,4.713370000000001,5.341502,0.6281321896362293,0.08743560000000006,0.0661641,-0.02127150131998068
15187,-0.048821,0.009385039,0.05820603909856081,5.2631499999999996,5.4453664,0.1822163825988774,5.2433700000000005,5.341502,0.09813218963622994,0.09743560000000007,0.0661641,-0.03127150131998069
15189,0.01117900000000005,0.009385039,-0.00179396090143924,3.9231499999999997,5.4453664,1.5222163825988773,5.323370000000001,5.341502,0.018132189636229867,0.10743560000000008,0.0661641,-0.0412715013199807
15190,-0.018820999999999977,0.009385039,0.028206039098560787,4.65315,5.4453664,0.7922163825988768,5.153370000000001,5.341502,0.1881321896362298,0.09743560000000007,0.0661641,-0.03127150131998069
15191,-0.038820999999999994,0.009385039,0.048206039098560804,4.17315,5.4453664,1.2722163825988773,3.423370000000002,5.341502,1.9181321896362284,0.04743560000000002,0.0661641,0.018728498680019356
15194,0.01117900000000005,0.009385039,-0.00179396090143924,3.9731500000000004,5.4453664,1.4722163825988765,5.393370000000001,5.341502,-0.05186781036377042,0.10743560000000008,0.0661641,-0.0412715013199807
15195,-0.008820999999999968,0.009385039,0.018206039098560778,3.453150000000001,5.4453664,1.9922163825988761,3.813370000000001,5.341502,1.5281321896362297,0.06743560000000004,0.0661641,-0.0012715013199806613
15196,-0.038820999999999994,0.009385039,0.048206039098560804,3.393150000000002,5.4453664,2.052216382598875,2.8233700000000006,5.341502,2.51813218963623,0.04743560000000002,0.0661641,0.018728498680019356
15832,0.16282600000000003,0.2317306,0.06890459523105619,16.43832,15.980548,-0.4577720950317392,13.98673,14.376693,0.38996277191162143,0.07779709999999995,0.11077162,0.032974518783474016
15833,0.142826,0.2317306,0.0889045952310562,16.338320000000003,15.980548,-0.35777209503174134,13.88673,14.376693,0.4899627719116211,0.09779709999999997,0.11077162,0.012974518783473998
15834,0.252826,0.2317306,-0.021095404768943782,13.238320000000002,15.980548,2.74222790496826,13.48673,14.376693,0.8899627719116214,0.09779709999999997,0.11077162,0.012974518783473998
15835,0.31282600000000005,0.2317306,-0.08109540476894384,17.03832,15.980548,-1.057772095031737,15.38673,14.376693,-1.010037228088379,0.08779709999999996,0.11077162,0.022974518783474007
15836,0.30282600000000004,0.2317306,-0.07109540476894383,18.838320000000003,15.980548,-2.8577720950317413,16.28673,14.376693,-1.9100372280883775,0.09779709999999997,0.11077162,0.012974518783473998
15837,0.30282600000000004,0.2317306,-0.07109540476894383,20.338320000000003,15.980548,-4.357772095031741,16.88673,14.376693,-2.510037228088379,0.09779709999999997,0.11077162,0.012974518783473998
15843,0.21282599999999996,0.2317306,0.018904595231056254,13.63832,15.980548,2.3422279049682615,14.18673,14.376693,0.18996277191162037,0.1477970999999999,0.11077162,-0.037025481216525935
15844,0.262826,0.2317306,-0.03109540476894379,15.13832,15.980548,0.8422279049682615,15.78673,14.376693,-1.4100372280883793,0.17779709999999993,0.11077162,-0.06702548121652596
15845,0.29282600000000003,0.2317306,-0.06109540476894382,18.73832,15.980548,-2.75777209503174,17.48673,14.376693,-3.1100372280883803,0.23779709999999998,0.11077162,-0.12702548121652601
15846,0.252826,0.2317306,-0.021095404768943782,18.73832,15.980548,-2.75777209503174,16.48673,14.376693,-2.1100372280883803,0.10779709999999998,0.11077162,0.0029745187834739895
16106,0.0015540000000000553,0.06544589,0.06389189251279825,8.90036,12.08301,3.1826497198486337,5.6126000000000005,8.374485,2.76188501586914,-0.037971599999999994,0.03912516,0.07709675938282012
16107,0.0015540000000000553,0.06544589,0.06389189251279825,11.50036,12.08301,0.5826497198486322,7.6126000000000005,8.374485,0.7618850158691401,-0.037971599999999994,0.03912516,0.07709675938282012
16109,0.03155400000000008,0.06544589,0.03389189251279823,10.600360000000002,12.08301,1.4826497198486308,8.632600000000002,8.374485,-0.2581149841308612,0.019028400000000056,0.03912516,0.020096759382820073
16140,-0.007784999999999931,-0.025054557,-0.017269557248950074,6.738349999999997,8.115885,1.377534780883792,4.637250000000002,5.540694,0.9034442367553694,0.002264100000000102,0.007782364,0.005518263798469203
16141,-0.007784999999999931,0.024228927,0.03201392674803727,4.788349999999998,9.433832,4.645482168579104,2.3972499999999997,6.9011946,4.503944572448731,-0.03773589999999993,0.011259854,0.0489957538398742
16142,0.002215000000000078,0.024228927,0.02201392674803726,5.658349999999999,9.433832,3.775482168579103,4.2272500000000015,6.9011946,2.673944572448729,0.002264100000000102,0.011259854,0.008995753839874165
16143,0.002215000000000078,0.024228927,0.02201392674803726,4.77835,9.433832,4.655482168579102,3.1472499999999997,6.9011946,3.753944572448731,-0.007735899999999907,0.011259854,0.018995753839874174
16144,0.002215000000000078,0.024228927,0.02201392674803726,4.77835,9.433832,4.655482168579102,3.1472499999999997,6.9011946,3.753944572448731,-0.007735899999999907,0.011259854,0.018995753839874174
16145,-0.007784999999999931,0.024228927,0.03201392674803727,4.788349999999998,9.433832,4.645482168579104,2.327250000000003,6.9011946,4.5739445724487275,-0.03773589999999993,0.011259854,0.0489957538398742
16147,0.002215000000000078,0.024228927,0.02201392674803726,5.18835,9.433832,4.245482168579102,3.05725,6.9011946,3.8439445724487307,-0.027735899999999925,0.011259854,0.03899575383987419
16148,-0.007784999999999931,0.024228927,0.03201392674803727,4.798349999999999,9.433832,4.635482168579102,2.3472500000000025,6.9011946,4.553944572448728,-0.03773589999999993,0.011259854,0.0489957538398742
16346,0.012386999999999926,0.034322325,0.021935325140237882,6.505680000000002,9.192548,2.6868677981567366,6.805150000000001,7.624601,0.8194508872985828,0.09145599999999998,0.034862813,-0.05659318739151953
16355,0.022386999999999935,0.1424924,0.12010539861965186,12.505680000000002,14.4098835,1.9042034991455061,11.50515,12.065844,0.5606935821533199,0.14145599999999992,0.1087271,-0.03272890248870841
16356,0.022386999999999935,0.1424924,0.12010539861965186,12.505680000000002,14.4098835,1.9042034991455061,11.50515,12.065844,0.5606935821533199,0.14145599999999992,0.1087271,-0.03272890248870841
16357,0.07238699999999998,0.1424924,0.07010539861965182,12.005680000000002,14.4098835,2.404203499145506,11.50515,12.065844,0.5606935821533199,0.14145599999999992,0.1087271,-0.03272890248870841
16358,0.3723869999999999,0.1424924,-0.22989460138034812,13.005680000000002,14.4098835,1.4042034991455061,15.50515,12.065844,-3.43930641784668,0.19145599999999996,0.1087271,-0.08272890248870846
16360,0.822387,0.1424924,-0.6798946013803482,29.00568,14.4098835,-14.595796500854494,20.50515,12.065844,-8.43930641784668,0.44145599999999996,0.1087271,-0.33272890248870846
16382,-0.057784999999999975,0.023018746,0.08080374570548532,6.388349999999999,8.948034,2.5596842864990244,2.9472500000000004,6.7968826,3.849632629394531,-0.027735899999999925,0.022935443,0.05067134262647621
16383,-0.06778499999999998,0.023018746,0.09080374570548533,6.218349999999997,8.948034,2.729684286499026,1.8872500000000016,6.7968826,4.90963262939453,-0.05773589999999995,0.022935443,0.08067134262647624
16384,-0.06778499999999998,0.023018746,0.09080374570548533,5.268349999999998,8.948034,3.6796842864990253,0.2872500000000002,6.7968826,6.509632629394531,-0.08973589999999998,0.022935443,0.11267134262647627
16399,-0.012589300000000025,-0.0062796706,0.006309629366624381,7.345469999999999,7.7264833,0.38101334503173945,6.052990000000001,6.83637,0.783379991302489,0.03577780000000008,0.086380854,0.05060305424900047
16400,-0.04258930000000005,-0.0062796706,0.03630962936662441,7.205470000000002,7.7264833,0.5210133450317365,5.93299,6.83637,0.90337999130249,0.0557778000000001,0.086380854,0.03060305424900045
16401,-0.03258930000000004,-0.0062796706,0.0263096293666244,6.725470000000001,7.7264833,1.001013345031737,5.722990000000001,6.83637,1.113379991302489,0.0557778000000001,0.086380854,0.03060305424900045
16402,-0.08258930000000009,-0.0062796706,0.07630962936662444,7.165469999999999,7.7264833,0.5610133450317392,5.36299,6.83637,1.4733799913024903,0.0557778000000001,0.086380854,0.03060305424900045
16403,-0.05125869999999999,0.030916117,0.08217481713171004,6.4666999999999994,8.669395,2.2026954467773443,5.704930000000001,7.2261777,1.5212476924133291,0.09579910000000003,0.13978557,0.043986472886466954
16487,0.05927900000000008,0.07073481,0.011455806358814158,7.8967600000000004,9.716165,1.8194045889282222,11.47757,11.178628,-0.2989420321655274,0.26938680000000004,0.16107334,-0.10831345803432468
16540,-0.02723500000000012,0.037742186,0.06497718633770955,7.75046,10.046861,2.2964006948852536,7.6053599999999975,10.541397,2.936037094726565,0.08608870000000002,0.15241536,0.06632666498069761
16541,-0.04823500000000003,0.037742186,0.08597718633770945,7.4104600000000005,10.046861,2.6364006948852534,6.675359999999998,10.541397,3.8660370947265648,0.0660887,0.15241536,0.08632666498069763
16551,0.022386999999999935,0.039993927,0.0176069268827439,11.65568,11.650711,-0.004968940429687763,8.40515,8.922258,0.5171083770751945,-0.05854400000000004,0.03594407,0.09448807066702847
16629,0.11544300000000007,0.056230668,-0.05921233202147491,6.32394,7.2122307,0.8882906823730465,9.718829999999999,9.385967,-0.3328627453613269,0.14842279999999997,0.13513024,-0.013292558486747708
16630,0.10144300000000006,0.056230668,-0.0452123320214749,6.123940000000001,7.2122307,1.0882906823730458,9.018829999999998,9.385967,0.3671372546386742,0.13842279999999996,0.13513024,-0.0032925584867476987
16650,0.05253400000000008,0.03521763,-0.017316368391752324,10.846149999999998,10.738282,-0.10786779632568155,11.288349999999998,8.809506,-2.478843583679197,0.16681619999999997,0.024908554,-0.14190764619107243
16654,0.002215000000000078,0.0021117465,-0.00010325353607543164,7.958349999999999,10.415793,2.457443418884278,6.397250000000001,10.300248,3.9029981460571275,0.04226410000000003,0.15546153,0.11319743485774991
16755,-0.0176130000000001,0.025162268,0.042775268429994684,8.805680000000002,9.506364,0.7006838687133765,6.405150000000001,7.2441688,0.8390187583923332,0.03145599999999993,0.03566843,0.004212428987264705
16756,-0.007613000000000092,0.00346579,0.011078790068730804,11.805680000000002,9.924385,-1.8812949291992211,9.805150000000001,7.545202,-2.259948221588136,0.09145599999999998,0.027865427,-0.06359057338511942
16761,0.07763999999999993,0.096884035,0.0192440345740319,16.353350000000002,12.157326,-4.196024255371096,16.680770000000003,14.034822,-2.6459475360107447,0.12271939999999992,0.13830957,0.015590168166732865
16762,0.08826400000000001,0.09997816,0.01171415638780593,8.05084,11.1378975,3.0870574914550772,9.480569999999998,12.70241,3.221839744262697,0.12744659999999997,0.1365665,0.009119904836082493
16763,0.20370399999999989,0.106482446,-0.09722155380630482,13.32169,10.658614,-2.663075841369629,14.786100000000001,12.328,-2.4580999313354503,0.20708840000000006,0.12327908,-0.08380932020511633
16861,-0.057613000000000136,0.023579182,0.08119218210327639,8.575680000000002,8.961051,0.3853709872436504,4.995150000000001,7.15351,2.158360093688964,-0.008543999999999996,0.038508896,0.047052895784616466
16893,-0.057613000000000136,0.034322325,0.09193532514023794,7.2156800000000025,9.356517,2.140836838073728,2.895150000000001,7.7177525,4.822602456665038,-0.04854400000000003,0.041686468,0.09023046782636646
17144,0.06851399999999996,0.024615051,-0.0438989487751722,9.263110000000001,8.850253,-0.41285689483642685,9.882830000000002,8.68421,-1.1986201763916036,0.10898579999999991,0.119311735,0.010325935033989042
17145,0.06851399999999996,0.024615051,-0.0438989487751722,9.363110000000002,8.850253,-0.5128568948364283,10.382830000000002,8.68421,-1.6986201763916036,0.13898579999999994,0.119311735,-0.019674064966010985
17146,0.10851399999999989,0.024615051,-0.08389894877517212,10.763110000000001,8.850253,-1.9128568948364268,11.882830000000002,8.68421,-3.1986201763916036,0.16898579999999996,0.119311735,-0.04967406496601101
17147,0.13851399999999991,0.024615051,-0.11389894877517215,12.263110000000001,8.850253,-3.412856894836427,13.582830000000001,8.68421,-4.898620176391603,0.2189857999999999,0.119311735,-0.09967406496601094
17255,0.01638699999999993,0.023579182,0.007192182103276323,8.205680000000001,8.961051,0.7553709872436514,7.10515,7.15351,0.04836009368896477,0.05345599999999995,0.038508896,-0.014947104215383478
17258,-0.0036130000000000884,0.023579182,0.02719218210327634,7.605680000000003,8.961051,1.3553709872436492,5.50515,7.15351,1.6483600936889644,0.007455999999999907,0.038508896,0.031052895784616563
17259,0.024386999999999937,0.023579182,-0.0008078178967236838,18.60568,8.961051,-9.644629012756347,7.805150000000001,7.15351,-0.6516399063110363,0.06645599999999996,0.038508896,-0.02794710421538349
17716,-0.028828000000000076,-0.016886424,0.011941575726747589,7.57076,8.039551,0.46879078125000007,4.408440000000002,5.452169,1.0437289414978004,-0.03592989999999996,-0.015155116,0.020774783903861005
17768,0.02883199999999997,0.07379911,0.04496711094903949,13.28245,12.8009,-0.48154954071045,14.54456,16.11251,1.5679506811523432,0.23287709999999995,0.25863898,0.02576187800445562
17769,0.08244399999999996,0.079606496,-0.002837504202365837,22.99146,17.041428,-5.9500323876953125,21.34637,18.64978,-2.6965897265625003,0.22879779999999994,0.26021013,0.031412326638412535
17770,0.14180099999999995,0.079606496,-0.06219450420236583,18.17923,16.435122,-1.7441084637451176,20.27234,18.475769,-1.7965709570312498,0.3519151,0.26087672,-0.09103838481674192
17869,0.332387,0.025162268,-0.3072247315700054,13.755680000000002,9.506364,-4.249316131286623,15.38515,7.2441688,-8.140981241607665,0.32545599999999997,0.03566843,-0.28978757101273533
17870,0.20238699999999998,0.025162268,-0.1772247315700054,12.74568,9.506364,-3.239316131286621,12.97515,7.2441688,-5.730981241607665,0.16945599999999994,0.03566843,-0.1337875710127353
17871,0.14238699999999993,0.025162268,-0.11722473157000535,9.235680000000002,9.506364,0.2706838687133768,11.70515,7.2441688,-4.460981241607666,0.19045599999999996,0.03566843,-0.15478757101273533
17872,0.06238699999999997,0.025162268,-0.03722473157000539,8.675680000000003,9.506364,0.8306838687133755,7.09515,7.2441688,0.1490187583923337,-0.009543999999999997,0.03566843,0.04521242898726463
17873,0.04238699999999995,0.025162268,-0.01722473157000537,8.705680000000001,9.506364,0.8006838687133779,6.555150000000001,7.2441688,0.6890187583923328,-0.009543999999999997,0.03566843,0.04521242898726463
17874,0.05238699999999996,0.025162268,-0.027224731570005378,8.095680000000002,9.506364,1.4106838687133774,6.305150000000001,7.2441688,0.9390187583923328,-0.009543999999999997,0.03566843,0.04521242898726463
17875,-0.057613000000000136,0.025162268,0.08277526842999472,6.675680000000003,9.506364,2.8306838687133755,3.355150000000002,7.2441688,3.889018758392332,-0.05054400000000003,0.03566843,0.08621242898726467
17886,0.08238699999999999,0.025162268,-0.057224731570005405,6.045680000000001,9.506364,3.460683868713378,8.65515,7.2441688,-1.4109812416076668,0.15445599999999993,0.03566843,-0.1187875710127353
17888,-0.0176130000000001,0.025162268,0.042775268429994684,7.945680000000003,9.506364,1.560683868713376,2.815149999999999,7.2441688,4.429018758392335,-0.05454400000000004,0.03566843,0.09021242898726467
17889,-0.03761300000000012,0.025162268,0.0627752684299947,6.935680000000001,9.506364,2.5706838687133775,1.765150000000002,7.2441688,5.479018758392332,-0.06854400000000005,0.03566843,0.10421242898726468
17890,-0.057613000000000136,-0.019118156,0.03849484371590628,5.83568,8.297235,2.461554535217285,3.4451500000000017,5.6908145,2.245664495086668,0.006455999999999906,0.018488312,0.012032312140107249
18010,-0.1215885000000001,-0.021674747,0.09991375335252295,4.4962800000000005,6.0968256,1.6005455996704097,4.447769999999999,6.591873,2.144103168945313,0.2022463,0.19006467,-0.012181631344604482
18012,-0.11025920000000011,-0.040337864,0.06992133569045078,9.80107,8.067034,-1.734036232299804,9.688480000000002,7.618733,-2.0697470707702657,0.21003019999999994,0.18024835,-0.029781850094985907
18013,-0.07761300000000015,0.039485775,0.117098774934292,11.005680000000002,8.92537,-2.0803097836303728,6.70515,7.661916,0.9567657791137698,-0.008543999999999996,0.07438806,0.0829320569934845
18064,0.24319900000000005,0.13454321,-0.10865578973197942,9.202200000000001,9.435591,0.23339074401855342,11.37851,9.014868,-2.363642217407227,0.1828033,0.15677129,-0.02603201267795563
18065,0.2174060000000001,0.11334973,-0.10405627171373377,19.635419999999996,14.015249,-5.62017074768066,22.652050000000003,16.57278,-6.079269390869143,0.3120335000000001,0.2136657,-0.09836780600166328
18066,0.011300000000000088,0.06457853,0.053278533172607334,5.734930000000002,8.31351,2.578579941101072,5.584589999999999,8.972343,3.38775344482422,0.052723500000000034,0.11474795,0.0620244489445686
18068,-0.00869999999999993,0.025302758,0.03400275844037526,6.784930000000003,8.229297,1.444366684265134,6.51459,8.375516,1.8609259378051757,0.06272350000000004,0.096198656,0.033475155664920764
18069,0.031300000000000106,0.047212895,0.015912895005941285,7.0949300000000015,7.920655,0.8257247737121567,7.744589999999999,8.8906765,1.1460864984130872,0.08272350000000006,0.118701786,0.035978285802841126
18113,0.09931900000000005,0.019039955,-0.0802790450098515,13.32357,9.760148,-3.5634219515991212,10.85186,7.9743743,-2.8774857057189944,0.014126400000000094,0.030931668,0.016805268356060887
18131,-0.08801000000000014,0.037347123,0.12535712302684798,7.241590000000002,9.769867,2.528276943359373,1.9550800000000024,7.342019,5.38693908111572,-0.07651640000000004,0.03072774,0.10724414037718777
18133,0.09483520000000001,0.02393369,-0.07090150995869637,4.545310000000001,6.6316037,2.0862937178039545,4.38747,5.889924,1.502454049377441,0.00031400000000003647,0.008657097,0.008343096885144674
18134,0.08993849999999992,0.02501368,-0.06492482036149494,10.15651,8.461475,-1.6950346276855477,8.46425,6.439792,-2.0244578437805174,0.02050989999999997,0.049803097,0.029293196801042587
18136,0.12098799999999998,-0.003596108,-0.12458410794112085,8.40156,8.014027,-0.3875333581542968,8.894659999999998,6.6200233,-2.2746367494201643,0.08722530000000006,0.04674801,-0.04047729142098433
18166,0.11662500000000009,0.013001157,-0.10362384302914152,14.891109999999998,9.315432,-5.575678405151365,18.15246,10.049432,-8.103028199157716,0.4045896,0.18749183,-0.21709776583633422
18171,0.013999000000000095,0.04141431,0.027415309293031598,11.477609999999999,10.897179,-0.5804313500976548,10.325389999999999,9.573645,-0.7517453619384753,0.06059910000000002,0.08177551,0.021176408821010573
18172,0.013999000000000095,0.04141431,0.027415309293031598,11.677610000000001,10.897179,-0.7804313500976576,10.92539,9.573645,-1.3517453619384767,0.08059909999999992,0.08177551,0.001176408821010666
18173,-0.02600099999999994,0.04141431,0.06741530929303163,10.87761,10.897179,0.019568649902343083,8.325389999999999,9.573645,1.2482546380615247,0.010599099999999972,0.08177551,0.07117640882101062
18174,0.013999000000000095,0.04141431,0.027415309293031598,11.27761,10.897179,-0.3804313500976555,9.42539,9.573645,0.14825463806152328,0.03059909999999999,0.08177551,0.0511764088210106
18175,0.17600300000000013,0.069099605,-0.10690339491653456,10.59808,6.9702983,-3.627781709747314,14.029720000000001,8.329674,-5.700046232910157,0.46269989999999994,0.14300297,-0.31969692799320215
18177,0.10600300000000007,0.069099605,-0.03690339491653449,2.998079999999998,6.9702983,3.9722182902526875,6.40972,8.329674,1.9199537670898437,0.1526999,0.14300297,-0.009696927993202209
18191,0.07698099999999997,0.038796406,-0.0381845937607288,15.224429999999998,10.189296,-5.035134231262205,12.501209999999999,10.439924,-2.061285759887694,0.0384814,0.09790009,0.059418692601776124
18233,0.0014879999999999338,0.018466659,0.01697865889024741,9.901820000000004,9.248053,-0.6537674029541058,5.716439999999999,6.4490786,0.7326385598754896,-0.05369219999999997,0.012634508,0.06632670831174847
18235,0.03148799999999996,0.018466659,-0.013021341109752615,8.851820000000004,9.248053,0.39623259704589486,5.616439999999999,6.4490786,0.8326385598754893,-0.04369219999999996,0.012634508,0.056326708311748463
18358,0.3223218,0.23046021,-0.09186158836536407,16.41386,13.021118,-3.3927418359374997,16.14024,13.581653,-2.558587358703612,0.15182680000000004,0.18067095,0.028844146836471518
18360,0.09738699999999989,0.17021029,0.07282328697490703,16.225680000000004,18.590933,2.365252846069332,13.34515,15.696021,2.3508710800170896,0.08145599999999997,0.21562666,0.13417065700912478
18361,0.332387,0.17021029,-0.16217671302509307,20.60568,18.590933,-2.0147471539306636,18.40515,15.696021,-2.709128919982909,0.32145599999999996,0.21562666,-0.10582934299087521
18364,0.20238699999999998,0.17021029,-0.03217671302509306,19.70568,18.590933,-1.114747153930665,17.105150000000002,15.696021,-1.409128919982912,0.25145599999999996,0.21562666,-0.0358293429908752
18365,0.19238699999999997,0.17021029,-0.022176713025093053,19.10568,18.590933,-0.5147471539306636,16.50515,15.696021,-0.8091289199829106,0.21145599999999998,0.21562666,0.0041706570091247785
18366,0.20238699999999998,0.17021029,-0.03217671302509306,20.50568,18.590933,-1.9147471539306657,17.30515,15.696021,-1.6091289199829113,0.25145599999999996,0.21562666,-0.0358293429908752
18367,0.21238699999999988,0.17021029,-0.04217671302509296,22.20568,18.590933,-3.614747153930665,18.20515,15.696021,-2.50912891998291,0.281456,0.21562666,-0.06582934299087523
18368,0.18538699999999986,0.17021029,-0.015176713025092936,19.06568,18.590933,-0.47474715393066447,16.52515,15.696021,-0.8291289199829102,0.21045599999999998,0.21562666,0.0051706570091247794
18456,0.31199,0.037347123,-0.27464287697315215,15.421590000000002,9.769867,-5.651723056640627,16.08508,7.342019,-8.743060918884279,0.24348359999999997,0.03072774,-0.21275585962281224
18457,0.05198999999999998,0.037347123,-0.014642876973152141,10.721590000000003,9.769867,-0.9517230566406276,8.085080000000001,7.342019,-0.7430609188842787,-0.006516399999999978,0.03072774,0.03724414037718771
18458,0.30199,0.037347123,-0.26464287697315214,20.921590000000002,9.769867,-11.151723056640627,17.98508,7.342019,-10.643060918884277,0.2534836,0.03072774,-0.22275585962281225
18459,0.13198999999999994,0.037347123,-0.0946428769731521,15.521590000000002,9.769867,-5.7517230566406266,12.48508,7.342019,-5.143060918884277,0.10348360000000001,0.03072774,-0.07275585962281228
18548,-0.04830000000000001,-0.008178559,0.04012144086807967,9.92342,8.137048,-1.78637223236084,3.321159999999999,7.304825,3.9836648291015635,0.08136260000000006,0.111997455,0.030634855358505186
18591,0.032215000000000105,0.05923728,0.027022278997897997,6.708349999999999,9.467853,2.7595025924682623,4.807250000000002,6.6120563,1.8048062553405746,-0.01973590000000003,0.0013721116,0.0211080116119996
18593,-0.007784999999999931,0.05923728,0.06702227899789803,7.038349999999998,9.467853,2.429502592468264,3.707250000000002,6.6120563,2.9048062553405742,-0.049735899999999944,0.0013721116,0.051108011611999515
18897,0.16680000000000006,0.16011426,-0.006685741472244322,11.438210000000002,12.087696,0.6494860754394516,12.883309999999998,12.392099,-0.491210619506834,0.1945831,0.12539074,-0.06919236175117494
18972,0.045600000000000085,0.026123451,-0.019476548931002702,11.082550000000001,11.207237,0.12468724365234252,12.354080000000002,11.698447,-0.6556327725219742,0.12870480000000006,0.11643842,-0.012266381373214785
18973,0.04060000000000008,0.026123451,-0.014476548931002697,10.062550000000002,11.207237,1.144687243652342,11.31408,11.698447,0.38436722747802676,0.11470479999999994,0.11643842,0.0017336186267853382
18974,0.03160000000000007,0.026123451,-0.005476548931002689,9.832550000000001,11.207237,1.3746872436523425,10.074080000000002,11.698447,1.6243672274780252,0.07070480000000001,0.11643842,0.045733618626785266
18975,0.035600000000000076,0.026123451,-0.009476548931002693,9.992550000000001,11.207237,1.2146872436523424,10.404080000000002,11.698447,1.2943672274780251,0.07770479999999991,0.11643842,0.03873361862678537
19092,0.022386999999999935,0.03796521,0.015578208292007512,13.715680000000003,11.379565,-2.336114761047366,11.305150000000001,10.153011,-1.1521386779785168,0.09145599999999998,0.08911468,-0.002341319113731366
19093,-0.06261300000000003,0.03796521,0.10057820829200748,13.445680000000001,11.379565,-2.0661147610473645,9.70515,10.153011,0.44786132202148465,0.051455999999999946,0.08911468,0.03765868088626867
19094,-0.04161300000000012,0.03796521,0.07957820829200757,13.305680000000002,11.379565,-1.9261147610473657,9.70515,10.153011,0.44786132202148465,0.051455999999999946,0.08911468,0.03765868088626867
19198,0.011009000000000047,0.0008439692,-0.010165030826270627,7.177890000000001,7.457774,0.27988416229247903,7.068549999999998,7.0335712,-0.03497875671386552,0.08476320000000004,0.037115972,-0.04764722751088146
19202,-0.003775000000000084,0.038707864,0.042482863539457405,16.696040000000004,11.199779,-5.496261443176273,16.12153,12.230667,-3.8908628857421874,0.1615088,0.13785757,-0.0236512287557602
19244,-0.03878499999999985,0.048719656,0.08750465572237953,7.8783499999999975,8.441295,0.562944670104983,4.807250000000002,6.6838098,1.8765597572326644,-0.011735900000000021,0.043001637,0.05473753686275484
19291,-0.07923600000000008,0.005998057,0.08523405684760221,2.3797200000000025,5.576781,3.197060796051023,-0.20638999999999896,4.3043227,4.510712719573974,-0.030698899999999973,0.021235837,0.05193473666980264
19342,0.006939600000000046,-0.0057412977,-0.01268089773303871,11.826110000000002,10.982375,-0.8437348550415056,12.053180000000001,9.557533,-2.495646735839845,0.39010999999999996,0.22917683,-0.16093316577434535
19344,-0.11306040000000006,-0.0057412977,0.1073191022669614,10.526110000000001,10.982375,0.45626514495849513,7.85318,9.557533,1.7043532641601562,0.12010999999999994,0.22917683,0.10906683422565466
19346,0.021525999999999934,-0.027744023,-0.04927002312934392,13.160549999999999,10.611271,-2.5492790954589832,13.2034,9.280586,-3.922813757324219,0.3717889,0.17958702,-0.1922018785299301
19348,-0.06847400000000015,-0.027744023,0.04072997687065616,10.260549999999999,10.611271,0.3507209045410171,7.7034,9.280586,1.577186242675781,0.11178889999999997,0.17958702,0.06779812147006992
19349,-0.08847400000000016,-0.027744023,0.06072997687065618,9.56055,10.611271,1.0507209045410164,6.9033999999999995,9.280586,2.3771862426757817,0.08178890000000005,0.17958702,0.09779812147006983
19455,-0.04820599999999997,-0.008373881,0.0398321192411184,15.4158,9.952016,-5.463784123229981,12.249519999999999,9.211723,-3.03779667236328,0.013294299999999981,0.09794522,0.08465092076845171
19456,-0.05820599999999998,-0.008373881,0.04983211924111841,7.6158,9.952016,2.3362158767700194,6.049519999999998,9.211723,3.162203327636721,0.0342943,0.09794522,0.06365092076845169
19467,-0.03778499999999996,0.024228927,0.062013926748037296,7.8683499999999995,9.433832,1.565482168579102,4.847250000000001,6.9011946,2.0539445724487297,-0.007735899999999907,0.011259854,0.018995753839874174
19468,-0.07778499999999999,0.024228927,0.10201392674803733,7.678349999999998,9.433832,1.7554821685791033,2.247250000000001,6.9011946,4.653944572448729,-0.08773589999999998,0.011259854,0.09899575383987425
19551,0.00021500000000007624,0.037310455,0.03709545499444,7.178349999999998,8.812769,1.6344189361572283,4.8572500000000005,7.305287,2.448036884307861,-0.00973590000000002,0.052449986,0.06218588633861544
19552,-0.007784999999999931,0.037310455,0.04509545499444001,7.538349999999998,8.812769,1.274418936157229,5.207250000000002,7.305287,2.0980368843078594,0.002264100000000102,0.052449986,0.050185886338615315
19592,0.10985100000000003,0.027596707,-0.08225429347550872,12.987359999999999,10.184588,-2.802771567687987,16.128130000000002,11.514267,-4.613863032226565,0.1979033,0.12371768,-0.07418561942653656
19594,0.019851000000000063,0.027596707,0.007745706524491247,12.637360000000001,10.184588,-2.4527715676879893,13.728130000000002,11.514267,-2.2138630322265644,0.14690329999999996,0.12371768,-0.02318561942653652
19595,-0.010148999999999964,0.027596707,0.037745706524491274,11.62736,10.184588,-1.4427715676879878,11.11813,11.514267,0.39613696777343677,0.0799032999999999,0.12371768,0.04381438057346354
19616,-0.008010000000000073,0.044183157,0.05219315738439567,7.221590000000003,9.839295,2.617705387268064,3.7850800000000007,7.992754,4.207673982543945,-0.05451640000000002,0.01919569,0.07371209075107577
19617,-0.008010000000000073,0.044183157,0.05219315738439567,4.121590000000001,9.839295,5.717705387268065,1.0850800000000014,7.992754,6.907673982543944,-0.06551640000000003,0.01919569,0.08471209075107577
19820,-0.007784999999999931,0.023018746,0.030803745705485275,9.558349999999997,8.948034,-0.6103157135009738,6.507250000000001,6.7968826,0.2896326293945304,-0.007735899999999907,0.022935443,0.030671342626476195
19827,0.3305867,0.1433041,-0.18728260532779695,16.26598,14.934371,-1.331609005432128,17.0024,15.375783,-1.626617033386232,0.4321154,0.35338974,-0.07872566000976561
19829,0.04058670000000009,0.1433041,0.10271739467220298,14.465979999999998,14.934371,0.4683909945678728,14.6024,15.375783,0.7733829666137702,0.3321154,0.35338974,0.02127433999023437
19830,0.26058670000000006,0.1433041,-0.117282605327797,15.865979999999999,14.934371,-0.9316090054321275,16.5024,15.375783,-1.126617033386232,0.4021154,0.35338974,-0.04872566000976564
19831,0.02058670000000007,0.1433041,0.122717394672203,14.165979999999998,14.934371,0.7683909945678735,14.5024,15.375783,0.8733829666137698,0.3421154,0.35338974,0.011274339990234361
19832,0.12058670000000005,0.1433041,0.022717394672203017,15.165979999999998,14.934371,-0.23160900543212648,15.1024,15.375783,0.27338296661377015,0.3221154,0.35338974,0.03127433999023438
19833,0.18244399999999994,0.079606496,-0.10283750420236581,18.99146,17.041428,-1.9500323876953125,20.746370000000002,18.64978,-2.0965897265625024,0.2987978,0.26021013,-0.03858767336158753
19834,0.1324439999999999,0.079606496,-0.05283750420236577,19.99146,17.041428,-2.9500323876953125,21.14637,18.64978,-2.496589726562501,0.3187978,0.26021013,-0.058587673361587544
19835,0.02883199999999997,0.07379911,0.04496711094903949,13.28245,12.8009,-0.48154954071045,14.54456,16.11251,1.5679506811523432,0.23287709999999995,0.25863898,0.02576187800445562
19837,0.12883199999999995,0.07379911,-0.05503288905096049,13.68245,12.8009,-0.8815495407104486,18.74456,16.11251,-2.632049318847656,0.3528771,0.25863898,-0.09423812199554443
19839,0.1324439999999999,0.079606496,-0.05283750420236577,20.891460000000002,17.041428,-3.8500323876953146,21.64637,18.64978,-2.996589726562501,0.3287978,0.26021013,-0.0685876733615875
19841,0.16180099999999997,0.079606496,-0.08219450420236585,19.37923,16.435122,-2.944108463745117,20.572339999999997,18.475769,-2.096570957031247,0.3219151,0.26087672,-0.06103838481674195
19843,0.027392000000000083,0.067628965,0.040236964781761086,11.94256,12.476792,0.5342323355102536,13.118670000000002,16.015186,2.8965163098144515,0.16386619999999996,0.25659686,0.09273066326980595
19844,0.06739200000000012,0.067628965,0.00023696478176105096,11.742560000000001,12.476792,0.7342323355102529,17.61867,16.015186,-1.6034836901855485,0.3838662,0.25659686,-0.12726933673019408
19858,0.03698999999999997,0.044862147,0.007872147420644793,14.081590000000002,10.252767,-3.8288233908081075,11.665080000000001,8.634939,-3.0301408062744155,0.0914836,0.050070733,-0.04141286716804504
19861,0.13698999999999995,0.044862147,-0.09212785257935519,14.06159,10.252767,-3.808823390808106,13.27508,8.634939,-4.640140806274415,0.14648359999999994,0.050070733,-0.09641286716804498
19914,0.274602,0.11613922,-0.158462781788826,12.0003,10.583391,-1.416908810424804,16.577130000000004,14.105718,-2.471412341003422,0.21550750000000007,0.20153499,-0.013972513504028394
19915,0.38466199999999995,0.12671103,-0.2579509741659164,13.29973,13.382681,0.08295089294433566,18.62511,15.273881,-3.3512290414428705,0.21319050000000006,0.21357825,0.00038775398445123344
19916,0.10460199999999997,0.11613922,0.011537218211174038,11.860299999999999,10.583391,-1.2769088104248034,13.547130000000001,14.105718,0.558587658996581,0.16550750000000003,0.20153499,0.03602748649597165
19917,0.05460200000000004,0.11613922,0.06153721821117397,10.770299999999999,10.583391,-0.18690881042480356,12.997130000000002,14.105718,1.10858765899658,0.19550750000000006,0.20153499,0.0060274864959716234
19918,0.20460200000000006,0.11613922,-0.08846278178882605,11.9603,10.583391,-1.3769088104248048,16.75713,14.105718,-2.651412341003418,0.2755075,0.20153499,-0.07397251350402834
19919,0.19460200000000005,0.11613922,-0.07846278178882604,11.8403,10.583391,-1.2569088104248038,17.12713,14.105718,-3.021412341003419,0.31550750000000005,0.20153499,-0.11397251350402837
19920,0.05460200000000004,0.11613922,0.06153721821117397,8.200299999999999,10.583391,2.3830911895751967,10.39713,14.105718,3.7085876589965814,0.21950749999999997,0.20153499,-0.017972513504028287
19921,0.039602000000000026,0.11613922,0.07653721821117399,7.970300000000002,10.583391,2.6130911895751936,10.05713,14.105718,4.048587658996581,0.1435075,0.20153499,0.05802748649597167
19928,0.07221500000000014,0.07047301,-0.0017419921422006102,8.478349999999999,9.50839,1.0300404266357432,8.51725,8.081891,-0.4353589401245124,0.09126410000000007,0.07209754,-0.01916656009826667
19929,0.022215000000000096,0.07047301,0.048258007857799434,7.27835,9.50839,2.2300404266357425,6.957250000000002,8.081891,1.1246410598754863,0.07026410000000005,0.07209754,0.001833439901733347
20127,6.000000000017103e-05,0.02101191,0.02095190946996195,8.103659999999998,7.6439533,-0.45970667663574005,7.350839999999998,8.344608,0.9937683068847676,0.05278970000000005,0.1359326,0.08314289453773493
20129,-0.009939999999999838,0.02101191,0.030951909469961958,7.59366,7.6439533,0.05029332336425796,7.890839999999999,8.344608,0.45376830688476666,0.11278969999999999,0.1359326,0.023142894537734993
20131,-0.018939999999999957,0.02101191,0.03995190946996208,7.813659999999999,7.6439533,-0.1697066766357409,8.20084,8.344608,0.14376830688476616,0.1227897,0.1359326,0.013142894537734984
20132,0.049868000000000134,0.026407626,-0.02346037447381033,11.199940000000002,11.153957,-0.045982633056642186,12.994439999999999,11.341797,-1.652643124999999,0.17442990000000003,0.16728184,-0.007148063728714016
20133,0.001060000000000061,0.02101191,0.01995190946996206,8.29366,7.6439533,-0.6497066766357413,8.62084,8.344608,-0.27623169311523377,0.1227897,0.1359326,0.013142894537734984
20134,-0.01193999999999984,0.02101191,0.03295190946996196,8.173659999999998,7.6439533,-0.5297066766357403,7.640839999999999,8.344608,0.7037683068847667,0.07278970000000007,0.1359326,0.06314289453773492
20137,0.0040600000000000636,0.02101191,0.016951909469962056,8.32366,7.6439533,-0.6797066766357425,9.62084,8.344608,-1.2762316931152338,0.16278970000000004,0.1359326,-0.026857105462265052
20347,-0.03920199999999996,0.019744124,0.05894612426352497,7.93967,10.655193,2.7155233288574223,7.769459999999999,9.292399,1.5229394064331068,0.07593260000000002,0.12685105,0.05091845204582213
20348,-0.03920199999999996,0.019744124,0.05894612426352497,7.93967,10.655193,2.7155233288574223,8.06946,9.292399,1.222939406433106,0.08793260000000003,0.12685105,0.038918452045822116
20371,0.081488,0.017256478,-0.06423152215230465,11.241820000000004,8.762255,-2.479565285034184,15.116439999999999,6.206666,-8.909774007263183,0.39630780000000004,0.021202039,-0.3751057610264302
20448,0.002215000000000078,0.023018746,0.020803745705485266,8.43835,8.948034,0.5096842864990236,6.907250000000001,6.7968826,-0.11036737060546997,0.03226410000000002,0.022935443,-0.00932865737352373
20449,-0.03778499999999996,0.023018746,0.0608037457054853,7.638349999999999,8.948034,1.3096842864990244,5.1072500000000005,6.7968826,1.6896326293945307,0.0122641,0.022935443,0.010671342626476288
20456,-0.05698500000000006,-0.044460606,0.012524394170045916,5.447780000000002,7.33414,1.8863598239135726,3.874769999999998,3.8110435,-0.0637264990997295,0.023006299999999924,0.025357539,0.0023512388342142865
20459,-0.07121500000000003,-0.044460606,0.02675439417004588,3.3977000000000004,5.0419683,1.6442683456420895,0.01576999999999984,2.3850431,2.3692731442260744,-0.0007619000000000931,0.019270172,0.020032072342658136
20460,-0.07721500000000003,-0.044460606,0.032754394170045886,2.8176999999999985,5.0419683,2.2242683456420913,-0.38422999999999874,2.3850431,2.769273144226073,-0.03076190000000001,0.019270172,0.05003207234265805
20461,-0.039215,-0.044460606,-0.0052456058299541475,3.457699999999999,5.0419683,1.5842683456420907,0.4757700000000007,2.3850431,1.9092731442260735,0.004238099999999911,0.019270172,0.015032072342658132
20462,-0.035214999999999996,-0.044460606,-0.009245605829954151,4.6777000000000015,5.0419683,0.3642683456420883,1.0057699999999983,2.3850431,1.379273144226076,0.03823810000000005,0.019270172,-0.01896792765734201
20464,-0.05321500000000001,-0.044460606,0.008754394170045865,5.447700000000001,5.0419683,-0.40573165435791125,3.4957700000000003,2.3850431,-1.110726855773926,0.01423809999999992,0.019270172,0.005032072342658123
20466,-0.06721500000000002,-0.044460606,0.022754394170045877,4.517700000000001,5.0419683,0.5242683456420885,2.2457700000000003,2.3850431,0.13927314422607395,-0.0007619000000000931,0.019270172,0.020032072342658136
20467,-0.07121500000000003,-0.044460606,0.02675439417004588,3.3977000000000004,5.0419683,1.6442683456420895,1.4057700000000004,2.3850431,0.9792731442260738,-0.0007619000000000931,0.019270172,0.020032072342658136
20468,-0.07721500000000003,-0.044460606,0.032754394170045886,2.8176999999999985,5.0419683,2.2242683456420913,0.11577000000000126,2.3850431,2.269273144226073,-0.03076190000000001,0.019270172,0.05003207234265805
20469,-0.039215,-0.044460606,-0.0052456058299541475,3.457699999999999,5.0419683,1.5842683456420907,1.9657699999999991,2.3850431,0.4192731442260751,0.004238099999999911,0.019270172,0.015032072342658132
20470,-0.035214999999999996,-0.044460606,-0.009245605829954151,4.6777000000000015,5.0419683,0.3642683456420883,3.6557700000000004,2.3850431,-1.2707268557739262,0.03823810000000005,0.019270172,-0.01896792765734201
20471,-0.01821499999999987,-0.044460606,-0.026245605829954277,5.367699999999999,5.0419683,-0.3257316543579094,5.17577,2.3850431,-2.7907268557739258,0.07523809999999997,0.019270172,-0.05596792765734193
20473,-0.05321500000000001,-0.044460606,0.008754394170045865,4.357700000000001,5.0419683,0.6842683456420886,1.3657700000000013,2.3850431,1.019273144226073,0.05023809999999995,0.019270172,-0.03096792765734191
20474,-0.058214999999999906,-0.044460606,0.013754394170045758,4.457699999999999,5.0419683,0.5842683456420907,2.135769999999999,2.3850431,0.24927314422607516,0.010238099999999917,0.019270172,0.009032072342658126
20475,-0.057215000000000016,-0.044460606,0.012754394170045869,4.9277000000000015,5.0419683,0.11426834564208832,1.7157699999999991,2.3850431,0.6692731442260751,0.011238100000000029,0.019270172,0.008032072342658014
20477,-0.0542149999999999,-0.044460606,0.009754394170045755,4.747700000000002,5.0419683,0.29426834564208804,1.1457699999999988,2.3850431,1.2392731442260754,-0.0007619000000000931,0.019270172,0.020032072342658136
20478,-0.057215000000000016,-0.044460606,0.012754394170045869,4.637699999999999,5.0419683,0.404268345642091,1.555769999999999,2.3850431,0.8292731442260752,0.01323810000000003,0.019270172,0.0060320723426580125
20479,-0.05321500000000001,-0.044460606,0.008754394170045865,4.7377,5.0419683,0.3042683456420896,2.1957699999999996,2.3850431,0.18927314422607466,0.006238100000000024,0.019270172,0.013032072342658019
20480,-0.058214999999999906,-0.044460606,0.013754394170045758,4.9177,5.0419683,0.12426834564208988,1.6957699999999996,2.3850431,0.6892731442260747,-0.002761900000000095,0.019270172,0.022032072342658138
20481,-0.057215000000000016,-0.044460606,0.012754394170045869,4.6677,5.0419683,0.3742683456420899,1.7957699999999992,2.3850431,0.589273144226075,0.00023809999999990783,0.019270172,0.019032072342658135
20482,-0.05321500000000001,-0.044460606,0.008754394170045865,4.997700000000002,5.0419683,0.044268345642088036,2.41577,2.3850431,-0.030726855773925976,0.010238099999999917,0.019270172,0.009032072342658126
20483,-0.05121500000000001,-0.044460606,0.006754394170045863,5.247700000000002,5.0419683,-0.20573165435791196,2.26577,2.3850431,0.11927314422607438,-0.0037618999999999847,0.019270172,0.023032072342658028
20485,-0.057215000000000016,-0.044460606,0.012754394170045869,5.1777000000000015,5.0419683,-0.13573165435791168,1.8257700000000003,2.3850431,0.5592731442260739,0.0012381000000000197,0.019270172,0.018032072342658023
20506,-0.00828300000000004,0.029448532,0.037731531568050425,8.960720000000002,9.961352,1.0006323483276347,5.5389,7.6030264,2.0641263900756837,-0.0449948,0.023640245,0.06863504519920349
20507,0.07171700000000003,0.029448532,-0.042268468431949646,8.960720000000002,9.961352,1.0006323483276347,8.0389,7.6030264,-0.43587360992431634,0.04500519999999997,0.023640245,-0.021364954800796476
20508,0.0017169999999999686,0.029448532,0.027731531568050416,9.660720000000001,9.961352,0.3006323483276354,6.6389,7.6030264,0.964126390075684,-0.004994799999999966,0.023640245,0.028635045199203457
20511,-0.00828300000000004,0.029448532,0.037731531568050425,8.76072,9.961352,1.2006323483276375,5.4389,7.6030264,2.1641263900756833,-0.024994799999999984,0.023640245,0.048635045199203475
20512,-0.03828300000000007,0.029448532,0.06773153156805045,8.160720000000001,9.961352,1.8006323483276354,4.738899999999999,7.6030264,2.8641263900756844,-0.014994799999999975,0.023640245,0.038635045199203466
20513,-0.00828300000000004,0.029448532,0.037731531568050425,10.160720000000001,9.961352,-0.1993676516723646,7.1389,7.6030264,0.464126390075684,0.005005200000000043,0.023640245,0.018635045199203448
20514,-0.01828300000000005,0.029448532,0.047731531568050434,10.460720000000002,9.961352,-0.4993676516723653,6.738899999999999,7.6030264,0.8641263900756844,-0.014994799999999975,0.023640245,0.038635045199203466
20515,-0.01828300000000005,0.029448532,0.047731531568050434,10.960720000000002,9.961352,-0.9993676516723653,7.338899999999999,7.6030264,0.2641263900756847,-0.004994799999999966,0.023640245,0.028635045199203457
20516,-0.01828300000000005,0.029448532,0.047731531568050434,9.86072,9.961352,0.10063234832763612,6.6389,7.6030264,0.964126390075684,-0.004994799999999966,0.023640245,0.028635045199203457
20726,-0.09030999999999989,-0.019557903,0.07075209741055954,6.975769999999997,8.45032,1.474550243835452,2.147680000000001,6.5407066,4.393026634521483,-0.05907969999999996,0.04578075,0.10486045185418125
20730,-0.09030999999999989,-0.019557903,0.07075209741055954,8.275769999999998,8.45032,0.17455024383545137,3.1676800000000007,6.5407066,3.3730266345214837,-0.06207969999999985,0.04578075,0.10786045185418114
20787,0.07238699999999998,0.025162268,-0.047224731570005396,9.805680000000002,9.506364,-0.2993161312866235,8.70515,7.2441688,-1.4609812416076657,0.04145599999999994,0.03566843,-0.005787571012735304
20797,0.16537299999999988,0.105240874,-0.060132126007556796,15.113229999999998,12.324188,-2.789041767578123,16.23133,12.475487,-3.755843244628906,0.1098519,0.10742109,-0.0024308073109626793
20828,0.06369200000000008,0.14066002,0.07696801772880546,8.862210000000001,10.525342,1.6631319876098623,8.45159,10.73174,2.28014999786377,0.06840489999999999,0.111217484,0.04281258387813569
20830,0.100692,0.14066002,0.03996801772880554,9.362210000000001,10.525342,1.1631319876098623,10.251589999999998,10.73174,0.4801499978637711,0.12840490000000004,0.111217484,-0.017187416121864363
20831,0.3036920000000001,0.14066002,-0.16303198227119453,13.362210000000001,10.525342,-2.8368680123901377,14.55159,10.73174,-3.8198500021362296,0.16840489999999997,0.111217484,-0.05718741612186429
20850,0.045135999999999954,0.036818847,-0.008317152939796402,12.838170000000002,12.842585,0.0044146099853499265,14.01048,13.343646,-0.6668339505004877,0.1413118000000001,0.14155723,0.0002454315454482048
20870,-0.07888399999999995,-0.024210146,0.05467385430300231,4.708970000000001,7.7406497,3.031679700164794,0.7002500000000005,5.35766,4.657409816741943,-0.06649400000000005,0.033221688,0.09971568812155729
20873,-0.07888399999999995,-0.024210146,0.05467385430300231,5.288969999999999,7.7406497,2.451679700164796,1.2902500000000003,5.35766,4.067409816741943,-0.04849400000000004,0.033221688,0.08171568812155727
20874,-0.07788400000000006,-0.024210146,0.05367385430300242,5.67897,7.7406497,2.0616797001647953,2.000250000000001,5.35766,3.357409816741942,-0.032494000000000134,0.033221688,0.06571568812155737
20889,0.04969000000000012,0.010214751,-0.03947524934500468,9.67577,10.016107,0.3403366055297852,7.987680000000001,7.589496,-0.3981838642883311,0.021920300000000004,0.0230065,0.001086200676274296
20890,-0.050309999999999855,0.010214751,0.060524750654995296,8.555769999999999,10.016107,1.4603366055297862,4.127680000000002,7.589496,3.4618161357116684,-0.058079699999999956,0.0230065,0.08108620067627426
20891,-0.015309999999999935,0.010214751,0.025524750654995376,8.10577,10.016107,1.9103366055297855,5.087680000000001,7.589496,2.5018161357116693,-0.022079699999999924,0.0230065,0.045086200676274224
20910,0.021373000000000086,0.017972322,-0.0034006778191328912,5.603180000000002,7.171922,1.5687422068786603,6.535700000000002,8.618363,2.082663380432127,0.040985200000000055,0.1203939,0.0794087020633697
20911,0.05137300000000011,0.017972322,-0.03340067781913292,7.18318,7.171922,-0.011257793121338011,9.6857,8.618363,-1.0673366195678717,0.15098520000000004,0.1203939,-0.03059129793663029
20935,-0.006610000000000005,0.04739062,0.05400062115550042,4.164940000000001,8.359288,4.194348215637206,4.508869999999998,9.646383,5.137513285522463,0.06232340000000003,0.12122228,0.058898879965877504
21027,0.10821500000000006,0.037310455,-0.07090454500555998,7.068349999999999,8.812769,1.7444189361572278,8.137250000000002,7.305287,-0.8319631156921403,0.07226410000000005,0.052449986,-0.019814113661384636
21029,0.012215000000000087,0.037310455,0.025095454994439992,7.038349999999998,8.812769,1.774418936157229,4.3472500000000025,7.305287,2.958036884307859,-0.03773589999999993,0.052449986,0.09018588633861535
21060,-0.0176130000000001,0.039993927,0.057606926882743936,10.325680000000002,11.650711,1.3250310595703105,6.67515,8.922258,2.247108377075195,-0.021544000000000008,0.03594407,0.057488070667028435
21157,-0.028512000000000093,0.0843233,0.11283530191135416,9.241820000000004,9.547261,0.3054412380981404,5.296439999999999,9.015067,3.7186271005249036,-0.04369219999999996,0.05514854,0.0988407382020473
21167,-0.08869900000000008,-0.008104623,0.08059437670463332,5.276620000000001,7.458532,2.181911856536864,2.726200000000002,6.551664,3.825463875579832,0.016723800000000066,0.06091492,0.04419111878032678
21168,-0.06869900000000007,-0.008104623,0.0605943767046333,8.006620000000002,7.458532,-0.5480881434631364,5.966200000000002,6.551664,0.5854638755798316,0.059723799999999994,0.06091492,0.0011911187803268497
21191,0.0025340000000000362,0.027373616,0.024839615652322733,7.186149999999998,9.90984,2.7236896301269553,5.388349999999999,7.4945183,2.106168280029298,-0.06918380000000002,0.019176837,0.08836063705687525
21192,0.14238699999999993,0.023579182,-0.11880781789672368,11.40568,8.961051,-2.444629012756348,12.20515,7.15351,-5.051639906311035,0.15145599999999992,0.038508896,-0.11294710421538345
21193,0.13238699999999992,0.023579182,-0.10880781789672367,10.605680000000003,8.961051,-1.6446290127563508,10.50515,7.15351,-3.3516399063110356,0.08145599999999997,0.038508896,-0.0429471042153835
21214,0.012386999999999926,0.023579182,0.011192182103276327,6.90568,8.961051,2.055370987243652,5.95515,7.15351,1.1983600936889651,0.03145599999999993,0.038508896,0.007052895784616542
21316,-0.06251200000000012,0.018466659,0.08097865889024747,7.111820000000002,9.248053,2.136232597045897,2.8464399999999976,6.4490786,3.6026385598754906,-0.05669219999999997,0.012634508,0.06932670831174848
21319,-0.07951200000000003,0.018466659,0.09797865889024737,6.821820000000002,9.248053,2.426232597045896,1.81644,6.4490786,4.632638559875488,-0.07869219999999999,0.012634508,0.0913267083117485
21320,-0.07651200000000014,0.018466659,0.09497865889024748,6.261820000000004,9.248053,2.9862325970458947,1.686440000000001,6.4490786,4.762638559875487,-0.06669219999999998,0.012634508,0.07932670831174848
21321,-0.07251200000000013,0.018466659,0.09097865889024748,6.391820000000003,9.248053,2.8562325970458957,1.7564399999999978,6.4490786,4.6926385598754905,-0.07069219999999998,0.012634508,0.08332670831174849
21322,-0.07651200000000014,0.018466659,0.09497865889024748,7.181820000000002,9.248053,2.0662325970458966,2.1264399999999988,6.4490786,4.3226385598754895,-0.08069219999999999,0.012634508,0.0933267083117485
21345,-0.031843000000000066,-0.042366378,-0.01052337800931924,1.7864700000000013,5.2696285,3.483158524780272,2.054759999999998,5.2760005,3.2212404997253437,0.056093200000000065,0.084403455,0.028310255257415706
21347,-0.09184300000000012,-0.042366378,0.049476621990680814,6.886469999999999,5.2696285,-1.6168414752197258,5.48476,5.2760005,-0.20875950027465784,0.06809320000000008,0.084403455,0.016310255257415696
21348,-0.0718430000000001,-0.042366378,0.029476621990680796,4.766470000000002,5.2696285,0.5031585247802717,4.21476,5.2760005,1.0612404997253417,0.07209320000000008,0.084403455,0.012310255257415692
21349,-0.041843000000000075,-0.042366378,-0.0005233780093192308,2.676470000000002,5.2696285,2.5931585247802715,2.6547599999999996,5.2760005,2.6212404997253422,0.05409319999999995,0.084403455,0.03031025525741582
21351,-0.08184300000000011,-0.042366378,0.039476621990680805,6.996470000000002,5.2696285,-1.7268414752197287,5.5747599999999995,5.2760005,-0.2987595002746577,0.05909319999999996,0.084403455,0.025310255257415815
21396,0.22109299999999998,0.14332625,-0.07776674730110167,18.196640000000002,10.143974,-8.052665695800783,16.14937,9.562455,-6.586914822692872,0.1900231,0.10214637,-0.08787672780094147
21397,0.217395,0.10849709,-0.10889790936231614,13.36081,8.809032,-4.551777559814454,15.50918,9.863567,-5.645612647705079,0.2641566,0.09754972,-0.16660687840137484
21399,0.2106800000000001,0.18356837,-0.027111626677513212,8.716399999999997,7.116353,-1.600046965026852,13.025250000000002,9.29762,-3.7276301803588883,0.2683918,0.16254984,-0.10584196157627107
21400,0.21094499999999994,0.18924601,-0.021698986239433227,4.971860000000003,8.32934,3.3574799810790985,9.39506,10.0473795,0.652319493713378,0.2319057,0.14732109,-0.08458460989780425
21401,0.32094500000000004,0.18924601,-0.13169898623943332,9.451860000000002,8.32934,-1.1225200189209001,13.055060000000001,10.0473795,-3.007680506286622,0.2919057,0.14732109,-0.14458460989780425
21521,0.05140100000000003,0.08682157,0.03542057099246976,12.44652,8.983396,-3.463124423522949,9.666570000000002,7.305242,-2.3613279383850116,0.05663830000000003,0.024057617,-0.03258068258898261
21524,0.04061500000000007,0.024941726,-0.015673274343609878,10.528690000000001,8.711306,-1.8173843817138682,7.86889,7.045658,-0.8232318884277348,0.05409549999999996,0.023458418,-0.0306370824949741
21525,-0.019930000000000003,0.033980064,0.05391006409406662,5.722109999999997,7.754919,2.0328090521240263,3.2874300000000005,5.5621066,2.274676609344482,-0.029368599999999967,0.013219043,0.042587642681157556
21526,0.060975,0.033980064,-0.02699493590593338,7.18599,8.15867,0.9726804254150387,5.810269999999999,6.2491374,0.4388674015808114,0.024944900000000048,0.013219043,-0.011725857318842459
21541,-0.03588900000000006,-0.016677365,0.019211635293006957,10.36213,10.180342,-0.18178827941894582,9.77854,8.827313,-0.9512265768432613,0.09059139999999999,0.077670224,-0.012921175989055622
21542,-0.05588900000000008,-0.016677365,0.039211635293006974,9.68213,10.180342,0.4982117205810539,8.70854,8.827313,0.118773423156739,0.08059139999999998,0.077670224,-0.0029211759890556133
21543,-0.05588900000000008,-0.016677365,0.039211635293006974,8.79213,10.180342,1.3882117205810545,7.498539999999998,8.827313,1.3287734231567399,0.05059139999999995,0.077670224,0.027078824010944413
21544,-0.03588900000000006,-0.016677365,0.019211635293006957,10.11213,10.180342,0.06821172058105418,9.54854,8.827313,-0.7212265768432609,0.08059139999999998,0.077670224,-0.0029211759890556133
21545,-0.06588900000000009,-0.016677365,0.04921163529300698,9.302130000000002,10.180342,0.8782117205810529,7.48854,8.827313,1.3387734231567379,0.040591399999999944,0.077670224,0.03707882401094442
21546,-0.02588900000000005,-0.016677365,0.009211635293006948,9.942130000000002,10.180342,0.23821172058105233,9.38854,8.827313,-0.5612265768432625,0.07059139999999997,0.077670224,0.007078824010944396
21567,0.19313999999999998,0.08786202,-0.10527797777891157,16.58115,13.710544,-2.8706063674926767,13.638750000000002,10.879041,-2.7597092819213884,0.03882269999999999,0.053418074,0.014595373803186429
21568,0.043139999999999956,0.08786202,0.04472202222108845,11.931149999999999,13.710544,1.7793936325073254,9.078750000000001,10.879041,1.800290718078612,0.01882269999999997,0.053418074,0.03459537380318645
21570,0.17313999999999996,0.08786202,-0.08527797777891155,15.841149999999999,13.710544,-2.1306063674926747,14.028750000000002,10.879041,-3.149709281921389,0.11882269999999995,0.053418074,-0.06540462619681353
21571,0.26313999999999993,0.08786202,-0.17527797777891152,18.531149999999997,13.710544,-4.8206063674926725,16.76875,10.879041,-5.889709281921387,0.21882269999999998,0.053418074,-0.16540462619681356
21572,0.17313999999999996,0.08786202,-0.08527797777891155,17.19115,13.710544,-3.480606367492676,14.888750000000002,10.879041,-4.009709281921388,0.11882269999999995,0.053418074,-0.06540462619681353
21573,0.07313999999999998,0.08786202,0.014722022221088427,11.32115,13.710544,2.389393632507325,9.59875,10.879041,1.2802907180786125,0.0488227,0.053418074,0.00459537380318642
21574,0.0031399999999999206,0.08786202,0.08472202222108849,9.96115,13.710544,3.7493936325073243,5.298750000000002,10.879041,5.580290718078611,-0.0711773,0.053418074,0.12459537380318642
21575,0.18313999999999997,0.08786202,-0.09527797777891156,16.37115,13.710544,-2.660606367492676,14.598750000000003,10.879041,-3.7197092819213893,0.13882269999999997,0.053418074,-0.08540462619681355
21576,0.26313999999999993,0.08786202,-0.17527797777891152,20.531149999999997,13.710544,-6.8206063674926725,17.558750000000003,10.879041,-6.67970928192139,0.2288227,0.053418074,-0.17540462619681357
21579,-0.04211930000000008,0.04450152,0.08662082069330224,1.4563799999999993,7.2205253,5.764145264739991,1.4218700000000002,6.2237206,4.801850550537109,0.04652119999999993,0.11180077,0.06527956748132713
21581,0.07788069999999991,0.04450152,-0.03337917930669776,6.356379999999998,7.2205253,0.8641452647399923,7.85187,6.2237206,-1.6281494494628905,0.16652119999999992,0.11180077,-0.05472043251867287
21582,0.13788069999999997,0.04450152,-0.09337917930669781,7.686379999999998,7.2205253,-0.46585473526000776,9.371870000000001,6.2237206,-3.148149449462892,0.19652119999999995,0.11180077,-0.0847204325186729
21640,0.205488,0.061479345,-0.1440086550359726,14.441820000000003,11.260928,-3.180891846008304,14.91644,10.244172,-4.672267903747558,0.24630780000000002,0.10210266,-0.14420514035730364
21642,0.025487999999999955,0.061479345,0.03599134496402745,13.741820000000002,11.260928,-2.480891846008303,11.716439999999999,10.244172,-1.4722679037475572,0.11630780000000007,0.10210266,-0.014205140357303692
21643,-0.007511999999999963,0.061479345,0.06899134496402737,14.641820000000003,11.260928,-3.3808918460083035,11.216439999999999,10.244172,-0.9722679037475572,0.06630780000000003,0.10210266,0.03579485964269635
21644,-0.010512000000000077,0.061479345,0.07199134496402748,15.541820000000003,11.260928,-4.280891846008304,11.01644,10.244172,-0.7722679037475579,0.0063078000000000856,0.10210266,0.0957948596426963
21645,0.06348799999999999,0.061479345,-0.002008655035972584,17.04182,11.260928,-5.780891846008302,15.31644,10.244172,-5.072267903747559,0.25630780000000003,0.10210266,-0.15420514035730365
21646,0.18948799999999988,0.061479345,-0.12800865503597247,14.641820000000003,11.260928,-3.3808918460083035,15.01644,10.244172,-4.772267903747558,0.24630780000000002,0.10210266,-0.14420514035730364
21647,0.210488,0.061479345,-0.1490086550359726,17.441820000000003,11.260928,-6.180891846008304,16.51644,10.244172,-6.272267903747558,0.2963078,0.10210266,-0.19420514035730363
21725,0.1522150000000001,0.024228927,-0.12798607325196276,17.07835,9.433832,-7.644517831420899,13.837250000000001,6.9011946,-6.9360554275512705,0.052264100000000036,0.011259854,-0.04100424616012577
21726,0.11221500000000006,0.024228927,-0.08798607325196273,16.278349999999996,9.433832,-6.8445178314208945,13.527250000000002,6.9011946,-6.626055427551272,0.09226410000000007,0.011259854,-0.0810042461601258
21727,0.23221500000000006,0.024228927,-0.20798607325196272,15.368349999999998,9.433832,-5.934517831420896,13.617250000000002,6.9011946,-6.716055427551272,0.052264100000000036,0.011259854,-0.04100424616012577
21728,0.08221500000000015,0.024228927,-0.05798607325196281,10.52835,9.433832,-1.094517831420898,9.587250000000001,6.9011946,-2.6860554275512705,0.062264100000000044,0.011259854,-0.05100424616012578
21729,0.012215000000000087,0.024228927,0.012013926748037251,9.518349999999998,9.433832,-0.08451783142089653,6.267250000000001,6.9011946,0.6339445724487298,-0.03773589999999993,0.011259854,0.0489957538398742
21730,0.032215000000000105,0.024228927,-0.007986073251962766,8.68835,9.433832,0.7454821685791018,6.2272500000000015,6.9011946,0.673944572448729,-0.017735899999999916,0.011259854,0.028995753839874183
21731,0.012215000000000087,0.024228927,0.012013926748037251,8.588349999999998,9.433832,0.8454821685791032,6.007250000000001,6.9011946,0.8939445724487296,-0.007735899999999907,0.011259854,0.018995753839874174
21732,-0.007784999999999931,0.024228927,0.03201392674803727,8.668349999999997,9.433832,0.7654821685791049,5.557250000000002,6.9011946,1.343944572448729,-0.027735899999999925,0.011259854,0.03899575383987419
21735,0.21221500000000004,0.024228927,-0.1879860732519627,19.81835,9.433832,-10.384517831420897,15.21725,6.9011946,-8.31605542755127,-0.017735899999999916,0.011259854,0.028995753839874183
21736,0.21221500000000004,0.024228927,-0.1879860732519627,19.74835,9.433832,-10.314517831420897,14.547250000000002,6.9011946,-7.646055427551271,-0.09773589999999999,0.011259854,0.10899575383987425
21737,0.08221500000000015,0.024228927,-0.05798607325196281,17.448349999999998,9.433832,-8.014517831420896,12.69725,6.9011946,-5.79605542755127,-0.027735899999999925,0.011259854,0.03899575383987419
21738,0.042215000000000114,0.024228927,-0.017986073251962775,15.108349999999998,9.433832,-5.674517831420896,10.747250000000001,6.9011946,-3.8460554275512706,-0.027735899999999925,0.011259854,0.03899575383987419
21739,0.032215000000000105,0.024228927,-0.007986073251962766,11.908349999999999,9.433832,-2.474517831420897,8.047250000000002,6.9011946,-1.1460554275512713,-0.04773589999999994,0.011259854,0.05899575383987421
21779,-0.07001000000000013,0.037347123,0.10735712302684797,7.657590000000003,9.769867,2.1122769433593724,4.98508,7.342019,2.3569390811157227,0.023483599999999938,0.03072774,0.007244140377187791
21816,0.1430530000000001,0.09125294,-0.05180006208705912,8.984370000000002,10.1084175,1.1240475109863262,10.41232,10.844076,0.4317561566162116,0.026765299999999992,0.048979502,0.022214202171278008
22052,0.06238699999999997,0.034322325,-0.028064674859762162,9.935680000000001,9.356517,-0.5791631619262709,8.33515,7.7177525,-0.6173975433349614,0.026455999999999924,0.041686468,0.0152304678263665
22053,-0.0176130000000001,0.034322325,0.05193532514023791,7.635680000000001,9.356517,1.7208368380737298,4.895150000000001,7.7177525,2.822602456665038,-0.010544000000000109,0.041686468,0.05223046782636653
22070,-0.057784999999999975,0.023018746,0.08080374570548532,4.458349999999999,8.948034,4.489684286499024,0.5772500000000029,6.7968826,6.219632629394528,-0.06773589999999996,0.022935443,0.09067134262647625
22071,-0.02778499999999995,0.023018746,0.05080374570548529,4.708349999999999,8.948034,4.239684286499024,1.9072500000000012,6.7968826,4.88963262939453,-0.03773589999999993,0.022935443,0.06067134262647622
22072,-0.02778499999999995,0.023018746,0.05080374570548529,5.448349999999998,8.948034,3.4996842864990256,2.957250000000002,6.7968826,3.8396326293945293,-0.017735899999999916,0.022935443,0.0406713426264762
22073,-0.02778499999999995,0.023018746,0.05080374570548529,5.6283499999999975,8.948034,3.319684286499026,2.7672500000000007,6.7968826,4.029632629394531,-0.027735899999999925,0.022935443,0.05067134262647621
22074,-0.057784999999999975,0.023018746,0.08080374570548532,4.548349999999999,8.948034,4.399684286499024,0.7872500000000002,6.7968826,6.009632629394531,-0.05773589999999995,0.022935443,0.08067134262647624
22111,0.1093869999999999,0.039485775,-0.06990122506570806,11.185680000000001,9.1733675,-2.0123124996948256,9.20515,7.624601,-1.5805491127014157,0.0014560000000000128,0.029651813,0.02819581320905684
22112,0.09738699999999989,0.039485775,-0.05790122506570805,9.965680000000003,9.1733675,-0.7923124996948268,7.575150000000001,7.624601,0.04945088729858327,-0.03854400000000002,0.029651813,0.06819581320905688
22113,0.1123869999999999,0.039485775,-0.07290122506570806,11.705680000000001,9.1733675,-2.532312499694825,9.07515,7.624601,-1.4505491127014167,-0.03854400000000002,0.029651813,0.06819581320905688
22114,0.11938699999999991,0.039485775,-0.07990122506570807,11.805680000000002,9.1733675,-2.6323124996948266,9.395150000000001,7.624601,-1.770549112701417,-0.028544000000000014,0.029651813,0.05819581320905687
22115,0.13238699999999992,0.039485775,-0.09290122506570808,12.435680000000001,9.1733675,-3.2623124996948256,10.33515,7.624601,-2.7105491127014165,0.0014560000000000128,0.029651813,0.02819581320905684
22116,0.025386999999999937,0.039485775,0.014098774934291902,8.435680000000001,9.1733675,0.7376875003051744,6.18515,7.624601,1.4394508872985838,-0.008543999999999996,0.029651813,0.03819581320905685
22118,0.09938699999999989,0.039485775,-0.05990122506570805,10.185680000000001,9.1733675,-1.0123124996948256,8.17515,7.624601,-0.5505491127014164,-0.018544000000000005,0.029651813,0.04819581320905686
22120,0.025386999999999937,0.039485775,0.014098774934291902,8.435680000000001,9.1733675,0.7376875003051744,6.18515,7.624601,1.4394508872985838,-0.008543999999999996,0.029651813,0.03819581320905685
22121,0.023386999999999936,0.039485775,0.016098774934291904,9.075680000000002,9.1733675,0.09768750030517381,6.665150000000001,7.624601,0.9594508872985834,-0.008543999999999996,0.029651813,0.03819581320905685
22122,0.2423869999999999,0.039485775,-0.20290122506570807,10.90568,9.1733675,-1.7323124996948245,7.825150000000001,7.624601,-0.20054911270141673,-0.028544000000000014,0.029651813,0.05819581320905687
22181,0.07321500000000014,0.023018746,-0.0501962542945148,10.248349999999999,8.948034,-1.300315713500975,8.467250000000002,6.7968826,-1.6703673706054705,0.02226410000000001,0.022935443,0.000671342626476279
22182,0.008215000000000083,0.023018746,0.01480374570548526,8.61835,8.948034,0.3296842864990239,4.647250000000001,6.7968826,2.14963262939453,-0.07773589999999997,0.022935443,0.10067134262647626
22183,0.018215000000000092,0.023018746,0.004803745705485252,8.198349999999998,8.948034,0.7496842864990256,5.2272500000000015,6.7968826,1.5696326293945297,-0.03773589999999993,0.022935443,0.06067134262647622
22184,0.033215000000000106,0.023018746,-0.010196254294514762,10.690349999999999,8.948034,-1.7423157135009752,7.927250000000001,6.7968826,-1.1303673706054695,0.002264100000000102,0.022935443,0.020671342626476186
22185,0.0282150000000001,0.023018746,-0.005196254294514757,9.056349999999998,8.948034,-0.10831571350097491,5.517250000000001,6.7968826,1.2796326293945306,-0.05773589999999995,0.022935443,0.08067134262647624
22186,0.033215000000000106,0.023018746,-0.010196254294514762,7.241349999999997,8.948034,1.7066842864990264,6.02725,6.7968826,0.7696326293945308,0.02226410000000001,0.022935443,0.000671342626476279
22187,0.06221500000000013,0.023018746,-0.03919625429451479,8.978349999999999,8.948034,-0.030315713500975505,8.18725,6.7968826,-1.3903673706054693,0.062264100000000044,0.022935443,-0.03932865737352376
22188,0.022215000000000096,0.023018746,0.0008037457054852482,7.768349999999998,8.948034,1.1796842864990253,5.157250000000001,6.7968826,1.63963262939453,-0.017735899999999916,0.022935443,0.0406713426264762
22189,0.022215000000000096,0.023018746,0.0008037457054852482,7.488349999999997,8.948034,1.4596842864990265,5.187250000000001,6.7968826,1.6096326293945307,-0.007735899999999907,0.022935443,0.030671342626476195
22192,0.022213999999999956,0.017895402,-0.0043185976132154025,13.186860000000003,13.175179,-0.011681472167971663,10.55787,11.250001,0.692130953674317,0.05469860000000004,0.021849306,-0.03284929369971756
22193,0.05221399999999998,0.017895402,-0.03431859761321543,18.686860000000003,13.175179,-5.511681472167972,13.25787,11.250001,-2.007869046325684,0.014698600000000006,0.021849306,0.007150706300282472
22331,0.025202000000000058,0.009085181,-0.016116818830788193,7.936509999999998,9.636762,1.7002516653442399,10.0364,11.397011,1.3606108032226558,0.14513739999999997,0.15895872,0.013821318180656461
22332,0.025202000000000058,0.009085181,-0.016116818830788193,7.936509999999998,9.636762,1.7002516653442399,10.0364,11.397011,1.3606108032226558,0.14513739999999997,0.15895872,0.013821318180656461
22333,0.025202000000000058,0.009085181,-0.016116818830788193,7.936509999999998,9.636762,1.7002516653442399,10.0364,11.397011,1.3606108032226558,0.14513739999999997,0.15895872,0.013821318180656461
22418,0.06238699999999997,0.025162268,-0.03722473157000539,7.40568,9.506364,2.1006838687133786,5.905150000000001,7.2441688,1.3390187583923332,-0.008543999999999996,0.03566843,0.04421242898726463
22487,-0.04631699999999994,-0.017501337,0.028815662546276988,5.958660000000002,7.962684,2.004024154510496,9.058400000000002,8.458345,-0.6000545867919946,0.23238349999999997,0.12884066,-0.10354284491157528
22489,-0.08631699999999998,-0.017501337,0.06881566254627702,6.758659999999999,7.962684,1.204024154510499,9.658400000000002,8.458345,-1.2000545867919943,0.2523835,0.12884066,-0.1235428449115753
22491,-0.016316999999999915,-0.017501337,-0.0011843374537230389,7.85866,7.962684,0.10402415451049762,10.258400000000002,8.458345,-1.800054586791994,0.21238350000000006,0.12884066,-0.08354284491157538
22502,0.11451500000000003,0.013813242,-0.100701757683754,10.678439999999998,8.787215,-1.8912247671508773,14.24813,7.960936,-6.287193930511474,0.314724,0.0887499,-0.22597409953975678
22505,-0.07548500000000002,0.013813242,0.08929824231624606,6.228439999999999,8.787215,2.558775232849122,3.4881300000000017,7.960936,4.472806069488524,-0.015275999999999956,0.0887499,0.10402590046024318
22633,-0.09498000000000006,-0.033678252,0.06130174775004393,6.551690000000001,8.5809,2.0292101922607415,1.5366199999999992,5.5477347,4.011114737396241,-0.06808219999999998,0.034625582,0.10270778239698408
22634,-0.10098000000000007,-0.033678252,0.06730174775004394,7.101690000000001,8.5809,1.4792101922607408,2.6866200000000013,5.5477347,2.861114737396239,-0.03608219999999995,0.034625582,0.07070778239698405
22636,-0.07098000000000004,-0.033678252,0.03730174775004391,8.221690000000002,8.5809,0.3592101922607398,6.39662,5.5477347,-0.8488852626037602,0.06991780000000003,0.034625582,-0.03529221760301593
22679,0.06407600000000002,0.053973444,-0.010102556193828605,6.877839999999999,8.5604515,1.6826115075683603,12.735679999999999,9.783485,-2.9521945874023423,0.07218659999999999,0.09715202,0.024965417056941996
22680,-0.00592400000000004,0.053973444,0.05989744380617146,6.277839999999998,8.5604515,2.2826115075683617,6.93568,9.783485,2.8478054125976566,0.07218659999999999,0.09715202,0.024965417056941996
22681,-0.03592400000000007,0.053973444,0.08989744380617148,3.477839999999997,8.5604515,5.082611507568362,5.535679999999999,9.783485,4.247805412597657,0.032186600000000065,0.09715202,0.06496541705694192
23025,0.21315899999999988,0.11983005,-0.09332895042562472,12.027910000000002,12.9407015,0.9127914846801737,18.850099999999998,16.903305,-1.9467949462890601,0.44534360000000006,0.3273638,-0.11797981091842658
23026,0.19315899999999997,0.11983005,-0.07332895042562482,12.907910000000005,12.9407015,0.032791484680171124,18.8701,16.903305,-1.9667949462890633,0.42534360000000004,0.3273638,-0.09797981091842656
23058,-0.02761300000000011,0.023579182,0.05119218210327636,7.915680000000002,8.961051,1.0453709872436505,4.405149999999999,7.15351,2.748360093688966,-0.04854400000000003,0.038508896,0.0870528957846165
23104,-0.05910499999999996,-0.011983323,0.047121677089035474,3.57723,5.495578,1.918347812194824,3.5110600000000005,5.4221263,1.9110662931823725,0.07304710000000003,0.10168638,0.02863928080358502
23105,-0.05910499999999996,-0.011983323,0.047121677089035474,4.027229999999999,5.495578,1.4683478121948248,2.87106,5.4221263,2.551066293182373,0.033047099999999996,0.10168638,0.06863928080358506
23106,-0.05910499999999996,-0.011983323,0.047121677089035474,4.027229999999999,5.495578,1.4683478121948248,2.87106,5.4221263,2.551066293182373,0.033047099999999996,0.10168638,0.06863928080358506
23107,-0.019104999999999928,-0.011983323,0.007121677089035439,3.3372300000000017,5.495578,2.1583478121948225,3.7510600000000025,5.4221263,1.6710662931823705,0.06304710000000002,0.10168638,0.03863928080358503
23108,-0.019104999999999928,-0.011983323,0.007121677089035439,3.3372300000000017,5.495578,2.1583478121948225,3.7510600000000025,5.4221263,1.6710662931823705,0.06304710000000002,0.10168638,0.03863928080358503
23109,-0.019104999999999928,-0.011983323,0.007121677089035439,3.497230000000002,5.495578,1.9983478121948224,4.831060000000001,5.4221263,0.5910662931823722,0.10304709999999995,0.10168638,-0.0013607191964148946
23139,0.1023869999999999,0.024970349,-0.07741665107560147,8.485680000000002,9.00306,0.5173803408813455,8.59515,7.200682,-1.394467836761475,0.061455999999999955,0.037069187,-0.024386813431739762
23302,-0.09956500000000013,0.07535459,0.17491959101200116,7.203769999999999,11.5640745,4.360304516296388,4.556880000000001,10.146288,5.589407918090819,0.051134800000000036,0.09213412,0.040999318080139124
23303,0.014434999999999976,0.07535459,0.06091959101200106,9.373769999999999,11.5640745,2.190304516296388,8.486880000000001,10.146288,1.6594079180908192,0.12113479999999999,0.09213412,-0.029000681919860827
23304,0.23743499999999995,0.07535459,-0.16208040898799891,11.42377,11.5640745,0.1403045162963874,11.326880000000001,10.146288,-1.1805920819091806,0.10213479999999997,0.09213412,-0.01000068191986081
23305,0.26143499999999986,0.07535459,-0.18608040898799882,13.00377,11.5640745,-1.4396954837036127,13.37688,10.146288,-3.2305920819091796,0.21513479999999996,0.09213412,-0.1230006819198608
23307,0.1347520000000001,0.07952174,-0.055230262007236575,23.536230000000003,13.341319,-10.194910915832523,20.24323,10.702213,-9.541016712646485,0.20431639999999995,0.15612155,-0.04819484800949092
23338,0.05221500000000012,0.037310455,-0.014904545005560044,7.138349999999999,8.812769,1.6744189361572275,6.1072500000000005,7.305287,1.1980368843078608,0.0122641,0.052449986,0.04018588633861542
23340,0.25337699999999996,0.21707503,-0.03630196502399441,7.034000000000001,6.8658133,-0.1681867446899421,9.8681,9.520287,-0.34781343994140634,0.2667578,0.25100294,-0.01575486244468688
23341,0.1883769999999999,0.21707503,0.02869803497600565,4.033999999999999,6.8658133,2.8318132553100597,7.568099999999999,9.520287,1.9521865600585944,0.17675779999999996,0.25100294,0.07424513755531315
23342,0.19437700000000002,0.21707503,0.022698034976005532,3.1340000000000003,6.8658133,3.7318132553100583,6.9681,9.520287,2.552186560058594,0.16375779999999995,0.25100294,0.08724513755531316
23343,0.24037699999999995,0.21707503,-0.023301965023994398,2.8339999999999996,6.8658133,4.031813255310059,7.6681,9.520287,1.8521865600585938,0.19875779999999998,0.25100294,0.052245137555313126
23355,0.405377,0.21707503,-0.18830196502399443,13.334,6.8658133,-6.468186744689941,13.168099999999999,9.520287,-3.6478134399414053,0.3437578,0.25100294,-0.09275486244468689
23356,0.12537699999999996,0.21707503,0.0916980349760056,7.934000000000001,6.8658133,-1.0681867446899425,10.9681,9.520287,-1.447813439941406,0.3387578,0.25100294,-0.08775486244468689
23357,0.1853769999999999,0.21707503,0.03169803497600565,5.634,6.8658133,1.2318132553100583,10.0681,9.520287,-0.5478134399414056,0.3087578,0.25100294,-0.057754862444686916
23359,0.285377,0.21707503,-0.06830196502399444,10.134,6.8658133,-3.2681867446899417,11.9681,9.520287,-2.447813439941406,0.3387578,0.25100294,-0.08775486244468689
23526,0.12715700000000008,0.080877714,-0.04627928614091881,7.41647,7.278387,-0.1380829302978519,10.21476,8.461239,-1.7535211389160157,0.16309320000000005,0.13985129,-0.0232419129926682
23646,0.2995052,0.15304571,-0.14645948609848025,9.35202,8.816494,-0.5355260119628902,8.989729999999998,8.579969,-0.4097605938720683,0.06508250000000004,0.0902304,0.02514789788007732
23647,0.2895052,0.15304571,-0.13645948609848024,8.90202,8.816494,-0.08552601196289089,8.369729999999999,8.579969,0.2102394061279309,0.055082500000000034,0.0902304,0.03514789788007733
23679,0.054643,0.033849154,-0.020793846332311627,4.84188,5.989479,1.1475990649414065,10.898890000000002,8.616906,-2.2819838339233414,0.2975966,0.14173964,-0.1558569633403778
23680,0.0025079999999999547,0.0152926035,0.012784603522539184,4.282170000000004,5.80117,1.5189998722839313,4.037049999999999,5.6569343,1.6198842613220226,0.005777199999999927,0.032888584,0.02711138383893974
23681,0.035414999999999974,0.058824997,0.02340999739527705,5.395870000000002,5.7627473,0.366877287750242,2.4469600000000007,4.3831515,1.9361915312194817,-0.045522300000000016,-0.014171751,0.03135054878394605
23682,0.03423899999999991,0.058824997,0.024585997395277115,2.141490000000001,5.7627473,3.621257287750243,-0.847900000000001,4.3831515,5.231051531219483,-0.09972800000000004,-0.014171751,0.08555624878394608
23685,0.11048000000000002,0.102180414,-0.008299586098194145,13.32834,12.048038,-1.2803024710083015,5.893020000000002,6.505408,0.6123878102111799,-0.06188970000000005,-0.04582807,0.016061629508447695
24010,-0.10612900000000014,-0.0033643907,0.1027646093063952,5.761879999999998,7.213367,1.451486985321047,0.8259000000000007,4.635585,3.8096848312377922,-0.07200939999999989,0.004377846,0.07638724614041437
24011,-0.08095200000000013,0.00089649967,0.08184849966685115,9.71708,8.854572,-0.8625077038574211,5.0513200000000005,6.2038093,1.152489261322021,-0.027748099999999942,0.0199541,0.04770220025119776
24012,-0.08095200000000013,0.00089649967,0.08184849966685115,9.22708,8.854572,-0.3725077038574227,3.9613200000000006,6.2038093,2.242489261322021,-0.05574809999999997,0.0199541,0.07570220025119778
24013,-0.06095200000000012,0.00089649967,0.06184849966685113,9.05708,8.854572,-0.202507703857421,4.441320000000001,6.2038093,1.7624892613220204,-0.04474809999999996,0.0199541,0.06470220025119777
24126,0.07238699999999998,0.023579182,-0.048807817896723726,8.38568,8.961051,0.5753709872436517,7.70515,7.15351,-0.5516399063110349,0.04145599999999994,0.038508896,-0.002947104215383467
24127,0.022386999999999935,0.023579182,0.001192182103276318,7.4756800000000005,8.961051,1.4853709872436518,8.40515,7.15351,-1.251639906311036,0.1314559999999999,0.038508896,-0.09294710421538344
24128,0.0063869999999999205,0.023579182,0.017192182103276332,6.665680000000002,8.961051,2.2953709872436505,6.60515,7.15351,0.5483600936889648,0.08145599999999997,0.038508896,-0.0429471042153835
24129,0.002386999999999917,0.023579182,0.021192182103276336,6.265680000000003,8.961051,2.695370987243649,5.50515,7.15351,1.6483600936889644,0.04145599999999994,0.038508896,-0.002947104215383467
24209,-0.07623600000000019,0.016285926,0.09252192610359211,11.673869999999997,8.900169,-2.7737006274414036,8.162320000000001,10.352192,2.189871925048827,0.03040010000000004,0.10983262,0.07943252211084362
24285,0.05906000000000011,0.08938023,0.030320227029323465,8.22617,10.446133,2.2199626599121096,10.707510000000001,12.258973,1.5514631216430654,0.13264829999999994,0.20666435,0.07401605360908514
24368,0.03420500000000004,0.026903331,-0.007301668720245402,1.1225800000000028,7.19536,6.0727801837158175,3.5851100000000002,7.0905166,3.5054065672302244,0.11778159999999993,0.13206431,0.014282712696456978
24369,0.021560000000000024,0.008313715,-0.013246284542083764,9.41901,10.161719,0.7427093222045897,6.7472400000000015,7.2261086,0.47886855102538917,-0.011720999999999981,-0.009247953,0.0024730469278096967
24370,-0.06844000000000006,0.008313715,0.07675371545791632,10.609010000000001,10.161719,-0.44729067779541154,8.86724,7.2261086,-1.64113144897461,0.06827899999999998,-0.009247953,-0.07752695307219026
24371,-0.06844000000000006,0.008313715,0.07675371545791632,10.609010000000001,10.161719,-0.44729067779541154,5.417240000000001,7.2261086,1.8088685510253892,-0.04172100000000001,-0.009247953,0.03247304692780972
24372,-0.09844000000000008,0.008313715,0.10675371545791634,8.70901,10.161719,1.4527093222045906,3.517240000000001,7.2261086,3.7088685510253896,-0.061721000000000026,-0.009247953,0.05247304692780974
24388,0.2219899999999999,0.037347123,-0.18464287697315207,13.32159,9.769867,-3.5517230566406255,13.585080000000001,7.342019,-6.243060918884279,0.14348359999999993,0.03072774,-0.1127558596228122
24389,0.15112800000000004,0.11954686,-0.031581139543533365,11.10161,10.801099,-0.3005111764526376,13.13899,11.693204,-1.445786073913574,0.15830339999999998,0.12526502,-0.0330383828481674
24390,0.13112800000000002,0.11954686,-0.011581139543533348,8.30161,10.801099,2.499488823547363,11.03899,11.693204,0.6542139260864257,0.12830339999999996,0.12526502,-0.003038382848167376
24391,0.24346899999999994,0.1470342,-0.09643480195426934,12.975609999999996,13.657202,0.6815917669677773,8.44803,8.088906,-0.3591237118530266,-0.03491660000000002,-0.017842568,0.017074031542873402
24465,-0.05436799999999997,0.05427464,0.10864264097738263,8.184450000000002,10.672756,2.4883061950683576,10.25235,11.711235,1.458885046386719,0.19939050000000003,0.18879756,-0.01059293668556216
24582,-0.057613000000000136,0.025162268,0.08277526842999472,7.33568,9.506364,2.170683868713379,3.3851499999999994,7.2441688,3.8590187583923345,-0.040544000000000024,0.03566843,0.07621242898726466
24588,-0.057613000000000136,0.025162268,0.08277526842999472,7.33568,9.506364,2.170683868713379,3.3851499999999994,7.2441688,3.8590187583923345,-0.040544000000000024,0.03566843,0.07621242898726466
24704,-0.0176130000000001,0.016745303,0.034358302826166254,6.605680000000003,8.946171,2.3404908068847625,3.405149999999999,5.560978,2.1558279357910166,-0.03854400000000002,-0.0014643971,0.03707960293558987
24705,-0.02761300000000011,0.016745303,0.04435830282616626,7.205680000000001,8.946171,1.7404908068847647,3.2051499999999997,5.560978,2.355827935791016,-0.06854400000000005,-0.0014643971,0.0670796029355899
24706,-0.04761300000000013,0.016745303,0.06435830282616628,7.605680000000003,8.946171,1.3404908068847625,2.905149999999999,5.560978,2.6558279357910166,-0.07854400000000006,-0.0014643971,0.07707960293558991
24707,-0.03761300000000012,0.016745303,0.05435830282616627,7.505680000000002,8.946171,1.440490806884764,4.305150000000001,5.560978,1.2558279357910145,-0.018544000000000005,-0.0014643971,0.017079602935589855
24709,-0.04761300000000013,0.016745303,0.06435830282616628,6.205680000000001,8.946171,2.7404908068847647,2.805150000000001,5.560978,2.7558279357910145,-0.028544000000000014,-0.0014643971,0.027079602935589864
24710,-0.057613000000000136,0.016745303,0.07435830282616629,6.105680000000003,8.946171,2.8404908068847625,2.605150000000002,5.560978,2.9558279357910138,-0.03854400000000002,-0.0014643971,0.03707960293558987
24713,-0.02761300000000011,0.016745303,0.04435830282616626,6.505680000000002,8.946171,2.440490806884764,2.805150000000001,5.560978,2.7558279357910145,-0.05854400000000004,-0.0014643971,0.05707960293558989
24714,-0.02761300000000011,0.016745303,0.04435830282616626,6.605680000000003,8.946171,2.3404908068847625,2.605150000000002,5.560978,2.9558279357910138,-0.06854400000000005,-0.0014643971,0.0670796029355899
24717,-0.057613000000000136,0.016745303,0.07435830282616629,6.205680000000001,8.946171,2.7404908068847647,1.8051500000000011,5.560978,3.7558279357910145,-0.06854400000000005,-0.0014643971,0.0670796029355899
24969,-0.03778499999999996,0.023018746,0.0608037457054853,8.588349999999998,8.948034,0.35968428649902506,6.917250000000001,6.7968826,-0.12036737060546976,0.062264100000000044,0.022935443,-0.03932865737352376
24986,0.0018689999999998985,0.011317253,0.00944825311279307,12.554590000000005,12.905919,0.35132907501220245,16.652449999999998,13.128577,-3.5238727676391584,-0.04840769999999994,-0.06680825,-0.01840055352668768
24988,0.0018689999999998985,0.011317253,0.00944825311279307,17.154590000000006,12.905919,-4.248670924987799,16.652449999999998,13.128577,-3.5238727676391584,-0.2384077,-0.06680825,0.17159944647331238
24990,0.06186899999999995,0.011317253,-0.05055174688720698,16.954590000000003,12.905919,-4.048670924987796,16.652449999999998,13.128577,-3.5238727676391584,-0.17840769999999995,-0.06680825,0.11159944647331232
25161,0.12238699999999991,0.038344275,-0.08404272479367247,8.90568,9.541711,0.6360308535766599,9.50515,8.11599,-1.3891603149414067,0.10145599999999999,0.041766312,-0.05968968802666663
25162,0.12238699999999991,0.038344275,-0.08404272479367247,8.705680000000001,9.541711,0.8360308535766592,8.50515,8.11599,-0.3891603149414067,0.051455999999999946,0.041766312,-0.009689688026666587
25230,0.1285139999999999,0.13620293,0.0076889314041138634,8.763110000000001,10.379006,1.6158963858032216,10.682830000000001,11.609425,0.9265945910644522,0.13898579999999994,0.14422469,0.005238888410759035
25232,0.14851399999999992,0.13620293,-0.012311068595886154,10.083110000000001,10.379006,0.2958963858032213,11.552830000000002,11.609425,0.056594591064451194,0.15898579999999995,0.14422469,-0.014761111589240983
25234,0.21851399999999988,0.13620293,-0.0823110685958861,6.833110000000001,10.379006,3.5458963858032213,12.242830000000001,11.609425,-0.6334054089355483,0.2089858,0.14422469,-0.06476111158924103
25291,0.08121500000000015,0.023018746,-0.058196254294514804,7.538349999999998,8.948034,1.4096842864990258,7.807250000000002,6.7968826,-1.0103673706054703,0.06426410000000005,0.022935443,-0.04132865737352376
25300,-0.02778499999999995,0.047729265,0.07551426494479174,5.338349999999998,8.056763,2.7184126953125016,3.1072500000000005,6.73788,3.6306302299499507,-0.007735899999999907,0.044845343,0.052581242636108305
25301,0.002215000000000078,0.047729265,0.045514264944791716,4.93835,8.056763,3.1184126953125,3.6072500000000005,6.73788,3.1306302299499507,0.002264100000000102,0.044845343,0.042581242636108296
25340,-0.03940300000000008,0.0044811424,0.04388414238679417,7.961499999999997,8.753758,0.7922584304809597,2.869440000000001,6.0507483,3.181308348236083,-0.08285969999999998,-0.001619825,0.08123987497677354
25341,-0.04665800000000009,0.006269944,0.05292794390040645,7.937749999999998,9.328988,1.39123807525635,2.4916199999999975,6.0507483,3.5591283482360865,-0.08980929999999998,-0.0021330353,0.08767626466617284
25342,-0.05906300000000009,0.024228927,0.08329192674803743,2.6450500000000012,6.653223,4.008173037719725,-0.26829000000000036,5.8492856,6.11757560256958,-0.047492700000000054,-0.023006938,0.024485761602115685
25345,-0.04665800000000009,0.006269944,0.05292794390040645,8.037749999999999,9.328988,1.2912380752563486,2.8916199999999996,6.0507483,3.1591283482360843,-0.07980929999999997,-0.0021330353,0.07767626466617283
25346,-0.04906300000000008,0.024228927,0.07329192674803742,2.6450500000000012,6.653223,4.008173037719725,0.03171000000000035,5.8492856,5.81757560256958,-0.04049270000000005,-0.023006938,0.01748576160211568
25673,0.012386999999999926,0.039485775,0.027098774934291914,5.635680000000001,9.1733675,3.537687500305175,5.395150000000001,7.624601,2.229450887298583,0.051455999999999946,0.029651813,-0.021804186790943092
25675,0.21238699999999988,0.039485775,-0.17290122506570804,6.24568,9.1733675,2.9276875003051757,9.26515,7.624601,-1.6405491127014162,0.08145599999999997,0.029651813,-0.05180418679094312
25844,0.04167900000000002,0.045364488,0.003685487916231134,7.97982,8.381769,0.4019491802978514,6.31747,7.3011804,0.9837103627014159,0.0030944000000000527,0.06597322,0.06287882225570673
25845,0.04167900000000002,0.005458328,-0.036220672058403514,8.11982,8.730698,0.6108776318359368,6.617470000000001,6.156874,-0.46059582015991296,0.01309439999999995,0.017545622,0.004451221842145969
26269,-0.116317,0.0025254241,0.11884242411908508,3.4060699999999997,6.3717213,2.9656512677001956,3.3550499999999985,6.727206,3.3721562301635757,0.10665259999999999,0.10356204,-0.003090557882881151
26523,-0.06761600000000012,0.0012890594,0.06890505940800917,5.902649999999998,8.524353,2.6217030273437523,5.4033999999999995,7.2258654,1.8224653640747075,-0.0815285,0.013475076,0.09500357629543543
26524,-0.028615999999999975,0.0012890594,0.029905059408009027,6.902649999999998,8.524353,1.6217030273437523,7.4033999999999995,7.2258654,-0.1775346359252925,-0.05852849999999998,0.013475076,0.07200357629543541
26633,0.018588999999999967,0.015836919,-0.002752081273436513,5.07254,8.186578,3.114037796936035,5.478440000000001,7.967654,2.4892142282104484,0.05888559999999998,0.10721551,0.04832990881862642
26690,0.05171700000000001,0.03213558,-0.01958142026495935,12.760720000000001,10.533686,-2.2270343157958994,11.1389,8.1142025,-3.024697500610351,0.10500520000000002,0.022053191,-0.08295200856168272
26691,0.011716999999999977,0.03213558,0.020418579735040687,9.460720000000002,10.533686,1.0729656842040995,7.1389,8.1142025,0.9753024993896489,0.01500519999999994,0.022053191,0.007047991438317358
26950,0.053247000000000044,0.049940325,-0.003306674680233046,9.938460000000003,9.550628,-0.38783229156494414,8.566270000000001,8.632254,0.06598364685058478,0.043883899999999976,0.046023928,0.0021400276289940123
26951,0.053247000000000044,0.049940325,-0.003306674680233046,8.23846,9.550628,1.3121677084350587,6.906270000000001,8.632254,1.725983646850585,0.01688389999999995,0.046023928,0.029140027628994036
27118,0.05795400000000006,0.082924575,0.024970574613571106,12.4236,12.799241,0.3756410659790035,11.40202,12.246825,0.8448052182006833,0.08247870000000002,0.12827875,0.045800047200965865
27119,0.040954000000000046,0.082924575,0.04197057461357112,10.823599999999999,12.799241,1.975641065979005,9.90202,12.246825,2.3448052182006833,0.0644787,0.12827875,0.06380004720096588
27123,0.03595400000000004,0.082924575,0.046970574613571126,12.823599999999999,12.799241,-0.024358934020995093,11.60202,12.246825,0.644805218200684,0.08747870000000002,0.12827875,0.04080004720096586
27124,0.250954,0.082924575,-0.16802942538642884,17.0236,12.799241,-4.224358934020994,18.202019999999997,12.246825,-5.955194781799314,0.29947870000000004,0.12827875,-0.17119995279903416
27125,0.18795400000000007,0.082924575,-0.1050294253864289,17.5236,12.799241,-4.724358934020994,16.90202,12.246825,-4.655194781799317,0.1994787,0.12827875,-0.07119995279903413
27126,0.15595400000000004,0.082924575,-0.07302942538642887,13.823599999999999,12.799241,-1.024358934020995,14.00202,12.246825,-1.7551947817993163,0.12747870000000006,0.12827875,0.0008000472009658255
27416,-0.05053750000000001,-0.011375065,0.03916243503838779,9.217019999999998,10.049404,0.8323841442871114,9.115,10.612957,1.4979570007324217,0.19051200000000001,0.19068716,0.000175164664268479
27419,-0.06053750000000002,-0.011375065,0.0491624350383878,12.49702,10.049404,-2.4476158557128898,11.614999999999998,10.612957,-1.0020429992675766,0.25051199999999996,0.19068716,-0.05982483533573146
27464,-0.01746599999999998,0.12038543,0.13785143075323103,10.74615,10.580003,-0.16614721527099618,14.488349999999999,12.183396,-2.304953660583495,-0.029183799999999982,0.03788935,0.06707315020565985
27595,0.1371920000000001,0.080957584,-0.0562344159169198,10.53248,8.966556,-1.5659244046020504,13.36488,10.454671,-2.910209093933105,0.13369889999999995,0.1280461,-0.005652804628753616
27597,-0.0008079999999999199,0.080957584,0.08176558408308021,10.33248,8.966556,-1.3659244046020511,10.16488,10.454671,0.2897909060668944,0.09369890000000003,0.1280461,0.03434719537124631
27603,-0.03860299999999994,-0.0019045508,0.03669844917661691,9.542840000000002,12.25362,2.7107801477050764,10.793209999999998,12.768173,1.974963217773439,0.07798479999999997,0.11418108,0.036196278970432316
27634,0.1023869999999999,0.023579182,-0.07880781789672364,9.805680000000002,8.961051,-0.84462901275635,10.43515,7.15351,-3.2816399063110353,0.12145600000000001,0.038508896,-0.08294710421538354
27743,0.011622000000000021,-0.033446252,-0.04506825234603884,11.533819999999999,7.70636,-3.8274601367187486,9.198,7.46699,-1.7310100059509281,0.04237089999999999,0.096669585,0.05429868451271058
27852,0.0040959999999998775,0.07438783,0.07029183347606671,12.546420000000001,15.362781,2.8163605709838855,11.007249999999999,14.9982605,3.991010498046876,0.03168329999999997,0.14380306,0.11211976005477908
27853,0.1410959999999999,0.07438783,-0.0667081665239333,17.236420000000003,15.362781,-1.8736394290161158,19.60725,14.9982605,-4.6089895019531255,0.24968329999999994,0.14380306,-0.10588023994522089
27854,0.04809599999999992,0.07438783,0.026291833476066673,14.876420000000003,15.362781,0.48636057098388363,17.06725,14.9982605,-2.0689895019531264,0.22668329999999992,0.14380306,-0.08288023994522087
27855,0.03709599999999991,0.07438783,0.03729183347606668,14.986420000000003,15.362781,0.3763605709838842,13.78725,14.9982605,1.2110104980468748,0.0636833,0.14380306,0.08011976005477905
27856,0.3960959999999999,0.07438783,-0.3217081665239333,26.06642,15.362781,-10.703639429016114,25.76725,14.9982605,-10.768989501953126,0.40668329999999997,0.14380306,-0.2628802399452209
27859,0.0280959999999999,0.07438783,0.04629183347606669,13.296420000000001,15.362781,2.0663605709838855,12.46725,14.9982605,2.531010498046875,0.0636833,0.14380306,0.08011976005477905
27972,0.111819,0.102269135,-0.009549864584445955,8.658890000000003,8.339147,-0.31974338592529605,7.493590000000001,9.155027,1.661437389526366,-0.015581199999999962,0.074381486,0.08996268558139797
27973,0.16181900000000005,0.102269135,-0.059549864584446,8.258890000000005,8.339147,0.08025661407470253,9.69359,9.155027,-0.5385626104736332,0.09041880000000002,0.074381486,-0.01603731441860201
27974,0.20181900000000008,0.102269135,-0.09954986458444604,8.558890000000005,8.339147,-0.21974338592529818,10.09359,9.155027,-0.9385626104736335,0.07641880000000001,0.074381486,-0.0020373144186019987
27975,0.251819,0.102269135,-0.14954986458444597,8.658890000000003,8.339147,-0.31974338592529605,12.39359,9.155027,-3.2385626104736325,0.17541879999999999,0.074381486,-0.10103731441860198
27976,0.15181900000000004,0.102269135,-0.04954986458444599,6.358890000000002,8.339147,1.9802566140747047,9.493590000000001,9.155027,-0.3385626104736339,0.13941879999999995,0.074381486,-0.06503731441860194
28007,0.07526500000000003,0.082232505,0.00696750508308408,16.374029999999998,12.457325,-3.9167050183105445,16.71821,12.052836,-4.665373581848144,0.1947512,0.12255458,-0.07219662211294176
28169,-0.028890000000000082,0.026972601,0.05586260119020947,9.697580000000002,8.357347,-1.3402334652709982,5.782359999999999,6.513626,0.7312660986328137,-0.02685650000000006,0.03995585,0.06681235069060332
28170,-0.05335040000000002,0.0085431645,0.06189356446930172,8.755619999999999,6.19658,-2.5590400668334947,6.8767499999999995,5.7219744,-1.15477562713623,0.0871132,0.07166833,-0.015444873145294191
28172,-0.036420100000000066,0.0060367524,0.042456852369254894,2.4810499999999998,6.3025384,3.8214883949279788,3.4665,5.686428,2.2199280700683595,0.12689820000000007,0.074671164,-0.05222703584499366
28252,-0.04693000000000014,-0.06939441,-0.02246440965652452,4.508210000000002,4.2954407,-0.21276932617187683,3.362689999999997,2.7251012,-0.6375887674713105,0.03192879999999987,0.031096455,-0.0008323452902315731
28253,-0.09692999999999996,-0.06939441,0.027535590343475302,3.1882100000000015,4.2954407,1.1072306738281235,0.5226899999999972,2.7251012,2.2024112325286893,-0.019071200000000066,0.031096455,0.05016765470976836
28255,-0.02693000000000012,-0.06939441,-0.04246440965652454,4.778210000000001,4.2954407,-0.4827693261718764,5.202689999999999,2.7251012,-2.477588767471312,0.08392879999999991,0.031096455,-0.05283234529023162
28256,-0.08693000000000017,-0.06939441,0.017535590343475516,3.6182100000000013,4.2954407,0.6772306738281237,1.1726899999999993,2.7251012,1.5524112325286872,-0.005071199999999942,0.031096455,0.03616765470976824
28258,-0.06693000000000016,-0.06939441,-0.002464409656524502,4.218210000000003,4.2954407,0.07723067382812232,3.072689999999998,2.7251012,-0.3475887674713114,0.037928799999999985,0.031096455,-0.0068323452902316895
28259,-0.07993000000000006,-0.06939441,0.010535590343475398,4.008210000000002,4.2954407,0.2872306738281232,2.482689999999998,2.7251012,0.24241123252868846,0.028928799999999977,0.031096455,0.0021676547097683185
28260,-0.09193000000000007,-0.06939441,0.02253559034347541,3.7182100000000027,4.2954407,0.5772306738281223,1.6426899999999982,2.7251012,1.0824112325286883,0.013928799999999963,0.031096455,0.017167654709768332
28261,-0.10892999999999997,-0.06939441,0.03953559034347531,3.6182100000000013,4.2954407,0.6772306738281237,1.3326899999999995,2.7251012,1.392411232528687,0.016928799999999855,0.031096455,0.01416765470976844
28262,-0.09193000000000007,-0.06939441,0.02253559034347541,4.5582100000000025,4.2954407,-0.26276932617187754,3.47269,2.7251012,-0.7475887674713135,0.05892879999999989,0.031096455,-0.027832345290231597
28263,-0.09193000000000007,-0.06939441,0.02253559034347541,3.7182100000000027,4.2954407,0.5772306738281223,1.8926899999999982,2.7251012,0.8324112325286883,0.023928799999999972,0.031096455,0.007167654709768323
28266,-0.10492999999999997,-0.06939441,0.03553559034347531,3.5382099999999994,4.2954407,0.7572306738281256,1.5326899999999988,2.7251012,1.1924112325286877,0.023928799999999972,0.031096455,0.007167654709768323
28267,-0.07693000000000016,-0.04126214,0.035667861365080045,1.918210000000002,4.3817506,2.4635405836486797,0.6226899999999986,2.9570615,2.3343715291595473,0.02092879999999997,0.031595174,0.010666374223184616
28328,-0.07443330000000004,0.002344864,0.07677816395493153,9.54541,7.284958,-2.260452114257813,7.7227000000000015,6.834298,-0.8884018661499038,0.0760615,0.09892718,0.02286567748880386
28366,0.05219799999999997,0.012441316,-0.03975668431180712,12.465019999999999,9.057199,-3.4078214755249014,14.2075,8.3227415,-5.884758491516113,0.2562481,0.11685815,-0.139389952915287
28371,-0.007802000000000087,0.012441316,0.02024331568819293,7.665019999999998,9.057199,1.3921785244750993,6.307499999999997,8.3227415,2.0152415084838893,0.026248099999999996,0.11685815,0.09061004708471299
28403,0.7285619999999999,0.3603448,-0.36821720262718194,24.387880000000003,11.402168,-12.985711726074221,21.16109,15.174125,-5.986965282287599,0.6103661,0.37398612,-0.23637997500762942
28405,0.47856199999999993,0.3603448,-0.11821720262718194,13.387880000000003,11.402168,-1.9857117260742214,20.16109,15.174125,-4.986965282287599,0.6603661,0.37398612,-0.28637997500762935
28406,0.448562,0.3603448,-0.08821720262718202,9.387880000000003,11.402168,2.0142882739257786,19.16109,15.174125,-3.986965282287599,0.6103661,0.37398612,-0.23637997500762942
28407,0.328562,0.3603448,0.03178279737281797,7.387880000000003,11.402168,4.014288273925779,13.161090000000002,15.174125,2.013034717712401,0.2103661,0.37398612,0.1636200249923706
28408,0.15856199999999998,0.3603448,0.201782797372818,9.387880000000003,11.402168,2.0142882739257786,11.161090000000002,15.174125,4.013034717712401,0.11036610000000002,0.37398612,0.2636200249923706
28409,0.15856199999999998,0.3603448,0.201782797372818,4.587880000000002,11.402168,6.814288273925779,8.36109,15.174125,6.8130347177124015,0.10036610000000001,0.37398612,0.2736200249923706
28430,0.386035,0.058982953,-0.3270520465707779,24.1057,14.42256,-9.683140261840819,19.7985,10.553084,-9.24541562652588,0.43620519999999996,0.118720286,-0.3174849144055366
28432,-0.04996500000000004,0.058982953,0.10894795342922214,25.105700000000002,14.42256,-10.683140261840823,19.198500000000003,10.553084,-8.645415626525882,0.19620519999999997,0.118720286,-0.07748491440553662
28464,-0.07778499999999999,0.023018746,0.10080374570548534,7.708349999999999,8.948034,1.239684286499024,3.297250000000002,6.7968826,3.4996326293945295,-0.04773589999999994,0.022935443,0.07067134262647623
28465,-0.1177849999999998,0.023018746,0.14080374570548515,6.668349999999997,8.948034,2.2796842864990268,2.1572500000000012,6.7968826,4.63963262939453,-0.027735899999999925,0.022935443,0.05067134262647621
28466,0.06221500000000013,0.023018746,-0.03919625429451479,7.50835,8.948034,1.4396842864990234,5.297250000000002,6.7968826,1.4996326293945295,-0.04773589999999994,0.022935443,0.07067134262647623
28467,0.12221500000000007,0.023018746,-0.09919625429451473,11.398349999999997,8.948034,-2.4503157135009737,9.127250000000002,6.7968826,-2.3303673706054706,-0.027735899999999925,0.022935443,0.05067134262647621
28480,-0.02761300000000011,0.025162268,0.05277526842999469,11.215680000000003,9.506364,-1.7093161312866236,8.78515,7.2441688,-1.5409812416076658,0.061455999999999955,0.03566843,-0.025787571012735322
28483,-0.02761300000000011,0.025162268,0.05277526842999469,12.38568,9.506364,-2.879316131286622,9.57515,7.2441688,-2.3309812416076667,0.061455999999999955,0.03566843,-0.025787571012735322
28484,-0.02761300000000011,0.025162268,0.05277526842999469,12.705680000000001,9.506364,-3.199316131286622,10.25515,7.2441688,-3.0109812416076664,0.09145599999999998,0.03566843,-0.05578757101273535
28485,-0.0176130000000001,0.025162268,0.042775268429994684,12.99568,9.506364,-3.489316131286621,10.645150000000001,7.2441688,-3.400981241607667,0.10145599999999999,0.03566843,-0.06578757101273536
28486,-0.03761300000000012,0.025162268,0.0627752684299947,12.445680000000003,9.506364,-2.939316131286624,10.69515,7.2441688,-3.450981241607666,0.1314559999999999,0.03566843,-0.09578757101273527
28487,-0.03761300000000012,0.025162268,0.0627752684299947,12.705680000000001,9.506364,-3.199316131286622,11.135150000000001,7.2441688,-3.8909812416076672,0.15145599999999992,0.03566843,-0.11578757101273529
28488,-0.02761300000000011,0.025162268,0.05277526842999469,11.985680000000002,9.506364,-2.479316131286623,10.59515,7.2441688,-3.3509812416076663,0.14145599999999992,0.03566843,-0.10578757101273528
28489,-0.02761300000000011,0.025162268,0.05277526842999469,12.47568,9.506364,-2.9693161312866216,10.76515,7.2441688,-3.5209812416076662,0.1314559999999999,0.03566843,-0.09578757101273527
28491,-0.007613000000000092,0.025162268,0.032775268429994675,13.835680000000002,9.506364,-4.329316131286623,11.555150000000001,7.2441688,-4.310981241607667,0.12145600000000001,0.03566843,-0.08578757101273538
28580,0.022698000000000107,0.050591208,0.027893208040714157,6.32047,9.840984,3.5205143444824216,4.49981,7.295413,2.795603017272949,-0.009882699999999911,0.062188588,0.07207128808279029
28619,0.06166500000000008,0.023323135,-0.03834186454951771,7.000340000000005,8.80815,1.8078102914428662,4.7813,6.7968826,2.0155826293945314,-0.05467719999999998,0.029360352,0.08403755208404062
28804,0.16148799999999996,0.0843233,-0.0771646980886459,13.831820000000002,9.547261,-4.284558761901858,11.32644,9.015067,-2.3113728994750975,-0.013692199999999932,0.05514854,0.06884073820204728
28812,0.09340499999999985,0.027467653,-0.065937346844673,13.18732,8.836399,-4.350920921630859,16.02722,9.127136,-6.90008376953125,0.39421990000000007,0.1353934,-0.25882650398006446
28943,0.023422000000000054,0.039757974,0.0163359744458198,11.055780000000002,9.755556,-1.3002238934326193,7.925729999999998,8.831139,0.9054086108398458,-0.01492529999999992,0.10338262,0.11830791723518364
29091,-0.028960399999999886,-0.002512054,0.026448345947795993,6.796849999999999,7.1553836,0.35853358688354575,6.732919999999998,7.587402,0.8544818669128436,0.09652229999999995,0.1015205,0.004998201077175191
29221,0.12604000000000004,0.033762,-0.09227799949884419,10.966709999999999,10.1142025,-0.8525075006103506,14.504560000000001,10.434102,-4.070457941589357,0.16966769999999998,0.09383269,-0.07583501345653532
29224,0.0640400000000001,0.033762,-0.030277999498844244,10.056709999999999,10.1142025,0.05749249938964951,11.014560000000001,10.434102,-0.5804579415893567,0.07966770000000001,0.09383269,0.014164986543464653
29225,0.04604000000000008,0.033762,-0.012277999498844228,9.88671,10.1142025,0.22749249938964766,10.904560000000002,10.434102,-0.4704579415893573,0.08966770000000002,0.09383269,0.004164986543464644
29226,0.03404000000000007,0.033762,-0.00027799949884421693,9.576709999999999,10.1142025,0.5374924993896499,9.674560000000003,10.434102,0.7595420584106414,0.05966769999999999,0.09383269,0.03416498654346467
29227,0.0040400000000000436,0.033762,0.02972200050115581,9.38671,10.1142025,0.7274924993896477,9.184560000000001,10.434102,1.2495420584106434,0.0696677,0.09383269,0.02416498654346466
29228,-0.016959999999999864,0.033762,0.05072200050115572,9.08671,10.1142025,1.0274924993896484,8.45456,10.434102,1.9795420584106438,0.029667699999999964,0.09383269,0.0641649865434647
29258,0.02986600000000006,0.08930668,0.059440682348251284,4.273130000000002,6.488859,2.2157291766357403,9.69,10.919795,1.2297950363159185,0.29012399999999994,0.3313776,0.04125359566307074
29268,0.04238699999999995,0.073160574,0.030773573840141344,10.105680000000003,10.594446,0.48876618225097346,10.60515,11.091665,0.48651526794433586,0.16145599999999993,0.12575847,-0.03569753089523309
29271,0.012386999999999926,0.073160574,0.06077357384014137,4.805680000000002,10.594446,5.788766182250974,3.605150000000002,11.091665,7.486515267944334,0.0014560000000000128,0.12575847,0.12430246910476683
29446,-0.10761299999999996,0.034322325,0.14193532514023777,6.005680000000002,9.356517,3.350836838073729,1.1051500000000019,7.7177525,6.612602456665037,-0.08154400000000006,0.041686468,0.12323046782636649
29447,-0.007613000000000092,0.034322325,0.0419353251402379,6.385680000000001,9.356517,2.97083683807373,2.925150000000002,7.7177525,4.792602456665037,-0.06354400000000004,0.041686468,0.10523046782636647
29449,0.012386999999999926,0.034322325,0.021935325140237882,11.945680000000003,9.356517,-2.5891631619262725,10.70515,7.7177525,-2.9873975433349607,0.1244559999999999,0.041686468,-0.08276953217363348
29561,0.04552999999999996,0.07547555,0.029945551187992137,7.5567500000000045,9.415511,1.8587611312866166,13.634519999999998,14.296003,0.6614833416748063,0.31762270000000004,0.26986045,-0.04776225354690555
29562,0.03452999999999995,0.07547555,0.040945551187992146,7.276750000000003,9.415511,2.1387611312866177,12.734519999999998,14.296003,1.5614833416748066,0.2876227,0.26986045,-0.017762253546905526
29564,0.04852999999999996,0.07547555,0.026945551187992134,8.116750000000003,9.415511,1.2987611312866179,13.43452,14.296003,0.8614833416748056,0.2936227,0.26986045,-0.023762253546905532
29657,0.012386999999999926,0.023579182,0.011192182103276327,7.90568,8.961051,1.055370987243652,4.805150000000001,7.15351,2.3483600936889637,-0.04854400000000003,0.038508896,0.0870528957846165
29870,-0.008323999999999998,0.012922049,0.021246048568725584,11.631520000000002,8.576223,-3.055296626586916,8.739959999999998,8.967719,0.22775907806396667,0.031119999999999925,0.08774676,0.05662676173925407
29872,0.07167600000000007,0.012922049,-0.05875395143127449,13.051520000000004,8.576223,-4.475296626586918,13.899959999999998,8.967719,-4.9322409219360335,0.21611999999999998,0.08774676,-0.12837323826074598
30368,0.209387,0.023579182,-0.18580781789672374,25.395680000000002,8.961051,-16.43462901275635,18.66515,7.15351,-11.511639906311036,0.06345599999999996,0.038508896,-0.024947104215383487
30417,-0.08461300000000005,0.034322325,0.11893532514023786,10.40568,9.356517,-1.0491631619262698,6.60515,7.7177525,1.112602456665039,0.02145599999999992,0.041686468,0.020230467826366505
30418,-0.06061300000000003,0.034322325,0.09493532514023784,10.40568,9.356517,-1.0491631619262698,9.805150000000001,7.7177525,-2.087397543334962,0.16145599999999993,0.041686468,-0.11976953217363351
30419,-0.08461300000000005,0.034322325,0.11893532514023786,10.40568,9.356517,-1.0491631619262698,6.60515,7.7177525,1.112602456665039,0.02145599999999992,0.041686468,0.020230467826366505
30420,-0.034613000000000005,0.034322325,0.06893532514023781,10.605680000000003,9.356517,-1.2491631619262726,8.10515,7.7177525,-0.387397543334961,0.051455999999999946,0.041686468,-0.009769532173633522
30456,-0.08961300000000016,0.023579182,0.11319218210327642,6.685680000000001,8.961051,2.275370987243651,0.9951499999999989,7.15351,6.158360093688966,-0.09454399999999996,0.038508896,0.13305289578461643
30725,0.012386999999999926,0.023579182,0.011192182103276327,12.017680000000002,8.961051,-3.05662901275635,9.28515,7.15351,-2.131639906311035,0.04345599999999994,0.038508896,-0.004947104215383469
31082,0.14207599999999998,0.06380709,-0.07826890739297865,9.5613,9.421775,-0.1395251358032219,9.501460000000002,6.9678164,-2.5336436471557633,0.0569056,0.013814994,-0.043090605865991116
31083,0.13207599999999997,0.06380709,-0.06826890739297864,10.8613,9.421775,-1.4395251358032226,10.571460000000002,6.9678164,-3.6036436471557636,0.08290560000000002,0.013814994,-0.06909060586599114
31084,0.12207599999999996,0.06380709,-0.05826890739297863,9.0613,9.421775,0.3604748641967781,8.401460000000002,6.9678164,-1.4336436471557636,0.02290559999999997,0.013814994,-0.009090605865991086
31085,0.13207599999999997,0.06380709,-0.06826890739297864,10.0613,9.421775,-0.6395251358032219,9.801460000000002,6.9678164,-2.833643647155764,0.0629056,0.013814994,-0.04909060586599112
31087,0.12207599999999996,0.06380709,-0.05826890739297863,8.8613,9.421775,0.5604748641967774,8.001460000000002,6.9678164,-1.0336436471557633,0.007905599999999957,0.013814994,0.005909394134008927
31088,0.05148799999999998,0.018466659,-0.03302134110975263,7.941820000000003,9.248053,1.306232597045895,7.41644,6.4490786,-0.9673614401245114,0.050307800000000125,0.012634508,-0.03767329168825162
31089,0.08425400000000005,0.08130851,-0.002945493570804647,16.183300000000003,12.703778,-3.4795217330932644,12.77204,8.612101,-4.159939398803711,0.023824899999999927,0.03012281,0.006297909112072064
31090,0.09248000000000012,0.077299386,-0.015180613737106441,9.53737,12.692608,3.1552378796386726,9.05409,9.77016,0.7160697213745113,0.046650699999999934,0.04291619,-0.003734510120820933
31185,-0.08148600000000017,0.021855233,0.1033412332371475,2.843110000000003,8.163474,5.320364082946774,3.002830000000003,8.049846,5.0470156954956025,0.03698579999999996,0.10734883,0.0703630295078278
31186,-0.09148600000000018,0.021855233,0.11334123323714751,4.563110000000002,8.163474,3.6003640829467756,3.2828300000000006,8.049846,4.767015695495605,0.05498579999999986,0.10734883,0.052363029507827896
31187,-0.08148600000000017,0.021855233,0.1033412332371475,3.263110000000001,8.163474,4.900364082946776,2.102830000000001,8.049846,5.947015695495605,0.05098579999999997,0.10734883,0.05636302950782779
31188,-0.07148600000000016,0.021855233,0.09334123323714749,5.663110000000003,8.163474,2.500364082946774,4.782830000000001,8.049846,3.267015695495605,0.06798579999999999,0.10734883,0.039363029507827774
31323,0.132343,0.061797276,-0.07054572386074065,8.12414,9.030688,0.9065482858276361,10.47445,9.235944,-1.2385062057495109,0.12442659999999994,0.122154884,-0.0022717159596442604
31324,0.11234299999999997,0.061797276,-0.05054572386074063,8.114140000000003,9.030688,0.9165482858276341,9.844449999999998,9.235944,-0.6085062057495101,0.10442659999999993,0.122154884,0.017728284040355757
31325,0.17143699999999995,0.026636781,-0.1448002188290357,13.098460000000001,9.057805,-4.040654938659669,13.002490000000002,8.958323,-4.044167474975588,0.06453720000000007,0.122154884,0.05761768404035561
31351,0.0019620000000000193,-0.0007617001,-0.0027237000956088497,6.847160000000002,7.0640383,0.21687827667236093,9.576139999999999,7.6362095,-1.9399305120849597,0.22261769999999992,0.11772417,-0.1048935272290229
31355,-0.00803799999999999,-0.0007617001,0.007276299904391159,6.847160000000002,7.0640383,0.21687827667236093,7.576139999999999,7.6362095,0.0600694879150403,0.12961769999999995,0.11772417,-0.011893527229022927
31356,0.0019620000000000193,-0.0007617001,-0.0027237000956088497,6.847160000000002,7.0640383,0.21687827667236093,6.776139999999998,7.6362095,0.860069487915041,0.0776176999999999,0.11772417,0.04010647277097712
31357,-0.048038000000000025,-0.0007617001,0.047276299904391195,6.7471600000000045,7.0640383,0.3168782766723588,5.076139999999999,7.6362095,2.5600694879150403,0.03161769999999997,0.11772417,0.08610647277097705
31363,0.0019620000000000193,-0.0007617001,-0.0027237000956088497,6.447160000000004,7.0640383,0.6168782766723595,9.47614,7.6362095,-1.83993051208496,0.22661769999999992,0.11772417,-0.1088935272290229
31364,-0.028038000000000007,-0.0007617001,0.027276299904391177,5.947160000000004,7.0640383,1.1168782766723595,8.176139999999998,7.6362095,-0.5399305120849593,0.18561769999999989,0.11772417,-0.06789352722902287
31407,0.15521700000000005,0.048758697,-0.10645830323529248,15.765749999999999,10.674882,-5.09086806488037,14.45087,8.154556,-6.296313725585938,0.11632389999999992,0.052234624,-0.06408927641882889
31408,-0.03884500000000002,0.023579182,0.06242418210327627,9.70569,9.540191,-0.165499303283692,5.656550000000001,7.15351,1.4969600936889638,-0.01597470000000001,0.038508896,0.05448359578461648
31425,0.012799000000000005,0.039453786,0.026654785866498942,18.499760000000002,14.43948,-4.060280172119143,14.604320000000001,13.195241,-1.4090790255737318,0.09750270000000005,0.13855135,0.04104865440826411
31426,0.04279900000000003,0.039453786,-0.0033452141335010843,16.959760000000003,14.43948,-2.5202801721191435,17.80432,13.195241,-4.609079025573731,0.3535027,0.13855135,-0.21495134559173584
31635,0.168883,0.071641535,-0.09724146543312073,13.44771,9.100871,-4.346838913879395,12.76669,9.252818,-3.51387189239502,0.054355699999999896,0.11746322,0.06310752363615046
31652,-0.022696999999999967,-0.000428179,0.022268821012068507,11.405810000000002,13.49707,2.0912603124999976,10.283259999999999,12.8231735,2.5399135229492202,0.08543459999999992,0.13767898,0.05224438082733163
31653,0.01730300000000007,-0.000428179,-0.01773117898793153,17.30581,13.49707,-3.808739687500001,18.78326,12.8231735,-5.96008647705078,0.3514346,0.13767898,-0.21375561917266844
31654,-0.042696999999999985,-0.000428179,0.042268821012068525,10.50581,13.49707,2.9912603124999997,8.18326,12.8231735,4.639913522949218,0.03043459999999998,0.13767898,0.10724438082733156
31655,-0.022696999999999967,-0.000428179,0.022268821012068507,15.605810000000002,13.49707,-2.1087396875000017,14.38326,12.8231735,-1.5600864770507812,0.13943459999999996,0.13767898,-0.0017556191726684212
31676,-0.06721500000000002,0.023163632,0.0903786315584183,4.783239999999999,8.88295,4.099709829101563,2.6498100000000004,6.4487987,3.7989886564636226,0.011713700000000049,0.03669257,0.02497887089495654
31677,-0.057215000000000016,0.023163632,0.08037863155841829,7.273240000000001,8.88295,1.6097098291015612,4.9798100000000005,6.4487987,1.4689886564636225,0.028713700000000064,0.03669257,0.007978870894956525
31678,-0.01721499999999998,0.023163632,0.040378631558418254,8.483240000000002,8.88295,0.3997098291015604,6.0298099999999994,6.4487987,0.4189886564636236,0.016713700000000054,0.03669257,0.019978870894956535
32154,0.04276499999999994,0.037742186,-0.005022813662290515,6.50046,10.046861,3.5464006948852536,9.975359999999998,10.541397,0.566037094726564,0.1760887,0.15241536,-0.023673335019302355
32156,0.09238699999999989,0.025162268,-0.0672247315700053,11.605680000000003,9.506364,-2.099316131286624,9.805150000000001,7.2441688,-2.560981241607667,0.03045600000000004,0.03566843,0.005212428987264595
32165,0.12253400000000003,0.0593634,-0.0631706012990475,8.26615,9.57839,1.3122401214599613,9.388349999999999,8.955903,-0.4324469467163077,0.035816199999999965,0.056738697,0.020922496992397344
32263,0.06221500000000013,0.024228927,-0.03798607325196279,10.948349999999998,9.433832,-1.5145178314208962,9.797250000000002,6.9011946,-2.8960554275512713,0.07226410000000005,0.011259854,-0.061004246160125786
32940,0.11199999999999999,0.13108677,0.019086766719818127,14.975249999999999,17.833824,2.8585741577148447,16.24622,20.258003,4.01178323486328,0.13741589999999992,0.30948526,0.1720693566719056
32948,0.062000000000000055,0.13108677,0.06908676671981806,17.54525,17.833824,0.2885741577148444,20.58622,20.258003,-0.3282167651367196,0.35141589999999995,0.30948526,-0.04193064332809443
32949,0.132,0.13108677,-0.000913233280181891,19.23525,17.833824,-1.4014258422851569,23.24622,20.258003,-2.9882167651367197,0.46541589999999994,0.30948526,-0.15593064332809442
32951,0.252,0.13108677,-0.12091323328018189,22.16525,17.833824,-4.331425842285157,25.24622,20.258003,-4.98821676513672,0.5394159,0.30948526,-0.22993064332809443
32991,0.14381300000000008,0.079624034,-0.0641889655356408,9.119610000000002,8.812769,-0.306841063842775,11.65634,7.34679,-4.309550163116455,0.22019530000000015,0.059863172,-0.16033212752847686
32992,0.12339200000000006,0.079624034,-0.043767965535640774,16.77862,8.886991,-7.891629452819824,10.938329999999999,7.272587,-3.665743177490233,-0.02944000000000002,0.002416085,0.03185608498618009
33273,0.11560000000000004,0.026123451,-0.08947654893100265,11.71255,11.207237,-0.5053127563476565,14.30408,11.698447,-2.6056327725219735,0.16170479999999998,0.11643842,-0.045266381373214704
33274,0.0068749999999999645,-0.006137641,-0.013012641146779025,14.584729999999997,9.754526,-4.830203861694333,12.00308,7.9280744,-4.075005640106202,0.004812700000000003,0.03905013,0.034237428310918805
33457,0.32095000000000007,0.0015621313,-0.31938786866404123,25.99737,10.781156,-15.216214413757324,21.9771,11.437129,-10.539970979309082,0.4454893,0.15253697,-0.29295232664279935
33458,-0.03905000000000003,0.0015621313,0.04061213133595887,9.58737,10.781156,1.1937855862426758,10.517100000000001,11.437129,0.920029020690917,0.16748929999999995,0.15253697,-0.01495232664279933
33459,0.15560000000000007,0.02838371,-0.12721629050970085,26.92255,13.084129,-13.838420666503907,23.18408,13.445929,-9.738151426391603,0.33570479999999997,0.12836449,-0.2073403115175247
33460,0.015600000000000058,0.02838371,0.012783709490299167,12.98255,13.084129,0.10157933349609394,13.114080000000001,13.445929,0.33184857360839715,0.12570480000000006,0.12836449,0.00265968848247522
33462,0.04682900000000001,0.02390791,-0.02292109083020688,11.92691,9.566362,-2.360547619018554,12.33834,9.255942,-3.082397655334473,0.11857720000000005,0.10232515,-0.01625205111951833
33465,0.10321500000000006,0.024228927,-0.07898607325196272,24.668349999999997,9.433832,-15.234517831420895,12.907250000000001,6.9011946,-6.006055427551271,-0.2267359,0.011259854,0.23799575383987426
33466,-0.007784999999999931,0.024228927,0.03201392674803727,7.768349999999998,9.433832,1.6654821685791035,-1.672749999999997,6.9011946,8.573944572448728,-0.29073589999999994,0.011259854,0.3019957538398742
33772,-0.087785,0.023018746,0.11080374570548535,6.228349999999999,8.948034,2.7196842864990245,0.8872500000000016,6.7968826,5.90963262939453,-0.08773589999999998,0.022935443,0.11067134262647627
33773,-0.1077849999999998,-0.025054557,0.08273044275104979,6.538349999999998,8.115885,1.5775347808837914,1.7572500000000026,5.540694,3.7834442367553685,-0.04773589999999994,0.007782364,0.05551826379846925
33774,0.1622150000000001,0.023018746,-0.13919625429451477,6.838349999999998,8.948034,2.109684286499025,8.10725,6.7968826,-1.3103673706054693,0.10226410000000008,0.022935443,-0.07932865737352379
33775,0.1622150000000001,0.03578989,-0.12642511164784442,6.638349999999999,9.208902,2.57055235900879,8.50725,8.752654,0.24540407562255773,0.062264100000000044,0.06253016,0.00026605995025630325
33776,0.08221500000000015,0.086966455,0.004751454982757419,7.738349999999997,8.313263,0.574912939453128,9.00725,9.49765,0.49040014648437413,0.18226410000000004,0.079616815,-0.10264728514823918
33777,0.042215000000000114,0.03056391,-0.011651090439558143,8.138349999999999,8.0855255,-0.052824487304686585,10.50725,7.1900053,-3.3172446975708016,0.20226410000000006,0.06648597,-0.13577812878761297
33778,0.042215000000000114,0.03056391,-0.011651090439558143,7.93835,8.0855255,0.1471755126953127,10.00725,7.1900053,-2.8172446975708016,0.18226410000000004,0.058361113,-0.12390298692855839
33782,0.05221500000000012,0.0043666707,-0.047848329264819744,11.138349999999999,10.326837,-0.8115134140014639,13.50725,10.062189,-3.4450608978271493,0.2822641000000001,0.15061116,-0.13165293781433113
33783,0.022215000000000096,0.003767643,-0.018447357108965612,12.638349999999999,10.426093,-2.2122568984985342,14.307250000000002,10.326526,-3.980724311828615,0.2922641,0.16826566,-0.12399844436321261
33784,0.012215000000000087,-0.015973128,-0.028188128378391353,13.838349999999998,12.088297,-1.7500531097412093,15.00725,12.255154,-2.7520963439941415,0.2922641,0.20216489,-0.09009921161804202
33786,-0.07778499999999999,-0.015973128,0.06181187162160873,11.988349999999997,12.088297,0.09994689025879211,9.837250000000001,12.255154,2.4179036560058584,0.03226410000000002,0.20216489,0.169900788381958
33787,-0.1077849999999998,-0.015973128,0.09181187162160853,13.248349999999999,12.088297,-1.1600531097412095,15.92725,12.255154,-3.6720963439941414,0.38226410000000005,0.20216489,-0.18009921161804204
33808,0.17521500000000012,0.023018746,-0.15219625429451478,9.108349999999998,8.948034,-0.1603157135009745,10.667250000000001,6.7968826,-3.8703673706054698,0.11226410000000009,0.022935443,-0.0893286573735238
33989,0.002215000000000078,0.037310455,0.03509545499444,6.838349999999998,8.812769,1.9744189361572282,3.707250000000002,7.305287,3.5980368843078594,-0.04773589999999994,0.052449986,0.10018588633861536
33990,0.002215000000000078,0.037310455,0.03509545499444,6.238349999999997,8.812769,2.5744189361572296,3.4072500000000012,7.305287,3.89803688430786,-0.03773589999999993,0.052449986,0.09018588633861535
33991,-0.02778499999999995,0.037310455,0.06509545499444003,6.238349999999997,8.812769,2.5744189361572296,2.5072500000000026,7.305287,4.798036884307859,-0.06773589999999996,0.052449986,0.12018588633861538
33992,-0.047784999999999966,0.037310455,0.08509545499444005,6.238349999999997,8.812769,2.5744189361572296,1.8072499999999998,7.305287,5.4980368843078615,-0.07773589999999997,0.052449986,0.1301858863386154
33993,0.002215000000000078,0.037310455,0.03509545499444,6.93835,8.812769,1.8744189361572268,3.9072500000000012,7.305287,3.39803688430786,-0.03773589999999993,0.052449986,0.09018588633861535
33994,-0.007784999999999931,0.037310455,0.04509545499444001,6.038349999999998,8.812769,2.774418936157229,3.6072500000000005,7.305287,3.698036884307861,-0.017735899999999916,0.052449986,0.07018588633861533
33996,0.022215000000000096,0.037310455,0.015095454994439983,6.93835,8.812769,1.8744189361572268,5.007250000000001,7.305287,2.2980368843078605,-0.007735899999999907,0.052449986,0.060185886338615324
33998,0.032215000000000105,0.037310455,0.005095454994439974,8.038349999999998,8.812769,0.7744189361572289,7.307250000000002,7.305287,-0.0019631156921402493,0.052264100000000036,0.052449986,0.00018588633861538195
33999,0.012215000000000087,0.0043666707,-0.007848329264819709,8.398349999999997,9.632806,1.234455824279788,5.257250000000001,7.459042,2.2017920722961417,-0.04173590000000005,0.028751858,0.07048775757875447
34293,-0.04323600000000005,0.053906444,0.09714244446015363,3.6519399999999997,9.65285,6.000910151062012,4.172889999999999,9.900341,5.727451033935548,0.08703440000000007,0.12936059,0.04232618640480035
34335,-0.011486000000000107,0.021855233,0.03334123323714744,8.833110000000001,8.163474,-0.669635917053224,7.582830000000001,8.049846,0.4670156954956042,0.045985799999999966,0.10734883,0.06136302950782779
34336,-0.10148600000000019,0.021855233,0.12334123323714752,3.9931100000000015,8.163474,4.170364082946776,1.7828300000000006,8.049846,6.267015695495605,0.01898579999999994,0.10734883,0.08836302950782782
34337,-0.041486000000000134,0.021855233,0.06334123323714747,1.9431100000000008,8.163474,6.220364082946777,0.9828299999999999,8.049846,7.067015695495606,0.010985799999999935,0.10734883,0.09636302950782782
34338,-0.08148600000000017,0.021855233,0.1033412332371475,4.313110000000002,8.163474,3.8503640829467756,1.382830000000002,8.049846,6.6670156954956035,-0.03201419999999999,0.10734883,0.13936302950782775
34339,-0.07148600000000016,0.021855233,0.09334123323714749,3.913110000000003,8.163474,4.250364082946774,4.982830000000002,8.049846,3.067015695495604,0.13898579999999994,0.10734883,-0.03163697049217218
34341,-0.05148600000000014,0.021855233,0.07334123323714747,3.353110000000001,8.163474,4.810364082946776,4.982830000000002,8.049846,3.067015695495604,0.13898579999999994,0.10734883,-0.03163697049217218
34456,0.06221500000000013,0.023018746,-0.03919625429451479,7.34835,8.948034,1.5996842864990235,8.787250000000002,6.7968826,-1.9903673706054708,0.1232641000000001,0.022935443,-0.10032865737352381
34794,-0.01833499999999999,0.023323135,0.04165813545048236,6.240340000000003,8.80815,2.5678102914428678,3.4712999999999994,6.7968826,3.325582629394532,-0.02867720000000007,0.029360352,0.05803755208404071
34797,0.0016650000000000276,0.023323135,0.02165813545048234,6.130340000000004,8.80815,2.677810291442867,4.491300000000001,6.7968826,2.3055826293945305,0.008322799999999964,0.029360352,0.021037552084040678
35040,0.1522150000000001,0.023018746,-0.12919625429451476,14.098349999999998,8.948034,-5.150315713500975,12.407250000000001,6.7968826,-5.61036737060547,0.06426410000000005,0.022935443,-0.04132865737352376
35065,-0.06858900000000001,-0.017716134,0.05087286603295804,6.762549999999997,8.107313,1.3447631561279323,3.3993900000000004,5.955054,2.5556638063049313,-0.018535100000000027,0.028660603,0.04719570286760333
35066,-0.06801500000000016,-0.040782902,0.027232097610235373,6.057960000000001,7.6060624,1.5481024122619615,4.529999999999999,5.3808637,0.8508636665344245,0.05212749999999999,0.031564176,-0.02056332391738891
35067,-0.04858899999999999,-0.017716134,0.030872866032958024,5.742549999999998,8.107313,2.364763156127932,2.6493900000000004,5.955054,3.3056638063049313,-0.021535099999999918,0.028660603,0.05019570286760322
35068,-0.053015000000000034,-0.040782902,0.012232097610235249,5.657960000000003,7.6060624,1.9481024122619601,3.7699999999999996,5.3808637,1.6108636665344243,0.032127499999999976,0.031564176,-0.0005633239173888915
35157,-0.030088000000000115,-0.0015138232,0.02857417683164787,8.51249,11.183215,2.670725141296387,6.87125,10.118128,3.2468778228759767,0.027618799999999943,0.08084467,0.05322587053413397
35158,-0.00730199999999992,-0.0016241024,0.0056778976450189145,4.58023,8.899593,4.319363353271484,3.8485299999999985,6.4852133,2.6366832797241226,0.045556199999999936,0.024684127,-0.02087207257981294
35159,-0.030088000000000115,-0.0015138232,0.02857417683164787,9.152489999999997,11.183215,2.03072514129639,8.24125,10.118128,1.8768778228759757,0.06761879999999998,0.08084467,0.013225870534133932
35160,-0.00730199999999992,-0.0016241024,0.0056778976450189145,5.000230000000002,8.899593,3.8993633532714824,4.3085299999999975,6.4852133,2.1766832797241236,0.055556199999999945,0.024684127,-0.030872072579812948
35170,0.16198999999999997,0.037347123,-0.12464287697315213,15.621590000000001,9.769867,-5.851723056640626,13.585080000000001,7.342019,-6.243060918884279,0.0984836,0.03072774,-0.06775585962281228
35173,-0.01519399999999993,0.032509603,0.04770360260629647,6.253820000000001,7.897616,1.643795909576415,3.0311700000000013,5.6357846,2.604614626007079,-0.06198350000000008,0.015880855,0.0778643548003436
35174,-0.008010000000000073,0.037347123,0.04535712302684791,9.621590000000001,9.769867,0.1482769433593738,4.785080000000001,7.342019,2.556939081115722,-0.09451639999999994,0.03072774,0.12524414037718767
35175,0.001068000000000069,0.023047492,0.021979491908073356,6.827349999999999,8.585022,1.7576719726562509,3.19792,6.048449,2.8505290394592286,-0.08850889999999989,0.00072824786,0.08923714786184345
35176,0.021989999999999954,0.037347123,0.015357123026847885,10.721590000000003,9.769867,-0.9517230566406276,6.48508,7.342019,0.8569390811157227,-0.08351640000000005,0.03072774,0.11424414037718778
35179,0.021230000000000082,0.040014524,0.01878452401280395,12.234470000000002,8.745089,-3.489381422729494,8.585130000000001,7.0846186,-1.500511431579591,-0.014131900000000086,0.025341405,0.03947330460193166
35180,0.15198999999999996,0.037347123,-0.11464287697315212,15.421590000000002,9.769867,-5.651723056640627,11.98508,7.342019,-4.643060918884277,-0.025516400000000106,0.03072774,0.056244140377187835
35191,-0.07578499999999999,0.037310455,0.11309545499444007,7.84835,9.121809,1.2734590057373048,4.757250000000001,7.2679725,2.510722469329833,0.013264100000000001,0.019116053,0.005851953357720374
35192,-0.06378499999999998,0.037310455,0.10109545499444006,7.928349999999998,9.121809,1.1934590057373065,4.787250000000002,7.2679725,2.480722469329832,0.004264100000000104,0.019116053,0.014851953357720271
35317,0.10342200000000001,0.01022206,-0.09319994032543899,11.505780000000001,9.822942,-1.6828382199096694,9.60573,7.6696343,-1.936095657806396,0.005074700000000099,0.05287738,0.04780268144397726
35343,-0.09761300000000017,0.023579182,0.12119218210327642,6.305680000000002,8.961051,2.65537098724365,1.905149999999999,7.15351,5.248360093688966,-0.06054400000000004,0.038508896,0.09905289578461651
35451,0.06456200000000001,0.02618524,-0.03837675940346719,7.5484100000000005,8.527629,0.979218898620605,8.9207,8.555434,-0.365265773010254,0.10024309999999992,0.104054555,0.00381145529689797
35452,-0.08243800000000001,0.02618524,0.10862324059653283,7.38841,8.527629,1.139218898620605,5.790700000000001,8.555434,2.764734226989745,0.060243099999999994,0.104054555,0.043811455296897894
35453,0.3325340000000001,0.047253262,-0.2852807377483846,18.74615,13.725432,-5.0207176040649415,16.288349999999998,9.895293,-6.393056764221189,0.09081620000000001,0.0714926,-0.01932360253925325
35465,-0.04866900000000007,-0.040096883,0.008572117269277646,10.021269999999998,8.332751,-1.688518725891111,8.14544,7.4402328,-0.7052072462463386,0.06786820000000005,0.04891284,-0.018955358173322723
35469,-0.04866900000000007,-0.040096883,0.008572117269277646,10.15127,8.332751,-1.8185187258911135,7.815440000000001,7.4402328,-0.3752072462463385,0.04786820000000003,0.04891284,0.001044641826677295
35473,-0.04866900000000007,-0.040096883,0.008572117269277646,10.161269999999998,8.332751,-1.8285187258911115,7.57544,7.4402328,-0.1352072462463383,0.034868200000000016,0.04891284,0.014044641826677307
35477,-0.04866900000000007,-0.040096883,0.008572117269277646,10.271269999999998,8.332751,-1.938518725891111,7.4854400000000005,7.4402328,-0.04520724624633843,0.024868200000000007,0.04891284,0.024044641826677315
35516,0.18238699999999997,0.023579182,-0.1588078178967237,6.56568,8.961051,2.395370987243652,8.36515,7.15351,-1.211639906311035,0.051455999999999946,0.038508896,-0.012947104215383476
35517,-0.008193000000000117,0.023579182,0.03177218210327637,5.365660000000002,8.529902,3.164242458190916,5.657000000000002,7.15351,1.496510093688963,0.08552360000000003,0.041088562,-0.04443503754124645
35664,-0.03761300000000012,0.034322325,0.07193532514023793,7.445680000000003,9.1733675,1.7276875003051728,5.17515,7.624601,2.4494508872985836,0.0014560000000000128,0.03322826,0.03177225953364371
35756,0.04238699999999995,0.023579182,-0.0188078178967237,11.505680000000002,8.961051,-2.5446290127563493,14.305150000000001,7.15351,-7.151639906311036,0.32145599999999996,0.038508896,-0.2829471042153835
35758,-0.009633000000000003,-0.008078784,0.001554216249465945,9.370070000000002,7.5932097,-1.776860256500246,6.40405,6.6348047,0.23075472564697286,0.07408400000000004,0.06835628,-0.005727716990947762
35849,0.002215000000000078,0.033324342,0.031109342221021574,7.25835,9.395767,2.1374172119140624,4.017250000000001,7.5548625,3.53761249923706,-0.05273589999999995,0.032444075,0.08517997474994654
35858,0.18359000000000003,0.062420104,-0.12116989630103114,15.457450000000001,13.027506,-2.4299441253662124,15.389019999999999,10.867205,-4.521815333862303,0.13918299999999995,0.025801722,-0.11338127803969378
35860,0.053590000000000027,0.062420104,0.00883010369896886,11.557450000000003,13.027506,1.4700558746337862,8.77902,10.867205,2.088184666137696,-0.010816999999999966,0.025801722,0.03661872196030613
35861,0.07359000000000004,0.062420104,-0.011169896301031157,13.757450000000002,13.027506,-0.7299441253662131,10.789019999999999,10.867205,0.07818466613769637,-0.0008170000000000677,0.025801722,0.026618721960306235
35862,0.11358999999999997,0.062420104,-0.05116989630103108,14.65745,13.027506,-1.6299441253662117,11.879019999999999,10.867205,-1.0118153338623035,0.009182999999999941,0.025801722,0.016618721960306226
35863,0.11358999999999997,0.062420104,-0.05116989630103108,15.057450000000003,13.027506,-2.029944125366214,11.619019999999999,10.867205,-0.7518153338623037,-0.030816999999999983,0.025801722,0.05661872196030615
35905,-0.010262999999999911,0.085699975,0.09596297549056998,6.518529999999998,9.646861,3.128331076354982,3.9046699999999994,6.857448,2.9527781010437018,-0.02040580000000003,0.0416,0.062005800113248855
35984,-0.07778499999999999,0.03056391,0.10834890956044196,6.1183499999999995,8.0855255,1.967175512695313,2.12725,7.1900053,5.062755302429199,-0.05773589999999995,0.06648597,0.12422187121238704
36100,0.19340499999999994,0.06793565,-0.1254693469691276,7.68732,9.356217,1.6688973843383792,11.22722,9.645527,-1.5816931140136727,0.16421990000000009,0.13573487,-0.028485028970146264
36300,0.041870000000000074,0.06221033,0.020340328876972125,8.20758,8.956645,0.7490650119018554,6.421039999999998,7.169836,0.7487960443115256,0.00414060000000005,0.028346697,0.024206096868538807
36302,0.011870000000000047,0.06221033,0.05034032887697215,7.20758,8.956645,1.7490650119018554,3.621039999999997,7.169836,3.5487960443115263,-0.07585940000000002,0.028346697,0.10420609686853888
36303,0.0018700000000000383,0.06221033,0.06034032887697216,7.20758,8.956645,1.7490650119018554,2.5210399999999993,7.169836,4.648796044311524,-0.11585940000000006,0.028346697,0.1442060968685389
36304,0.06187000000000009,0.06221033,0.0003403288769721069,7.107580000000002,8.956645,1.8490650119018532,5.321039999999998,7.169836,1.8487960443115252,-0.025859399999999977,0.028346697,0.05420609686853883
36305,0.011870000000000047,0.06221033,0.05034032887697215,7.007580000000001,8.956645,1.9490650119018547,3.121039999999997,7.169836,4.048796044311526,-0.09585940000000004,0.028346697,0.1242060968685389
36306,0.11187000000000002,0.06221033,-0.049659671123027826,11.00758,8.956645,-2.0509349880981453,10.621039999999999,7.169836,-3.4512039556884755,0.09414060000000002,0.028346697,-0.06579390313146116
36307,0.13187000000000004,0.06221033,-0.06965967112302784,8.807580000000002,8.956645,0.14906501190185395,10.52104,7.169836,-3.351203955688476,0.14414059999999995,0.028346697,-0.1157939031314611
36308,0.12187000000000003,0.06221033,-0.059659671123027835,8.607580000000002,8.956645,0.34906501190185324,10.52104,7.169836,-3.351203955688476,0.15414059999999996,0.028346697,-0.1257939031314611
36309,0.10187000000000002,0.06221033,-0.03965967112302782,8.607580000000002,8.956645,0.34906501190185324,8.321039999999998,7.169836,-1.1512039556884748,0.044140599999999974,0.028346697,-0.015793903131461118
36310,0.10187000000000002,0.06221033,-0.03965967112302782,8.40758,8.956645,0.5490650119018561,5.821039999999998,7.169836,1.3487960443115252,-0.08585940000000003,0.028346697,0.11420609686853889
36311,0.0718700000000001,0.06221033,-0.009659671123027902,8.307580000000002,8.956645,0.649065011901854,7.521039999999999,7.169836,-0.35120395568847584,0.034140599999999965,0.028346697,-0.005793903131461109
36386,0.226387,0.039485775,-0.18690122506570817,14.405680000000002,8.92537,-5.480309783630373,14.945150000000002,7.661916,-7.283234220886232,0.21345599999999998,0.07438806,-0.13906794300651548
36387,0.2543869999999999,0.039485775,-0.21490122506570808,8.205680000000001,8.92537,0.7196902163696279,13.875150000000001,7.661916,-6.213234220886232,0.275456,0.07438806,-0.20106794300651548
36466,0.0914879999999999,0.018466659,-0.07302134110975256,9.141820000000003,9.248053,0.10623259704589572,7.31644,6.4490786,-0.8673614401245118,-0.013692199999999932,0.012634508,0.026326708311748437
36564,0.12387999999999999,0.020139175,-0.10374082546412944,4.7515399999999985,7.6323757,2.8808357171630874,7.372200000000001,6.464087,-0.9081129905700696,0.10025010000000001,0.060808327,-0.039441772950983056
36565,-0.02778499999999995,0.023018746,0.05080374570548529,11.388349999999999,8.948034,-2.4403157135009756,7.587250000000001,6.7968826,-0.7903673706054697,-0.007735899999999907,0.022935443,0.030671342626476195
36566,-0.01778499999999994,0.023018746,0.040803745705485284,11.518349999999998,8.948034,-2.5703157135009747,7.987250000000001,6.7968826,-1.19036737060547,0.002264100000000102,0.022935443,0.020671342626476186
36567,-0.02778499999999995,0.023018746,0.05080374570548529,11.568349999999999,8.948034,-2.6203157135009754,8.26725,6.7968826,-1.4703673706054694,0.02226410000000001,0.022935443,0.000671342626476279
36568,0.012215000000000087,0.023018746,0.010803745705485257,10.86835,8.948034,-1.920315713500976,7.887250000000002,6.7968826,-1.0903673706054704,0.002264100000000102,0.022935443,0.020671342626476186
36625,0.5223869999999999,0.025162268,-0.49722473157000535,18.50568,9.506364,-8.999316131286623,19.40515,7.2441688,-12.160981241607665,0.48945600000000006,0.03566843,-0.4537875710127354
36626,-0.03761300000000012,0.025162268,0.0627752684299947,8.605680000000003,9.506364,0.9006838687133758,6.405150000000001,7.2441688,0.8390187583923332,0.038455999999999935,0.03566843,-0.0027875710127353015
36638,0.12253400000000003,0.12585714,0.003323144594192473,8.546149999999997,8.544434,-0.0017164062499972488,9.088349999999998,9.668287,0.5799372772216813,0.06081619999999999,0.094405755,0.03358955540065767
36753,-0.04799700000000007,0.0021087113,0.05010571128365404,10.812470000000005,9.223612,-1.5888581683349656,6.864879999999999,6.1131954,-0.751684580688476,-0.00011470000000002312,0.005157836,0.005272535781574272
36754,-0.04999700000000007,0.0021087113,0.052105711283654044,10.602470000000004,9.223612,-1.3788581683349648,5.744879999999998,6.1131954,0.368315419311525,-0.04211469999999995,0.005157836,0.0472725357815742
36755,-0.07199700000000009,0.0021087113,0.07410571128365406,8.092470000000002,9.223612,1.1311418316650368,2.3648799999999994,6.1131954,3.748315419311524,-0.08211469999999987,0.005157836,0.08727253578157412
36756,-0.06099699999999997,0.0021087113,0.06310571128365394,8.752470000000002,9.223612,0.47114183166503665,3.6548799999999986,6.1131954,2.458315419311525,-0.061114699999999966,0.005157836,0.06627253578157422
36757,-0.058996999999999966,0.0021087113,0.06110571128365394,9.432470000000002,9.223612,-0.20885816833496307,3.964880000000001,6.1131954,2.1483154193115226,-0.07211469999999987,0.005157836,0.07727253578157411
37054,-0.059414999999999996,-0.015159402,0.04425559795737266,5.895590000000002,6.824629,0.9290388299560526,5.151009999999999,6.1862764,1.0352664358520514,0.05871729999999997,0.06151252,0.002795218674135236
37055,-0.059414999999999996,-0.015159402,0.04425559795737266,6.345590000000001,6.824629,0.4790388299560533,5.961010000000002,6.1862764,0.22526643585204909,0.07871729999999999,0.06151252,-0.017204781325864782
37056,-0.04941499999999999,-0.015159402,0.03425559795737265,6.575590000000002,6.824629,0.24903882995605287,5.841010000000001,6.1862764,0.3452664358520501,0.05871729999999997,0.06151252,0.002795218674135236
37058,-0.01941499999999996,-0.015159402,0.0042555979573726255,6.67559,6.824629,0.149038829956055,6.38101,6.1862764,-0.19473356414794907,0.05871729999999997,0.06151252,0.002795218674135236
37060,0.020585000000000075,-0.015159402,-0.03574440204262741,5.575590000000002,6.824629,1.2490388299560529,6.401009999999999,6.1862764,-0.21473356414794864,0.06871729999999998,0.06151252,-0.007204781325864773
37061,0.10058500000000004,-0.015159402,-0.11574440204262737,6.735590000000002,6.824629,0.08903882995605272,8.07101,6.1862764,-1.8847335641479486,0.04871729999999996,0.06151252,0.012795218674135245
37062,-0.03941499999999998,-0.015159402,0.024255597957372643,5.97559,6.824629,0.8490388299560543,5.761009999999999,6.1862764,0.4252664358520519,0.06871729999999998,0.06151252,-0.007204781325864773
37063,-0.02941499999999997,-0.015159402,0.014255597957372634,6.49559,6.824629,0.3290388299560547,6.97101,6.1862764,-0.7847335641479489,0.09871730000000001,0.06151252,-0.0372047813258648
37064,-0.03941499999999998,-0.015159402,0.024255597957372643,6.90559,6.824629,-0.08096117004394543,6.27101,6.1862764,-0.08473356414794964,0.05871729999999997,0.06151252,0.002795218674135236
37065,-0.009414999999999951,-0.015159402,-0.005744402042627383,5.665590000000002,6.824629,1.159038829956053,5.321010000000001,6.1862764,0.8652664358520497,0.038717299999999955,0.06151252,0.022795218674135254
37066,-0.02941499999999997,-0.015159402,0.014255597957372634,6.805590000000002,6.824629,0.01903882995605244,6.331009999999999,6.1862764,-0.14473356414794836,0.05871729999999997,0.06151252,0.002795218674135236
37067,0.0005850000000000577,-0.015159402,-0.015744402042627392,6.795590000000001,6.824629,0.029038829956054002,7.62101,6.1862764,-1.4347335641479493,0.09871730000000001,0.06151252,-0.0372047813258648
37068,0.010585000000000067,-0.015159402,-0.0257444020426274,6.1255900000000025,6.824629,0.6990388299560522,6.431010000000001,6.1862764,-0.24473356414794978,0.05871729999999997,0.06151252,0.002795218674135236
37069,-0.01941499999999996,-0.015159402,0.0042555979573726255,6.67559,6.824629,0.149038829956055,6.81101,6.1862764,-0.6247335641479488,0.07871729999999999,0.06151252,-0.017204781325864782
37070,0.0005850000000000577,-0.015159402,-0.015744402042627392,6.205590000000001,6.824629,0.6190388299560539,5.901009999999999,6.1862764,0.28526643585205136,0.038717299999999955,0.06151252,0.022795218674135254
37071,-0.02941499999999997,-0.015159402,0.014255597957372634,6.165590000000002,6.824629,0.659038829956053,5.61101,6.1862764,0.5752664358520505,0.04871729999999996,0.06151252,0.012795218674135245
37072,0.0005850000000000577,-0.015159402,-0.015744402042627392,6.3755900000000025,6.824629,0.44903882995605215,6.46101,6.1862764,-0.27473356414794914,0.05871729999999997,0.06151252,0.002795218674135236
37073,-0.04941499999999999,-0.015159402,0.03425559795737265,6.72559,6.824629,0.09903882995605429,6.61101,6.1862764,-0.4247335641479495,0.0887173,0.06151252,-0.02720478132586479
37075,0.010585000000000067,-0.015159402,-0.0257444020426274,6.345590000000001,6.824629,0.4790388299560533,6.171009999999999,6.1862764,0.015266435852051785,0.038717299999999955,0.06151252,0.022795218674135254
37077,-0.02941499999999997,-0.015159402,0.014255597957372634,6.42559,6.824629,0.399038829956055,6.47101,6.1862764,-0.2847335641479489,0.07871729999999999,0.06151252,-0.017204781325864782
37078,0.010585000000000067,-0.015159402,-0.0257444020426274,6.035590000000003,6.824629,0.789038829956052,6.151009999999999,6.1862764,0.03526643585205136,0.04871729999999996,0.06151252,0.012795218674135245
37079,-0.08941500000000002,-0.015159402,0.07425559795737269,6.345590000000001,6.824629,0.4790388299560533,4.11101,6.1862764,2.0752664358520505,0.018717299999999937,0.06151252,0.04279521867413527
37080,-0.069415,-0.015159402,0.05425559795737267,5.575590000000002,6.824629,1.2490388299560529,4.741009999999999,6.1862764,1.4452664358520515,0.05871729999999997,0.06151252,0.002795218674135236
37081,-0.04941499999999999,-0.015159402,0.03425559795737265,6.6355900000000005,6.824629,0.18903882995605414,5.671009999999999,6.1862764,0.5152664358520518,0.04871729999999996,0.06151252,0.012795218674135245
37082,-0.059414999999999996,-0.015159402,0.04425559795737266,5.67559,6.824629,1.149038829956055,4.97101,6.1862764,1.215266435852051,0.05871729999999997,0.06151252,0.002795218674135236
37083,-0.03941499999999998,-0.015159402,0.024255597957372643,6.49559,6.824629,0.3290388299560547,5.491009999999999,6.1862764,0.6952664358520515,0.038717299999999955,0.06151252,0.022795218674135254
37084,-0.01941499999999996,-0.015159402,0.0042555979573726255,5.575590000000002,6.824629,1.2490388299560529,5.761009999999999,6.1862764,0.4252664358520519,0.06871729999999998,0.06151252,-0.007204781325864773
37085,-0.04941499999999999,-0.015159402,0.03425559795737265,5.6355900000000005,6.824629,1.1890388299560541,4.871009999999998,6.1862764,1.3152664358520525,0.04871729999999996,0.06151252,0.012795218674135245
37087,-0.02941499999999997,-0.015159402,0.014255597957372634,6.395590000000002,6.824629,0.4290388299560526,5.36101,6.1862764,0.8252664358520505,0.028717299999999946,0.06151252,0.03279521867413526
37088,-0.069415,-0.015159402,0.05425559795737267,5.825590000000002,6.824629,0.9990388299560529,4.461010000000002,6.1862764,1.725266435852049,0.038717299999999955,0.06151252,0.022795218674135254
37089,-0.009414999999999951,-0.015159402,-0.005744402042627383,5.5055900000000015,6.824629,1.3190388299560531,5.641010000000001,6.1862764,0.5452664358520494,0.05871729999999997,0.06151252,0.002795218674135236
37090,-0.059414999999999996,-0.015159402,0.04425559795737266,6.24559,6.824629,0.5790388299560547,4.97101,6.1862764,1.215266435852051,0.038717299999999955,0.06151252,0.022795218674135254
37091,0.0005850000000000577,-0.015159402,-0.015744402042627392,5.6255900000000025,6.824629,1.1990388299560522,6.11101,6.1862764,0.0752664358520505,0.06871729999999998,0.06151252,-0.007204781325864773
37092,-0.02941499999999997,-0.015159402,0.014255597957372634,5.845590000000001,6.824629,0.9790388299560533,4.901009999999999,6.1862764,1.2852664358520514,0.028717299999999946,0.06151252,0.03279521867413526
37093,-0.07941500000000001,-0.015159402,0.06425559795737268,5.715590000000002,6.824629,1.1090388299560523,4.931010000000001,6.1862764,1.2552664358520502,0.06871729999999998,0.06151252,-0.007204781325864773
37096,-0.069415,-0.015159402,0.05425559795737267,5.765590000000003,6.824629,1.0590388299560516,4.88101,6.1862764,1.305266435852051,0.05871729999999997,0.06151252,0.002795218674135236
37097,-0.02941499999999997,-0.015159402,0.014255597957372634,5.855590000000003,6.824629,0.9690388299560517,5.13101,6.1862764,1.055266435852051,0.038717299999999955,0.06151252,0.022795218674135254
37100,-0.059414999999999996,-0.015159402,0.04425559795737266,5.765590000000003,6.824629,1.0590388299560516,5.04101,6.1862764,1.1452664358520508,0.05871729999999997,0.06151252,0.002795218674135236
37102,-0.07941500000000001,-0.015159402,0.06425559795737268,5.665590000000002,6.824629,1.159038829956053,4.81101,6.1862764,1.3752664358520512,0.06871729999999998,0.06151252,-0.007204781325864773
37214,-0.001742999999999828,0.0059561,0.007699099834292955,16.061200000000003,12.097161,-3.964038706970218,14.73947,11.905845,-2.8336253115844734,0.2246475,0.18168427,-0.04296322949886322
37328,-0.02761300000000011,0.025162268,0.05277526842999469,7.425680000000003,9.506364,2.0806838687133755,5.37515,7.2441688,1.8690187583923343,0.024455999999999922,0.03566843,0.011212428987264711
37408,-0.03474299999999997,0.05683526,0.09157826024222371,3.5769599999999997,7.4610515,3.884091464080811,0.7340900000000019,6.743418,6.00932821670532,-0.024622699999999997,0.045358546,0.0699812460782051
37600,0.4155380000000001,0.258538,-0.15699999226379402,16.160790000000002,13.111637,-3.0491528845214866,18.21133,15.09514,-3.11618954284668,0.4152191,0.28856516,-0.12665394115600587
37601,0.355538,0.258538,-0.09699999226379397,15.06079,13.111637,-1.9491528845214852,17.611330000000002,15.09514,-2.516189542846682,0.3952191,0.28856516,-0.10665394115600585
37726,0.12238699999999991,0.039485775,-0.08290122506570807,12.805680000000002,9.1733675,-3.6323124996948266,10.90515,7.624601,-3.280549112701417,0.03145599999999993,0.029651813,-0.0018041867909430742
37727,0.1023869999999999,0.039485775,-0.06290122506570806,9.40568,9.1733675,-0.23231249969482448,8.52515,7.624601,-0.900549112701416,0.03145599999999993,0.029651813,-0.0018041867909430742
37789,0.06000899999999998,0.056018,-0.003991001394033411,14.831130000000002,13.540647,-1.290483446960451,13.666080000000001,13.50056,-0.16552019317627042,0.0684248999999999,0.12971172,0.06128681736717234
37790,0.09558299999999997,0.08388281,-0.01170019131469724,18.63033,10.258218,-8.372112188415528,17.14777,8.338882,-8.808887553710939,0.1667229,0.0399967,-0.12672620150127412
37890,-0.10817800000000011,-0.047460105,0.060717894729852784,4.8942400000000035,6.8582997,1.9640597322082485,3.090160000000001,6.1889997,3.098839652862548,0.04883590000000004,0.0833209,0.03448500079784389
37898,-0.08817800000000009,-0.047460105,0.040717894729852766,5.374240000000004,6.8582997,1.484059732208248,4.100159999999999,6.1889997,2.08883965286255,0.05883590000000005,0.0833209,0.02448500079784388
37973,0.1333209999999999,0.09977389,-0.03354710872983924,1.439070000000001,7.2998624,5.860792384796142,4.57621,10.471398,5.8951883535766605,0.05661309999999997,0.12067565,0.06406255321922305
38487,-0.04363600000000001,-0.027832527,0.015803473286390313,8.26624,9.583396,1.3171559579467775,7.2173099999999994,9.2726555,2.0553454870605474,0.06105130000000003,0.124393426,0.06334212588186261
38488,-0.02363599999999999,-0.027832527,-0.004196526713609705,9.566239999999997,9.583396,0.017155957946780376,9.317309999999999,9.2726555,-0.04465451293945222,0.10405130000000007,0.124393426,0.02034212588186257
38489,0.006364000000000036,-0.027832527,-0.03419652671360973,12.066239999999997,9.583396,-2.4828440420532196,14.017309999999998,9.2726555,-4.7446545129394515,0.2590513000000001,0.124393426,-0.13465787411813745
38778,0.030312000000000117,-0.013134942,-0.04344694239002478,12.867569999999999,7.9866514,-4.880918579406737,14.250419999999998,9.278472,-4.97194805328369,0.24931179999999997,0.115490034,-0.13382176577739713
38780,0.05867700000000009,0.025162268,-0.03351473157000551,10.88559,9.394729,-1.4908613394165044,11.42638,7.2914305,-4.134949526672363,0.16388749999999996,0.036336683,-0.12755081726312634
38782,0.0014369999999999106,0.026636781,0.02519978117096433,7.298460000000002,9.057805,1.7593450613403299,8.812490000000002,8.958323,0.1458325250244119,0.14453720000000003,0.122154884,-0.02238231595964435
38810,0.07156600000000013,0.103941426,0.03237542568111407,7.39648,8.50588,1.1094003558349605,9.906,10.429356,0.52335562133789,0.1392371,0.13454749,-0.004689613098716738
38812,0.07556600000000013,0.103941426,0.028375425681114064,7.606480000000001,8.50588,0.8994003558349597,9.386000000000001,10.429356,1.0433556213378896,0.11323710000000009,0.13454749,0.021310386901283174
38826,0.150764,0.06942755,-0.08133645016098023,9.409720000000002,6.971945,-2.437775191040041,11.58361,6.9383173,-4.64529270111084,0.2693011,0.1373113,-0.13198980532512666
38827,0.07876399999999995,0.06942755,-0.00933645016098017,6.169720000000002,6.971945,0.8022248089599593,7.94361,6.9383173,-1.0052927011108395,0.15530109999999997,0.1373113,-0.017989805325126618
38828,0.155764,0.06942755,-0.08633645016098024,10.349720000000001,6.971945,-3.3777751910400404,10.92361,6.9383173,-3.98529270111084,0.1773011000000001,0.1373113,-0.03998980532512675
38829,0.155764,0.06942755,-0.08633645016098024,10.549720000000002,6.971945,-3.5777751910400415,11.08361,6.9383173,-4.14529270111084,0.1883011,0.1373113,-0.05098980532512665
38831,0.3477640000000001,0.06942755,-0.2783364501609803,17.16972,6.971945,-10.19777519104004,15.81361,6.9383173,-8.87529270111084,0.4363011000000001,0.1373113,-0.29898980532512676
38832,0.127764,0.06942755,-0.05833645016098021,4.56972,6.971945,2.4022248089599607,6.69361,6.9383173,0.24470729888916054,0.10030110000000003,0.1373113,0.03701019467487332
38833,-0.06923600000000008,0.06942755,0.13866354983901985,1.989720000000002,6.971945,4.982224808959959,1.7036100000000012,6.9383173,5.234707298889159,0.057301099999999994,0.1373113,0.08001019467487336
38834,-0.059236000000000066,0.06942755,0.12866354983901984,4.3797200000000025,6.971945,2.5922248089599584,3.93361,6.9383173,3.0047072988891603,0.07730110000000001,0.1373113,0.06001019467487334
38836,-0.06923600000000008,0.06942755,0.13866354983901985,1.74972,6.971945,5.222224808959961,-0.04638999999999882,6.9383173,6.984707298889159,-0.009698899999999955,0.1373113,0.1470101946748733
39141,0.0014879999999999338,0.017256478,0.015768477847695417,6.141820000000003,8.762255,2.6204347149658176,3.2164399999999986,6.206666,2.9902259927368178,-0.05369219999999997,0.021202039,0.07489423897356984
39161,0.16622499999999996,0.07752195,-0.08870304999351497,19.096040000000002,13.5686455,-5.52739452270508,19.52153,14.236112,-5.285418359069823,0.19850879999999993,0.13418381,-0.06432499083881371
39163,0.15622499999999995,0.07752195,-0.07870304999351496,14.906040000000004,13.5686455,-1.3373945227050825,16.921529999999997,14.236112,-2.6854183590698213,0.17450880000000002,0.13418381,-0.0403249908388138
39222,0.05221500000000012,0.037310455,-0.014904545005560044,7.708349999999999,8.812769,1.1044189361572272,12.547250000000002,7.305287,-5.2419631156921405,0.31226410000000004,0.052449986,-0.2598141136613846
39223,0.042215000000000114,0.037310455,-0.004904545005560035,7.418349999999997,8.812769,1.39441893615723,11.797250000000002,7.305287,-4.4919631156921405,0.2822641000000001,0.052449986,-0.22981411366138466
39350,-0.09102100000000002,0.04247766,0.13349865988111498,7.105720000000005,10.550008,3.4442878201293894,2.0325399999999973,7.8922467,5.8597067231750515,-0.06192249999999999,0.049116433,0.11103893266677856
39392,0.04981499999999994,0.06832269,0.018507688341140804,5.8782299999999985,7.5042562,1.6260262484741226,7.045549999999999,7.060336,0.014786112976075572,0.11202750000000006,0.06362171,-0.048405792739391384
39393,0.08981499999999987,0.06832269,-0.02149231165885912,5.3782299999999985,7.5042562,2.1260262484741226,6.525549999999999,7.060336,0.5347861129760751,0.07202750000000002,0.06362171,-0.008405792739391349
39433,-0.0608820000000001,0.07118782,0.1320698165602685,5.511850000000003,9.629477,4.117626547241208,3.8847200000000015,7.719559,3.834839192657469,-0.0019947999999999633,0.050805762,0.05280056241016384
39700,0.06253400000000009,0.06096001,-0.0015739903059006632,11.146149999999999,9.57889,-1.5672601531982409,8.488349999999999,8.852837,0.36448660888672,0.0008162000000000447,0.034965876,0.034149676489877656
39701,0.05253400000000008,0.06096001,0.008426009694099346,10.44615,9.57889,-0.8672601531982416,8.388349999999999,8.852837,0.46448660888671967,0.06081619999999999,0.034965876,-0.025850323510122286
39703,0.11253400000000002,0.06096001,-0.0515739903059006,11.346149999999998,9.57889,-1.7672601531982401,9.088349999999998,8.852837,-0.23551339111327962,0.010816199999999943,0.034965876,0.02414967648987776
39887,-0.103707,-0.008688546,0.09501845421415567,1.330490000000001,5.184164,3.85367404724121,-1.2855799999999995,3.5326343,4.818214258270263,-0.01874140000000002,0.020605221,0.0393466213907242
39888,-0.060707000000000066,-0.008688546,0.05201845421415574,2.4504899999999985,5.184164,2.7336740472412124,1.4044199999999982,3.5326343,2.1282142582702654,0.02425860000000002,0.020605221,-0.003653378609275837
39889,-0.06570699999999996,-0.008688546,0.057018454214155634,1.590489999999999,5.184164,3.593674047241212,0.01442000000000121,3.5326343,3.5182142582702625,-0.001741400000000115,0.020605221,0.022346621390724297
40018,0.05502600000000002,0.0056361435,-0.04938985650187733,7.61889,8.143701,0.5248105996704098,7.265000000000001,7.3468723,0.0818723297119135,0.02747069999999996,0.09091465,0.06344395175151829
40019,0.04502600000000001,0.0056361435,-0.03938985650187732,6.218889999999998,8.143701,1.924810599670412,4.665000000000001,7.3468723,2.681872329711913,-0.0525293,0.09091465,0.14344395175151825
40040,0.02189899999999989,0.038952637,0.01705363746380817,8.78529,9.708808,0.923517945251465,9.517610000000001,12.472429,2.954819275512694,0.09322010000000003,0.14093252,0.047712415263557406
40497,-0.018213000000000035,0.0063653565,0.02457835650119189,11.620159999999998,9.706969,-1.913190738830565,7.35717,6.107425,-1.2497447871398926,-0.024511999999999978,-0.002092514,0.022419486045733072
41204,-0.031049000000000104,0.08923945,0.1202884483089448,9.805870000000002,12.310708,2.5048380459594703,6.354890000000001,10.799164,4.444273818359374,-0.015150600000000125,0.07766372,0.09281431965408338
41237,-0.009613000000000094,0.039485775,0.04909877493429193,10.505680000000002,8.92537,-1.5803097836303728,7.565150000000001,7.661916,0.0967657791137686,0.014455999999999913,0.07438806,0.059932056993484584
41238,0.004386999999999919,0.007409488,0.0030224878509641506,11.49568,10.571762,-0.9239179150390626,8.65515,9.900061,1.2449106536865227,0.027455999999999925,0.1449731,0.11751709923172005
41251,0.07950899999999994,0.07276192,-0.006747076925277651,9.851770000000002,9.614998,-0.23677213623047066,9.865739999999999,8.026496,-1.839244066467284,0.10065210000000002,0.060758512,-0.0398935875328541
41279,0.025386999999999937,0.025162268,-0.00022473157000535426,13.905680000000002,9.506364,-4.399316131286623,9.385150000000001,7.2441688,-2.1409812416076672,-0.04754400000000014,0.03566843,0.08321242898726477
41325,-0.047784999999999966,0.037310455,0.08509545499444005,7.488349999999997,8.812769,1.3244189361572296,2.497250000000001,7.305287,4.80803688430786,-0.08773589999999998,0.052449986,0.1401858863386154
41326,0.15738699999999994,0.023579182,-0.1338078178967237,10.705680000000001,8.961051,-1.7446290127563486,11.50515,7.15351,-4.351639906311036,0.12145600000000001,0.038508896,-0.08294710421538354
41327,0.28238699999999994,0.023579182,-0.2588078178967237,14.805680000000002,8.961051,-5.84462901275635,14.70515,7.15351,-7.551639906311035,0.14145599999999992,0.038508896,-0.10294710421538344
41328,0.30238699999999996,0.023579182,-0.2788078178967237,17.405680000000004,8.961051,-8.444629012756351,17.90515,7.15351,-10.751639906311034,0.38145599999999996,0.038508896,-0.3429471042153835
41350,-0.02761300000000011,0.039485775,0.06709877493429195,7.505680000000002,9.1733675,1.667687500305174,7.805150000000001,7.624601,-0.18054911270141716,0.1314559999999999,0.029651813,-0.10180418679094305
41367,0.30238699999999996,0.023579182,-0.2788078178967237,11.925680000000003,8.961051,-2.964629012756351,12.44515,7.15351,-5.291639906311035,0.03145599999999993,0.038508896,0.007052895784616542
41538,0.05852900000000005,0.053127028,-0.0054019719519615705,3.2787599999999983,4.974101,1.6953410665893571,12.536719999999999,9.1194315,-3.417288504333495,0.46920370000000006,0.25246337,-0.21674032943840033
41539,0.06852900000000006,0.053127028,-0.01540197195196158,5.278759999999998,4.974101,-0.3046589334106429,13.92672,9.1194315,-4.807288504333496,0.5092037,0.25246337,-0.2567403294384003
41540,0.05852900000000005,0.053127028,-0.0054019719519615705,3.988759999999999,4.974101,0.9853410665893563,5.866719999999999,9.1194315,3.252711495666505,0.0992037,0.25246337,0.15325967056159973
41541,0.08852899999999997,0.053127028,-0.035401971951961486,4.278759999999998,4.974101,0.6953410665893571,6.566719999999998,9.1194315,2.5527114956665056,0.0992037,0.25246337,0.15325967056159973
41678,0.3702383,0.080851495,-0.2893868047340393,18.62678,8.669395,-9.957384553222656,15.89093,7.539288,-8.35164195602417,0.46802509999999997,0.26234448,-0.20568062043914792
41746,-0.038112000000000146,-0.024467181,0.013644818585634377,7.97804,6.934768,-1.0432718000793457,6.362019999999999,6.096222,-0.26579807617187434,0.06489519999999993,0.05108676,-0.01380843894262307
41747,-0.038112000000000146,-0.024467181,0.013644818585634377,5.97804,6.934768,0.9567281999206543,6.26202,6.096222,-0.1657980761718747,0.034895199999999904,0.05108676,0.016191561057376957
41748,-0.048112000000000155,-0.024467181,0.023644818585634386,4.97804,6.934768,1.9567281999206543,3.3620199999999993,6.096222,2.7342019238281257,0.024895200000000006,0.05108676,0.026191561057376855
41749,-0.048112000000000155,-0.024467181,0.023644818585634386,4.378040000000002,6.934768,2.556728199920652,4.362019999999999,6.096222,1.7342019238281257,0.014895199999999997,0.05108676,0.036191561057376864
41823,0.058694000000000135,0.15361217,0.09491816664314257,19.70765,13.163793,-6.543857389831544,18.1997,13.248192,-4.951508166503906,0.1525301,0.104740255,-0.04778984541902542
41876,0.06793399999999994,0.07328322,0.005349217847347321,4.06833,8.521922,4.453592111511231,4.240360000000001,6.6622863,2.4219262815856926,0.02952010000000005,0.021150172,-0.008369928243255664
41908,0.009717700000000051,-0.0038738516,-0.013591551615935615,8.805240000000001,7.111572,-1.6936682112121595,8.571629999999999,6.8718023,-1.6998276699829091,0.09719449999999996,0.09165119,-0.00554331365299221
42007,-0.08114550000000009,-0.023556596,0.057588904331803414,6.02018,6.877379,0.8571989405822755,3.5999199999999973,5.40823,1.808309827880862,-0.01939920000000006,0.040530853,0.05993005297346121
42008,-0.10114550000000011,-0.023556596,0.07758890433180343,4.120180000000001,6.877379,2.757198940582274,0.9499199999999988,5.40823,4.458309827880861,-0.01939920000000006,0.040530853,0.05993005297346121
42009,-0.0911455000000001,-0.023556596,0.06758890433180342,4.620180000000001,6.877379,2.257198940582274,2.4499199999999988,5.40823,2.9583098278808606,0.030600799999999984,0.040530853,0.009930052973461168
42123,0.028456000000000037,0.04990043,0.021444431185960733,0.716190000000001,5.2584314,4.542241434631347,2.4027600000000007,7.4942107,5.091450720062255,0.0694509000000001,0.14993763,0.08048672969970694
42173,0.06238699999999997,0.073160574,0.010773573840141326,26.56568,10.594446,-15.971233817749024,19.40515,11.091665,-8.313484732055663,0.24145599999999995,0.12575847,-0.1156975308952331
42174,0.1023869999999999,0.073160574,-0.0292264261598586,10.38568,10.594446,0.20876618225097587,11.40515,11.091665,-0.31348473205566485,0.16145599999999993,0.12575847,-0.03569753089523309
42175,0.19238699999999997,0.073160574,-0.11922642615985868,16.77568,10.594446,-6.181233817749025,15.305150000000001,11.091665,-4.213484732055665,0.18145599999999995,0.12575847,-0.055697530895233105
