Ref_ID,delta_Voc_true,delta_Voc_pred,delta_Voc_error,delta_Jsc_true,delta_Jsc_pred,delta_Jsc_error,delta_PCE_true,delta_PCE_pred,delta_PCE_error,delta_FF_true,delta_FF_pred,delta_FF_error
20,0.10898999999999992,0.04625092,-0.06273907925724975,12.851590000000002,10.063991,-2.7875994070434587,10.28508,7.8692636,-2.4158163510131843,-0.006516399999999978,0.015884865,0.022401265075349786
22,-0.041154000000000135,-0.022509852,0.01864414757573618,13.580079999999999,11.708973,-1.8711070690917957,12.088349999999998,10.189242,-1.8991076370239242,0.10617929999999998,0.08785229,-0.01832700823717115
23,-0.07115400000000016,-0.022509852,0.04864414757573621,11.580079999999999,11.708973,0.1288929309082043,9.18835,10.189242,1.0008923629760744,0.059179300000000046,0.08785229,0.02867299176282878
24,-0.08115400000000017,-0.022509852,0.058644147575736216,11.250079999999997,11.708973,0.45889293090820615,8.18835,10.189242,2.0008923629760744,0.03317930000000002,0.08785229,0.054672991762828804
25,-0.051154000000000144,-0.022509852,0.02864414757573619,11.70008,11.708973,0.008892930908203311,10.388349999999999,10.189242,-0.19910763702392487,0.09517929999999997,0.08785229,-0.00732700823717114
26,-0.041154000000000135,-0.022509852,0.01864414757573618,13.580079999999999,11.708973,-1.8711070690917957,12.088349999999998,10.189242,-1.8991076370239242,0.10617929999999998,0.08785229,-0.01832700823717115
27,-0.08115400000000017,-0.022509852,0.058644147575736216,11.250079999999997,11.708973,0.45889293090820615,8.18835,10.189242,2.0008923629760744,0.03317930000000002,0.08785229,0.054672991762828804
72,-0.09866200000000003,0.0055578835,0.1042198835308552,5.228439999999999,8.739167,3.5107272134399423,2.2971799999999973,6.923323,4.6261431544494656,-0.004401800000000011,0.043215837,0.047617637329626095
89,0.021665000000000045,0.023958543,0.002293543315529778,8.310340000000004,9.08274,0.7723998300170862,7.1113,6.8938527,-0.217447289276123,0.045322799999999996,0.032807287,-0.012515513171243664
90,-0.07833500000000004,0.023958543,0.10229354331552987,5.310340000000004,9.08274,3.7723998300170862,2.9113000000000007,6.8938527,3.9825527107238763,0.01532279999999997,0.032807287,0.017484486828756363
91,-0.07833500000000004,0.023958543,0.10229354331552987,6.310340000000004,9.08274,2.7723998300170862,5.1113,6.8938527,1.782552710723877,0.07532280000000002,0.032807287,-0.04251551317124369
169,-0.028512000000000093,0.013228397,0.04174039688509712,6.381820000000001,8.573961,2.192141257934569,2.5964399999999976,5.910059,3.313618975219729,-0.06569219999999998,0.017945869,0.0836380688944578
170,-0.008512000000000075,0.013228397,0.021740396885097102,7.301820000000003,8.573961,1.2721412579345674,4.096439999999999,5.910059,1.8136189752197271,-0.04369219999999996,0.017945869,0.061638068894457776
171,0.04148799999999997,0.013228397,-0.028259603114902943,7.151820000000004,8.573961,1.422141257934566,5.9264399999999995,5.910059,-0.016381024780272924,0.018307800000000096,0.017945869,-0.00036193110554227914
267,-0.11485750000000006,-0.014211263,0.10064623742371803,5.84205,6.5970464,0.7549963752746578,2.4481800000000007,6.231509,3.7833292086791985,0.0021046999999999594,0.074428745,0.07232404461412434
297,0.012386999999999926,0.025257485,0.012870484987378195,8.535680000000003,9.61407,1.0783899386596651,6.09515,7.3261967,1.2310466705322263,-0.005544000000000104,0.036744792,0.04228879201436053
391,0.13438699999999992,0.023623155,-0.11076384457004063,5.09768,8.88656,3.788880440063476,6.34515,7.1155653,0.7704152999877927,0.024455999999999922,0.038569044,0.014113044321775514
411,-0.059236000000000066,0.001779084,0.06101508397745348,1.2597200000000015,5.092542,3.83282217147827,0.9736100000000008,3.8488436,2.875233574523925,0.04030109999999998,0.020304536,-0.019996563553071
412,-0.059236000000000066,0.001779084,0.06101508397745348,0.8897200000000005,5.092542,4.202822171478271,-0.37639000000000067,3.8488436,4.2252335745239264,0.0003011000000000541,0.020304536,0.020003436446928924
413,-0.08023599999999997,0.001779084,0.08201508397745338,0.8697200000000009,5.092542,4.2228221714782705,-1.6763900000000014,3.8488436,5.525233574523927,-0.03969889999999998,0.020304536,0.06000343644692896
414,-0.09223599999999998,0.001779084,0.0940150839774534,0.1297200000000025,5.092542,4.962822171478269,-2.706389999999999,3.8488436,6.555233574523925,-0.04969889999999999,0.020304536,0.07000343644692897
415,-0.09023599999999998,0.001779084,0.0920150839774534,1.149720000000002,5.092542,3.9428221714782694,-1.336389999999998,3.8488436,5.185233574523924,-0.029698899999999973,0.020304536,0.05000343644692895
475,0.04858899999999999,0.008042353,-0.04054664679461717,12.73254,7.853144,-4.87939583114624,13.378440000000001,7.689718,-5.6887222303771985,0.23888559999999992,0.10570423,-0.13318136694965355
529,-0.03254800000000002,0.025489327,0.05803732656645777,7.878070000000001,6.639554,-1.2385159762573252,7.11388,7.9924,0.8785201693725586,0.07242290000000007,0.119545504,0.04712260445079797
853,-0.007784999999999931,0.021604784,0.029389783833026817,8.338349999999998,9.44429,1.1059401611328141,6.567250000000001,6.7910376,0.22378755950927598,0.06626410000000005,0.007564859,-0.05869924100089674
854,-0.03778499999999996,0.021604784,0.059389783833026843,7.43835,9.44429,2.0059401611328127,4.247250000000001,6.7910376,2.5437875595092763,0.009264100000000108,0.007564859,-0.0016992410008968006
855,0.012215000000000087,0.021604784,0.009389783833026799,10.338349999999998,9.44429,-0.8940598388671859,7.3572500000000005,6.7910376,-0.5662124404907232,0.04126410000000014,0.007564859,-0.03369924100089683
919,-0.048904999999999976,0.037012894,0.08591789370656011,8.654140000000002,10.275575,1.6214346841430647,6.094740000000002,8.025774,1.9310340020751937,0.005674199999999963,0.05645825,0.050784049688148536
924,0.0955379999999999,0.104828455,0.009290454554081062,11.14883,10.123488,-1.0253415737915041,12.097650000000002,11.033195,-1.0644554580688492,0.06766990000000006,0.039688032,-0.027981867879533828
925,0.14553799999999995,0.104828455,-0.04070954544591898,10.548830000000002,10.123488,-0.4253415737915063,12.29765,11.033195,-1.2644554580688485,0.06366989999999995,0.039688032,-0.023981867879533714
926,0.0955379999999999,0.104828455,0.009290454554081062,10.748830000000002,10.123488,-0.6253415737915056,10.29765,11.033195,0.7355445419311515,0.002669900000000003,0.039688032,0.03701813212046623
927,0.12553799999999993,0.104828455,-0.020709545445918964,10.548830000000002,10.123488,-0.4253415737915063,11.197650000000001,11.033195,-0.16445545806884887,0.027669900000000025,0.039688032,0.012018132120466207
928,0.08553799999999989,0.104828455,0.01929045455408107,10.64883,10.123488,-0.5253415737915041,9.49765,11.033195,1.5355445419311522,-0.02433010000000002,0.039688032,0.06401813212046625
929,0.14553799999999995,0.104828455,-0.04070954544591898,10.64883,10.123488,-0.5253415737915041,12.197650000000001,11.033195,-1.1644554580688489,0.05466990000000005,0.039688032,-0.014981867879533817
930,0.10553799999999991,0.104828455,-0.0007095454459189465,11.14883,10.123488,-1.0253415737915041,10.597650000000002,11.033195,0.4355445419311508,-0.009330100000000008,0.039688032,0.04901813212046624
931,0.19553799999999988,0.104828455,-0.09070954544591892,10.548830000000002,10.123488,-0.4253415737915063,13.79765,11.033195,-2.7644554580688485,0.10166989999999998,0.039688032,-0.06198186787953375
932,0.10553799999999991,0.104828455,-0.0007095454459189465,10.14883,10.123488,-0.025341573791504146,10.89765,11.033195,0.13554454193115184,0.03566990000000003,0.039688032,0.0040181321204662
946,0.022823999999999955,0.037122473,0.014298473120689437,8.532060000000001,7.958046,-0.5740140405273451,10.913789999999999,10.061932,-0.8518583898925769,0.23265439999999993,0.17385727,-0.05879712832870476
949,0.01682399999999995,0.037122473,0.020298473120689442,6.882059999999999,7.958046,1.075985959472657,8.68379,10.061932,1.3781416101074218,0.16165439999999998,0.17385727,0.01220287167129519
950,0.03682399999999997,0.037122473,0.0002984731206894242,7.5720600000000005,7.958046,0.3859859594726558,9.583789999999999,10.061932,0.4781416101074232,0.1756544,0.17385727,-0.0017971283287048223
951,0.01682399999999995,0.037122473,0.020298473120689442,6.882059999999999,7.958046,1.075985959472657,8.68379,10.061932,1.3781416101074218,0.16165439999999998,0.17385727,0.01220287167129519
952,0.020823999999999954,0.037122473,0.01629847312068944,9.91206,7.958046,-1.954014040527344,11.60379,10.061932,-1.5418583898925782,0.2026544,0.17385727,-0.028797128328704846
1145,-0.03778499999999996,0.021604784,0.059389783833026843,7.84835,9.44429,1.5959401611328126,4.317250000000001,6.7910376,2.473787559509276,-0.03173590000000004,0.007564859,0.03930075899910335
1147,-0.047784999999999966,0.021604784,0.06938978383302685,7.958349999999999,9.44429,1.4859401611328131,4.387250000000002,6.7910376,2.4037875595092757,-0.027735899999999925,0.007564859,0.03530075899910323
1148,-0.047784999999999966,0.021604784,0.06938978383302685,7.34835,9.44429,2.0959401611328126,3.827250000000003,6.7910376,2.9637875595092744,-0.029735899999999926,0.007564859,0.037300758999103234
1149,-0.047784999999999966,0.021604784,0.06938978383302685,8.11835,9.44429,1.325940161132813,4.407250000000001,6.7910376,2.383787559509276,-0.036735900000000044,0.007564859,0.04430075899910335
1150,-0.047784999999999966,0.021604784,0.06938978383302685,7.948349999999998,9.44429,1.4959401611328147,4.0972500000000025,6.7910376,2.693787559509275,-0.04373589999999994,0.007564859,0.051300758999103246
1152,-0.07778499999999999,0.021604784,0.09938978383302688,7.968349999999997,9.44429,1.4759401611328151,3.4072500000000012,6.7910376,3.383787559509276,-0.04773589999999994,0.007564859,0.05530075899910325
1153,-0.047784999999999966,0.021604784,0.06938978383302685,7.858349999999998,9.44429,1.5859401611328146,4.05725,6.7910376,2.7337875595092775,-0.03373589999999993,0.007564859,0.04130075899910324
1166,-0.025123000000000006,0.03177243,0.05689543098616601,10.868780000000001,10.251479,-0.6173008511352549,8.71107,9.410687,0.6996174465942389,0.07799310000000004,0.07729114,-0.0007019615298271553
1241,-0.08093600000000001,0.015990136,0.0969261361912489,6.871929999999999,7.8503475,0.9784175189208995,4.97016,6.849332,1.8791718557739259,0.04375220000000002,0.09980382,0.0560516202524185
1242,-0.08093600000000001,0.015990136,0.0969261361912489,6.871929999999999,7.8503475,0.9784175189208995,4.97016,6.849332,1.8791718557739259,0.04375220000000002,0.09980382,0.0560516202524185
1352,0.011989999999999945,0.03703833,0.025048329988718088,5.66159,9.847259,4.185668567810058,3.0350800000000007,7.297908,4.262827829284667,-0.04651640000000001,0.02796787,0.07448427023544313
1354,-0.07801000000000013,0.03703833,0.11504832998871817,5.041590000000003,9.847259,4.805668567810056,0.07507999999999981,7.297908,7.222827829284668,-0.08451640000000005,0.02796787,0.11248427023544316
1356,-0.07951200000000003,0.015332819,0.09484481896263364,6.721820000000001,9.220713,2.498892661743163,3.0164399999999993,6.295539,3.2790989022827155,-0.04269220000000007,0.008998705,0.05169090507419116
1360,-0.049512,0.015332819,0.06484481896263361,11.831820000000004,9.220713,-2.61110733825684,6.716439999999999,6.295539,-0.4209010977172838,-0.06469219999999987,0.008998705,0.07369090507419096
1362,-0.08351200000000003,0.015332819,0.09884481896263364,6.031820000000003,9.220713,3.1888926617431608,1.0964399999999976,6.295539,5.199098902282717,-0.07769219999999999,0.008998705,0.08669090507419108
1363,-0.08051200000000014,0.015332819,0.09584481896263375,5.791820000000001,9.220713,3.4288926617431628,1.326439999999998,6.295539,4.969098902282717,-0.06269219999999998,0.008998705,0.07169090507419107
1365,-0.08851200000000015,0.015332819,0.10384481896263376,6.421820000000004,9.220713,2.79889266174316,1.6164400000000008,6.295539,4.679098902282714,-0.06669219999999998,0.008998705,0.07569090507419107
1507,0.012513999999999914,0.025306145,0.012792144729256716,9.17998,8.668869,-0.511110981445313,6.937480000000001,7.208398,0.2709178652954094,0.013848599999999989,0.0436632,0.02981459999098779
1612,-0.12320760000000008,-0.014873415,0.10833418476829537,6.627849999999999,6.2103286,-0.4175214210510241,6.314879999999999,5.7603474,-0.5545326336669909,0.16362789999999994,0.15697622,-0.006651677008056578
1613,0.025188999999999906,-0.004846229,-0.030035229217946435,7.72472,5.1989617,-2.525758265228271,2.6573899999999995,3.3754158,0.7180258020019537,-0.13557419999999998,0.028523555,0.16409775502545831
1614,-0.019187000000000065,-0.006707648,0.012479352184653347,1.9827999999999992,4.049254,2.066453940582276,0.860557,3.4109612,2.550404151123047,-0.01110600000000006,0.104790345,0.11589634483432776
1615,-0.09141730000000003,-0.048890088,0.04252721224646572,3.299900000000001,5.799088,2.4991880012512198,2.9269100000000012,4.4835353,1.556625289764403,0.09641650000000002,0.09028154,-0.006134961334705369
1616,0.10381299999999993,-0.006707648,-0.11052064781534665,2.912799999999999,4.049254,1.1364539405822764,5.190557,3.4109612,-1.7795958488769532,0.32689400000000013,0.104790345,-0.22210365516567243
1821,0.0823830000000001,0.0818739,-0.0005090988116265294,14.43186,12.428881,-2.00297930847168,14.66864,13.009681,-1.65895925201416,0.12868599999999997,0.114664786,-0.014021214436054197
1822,0.07238300000000009,0.0818739,0.00949090118837348,12.731859999999998,12.428881,-0.3029793084716772,12.71864,13.009681,0.29104074798583923,0.09768599999999994,0.114664786,0.01697878556394583
2024,0.031665000000000054,0.02301195,-0.008653049224019105,7.300340000000002,8.4359865,1.1356465188598612,6.0013000000000005,6.614017,0.6127170097351069,0.01532279999999997,0.02770179,0.012378989513230354
2025,0.031665000000000054,0.02301195,-0.008653049224019105,7.410340000000005,8.4359865,1.0256465188598582,5.0113,6.614017,1.6027170097351071,-0.034677199999999964,0.02770179,0.06237898951323029
2026,-0.04833500000000002,0.02301195,0.07134695077598097,7.190340000000003,8.4359865,1.2456465188598607,2.7113000000000014,6.614017,3.902717009735106,-0.0746772,0.02770179,0.10237898951323032
2027,0.18166500000000008,0.02301195,-0.15865304922401913,8.710340000000002,8.4359865,-0.2743534811401389,8.8613,6.614017,-2.2472829902648925,0.01532279999999997,0.02770179,0.012378989513230354
2028,0.05166500000000007,0.02301195,-0.028653049224019123,8.910340000000005,8.4359865,-0.47435348114014175,7.2113,6.614017,-0.5972829902648922,0.017322800000000083,0.02770179,0.010378989513230241
2029,0.0776650000000001,0.02301195,-0.054653049224019146,7.110340000000004,8.4359865,1.325646518859859,6.901299999999999,6.614017,-0.2872829902648917,0.03532279999999999,0.02770179,-0.007621010486769664
2030,0.0766650000000001,0.02301195,-0.053653049224019145,7.110340000000004,8.4359865,1.325646518859859,6.331300000000001,6.614017,0.28271700973510683,0.007322800000000074,0.02770179,0.02037898951323025
2031,0.04666500000000007,0.02301195,-0.023653049224019118,7.110340000000004,8.4359865,1.325646518859859,4.401299999999999,6.614017,2.2127170097351083,-0.06467719999999999,0.02770179,0.09237898951323031
2032,0.2016650000000001,0.02301195,-0.17865304922401914,8.810340000000004,8.4359865,-0.37435348114014033,9.7913,6.614017,-3.1772829902648922,0.0503228,0.02770179,-0.022621010486769677
2039,0.9943960000000001,0.43864256,-0.5557534385643006,31.257279999999994,24.792683,-6.464597352294916,13.1925,12.649498,-0.543002014160157,0.16212749999999998,0.15703134,-0.005096157612800578
2078,0.13155400000000006,0.097606376,-0.03394762418651587,25.90036,16.604605,-9.295755278930663,20.512600000000003,12.931341,-7.581258828735354,0.23002840000000002,0.09242951,-0.13759888875093462
2085,-0.0890740000000001,-0.020828638,0.06824536177420626,5.194769999999998,6.7335515,1.5387815022277849,10.043779999999998,7.3947177,-2.6490623066711407,0.23568959999999994,0.15554903,-0.08014056552371973
2086,-0.04907400000000006,-0.020828638,0.028245361774206224,5.894769999999998,6.7335515,0.8387815022277856,7.473779999999998,7.3947177,-0.07906230667114045,0.1626896,0.15554903,-0.007140565523719777
2087,-0.019074000000000035,-0.020828638,-0.0017546382257938031,7.694769999999998,6.7335515,-0.9612184977722151,9.503779999999999,7.3947177,-2.1090623066711416,0.1876896,0.15554903,-0.0321405655237198
2099,-0.04815400000000003,0.06461144,0.11276544238710406,4.81475,8.896079,4.081329063415527,4.805869999999999,9.454813,4.64894300354004,0.07766270000000008,0.12447055,0.046807846841621314
2115,-0.07377500000000015,0.02364646,0.09742146084606662,9.246040000000004,11.241198,1.995157586059566,8.62153,11.695332,3.073801573486328,0.09850879999999995,0.1137539,0.015245099931907702
2699,0.20542700000000003,0.11972908,-0.08569792069387439,17.65475,13.547397,-4.107353340148926,18.11934,15.467175,-2.6521654699707042,0.08701829999999988,0.14991032,0.06289201587123883
2757,-0.03398239999999997,-0.0086977,0.025284700244569747,10.1113,9.968097,-0.14320326690673824,7.798629999999999,7.412514,-0.38611579025268483,0.026508100000000034,0.07927336,0.052765257987403835
2837,-0.009128000000000025,0.06271656,0.07184455857563021,7.0259300000000025,9.221272,2.195342468566892,5.4815000000000005,7.2920685,1.810568481445312,0.025827899999999904,0.06070305,0.034875150345182515
2844,0.20542700000000003,0.11972908,-0.08569792069387439,18.69475,13.547397,-5.147353340148925,18.849339999999998,15.467175,-3.382165469970701,0.0990183,0.14991032,0.050892015871238705
2874,-8.900000000000574e-05,0.034831736,0.03492073623681069,7.625859999999999,9.084631,1.458770966186524,5.19356,8.192262,2.9987016958618167,-0.01323350000000001,0.09035233,0.10358582663154603
2875,0.06991100000000006,0.034831736,-0.03507926376318937,7.835859999999997,9.084631,1.2487709661865267,9.743559999999999,8.192262,-1.5512983041381823,0.18676649999999995,0.09035233,-0.09641417336845393
2876,0.08991099999999996,0.034831736,-0.05507926376318928,9.85586,9.084631,-0.7712290338134764,12.00356,8.192262,-3.811298304138184,0.2367665,0.09035233,-0.14641417336845397
2877,-0.057613000000000136,0.025257485,0.08287048498737826,6.955680000000001,9.61407,2.658389938659667,2.9451500000000017,7.3261967,4.381046670532225,-0.04854400000000003,0.036744792,0.08528879201436046
2900,0.03198999999999996,0.013440891,-0.01854910883098837,7.4415900000000015,8.531623,1.0900328866577134,6.205080000000001,6.7893147,0.5842347468566889,0.021483599999999936,0.040897164,0.019413564493799274
2901,-0.04801000000000011,0.013440891,0.0614508911690117,7.0615900000000025,8.531623,1.4700328866577124,3.9550800000000024,6.7893147,2.834234746856687,-0.014516399999999985,0.040897164,0.055413564493799194
3218,0.012386999999999926,0.023623155,0.011236155429959371,9.58568,8.88656,-0.6991195599365234,6.12515,7.1155653,0.9904152999877933,-0.041544000000000025,0.038569044,0.08011304432177546
3384,-0.007613000000000092,0.023623155,0.03123615542995939,9.075680000000002,8.88656,-0.1891195599365254,6.92515,7.1155653,0.1904152999877926,0.03145599999999993,0.038569044,0.007113044321775508
3385,-0.007613000000000092,0.023623155,0.03123615542995939,6.74568,8.88656,2.1408804400634764,5.50515,7.1155653,1.6104152999877925,0.04145599999999994,0.038569044,-0.002886955678224501
3415,0.002386999999999917,0.023623155,0.02123615542995938,7.2256800000000005,8.88656,1.660880440063476,10.00515,7.1155653,-2.8895847000122075,0.221456,0.038569044,-0.18288695567822455
3499,-0.022612999999999994,0.025257485,0.047870484987378115,8.705680000000001,9.61407,0.908389938659667,6.10515,7.3261967,1.2210466705322265,0.014455999999999913,0.036744792,0.022288792014360514
3503,0.055593399999999904,0.07498362,0.0193902191534997,10.060030000000001,9.307485,-0.7525453732299816,8.46496,8.555478,0.09051809600830119,0.033296800000000015,0.09328669,0.05998989309616087
3504,0.06326029999999994,0.101234905,0.03797460542173392,10.113310000000002,8.928919,-1.1843911614990255,8.83856,8.701366,-0.13719357543945243,0.0494325000000001,0.11594077,0.06650827199697484
3505,0.11307089999999997,0.10001438,-0.013056518889331792,7.685870000000001,8.152861,0.4669906414794909,8.282560000000002,8.33477,0.05221020263671683,0.07635189999999992,0.081278004,0.004926103752231681
3506,0.1269038,0.08326867,-0.043635127772140514,6.469799999999999,8.649123,2.1793231918334968,9.61413,8.1076765,-1.506453493957519,0.1857726999999999,0.115293354,-0.07047934620399465
3552,-0.071075,0.030167911,0.10124291120171547,3.4377199999999988,7.5624933,4.124773324279786,4.935819999999998,8.214126,3.278305633239748,0.14329009999999998,0.1282042,-0.015085903308486914
3553,-0.10107500000000003,0.030167911,0.1312429112017155,2.887719999999998,7.5624933,4.674773324279787,2.9458199999999977,8.214126,5.268305633239748,0.09829009999999994,0.1282042,0.029914096691513126
3554,-0.11107500000000003,0.030167911,0.1412429112017155,3.257719999999999,7.5624933,4.304773324279786,3.9958199999999984,8.214126,4.218305633239748,0.13129009999999997,0.1282042,-0.0030859033084869036
3568,-0.07761300000000015,0.023623155,0.10123615542995945,8.63568,8.88656,0.2508804400634759,4.60515,7.1155653,2.510415299987793,-0.018544000000000005,0.038569044,0.05711304432177544
3655,0.14238699999999993,0.025257485,-0.11712951501262181,11.075680000000002,9.61407,-1.461610061340334,11.82515,7.3261967,-4.498953329467774,0.14445599999999992,0.036744792,-0.10771120798563949
3697,0.04356000000000004,0.046797894,0.003237893941402392,9.923950000000001,10.064086,0.1401359603881822,13.021430000000002,10.1780615,-2.843368514709475,0.2727328,0.15385987,-0.11887293135433197
3698,0.06256000000000006,0.046797894,-0.015762106058597625,7.32395,10.064086,2.7401359603881836,10.021430000000002,10.1780615,0.15663148529052506,0.1657328,0.15385987,-0.011872931354331984
3699,0.04156000000000004,0.046797894,0.005237893941402394,8.223950000000002,10.064086,1.8401359603881815,9.521430000000002,10.1780615,0.6566314852905251,0.1377328,0.15385987,0.01612706864566804
3700,0.06056000000000006,0.046797894,-0.013762106058597623,10.52395,10.064086,-0.45986403961181566,12.221430000000002,10.1780615,-2.0433685147094742,0.22373279999999995,0.15385987,-0.06987293135433192
3701,0.04856000000000005,0.046797894,-0.0017621060585976123,8.423950000000001,10.064086,1.6401359603881822,8.021430000000002,10.1780615,2.156631485290525,0.1417328,0.15385987,0.012127068645668038
3709,-0.06148600000000015,0.015032494,0.07651849444067493,8.263110000000001,7.6791267,-0.5839832604980479,9.182830000000001,7.666656,-1.5161739826965341,0.18898579999999998,0.105483934,-0.08350186571674345
3789,-0.047784999999999966,0.020658191,0.06844319129347798,4.338349999999998,8.797539,4.45918875732422,1.707250000000002,6.602898,4.895648120880125,-0.07773589999999997,0.020141445,0.09787734510030743
3822,0.12687400000000004,0.10909727,-0.017776727842330975,13.205739999999999,12.451138,-0.7546024572753893,11.694909999999998,11.532068,-0.1628417474365218,0.06629810000000003,0.081893176,0.015595075840377781
3823,0.21777599999999997,0.116917446,-0.10085855374431607,13.50573,12.451138,-1.0545924572753904,13.27467,11.594331,-1.680339212341309,0.10399120000000006,0.08243223,-0.021558967202854218
3824,0.23875599999999997,0.13538685,-0.10336914558982846,14.405720000000004,12.451138,-1.9545824572753947,13.698649999999997,11.384272,-2.3143783782958955,0.09943730000000006,0.085732445,-0.0137048548791886
3825,0.26937999999999995,0.11881179,-0.15056820637464519,14.555710000000001,12.200959,-2.35475079437256,13.9799,11.5932455,-2.3866544937133796,0.0853756,0.08705883,0.001683227280998234
3826,0.260035,0.0997385,-0.16029649898767473,14.725700000000002,11.785236,-2.9404636413574234,14.618500000000001,11.53556,-3.082940345764161,0.14720520000000004,0.11304017,-0.0341650284363747
3827,0.3823869999999999,0.033777297,-0.3486097034568786,19.805680000000002,9.442046,-10.363633834533694,17.21515,7.749444,-9.465705992126466,0.13345600000000002,0.044281885,-0.08917411497211458
3903,-0.04657800000000001,0.008053139,0.054631138852119454,8.36578,9.793879,1.4280985552978507,6.605729999999999,7.9338636,1.3281336398315435,0.05507470000000003,0.051872704,-0.003201995821905168
3953,-0.08910499999999999,-0.021231027,0.06787397267997264,4.127230000000001,5.9684744,1.8412443881225578,2.9410600000000002,6.5540085,3.6129484838867185,0.053047100000000014,0.105284326,0.05223722577848433
3955,-0.019104999999999928,-0.021231027,-0.002126027320027424,5.227229999999999,5.9684744,0.7412443881225599,15.251060000000003,6.5540085,-8.697051516113284,0.5230471,0.105284326,-0.41776277422151564
4012,0.003422000000000036,-0.015620557,-0.019042556659996546,8.035780000000003,8.716569,0.6807889468383763,8.10573,7.5615306,-0.5441994099426264,0.10707470000000008,0.054645427,-0.05242927342863091
4028,0.05238699999999996,0.04152767,-0.010859330123186073,8.105680000000003,9.131882,1.0262017138671844,6.00515,7.613005,1.6078551612854,-0.028544000000000014,0.023207868,0.051751867518067374
4076,0.16574499999999992,0.05714429,-0.10860070830106727,8.708979999999997,10.400117,1.6911369204711946,10.226890000000001,7.2641296,-2.962760361328126,0.14256879999999994,0.042542066,-0.10002673357491487
4101,-0.007613000000000092,0.033777297,0.04139029654312143,5.4756800000000005,9.442046,3.966366165466308,6.03515,7.749444,1.7142940078735354,0.09445599999999998,0.044281885,-0.05017411497211455
4102,-0.057613000000000136,0.033777297,0.09139029654312147,4.625680000000003,9.442046,4.816366165466306,3.235150000000001,7.749444,4.514294007873534,0.03545600000000004,0.044281885,0.008825885027885394
4172,-0.07761300000000015,0.033777297,0.11139029654312149,5.805680000000002,9.442046,3.636366165466306,4.70515,7.749444,3.0442940078735354,0.07145599999999996,0.044281885,-0.027174114972114527
4174,-0.0176130000000001,0.033777297,0.05139029654312144,7.605680000000003,9.442046,1.8363661654663055,8.805150000000001,7.749444,-1.055705992126466,0.16345599999999993,0.044281885,-0.1191741149721145
4200,-0.08910499999999999,-0.037171956,0.05193304384827613,9.36723,8.892752,-0.47447830627441334,9.181060000000002,6.6574554,-2.5236045556640647,0.1630471,0.119528696,-0.043518404059028626
4237,0.05238699999999996,0.023623155,-0.028763844570040664,9.29568,8.88656,-0.40911955993652427,9.225150000000001,7.1155653,-2.109584700012208,0.10145599999999999,0.038569044,-0.06288695567822455
4239,0.2423869999999999,0.023623155,-0.2187638445700406,15.365680000000001,8.88656,-6.4791195599365246,16.04515,7.1155653,-8.929584700012207,0.271456,0.038569044,-0.23288695567822454
4300,0.08238699999999999,0.023623155,-0.05876384457004069,11.125680000000003,8.88656,-2.239119559936526,9.24515,7.1155653,-2.1295847000122077,0.02145599999999992,0.038569044,0.017113044321775517
4301,0.05181100000000005,0.044303242,-0.007507757882833532,10.29099,8.946685,-1.3443051626586922,7.8813200000000005,7.2577577,-0.6235623362731939,-0.003105399999999925,0.033390265,0.03649566495814316
4302,0.03376000000000001,0.06934744,0.03558744119644164,16.820030000000003,12.382618,-4.43741204956055,12.043650000000001,9.017321,-3.026329367065431,-0.013672399999999918,0.03616821,0.0498406102084159
4303,0.02191199999999993,0.017654007,-0.004257992699265412,7.332460000000001,7.825672,0.49321214965820204,5.6569,6.333144,0.6762441879272458,0.0072030000000000705,0.03555325,0.028350250461816717
4304,0.04074400000000011,0.050399154,0.009655154424667245,7.22297,7.825672,0.602702149658203,5.793099999999999,6.609629,0.8165291542053232,0.0024186000000000485,0.036513705,0.03409510480656619
4305,0.11630800000000008,0.05208332,-0.06422467908430107,12.079360000000001,8.951978,-3.127382270202638,10.468879999999999,7.261715,-3.2071650646972643,0.037999499999999964,0.03914224,0.0011427398388386134
4306,0.1023869999999999,0.023623155,-0.0787638445700406,12.785680000000003,8.88656,-3.8991195599365263,10.62515,7.1155653,-3.5095847000122067,0.03145599999999993,0.038569044,0.007113044321775508
4307,0.07181100000000007,0.044303242,-0.02750775788283355,11.090990000000001,8.946685,-2.144305162658693,8.781320000000001,7.2577577,-1.5235623362731943,0.0368946,0.033390265,-0.0035043350418567654
4310,0.08574400000000004,0.050399154,-0.035344845575332684,7.7029700000000005,7.825672,0.12270214965820259,7.363099999999999,6.609629,-0.753470845794677,0.05241859999999998,0.036513705,-0.015904895193433743
4311,-0.047784999999999966,0.034514047,0.08229904720544812,6.738349999999997,8.568287,1.8299368957519562,4.30725,7.1376514,2.8304014434814455,0.02226410000000001,0.04904659,0.02678249092426299
4376,0.15238699999999994,0.033777297,-0.1186097034568786,12.285680000000003,9.442046,-2.8436338345336942,13.86515,7.749444,-6.115705992126465,0.23145599999999994,0.044281885,-0.1871741149721145
4377,0.06238699999999997,0.033777297,-0.028609703456878632,10.955680000000001,9.442046,-1.5136338345336924,8.50515,7.749444,-0.7557059921264653,0.0014560000000000128,0.044281885,0.042825885027885424
4378,0.1023869999999999,0.033777297,-0.06860970345687856,11.355680000000003,9.442046,-1.9136338345336945,9.91515,7.749444,-2.1657059921264654,0.04145599999999994,0.044281885,0.0028258850278854997
4380,0.06181900000000007,0.07430877,0.012489767914771965,8.358890000000002,9.3754015,1.0165114968872047,10.89359,8.679413,-2.2141771582031247,0.21441880000000002,0.09864988,-0.11576891821985247
4381,0.011819000000000024,0.07430877,0.06248976791477201,8.158890000000003,9.3754015,1.216511496887204,8.493590000000001,8.679413,0.18582284179687392,0.12441880000000005,0.09864988,-0.0257689182198525
4382,0.04181900000000005,0.07430877,0.03248976791477198,7.7588900000000045,9.3754015,1.6165114968872025,8.09359,8.679413,0.5858228417968743,0.10441880000000003,0.09864988,-0.005768918219852481
4384,0.03181900000000004,0.07430877,0.04248976791477199,6.658890000000003,9.3754015,2.716511496887204,6.19359,8.679413,2.4858228417968746,0.05441879999999999,0.09864988,0.04423108178014756
4490,0.17257899999999993,0.098669164,-0.07390983611726754,5.286369999999998,8.820959,3.5345890911865254,6.121339999999998,6.6896286,0.5682886010742205,0.02713410000000005,0.00867488,-0.01845922044161563
4513,0.08238699999999999,0.025257485,-0.05712951501262187,14.005680000000002,9.61407,-4.391610061340334,14.465150000000001,7.3261967,-7.138953329467775,0.26145599999999997,0.036744792,-0.22471120798563954
4586,-0.02746599999999999,0.028733278,0.05619927769339084,8.646149999999999,9.852609,1.206458680725099,6.688349999999998,7.436249,0.747898779296877,0.06081619999999999,0.016415417,-0.04440078280563353
4587,-0.06746600000000003,0.028733278,0.09619927769339087,6.446149999999999,9.852609,3.4064586807250983,3.7883499999999977,7.436249,3.6478987792968773,0.02081619999999995,0.016415417,-0.004400782805633496
4813,-0.05746600000000002,0.028733278,0.08619927769339086,6.436149999999998,9.852609,3.4164586807251,3.1283499999999975,7.436249,4.3078987792968775,-0.021183800000000086,0.016415417,0.03759921719436654
4914,-0.10148600000000019,0.015032494,0.11651849444067497,2.14311,7.6791267,5.536016739501953,0.5528300000000002,7.666656,7.113826017303467,0.02698579999999995,0.105483934,0.07849813428325658
4915,-0.131486,0.015032494,0.14651849444067477,1.4631100000000004,7.6791267,6.216016739501953,-1.2271699999999974,7.666656,8.893826017303464,0.0029858000000000384,0.105483934,0.10249813428325649
5029,0.10914599999999985,0.090426594,-0.018719405981063697,10.6694,11.77022,1.1008198028564458,13.840419999999998,15.2577505,1.4173305111694354,0.1722325,0.25859484,0.08636234076499938
5037,0.09914599999999985,0.090426594,-0.008719405981063688,11.049399999999999,11.77022,0.7208198028564468,13.520419999999998,15.2577505,1.7373305111694357,0.14223249999999998,0.25859484,0.1163623407649994
5041,0.09914599999999985,0.090426594,-0.008719405981063688,11.4494,11.77022,0.3208198028564446,13.800419999999999,15.2577505,1.4573305111694346,0.1522325,0.25859484,0.1063623407649994
5045,0.10914599999999985,0.090426594,-0.018719405981063697,12.0594,11.77022,-0.2891801971435548,15.240419999999999,15.2577505,0.01733051116943507,0.20223250000000004,0.25859484,0.05636234076499935
5049,0.12914599999999987,0.090426594,-0.038719405981063715,12.139399999999998,11.77022,-0.3691801971435531,18.19042,15.2577505,-2.932669488830566,0.3622325,0.25859484,-0.10363765923500062
5053,0.1491459999999999,0.090426594,-0.05871940598106373,18.449399999999997,11.77022,-6.679180197143552,22.94042,15.2577505,-7.682669488830566,0.5522325,0.25859484,-0.2936376592350006
5351,0.09038699999999988,0.034052175,-0.05633482546162594,11.90568,9.209371,-2.6963093869018557,10.305150000000001,7.613005,-2.6921448387146008,0.051455999999999946,0.032734387,-0.018721613377094215
5560,-0.03778499999999996,0.021604784,0.059389783833026843,7.1183499999999995,9.44429,2.325940161132813,3.337250000000001,6.7910376,3.4537875595092764,-0.04873589999999994,0.007564859,0.05630075899910325
5676,0.9728413,0.407678,-0.5651632919204712,23.72903,14.300357,-9.428673135070802,3.978679999999999,7.596665,3.617984905548097,0.03912840000000006,0.07683336,0.037704959897136625
5682,0.030245000000000077,0.036263674,0.006018674497604293,3.5702,8.725798,5.155597653198242,7.330859999999998,8.997389,1.666528839721682,0.20142719999999992,0.1299982,-0.07142899290771476
5683,0.050245000000000095,0.036263674,-0.013981325502395725,7.670200000000001,8.725798,1.055597653198241,7.730859999999998,8.997389,1.2665288397216816,0.07142720000000002,0.1299982,0.05857100709228513
5686,0.050245000000000095,0.036263674,-0.013981325502395725,7.3702000000000005,8.725798,1.3555976531982417,9.330859999999998,8.997389,-0.333471160278318,0.1714272,0.1299982,-0.041428992907714846
5760,0.09701499999999996,0.06523098,-0.03178401948451992,6.271419999999999,12.152658,5.881238462524415,8.98863,13.551882,4.563251790161132,0.09765030000000008,0.12091287,0.0232625722548484
5848,0.09221500000000005,0.06171181,-0.030503189470768022,19.43835,15.053734,-4.384616174316406,15.407250000000001,12.349525,-3.057724548339845,0.1222641000000001,0.05589061,-0.06637349142107973
5849,0.09221500000000005,0.06171181,-0.030503189470768022,17.43835,15.053734,-2.384616174316406,13.807250000000002,12.349525,-1.4577245483398453,0.062264100000000044,0.05589061,-0.00637349142107968
5850,0.032215000000000105,0.06171181,0.02949681052923192,12.338349999999998,15.053734,2.7153838256835954,9.50725,12.349525,2.8422754516601554,0.02226410000000001,0.05589061,0.033626508578920355
5852,0.07221500000000014,0.06171181,-0.010503189470768115,16.238349999999997,15.053734,-1.1846161743164032,13.307250000000002,12.349525,-0.9577245483398453,-0.05773589999999995,0.05589061,0.11362650857892032
5854,0.05221500000000012,0.06171181,0.009496810529231903,15.538349999999998,15.053734,-0.4846161743164039,17.507250000000003,12.349525,-5.157724548339846,-0.14773589999999992,0.05589061,0.20362650857892028
5862,-0.03778499999999996,0.06171181,0.09949681052923198,24.81835,15.053734,-9.764616174316405,17.297250000000002,12.349525,-4.9477245483398455,-0.03773589999999993,0.05589061,0.0936265085789203
5934,0.03198999999999996,0.03703833,0.00504832998871807,6.221590000000003,9.847259,3.625668567810056,5.07508,7.297908,2.222827829284668,0.007483600000000035,0.02796787,0.02048427023544308
6211,-0.023965000000000014,0.06552627,0.08949126937627794,7.505700000000001,12.993146,5.487445942687987,4.698500000000001,9.852084,5.153584159851073,-0.013794799999999996,0.07176706,0.08556186194877624
6522,0.4982519999999999,0.17967212,-0.31857987799835197,10.35528,9.072957,-1.282322961120606,17.42244,12.563307,-4.859133191528322,0.3693009,0.22019531,-0.14910559167232512
6523,0.14825199999999994,0.17967212,0.03142012200164801,10.25528,9.072957,-1.1823229611206063,14.122440000000001,12.563307,-1.5591331915283213,0.34930089999999997,0.22019531,-0.1291055916723251
6524,0.40825199999999995,0.17967212,-0.228579877998352,10.55528,9.072957,-1.4823229611206052,13.622440000000001,12.563307,-1.0591331915283213,0.27930089999999996,0.22019531,-0.0591055916723251
6526,0.15825199999999995,0.17967212,0.021420122001648,10.05528,9.072957,-0.9823229611206052,13.122440000000001,12.563307,-0.5591331915283213,0.25930089999999995,0.22019531,-0.03910559167232508
6527,0.2282519999999999,0.17967212,-0.04857987799835195,10.25528,9.072957,-1.1823229611206063,14.422440000000002,12.563307,-1.859133191528322,0.22930089999999992,0.22019531,-0.009105591672325053
6529,-0.02074799999999999,0.17967212,0.20042012200164794,9.75528,9.072957,-0.6823229611206063,9.022440000000001,12.563307,3.5408668084716783,0.09930089999999991,0.22019531,0.12089440832767495
6530,-0.0027479999999999727,0.17967212,0.18242012200164792,9.995280000000001,9.072957,-0.9223229611206065,14.622440000000001,12.563307,-2.0591331915283213,0.13630089999999995,0.22019531,0.08389440832767492
6752,0.4248790000000001,0.119884774,-0.30499422591114056,14.211459999999999,13.818489,-0.3929709252929676,18.91837,15.259396,-3.658974400634765,0.24892409999999998,0.28759846,0.038674360912704486
6753,0.20487900000000014,0.119884774,-0.08499422591114059,9.211459999999999,13.818489,4.607029074707032,16.91837,15.259396,-1.658974400634765,0.37892410000000004,0.28759846,-0.09132563908729557
6755,-0.02512099999999995,0.119884774,0.1450057740888595,12.211459999999999,13.818489,1.6070290747070324,14.71837,15.259396,0.5410255993652342,0.2789241,0.28759846,0.00867436091270446
6756,0.24487900000000007,0.119884774,-0.12499422591114051,29.21146,13.818489,-15.392970925292968,23.91837,15.259396,-8.658974400634765,0.5789241,0.28759846,-0.2913256390872956
6757,0.4348790000000001,0.119884774,-0.31499422591114057,17.21146,13.818489,-3.3929709252929676,20.71837,15.259396,-5.458974400634766,0.31892410000000004,0.28759846,-0.031325639087295576
6758,0.1548790000000001,0.119884774,-0.03499422591114054,16.71146,13.818489,-2.8929709252929676,18.21837,15.259396,-2.958974400634766,0.2989241,0.28759846,-0.011325639087295558
6760,0.024879000000000095,0.119884774,0.09500577408885946,11.711459999999999,13.818489,2.1070290747070324,13.41837,15.259396,1.841025599365235,0.21892410000000007,0.28759846,0.0686743609127044
6762,0.05487900000000012,0.119884774,0.06500577408885944,12.31146,13.818489,1.507029074707031,11.21837,15.259396,4.041025599365234,0.10392410000000007,0.28759846,0.1836743609127044
6891,-0.0752130000000002,-0.032653864,0.04255913552689572,8.432690000000001,16.51967,8.086980486450194,8.211599999999997,8.725166,0.5135663208007841,0.11239939999999993,0.11014506,-0.002254337791824268
6892,-0.06521300000000019,-0.032653864,0.03255913552689571,28.762690000000003,16.51967,-12.243019513549807,9.851599999999998,8.725166,-1.1264336791992164,0.14139940000000006,0.11014506,-0.031254337791824405
6919,0.09238699999999989,0.025257485,-0.06712951501262177,8.40568,9.61407,1.2083899386596677,7.805150000000001,7.3261967,-0.4789533294677746,0.027455999999999925,0.036744792,0.009288792014360503
6920,0.1123869999999999,0.025257485,-0.08712951501262178,6.705680000000001,9.61407,2.908389938659667,6.50515,7.3261967,0.8210466705322261,0.0034560000000000146,0.036744792,0.03328879201436041
6921,0.12238699999999991,0.025257485,-0.09712951501262179,10.505680000000002,9.61407,-0.8916100613403337,9.40515,7.3261967,-2.0789533294677742,0.024455999999999922,0.036744792,0.012288792014360506
7018,0.198005,0.032414254,-0.16559074619889258,11.089310000000001,8.415745,-2.6735652185058605,11.917390000000001,7.147786,-4.7696038595581065,0.14189190000000007,0.1101785,-0.03171339958610542
7019,0.15400499999999984,0.032414254,-0.12159074619889243,8.869309999999999,8.415745,-0.45356521850585807,11.217390000000002,7.147786,-4.069603859558107,0.1988919,0.1101785,-0.08871339958610536
7022,0.010005000000000042,0.032414254,0.022409253801107365,2.139310000000002,8.415745,6.276434781494139,4.607390000000002,7.147786,2.540396140441892,0.12489190000000006,0.1101785,-0.014713399586105402
7023,0.004005000000000036,0.032414254,0.02840925380110737,2.1193099999999987,8.415745,6.296434781494142,2.0973900000000008,7.147786,5.050396140441894,0.01789190000000007,0.1101785,0.09228660041389458
7024,0.04500499999999996,0.032414254,-0.012590746198892555,3.05931,8.415745,5.356434781494141,4.307390000000002,7.147786,2.840396140441893,0.0608919,0.1101785,0.049286600413894655
7135,0.052458000000000005,0.1182289,0.06577089745235443,19.98927,18.802143,-1.187126903076173,18.55426,17.050312,-1.5039479577636712,0.1795405,0.16481158,-0.01472891862678527
7137,0.25945799999999997,0.1182289,-0.14122910254764554,25.98927,18.802143,-7.187126903076173,22.65426,17.050312,-5.603947957763673,0.21954050000000003,0.16481158,-0.054728918626785306
7145,-0.02778499999999995,0.05567893,0.08346393013358111,6.808349999999997,14.742245,7.933894720458987,4.14725,8.996414,4.849164184570313,-0.01073589999999991,0.10159142,0.11232732315387717
7146,0.042215000000000114,0.05567893,0.013463930133581048,7.698349999999998,14.742245,7.043894720458987,7.7272500000000015,8.996414,1.269164184570311,0.07726410000000006,0.10159142,0.0243273231538772
7147,0.07221500000000014,0.05567893,-0.01653606986641898,9.628349999999998,14.742245,5.113894720458987,11.417250000000001,8.996414,-2.4208358154296885,0.20026410000000006,0.10159142,-0.0986726768461228
7148,0.11221500000000006,0.05567893,-0.0565360698664189,21.06835,14.742245,-6.326105279541014,17.457250000000002,8.996414,-8.46083581542969,0.27426410000000007,0.10159142,-0.1726726768461228
7149,0.1522150000000001,0.05567893,-0.09653606986641894,28.43835,14.742245,-13.696105279541015,20.277250000000002,8.996414,-11.28083581542969,0.32526410000000006,0.10159142,-0.2236726768461228
7150,0.33221500000000015,0.05567893,-0.276536069866419,28.668349999999997,14.742245,-13.926105279541012,20.367250000000002,8.996414,-11.37083581542969,0.38726410000000006,0.10159142,-0.2856726768461228
7203,0.09221500000000005,0.029917074,-0.06229792563259606,17.83835,9.779763,-8.058586778259276,15.10725,7.8075953,-7.299654747009278,0.19226410000000005,0.041034214,-0.15122988580141072
7204,0.08421500000000015,0.029917074,-0.05429792563259617,17.038349999999998,9.779763,-7.258586778259275,13.407250000000001,7.8075953,-5.599654747009279,0.062264100000000044,0.041034214,-0.02122988580141072
7226,-0.07351200000000002,0.013228397,0.08674039688509705,5.481820000000003,8.573961,3.0921412579345677,1.40644,5.910059,4.503618975219727,-0.05369219999999997,0.017945869,0.07163806889445778
7227,-0.08951200000000004,0.013228397,0.10274039688509706,5.031820000000003,8.573961,3.542141257934567,0.3064399999999985,5.910059,5.603618975219728,-0.07169219999999998,0.017945869,0.0896380688944578
7480,0.09468699999999985,0.05599232,-0.038694679820060585,23.459100000000003,18.907127,-4.551972619628909,20.52853,16.00102,-4.527509568481445,0.3218311,0.22766457,-0.0941665250192642
7481,0.07468699999999995,0.05599232,-0.018694679820060678,25.1691,18.907127,-6.2619726196289065,21.25853,16.00102,-5.257509568481446,0.3348311,0.22766457,-0.10716652501926421
7482,0.06730300000000011,-0.019692583,-0.08699558300960075,20.00581,11.13527,-8.870539881286621,19.58326,9.832723,-9.750537336120605,0.2944346,0.08879862,-0.20563598019323348
7483,-0.032696999999999976,-0.019692583,0.013004416990399337,12.905810000000002,11.13527,-1.7705398812866235,10.08326,9.832723,-0.2505373361206047,0.014434599999999964,0.08879862,0.07436401980676655
7484,-0.012696999999999958,-0.019692583,-0.006995583009600681,10.20581,11.13527,0.9294601187133793,9.683259999999999,9.832723,0.14946266387939566,0.08443460000000003,0.08879862,0.004364019806766484
7487,-0.042696999999999985,-0.019692583,0.023004416990399346,11.20581,11.13527,-0.0705398812866207,9.183259999999999,9.832723,0.6494626638793957,0.04443459999999999,0.08879862,0.04436401980676652
7489,-0.0026969999999999494,-0.019692583,-0.01699558300960069,9.805810000000001,11.13527,1.3294601187133779,8.18326,9.832723,1.6494626638793939,0.024434599999999973,0.08879862,0.06436401980676654
7490,-0.032696999999999976,-0.019692583,0.013004416990399337,8.605810000000002,11.13527,2.529460118713377,7.083259999999999,9.832723,2.7494626638793953,0.03443459999999998,0.08879862,0.05436401980676653
7498,0.074847,0.052864134,-0.02198286568832397,5.09113,7.270583,2.1794531527709964,6.153739999999999,6.4629664,0.3092264421081552,0.06595679999999993,0.0377006,-0.02825619907789223
7548,0.10630499999999998,0.09493048,-0.011374522559642775,10.098029999999998,12.007673,1.9096432635498068,12.352540000000001,13.830723,1.4781828088378894,0.11033899999999996,0.13824081,0.02790181420898441
7550,0.136305,0.09493048,-0.0413745225596428,10.438029999999998,12.007673,1.569643263549807,12.64254,13.830723,1.1881828088378903,0.09033900000000006,0.13824081,0.04790181420898432
7552,0.06630500000000006,0.09493048,0.02862547744035715,13.968029999999999,12.007673,-1.9603567364501941,15.34254,13.830723,-1.511817191162109,0.17033900000000002,0.13824081,-0.03209818579101564
7644,0.37889000000000006,0.20810327,-0.17078673066139227,10.965449999999999,10.389093,-0.5763566009521472,15.82344,12.915391,-2.908049031677246,0.30043050000000004,0.21718985,-0.0832406515769959
7645,0.29489,0.20810327,-0.0867867306613922,14.565449999999998,10.389093,-4.176356600952147,15.77344,12.915391,-2.858049031677247,0.21243049999999997,0.21718985,0.004759348423004184
7762,-0.03761300000000012,0.023623155,0.061236155429959416,7.435680000000001,8.88656,1.4508804400634752,3.8851499999999994,7.1155653,3.2304152999877935,-0.03254400000000013,0.038569044,0.07111304432177556
7763,-0.02761300000000011,0.023623155,0.05123615542995941,8.035680000000003,8.88656,0.8508804400634737,3.895150000000001,7.1155653,3.220415299987792,-0.06154400000000004,0.038569044,0.10011304432177548
7764,-0.03761300000000012,0.023623155,0.061236155429959416,7.985680000000002,8.88656,0.9008804400634745,3.815149999999999,7.1155653,3.300415299987794,-0.06654400000000005,0.038569044,0.10511304432177548
7766,-0.02761300000000011,0.023623155,0.05123615542995941,11.125680000000003,8.88656,-2.239119559936526,8.11515,7.1155653,-0.9995847000122069,0.04145599999999994,0.038569044,-0.002886955678224501
7767,-0.02761300000000011,0.023623155,0.05123615542995941,17.95568,8.88656,-9.069119559936524,13.195150000000002,7.1155653,-6.079584700012209,0.07145599999999996,0.038569044,-0.03288695567822453
7768,-0.04761300000000013,0.023623155,0.07123615542995942,5.3456800000000015,8.88656,3.540880440063475,1.265150000000002,7.1155653,5.850415299987791,-0.08454399999999995,0.038569044,0.12311304432177539
7946,-0.09579500000000007,-0.021803452,0.07399154829800136,3.6104699999999994,5.864443,2.2539728253173834,1.0476099999999988,5.419464,4.371854111328126,0.0007224000000000119,0.08818668,0.08746428127059935
8023,0.04838699999999996,0.023623155,-0.02476384457004066,5.99568,8.88656,2.8908804400634764,7.78515,7.1155653,-0.6695847000122068,0.1314559999999999,0.038569044,-0.09288695567822447
8032,0.00044200000000005346,0.034855153,0.03441315341162676,7.178659999999997,8.990148,1.8114875906372099,7.678690000000001,10.049595,2.3709048791503893,0.0050736000000000114,0.0619682,0.056894599908733356
8034,0.04044200000000009,0.034855153,-0.005586846588373273,9.298659999999998,8.990148,-0.3085124093627911,12.72869,10.049595,-2.6790951208496097,0.10007359999999998,0.0619682,-0.03810540009126662
8057,0.0542450000000001,0.051606268,-0.0026387323093415294,4.586269999999999,8.51333,3.9270604595947276,7.649840000000001,9.156844,1.50700413909912,0.16017380000000003,0.15085843,-0.00931536794548038
8058,0.012959000000000165,0.05858379,0.04562478857374175,10.168589999999998,10.784471,0.6158805581665057,9.86852,11.837228,1.9687078213500975,0.06296540000000006,0.15837583,0.09541042945823663
8086,-0.030613,0.04152767,0.07214066987681389,6.105680000000003,9.131882,3.0262017138671844,2.305150000000001,7.613005,5.307855161285399,-0.06354400000000004,0.023207868,0.0867518675180674
8087,-0.014612999999999987,0.04152767,0.056140669876813876,6.705680000000001,9.131882,2.4262017138671865,3.605150000000002,7.613005,4.0078551612853985,-0.03554400000000002,0.023207868,0.05875186751806738
8088,-0.023613000000000106,0.04152767,0.065140669876814,6.105680000000003,9.131882,3.0262017138671844,2.905149999999999,7.613005,4.707855161285401,-0.04354400000000003,0.023207868,0.06675186751806739
8167,0.2214879999999999,0.0904853,-0.1310027028565406,8.641820000000003,9.469671,0.8278512493896457,11.51644,9.072383,-2.4440570730590814,0.10030780000000006,0.05361748,-0.04669031885771757
8168,0.3414879999999999,0.0904853,-0.2510027028565406,9.041820000000001,9.469671,0.42785124938964714,13.01644,9.072383,-3.9440570730590814,0.16330780000000011,0.05361748,-0.10969031885771763
8169,0.2214879999999999,0.0904853,-0.1310027028565406,12.641820000000003,9.469671,-3.1721487506103543,12.51644,9.072383,-3.4440570730590814,0.041307800000000006,0.05361748,0.01230968114228248
8177,-0.03899000000000008,0.012066904,0.051056904455423435,8.26493,10.960625,2.695694694824219,5.796899999999999,7.5362234,1.7393234115600595,0.019842499999999985,-0.027292518,-0.04713501794517039
8178,0.16101,0.012066904,-0.14894309554457663,23.96493,10.960625,-13.00430530517578,16.596899999999998,7.5362234,-9.06067658843994,-0.3101575,-0.027292518,0.2828649820548296
8179,0.06101000000000001,0.012066904,-0.048943095544576654,15.00493,10.960625,-4.044305305175781,10.306899999999999,7.5362234,-2.7706765884399402,-0.07015749999999998,-0.027292518,0.04286498205482958
8181,-0.03899000000000008,0.012066904,0.051056904455423435,7.08493,10.960625,3.875694694824219,5.286899999999999,7.5362234,2.2493234115600593,0.0398425,-0.027292518,-0.0671350179451704
8182,-0.03899000000000008,0.012066904,0.051056904455423435,7.124929999999999,10.960625,3.8356946948242197,5.4169,7.5362234,2.1193234115600585,0.0398425,-0.027292518,-0.0671350179451704
8199,-0.05008900000000005,0.034831736,0.08492073623681073,9.17586,9.084631,-0.09122903381347669,7.67356,8.192262,0.5187016958618162,0.08676649999999997,0.09035233,0.003585826631546052
8201,0.09991099999999997,0.034831736,-0.06507926376318929,10.69586,9.084631,-1.6112290338134763,12.54356,8.192262,-4.351298304138183,0.21676649999999997,0.09035233,-0.12641417336845395
8247,0.002386999999999917,0.025257485,0.022870484987378203,9.105680000000003,9.61407,0.5083899386596649,6.805150000000001,7.3261967,0.5210466705322254,0.016455999999999915,0.036744792,0.020288792014360513
8254,0.032386999999999944,0.025257485,-0.007129515012621823,9.605680000000003,9.61407,0.008389938659664864,8.70515,7.3261967,-1.3789533294677732,0.08145599999999997,0.036744792,-0.044711207985639545
8329,0.06221500000000013,0.021604784,-0.040610216166973245,6.3683499999999995,9.44429,3.075940161132813,7.907250000000001,6.7910376,-1.1162124404907239,0.11326410000000009,0.007564859,-0.10569924100089678
8330,-0.047784999999999966,0.021604784,0.06938978383302685,5.958349999999999,9.44429,3.485940161132813,6.207250000000002,6.7910376,0.5837875595092754,0.11226410000000009,0.007564859,-0.10469924100089678
8647,-0.015009999999999968,0.042515397,0.05752539707183835,10.32159,12.467035,2.145445293579101,7.48508,9.976207,2.4911267794799805,0.019483599999999934,0.04530839,0.025824788769626683
8700,-0.09778500000000001,0.021604784,0.1193897838330269,7.898349999999997,9.44429,1.5459401611328154,3.6072500000000005,6.7910376,3.183787559509277,-0.02273589999999992,0.007564859,0.030300758999103228
8701,-0.09778500000000001,0.021604784,0.1193897838330269,6.958349999999999,9.44429,2.485940161132813,1.9072500000000012,6.7910376,4.883787559509276,-0.06373589999999985,0.007564859,0.07130075899910315
8755,0.06088300000000002,0.0154721495,-0.04541085052359106,5.277709999999999,7.671604,2.3938941564941416,6.316690000000001,7.7999954,1.48330542236328,0.0613556999999999,0.10616698,0.044811281160640815
8756,0.002215000000000078,0.020658191,0.018443191293477934,6.43835,8.797539,2.359188757324219,3.497250000000001,6.602898,3.105648120880126,-0.04773589999999994,0.020141445,0.0678773451003074
8757,-0.01778499999999994,0.020658191,0.03844319129347795,9.828349999999997,8.797539,-1.030811242675778,6.567250000000001,6.602898,0.03564812088012559,-0.007735899999999907,0.020141445,0.02787734510030737
8766,0.12303000000000008,0.08731694,-0.03571306225538262,17.38507,14.090931,-3.294139061279296,16.80032,14.352142,-2.4481776660156243,0.15565819999999997,0.13654073,-0.019117474172782867
8767,0.09303000000000006,0.08731694,-0.005713062255382595,16.48507,14.090931,-2.394139061279297,15.900319999999999,14.352142,-1.548177666015624,0.12565819999999994,0.13654073,0.01088252582721716
8768,0.08303000000000016,0.08731694,0.004286937744617303,15.285070000000001,14.090931,-1.194139061279298,15.000319999999999,14.352142,-0.6481776660156235,0.10565820000000004,0.13654073,0.030882525827217067
8769,0.07303000000000015,0.08731694,0.014286937744617312,14.48507,14.090931,-0.3941390612792972,14.30032,14.352142,0.051822333984375746,0.09565820000000003,0.13654073,0.040882525827217076
8773,0.08303000000000016,0.08731694,0.004286937744617303,14.68507,14.090931,-0.5941390612792965,14.30032,14.352142,0.051822333984375746,0.09565820000000003,0.13654073,0.040882525827217076
8774,0.06303000000000014,0.08731694,0.02428693774461732,13.68507,14.090931,0.4058609387207035,13.400319999999999,14.352142,0.9518223339843761,0.09565820000000003,0.13654073,0.040882525827217076
8775,0.09303000000000006,0.08731694,-0.005713062255382595,14.98507,14.090931,-0.8941390612792972,14.700319999999998,14.352142,-0.34817766601562283,0.10565820000000004,0.13654073,0.030882525827217067
8819,-0.0717620000000001,-0.054746695,0.017015305137157544,9.75629,6.8428607,-2.9134293013000487,8.558089999999998,5.8923125,-2.6657774732971173,0.08970110000000009,0.05940483,-0.030296268620348066
8831,0.03707080000000007,0.014545735,-0.022525065028238367,7.439170000000004,8.720777,1.281606557922359,8.10021,8.492175,0.39196510223388614,0.10348449999999998,0.104659855,0.0011753553657531945
8833,0.007070800000000044,0.014545735,0.00747493497176166,6.939170000000004,8.720777,1.781606557922359,7.340210000000001,8.492175,1.151965102233886,0.10048450000000009,0.104659855,0.004175355365753086
8849,-0.004813999999999874,-0.028142326,-0.023328325580120213,17.73925,13.428669,-4.31058102416992,16.73725,13.582195,-3.1550547180175776,0.1379144,0.112278245,-0.025636154610538475
8850,-0.023217699999999897,-6.591319e-05,0.023151786808934705,10.888630000000003,10.692022,-0.19660767639160426,9.35089,9.551712,0.2008220361328128,0.06411140000000004,0.1258001,0.061688702949142415
8851,-0.027660999999999936,0.008172746,0.035833745816409523,10.336780000000001,10.520154,0.1833739993286123,8.704699999999999,9.82583,1.1211304595947276,0.04876780000000003,0.09481246,0.04604466024370191
8852,-0.010661000000000032,0.008172746,0.01883374581640962,11.746780000000001,10.520154,-1.2266260006713878,10.3547,9.82583,-0.5288695404052728,0.05876780000000004,0.09481246,0.0360446602437019
8853,-0.04739899999999997,0.014325458,0.061724457625091045,11.47148,10.363019,-1.1084610104370114,9.756269999999999,10.017805,0.2615350994873058,0.0933676,0.13932477,0.04595716937770844
9062,0.21238699999999988,0.079703115,-0.13268388507318485,25.805680000000002,17.777435,-8.028244697265627,19.80515,14.643487,-5.161663023376466,0.42145599999999994,0.22905035,-0.19240564683055872
9063,0.09238699999999989,0.079703115,-0.012683885073184853,13.805680000000002,17.777435,3.9717553027343726,12.10515,14.643487,2.538336976623535,0.10145599999999999,0.22905035,0.12759435316944123
9064,0.2223869999999999,0.079703115,-0.14268388507318486,23.405680000000004,17.777435,-5.628244697265629,18.40515,14.643487,-3.761663023376464,0.221456,0.22905035,0.007594353169441237
9065,0.09238699999999989,0.079703115,-0.012683885073184853,13.605680000000001,17.777435,4.171755302734374,15.305150000000001,14.643487,-0.661663023376466,0.331456,0.22905035,-0.10240564683055875
9066,0.05238699999999996,0.079703115,0.02731611492681507,12.505680000000002,17.777435,5.271755302734373,13.20515,14.643487,1.4383369766235354,0.23145599999999994,0.22905035,-0.0024056468305587164
9080,-0.03761300000000012,0.025257485,0.06287048498737824,6.525680000000001,9.61407,3.0883899386596667,5.3351500000000005,7.3261967,1.991046670532226,0.051455999999999946,0.036744792,-0.014711207985639518
9090,0.12148799999999993,0.015332819,-0.10615518103736632,13.471820000000003,9.220713,-4.251107338256839,13.72644,6.295539,-7.430901097717285,0.19930780000000003,0.008998705,-0.19030909492580894
9093,0.012386999999999926,0.023623155,0.011236155429959371,12.645680000000002,8.88656,-3.7591195599365257,10.635150000000001,7.1155653,-3.5195847000122082,0.09645599999999999,0.038569044,-0.05788695567822455
9094,0.012386999999999926,0.023623155,0.011236155429959371,12.325680000000002,8.88656,-3.4391195599365254,9.645150000000001,7.1155653,-2.529584700012208,0.04345599999999994,0.038569044,-0.004886955678224503
9097,-0.028512000000000093,0.013228397,0.04174039688509712,7.221820000000001,8.573961,1.3521412579345693,5.696439999999999,5.910059,0.2136189752197275,0.04630780000000001,0.017945869,-0.028361931105542193
9099,-0.05851200000000012,0.013228397,0.07174039688509715,5.671820000000004,8.573961,2.9021412579345665,1.9864399999999982,5.910059,3.9236189752197284,-0.04369219999999996,0.017945869,0.061638068894457776
9100,-0.05851200000000012,0.013228397,0.07174039688509715,6.641820000000003,8.573961,1.9321412579345676,3.0864399999999996,5.910059,2.823618975219727,-0.03369219999999995,0.017945869,0.05163806889445777
9101,-0.04851200000000011,0.013228397,0.06174039688509714,7.031820000000003,8.573961,1.542141257934567,3.5964399999999976,5.910059,2.313618975219729,-0.03169219999999995,0.017945869,0.049638068894457765
9106,-0.03761300000000012,0.022533458,0.06014645772624028,6.33568,8.554733,2.2190532763671875,1.8051500000000011,4.2106485,2.4054985366821278,-0.08854400000000007,-0.01980573,0.0687382706108094
9107,-0.057613000000000136,0.022533458,0.0801464577262403,7.425680000000003,8.554733,1.129053276367184,2.805150000000001,4.2106485,1.4054985366821278,-0.06854400000000005,-0.01980573,0.048738270610809376
9108,0.04238699999999995,0.022533458,-0.019853542273759794,6.705680000000001,8.554733,1.8490532763671865,4.305150000000001,4.2106485,-0.09450146331787224,-0.04854400000000003,-0.01980573,0.028738270610809358
9109,0.002386999999999917,0.022533458,0.02014645772624024,6.505680000000002,8.554733,2.049053276367186,3.7051499999999997,4.2106485,0.5054985366821292,-0.03854400000000002,-0.01980573,0.01873827061080935
9110,-0.03761300000000012,0.022533458,0.06014645772624028,6.505680000000002,8.554733,2.049053276367186,3.305150000000001,4.2106485,0.9054985366821278,-0.028544000000000014,-0.01980573,0.00873827061080934
9111,-0.0176130000000001,0.022533458,0.04014645772624026,6.505680000000002,8.554733,2.049053276367186,3.2051499999999997,4.2106485,1.0054985366821292,-0.04854400000000003,-0.01980573,0.028738270610809358
9113,-0.04761300000000013,0.022533458,0.07014645772624029,5.305680000000002,8.554733,3.249053276367185,0.7051499999999997,4.2106485,3.505498536682129,-0.08854400000000007,-0.01980573,0.0687382706108094
9114,-0.06761300000000015,0.022533458,0.0901464577262403,6.105680000000003,8.554733,2.4490532763671844,1.5051500000000004,4.2106485,2.7054985366821285,-0.06854400000000005,-0.01980573,0.048738270610809376
9138,-0.044613000000000014,0.026184315,0.07079731486189367,6.235680000000002,7.8852386,1.6495586474609354,2.675150000000002,5.995615,3.320465005493162,-0.041544000000000025,0.010630046,0.052174046017468
9224,-0.0782830000000001,0.027688231,0.10597123131918917,7.660720000000001,9.941337,2.280616631774901,3.738900000000001,7.520456,3.781555837249755,-0.024994799999999984,0.022208998,0.047203797979760154
9226,-0.048283000000000076,0.027688231,0.07597123131918915,8.160720000000001,9.941337,1.780616631774901,4.238899999999999,7.520456,3.2815558372497566,-0.0449948,0.022208998,0.06720379797976017
9783,-0.057613000000000136,0.04123723,0.09885023134398474,7.305680000000002,8.822448,1.5167677767944312,2.5051500000000004,7.65032,5.1451700531005855,-0.07854400000000006,0.07618358,0.15472757986211783
9785,-0.11761299999999997,-0.02485533,0.09275766941356656,6.805680000000002,8.154995,1.349314964599607,1.0051500000000004,5.3354692,4.330319245910644,-0.07854400000000006,0.008655928,0.08719992807531363
9787,-0.09761300000000017,0.04123723,0.13885023134398478,6.805680000000002,8.822448,2.016767776794431,1.6051500000000019,7.65032,6.045170053100584,-0.06854400000000005,0.07618358,0.14472757986211782
9867,0.14238699999999993,0.025257485,-0.11712951501262181,11.72568,9.61407,-2.1116100613403326,10.03515,7.3261967,-2.7089533294677732,0.20145599999999997,0.036744792,-0.16471120798563954
9916,-0.06761300000000015,0.023623155,0.09123615542995944,5.33568,8.88656,3.5508804400634766,2.805150000000001,7.1155653,4.310415299987792,0.005456000000000016,0.038569044,0.03311304432177542
9918,-0.04761300000000013,0.023623155,0.07123615542995942,5.705680000000001,8.88656,3.1808804400634756,3.105150000000002,7.1155653,4.010415299987791,0.0014560000000000128,0.038569044,0.037113044321775424
9919,-0.03761300000000012,0.023623155,0.061236155429959416,5.285680000000003,8.88656,3.6008804400634737,4.20515,7.1155653,2.9104152999877932,0.04345599999999994,0.038569044,-0.004886955678224503
9955,-0.08901000000000003,0.0018715097,0.09088150971032682,6.16159,9.027056,2.865465740356445,1.775079999999999,5.7780666,4.002986635131837,-0.048516400000000015,0.019414237,0.06793063676908018
9956,-0.11600999999999995,0.0018715097,0.11788150971032674,7.261590000000002,9.027056,1.7654657403564435,2.2050800000000024,5.7780666,3.5729866351318336,-0.05051640000000013,0.019414237,0.06993063676908029
10212,-0.03761300000000012,0.025257485,0.06287048498737824,7.935680000000001,9.61407,1.6783899386596666,3.8451500000000003,7.3261967,3.4810466705322263,-0.05554400000000004,0.036744792,0.09228879201436047
10237,-0.02761300000000011,0.025257485,0.05287048498737823,8.185680000000001,9.61407,1.4283899386596666,5.03515,7.3261967,2.2910466705322268,-0.006543999999999994,0.036744792,0.04328879201436042
10243,-0.06761300000000015,0.025257485,0.09287048498737827,7.855680000000003,9.61407,1.7583899386596649,3.5451499999999996,7.3261967,3.781046670532227,-0.04654400000000003,0.036744792,0.08328879201436046
10248,-0.06761300000000015,0.025257485,0.09287048498737827,7.855680000000003,9.61407,1.7583899386596649,3.5451499999999996,7.3261967,3.781046670532227,-0.04654400000000003,0.036744792,0.08328879201436046
10596,0.13920299999999997,0.07183905,-0.06736395054149624,4.226890000000001,4.042316,-0.184574040069581,9.69497,7.616809,-2.078161108703613,0.20916060000000003,0.1625012,-0.046659398966407806
10597,0.16020299999999998,0.07183905,-0.08836395054149626,4.3768899999999995,4.042316,-0.3345740400695796,11.15497,7.616809,-3.5381611087036138,0.26916059999999997,0.1625012,-0.10665939896640775
10598,0.11620299999999995,0.07183905,-0.04436395054149622,3.7868899999999996,4.042316,0.2554259599304203,7.76497,7.616809,-0.1481611087036132,0.13816060000000008,0.1625012,0.024340601033592146
10599,0.13920299999999997,0.07183905,-0.06736395054149624,3.8768899999999995,4.042316,0.16542595993042042,8.77497,7.616809,-1.158161108703613,0.1691606,0.1625012,-0.00665939896640777
10600,-0.009797000000000056,0.07183905,0.08163604945850378,2.7768900000000016,4.042316,1.2654259599304183,3.8249700000000004,7.616809,3.7918388912963863,0.07716059999999991,0.1625012,0.08534060103359231
10601,0.00020299999999995322,0.07183905,0.07163604945850377,3.046890000000001,4.042316,0.9954259599304187,5.394970000000001,7.616809,2.221838891296386,0.12916059999999996,0.1625012,0.033340601033592265
10602,0.00020299999999995322,0.07183905,0.07163604945850377,4.01689,4.042316,0.02542595993041985,6.02497,7.616809,1.591838891296387,0.12916059999999996,0.1625012,0.033340601033592265
10603,0.14020299999999997,0.07183905,-0.06836395054149624,4.986889999999999,4.042316,-0.944574040069579,11.00497,7.616809,-3.3881611087036134,0.25916059999999996,0.1625012,-0.09665939896640774
10628,0.07325700000000013,0.04005412,-0.033202879876613745,10.961200000000003,9.526663,-1.4345371734619174,11.059470000000001,9.642266,-1.4172037265014659,0.12064750000000002,0.13555926,0.014911760845184308
10667,-0.07778499999999999,0.020658191,0.098443191293478,6.238349999999997,8.797539,2.559188757324222,1.5072500000000026,6.602898,5.095648120880124,-0.06773589999999996,0.020141445,0.08787734510030742
10923,-0.00012699999999998823,-0.00079498877,-0.0006679887658469497,3.0378700000000016,7.0151863,3.9773163098144515,3.4859299999999998,6.805568,3.3196382182312014,0.08053949999999999,0.063050106,-0.017489393832206712
11012,-0.02761300000000011,0.07121056,0.09882356318283092,7.805680000000002,10.661715,2.8560345538330054,4.20515,10.876263,6.671112664794922,-0.03854400000000002,0.11177565,0.15031965157413485
11140,-0.08963300000000007,-0.014416137,0.07521686322110899,7.340070000000001,7.7114596,0.37138963668823166,3.934049999999999,6.6202006,2.6861506340026864,0.0040840000000000876,0.069693334,0.06560933440065375
11141,-0.03963300000000003,-0.014416137,0.025216863221108943,7.6400700000000015,7.7114596,0.07138963668823095,5.63405,6.6202006,0.9861506340026853,0.04408400000000001,0.069693334,0.025609334400653827
11142,-0.06963300000000006,-0.014416137,0.05521686322110897,7.54007,7.7114596,0.17138963668823237,6.13405,6.6202006,0.4861506340026853,0.04408400000000001,0.069693334,0.025609334400653827
11143,-0.03963300000000003,-0.014416137,0.025216863221108943,7.840070000000001,7.7114596,-0.12861036331176834,7.73405,6.6202006,-1.1138493659973143,0.13408399999999998,0.069693334,-0.06439066559934614
11144,0.10036699999999998,-0.014416137,-0.11478313677889107,8.640070000000001,7.7114596,-0.928610363311769,13.23405,6.6202006,-6.613849365997314,0.28408400000000006,0.069693334,-0.21439066559934622
11236,-0.02761300000000011,0.038409475,0.06602247523713123,10.105680000000003,9.386501,-0.7191786877441437,6.805150000000001,8.894168,2.089017900085448,0.0014560000000000128,0.09286533,0.09140933296108245
11258,-0.031074999999999964,-0.028696153,0.0023788466870784397,4.4877199999999995,6.101349,1.6136288769531255,4.945819999999998,6.0197916,1.0739716030883812,0.08829010000000004,0.11165769,0.023367586531543694
11259,-0.031074999999999964,-0.028696153,0.0023788466870784397,4.637719999999998,6.101349,1.463628876953127,5.215819999999999,6.0197916,0.8039716030883799,0.09829009999999994,0.11165769,0.013367586531543796
11260,-0.031074999999999964,-0.028696153,0.0023788466870784397,4.53772,6.101349,1.5636288769531248,6.015819999999998,6.0197916,0.0039716030883809594,0.14829009999999998,0.11165769,-0.03663241346845625
11269,0.1522150000000001,0.020658191,-0.1315568087065221,17.63835,8.797539,-8.84081124267578,16.39725,6.602898,-9.794351879119873,0.2922641,0.020141445,-0.27212265489969256
11270,0.13221500000000008,0.020658191,-0.11155680870652207,16.13835,8.797539,-7.34081124267578,14.437250000000002,6.602898,-7.834351879119875,0.16226410000000002,0.020141445,-0.14212265489969256
11271,0.08221500000000015,0.020658191,-0.06155680870652214,15.138349999999999,8.797539,-6.34081124267578,12.847250000000003,6.602898,-6.2443518791198755,0.10226410000000008,0.020141445,-0.08212265489969262
11273,0.032215000000000105,0.020658191,-0.011556808706522093,13.338349999999998,8.797539,-4.54081124267578,10.43725,6.602898,-3.8343518791198736,0.04226410000000003,0.020141445,-0.022122654899692562
11274,0.022215000000000096,0.020658191,-0.0015568087065220837,11.238349999999997,8.797539,-2.440811242675778,8.087250000000001,6.602898,-1.484351879119874,-0.007735899999999907,0.020141445,0.02787734510030737
11275,0.08221500000000015,0.020658191,-0.06155680870652214,15.438349999999998,8.797539,-6.640811242675779,14.35725,6.602898,-7.754351879119874,0.21226410000000007,0.020141445,-0.1921226548996926
11312,0.05221500000000012,0.021604784,-0.030610216166973236,7.8683499999999995,9.44429,1.575940161132813,6.747250000000001,6.7910376,0.043787559509276264,0.02226410000000001,0.007564859,-0.014699241000896701
11313,0.07221500000000014,0.021604784,-0.050610216166973254,6.34835,9.44429,3.0959401611328126,6.177250000000001,6.7910376,0.6137875595092765,0.0122641,0.007564859,-0.004699241000896692
11397,-0.10716480000000006,-0.0049695293,0.10219527065809375,6.7603100000000005,6.396912,-0.3633979020690923,2.82747,6.059692,3.232221905975342,-0.05968600000000002,0.00835257,0.06803857023572923
11399,-0.005665999999999949,0.064776815,0.0704428154740333,12.34627,11.460275,-0.8859953036499029,9.28789,9.464348,0.17645783935546788,0.025034400000000012,0.03220172,0.007167318538999545
11400,-0.003174999999999928,0.061405774,0.06458077420592301,3.362940000000002,6.70033,3.3373897805786115,2.7921299999999984,6.268689,3.476559155578615,0.019739300000000015,0.04715853,0.02741923184461592
11733,0.07214300000000007,0.07046775,-0.0016752522521019664,10.011790000000001,9.941001,-0.07078906158447396,9.760409999999998,9.725572,-0.03483836761474457,0.06292330000000002,0.09639518,0.03347187962932585
11736,0.03214300000000003,0.07046775,0.03832474774789807,10.191790000000001,9.941001,-0.25078906158447367,9.27041,9.725572,0.45516163238525387,0.0429233,0.09639518,0.05347187962932587
11737,0.08214299999999997,0.07046775,-0.011675252252101864,9.98179,9.941001,-0.04078906158447282,10.170409999999999,9.725572,-0.4448383676147447,0.07292330000000002,0.09639518,0.023471879629325842
11738,0.11214299999999999,0.07046775,-0.04167525225210189,9.721789999999999,9.941001,0.21921093841552874,10.39041,9.725572,-0.6648383676147454,0.07292330000000002,0.09639518,0.023471879629325842
11739,0.03214300000000003,0.07046775,0.03832474774789807,10.191790000000001,9.941001,-0.25078906158447367,9.27041,9.725572,0.45516163238525387,0.0429233,0.09639518,0.05347187962932587
11740,0.07214300000000007,0.07046775,-0.0016752522521019664,9.46179,9.941001,0.47921093841552675,9.31041,9.725572,0.4151616323852547,0.06292330000000002,0.09639518,0.03347187962932585
11741,0.08214299999999997,0.07046775,-0.011675252252101864,9.201789999999999,9.941001,0.7392109384155283,9.98041,9.725572,-0.2548383676147452,0.09292329999999993,0.09639518,0.0034718796293259357
11765,0.03621500000000011,0.034514047,-0.0017009527945519576,7.8683499999999995,8.568287,0.6999368957519536,8.407250000000001,7.1376514,-1.269598556518556,0.11226410000000009,0.04904659,-0.06321750907573709
11773,-0.07377500000000015,0.031819895,0.10559489490985885,10.026040000000002,13.589484,3.563444214782713,7.631529999999998,13.782698,6.151167677612307,0.030508800000000003,0.13447265,0.10396385326976776
11800,-0.0330410000000001,-0.0074114488,0.025629551249355176,7.41066,8.374008,0.9633481787109375,10.69454,9.794098,-0.9004420996093749,0.23754930000000007,0.15996629,-0.07758301000289924
11801,-0.008383999999999947,-0.0096019935,-0.0012179934862852626,6.91039,8.648655,1.738264937744141,8.588189999999999,9.703372,1.1151820016479501,0.1426423,0.15653436,0.013892058859062195
11802,-0.038383999999999974,-0.0096019935,0.028782006513714764,6.91039,8.648655,1.738264937744141,7.9881899999999995,9.703372,1.7151820016479498,0.1326423,0.15653436,0.023892058859062204
11803,-0.068384,-0.0096019935,0.05878200651371479,6.110389999999999,8.648655,2.5382649377441417,6.688189999999999,9.703372,3.0151820016479505,0.12364229999999998,0.15653436,0.03289205885906221
11804,-0.028383999999999965,-0.0096019935,0.018782006513714755,7.21039,8.648655,1.4382649377441403,9.28819,9.703372,0.41518200164794905,0.17664230000000003,0.15653436,-0.020107941140937835
11805,0.01161600000000007,-0.0096019935,-0.02121799348628528,8.71039,8.648655,-0.061735062255859674,12.28819,9.703372,-2.584817998352051,0.2546423000000001,0.15653436,-0.0981079411409379
11981,0.07238699999999998,0.06333027,-0.009056729650020579,13.175680000000002,11.234689,-1.940991241149904,13.54515,11.764335,-1.7808153213500972,0.22845600000000005,0.1734287,-0.055027300625801134
11982,0.08238699999999999,0.06333027,-0.019056729650020587,14.605680000000001,11.234689,-3.3709912411499037,14.20515,11.764335,-2.4408153213500974,0.26545599999999997,0.1734287,-0.09202730062580106
12001,0.03315899999999994,0.12576808,0.09260908035373694,12.967910000000003,12.965999,-0.00191135040283541,16.3201,17.479837,1.159737417602539,0.3273436000000001,0.34110388,0.013760281597518798
12002,0.04315899999999995,0.12576808,0.08260908035373693,13.667910000000003,12.965999,-0.7019113504028347,17.5601,17.479837,-0.08026258239745943,0.37834360000000006,0.34110388,-0.03723971840248114
12032,0.12238699999999991,0.06333027,-0.05905672965002051,11.40568,11.234689,-0.1709912411499026,12.215150000000001,11.764335,-0.45081532135009894,0.17145599999999994,0.1734287,0.001972699374198972
12033,0.1123869999999999,0.06333027,-0.0490567296500205,6.425680000000003,11.234689,4.809008758850094,10.01515,11.764335,1.7491846786499021,0.18145599999999995,0.1734287,-0.008027300625801037
12054,-0.008027000000000006,0.04479949,0.052826491763114936,11.822220000000002,12.770893,0.9486730969238266,8.515290000000002,10.160802,1.645511887512205,0.009383700000000106,0.044494424,0.03511072401528348
12055,-0.01693699999999998,0.030791217,0.04772821746122835,18.31426,13.563107,-4.7511534631347665,12.347019999999999,9.89896,-2.448059886474608,-0.007008199999999909,0.024907893,0.03191609256989947
12056,-0.062287800000000004,0.05304095,0.11532875149040223,6.872430000000001,9.298974,2.426544037170409,4.446389999999999,8.230708,3.784318122253419,0.010692499999999883,0.05068455,0.03999204891443264
12454,0.6049899999999999,0.03793707,-0.5670529288256168,19.72159,10.628345,-9.093245464172362,19.26508,7.6523404,-11.612739587860109,0.42248359999999996,0.038139455,-0.38434414497957226
12455,0.27498999999999996,0.03793707,-0.2370529288256168,17.19159,10.628345,-6.563245464172365,18.19508,7.6523404,-10.542739587860108,0.4554836,0.038139455,-0.4173441449795723
12499,-0.07901000000000002,0.03793707,0.11694707117438319,11.851590000000002,10.628345,-1.223245464172365,8.05508,7.6523404,-0.40273958786010766,0.030483600000000055,0.038139455,0.007655855020427649
12501,-0.022010000000000085,0.03793707,0.05994707117438325,16.32159,10.628345,-5.693245464172364,11.28508,7.6523404,-3.632739587860108,-0.007516399999999979,0.038139455,0.04565585502042768
12639,0.3685139999999999,0.14591593,-0.2225980744972228,14.963110000000002,10.8600235,-4.103086501464846,16.182830000000003,12.004734,-4.178095960693362,0.23898579999999991,0.14861412,-0.09037167653636924
12640,0.3685139999999999,0.14591593,-0.2225980744972228,16.46311,10.8600235,-5.603086501464844,15.882830000000002,12.004734,-3.8780959606933614,0.23898579999999991,0.14861412,-0.09037167653636924
12641,-0.007784999999999931,0.03299348,0.04077848056316369,10.238349999999997,9.069199,-1.1691513916015595,11.387250000000002,8.655599,-2.731651359558107,0.22226410000000008,0.06349989,-0.1587642097321511
12818,0.14238699999999993,0.04123723,-0.10114976865601533,7.205680000000001,8.822448,1.6167677767944326,12.40515,7.65032,-4.754829946899415,0.273456,0.07618358,-0.1972724201378822
12820,0.006215000000000082,0.020658191,0.01444319129347793,6.488349999999997,8.797539,2.309188757324222,5.007250000000001,6.602898,1.595648120880126,0.0122641,0.020141445,0.007877345100307465
12912,0.02049000000000012,0.007042192,-0.013447808077335477,6.282160000000001,7.86876,1.5866001089477528,6.083500000000001,7.3416886,1.258188632965087,0.048228600000000066,0.057633705,0.009405105437183314
13148,-0.03778499999999996,0.020658191,0.05844319129347797,12.52835,8.797539,-3.730811242675781,12.997250000000001,6.602898,-6.394351879119874,0.26726410000000006,0.020141445,-0.2471226548996926
13200,0.33618000000000003,0.29244253,-0.04373746960639957,9.416830000000001,9.961787,0.544957223815917,12.889339999999999,12.09367,-0.795670108642577,0.24011690000000002,0.18580978,-0.05430712381305697
13202,0.26217999999999997,0.29244253,0.030262530393600495,8.47683,9.961787,1.4849572238159183,12.17934,12.09367,-0.08567010864257796,0.1671169,0.18580978,0.01869287618694304
13203,0.3081800000000001,0.29244253,-0.015737469606399657,9.40683,9.961787,0.5549572238159186,12.17934,12.09367,-0.08567010864257796,0.2071169,0.18580978,-0.02130712381305694
13205,0.2961800000000001,0.29244253,-0.003737469606399646,11.99683,9.961787,-2.0350427761840812,12.37934,12.09367,-0.28567010864257725,0.1451169,0.18580978,0.04069287618694306
13246,-0.04996500000000004,0.03862825,0.08859325036048893,10.0657,10.394366,0.32866626434326207,7.368500000000001,8.364152,0.995651954650878,0.046205199999999946,0.11035163,0.06414642955522543
13310,0.08238699999999999,0.12143332,0.03904631766128541,26.56568,11.9541,-14.611580344848633,19.00515,12.588925,-6.4162246383667,0.061455999999999955,0.077890985,0.016434984714031264
13312,0.19238699999999997,0.12143332,-0.07095368233871457,16.77568,11.9541,-4.821580344848634,15.305150000000001,12.588925,-2.7162246383667004,0.18145599999999995,0.077890985,-0.10356501528596873
13411,-0.009613000000000094,0.034052175,0.04366517453837404,9.205680000000001,9.209371,0.003690613098143558,8.50515,7.613005,-0.8921448387146,-0.03854400000000002,0.019594716,0.05813871590816977
13412,0.035386999999999946,0.034052175,-0.0013348254616259991,10.205680000000001,9.209371,-0.9963093869018564,7.20515,7.613005,0.40785516128540067,-0.018544000000000005,0.019594716,0.03813871590816975
13456,-0.03168099999999985,0.007039078,0.038720078045636264,13.923570000000002,13.108048,-0.8155215609741227,6.96186,7.7800937,0.8182336698913577,-0.11187360000000002,-0.015292221,0.09658137925103905
13457,0.003319000000000072,0.007039078,0.0037200780456363436,14.32357,13.108048,-1.2155215609741212,9.35186,7.7800937,-1.5717663301086429,-0.0028736000000000317,-0.015292221,-0.01241862074896094
13458,0.0073190000000000754,0.007039078,-0.00027992195436365996,14.11357,13.108048,-1.0055215609741204,9.00186,7.7800937,-1.2217663301086432,-0.04487359999999996,-0.015292221,0.029581379251038986
13460,-0.0836809999999999,0.007039078,0.09072007804563631,12.563570000000002,13.108048,0.5444784390258768,5.391860000000001,7.7800937,2.388233669891356,-0.09387359999999989,-0.015292221,0.07858137925103892
13461,-0.04668099999999997,0.007039078,0.05372007804563639,13.62357,13.108048,-0.5155215609741219,7.251860000000001,7.7800937,0.5282336698913568,-0.042873599999999956,-0.015292221,0.027581379251038984
13464,-0.05568099999999987,0.007039078,0.06272007804563628,18.60357,13.108048,-5.495521560974122,10.72186,7.7800937,-2.941766330108642,-0.1038735999999999,-0.015292221,0.08858137925103893
13500,-0.07701100000000016,-0.0015198523,0.0754911476821305,5.6616,7.0877385,1.4261385139465332,4.678630000000002,7.219926,2.541295880432127,0.06455220000000006,0.12056581,0.056013609309482515
13506,0.081488,0.044087037,-0.03740096255588532,7.041820000000001,10.527867,3.4860473171997057,5.616439999999999,7.8639016,2.2474616151428233,-0.028692199999999946,0.0050427634,0.033734963426899855
13507,0.11148799999999992,0.044087037,-0.06740096255588524,14.341820000000002,10.527867,-3.813952682800295,11.216439999999999,7.8639016,-3.3525383848571764,-0.0026922000000000335,0.0050427634,0.007734963426899943
13917,0.0016650000000000276,0.023958543,0.022293543315529796,9.707340000000002,9.08274,-0.6246001699829122,16.0613,6.8938527,-9.167447289276122,0.3153228,0.032807287,-0.2825155131712437
13918,-0.03733500000000012,0.023958543,0.06129354331552994,8.006340000000005,9.08274,1.0763998300170847,9.9613,6.8938527,-3.0674472892761226,0.14132280000000008,0.032807287,-0.10851551317124375
13919,-0.04433499999999979,0.023958543,0.06829354331552961,7.1973400000000005,9.08274,1.8853998300170893,4.561299999999999,6.8938527,2.3325527107238777,-0.002677199999999935,0.032807287,0.03548448682875627
14030,-0.0014199999999999768,0.0052062613,0.00662626129582522,11.15417,11.271009,0.1168394451904291,9.649430000000002,9.776775,0.12734536010741948,0.027506600000000048,0.05753577,0.030029171280527067
14038,-0.0014199999999999768,0.0052062613,0.00662626129582522,11.15417,11.271009,0.1168394451904291,9.649430000000002,9.776775,0.12734536010741948,0.027506600000000048,0.05753577,0.030029171280527067
14042,-0.0014199999999999768,0.0052062613,0.00662626129582522,11.15417,11.271009,0.1168394451904291,9.649430000000002,9.776775,0.12734536010741948,0.027506600000000048,0.05753577,0.030029171280527067
14092,0.08162799999999992,0.07474314,-0.00688486323642723,4.74099,7.8688045,3.1278144548034668,6.13702,8.50649,2.369469753723145,0.049590800000000046,0.11728014,0.0676893405191421
14102,0.271717,0.17033651,-0.10138048528861998,6.360720000000001,9.262231,2.9015108731079096,14.838899999999999,11.61288,-3.226020246887206,0.3750052,0.2675378,-0.10746739754219053
14156,0.04011589999999998,0.18150797,0.14139207486305239,4.493789999999997,8.32467,3.830879837951663,5.065109999999999,7.2068105,2.141700474395753,0.05518109999999998,0.05412477,-0.0010563311766147443
14222,0.04642499999999994,0.0283578,-0.018067199903726516,3.9513099999999994,9.608532,5.657221951904297,4.79749,7.353204,2.5557137734985353,0.052842899999999915,0.03247308,-0.020369820139789496
14298,-0.04761300000000013,0.025257485,0.07287048498737825,10.855680000000003,9.61407,-1.2416100613403351,5.905150000000001,7.3261967,1.4210466705322258,-0.05854400000000004,0.036744792,0.09528879201436047
14299,-0.06761300000000015,0.025257485,0.09287048498737827,7.505680000000002,9.61407,2.1083899386596663,2.0051500000000004,7.3261967,5.321046670532226,-0.09854400000000008,0.036744792,0.1352887920143605
14842,-0.04365400000000008,0.010804573,0.054458573073983274,6.4251400000000025,8.704657,2.279516600952146,5.555130000000002,7.7589746,2.203844552154539,0.04789370000000004,0.0846556,0.03676189780597683
14981,0.06538699999999997,0.04123723,-0.02414976865601537,2.295680000000001,8.822448,6.526767776794433,9.03515,7.65032,-1.3848299468994139,0.24845600000000007,0.07618358,-0.1722724201378823
15048,0.03638699999999995,0.034052175,-0.002334825461626,9.785680000000003,9.209371,-0.5763093869018583,8.67515,7.613005,-1.0621448387146,0.0044559999999999045,0.019594716,0.015138715908169842
15049,0.013387000000000038,0.034052175,0.02066517453837391,9.805680000000002,9.209371,-0.5963093869018579,7.135150000000001,7.613005,0.4778551612853992,0.0024559999999999027,0.019594716,0.017138715908169844
15050,0.03838699999999995,0.034052175,-0.004334825461626002,10.105680000000003,9.209371,-0.8963093869018586,8.17515,7.613005,-0.5621448387146,0.028456000000000037,0.019594716,-0.00886128409183029
15051,0.08938699999999988,0.034052175,-0.055334825461625936,9.88568,9.209371,-0.6763093869018562,7.385150000000001,7.613005,0.22785516128539918,0.00045600000000001195,0.019594716,0.019138715908169734
15052,0.03138699999999994,0.034052175,0.0026651745383740044,9.81568,9.209371,-0.6063093869018559,7.42515,7.613005,0.18785516128540003,0.0034560000000000146,0.019594716,0.016138715908169732
15094,-0.04814300000000005,0.0039025866,0.0520455866426528,8.716320000000003,9.601591,0.885271110229489,7.351320000000001,9.483,2.131679801635741,0.047267599999999965,0.1399875,0.09271989852180484
15096,-0.04814300000000005,0.0039025866,0.0520455866426528,8.316320000000005,9.601591,1.2852711102294876,7.341320000000001,9.483,2.141679801635741,0.06726759999999998,0.1399875,0.07271989852180483
15097,0.19216200000000005,0.027023494,-0.16513850575637823,19.21571,10.972425,-8.243284539184572,16.382050000000003,7.9080806,-8.473969422149661,0.21253600000000006,0.037073288,-0.17546271188712126
15098,-0.007838000000000012,0.027023494,0.03486149424362184,9.115710000000004,10.972425,1.8567154608154262,5.082050000000002,7.9080806,2.8260305778503394,-0.05846399999999996,0.037073288,0.09553728811287876
15105,-0.00583800000000001,0.034255385,0.040093385398864756,8.115710000000004,10.424936,2.3092262945556605,6.082050000000002,8.118768,2.0367177383422828,0.023536,0.020563101,-0.002972898604035379
15107,-0.010837999999999903,0.035914112,0.0467521118824481,9.115710000000004,10.558914,1.443204184570309,6.082050000000002,8.224274,2.1422236816406226,-0.006463999999999914,0.03972639,0.04619039143466941
15108,0.012162000000000006,-0.001954954,-0.014116953884705907,10.115710000000004,9.721784,-0.39392636199951525,7.782050000000002,6.324264,-1.4577859504699724,0.03153600000000001,0.008456972,-0.02307902757233382
15179,-0.008820999999999968,0.0034603395,0.012281339503362743,3.33315,5.142287,1.809136777496338,3.6633700000000005,5.0804176,1.4170476330566402,0.060435600000000034,0.068068124,0.007632524353885617
15180,-0.028820999999999986,0.0034603395,0.03228133950336276,2.6231500000000025,5.142287,2.5191367774963354,2.7833700000000015,5.0804176,2.297047633056639,0.05643560000000014,0.068068124,0.01163252435388551
15182,-0.028820999999999986,0.0034603395,0.03228133950336276,3.1231500000000025,5.142287,2.0191367774963354,3.933370000000002,5.0804176,1.1470476330566388,0.08943560000000006,0.068068124,-0.02136747564611441
15183,-0.018820999999999977,0.0034603395,0.02228133950336275,5.49315,5.142287,-0.3508632225036621,6.133370000000001,5.0804176,-1.0529523669433605,0.11743560000000008,0.068068124,-0.049367475646114434
15184,-0.048821,0.0034603395,0.05228133950336278,4.83315,5.142287,0.30913677749633806,4.403370000000001,5.0804176,0.67704763305664,0.07743560000000005,0.068068124,-0.009367475646114398
15185,-0.048821,0.0034603395,0.05228133950336278,4.0131499999999996,5.142287,1.1291367774963383,3.503370000000002,5.0804176,1.5770476330566385,0.05743560000000003,0.068068124,0.01063252435388562
15186,-0.048821,0.0034603395,0.05228133950336278,4.81315,5.142287,0.32913677749633763,4.713370000000001,5.0804176,0.36704763305663946,0.08743560000000006,0.068068124,-0.019367475646114407
15187,-0.048821,0.0034603395,0.05228133950336278,5.2631499999999996,5.142287,-0.12086322250366166,5.2433700000000005,5.0804176,-0.1629523669433599,0.09743560000000007,0.068068124,-0.029367475646114416
15189,0.01117900000000005,0.0034603395,-0.007718660496637275,3.9231499999999997,5.142287,1.2191367774963382,5.323370000000001,5.0804176,-0.24295236694335998,0.10743560000000008,0.068068124,-0.039367475646114425
15190,-0.018820999999999977,0.0034603395,0.02228133950336275,4.65315,5.142287,0.48913677749633777,5.153370000000001,5.0804176,-0.07295236694336005,0.09743560000000007,0.068068124,-0.029367475646114416
15191,-0.038820999999999994,0.0034603395,0.04228133950336277,4.17315,5.142287,0.9691367774963382,3.423370000000002,5.0804176,1.6570476330566386,0.04743560000000002,0.068068124,0.02063252435388563
15194,0.01117900000000005,0.0034603395,-0.007718660496637275,3.9731500000000004,5.142287,1.1691367774963375,5.393370000000001,5.0804176,-0.31295236694336026,0.10743560000000008,0.068068124,-0.039367475646114425
15195,-0.008820999999999968,0.0034603395,0.012281339503362743,3.453150000000001,5.142287,1.689136777496337,3.813370000000001,5.0804176,1.2670476330566398,0.06743560000000004,0.068068124,0.0006325243538856107
15196,-0.038820999999999994,0.0034603395,0.04228133950336277,3.393150000000002,5.142287,1.7491367774963358,2.8233700000000006,5.0804176,2.25704763305664,0.04743560000000002,0.068068124,0.02063252435388563
15832,0.16282600000000003,0.23889723,0.07607123420143125,16.43832,16.18476,-0.2535608599853525,13.98673,14.632573,0.6458431277465824,0.07779709999999995,0.11250434,0.034707240708255815
15833,0.142826,0.23889723,0.09607123420143127,16.338320000000003,16.18476,-0.15356085998535463,13.88673,14.632573,0.745843127746582,0.09779709999999997,0.11250434,0.014707240708255798
15834,0.252826,0.23889723,-0.01392876579856872,13.238320000000002,16.18476,2.946439140014647,13.48673,14.632573,1.1458431277465824,0.09779709999999997,0.11250434,0.014707240708255798
15835,0.31282600000000005,0.23889723,-0.07392876579856877,17.03832,16.18476,-0.8535608599853504,15.38673,14.632573,-0.754156872253418,0.08779709999999996,0.11250434,0.024707240708255807
15836,0.30282600000000004,0.23889723,-0.06392876579856877,18.838320000000003,16.18476,-2.6535608599853546,16.28673,14.632573,-1.6541568722534166,0.09779709999999997,0.11250434,0.014707240708255798
15837,0.30282600000000004,0.23889723,-0.06392876579856877,20.338320000000003,16.18476,-4.153560859985355,16.88673,14.632573,-2.254156872253418,0.09779709999999997,0.11250434,0.014707240708255798
15843,0.21282599999999996,0.23889723,0.026071234201431315,13.63832,16.18476,2.546439140014648,14.18673,14.632573,0.4458431277465813,0.1477970999999999,0.11250434,-0.035292759291744136
15844,0.262826,0.23889723,-0.02392876579856873,15.13832,16.18476,1.0464391400146482,15.78673,14.632573,-1.1541568722534183,0.17779709999999993,0.11250434,-0.06529275929174416
15845,0.29282600000000003,0.23889723,-0.053928765798568756,18.73832,16.18476,-2.553560859985353,17.48673,14.632573,-2.8541568722534194,0.23779709999999998,0.11250434,-0.12529275929174422
15846,0.252826,0.23889723,-0.01392876579856872,18.73832,16.18476,-2.553560859985353,16.48673,14.632573,-1.8541568722534194,0.10779709999999998,0.11250434,0.004707240708255789
16106,0.0015540000000000553,0.06513072,0.06357671805238718,8.90036,12.046766,3.1464062811279305,5.6126000000000005,8.673085,3.060485212707519,-0.037971599999999994,0.03213254,0.07010413989815711
16107,0.0015540000000000553,0.06513072,0.06357671805238718,11.50036,12.046766,0.5464062811279291,7.6126000000000005,8.673085,1.060485212707519,-0.037971599999999994,0.03213254,0.07010413989815711
16109,0.03155400000000008,0.06513072,0.033576718052387156,10.600360000000002,12.046766,1.4464062811279277,8.632600000000002,8.673085,0.040485212707517704,0.019028400000000056,0.03213254,0.013104139898157063
16140,-0.007784999999999931,-0.03231215,-0.02452715104460723,6.738349999999997,7.803824,1.0654739479064972,4.637250000000002,5.062766,0.4255160751342757,0.002264100000000102,-0.0022757328,-0.004539832811540467
16141,-0.007784999999999931,0.021604784,0.029389783833026817,4.788349999999998,9.44429,4.655940161132815,2.3972499999999997,6.7910376,4.393787559509278,-0.03773589999999993,0.007564859,0.04530075899910324
16142,0.002215000000000078,0.021604784,0.019389783833026808,5.658349999999999,9.44429,3.785940161132814,4.2272500000000015,6.7910376,2.563787559509276,0.002264100000000102,0.007564859,0.005300758999103206
16143,0.002215000000000078,0.021604784,0.019389783833026808,4.77835,9.44429,4.665940161132813,3.1472499999999997,6.7910376,3.6437875595092777,-0.007735899999999907,0.007564859,0.015300758999103214
16144,0.002215000000000078,0.021604784,0.019389783833026808,4.77835,9.44429,4.665940161132813,3.1472499999999997,6.7910376,3.6437875595092777,-0.007735899999999907,0.007564859,0.015300758999103214
16145,-0.007784999999999931,0.021604784,0.029389783833026817,4.788349999999998,9.44429,4.655940161132815,2.327250000000003,6.7910376,4.463787559509274,-0.03773589999999993,0.007564859,0.04530075899910324
16147,0.002215000000000078,0.021604784,0.019389783833026808,5.18835,9.44429,4.255940161132813,3.05725,6.7910376,3.7337875595092775,-0.027735899999999925,0.007564859,0.03530075899910323
16148,-0.007784999999999931,0.021604784,0.029389783833026817,4.798349999999999,9.44429,4.645940161132813,2.3472500000000025,6.7910376,4.443787559509275,-0.03773589999999993,0.007564859,0.04530075899910324
16346,0.012386999999999926,0.034052175,0.02166517453837402,6.505680000000002,9.209371,2.703690613098143,6.805150000000001,7.613005,0.8078551612853992,0.09145599999999998,0.032734387,-0.05872161337709425
16355,0.022386999999999935,0.17118163,0.14879463406848914,12.505680000000002,15.019594,2.513914192504881,11.50515,12.514345,1.0091951690673824,0.14145599999999992,0.12287587,-0.01858013072586051
16356,0.022386999999999935,0.17118163,0.14879463406848914,12.505680000000002,15.019594,2.513914192504881,11.50515,12.514345,1.0091951690673824,0.14145599999999992,0.12287587,-0.01858013072586051
16357,0.07238699999999998,0.17118163,0.0987946340684891,12.005680000000002,15.019594,3.013914192504881,11.50515,12.514345,1.0091951690673824,0.14145599999999992,0.12287587,-0.01858013072586051
16358,0.3723869999999999,0.17118163,-0.20120536593151084,13.005680000000002,15.019594,2.013914192504881,15.50515,12.514345,-2.9908048309326176,0.19145599999999996,0.12287587,-0.06858013072586056
16360,0.822387,0.17118163,-0.6512053659315109,29.00568,15.019594,-13.986085807495119,20.50515,12.514345,-7.990804830932618,0.44145599999999996,0.12287587,-0.31858013072586056
16382,-0.057784999999999975,0.020658191,0.07844319129347799,6.388349999999999,8.797539,2.4091887573242197,2.9472500000000004,6.602898,3.6556481208801266,-0.027735899999999925,0.020141445,0.04787734510030739
16383,-0.06778499999999998,0.020658191,0.088443191293478,6.218349999999997,8.797539,2.5791887573242214,1.8872500000000016,6.602898,4.715648120880125,-0.05773589999999995,0.020141445,0.07787734510030742
16384,-0.06778499999999998,0.020658191,0.088443191293478,5.268349999999998,8.797539,3.5291887573242207,0.2872500000000002,6.602898,6.315648120880127,-0.08973589999999998,0.020141445,0.10987734510030744
16399,-0.012589300000000025,-0.011192459,0.001396841318237807,7.345469999999999,7.737275,0.3918051235961926,6.052990000000001,6.7900853,0.7370953157043445,0.03577780000000008,0.085428834,0.049651033961486735
16400,-0.04258930000000005,-0.011192459,0.031396841318237834,7.205470000000002,7.737275,0.5318051235961896,5.93299,6.7900853,0.8570953157043455,0.0557778000000001,0.085428834,0.029651033961486717
16401,-0.03258930000000004,-0.011192459,0.021396841318237825,6.725470000000001,7.737275,1.01180512359619,5.722990000000001,6.7900853,1.0670953157043446,0.0557778000000001,0.085428834,0.029651033961486717
16402,-0.08258930000000009,-0.011192459,0.07139684131823787,7.165469999999999,7.737275,0.5718051235961923,5.36299,6.7900853,1.4270953157043458,0.0557778000000001,0.085428834,0.029651033961486717
16403,-0.05125869999999999,0.035119206,0.08637790571327209,6.4666999999999994,8.83059,2.3638902481079107,5.704930000000001,7.116532,1.4116018489074698,0.09579910000000003,0.14632115,0.05052204768028257
16487,0.05927900000000008,0.07125073,0.011971729262828745,7.8967600000000004,9.3738785,1.4771184790039058,11.47757,11.7178545,0.24028449981689448,0.26938680000000004,0.16677253,-0.10261427051715855
16540,-0.02723500000000012,0.034750745,0.061985744700431944,7.75046,9.46485,1.7143904257202145,7.6053599999999975,10.410328,2.8049679113769557,0.08608870000000002,0.15024215,0.06415344982986448
16541,-0.04823500000000003,0.034750745,0.08298574470043185,7.4104600000000005,9.46485,2.0543904257202144,6.675359999999998,10.410328,3.7349679113769554,0.0660887,0.15024215,0.0841534498298645
16551,0.022386999999999935,0.042331953,0.019944952601671284,11.65568,12.302548,0.6468684085083005,8.40515,9.013987,0.6088365875244133,-0.05854400000000004,0.03646948,0.09501347816014294
16629,0.11544300000000007,0.062763676,-0.05267932395267494,6.32394,6.871979,0.5480392366027829,9.718829999999999,9.477929,-0.2409008847045886,0.14842279999999997,0.13363746,-0.014785341913986172
16630,0.10144300000000006,0.062763676,-0.03867932395267493,6.123940000000001,6.871979,0.7480392366027822,9.018829999999998,9.477929,0.4590991152954125,0.13842279999999996,0.13363746,-0.004785341913986163
16650,0.05253400000000008,0.037078395,-0.01545560451412209,10.846149999999998,10.853063,0.006912629699709072,11.288349999999998,8.782982,-2.505368127441404,0.16681619999999997,0.023477307,-0.14333889341051576
16654,0.002215000000000078,0.0004208416,-0.0017941584078688955,7.958349999999999,10.537442,2.5790922073364264,6.397250000000001,10.594637,4.197386917114256,0.04226410000000003,0.16255888,0.12029478342857358
16755,-0.0176130000000001,0.025257485,0.04287048498737822,8.805680000000002,9.61407,0.8083899386596656,6.405150000000001,7.3261967,0.9210466705322258,0.03145599999999993,0.036744792,0.005288792014360499
16756,-0.007613000000000092,0.00025444437,0.007867444370512011,11.805680000000002,10.092702,-1.7129780880737329,9.805150000000001,7.5243444,-2.280805555725099,0.09145599999999998,0.02165379,-0.06980220997309683
16761,0.07763999999999993,0.1004561,0.022816103682518074,16.353350000000002,12.476965,-3.876385049438479,16.680770000000003,14.859081,-1.8216887316894557,0.12271939999999992,0.13949443,0.01677503399906166
16762,0.08826400000000001,0.10224619,0.013982187627315512,8.05084,11.028621,2.977780719909667,9.480569999999998,12.839854,3.359284240417482,0.12744659999999997,0.13775137,0.01030477066841129
16763,0.20370399999999989,0.13092643,-0.07277756977462757,13.32169,11.40162,-1.9200700888061526,14.786100000000001,12.854744,-1.9313560424804699,0.20708840000000006,0.12421419,-0.08287421273555762
16861,-0.057613000000000136,0.023623155,0.08123615542995943,8.575680000000002,8.88656,0.3108804400634746,4.995150000000001,7.1155653,2.1204152999877923,-0.008543999999999996,0.038569044,0.04711304432177543
16893,-0.057613000000000136,0.033777297,0.09139029654312147,7.2156800000000025,9.442046,2.226366165466306,2.895150000000001,7.749444,4.854294007873534,-0.04854400000000003,0.044281885,0.09282588502788547
17144,0.06851399999999996,0.024170905,-0.04434309464836117,9.263110000000001,8.746377,-0.5167330087280284,9.882830000000002,8.51507,-1.3677600384521504,0.10898579999999991,0.12135512,0.012369316367340177
17145,0.06851399999999996,0.024170905,-0.04434309464836117,9.363110000000002,8.746377,-0.6167330087280298,10.382830000000002,8.51507,-1.8677600384521504,0.13898579999999994,0.12135512,-0.01763068363265985
17146,0.10851399999999989,0.024170905,-0.0843430946483611,10.763110000000001,8.746377,-2.0167330087280284,11.882830000000002,8.51507,-3.3677600384521504,0.16898579999999996,0.12135512,-0.047630683632659876
17147,0.13851399999999991,0.024170905,-0.11434309464836112,12.263110000000001,8.746377,-3.5167330087280284,13.582830000000001,8.51507,-5.06776003845215,0.2189857999999999,0.12135512,-0.09763068363265981
17255,0.01638699999999993,0.023623155,0.007236155429959368,8.205680000000001,8.88656,0.6808804400634756,7.10515,7.1155653,0.010415299987792892,0.05345599999999995,0.038569044,-0.014886955678224512
17258,-0.0036130000000000884,0.023623155,0.027236155429959386,7.605680000000003,8.88656,1.2808804400634735,5.50515,7.1155653,1.6104152999877925,0.007455999999999907,0.038569044,0.03111304432177553
17259,0.024386999999999937,0.023623155,-0.0007638445700406393,18.60568,8.88656,-9.719119559936523,7.805150000000001,7.1155653,-0.6895847000122082,0.06645599999999996,0.038569044,-0.027886955678224523
17716,-0.028828000000000076,-0.023033256,0.005794744288802223,7.57076,8.025397,0.4546373007202149,4.408440000000002,5.476359,1.067918890533445,-0.03592989999999996,-0.01878658,0.017143320629501302
17768,0.02883199999999997,0.07395363,0.045121628540039094,13.28245,12.890274,-0.39217595214843826,14.54456,16.112335,1.5677752050781244,0.23287709999999995,0.26177627,0.028899168482208304
17769,0.08244399999999996,0.08844171,0.005997707193851509,22.99146,17.74573,-5.245730553588867,21.34637,19.0914,-2.2549698535156253,0.22879779999999994,0.26777202,0.038974218909454406
17770,0.14180099999999995,0.08731585,-0.054485150040149644,18.17923,16.932833,-1.2463972821044926,20.27234,18.830193,-1.442147434082031,0.3519151,0.27028048,-0.08163461961517332
17869,0.332387,0.025257485,-0.30712951501262187,13.755680000000002,9.61407,-4.141610061340334,15.38515,7.3261967,-8.058953329467773,0.32545599999999997,0.036744792,-0.28871120798563954
17870,0.20238699999999998,0.025257485,-0.17712951501262186,12.74568,9.61407,-3.131610061340332,12.97515,7.3261967,-5.648953329467773,0.16945599999999994,0.036744792,-0.1327112079856395
17871,0.14238699999999993,0.025257485,-0.11712951501262181,9.235680000000002,9.61407,0.37838993865966586,11.70515,7.3261967,-4.378953329467773,0.19045599999999996,0.036744792,-0.15371120798563953
17872,0.06238699999999997,0.025257485,-0.03712951501262185,8.675680000000003,9.61407,0.9383899386596646,7.09515,7.3261967,0.23104667053222627,-0.009543999999999997,0.036744792,0.046288792014360425
17873,0.04238699999999995,0.025257485,-0.017129515012621832,8.705680000000001,9.61407,0.908389938659667,6.555150000000001,7.3261967,0.7710466705322254,-0.009543999999999997,0.036744792,0.046288792014360425
17874,0.05238699999999996,0.025257485,-0.02712951501262184,8.095680000000002,9.61407,1.5183899386596664,6.305150000000001,7.3261967,1.0210466705322254,-0.009543999999999997,0.036744792,0.046288792014360425
17875,-0.057613000000000136,0.025257485,0.08287048498737826,6.675680000000003,9.61407,2.9383899386596646,3.355150000000002,7.3261967,3.9710466705322247,-0.05054400000000003,0.036744792,0.08728879201436046
17886,0.08238699999999999,0.025257485,-0.05712951501262187,6.045680000000001,9.61407,3.568389938659667,8.65515,7.3261967,-1.3289533294677742,0.15445599999999993,0.036744792,-0.1177112079856395
17888,-0.0176130000000001,0.025257485,0.04287048498737822,7.945680000000003,9.61407,1.668389938659665,2.815149999999999,7.3261967,4.511046670532227,-0.05454400000000004,0.036744792,0.09128879201436046
17889,-0.03761300000000012,0.025257485,0.06287048498737824,6.935680000000001,9.61407,2.6783899386596666,1.765150000000002,7.3261967,5.561046670532225,-0.06854400000000005,0.036744792,0.10528879201436048
17890,-0.057613000000000136,-0.02485533,0.032757669413566726,5.83568,8.154995,2.3193149645996094,3.4451500000000017,5.3354692,1.8903192459106428,0.006455999999999906,0.008655928,0.002199928075313662
18010,-0.1215885000000001,-0.036031198,0.08555730224347124,4.4962800000000005,6.204511,1.708231165618896,4.447769999999999,6.6626644,2.214894413452149,0.2022463,0.20486449,0.002618187051963816
18012,-0.11025920000000011,-0.05115066,0.059108539038133734,9.80107,8.606421,-1.1946485293579094,9.688480000000002,7.8495717,-1.8389082951355,0.21003019999999994,0.18688175,-0.023148449177932684
18013,-0.07761300000000015,0.04123723,0.11885023134398476,11.005680000000002,8.822448,-2.183232223205568,6.70515,7.65032,0.9451700531005862,-0.008543999999999996,0.07618358,0.08472757986211776
18064,0.24319900000000005,0.15927967,-0.08391932570838934,9.202200000000001,9.339969,0.13776868133544795,11.37851,9.652458,-1.7260518090820316,0.1828033,0.16409616,-0.0187071382768631
18065,0.2174060000000001,0.13609432,-0.08131168315982829,19.635419999999996,14.592603,-5.042817270202633,22.652050000000003,17.284529,-5.367521267700198,0.3120335000000001,0.22799417,-0.08403932623481758
18066,0.011300000000000088,0.069664724,0.058364724171161564,5.734930000000002,8.11505,2.3801203158569315,5.584589999999999,8.977603,3.3930129586792006,0.052723500000000034,0.115131594,0.0624080942406654
18068,-0.00869999999999993,0.022510964,0.031210964423417975,6.784930000000003,7.8536024,1.0686724093627902,6.51459,8.114318,1.5997278939819335,0.06272350000000004,0.09185757,0.0291340674295425
18069,0.031300000000000106,0.048409734,0.01710973392128934,7.0949300000000015,7.622061,0.5271307757568344,7.744589999999999,8.877784,1.133193775329591,0.08272350000000006,0.11297336,0.03024986220741266
18113,0.09931900000000005,0.017193232,-0.08212576826834683,13.32357,10.026902,-3.2966678012084962,10.85186,8.006065,-2.8457946313476565,0.014126400000000094,0.029630642,0.0155042423842906
18131,-0.08801000000000014,0.03703833,0.12504832998871818,7.241590000000002,9.847259,2.6056685678100564,1.9550800000000024,7.297908,5.342827829284666,-0.07651640000000004,0.02796787,0.10448427023544316
18133,0.09483520000000001,0.025018005,-0.06981719529945851,4.545310000000001,6.539852,1.9945421423339837,4.38747,5.749018,1.3615481922912593,0.00031400000000003647,0.006959062,0.006645062069654428
18134,0.08993849999999992,0.027471712,-0.062466788140892904,10.15651,8.676352,-1.4801584527587899,8.46425,6.458934,-2.0053161697387694,0.02050989999999997,0.04914364,0.028633738461828262
18136,0.12098799999999998,-0.0050661173,-0.12605411727178095,8.40156,7.995554,-0.40600602966308585,8.894659999999998,6.6131377,-2.2815222779846174,0.08722530000000006,0.048103776,-0.039121524170923294
18166,0.11662500000000009,0.019167053,-0.09745794741809377,14.891109999999998,9.870448,-5.020661887512205,18.15246,10.465009,-7.687451264343263,0.4045896,0.20363736,-0.20095223847351074
18171,0.013999000000000095,0.036709774,0.02271077428555479,11.477609999999999,11.259225,-0.21838510833740088,10.325389999999999,9.824552,-0.500838417663573,0.06059910000000002,0.07696813,0.016369033449554427
18172,0.013999000000000095,0.036709774,0.02271077428555479,11.677610000000001,11.259225,-0.4183851083374037,10.92539,9.824552,-1.1008384176635744,0.08059909999999992,0.07696813,-0.0036309665504454802
18173,-0.02600099999999994,0.036709774,0.06271077428555483,10.87761,11.259225,0.381614891662597,8.325389999999999,9.824552,1.499161582336427,0.010599099999999972,0.07696813,0.06636903344955447
18174,0.013999000000000095,0.036709774,0.02271077428555479,11.27761,11.259225,-0.01838510833740159,9.42539,9.824552,0.3991615823364256,0.03059909999999999,0.07696813,0.04636903344955445
18175,0.17600300000000013,0.07867254,-0.0973304568319322,10.59808,6.687208,-3.91087182434082,14.029720000000001,8.447784,-5.581935576171876,0.46269989999999994,0.16667059,-0.29602930936088556
18177,0.10600300000000007,0.07867254,-0.027330456831932137,2.998079999999998,6.687208,3.6891281756591816,6.40972,8.447784,2.038064423828125,0.1526999,0.16667059,0.01397069063911438
18191,0.07698099999999997,0.052795492,-0.0241855078873634,15.224429999999998,11.004351,-4.220079337768553,12.501209999999999,10.648399,-1.8528106469726549,0.0384814,0.09246781,0.05398640723333359
18233,0.0014879999999999338,0.015332819,0.013844818962633676,9.901820000000004,9.220713,-0.6811073382568402,5.716439999999999,6.295539,0.5790989022827162,-0.05369219999999997,0.008998705,0.06269090507419106
18235,0.03148799999999996,0.015332819,-0.01615518103736635,8.851820000000004,9.220713,0.3688926617431605,5.616439999999999,6.295539,0.6790989022827159,-0.04369219999999996,0.008998705,0.05269090507419105
18358,0.3223218,0.26628613,-0.05603566528015136,16.41386,13.999998,-2.4138619073486325,16.14024,14.516829,-1.623411463012694,0.15182680000000004,0.17265998,0.02083317827053066
18360,0.09738699999999989,0.17761683,0.08022983464050304,16.225680000000004,19.010384,2.784703605957027,13.34515,16.052032,2.7068824707031247,0.08145599999999997,0.22207108,0.14061508139991763
18361,0.332387,0.17761683,-0.15477016535949706,20.60568,19.010384,-1.5952963940429683,18.40515,16.052032,-2.353117529296874,0.32145599999999996,0.22207108,-0.09938491860008236
18364,0.20238699999999998,0.17761683,-0.024770165359497054,19.70568,19.010384,-0.6952963940429697,17.105150000000002,16.052032,-1.0531175292968769,0.25145599999999996,0.22207108,-0.029384918600082355
18365,0.19238699999999997,0.17761683,-0.014770165359497045,19.10568,19.010384,-0.0952963940429683,16.50515,16.052032,-0.45311752929687543,0.21145599999999998,0.22207108,0.010615081399917625
18366,0.20238699999999998,0.17761683,-0.024770165359497054,20.50568,19.010384,-1.4952963940429704,17.30515,16.052032,-1.2531175292968761,0.25145599999999996,0.22207108,-0.029384918600082355
18367,0.21238699999999988,0.17761683,-0.03477016535949695,22.20568,19.010384,-3.1952963940429697,18.20515,16.052032,-2.1531175292968747,0.281456,0.22207108,-0.05938491860008238
18368,0.18538699999999986,0.17761683,-0.007770165359496928,19.06568,19.010384,-0.055296394042969155,16.52515,16.052032,-0.473117529296875,0.21045599999999998,0.22207108,0.011615081399917626
18456,0.31199,0.03703833,-0.27495167001128196,15.421590000000002,9.847259,-5.574331432189943,16.08508,7.297908,-8.787172170715333,0.24348359999999997,0.02796787,-0.21551572976455685
18457,0.05198999999999998,0.03703833,-0.014951670011281948,10.721590000000003,9.847259,-0.874331432189944,8.085080000000001,7.297908,-0.7871721707153334,-0.006516399999999978,0.02796787,0.03448427023544309
18458,0.30199,0.03703833,-0.26495167001128195,20.921590000000002,9.847259,-11.074331432189943,17.98508,7.297908,-10.687172170715332,0.2534836,0.02796787,-0.22551572976455686
18459,0.13198999999999994,0.03703833,-0.09495167001128191,15.521590000000002,9.847259,-5.674331432189943,12.48508,7.297908,-5.187172170715332,0.10348360000000001,0.02796787,-0.0755157297645569
18548,-0.04830000000000001,-0.0108816745,0.037418325524032126,9.92342,8.048437,-1.8749828814697267,3.321159999999999,7.1137753,3.7926152532958994,0.08136260000000006,0.11482519,0.03346258911361688
18591,0.032215000000000105,0.059586823,0.02737182298660268,6.708349999999999,9.300626,2.5922758010864264,4.807250000000002,6.551115,1.7438650360107406,-0.01973590000000003,-0.0025092182,0.01722668182503584
18593,-0.007784999999999931,0.059586823,0.06737182298660271,7.038349999999998,9.300626,2.262275801086428,3.707250000000002,6.551115,2.8438650360107403,-0.049735899999999944,-0.0025092182,0.047226681825035755
18897,0.16680000000000006,0.16043812,-0.006361879634857237,11.438210000000002,12.214235,0.7760253057861313,12.883309999999998,12.536384,-0.3469263711547832,0.1945831,0.13330728,-0.06127582184371949
18972,0.045600000000000085,0.025542226,-0.020057774311304177,11.082550000000001,11.189373,0.10682301635742064,12.354080000000002,11.784683,-0.569396772460939,0.12870480000000006,0.11583679,-0.012868008305835787
18973,0.04060000000000008,0.025542226,-0.015057774311304173,10.062550000000002,11.189373,1.1268230163574202,11.31408,11.784683,0.4706032275390619,0.11470479999999994,0.11583679,0.001131991694164336
18974,0.03160000000000007,0.025542226,-0.006057774311304165,9.832550000000001,11.189373,1.3568230163574206,10.074080000000002,11.784683,1.7106032275390604,0.07070480000000001,0.11583679,0.045131991694164264
18975,0.035600000000000076,0.025542226,-0.010057774311304168,9.992550000000001,11.189373,1.1968230163574205,10.404080000000002,11.784683,1.3806032275390603,0.07770479999999991,0.11583679,0.03813199169416437
19092,0.022386999999999935,0.03326389,0.010876888210058278,13.715680000000003,11.742437,-1.973242637329104,11.305150000000001,10.239114,-1.0660361923217785,0.09145599999999998,0.09178735,0.0003313531579971496
19093,-0.06261300000000003,0.03326389,0.09587688821005824,13.445680000000001,11.742437,-1.7032426373291027,9.70515,10.239114,0.5339638076782229,0.051455999999999946,0.09178735,0.040331353157997185
19094,-0.04161300000000012,0.03326389,0.07487688821005833,13.305680000000002,11.742437,-1.563242637329104,9.70515,10.239114,0.5339638076782229,0.051455999999999946,0.09178735,0.040331353157997185
19198,0.011009000000000047,-0.0028302765,-0.013839276498571085,7.177890000000001,7.2395277,0.06163770233154153,7.068549999999998,6.8904986,-0.17805136184692216,0.08476320000000004,0.033652112,-0.051111088112068215
19202,-0.003775000000000084,0.04207815,0.04585314857363709,16.696040000000004,11.323543,-5.372497405090336,16.12153,12.380783,-3.7407469189453124,0.1615088,0.1421271,-0.01938170334701539
19244,-0.03878499999999985,0.042261757,0.08104675695657715,7.8783499999999975,8.353316,0.47496630706787357,4.807250000000002,6.3100176,1.502767585754393,-0.011735900000000021,0.0388229,0.050558800503873846
19291,-0.07923600000000008,0.001779084,0.0810150839774535,2.3797200000000025,5.092542,2.712822171478269,-0.20638999999999896,3.8488436,4.055233574523925,-0.030698899999999973,0.020304536,0.05100343644692895
19342,0.006939600000000046,-0.007891482,-0.014831081742262886,11.826110000000002,11.26039,-0.5657197183227556,12.053180000000001,9.463803,-2.5893767086792003,0.39010999999999996,0.23734216,-0.15276783607959743
19344,-0.11306040000000006,-0.007891482,0.10516891825773722,10.526110000000001,11.26039,0.7342802816772451,7.85318,9.463803,1.6106232913208007,0.12010999999999994,0.23734216,0.11723216392040259
19346,0.021525999999999934,-0.035152387,-0.05667838687396043,13.160549999999999,10.709383,-2.451166989135741,13.2034,9.274612,-3.9287875732421877,0.3717889,0.1812517,-0.1905371953071594
19348,-0.06847400000000015,-0.035152387,0.03332161312603965,10.260549999999999,10.709383,0.4488330108642593,7.7034,9.274612,1.5712124267578123,0.11178889999999997,0.1812517,0.06946280469284061
19349,-0.08847400000000016,-0.035152387,0.05332161312603967,9.56055,10.709383,1.1488330108642586,6.9033999999999995,9.274612,2.371212426757813,0.08178890000000005,0.1812517,0.09946280469284052
19455,-0.04820599999999997,-0.014984655,0.03322134480601546,15.4158,10.255455,-5.160344982910157,12.249519999999999,9.136671,-3.112848933715819,0.013294299999999981,0.092368685,0.07907438470907213
19456,-0.05820599999999998,-0.014984655,0.04322134480601547,7.6158,10.255455,2.6396550170898436,6.049519999999998,9.136671,3.087151066284182,0.0342943,0.092368685,0.05807438470907211
19467,-0.03778499999999996,0.021604784,0.059389783833026843,7.8683499999999995,9.44429,1.575940161132813,4.847250000000001,6.7910376,1.9437875595092766,-0.007735899999999907,0.007564859,0.015300758999103214
19468,-0.07778499999999999,0.021604784,0.09938978383302688,7.678349999999998,9.44429,1.7659401611328143,2.247250000000001,6.7910376,4.543787559509276,-0.08773589999999998,0.007564859,0.09530075899910329
19551,0.00021500000000007624,0.034514047,0.034299047205448074,7.178349999999998,8.568287,1.389936895751955,4.8572500000000005,7.1376514,2.280401443481445,-0.00973590000000002,0.04904659,0.05878249092426302
19552,-0.007784999999999931,0.034514047,0.04229904720544808,7.538349999999998,8.568287,1.0299368957519555,5.207250000000002,7.1376514,1.9304014434814434,0.002264100000000102,0.04904659,0.0467824909242629
19592,0.10985100000000003,0.02342082,-0.0864301799873114,12.987359999999999,10.800001,-2.187358855590819,16.128130000000002,11.815918,-4.312212031250002,0.1979033,0.12709507,-0.07080822653846741
19594,0.019851000000000063,0.02342082,0.0035698200126885737,12.637360000000001,10.800001,-1.8373588555908213,13.728130000000002,11.815918,-1.912212031250002,0.14690329999999996,0.12709507,-0.019808226538467366
19595,-0.010148999999999964,0.02342082,0.0335698200126886,11.62736,10.800001,-0.8273588555908198,11.11813,11.815918,0.6977879687499993,0.0799032999999999,0.12709507,0.04719177346153269
19616,-0.008010000000000073,0.04625092,0.05426092074275024,7.221590000000003,10.063991,2.8424005929565404,3.7850800000000007,7.8692636,4.084183648986816,-0.05451640000000002,0.015884865,0.07040126507534983
19617,-0.008010000000000073,0.04625092,0.05426092074275024,4.121590000000001,10.063991,5.942400592956542,1.0850800000000014,7.8692636,6.784183648986815,-0.06551640000000003,0.015884865,0.08140126507534984
19820,-0.007784999999999931,0.020658191,0.028443191293477943,9.558349999999997,8.797539,-0.7608112426757785,6.507250000000001,6.602898,0.09564812088012609,-0.007735899999999907,0.020141445,0.02787734510030737
19827,0.3305867,0.15718049,-0.1734062118904114,16.26598,15.233845,-1.0321352429199209,17.0024,15.500555,-1.501844961547853,0.4321154,0.35979757,-0.07231783287086485
19829,0.04058670000000009,0.15718049,0.11659378810958854,14.465979999999998,15.233845,0.7678647570800798,14.6024,15.500555,0.8981550384521491,0.3321154,0.35979757,0.027682167129135127
19830,0.26058670000000006,0.15718049,-0.10340621189041144,15.865979999999999,15.233845,-0.6321352429199205,16.5024,15.500555,-1.001844961547853,0.4021154,0.35979757,-0.04231783287086488
19831,0.02058670000000007,0.15718049,0.13659378810958855,14.165979999999998,15.233845,1.0678647570800806,14.5024,15.500555,0.9981550384521487,0.3421154,0.35979757,0.017682167129135118
19832,0.12058670000000005,0.15718049,0.036593788109588576,15.165979999999998,15.233845,0.06786475708008055,15.1024,15.500555,0.39815503845214906,0.3221154,0.35979757,0.037682167129135136
19833,0.18244399999999994,0.08844171,-0.09400229280614847,18.99146,17.74573,-1.2457305535888672,20.746370000000002,19.0914,-1.6549698535156274,0.2987978,0.26777202,-0.031025781090545657
19834,0.1324439999999999,0.08844171,-0.044002292806148424,19.99146,17.74573,-2.245730553588867,21.14637,19.0914,-2.054969853515626,0.3187978,0.26777202,-0.051025781090545674
19835,0.02883199999999997,0.07395363,0.045121628540039094,13.28245,12.890274,-0.39217595214843826,14.54456,16.112335,1.5677752050781244,0.23287709999999995,0.26177627,0.028899168482208304
19837,0.12883199999999995,0.07395363,-0.054878371459960884,13.68245,12.890274,-0.7921759521484368,18.74456,16.112335,-2.632224794921875,0.3528771,0.26177627,-0.09110083151779175
19839,0.1324439999999999,0.08844171,-0.044002292806148424,20.891460000000002,17.74573,-3.1457305535888693,21.64637,19.0914,-2.554969853515626,0.3287978,0.26777202,-0.06102578109054563
19841,0.16180099999999997,0.08731585,-0.07448515004014966,19.37923,16.932833,-2.446397282104492,20.572339999999997,18.830193,-1.7421474340820282,0.3219151,0.27028048,-0.05163461961517335
19843,0.027392000000000083,0.06261563,0.035223633010864175,11.94256,12.525019,0.5824586920166013,13.118670000000002,15.991836,2.8731655941772445,0.16386619999999996,0.25626814,0.09240194365386967
19844,0.06739200000000012,0.06261563,-0.004776366989135861,11.742560000000001,12.525019,0.7824586920166006,17.61867,15.991836,-1.6268344058227555,0.3838662,0.25626814,-0.12759805634613036
19858,0.03698999999999997,0.044962846,0.007972845742702517,14.081590000000002,10.61231,-3.4692795904541036,11.665080000000001,8.854621,-2.8104590664672866,0.0914836,0.05394897,-0.037534631351089476
19861,0.13698999999999995,0.044962846,-0.09202715425729746,14.06159,10.61231,-3.4492795904541023,13.27508,8.854621,-4.420459066467286,0.14648359999999994,0.05394897,-0.09253463135108941
19914,0.274602,0.12793885,-0.1466631482858658,12.0003,10.675152,-1.3251481750488274,16.577130000000004,14.179814,-2.397315661315922,0.21550750000000007,0.20419405,-0.011313445992469862
19915,0.38466199999999995,0.14073233,-0.24392966693592066,13.29973,13.544695,0.24496490051269504,18.62511,15.681869,-2.9432414468383783,0.21319050000000006,0.21687809,0.003687586328506409
19916,0.10460199999999997,0.12793885,0.023336851714134244,11.860299999999999,10.675152,-1.1851481750488269,13.547130000000001,14.179814,0.632684338684081,0.16550750000000003,0.20419405,0.03868655400753018
19917,0.05460200000000004,0.12793885,0.07333685171413418,10.770299999999999,10.675152,-0.095148175048827,12.997130000000002,14.179814,1.18268433868408,0.19550750000000006,0.20419405,0.008686554007530156
19918,0.20460200000000006,0.12793885,-0.07666314828586585,11.9603,10.675152,-1.2851481750488283,16.75713,14.179814,-2.577315661315918,0.2755075,0.20419405,-0.0713134459924698
19919,0.19460200000000005,0.12793885,-0.06666314828586584,11.8403,10.675152,-1.1651481750488273,17.12713,14.179814,-2.947315661315919,0.31550750000000005,0.20419405,-0.11131344599246984
19920,0.05460200000000004,0.12793885,0.07333685171413418,8.200299999999999,10.675152,2.4748518249511733,10.39713,14.179814,3.7826843386840814,0.21950749999999997,0.20419405,-0.015313445992469754
19921,0.039602000000000026,0.12793885,0.08833685171413419,7.970300000000002,10.675152,2.70485182495117,10.05713,14.179814,4.122684338684081,0.1435075,0.20419405,0.0606865540075302
19928,0.07221500000000014,0.07088042,-0.0013345794939996214,8.478349999999999,9.280123,0.8017727569580089,8.51725,7.84552,-0.6717299804687507,0.09126410000000007,0.06951522,-0.021748879179096292
19929,0.022215000000000096,0.07088042,0.04866542050600042,7.27835,9.280123,2.001772756958008,6.957250000000002,7.84552,0.8882700195312481,0.07026410000000005,0.06951522,-0.0007488791790962734
20127,6.000000000017103e-05,0.016085058,0.01602505845069868,8.103659999999998,7.4737124,-0.6299475556945779,7.350839999999998,8.205464,0.8546243630981465,0.05278970000000005,0.13274391,0.07995420995502467
20129,-0.009939999999999838,0.016085058,0.02602505845069869,7.59366,7.4737124,-0.11994755569457993,7.890839999999999,8.205464,0.31462436309814557,0.11278969999999999,0.13274391,0.019954209955024726
20131,-0.018939999999999957,0.016085058,0.03502505845069881,7.813659999999999,7.4737124,-0.3399475556945788,8.20084,8.205464,0.004624363098145068,0.1227897,0.13274391,0.009954209955024718
20132,0.049868000000000134,0.02702782,-0.022840180694341794,11.199940000000002,10.93552,-0.26441982788086094,12.994439999999999,11.3754015,-1.619038503112792,0.17442990000000003,0.16427219,-0.010157710859680202
20133,0.001060000000000061,0.016085058,0.015025058450698792,8.29366,7.4737124,-0.8199475556945792,8.62084,8.205464,-0.41537563690185486,0.1227897,0.13274391,0.009954209955024718
20134,-0.01193999999999984,0.016085058,0.028025058450698692,8.173659999999998,7.4737124,-0.6999475556945782,7.640839999999999,8.205464,0.5646243630981456,0.07278970000000007,0.13274391,0.05995420995502465
20137,0.0040600000000000636,0.016085058,0.012025058450698789,8.32366,7.4737124,-0.8499475556945804,9.62084,8.205464,-1.4153756369018549,0.16278970000000004,0.13274391,-0.030045790044975318
20347,-0.03920199999999996,0.032652304,0.07185430357646938,7.93967,10.306744,2.3670736218261723,7.769459999999999,9.163606,1.3941456900024427,0.07593260000000002,0.12264175,0.04670914968004225
20348,-0.03920199999999996,0.032652304,0.07185430357646938,7.93967,10.306744,2.3670736218261723,8.06946,9.163606,1.094145690002442,0.08793260000000003,0.12264175,0.03470914968004224
20371,0.081488,0.013228397,-0.06825960311490298,11.241820000000004,8.573961,-2.667858742065434,15.116439999999999,5.910059,-9.206381024780272,0.39630780000000004,0.017945869,-0.3783619311055422
20448,0.002215000000000078,0.020658191,0.018443191293477934,8.43835,8.797539,0.35918875732421895,6.907250000000001,6.602898,-0.30435187911987427,0.03226410000000002,0.020141445,-0.012122654899692553
20449,-0.03778499999999996,0.020658191,0.05844319129347797,7.638349999999999,8.797539,1.1591887573242197,5.1072500000000005,6.602898,1.4956481208801264,0.0122641,0.020141445,0.007877345100307465
20456,-0.05698500000000006,-0.04692231,0.010062688813209597,5.447780000000002,7.191565,1.74378503677368,3.874769999999998,3.7164671,-0.1583028578948955,0.023006299999999924,0.024402814,0.0013965139859438702
20459,-0.07121500000000003,-0.04692231,0.024292688813209562,3.3977000000000004,4.8993936,1.5016935585021969,0.01576999999999984,2.2904668,2.2746967854309084,-0.0007619000000000931,0.016324958,0.017086857832694147
20460,-0.07721500000000003,-0.04692231,0.030292688813209567,2.8176999999999985,4.8993936,2.0816935585021987,-0.38422999999999874,2.2904668,2.674696785430907,-0.03076190000000001,0.016324958,0.04708685783269406
20461,-0.039215,-0.04692231,-0.0077073111867904665,3.457699999999999,4.8993936,1.4416935585021982,0.4757700000000007,2.2904668,1.8146967854309075,0.004238099999999911,0.016324958,0.012086857832694142
20462,-0.035214999999999996,-0.04692231,-0.01170731118679047,4.6777000000000015,4.8993936,0.22169355850219574,1.0057699999999983,2.2904668,1.28469678543091,0.03823810000000005,0.016324958,-0.021913142167306
20464,-0.05321500000000001,-0.04692231,0.006292688813209546,5.447700000000001,4.8993936,-0.5483064414978038,3.4957700000000003,2.2904668,-1.205303214569092,0.01423809999999992,0.016324958,0.0020868578326941334
20466,-0.06721500000000002,-0.04692231,0.02029268881320956,4.517700000000001,4.8993936,0.3816935585021959,2.2457700000000003,2.2904668,0.04469678543090794,-0.0007619000000000931,0.016324958,0.017086857832694147
20467,-0.07121500000000003,-0.04692231,0.024292688813209562,3.3977000000000004,4.8993936,1.5016935585021969,1.4057700000000004,2.2904668,0.8846967854309078,-0.0007619000000000931,0.016324958,0.017086857832694147
20468,-0.07721500000000003,-0.04692231,0.030292688813209567,2.8176999999999985,4.8993936,2.0816935585021987,0.11577000000000126,2.2904668,2.174696785430907,-0.03076190000000001,0.016324958,0.04708685783269406
20469,-0.039215,-0.04692231,-0.0077073111867904665,3.457699999999999,4.8993936,1.4416935585021982,1.9657699999999991,2.2904668,0.3246967854309091,0.004238099999999911,0.016324958,0.012086857832694142
20470,-0.035214999999999996,-0.04692231,-0.01170731118679047,4.6777000000000015,4.8993936,0.22169355850219574,3.6557700000000004,2.2904668,-1.3653032145690922,0.03823810000000005,0.016324958,-0.021913142167306
20471,-0.01821499999999987,-0.04692231,-0.028707311186790596,5.367699999999999,4.8993936,-0.468306441497802,5.17577,2.2904668,-2.885303214569092,0.07523809999999997,0.016324958,-0.05891314216730592
20473,-0.05321500000000001,-0.04692231,0.006292688813209546,4.357700000000001,4.8993936,0.541693558502196,1.3657700000000013,2.2904668,0.9246967854309069,0.05023809999999995,0.016324958,-0.0339131421673059
20474,-0.058214999999999906,-0.04692231,0.01129268881320944,4.457699999999999,4.8993936,0.44169355850219816,2.135769999999999,2.2904668,0.15469678543090915,0.010238099999999917,0.016324958,0.006086857832694137
20475,-0.057215000000000016,-0.04692231,0.01029268881320955,4.9277000000000015,4.8993936,-0.028306441497804258,1.7157699999999991,2.2904668,0.5746967854309091,0.011238100000000029,0.016324958,0.005086857832694025
20477,-0.0542149999999999,-0.04692231,0.007292688813209436,4.747700000000002,4.8993936,0.15169355850219546,1.1457699999999988,2.2904668,1.1446967854309094,-0.0007619000000000931,0.016324958,0.017086857832694147
20478,-0.057215000000000016,-0.04692231,0.01029268881320955,4.637699999999999,4.8993936,0.26169355850219844,1.555769999999999,2.2904668,0.7346967854309092,0.01323810000000003,0.016324958,0.0030868578326940233
20479,-0.05321500000000001,-0.04692231,0.006292688813209546,4.7377,4.8993936,0.16169355850219702,2.1957699999999996,2.2904668,0.09469678543090865,0.006238100000000024,0.016324958,0.01008685783269403
20480,-0.058214999999999906,-0.04692231,0.01129268881320944,4.9177,4.8993936,-0.018306441497802695,1.6957699999999996,2.2904668,0.5946967854309086,-0.002761900000000095,0.016324958,0.01908685783269415
20481,-0.057215000000000016,-0.04692231,0.01029268881320955,4.6677,4.8993936,0.2316935585021973,1.7957699999999992,2.2904668,0.494696785430909,0.00023809999999990783,0.016324958,0.016086857832694146
20482,-0.05321500000000001,-0.04692231,0.006292688813209546,4.997700000000002,4.8993936,-0.09830644149780454,2.41577,2.2904668,-0.125303214569092,0.010238099999999917,0.016324958,0.006086857832694137
20483,-0.05121500000000001,-0.04692231,0.004292688813209544,5.247700000000002,4.8993936,-0.34830644149780454,2.26577,2.2904668,0.024696785430908363,-0.0037618999999999847,0.016324958,0.02008685783269404
20485,-0.057215000000000016,-0.04692231,0.01029268881320955,5.1777000000000015,4.8993936,-0.27830644149780426,1.8257700000000003,2.2904668,0.46469678543090787,0.0012381000000000197,0.016324958,0.015086857832694034
20506,-0.00828300000000004,0.027688231,0.03597123131918911,8.960720000000002,9.941337,0.9806166317749003,5.5389,7.520456,1.981555837249756,-0.0449948,0.022208998,0.06720379797976017
20507,0.07171700000000003,0.027688231,-0.04402876868081096,8.960720000000002,9.941337,0.9806166317749003,8.0389,7.520456,-0.5184441627502441,0.04500519999999997,0.022208998,-0.022796202020239797
20508,0.0017169999999999686,0.027688231,0.025971231319189103,9.660720000000001,9.941337,0.28061663177490104,6.6389,7.520456,0.8815558372497563,-0.004994799999999966,0.022208998,0.027203797979760136
20511,-0.00828300000000004,0.027688231,0.03597123131918911,8.76072,9.941337,1.1806166317749032,5.4389,7.520456,2.0815558372497556,-0.024994799999999984,0.022208998,0.047203797979760154
20512,-0.03828300000000007,0.027688231,0.06597123131918914,8.160720000000001,9.941337,1.780616631774901,4.738899999999999,7.520456,2.7815558372497566,-0.014994799999999975,0.022208998,0.037203797979760145
20513,-0.00828300000000004,0.027688231,0.03597123131918911,10.160720000000001,9.941337,-0.21938336822509896,7.1389,7.520456,0.3815558372497563,0.005005200000000043,0.022208998,0.017203797979760127
20514,-0.01828300000000005,0.027688231,0.04597123131918912,10.460720000000002,9.941337,-0.5193833682250997,6.738899999999999,7.520456,0.7815558372497566,-0.014994799999999975,0.022208998,0.037203797979760145
20515,-0.01828300000000005,0.027688231,0.04597123131918912,10.960720000000002,9.941337,-1.0193833682250997,7.338899999999999,7.520456,0.181555837249757,-0.004994799999999966,0.022208998,0.027203797979760136
20516,-0.01828300000000005,0.027688231,0.04597123131918912,9.86072,9.941337,0.08061663177490175,6.6389,7.520456,0.8815558372497563,-0.004994799999999966,0.022208998,0.027203797979760136
20726,-0.09030999999999989,-0.027194042,0.06311595824122418,6.975769999999997,8.166839,1.1910686459350615,2.147680000000001,6.2617474,4.114067360229491,-0.05907969999999996,0.045580477,0.10466017652244564
20730,-0.09030999999999989,-0.027194042,0.06311595824122418,8.275769999999998,8.166839,-0.10893135406493926,3.1676800000000007,6.2617474,3.0940673602294915,-0.06207969999999985,0.045580477,0.10766017652244553
20787,0.07238699999999998,0.025257485,-0.04712951501262186,9.805680000000002,9.61407,-0.19161006134033443,8.70515,7.3261967,-1.3789533294677732,0.04145599999999994,0.036744792,-0.0047112079856395095
20797,0.16537299999999988,0.11597477,-0.04939823100376117,15.113229999999998,13.034147,-2.0790827374267558,16.23133,13.16407,-3.0672598706054686,0.1098519,0.10757613,-0.0022757681793212914
20828,0.06369200000000008,0.14136165,0.07766965380477897,8.862210000000001,10.479593,1.617383276977538,8.45159,10.68912,2.2375302926635747,0.06840489999999999,0.11380657,0.04540166808614732
20830,0.100692,0.14136165,0.04066965380477905,9.362210000000001,10.479593,1.117383276977538,10.251589999999998,10.68912,0.4375302926635758,0.12840490000000004,0.11380657,-0.014598331913852736
20831,0.3036920000000001,0.14136165,-0.16233034619522102,13.362210000000001,10.479593,-2.882616723022462,14.55159,10.68912,-3.862469707336425,0.16840489999999997,0.11380657,-0.05459833191385266
20850,0.045135999999999954,0.035243418,-0.009892581932306244,12.838170000000002,12.855998,0.017828039245603833,14.01048,13.591088,-0.4193917050170892,0.1413118000000001,0.14152324,0.00021144199676503828
20870,-0.07888399999999995,-0.03584745,0.043036548462152435,4.708970000000001,7.3317475,2.6227775318908684,0.7002500000000005,4.928358,4.228108078002929,-0.06649400000000005,0.027895048,0.09438904826068883
20873,-0.07888399999999995,-0.03584745,0.043036548462152435,5.288969999999999,7.3317475,2.04277753189087,1.2902500000000003,4.928358,3.6381080780029293,-0.04849400000000004,0.027895048,0.07638904826068882
20874,-0.07788400000000006,-0.03584745,0.042036548462152545,5.67897,7.3317475,1.6527775318908695,2.000250000000001,4.928358,2.9281080780029285,-0.032494000000000134,0.027895048,0.060389048260688916
20889,0.04969000000000012,0.006180958,-0.04350904210895312,9.67577,9.978974,0.3032043423461914,7.987680000000001,7.183932,-0.803748172454835,0.021920300000000004,0.0213953,-0.0005250004163265265
20890,-0.050309999999999855,0.006180958,0.056490957891046856,8.555769999999999,9.978974,1.4232043423461924,4.127680000000002,7.183932,3.0562518275451644,-0.058079699999999956,0.0213953,0.07947499958367343
20891,-0.015309999999999935,0.006180958,0.021490957891046936,8.10577,9.978974,1.8732043423461917,5.087680000000001,7.183932,2.0962518275451654,-0.022079699999999924,0.0213953,0.0434749995836734
20910,0.021373000000000086,0.017053528,-0.004319472242474642,5.603180000000002,7.0248485,1.4216684611511212,6.535700000000002,8.631937,2.096237026977537,0.040985200000000055,0.1209003,0.07991510312538141
20911,0.05137300000000011,0.017053528,-0.03431947224247467,7.18318,7.0248485,-0.15833153884887707,9.6857,8.631937,-1.0537629730224616,0.15098520000000004,0.1209003,-0.030084896874618572
20935,-0.006610000000000005,0.044815127,0.05142512680649758,4.164940000000001,8.32026,4.155320047912596,4.508869999999998,9.595671,5.086800700073244,0.06232340000000003,0.11768277,0.055359369894599886
21027,0.10821500000000006,0.034514047,-0.07370095279455191,7.068349999999999,8.568287,1.4999368957519543,8.137250000000002,7.1376514,-0.9995985565185563,0.07226410000000005,0.04904659,-0.023217509075737053
21029,0.012215000000000087,0.034514047,0.022299047205448064,7.038349999999998,8.568287,1.5299368957519555,4.3472500000000025,7.1376514,2.790401443481443,-0.03773589999999993,0.04904659,0.08678249092426293
21060,-0.0176130000000001,0.042331953,0.05994495260167132,10.325680000000002,12.302548,1.9768684085082988,6.67515,9.013987,2.3388365875244137,-0.021544000000000008,0.03646948,0.058013478160142906
21157,-0.028512000000000093,0.0904853,0.11899729714345941,9.241820000000004,9.469671,0.2278512493896443,5.296439999999999,9.072383,3.7759429269409193,-0.04369219999999996,0.05361748,0.09730968114228244
21167,-0.08869900000000008,-0.014441976,0.07425702367627629,5.276620000000001,7.431406,2.154786021118163,2.726200000000002,6.4053826,3.6791826332092263,0.016723800000000066,0.06134564,0.04462184056992524
21168,-0.06869900000000007,-0.014441976,0.05425702367627627,8.006620000000002,7.431406,-0.5752139788818376,5.966200000000002,6.4053826,0.4391826332092261,0.059723799999999994,0.06134564,0.0016218405699253147
21191,0.0025340000000000362,0.028733278,0.02619927769339081,7.186149999999998,9.852609,2.6664586807251,5.388349999999999,7.436249,2.047898779296876,-0.06918380000000002,0.016415417,0.08559921719436647
21192,0.14238699999999993,0.023623155,-0.11876384457004063,11.40568,8.88656,-2.5191195599365237,12.20515,7.1155653,-5.089584700012207,0.15145599999999992,0.038569044,-0.11288695567822449
21193,0.13238699999999992,0.023623155,-0.10876384457004062,10.605680000000003,8.88656,-1.7191195599365265,10.50515,7.1155653,-3.3895847000122075,0.08145599999999997,0.038569044,-0.042886955678224536
21214,0.012386999999999926,0.023623155,0.011236155429959371,6.90568,8.88656,1.9808804400634763,5.95515,7.1155653,1.1604152999877932,0.03145599999999993,0.038569044,0.007113044321775508
21316,-0.06251200000000012,0.015332819,0.07784481896263373,7.111820000000002,9.220713,2.1088926617431625,2.8464399999999976,6.295539,3.449098902282717,-0.05669219999999997,0.008998705,0.06569090507419106
21319,-0.07951200000000003,0.015332819,0.09484481896263364,6.821820000000002,9.220713,2.3988926617431616,1.81644,6.295539,4.479098902282715,-0.07869219999999999,0.008998705,0.08769090507419108
21320,-0.07651200000000014,0.015332819,0.09184481896263375,6.261820000000004,9.220713,2.9588926617431603,1.686440000000001,6.295539,4.609098902282714,-0.06669219999999998,0.008998705,0.07569090507419107
21321,-0.07251200000000013,0.015332819,0.08784481896263374,6.391820000000003,9.220713,2.8288926617431613,1.7564399999999978,6.295539,4.539098902282717,-0.07069219999999998,0.008998705,0.07969090507419108
21322,-0.07651200000000014,0.015332819,0.09184481896263375,7.181820000000002,9.220713,2.038892661743162,2.1264399999999988,6.295539,4.169098902282716,-0.08069219999999999,0.008998705,0.08969090507419109
21345,-0.031843000000000066,-0.051097587,-0.019254586750984126,1.7864700000000013,4.88565,3.0991801579284655,2.054759999999998,4.8093195,2.754559496154787,0.056093200000000065,0.075421065,0.019327865092086727
21347,-0.09184300000000012,-0.051097587,0.04074541324901593,6.886469999999999,4.88565,-2.0008198420715324,5.48476,4.8093195,-0.6754405038452145,0.06809320000000008,0.075421065,0.007327865092086716
21348,-0.0718430000000001,-0.051097587,0.02074541324901591,4.766470000000002,4.88565,0.11918015792846504,4.21476,4.8093195,0.5945594961547851,0.07209320000000008,0.075421065,0.0033278650920867126
21349,-0.041843000000000075,-0.051097587,-0.009254586750984117,2.676470000000002,4.88565,2.209180157928465,2.6547599999999996,4.8093195,2.1545594961547856,0.05409319999999995,0.075421065,0.02132786509208684
21351,-0.08184300000000011,-0.051097587,0.030745413249015918,6.996470000000002,4.88565,-2.1108198420715354,5.5747599999999995,4.8093195,-0.7654405038452143,0.05909319999999996,0.075421065,0.016327865092086835
21396,0.22109299999999998,0.14686784,-0.07422515851783751,18.196640000000002,11.17552,-7.0211200567626975,16.14937,10.421091,-5.728278920288087,0.1900231,0.115606815,-0.07441628537712097
21397,0.217395,0.11510458,-0.10229042156457901,13.36081,9.197368,-4.163442331848145,15.50918,10.698862,-4.810317924194337,0.2641566,0.11698449,-0.147172113420105
21399,0.2106800000000001,0.19798338,-0.012696615867614836,8.716399999999997,7.0026345,-1.7137654747009243,13.025250000000002,9.524299,-3.5009513320922867,0.2683918,0.19075817,-0.07763363130264284
21400,0.21094499999999994,0.20892845,-0.0020165490579604484,4.971860000000003,8.106203,3.1343430792236298,9.39506,10.601872,1.2068124441528312,0.2319057,0.17004794,-0.06185776117630004
21401,0.32094500000000004,0.20892845,-0.11201654905796055,9.451860000000002,8.106203,-1.345656920776369,13.055060000000001,10.601872,-2.453187555847169,0.2919057,0.17004794,-0.12185776117630004
21521,0.05140100000000003,0.08105626,0.02965525957250592,12.44652,9.046217,-3.40030303527832,9.666570000000002,7.110821,-2.55574922973633,0.05663830000000003,0.017865403,-0.03877289737598899
21524,0.04061500000000007,0.025067324,-0.015547676181197234,10.528690000000001,8.8184595,-1.7102304891967783,7.86889,6.964337,-0.9045531278991703,0.05409549999999996,0.019263953,-0.0348315470294952
21525,-0.019930000000000003,0.033510093,0.05344009264588356,5.722109999999997,7.69802,1.9759099813842802,3.2874300000000005,5.47296,2.185529995269775,-0.029368599999999967,0.01103584,0.04040444002703425
21526,0.060975,0.03463595,-0.02633905012011528,7.18599,8.101774,0.9157842156982419,5.810269999999999,6.207726,0.3974560017395028,0.024944900000000048,0.01103584,-0.013909059972965765
21541,-0.03588900000000006,-0.028092511,0.007796489001751006,10.36213,9.921745,-0.44038469970703176,9.77854,8.839112,-0.9394277182006832,0.09059139999999999,0.07530721,-0.01528418723001479
21542,-0.05588900000000008,-0.028092511,0.027796489001751024,9.68213,9.921745,0.23961530029296796,8.70854,8.839112,0.13057228179931712,0.08059139999999998,0.07530721,-0.005284187230014781
21543,-0.05588900000000008,-0.028092511,0.027796489001751024,8.79213,9.921745,1.1296153002929685,7.498539999999998,8.839112,1.340572281799318,0.05059139999999995,0.07530721,0.024715812769985246
21544,-0.03588900000000006,-0.028092511,0.007796489001751006,10.11213,9.921745,-0.19038469970703176,9.54854,8.839112,-0.7094277182006827,0.08059139999999998,0.07530721,-0.005284187230014781
21545,-0.06588900000000009,-0.028092511,0.03779648900175103,9.302130000000002,9.921745,0.619615300292967,7.48854,8.839112,1.350572281799316,0.040591399999999944,0.07530721,0.034715812769985255
21546,-0.02588900000000005,-0.028092511,-0.002203510998249003,9.942130000000002,9.921745,-0.020384699707033604,9.38854,8.839112,-0.5494277182006844,0.07059139999999997,0.07530721,0.004715812769985228
21567,0.19313999999999998,0.10134073,-0.09179926653146742,16.58115,14.056011,-2.525138800048829,13.638750000000002,11.202658,-2.4360923004150408,0.03882269999999999,0.06334861,0.02452591367940904
21568,0.043139999999999956,0.10134073,0.058200733468532606,11.931149999999999,14.056011,2.124861199951173,9.078750000000001,11.202658,2.1239076995849597,0.01882269999999997,0.06334861,0.04452591367940906
21570,0.17313999999999996,0.10134073,-0.0717992665314674,15.841149999999999,14.056011,-1.785138800048827,14.028750000000002,11.202658,-2.8260923004150413,0.11882269999999995,0.06334861,-0.05547408632059092
21571,0.26313999999999993,0.10134073,-0.16179926653146737,18.531149999999997,14.056011,-4.475138800048825,16.76875,11.202658,-5.56609230041504,0.21882269999999998,0.06334861,-0.15547408632059095
21572,0.17313999999999996,0.10134073,-0.0717992665314674,17.19115,14.056011,-3.1351388000488285,14.888750000000002,11.202658,-3.6860923004150408,0.11882269999999995,0.06334861,-0.05547408632059092
21573,0.07313999999999998,0.10134073,0.02820073346853258,11.32115,14.056011,2.7348611999511725,9.59875,11.202658,1.6039076995849602,0.0488227,0.06334861,0.01452591367940903
21574,0.0031399999999999206,0.10134073,0.09820073346853264,9.96115,14.056011,4.094861199951172,5.298750000000002,11.202658,5.903907699584959,-0.0711773,0.06334861,0.13452591367940903
21575,0.18313999999999997,0.10134073,-0.08179926653146741,16.37115,14.056011,-2.315138800048828,14.598750000000003,11.202658,-3.3960923004150416,0.13882269999999997,0.06334861,-0.07547408632059094
21576,0.26313999999999993,0.10134073,-0.16179926653146737,20.531149999999997,14.056011,-6.475138800048825,17.558750000000003,11.202658,-6.3560923004150425,0.2288227,0.06334861,-0.16547408632059096
21579,-0.04211930000000008,0.046298932,0.08841823228411683,1.4563799999999993,7.168001,5.7116211749267585,1.4218700000000002,6.197393,4.77552294052124,0.04652119999999993,0.11490289,0.06838169121866233
21581,0.07788069999999991,0.046298932,-0.03158176771588317,6.356379999999998,7.168001,0.8116211749267599,7.85187,6.197393,-1.6544770594787597,0.16652119999999992,0.11490289,-0.05161830878133766
21582,0.13788069999999997,0.046298932,-0.09158176771588322,7.686379999999998,7.168001,-0.5183788250732402,9.371870000000001,6.197393,-3.174477059478761,0.19652119999999995,0.11490289,-0.08161830878133769
21640,0.205488,0.06401346,-0.14147454121160508,14.441820000000003,11.893816,-2.548004005737308,14.91644,11.053671,-3.8627691168212888,0.24630780000000002,0.10576108,-0.14054671901969912
21642,0.025487999999999955,0.06401346,0.03852545878839497,13.741820000000002,11.893816,-1.848004005737307,11.716439999999999,11.053671,-0.6627691168212877,0.11630780000000007,0.10576108,-0.010546719019699169
21643,-0.007511999999999963,0.06401346,0.07152545878839489,14.641820000000003,11.893816,-2.7480040057373074,11.216439999999999,11.053671,-0.1627691168212877,0.06630780000000003,0.10576108,0.039453280980300875
21644,-0.010512000000000077,0.06401346,0.074525458788395,15.541820000000003,11.893816,-3.6480040057373078,11.01644,11.053671,0.037230883178711593,0.0063078000000000856,0.10576108,0.09945328098030082
21645,0.06348799999999999,0.06401346,0.0005254587883949391,17.04182,11.893816,-5.148004005737306,15.31644,11.053671,-4.262769116821289,0.25630780000000003,0.10576108,-0.15054671901969913
21646,0.18948799999999988,0.06401346,-0.12547454121160495,14.641820000000003,11.893816,-2.7480040057373074,15.01644,11.053671,-3.9627691168212884,0.24630780000000002,0.10576108,-0.14054671901969912
21647,0.210488,0.06401346,-0.14647454121160508,17.441820000000003,11.893816,-5.548004005737308,16.51644,11.053671,-5.462769116821288,0.2963078,0.10576108,-0.1905467190196991
21725,0.1522150000000001,0.021604784,-0.13061021616697321,17.07835,9.44429,-7.634059838867188,13.837250000000001,6.7910376,-7.046212440490724,0.052264100000000036,0.007564859,-0.04469924100089673
21726,0.11221500000000006,0.021604784,-0.09061021616697318,16.278349999999996,9.44429,-6.834059838867184,13.527250000000002,6.7910376,-6.736212440490725,0.09226410000000007,0.007564859,-0.08469924100089676
21727,0.23221500000000006,0.021604784,-0.21061021616697317,15.368349999999998,9.44429,-5.924059838867185,13.617250000000002,6.7910376,-6.826212440490725,0.052264100000000036,0.007564859,-0.04469924100089673
21728,0.08221500000000015,0.021604784,-0.06061021616697326,10.52835,9.44429,-1.0840598388671872,9.587250000000001,6.7910376,-2.7962124404907236,0.062264100000000044,0.007564859,-0.05469924100089674
21729,0.012215000000000087,0.021604784,0.009389783833026799,9.518349999999998,9.44429,-0.07405983886718559,6.267250000000001,6.7910376,0.5237875595092767,-0.03773589999999993,0.007564859,0.04530075899910324
21730,0.032215000000000105,0.021604784,-0.010610216166973219,8.68835,9.44429,0.7559401611328127,6.2272500000000015,6.7910376,0.5637875595092758,-0.017735899999999916,0.007564859,0.025300758999103223
21731,0.012215000000000087,0.021604784,0.009389783833026799,8.588349999999998,9.44429,0.8559401611328141,6.007250000000001,6.7910376,0.7837875595092765,-0.007735899999999907,0.007564859,0.015300758999103214
21732,-0.007784999999999931,0.021604784,0.029389783833026817,8.668349999999997,9.44429,0.7759401611328158,5.557250000000002,6.7910376,1.2337875595092758,-0.027735899999999925,0.007564859,0.03530075899910323
21735,0.21221500000000004,0.021604784,-0.19061021616697316,19.81835,9.44429,-10.374059838867186,15.21725,6.7910376,-8.426212440490723,-0.017735899999999916,0.007564859,0.025300758999103223
21736,0.21221500000000004,0.021604784,-0.19061021616697316,19.74835,9.44429,-10.304059838867186,14.547250000000002,6.7910376,-7.7562124404907244,-0.09773589999999999,0.007564859,0.1053007589991033
21737,0.08221500000000015,0.021604784,-0.06061021616697326,17.448349999999998,9.44429,-8.004059838867185,12.69725,6.7910376,-5.906212440490723,-0.027735899999999925,0.007564859,0.03530075899910323
21738,0.042215000000000114,0.021604784,-0.020610216166973228,15.108349999999998,9.44429,-5.6640598388671854,10.747250000000001,6.7910376,-3.9562124404907237,-0.027735899999999925,0.007564859,0.03530075899910323
21739,0.032215000000000105,0.021604784,-0.010610216166973219,11.908349999999999,9.44429,-2.464059838867186,8.047250000000002,6.7910376,-1.2562124404907244,-0.04773589999999994,0.007564859,0.05530075899910325
21779,-0.07001000000000013,0.03703833,0.10704832998871816,7.657590000000003,9.847259,2.189668567810056,4.98508,7.297908,2.312827829284668,0.023483599999999938,0.02796787,0.004484270235443177
21816,0.1430530000000001,0.09887304,-0.04417995842981348,8.984370000000002,10.427754,1.4433844021606426,10.41232,10.787231,0.37491144531250065,0.026765299999999992,0.044710845,0.017945544755172738
22052,0.06238699999999997,0.033777297,-0.028609703456878632,9.935680000000001,9.442046,-0.4936338345336928,8.33515,7.749444,-0.5857059921264653,0.026455999999999924,0.044281885,0.017825885027885513
22053,-0.0176130000000001,0.033777297,0.05139029654312144,7.635680000000001,9.442046,1.806366165466308,4.895150000000001,7.749444,2.854294007873534,-0.010544000000000109,0.044281885,0.054825885027885546
22070,-0.057784999999999975,0.020658191,0.07844319129347799,4.458349999999999,8.797539,4.339188757324219,0.5772500000000029,6.602898,6.025648120880124,-0.06773589999999996,0.020141445,0.08787734510030742
22071,-0.02778499999999995,0.020658191,0.04844319129347796,4.708349999999999,8.797539,4.089188757324219,1.9072500000000012,6.602898,4.695648120880126,-0.03773589999999993,0.020141445,0.0578773451003074
22072,-0.02778499999999995,0.020658191,0.04844319129347796,5.448349999999998,8.797539,3.349188757324221,2.957250000000002,6.602898,3.645648120880125,-0.017735899999999916,0.020141445,0.03787734510030738
22073,-0.02778499999999995,0.020658191,0.04844319129347796,5.6283499999999975,8.797539,3.1691887573242212,2.7672500000000007,6.602898,3.8356481208801263,-0.027735899999999925,0.020141445,0.04787734510030739
22074,-0.057784999999999975,0.020658191,0.07844319129347799,4.548349999999999,8.797539,4.2491887573242195,0.7872500000000002,6.602898,5.815648120880127,-0.05773589999999995,0.020141445,0.07787734510030742
22111,0.1093869999999999,0.04152767,-0.06785933012318601,11.185680000000001,9.131882,-2.053798286132814,9.20515,7.613005,-1.5921448387145993,0.0014560000000000128,0.023207868,0.021751867518067347
22112,0.09738699999999989,0.04152767,-0.055859330123186,9.965680000000003,9.131882,-0.833798286132815,7.575150000000001,7.613005,0.037855161285399674,-0.03854400000000002,0.023207868,0.06175186751806738
22113,0.1123869999999999,0.04152767,-0.07085933012318602,11.705680000000001,9.131882,-2.5737982861328135,9.07515,7.613005,-1.4621448387146003,-0.03854400000000002,0.023207868,0.06175186751806738
22114,0.11938699999999991,0.04152767,-0.07785933012318602,11.805680000000002,9.131882,-2.673798286132815,9.395150000000001,7.613005,-1.7821448387146006,-0.028544000000000014,0.023207868,0.051751867518067374
22115,0.13238699999999992,0.04152767,-0.09085933012318603,12.435680000000001,9.131882,-3.303798286132814,10.33515,7.613005,-2.7221448387146,0.0014560000000000128,0.023207868,0.021751867518067347
22116,0.025386999999999937,0.04152767,0.01614066987681395,8.435680000000001,9.131882,0.6962017138671861,6.18515,7.613005,1.4278551612854002,-0.008543999999999996,0.023207868,0.031751867518067356
22118,0.09938699999999989,0.04152767,-0.057859330123186004,10.185680000000001,9.131882,-1.053798286132814,8.17515,7.613005,-0.5621448387146,-0.018544000000000005,0.023207868,0.041751867518067365
22120,0.025386999999999937,0.04152767,0.01614066987681395,8.435680000000001,9.131882,0.6962017138671861,6.18515,7.613005,1.4278551612854002,-0.008543999999999996,0.023207868,0.031751867518067356
22121,0.023386999999999936,0.04152767,0.018140669876813953,9.075680000000002,9.131882,0.05620171386718553,6.665150000000001,7.613005,0.9478551612853998,-0.008543999999999996,0.023207868,0.031751867518067356
22122,0.2423869999999999,0.04152767,-0.20085933012318602,10.90568,9.131882,-1.7737982861328128,7.825150000000001,7.613005,-0.21214483871460033,-0.028544000000000014,0.023207868,0.051751867518067374
22181,0.07321500000000014,0.020658191,-0.05255680870652213,10.248349999999999,8.797539,-1.4508112426757798,8.467250000000002,6.602898,-1.8643518791198748,0.02226410000000001,0.020141445,-0.0021226548996925443
22182,0.008215000000000083,0.020658191,0.012443191293477929,8.61835,8.797539,0.17918875732421924,4.647250000000001,6.602898,1.9556481208801255,-0.07773589999999997,0.020141445,0.09787734510030743
22183,0.018215000000000092,0.020658191,0.00244319129347792,8.198349999999998,8.797539,0.5991887573242209,5.2272500000000015,6.602898,1.3756481208801254,-0.03773589999999993,0.020141445,0.0578773451003074
22184,0.033215000000000106,0.020658191,-0.012556808706522093,10.690349999999999,8.797539,-1.89281124267578,7.927250000000001,6.602898,-1.3243518791198738,0.002264100000000102,0.020141445,0.017877345100307362
22185,0.0282150000000001,0.020658191,-0.007556808706522089,9.056349999999998,8.797539,-0.2588112426757796,5.517250000000001,6.602898,1.0856481208801263,-0.05773589999999995,0.020141445,0.07787734510030742
22186,0.033215000000000106,0.020658191,-0.012556808706522093,7.241349999999997,8.797539,1.5561887573242217,6.02725,6.602898,0.5756481208801265,0.02226410000000001,0.020141445,-0.0021226548996925443
22187,0.06221500000000013,0.020658191,-0.04155680870652212,8.978349999999999,8.797539,-0.1808112426757802,8.18725,6.602898,-1.5843518791198736,0.062264100000000044,0.020141445,-0.04212265489969258
22188,0.022215000000000096,0.020658191,-0.0015568087065220837,7.768349999999998,8.797539,1.0291887573242207,5.157250000000001,6.602898,1.4456481208801257,-0.017735899999999916,0.020141445,0.03787734510030738
22189,0.022215000000000096,0.020658191,-0.0015568087065220837,7.488349999999997,8.797539,1.3091887573242218,5.187250000000001,6.602898,1.4156481208801264,-0.007735899999999907,0.020141445,0.02787734510030737
22192,0.022213999999999956,0.020820603,-0.0013933972253798999,13.186860000000003,13.441605,0.2547446142578096,10.55787,11.36402,0.8061503475952154,0.05469860000000004,0.026509639,-0.028188961124277157
22193,0.05221399999999998,0.020820603,-0.031393397225379926,18.686860000000003,13.441605,-5.24525538574219,13.25787,11.36402,-1.8938496524047856,0.014698600000000006,0.026509639,0.011811038875722879
22331,0.025202000000000058,0.008388179,-0.016813820645630417,7.936509999999998,9.517541,1.5810309317016618,10.0364,11.328083,1.2916830383300777,0.14513739999999997,0.15946303,0.014325633080101041
22332,0.025202000000000058,0.008388179,-0.016813820645630417,7.936509999999998,9.517541,1.5810309317016618,10.0364,11.328083,1.2916830383300777,0.14513739999999997,0.15946303,0.014325633080101041
22333,0.025202000000000058,0.008388179,-0.016813820645630417,7.936509999999998,9.517541,1.5810309317016618,10.0364,11.328083,1.2916830383300777,0.14513739999999997,0.15946303,0.014325633080101041
22418,0.06238699999999997,0.025257485,-0.03712951501262185,7.40568,9.61407,2.2083899386596677,5.905150000000001,7.3261967,1.4210466705322258,-0.008543999999999996,0.036744792,0.045288792014360424
22487,-0.04631699999999994,-0.027306397,0.01901060348582262,5.958660000000002,7.540908,1.5822478598022442,9.058400000000002,8.55631,-0.5020902999877954,0.23238349999999997,0.1320495,-0.10033399905776974
22489,-0.08631699999999998,-0.027306397,0.059010603485822655,6.758659999999999,7.540908,0.7822478598022471,9.658400000000002,8.55631,-1.102090299987795,0.2523835,0.1320495,-0.12033399905776976
22491,-0.016316999999999915,-0.027306397,-0.010989396514177407,7.85866,7.540908,-0.31775214019775433,10.258400000000002,8.55631,-1.7020902999877947,0.21238350000000006,0.1320495,-0.08033399905776983
22502,0.11451500000000003,0.008383562,-0.10613143814295534,10.678439999999998,8.689632,-1.988807584228514,14.24813,7.827508,-6.420622027282715,0.314724,0.09644521,-0.2182787897219658
22505,-0.07548500000000002,0.008383562,0.08386856185704472,6.228439999999999,8.689632,2.4611924157714853,3.4881300000000017,7.827508,4.339377972717283,-0.015275999999999956,0.09644521,0.11172121027803417
22633,-0.09498000000000006,-0.049161483,0.0458185173976422,6.551690000000001,8.40169,1.8499995294189446,1.5366199999999992,4.9172544,3.3806344479370125,-0.06808219999999998,0.025381843,0.09346404262812136
22634,-0.10098000000000007,-0.049161483,0.051818517397642205,7.101690000000001,8.40169,1.299999529418944,2.6866200000000013,4.9172544,2.2306344479370104,-0.03608219999999995,0.025381843,0.06146404262812133
22636,-0.07098000000000004,-0.049161483,0.02181851739764218,8.221690000000002,8.40169,0.17999952941894293,6.39662,4.9172544,-1.4793655520629887,0.06991780000000003,0.025381843,-0.044535957371878654
22679,0.06407600000000002,0.050301068,-0.013774932468891166,6.877839999999999,8.179093,1.3012533609008798,12.735679999999999,9.63767,-3.0980104367065415,0.07218659999999999,0.098424874,0.026238274246120463
22680,-0.00592400000000004,0.050301068,0.0562250675311089,6.277839999999998,8.179093,1.9012533609008813,6.93568,9.63767,2.7019895632934574,0.07218659999999999,0.098424874,0.026238274246120463
22681,-0.03592400000000007,0.050301068,0.08622506753110892,3.477839999999997,8.179093,4.701253360900882,5.535679999999999,9.63767,4.101989563293458,0.032186600000000065,0.098424874,0.06623827424612039
23025,0.21315899999999988,0.12576808,-0.087390919646263,12.027910000000002,12.965999,0.9380886495971659,18.850099999999998,17.479837,-1.3702625823974586,0.44534360000000006,0.34110388,-0.10423971840248114
23026,0.19315899999999997,0.12576808,-0.06739091964626309,12.907910000000005,12.965999,0.05808864959716331,18.8701,17.479837,-1.3902625823974617,0.42534360000000004,0.34110388,-0.08423971840248112
23058,-0.02761300000000011,0.023623155,0.05123615542995941,7.915680000000002,8.88656,0.9708804400634747,4.405149999999999,7.1155653,2.710415299987794,-0.04854400000000003,0.038569044,0.08711304432177547
23104,-0.05910499999999996,-0.012361949,0.046743050690293275,3.57723,5.044295,1.4670648341369628,3.5110600000000005,4.7798324,1.2687723631286616,0.07304710000000003,0.09700194,0.023954840011978118
23105,-0.05910499999999996,-0.012361949,0.046743050690293275,4.027229999999999,5.044295,1.0170648341369635,2.87106,4.7798324,1.9087723631286622,0.033047099999999996,0.09700194,0.06395484001197815
23106,-0.05910499999999996,-0.012361949,0.046743050690293275,4.027229999999999,5.044295,1.0170648341369635,2.87106,4.7798324,1.9087723631286622,0.033047099999999996,0.09700194,0.06395484001197815
23107,-0.019104999999999928,-0.012361949,0.00674305069029324,3.3372300000000017,5.044295,1.7070648341369612,3.7510600000000025,4.7798324,1.0287723631286596,0.06304710000000002,0.09700194,0.03395484001197813
23108,-0.019104999999999928,-0.012361949,0.00674305069029324,3.3372300000000017,5.044295,1.7070648341369612,3.7510600000000025,4.7798324,1.0287723631286596,0.06304710000000002,0.09700194,0.03395484001197813
23109,-0.019104999999999928,-0.012361949,0.00674305069029324,3.497230000000002,5.044295,1.547064834136961,4.831060000000001,4.7798324,-0.05122763687133869,0.10304709999999995,0.09700194,-0.006045159988021798
23139,0.1023869999999999,0.026054373,-0.07633262698900689,8.485680000000002,8.92857,0.44288979370116976,8.59515,7.1627374,-1.4324126304626468,0.061455999999999955,0.035833266,-0.02562273436760898
23302,-0.09956500000000013,0.08135546,0.18092045998811734,7.203769999999999,11.690189,4.486419361572267,4.556880000000001,10.214965,5.658084866638182,0.051134800000000036,0.104638696,0.053503895716857874
23303,0.014434999999999976,0.08135546,0.06692045998811724,9.373769999999999,11.690189,2.316419361572267,8.486880000000001,10.214965,1.7280848666381825,0.12113479999999999,0.104638696,-0.016496104283142077
23304,0.23743499999999995,0.08135546,-0.15607954001188273,11.42377,11.690189,0.2664193615722663,11.326880000000001,10.214965,-1.1119151333618174,0.10213479999999997,0.104638696,0.00250389571685794
23305,0.26143499999999986,0.08135546,-0.18007954001188264,13.00377,11.690189,-1.3135806384277338,13.37688,10.214965,-3.1619151333618163,0.21513479999999996,0.104638696,-0.11049610428314205
23307,0.1347520000000001,0.08759457,-0.04715743127059946,23.536230000000003,14.132909,-9.403321178894046,20.24323,11.411056,-8.83217443511963,0.20431639999999995,0.17200176,-0.03231463582172389
23338,0.05221500000000012,0.034514047,-0.017700952794551972,7.138349999999999,8.568287,1.429936895751954,6.1072500000000005,7.1376514,1.0304014434814448,0.0122641,0.04904659,0.036782490924263
23340,0.25337699999999996,0.22457828,-0.028798723723411523,7.034000000000001,6.778082,-0.25591810607910226,9.8681,9.532326,-0.33577425537109384,0.2667578,0.25891596,-0.007841839211273183
23341,0.1883769999999999,0.22457828,0.036201276276588534,4.033999999999999,6.778082,2.7440818939208995,7.568099999999999,9.532326,1.9642257446289069,0.17675779999999996,0.25891596,0.08215816078872684
23342,0.19437700000000002,0.22457828,0.030201276276588418,3.1340000000000003,6.778082,3.644081893920898,6.9681,9.532326,2.5642257446289065,0.16375779999999995,0.25891596,0.09515816078872685
23343,0.24037699999999995,0.22457828,-0.015798723723411512,2.8339999999999996,6.778082,3.944081893920899,7.6681,9.532326,1.8642257446289063,0.19875779999999998,0.25891596,0.06015816078872682
23355,0.405377,0.22457828,-0.18079872372341155,13.334,6.778082,-6.555918106079101,13.168099999999999,9.532326,-3.635774255371093,0.3437578,0.25891596,-0.0848418392112732
23356,0.12537699999999996,0.22457828,0.09920127627658848,7.934000000000001,6.778082,-1.1559181060791026,10.9681,9.532326,-1.4357742553710935,0.3387578,0.25891596,-0.07984183921127319
23357,0.1853769999999999,0.22457828,0.03920127627658854,5.634,6.778082,1.144081893920898,10.0681,9.532326,-0.5357742553710931,0.3087578,0.25891596,-0.04984183921127322
23359,0.285377,0.22457828,-0.06079872372341155,10.134,6.778082,-3.355918106079102,11.9681,9.532326,-2.4357742553710935,0.3387578,0.25891596,-0.07984183921127319
23526,0.12715700000000008,0.08909839,-0.03805861353349693,7.41647,6.992319,-0.4241508929443363,10.21476,8.556952,-1.6578075234985352,0.16309320000000005,0.14029233,-0.022800868423652698
23646,0.2995052,0.16517358,-0.13433162471790316,9.35202,8.976832,-0.3751876101684566,8.989729999999998,8.591652,-0.39807808349609175,0.06508250000000004,0.08967062,0.024588120858669238
23647,0.2895052,0.16517358,-0.12433162471790316,8.90202,8.976832,0.0748123898315427,8.369729999999999,8.591652,0.22192191650390747,0.055082500000000034,0.08967062,0.03458812085866925
23679,0.054643,0.035488486,-0.01915451371002197,4.84188,5.7137027,0.8718226786804202,10.898890000000002,8.614837,-2.284053307189943,0.2975966,0.14846243,-0.14913417035732268
23680,0.0025079999999999547,0.013540017,0.011032017418563411,4.282170000000004,5.4717665,1.1895964718627887,4.037049999999999,5.2906027,1.2535526840209972,0.005777199999999927,0.03349588,0.027718680663395
23681,0.035414999999999974,0.060547117,0.025132117143869426,5.395870000000002,5.470537,0.07466718566894315,2.4469600000000007,3.6239119,1.1769518576049798,-0.045522300000000016,-0.022578686,0.02294361352424623
23682,0.03423899999999991,0.060547117,0.02630811714386949,2.141490000000001,5.470537,3.3290471856689443,-0.847900000000001,3.6239119,4.4718118576049815,-0.09972800000000004,-0.022578686,0.07714931352424625
23685,0.11048000000000002,0.111557074,0.0010770738911628497,13.32834,13.000967,-0.3273729742431648,5.893020000000002,6.4678516,0.5748316387939436,-0.06188970000000005,-0.049045738,0.012843962167215395
24010,-0.10612900000000014,-0.015726393,0.09040260691130175,5.761879999999998,7.134637,1.3727568789672873,0.8259000000000007,4.138549,3.312648851013183,-0.07200939999999989,-0.006627586,0.06538181379544128
24011,-0.08095200000000013,-0.008124677,0.07282732253563418,9.71708,8.775125,-0.9419554501342766,5.0513200000000005,5.944429,0.8931089207458491,-0.027748099999999942,0.014150462,0.04189856211332077
24012,-0.08095200000000013,-0.008124677,0.07282732253563418,9.22708,8.775125,-0.4519554501342782,3.9613200000000006,5.944429,1.983108920745849,-0.05574809999999997,0.014150462,0.0698985621133208
24013,-0.06095200000000012,-0.008124677,0.05282732253563416,9.05708,8.775125,-0.2819554501342765,4.441320000000001,5.944429,1.5031089207458486,-0.04474809999999996,0.014150462,0.058898562113320785
24126,0.07238699999999998,0.023623155,-0.04876384457004068,8.38568,8.88656,0.5008804400634759,7.70515,7.1155653,-0.5895847000122068,0.04145599999999994,0.038569044,-0.002886955678224501
24127,0.022386999999999935,0.023623155,0.0012361554299593625,7.4756800000000005,8.88656,1.410880440063476,8.40515,7.1155653,-1.2895847000122078,0.1314559999999999,0.038569044,-0.09288695567822447
24128,0.0063869999999999205,0.023623155,0.017236155429959377,6.665680000000002,8.88656,2.2208804400634747,6.60515,7.1155653,0.5104152999877929,0.08145599999999997,0.038569044,-0.042886955678224536
24129,0.002386999999999917,0.023623155,0.02123615542995938,6.265680000000003,8.88656,2.6208804400634733,5.50515,7.1155653,1.6104152999877925,0.04145599999999994,0.038569044,-0.002886955678224501
24209,-0.07623600000000019,0.002650929,0.0788869289164098,11.673869999999997,9.725948,-1.947921666259763,8.162320000000001,10.569717,2.4073974072265614,0.03040010000000004,0.10370007,0.0732999715732574
24285,0.05906000000000011,0.085434176,0.0263741760277747,8.22617,10.162383,1.9362130795288088,10.707510000000001,12.057529,1.3500194494628897,0.13264829999999994,0.20756389,0.07491559200687414
24368,0.03420500000000004,0.032148793,-0.002056206660270732,1.1225800000000028,6.573925,5.451345018310544,3.5851100000000002,6.9002776,3.3151676145935056,0.11778159999999993,0.129474,0.011692399142646859
24369,0.021560000000000024,-0.0030847238,-0.024644723837673688,9.41901,10.335861,0.9168512060546874,6.7472400000000015,7.1564717,0.409231729278563,-0.011720999999999981,-0.013580968,-0.001859967672169227
24370,-0.06844000000000006,-0.0030847238,0.06535527616232639,10.609010000000001,10.335861,-0.2731487939453139,8.86724,7.1564717,-1.7107682707214362,0.06827899999999998,-0.013580968,-0.08185996767216919
24371,-0.06844000000000006,-0.0030847238,0.06535527616232639,10.609010000000001,10.335861,-0.2731487939453139,5.417240000000001,7.1564717,1.739231729278563,-0.04172100000000001,-0.013580968,0.0281400323278308
24372,-0.09844000000000008,-0.0030847238,0.09535527616232642,8.70901,10.335861,1.6268512060546882,3.517240000000001,7.1564717,3.6392317292785634,-0.061721000000000026,-0.013580968,0.04814003232783082
24388,0.2219899999999999,0.03703833,-0.18495167001128188,13.32159,9.847259,-3.474331432189942,13.585080000000001,7.297908,-6.287172170715333,0.14348359999999993,0.02796787,-0.11551572976455682
24389,0.15112800000000004,0.12081635,-0.030311650016784708,11.10161,10.505614,-0.5959957192993173,13.13899,11.836302,-1.3026881964111325,0.15830339999999998,0.12675133,-0.03155206652488707
24390,0.13112800000000002,0.12081635,-0.01031165001678469,8.30161,10.505614,2.2040042807006834,11.03899,11.836302,0.7973118035888671,0.12830339999999996,0.12675133,-0.0015520665248870413
24391,0.24346899999999994,0.17088264,-0.07258635773086541,12.975609999999996,14.133462,1.1578519522094766,8.44803,8.037955,-0.4100747158813469,-0.03491660000000002,-0.02459415,0.010322449516391774
24465,-0.05436799999999997,0.053822473,0.10819047269153592,8.184450000000002,10.146247,1.961796910095213,10.25235,11.748649,1.4962986434936525,0.19939050000000003,0.18906204,-0.010328455975532558
24582,-0.057613000000000136,0.025257485,0.08287048498737826,7.33568,9.61407,2.278389938659668,3.3851499999999994,7.3261967,3.941046670532227,-0.040544000000000024,0.036744792,0.07728879201436045
24588,-0.057613000000000136,0.025257485,0.08287048498737826,7.33568,9.61407,2.278389938659668,3.3851499999999994,7.3261967,3.941046670532227,-0.040544000000000024,0.036744792,0.07728879201436045
24704,-0.0176130000000001,0.011724639,0.029337638752639394,6.605680000000003,8.651269,2.045588959045407,3.405149999999999,5.0458913,1.640741284942628,-0.03854400000000002,-0.0009389948,0.03760500519001486
24705,-0.02761300000000011,0.011724639,0.0393376387526394,7.205680000000001,8.651269,1.4455889590454092,3.2051499999999997,5.0458913,1.8407412849426272,-0.06854400000000005,-0.0009389948,0.06760500519001489
24706,-0.04761300000000013,0.011724639,0.05933763875263942,7.605680000000003,8.651269,1.045588959045407,2.905149999999999,5.0458913,2.140741284942628,-0.07854400000000006,-0.0009389948,0.0776050051900149
24707,-0.03761300000000012,0.011724639,0.04933763875263941,7.505680000000002,8.651269,1.1455889590454085,4.305150000000001,5.0458913,0.7407412849426258,-0.018544000000000005,-0.0009389948,0.017605005190014844
24709,-0.04761300000000013,0.011724639,0.05933763875263942,6.205680000000001,8.651269,2.445588959045409,2.805150000000001,5.0458913,2.240741284942626,-0.028544000000000014,-0.0009389948,0.027605005190014853
24710,-0.057613000000000136,0.011724639,0.06933763875263943,6.105680000000003,8.651269,2.545588959045407,2.605150000000002,5.0458913,2.440741284942625,-0.03854400000000002,-0.0009389948,0.03760500519001486
24713,-0.02761300000000011,0.011724639,0.0393376387526394,6.505680000000002,8.651269,2.1455889590454085,2.805150000000001,5.0458913,2.240741284942626,-0.05854400000000004,-0.0009389948,0.05760500519001488
24714,-0.02761300000000011,0.011724639,0.0393376387526394,6.605680000000003,8.651269,2.045588959045407,2.605150000000002,5.0458913,2.440741284942625,-0.06854400000000005,-0.0009389948,0.06760500519001489
24717,-0.057613000000000136,0.011724639,0.06933763875263943,6.205680000000001,8.651269,2.445588959045409,1.8051500000000011,5.0458913,3.240741284942626,-0.06854400000000005,-0.0009389948,0.06760500519001489
24969,-0.03778499999999996,0.020658191,0.05844319129347797,8.588349999999998,8.797539,0.20918875732422038,6.917250000000001,6.602898,-0.31435187911987406,0.062264100000000044,0.020141445,-0.04212265489969258
24986,0.0018689999999998985,0.009287316,0.007418316352129084,12.554590000000005,13.296274,0.7416841851806595,16.652449999999998,13.607014,-3.04543629760742,-0.04840769999999994,-0.08097676,-0.03256906187753683
24988,0.0018689999999998985,0.009287316,0.007418316352129084,17.154590000000006,13.296274,-3.858315814819342,16.652449999999998,13.607014,-3.04543629760742,-0.2384077,-0.08097676,0.15743093812246323
24990,0.06186899999999995,0.009287316,-0.05258168364787097,16.954590000000003,13.296274,-3.658315814819339,16.652449999999998,13.607014,-3.04543629760742,-0.17840769999999995,-0.08097676,0.09743093812246317
25161,0.12238699999999991,0.046275973,-0.07611102667999259,8.90568,9.723824,0.818143547363281,9.50515,8.216154,-1.2889959014892582,0.10145599999999999,0.043471757,-0.05798424267745017
25162,0.12238699999999991,0.046275973,-0.07611102667999259,8.705680000000001,9.723824,1.0181435473632803,8.50515,8.216154,-0.28899590148925824,0.051455999999999946,0.043471757,-0.007984242677450126
25230,0.1285139999999999,0.14591593,0.017401925502777194,8.763110000000001,10.8600235,2.096913498535155,10.682830000000001,12.004734,1.3219040393066397,0.13898579999999994,0.14861412,0.009628323463630739
25232,0.14851399999999992,0.14591593,-0.0025980744972228242,10.083110000000001,10.8600235,0.7769134985351549,11.552830000000002,12.004734,0.4519040393066387,0.15898579999999995,0.14861412,-0.010371676536369279
25234,0.21851399999999988,0.14591593,-0.07259807449722278,6.833110000000001,10.8600235,4.026913498535155,12.242830000000001,12.004734,-0.2380959606933608,0.2089858,0.14861412,-0.06037167653636932
25291,0.08121500000000015,0.020658191,-0.060556808706522136,7.538349999999998,8.797539,1.259188757324221,7.807250000000002,6.602898,-1.2043518791198746,0.06426410000000005,0.020141445,-0.04412265489969258
25300,-0.02778499999999995,0.041271366,0.06905636617898936,5.338349999999998,7.811022,2.472671804809572,3.1072500000000005,6.3403945,3.233144496917724,-0.007735899999999907,0.041271087,0.04900698678221693
25301,0.002215000000000078,0.041271366,0.03905636617898933,4.93835,7.811022,2.8726718048095705,3.6072500000000005,6.3403945,2.733144496917724,0.002264100000000102,0.041271087,0.039006986782216924
25340,-0.03940300000000008,-0.010034193,0.029368806715190487,7.961499999999997,8.62703,0.6655303726196315,2.869440000000001,5.632725,2.7632847619628897,-0.08285969999999998,-0.0113433935,0.0715163065251827
25341,-0.04665800000000009,-0.0029275136,0.043730486439719884,7.937749999999998,9.308713,1.3709629592895531,2.4916199999999975,5.7129726,3.2213526409912134,-0.08980929999999998,-0.012764175,0.07704512457751034
25342,-0.05906300000000009,0.018920254,0.07798325396227845,2.6450500000000012,6.345789,3.7007389556884753,-0.26829000000000036,5.5701375,5.83842750076294,-0.047492700000000054,-0.03458918,0.012903521139812524
25345,-0.04665800000000009,-0.0029275136,0.043730486439719884,8.037749999999999,9.308713,1.2709629592895517,2.8916199999999996,5.7129726,2.8213526409912113,-0.07980929999999997,-0.012764175,0.06704512457751033
25346,-0.04906300000000008,0.018920254,0.06798325396227844,2.6450500000000012,6.345789,3.7007389556884753,0.03171000000000035,5.5701375,5.538427500762939,-0.04049270000000005,-0.03458918,0.005903521139812518
25673,0.012386999999999926,0.04152767,0.029140669876813963,5.635680000000001,9.131882,3.496201713867187,5.395150000000001,7.613005,2.2178551612853994,0.051455999999999946,0.023207868,-0.028248132481932586
25675,0.21238699999999988,0.04152767,-0.170859330123186,6.24568,9.131882,2.8862017138671874,9.26515,7.613005,-1.6521448387145998,0.08145599999999997,0.023207868,-0.05824813248193261
25844,0.04167900000000002,0.04573199,0.0040529915294647,7.97982,8.171933,0.19211317413330065,6.31747,7.0807977,0.7633276722717284,0.0030944000000000527,0.056853473,0.05375907318649287
25845,0.04167900000000002,0.006899876,-0.03477912394562366,8.11982,8.57866,0.4588400112915032,6.617470000000001,5.9485354,-0.6689345576477059,0.01309439999999995,0.011568755,-0.001525645088577221
26269,-0.116317,-0.0041945255,0.11212247446385026,3.4060699999999997,5.89468,2.4886100231933597,3.3550499999999985,6.463608,3.108557788085939,0.10665259999999999,0.09931348,-0.007339117357826219
26523,-0.06761600000000012,-0.0066281687,0.06098783125317109,5.902649999999998,8.4446945,2.542044519042971,5.4033999999999995,7.186787,1.7833871284484868,-0.0815285,0.0013967506,0.08292525056561828
26524,-0.028615999999999975,-0.0066281687,0.021987831253170942,6.902649999999998,8.4446945,1.542044519042971,7.4033999999999995,7.186787,-0.2166128715515132,-0.05852849999999998,0.0013967506,0.05992525056561826
26633,0.018588999999999967,0.008042353,-0.010546646794617143,5.07254,7.853144,2.7806041688537597,5.478440000000001,7.689718,2.211277769622802,0.05888559999999998,0.10570423,0.04681863305034639
26690,0.05171700000000001,0.02881544,-0.02290155916643144,12.760720000000001,10.556801,-2.2039191577148447,11.1389,8.129009,-3.0098907531738277,0.10500520000000002,0.019920852,-0.08508434796471598
26691,0.011716999999999977,0.02881544,0.017098440833568596,9.460720000000002,10.556801,1.0960808422851542,7.1389,8.129009,0.9901092468261723,0.01500519999999994,0.019920852,0.0049156520352841016
26950,0.053247000000000044,0.047867797,-0.005379202684879347,9.938460000000003,9.428579,-0.5098806695556668,8.566270000000001,8.31974,-0.2465297045898449,0.043883899999999976,0.042008523,-0.0018753771020412202
26951,0.053247000000000044,0.047867797,-0.005379202684879347,8.23846,9.428579,1.190119330444336,6.906270000000001,8.31974,1.4134702954101552,0.01688389999999995,0.042008523,0.025124622897958804
27118,0.05795400000000006,0.097199306,0.0392453058919906,12.4236,13.04738,0.6237804473876949,11.40202,12.643032,1.241012073974609,0.08247870000000002,0.13253382,0.050055118483352645
27119,0.040954000000000046,0.097199306,0.056245305891990616,10.823599999999999,13.04738,2.2237804473876963,9.90202,12.643032,2.741012073974609,0.0644787,0.13253382,0.06805511848335266
27123,0.03595400000000004,0.097199306,0.06124530589199062,12.823599999999999,13.04738,0.2237804473876963,11.60202,12.643032,1.0410120739746098,0.08747870000000002,0.13253382,0.04505511848335264
27124,0.250954,0.097199306,-0.15375469410800935,17.0236,13.04738,-3.976219552612303,18.202019999999997,12.643032,-5.558987926025388,0.29947870000000004,0.13253382,-0.16694488151664738
27125,0.18795400000000007,0.097199306,-0.0907546941080094,17.5236,13.04738,-4.476219552612303,16.90202,12.643032,-4.258987926025391,0.1994787,0.13253382,-0.06694488151664735
27126,0.15595400000000004,0.097199306,-0.058754694108009375,13.823599999999999,13.04738,-0.7762195526123037,14.00202,12.643032,-1.3589879260253905,0.12747870000000006,0.13253382,0.005055118483352605
27416,-0.05053750000000001,-0.02268249,0.027855010172724737,9.217019999999998,9.967595,0.750575100402834,9.115,10.3885565,1.2735564804077146,0.19051200000000001,0.19423397,0.003721968853950486
27419,-0.06053750000000002,-0.02268249,0.037855010172724746,12.49702,9.967595,-2.529424899597167,11.614999999999998,10.3885565,-1.2264435195922836,0.25051199999999996,0.19423397,-0.056278031146049456
27464,-0.01746599999999998,0.12619247,0.14365846542453764,10.74615,10.875912,0.12976171264648428,14.488349999999999,12.497877,-1.990472879028319,-0.029183799999999982,0.042455487,0.0716392869532585
27595,0.1371920000000001,0.08657565,-0.05061635032129297,10.53248,8.978436,-1.5540435299682613,13.36488,10.739838,-2.6250423535156244,0.13369889999999995,0.12798001,-0.00571889127864833
27597,-0.0008079999999999199,0.08657565,0.08738364967870704,10.33248,8.978436,-1.354043529968262,10.16488,10.739838,0.5749576464843749,0.09369890000000003,0.12798001,0.034281108721351594
27603,-0.03860299999999994,-0.016179064,0.022423935711264553,9.542840000000002,12.152557,2.6097173730468732,10.793209999999998,12.835083,2.0418730078125016,0.07798479999999997,0.113078564,0.03509376440544132
27634,0.1023869999999999,0.023623155,-0.0787638445700406,9.805680000000002,8.88656,-0.9191195599365258,10.43515,7.1155653,-3.319584700012207,0.12145600000000001,0.038569044,-0.08288695567822457
27743,0.011622000000000021,-0.036178786,-0.04780078630757334,11.533819999999999,8.14699,-3.3868301776123033,9.198,7.665171,-1.5328288536071781,0.04237089999999999,0.09944268,0.057071783160305034
27852,0.0040959999999998775,0.08456004,0.08046403665924085,12.546420000000001,15.816634,3.27021417816162,11.007249999999999,15.495471,4.488221000671388,0.03168329999999997,0.14916356,0.11748025907917026
27853,0.1410959999999999,0.08456004,-0.056535963340759166,17.236420000000003,15.816634,-1.4197858218383814,19.60725,15.495471,-4.111778999328614,0.24968329999999994,0.14916356,-0.10051974092082971
27854,0.04809599999999992,0.08456004,0.036464036659240806,14.876420000000003,15.816634,0.940214178161618,17.06725,15.495471,-1.5717789993286146,0.22668329999999992,0.14916356,-0.0775197409208297
27855,0.03709599999999991,0.08456004,0.047464036659240816,14.986420000000003,15.816634,0.8302141781616186,13.78725,15.495471,1.7082210006713865,0.0636833,0.14916356,0.08548025907917023
27856,0.3960959999999999,0.08456004,-0.31153596334075917,26.06642,15.816634,-10.24978582183838,25.76725,15.495471,-10.271778999328614,0.40668329999999997,0.14916356,-0.25751974092082974
27859,0.0280959999999999,0.08456004,0.056464036659240824,13.296420000000001,15.816634,2.52021417816162,12.46725,15.495471,3.0282210006713868,0.0636833,0.14916356,0.08548025907917023
27972,0.111819,0.11103377,-0.0007852325382232683,8.658890000000003,8.163425,-0.49546455444336246,7.493590000000001,9.223759,1.7301686975097645,-0.015581199999999962,0.08164387,0.0972250719630241
27973,0.16181900000000005,0.11103377,-0.05078523253822331,8.258890000000005,8.163425,-0.09546455444336388,9.69359,9.223759,-0.46983130249023475,0.09041880000000002,0.08164387,-0.008774928036975882
27974,0.20181900000000008,0.11103377,-0.09078523253822335,8.558890000000005,8.163425,-0.3954645544433646,10.09359,9.223759,-0.8698313024902351,0.07641880000000001,0.08164387,0.0052250719630241305
27975,0.251819,0.11103377,-0.14078523253822328,8.658890000000003,8.163425,-0.49546455444336246,12.39359,9.223759,-3.169831302490234,0.17541879999999999,0.08164387,-0.09377492803697585
27976,0.15181900000000004,0.11103377,-0.040785232538223304,6.358890000000002,8.163425,1.8045354455566383,9.493590000000001,9.223759,-0.26983130249023546,0.13941879999999995,0.08164387,-0.057774928036975814
28007,0.07526500000000003,0.08118473,0.005919729933738682,16.374029999999998,12.7664,-3.6076296627807594,16.71821,12.744348,-3.973862427673339,0.1947512,0.12368112,-0.07107007942552568
28169,-0.028890000000000082,0.015072232,0.04396223211228856,9.697580000000002,8.690926,-1.0066544018554708,5.782359999999999,6.295207,0.5128470236206066,-0.02685650000000006,0.034656174,0.06151267448091513
28170,-0.05335040000000002,-0.0025455344,0.05080486559973063,8.755619999999999,6.0088654,-2.746754643554686,6.8767499999999995,5.470199,-1.4065508918762202,0.0871132,0.0762893,-0.010823896399211885
28172,-0.036420100000000066,-0.0024109322,0.0340091677887947,2.4810499999999998,6.04156,3.560510173034668,3.4665,5.434653,1.9681528053283692,0.12689820000000007,0.07654473,-0.050353468144607616
28252,-0.04693000000000014,-0.07409953,-0.027169533259868484,4.508210000000002,4.092975,-0.4152348603820819,3.362689999999997,2.5732632,-0.7894268316650361,0.03192879999999987,0.029240977,-0.0026878229809282894
28253,-0.09692999999999996,-0.07409953,0.02283046674013134,3.1882100000000015,4.092975,0.9047651396179184,0.5226899999999972,2.5732632,2.0505731683349637,-0.019071200000000066,0.029240977,0.048312177019071645
28255,-0.02693000000000012,-0.07409953,-0.0471695332598685,4.778210000000001,4.092975,-0.6852348603820815,5.202689999999999,2.5732632,-2.6294268316650378,0.08392879999999991,0.029240977,-0.054687822980928336
28256,-0.08693000000000017,-0.07409953,0.012830466740131552,3.6182100000000013,4.092975,0.47476513961791866,1.1726899999999993,2.5732632,1.4005731683349616,-0.005071199999999942,0.029240977,0.03431217701907152
28258,-0.06693000000000016,-0.07409953,-0.007169533259868466,4.218210000000003,4.092975,-0.12523486038208276,3.072689999999998,2.5732632,-0.499426831665037,0.037928799999999985,0.029240977,-0.008687822980928406
28259,-0.07993000000000006,-0.07409953,0.005830466740131435,4.008210000000002,4.092975,0.0847651396179181,2.482689999999998,2.5732632,0.09057316833496287,0.028928799999999977,0.029240977,0.0003121770190716022
28260,-0.09193000000000007,-0.07409953,0.017830466740131445,3.7182100000000027,4.092975,0.37476513961791724,1.6426899999999982,2.5732632,0.9305731683349627,0.013928799999999963,0.029240977,0.015312177019071616
28261,-0.10892999999999997,-0.07409953,0.03483046674013135,3.6182100000000013,4.092975,0.47476513961791866,1.3326899999999995,2.5732632,1.2405731683349615,0.016928799999999855,0.029240977,0.012312177019071724
28262,-0.09193000000000007,-0.07409953,0.017830466740131445,4.5582100000000025,4.092975,-0.4652348603820826,3.47269,2.5732632,-0.8994268316650391,0.05892879999999989,0.029240977,-0.029687822980928313
28263,-0.09193000000000007,-0.07409953,0.017830466740131445,3.7182100000000027,4.092975,0.37476513961791724,1.8926899999999982,2.5732632,0.6805731683349627,0.023928799999999972,0.029240977,0.005312177019071607
28266,-0.10492999999999997,-0.07409953,0.030830466740131346,3.5382099999999994,4.092975,0.5547651396179205,1.5326899999999988,2.5732632,1.0405731683349622,0.023928799999999972,0.029240977,0.005312177019071607
28267,-0.07693000000000016,-0.044762306,0.03216769408464448,1.918210000000002,4.1479077,2.2296977339172344,0.6226899999999986,2.5915065,1.9688164811706557,0.02092879999999997,0.03444398,0.01351517822022441
28328,-0.07443330000000004,-0.009901945,0.06453135545210842,9.54541,7.076701,-2.468708835754395,7.7227000000000015,6.5428867,-1.1798132659912124,0.0760615,0.098377965,0.022316465390682216
28366,0.05219799999999997,0.013264471,-0.038933529266297784,12.465019999999999,8.966011,-3.499008952636718,14.2075,8.306659,-5.900841255187988,0.2562481,0.111998506,-0.14424959410963056
28371,-0.007802000000000087,0.013264471,0.02106647073370227,7.665019999999998,8.966011,1.3009910473632829,6.307499999999997,8.306659,1.9991587448120143,0.026248099999999996,0.111998506,0.08575040589036942
28403,0.7285619999999999,0.37840575,-0.3501562502021789,24.387880000000003,11.441709,-12.946171435241702,21.16109,15.528356,-5.6327344015502945,0.6103661,0.38376,-0.22660609476432803
28405,0.47856199999999993,0.37840575,-0.10015625020217889,13.387880000000003,11.441709,-1.9461714352417019,20.16109,15.528356,-4.6327344015502945,0.6603661,0.38376,-0.27660609476432796
28406,0.448562,0.37840575,-0.07015625020217897,9.387880000000003,11.441709,2.053828564758298,19.16109,15.528356,-3.6327344015502945,0.6103661,0.38376,-0.22660609476432803
28407,0.328562,0.37840575,0.049843749797821024,7.387880000000003,11.441709,4.053828564758298,13.161090000000002,15.528356,2.3672655984497055,0.2103661,0.38376,0.173393905235672
28408,0.15856199999999998,0.37840575,0.21984374979782106,9.387880000000003,11.441709,2.053828564758298,11.161090000000002,15.528356,4.3672655984497055,0.11036610000000002,0.38376,0.273393905235672
28409,0.15856199999999998,0.37840575,0.21984374979782106,4.587880000000002,11.441709,6.853828564758299,8.36109,15.528356,7.167265598449706,0.10036610000000001,0.38376,0.283393905235672
28430,0.386035,0.061195858,-0.32483914217710497,24.1057,15.248481,-8.857219203186034,19.7985,11.057961,-8.740538536071778,0.43620519999999996,0.1209405,-0.3152647009922981
28432,-0.04996500000000004,0.061195858,0.11116085782289509,25.105700000000002,15.248481,-9.857219203186038,19.198500000000003,11.057961,-8.14053853607178,0.19620519999999997,0.1209405,-0.0752647009922981
28464,-0.07778499999999999,0.020658191,0.098443191293478,7.708349999999999,8.797539,1.0891887573242194,3.297250000000002,6.602898,3.305648120880125,-0.04773589999999994,0.020141445,0.0678773451003074
28465,-0.1177849999999998,0.020658191,0.13844319129347782,6.668349999999997,8.797539,2.129188757324222,2.1572500000000012,6.602898,4.445648120880126,-0.027735899999999925,0.020141445,0.04787734510030739
28466,0.06221500000000013,0.020658191,-0.04155680870652212,7.50835,8.797539,1.2891887573242187,5.297250000000002,6.602898,1.3056481208801252,-0.04773589999999994,0.020141445,0.0678773451003074
28467,0.12221500000000007,0.020658191,-0.10155680870652206,11.398349999999997,8.797539,-2.6008112426757783,9.127250000000002,6.602898,-2.524351879119875,-0.027735899999999925,0.020141445,0.04787734510030739
28480,-0.02761300000000011,0.025257485,0.05287048498737823,11.215680000000003,9.61407,-1.6016100613403346,8.78515,7.3261967,-1.4589533294677732,0.061455999999999955,0.036744792,-0.024711207985639527
28483,-0.02761300000000011,0.025257485,0.05287048498737823,12.38568,9.61407,-2.7716100613403327,9.57515,7.3261967,-2.248953329467774,0.061455999999999955,0.036744792,-0.024711207985639527
28484,-0.02761300000000011,0.025257485,0.05287048498737823,12.705680000000001,9.61407,-3.091610061340333,10.25515,7.3261967,-2.928953329467774,0.09145599999999998,0.036744792,-0.054711207985639554
28485,-0.0176130000000001,0.025257485,0.04287048498737822,12.99568,9.61407,-3.381610061340332,10.645150000000001,7.3261967,-3.3189533294677744,0.10145599999999999,0.036744792,-0.06471120798563956
28486,-0.03761300000000012,0.025257485,0.06287048498737824,12.445680000000003,9.61407,-2.831610061340335,10.69515,7.3261967,-3.3689533294677734,0.1314559999999999,0.036744792,-0.09471120798563948
28487,-0.03761300000000012,0.025257485,0.06287048498737824,12.705680000000001,9.61407,-3.091610061340333,11.135150000000001,7.3261967,-3.8089533294677747,0.15145599999999992,0.036744792,-0.1147112079856395
28488,-0.02761300000000011,0.025257485,0.05287048498737823,11.985680000000002,9.61407,-2.371610061340334,10.59515,7.3261967,-3.2689533294677737,0.14145599999999992,0.036744792,-0.10471120798563949
28489,-0.02761300000000011,0.025257485,0.05287048498737823,12.47568,9.61407,-2.8616100613403326,10.76515,7.3261967,-3.4389533294677737,0.1314559999999999,0.036744792,-0.09471120798563948
28491,-0.007613000000000092,0.025257485,0.03287048498737821,13.835680000000002,9.61407,-4.221610061340334,11.555150000000001,7.3261967,-4.228953329467775,0.12145600000000001,0.036744792,-0.08471120798563958
28580,0.022698000000000107,0.04971739,0.027019389047145737,6.32047,9.30807,2.9876001828002927,4.49981,7.271311,2.771500806274414,-0.009882699999999911,0.06102191,0.07090460911769858
28619,0.06166500000000008,0.02301195,-0.03865304922401913,7.000340000000005,8.4359865,1.4356465188598584,4.7813,6.614017,1.8327170097351075,-0.05467719999999998,0.02770179,0.0823789895132303
28804,0.16148799999999996,0.0904853,-0.07100270285654064,13.831820000000002,9.469671,-4.362148750610354,11.32644,9.072383,-2.254057073059082,-0.013692199999999932,0.05361748,0.06730968114228242
28812,0.09340499999999985,0.035961613,-0.057443386940955965,13.18732,8.679912,-4.507408386535644,16.02722,9.070036,-6.957184065551758,0.39421990000000007,0.1377598,-0.2564600952743531
28943,0.023422000000000054,0.04023327,0.016811269333839363,11.055780000000002,9.735474,-1.3203063671875022,7.925729999999998,9.134063,1.2083327670288107,-0.01492529999999992,0.10249057,0.11741586667089454
29091,-0.028960399999999886,-0.006192002,0.022768398020201808,6.796849999999999,6.7702923,-0.026557717895506983,6.732919999999998,7.2279797,0.49505966003418145,0.09652229999999995,0.10121094,0.0046886369039536024
29221,0.12604000000000004,0.03747797,-0.08856202987670903,10.966709999999999,9.932867,-1.0338429498291006,14.504560000000001,10.509304,-3.995255953369142,0.16966769999999998,0.09015749,-0.07951021350164411
29224,0.0640400000000001,0.03747797,-0.02656202987670908,10.056709999999999,9.932867,-0.12384294982910049,11.014560000000001,10.509304,-0.5052559533691419,0.07966770000000001,0.09015749,0.010489786498355858
29225,0.04604000000000008,0.03747797,-0.008562029876709065,9.88671,9.932867,0.04615705017089766,10.904560000000002,10.509304,-0.39525595336914243,0.08966770000000002,0.09015749,0.0004897864983558486
29226,0.03404000000000007,0.03747797,0.0034379701232909454,9.576709999999999,9.932867,0.35615705017089994,9.674560000000003,10.509304,0.8347440466308562,0.05966769999999999,0.09015749,0.030489786498355875
29227,0.0040400000000000436,0.03747797,0.03343797012329097,9.38671,9.932867,0.5461570501708977,9.184560000000001,10.509304,1.3247440466308582,0.0696677,0.09015749,0.020489786498355866
29228,-0.016959999999999864,0.03747797,0.05443797012329088,9.08671,9.932867,0.8461570501708984,8.45456,10.509304,2.0547440466308586,0.029667699999999964,0.09015749,0.0604897864983559
29258,0.02986600000000006,0.090006225,0.06014022481107706,4.273130000000002,5.6401553,1.367025315399168,9.69,10.677181,0.9871812438964849,0.29012399999999994,0.32242242,0.03229841501808173
29268,0.04238699999999995,0.073985115,0.03159811469364171,10.105680000000003,11.002127,0.8964466937255828,10.60515,11.291085,0.6859352432250976,0.16145599999999993,0.12810695,-0.03334904828643792
29271,0.012386999999999926,0.073985115,0.06159811469364174,4.805680000000002,11.002127,6.1964466937255835,3.605150000000002,11.291085,7.685935243225096,0.0014560000000000128,0.12810695,0.126650951713562
29446,-0.10761299999999996,0.033777297,0.1413902965431213,6.005680000000002,9.442046,3.436366165466307,1.1051500000000019,7.749444,6.644294007873533,-0.08154400000000006,0.044281885,0.1258258850278855
29447,-0.007613000000000092,0.033777297,0.04139029654312143,6.385680000000001,9.442046,3.056366165466308,2.925150000000002,7.749444,4.824294007873533,-0.06354400000000004,0.044281885,0.10782588502788548
29449,0.012386999999999926,0.033777297,0.021390296543121412,11.945680000000003,9.442046,-2.5036338345336944,10.70515,7.749444,-2.9557059921264646,0.1244559999999999,0.044281885,-0.08017411497211446
29561,0.04552999999999996,0.08136107,0.03583107027530674,7.5567500000000045,9.102715,1.5459645385742142,13.634519999999998,14.300694,0.6661744656372086,0.31762270000000004,0.27667737,-0.0409453299285889
29562,0.03452999999999995,0.08136107,0.04683107027530675,7.276750000000003,9.102715,1.8259645385742154,12.734519999999998,14.300694,1.566174465637209,0.2876227,0.27667737,-0.010945329928588876
29564,0.04852999999999996,0.08136107,0.03283107027530674,8.116750000000003,9.102715,0.9859645385742155,13.43452,14.300694,0.8661744656372079,0.2936227,0.27667737,-0.01694532992858888
29657,0.012386999999999926,0.023623155,0.011236155429959371,7.90568,8.88656,0.9808804400634763,4.805150000000001,7.1155653,2.310415299987792,-0.04854400000000003,0.038569044,0.08711304432177547
29870,-0.008323999999999998,0.011975801,0.020299800618529318,11.631520000000002,8.990378,-2.6411416201782245,8.739959999999998,9.209788,0.4698283224487323,0.031119999999999925,0.095740095,0.06462009478092201
29872,0.07167600000000007,0.011975801,-0.05970019938147075,13.051520000000004,8.990378,-4.061141620178226,13.899959999999998,9.209788,-4.690171677551268,0.21611999999999998,0.095740095,-0.12037990521907804
30368,0.209387,0.023623155,-0.1857638445700407,25.395680000000002,8.88656,-16.509119559936526,18.66515,7.1155653,-11.549584700012208,0.06345599999999996,0.038569044,-0.02488695567822452
30417,-0.08461300000000005,0.033777297,0.11839029654312139,10.40568,9.442046,-0.9636338345336917,6.60515,7.749444,1.144294007873535,0.02145599999999992,0.044281885,0.022825885027885517
30418,-0.06061300000000003,0.033777297,0.09439029654312137,10.40568,9.442046,-0.9636338345336917,9.805150000000001,7.749444,-2.055705992126466,0.16145599999999993,0.044281885,-0.1171741149721145
30419,-0.08461300000000005,0.033777297,0.11839029654312139,10.40568,9.442046,-0.9636338345336917,6.60515,7.749444,1.144294007873535,0.02145599999999992,0.044281885,0.022825885027885517
30420,-0.034613000000000005,0.033777297,0.06839029654312134,10.605680000000003,9.442046,-1.1636338345336945,8.10515,7.749444,-0.3557059921264649,0.051455999999999946,0.044281885,-0.007174114972114509
30456,-0.08961300000000016,0.023623155,0.11323615542995946,6.685680000000001,8.88656,2.200880440063475,0.9951499999999989,7.1155653,6.120415299987794,-0.09454399999999996,0.038569044,0.1331130443217754
30725,0.012386999999999926,0.023623155,0.011236155429959371,12.017680000000002,8.88656,-3.1311195599365256,9.28515,7.1155653,-2.169584700012207,0.04345599999999994,0.038569044,-0.004886955678224503
31082,0.14207599999999998,0.07570503,-0.06637097092962263,9.5613,9.453328,-0.10797186737060471,9.501460000000002,7.335675,-2.1657852372741715,0.0569056,0.013580825,-0.04332477482018471
31083,0.13207599999999997,0.07570503,-0.05637097092962262,10.8613,9.453328,-1.4079718673706054,10.571460000000002,7.335675,-3.2357852372741718,0.08290560000000002,0.013580825,-0.06932477482018473
31084,0.12207599999999996,0.07570503,-0.04637097092962261,9.0613,9.453328,0.3920281326293953,8.401460000000002,7.335675,-1.0657852372741718,0.02290559999999997,0.013580825,-0.009324774820184678
31085,0.13207599999999997,0.07570503,-0.05637097092962262,10.0613,9.453328,-0.6079718673706047,9.801460000000002,7.335675,-2.465785237274172,0.0629056,0.013580825,-0.049324774820184714
31087,0.12207599999999996,0.07570503,-0.04637097092962261,8.8613,9.453328,0.5920281326293946,8.001460000000002,7.335675,-0.6657852372741715,0.007905599999999957,0.013580825,0.005675225179815335
31088,0.05148799999999998,0.015332819,-0.03615518103736637,7.941820000000003,9.220713,1.2788926617431606,7.41644,6.295539,-1.1209010977172849,0.050307800000000125,0.008998705,-0.04130909492580903
31089,0.08425400000000005,0.08839347,0.004139472135066935,16.183300000000003,13.041897,-3.1414031799316433,12.77204,8.947779,-3.824261298217774,0.023824899999999927,0.02960551,0.005780609713292195
31090,0.09248000000000012,0.07670704,-0.015772957246303676,9.53737,13.011566,3.4741961621093758,9.05409,10.724608,1.6705184213256832,0.046650699999999934,0.047880385,0.001229685071039266
31185,-0.08148600000000017,0.015032494,0.09651849444067495,2.843110000000003,7.6791267,4.83601673950195,3.002830000000003,7.666656,4.663826017303464,0.03698579999999996,0.105483934,0.06849813428325657
31186,-0.09148600000000018,0.015032494,0.10651849444067496,4.563110000000002,7.6791267,3.1160167395019513,3.2828300000000006,7.666656,4.383826017303466,0.05498579999999986,0.105483934,0.05049813428325667
31187,-0.08148600000000017,0.015032494,0.09651849444067495,3.263110000000001,7.6791267,4.416016739501952,2.102830000000001,7.666656,5.563826017303466,0.05098579999999997,0.105483934,0.05449813428325656
31188,-0.07148600000000016,0.015032494,0.08651849444067494,5.663110000000003,7.6791267,2.01601673950195,4.782830000000001,7.666656,2.883826017303466,0.06798579999999999,0.105483934,0.037498134283256546
31323,0.132343,0.07770446,-0.05463854057121276,8.12414,9.002316,0.8781764749145502,10.47445,9.411943,-1.0625065643310538,0.12442659999999994,0.1260538,0.0016271952184677696
31324,0.11234299999999997,0.07770446,-0.03463854057121274,8.114140000000003,9.002316,0.8881764749145482,9.844449999999998,9.411943,-0.43250656433105306,0.10442659999999993,0.1260538,0.021627195218467787
31325,0.17143699999999995,0.029524216,-0.14191278357160086,13.098460000000001,9.029433,-4.069026749572755,13.002490000000002,9.033025,-3.9694652120971696,0.06453720000000007,0.12548059,0.0609433922508239
31351,0.0019620000000000193,-0.005945627,-0.007907627111941595,6.847160000000002,6.830549,-0.01661123672485587,9.576139999999999,7.521854,-2.0542860762023913,0.22261769999999992,0.12320958,-0.0994081192209243
31355,-0.00803799999999999,-0.005945627,0.0020923728880584136,6.847160000000002,6.830549,-0.01661123672485587,7.576139999999999,7.521854,-0.05428607620239134,0.12961769999999995,0.12320958,-0.006408119220924324
31356,0.0019620000000000193,-0.005945627,-0.007907627111941595,6.847160000000002,6.830549,-0.01661123672485587,6.776139999999998,7.521854,0.7457139237976094,0.0776176999999999,0.12320958,0.04559188077907572
31357,-0.048038000000000025,-0.005945627,0.04209237288805845,6.7471600000000045,6.830549,0.083388763275142,5.076139999999999,7.521854,2.4457139237976087,0.03161769999999997,0.12320958,0.09159188077907565
31363,0.0019620000000000193,-0.005945627,-0.007907627111941595,6.447160000000004,6.830549,0.3833887632751427,9.47614,7.521854,-1.9542860762023917,0.22661769999999992,0.12320958,-0.1034081192209243
31364,-0.028038000000000007,-0.005945627,0.02209237288805843,5.947160000000004,6.830549,0.8833887632751427,8.176139999999998,7.521854,-0.654286076202391,0.18561769999999989,0.12320958,-0.06240811922092426
31407,0.15521700000000005,0.0543388,-0.10087819834780698,15.765749999999999,10.771996,-4.993754455566405,14.45087,8.241157,-6.209713421936035,0.11632389999999992,0.052680433,-0.06364346720352165
31408,-0.03884500000000002,0.023623155,0.062468155429959316,9.70569,9.473166,-0.23252353424072325,5.656550000000001,7.1155653,1.459015299987792,-0.01597470000000001,0.038569044,0.054543744321775445
31425,0.012799000000000005,0.04298761,0.030188611144781108,18.499760000000002,15.095512,-3.4042476098632832,14.604320000000001,13.722927,-0.8813929064941419,0.09750270000000005,0.15257864,0.05507593700389857
31426,0.04279900000000003,0.04298761,0.0001886111447810812,16.959760000000003,15.095512,-1.864247609863284,17.80432,13.722927,-4.081392906494141,0.3535027,0.15257864,-0.20092406299610138
31635,0.168883,0.07691527,-0.09196772841978074,13.44771,9.029741,-4.417968712768555,12.76669,9.262187,-3.504502995910645,0.054355699999999896,0.11692697,0.06257126809768687
31652,-0.022696999999999967,-0.0037544004,0.01894259958465394,11.405810000000002,13.830753,2.424943326416013,10.283259999999999,13.186656,2.903395998229982,0.08543459999999992,0.14415017,0.058715567703628624
31653,0.01730300000000007,-0.0037544004,-0.021057400415346095,17.30581,13.830753,-3.4750566735839854,18.78326,13.186656,-5.596604001770018,0.3514346,0.14415017,-0.20728443229637145
31654,-0.042696999999999985,-0.0037544004,0.03894259958465396,10.50581,13.830753,3.3249433264160153,8.18326,13.186656,5.00339599822998,0.03043459999999998,0.14415017,0.11371556770362856
31655,-0.022696999999999967,-0.0037544004,0.01894259958465394,15.605810000000002,13.830753,-1.775056673583986,14.38326,13.186656,-1.1966040017700195,0.13943459999999996,0.14415017,0.004715567703628576
31676,-0.06721500000000002,0.0152216125,0.08243661252796652,4.783239999999999,8.719189,3.9359486901855476,2.6498100000000004,6.0188694,3.3690594000244136,0.011713700000000049,0.031322327,0.01960862651114459
31677,-0.057215000000000016,0.0152216125,0.07243661252796652,7.273240000000001,8.719189,1.4459486901855456,4.9798100000000005,6.0188694,1.0390594000244135,0.028713700000000064,0.031322327,0.002608626511144574
31678,-0.01721499999999998,0.0152216125,0.03243661252796648,8.483240000000002,8.719189,0.23594869018554476,6.0298099999999994,6.0188694,-0.010940599975585386,0.016713700000000054,0.031322327,0.014608626511144585
32154,0.04276499999999994,0.034750745,-0.008014255299568118,6.50046,9.46485,2.9643904257202145,9.975359999999998,10.410328,0.4349679113769547,0.1760887,0.15024215,-0.025846550170135485
32156,0.09238699999999989,0.025257485,-0.06712951501262177,11.605680000000003,9.61407,-1.9916100613403351,9.805150000000001,7.3261967,-2.4789533294677746,0.03045600000000004,0.036744792,0.006288792014360389
32165,0.12253400000000003,0.064820595,-0.05771340491437915,8.26615,9.443847,1.177696702575684,9.388349999999999,8.919512,-0.4688382049560538,0.035816199999999965,0.05608203,0.020265828895616567
32263,0.06221500000000013,0.021604784,-0.040610216166973245,10.948349999999998,9.44429,-1.5040598388671853,9.797250000000002,6.7910376,-3.0062124404907244,0.07226410000000005,0.007564859,-0.06469924100089675
32940,0.11199999999999999,0.13838069,0.026380691409111034,14.975249999999999,18.346458,3.3712084350585947,16.24622,20.867342,4.621121995239257,0.13741589999999992,0.3341962,0.19678030990753181
32948,0.062000000000000055,0.13838069,0.07638069140911097,17.54525,18.346458,0.8012084350585944,20.58622,20.867342,0.28112199523925696,0.35141589999999995,0.3341962,-0.01721969009246821
32949,0.132,0.13838069,0.006380691409111017,19.23525,18.346458,-0.8887915649414069,23.24622,20.867342,-2.378878004760743,0.46541589999999994,0.3341962,-0.1312196900924682
32951,0.252,0.13838069,-0.11361930859088898,22.16525,18.346458,-3.8187915649414066,25.24622,20.867342,-4.378878004760743,0.5394159,0.3341962,-0.2052196900924682
32991,0.14381300000000008,0.08827838,-0.055534616983413776,9.119610000000002,8.842536,-0.2770740274047867,11.65634,7.5866947,-4.069645282592774,0.22019530000000015,0.06405682,-0.15613847883253112
32992,0.12339200000000006,0.08827838,-0.035113616983413753,16.77862,9.283309,-7.495311017150879,10.938329999999999,7.5124917,-3.4258382969665515,-0.02944000000000002,-0.00474426,0.02469573989376428
33273,0.11560000000000004,0.025542226,-0.09005777431130413,11.71255,11.189373,-0.5231769836425784,14.30408,11.784683,-2.5193967724609383,0.16170479999999998,0.11583679,-0.045868008305835706
33274,0.0068749999999999645,-0.008084284,-0.014959284141659701,14.584729999999997,10.093175,-4.49155506561279,12.00308,8.162562,-3.8405176296997077,0.004812700000000003,0.035886683,0.031073982569980618
33457,0.32095000000000007,0.0015717029,-0.31937829711269594,25.99737,10.793323,-15.204047436828613,21.9771,11.571842,-10.405257806396484,0.4454893,0.15401779,-0.29147150884799955
33458,-0.03905000000000003,0.0015717029,0.040621702887304156,9.58737,10.793323,1.2059525631713868,10.517100000000001,11.571842,1.0547421936035146,0.16748929999999995,0.15401779,-0.013471508847999525
33459,0.15560000000000007,0.03302792,-0.12257207912802703,26.92255,13.456902,-13.465648449707032,23.18408,13.673574,-9.510505552368166,0.33570479999999997,0.1298453,-0.20585949372272488
33460,0.015600000000000058,0.03302792,0.01742792087197298,12.98255,13.456902,0.47435155029296894,13.114080000000001,13.673574,0.5594944476318346,0.12570480000000006,0.1298453,0.0041405062772750245
33462,0.04682900000000001,0.021340579,-0.02548842120552064,11.92691,9.676621,-2.2502885629272456,12.33834,9.323888,-3.0144521749877935,0.11857720000000005,0.10191772,-0.016659478668880512
33465,0.10321500000000006,0.021604784,-0.08161021616697317,24.668349999999997,9.44429,-15.224059838867184,12.907250000000001,6.7910376,-6.116212440490724,-0.2267359,0.007564859,0.2343007589991033
33466,-0.007784999999999931,0.021604784,0.029389783833026817,7.768349999999998,9.44429,1.6759401611328144,-1.672749999999997,6.7910376,8.463787559509274,-0.29073589999999994,0.007564859,0.29830075899910324
33772,-0.087785,0.020658191,0.10844319129347801,6.228349999999999,8.797539,2.56918875732422,0.8872500000000016,6.602898,5.715648120880125,-0.08773589999999998,0.020141445,0.10787734510030744
33773,-0.1077849999999998,-0.03231215,0.07547284895539264,6.538349999999998,7.803824,1.2654739479064965,1.7572500000000026,5.062766,3.3055160751342747,-0.04773589999999994,-0.0022757328,0.04546016718845958
33774,0.1622150000000001,0.020658191,-0.1415568087065221,6.838349999999998,8.797539,1.9591887573242204,8.10725,6.602898,-1.5043518791198736,0.10226410000000008,0.020141445,-0.08212265489969262
33775,0.1622150000000001,0.03299348,-0.12922151943683635,6.638349999999999,9.069199,2.4308486083984384,8.50725,8.655599,0.14834864044189366,0.062264100000000044,0.06349989,0.001235790267848924
33776,0.08221500000000015,0.09209411,0.00987910846233353,7.738349999999997,8.171696,0.43334570922851867,9.00725,9.565814,0.5585640182495109,0.18226410000000004,0.09077025,-0.09149384795103077
33777,0.042215000000000114,0.024008958,-0.018206042330861205,8.138349999999999,7.762623,-0.37572716674804596,10.50725,6.965824,-3.5414258728027352,0.20226410000000006,0.06736878,-0.13489531694326407
33778,0.042215000000000114,0.024008958,-0.018206042330861205,7.93835,7.7330575,-0.20529250106811503,10.00725,6.965824,-3.0414258728027352,0.18226410000000004,0.059452515,-0.1228115849045277
33782,0.05221500000000012,0.0026757664,-0.04953923364184809,11.138349999999999,10.46366,-0.6746897598266592,13.50725,10.403431,-3.1038190612792977,0.2822641000000001,0.16051242,-0.12175168244514473
33783,0.022215000000000096,0.0020767387,-0.020138261253163314,12.638349999999999,10.547742,-2.090608110046386,14.307250000000002,10.719025,-3.5882253417968766,0.2922641,0.18262026,-0.1096438428607941
33784,0.012215000000000087,-0.024597868,-0.0368128683233262,13.838349999999998,12.467917,-1.370432557678221,15.00725,12.78595,-2.221300292968751,0.2922641,0.21997032,-0.07229378430519107
33786,-0.07778499999999999,-0.024597868,0.05318713167667388,11.988349999999997,12.467917,0.4795674423217804,9.837250000000001,12.78595,2.948699707031249,0.03226410000000002,0.21997032,0.18770621569480894
33787,-0.1077849999999998,-0.024597868,0.08318713167667369,13.248349999999999,12.467917,-0.7804325576782212,15.92725,12.78595,-3.141300292968751,0.38226410000000005,0.21997032,-0.1622937843051911
33808,0.17521500000000012,0.020658191,-0.1545568087065221,9.108349999999998,8.797539,-0.3108112426757792,10.667250000000001,6.602898,-4.064351879119874,0.11226410000000009,0.020141445,-0.09212265489969262
33989,0.002215000000000078,0.034514047,0.03229904720544807,6.838349999999998,8.568287,1.7299368957519548,3.707250000000002,7.1376514,3.4304014434814434,-0.04773589999999994,0.04904659,0.09678249092426294
33990,0.002215000000000078,0.034514047,0.03229904720544807,6.238349999999997,8.568287,2.329936895751956,3.4072500000000012,7.1376514,3.730401443481444,-0.03773589999999993,0.04904659,0.08678249092426293
33991,-0.02778499999999995,0.034514047,0.0622990472054481,6.238349999999997,8.568287,2.329936895751956,2.5072500000000026,7.1376514,4.630401443481443,-0.06773589999999996,0.04904659,0.11678249092426296
33992,-0.047784999999999966,0.034514047,0.08229904720544812,6.238349999999997,8.568287,2.329936895751956,1.8072499999999998,7.1376514,5.3304014434814455,-0.07773589999999997,0.04904659,0.12678249092426297
33993,0.002215000000000078,0.034514047,0.03229904720544807,6.93835,8.568287,1.6299368957519533,3.9072500000000012,7.1376514,3.230401443481444,-0.03773589999999993,0.04904659,0.08678249092426293
33994,-0.007784999999999931,0.034514047,0.04229904720544808,6.038349999999998,8.568287,2.5299368957519555,3.6072500000000005,7.1376514,3.530401443481445,-0.017735899999999916,0.04904659,0.06678249092426292
33996,0.022215000000000096,0.034514047,0.012299047205448055,6.93835,8.568287,1.6299368957519533,5.007250000000001,7.1376514,2.1304014434814444,-0.007735899999999907,0.04904659,0.05678249092426291
33998,0.032215000000000105,0.034514047,0.002299047205448046,8.038349999999998,8.568287,0.5299368957519555,7.307250000000002,7.1376514,-0.16959855651855626,0.052264100000000036,0.04904659,-0.003217509075737035
33999,0.012215000000000087,0.0026757664,-0.009539233641848055,8.398349999999997,9.534847,1.1364972595214873,5.257250000000001,7.315602,2.0583518257141105,-0.04173590000000005,0.02466192,0.06639781910207276
34293,-0.04323600000000005,0.052961994,0.09619799396252637,3.6519399999999997,9.388249,5.736309397277832,4.172889999999999,10.161191,5.988300986633302,0.08703440000000007,0.13345408,0.04641968439636224
34335,-0.011486000000000107,0.015032494,0.02651849444067489,8.833110000000001,7.6791267,-1.1539832604980482,7.582830000000001,7.666656,0.0838260173034655,0.045985799999999966,0.105483934,0.059498134283256565
34336,-0.10148600000000019,0.015032494,0.11651849444067497,3.9931100000000015,7.6791267,3.6860167395019516,1.7828300000000006,7.666656,5.883826017303466,0.01898579999999994,0.105483934,0.08649813428325659
34337,-0.041486000000000134,0.015032494,0.056518494440674916,1.9431100000000008,7.6791267,5.736016739501952,0.9828299999999999,7.666656,6.683826017303467,0.010985799999999935,0.105483934,0.0944981342832566
34338,-0.08148600000000017,0.015032494,0.09651849444067495,4.313110000000002,7.6791267,3.3660167395019513,1.382830000000002,7.666656,6.283826017303465,-0.03201419999999999,0.105483934,0.13749813428325652
34339,-0.07148600000000016,0.015032494,0.08651849444067494,3.913110000000003,7.6791267,3.76601673950195,4.982830000000002,7.666656,2.683826017303465,0.13898579999999994,0.105483934,-0.033501865716743406
34341,-0.05148600000000014,0.015032494,0.06651849444067492,3.353110000000001,7.6791267,4.326016739501952,4.982830000000002,7.666656,2.683826017303465,0.13898579999999994,0.105483934,-0.033501865716743406
34456,0.06221500000000013,0.020658191,-0.04155680870652212,7.34835,8.797539,1.4491887573242188,8.787250000000002,6.602898,-2.184351879119875,0.1232641000000001,0.020141445,-0.10312265489969263
34794,-0.01833499999999999,0.02301195,0.04134695077598094,6.240340000000003,8.4359865,2.19564651885986,3.4712999999999994,6.614017,3.142717009735108,-0.02867720000000007,0.02770179,0.05637898951323039
34797,0.0016650000000000276,0.02301195,0.021346950775980922,6.130340000000004,8.4359865,2.3056465188598594,4.491300000000001,6.614017,2.1227170097351067,0.008322799999999964,0.02770179,0.01937898951323036
35040,0.1522150000000001,0.020658191,-0.1315568087065221,14.098349999999998,8.797539,-5.300811242675779,12.407250000000001,6.602898,-5.804351879119874,0.06426410000000005,0.020141445,-0.04412265489969258
35065,-0.06858900000000001,-0.018857073,0.04973192696118356,6.762549999999997,8.031366,1.2688163482666042,3.3993900000000004,5.642327,2.2429368318176266,-0.018535100000000027,0.025978118,0.044513218181228664
35066,-0.06801500000000016,-0.051869653,0.016145346834659735,6.057960000000001,7.3164797,1.258519682922362,4.529999999999999,4.824847,0.29484722137451236,0.05212749999999999,0.029430168,-0.022697332250475877
35067,-0.04858899999999999,-0.018857073,0.02973192696118354,5.742549999999998,8.031366,2.2888163482666037,2.6493900000000004,5.642327,2.9929368318176266,-0.021535099999999918,0.025978118,0.047513218181228556
35068,-0.053015000000000034,-0.051869653,0.0011453468346596107,5.657960000000003,7.3164797,1.6585196829223605,3.7699999999999996,4.824847,1.0548472213745121,0.032127499999999976,0.029430168,-0.002697332250475859
35157,-0.030088000000000115,-0.006349548,0.023738451768189783,8.51249,11.082334,2.569843564758301,6.87125,10.097254,3.2260037994384767,0.027618799999999943,0.07832382,0.05070501874322897
35158,-0.00730199999999992,-0.004135635,0.00316636478421084,4.58023,8.568642,3.988411662597656,3.8485299999999985,6.3688073,2.5202773158264176,0.045556199999999936,0.022102231,-0.023453968840193684
35159,-0.030088000000000115,-0.006349548,0.023738451768189783,9.152489999999997,11.082334,1.929843564758304,8.24125,10.097254,1.8560037994384757,0.06761879999999998,0.07832382,0.010705018743228933
35160,-0.00730199999999992,-0.004135635,0.00316636478421084,5.000230000000002,8.568642,3.5684116625976543,4.3085299999999975,6.3688073,2.0602773158264185,0.055556199999999945,0.022102231,-0.03345396884019369
35170,0.16198999999999997,0.03703833,-0.12495167001128193,15.621590000000001,9.847259,-5.774331432189943,13.585080000000001,7.297908,-6.287172170715333,0.0984836,0.02796787,-0.07051572976455689
35173,-0.01519399999999993,0.03203963,0.04723363115811341,6.253820000000001,7.87117,1.6173500439453115,3.0311700000000013,5.5619397,2.53076971633911,-0.06198350000000008,0.013753831,0.07573733138656624
35174,-0.008010000000000073,0.03703833,0.045048329988718105,9.621590000000001,9.847259,0.2256685678100574,4.785080000000001,7.297908,2.5128278292846673,-0.09451639999999994,0.02796787,0.12248427023544306
35175,0.001068000000000069,0.021219011,0.020151011396169594,6.827349999999999,8.6748,1.8474499191284188,3.19792,5.967128,2.769207799987793,-0.08850889999999989,-0.0035956423,0.08491325772016634
35176,0.021989999999999954,0.03703833,0.015048329988718079,10.721590000000003,9.847259,-0.874331432189944,6.48508,7.297908,0.812827829284668,-0.08351640000000005,0.02796787,0.11148427023544316
35179,0.021230000000000082,0.03855429,0.017324288446903147,12.234470000000002,8.790001,-3.444469084472658,8.585130000000001,7.0032973,-1.5818326710510267,-0.014131900000000086,0.02114694,0.035278840067410555
35180,0.15198999999999996,0.03703833,-0.11495167001128193,15.421590000000002,9.847259,-5.574331432189943,11.98508,7.297908,-4.687172170715332,-0.025516400000000106,0.02796787,0.05348427023544322
35191,-0.07578499999999999,0.034804486,0.11058948573827743,7.84835,8.938764,1.0904136184692383,4.757250000000001,7.100337,2.343087028503417,0.013264100000000001,0.012054417,-0.0012096827176570901
35192,-0.06378499999999998,0.034804486,0.09858948573827742,7.928349999999998,8.938764,1.01041361846924,4.787250000000002,7.100337,2.313087028503416,0.004264100000000104,0.012054417,0.007790317282342807
35317,0.10342200000000001,0.008053139,-0.09536886114788057,11.505780000000001,9.793879,-1.7119014447021499,9.60573,7.9338636,-1.6718663601684565,0.005074700000000099,0.051872704,0.046798004178094765
35343,-0.09761300000000017,0.023623155,0.12123615542995947,6.305680000000002,8.88656,2.580880440063474,1.905149999999999,7.1155653,5.210415299987794,-0.06054400000000004,0.038569044,0.09911304432177548
35451,0.06456200000000001,0.023393447,-0.04116855342042447,7.5484100000000005,8.199498,0.6510881765747065,8.9207,8.455961,-0.4647387725830079,0.10024309999999992,0.10082044,0.0005773370737076622
35452,-0.08243800000000001,0.023393447,0.10583144657957555,7.38841,8.199498,0.8110881765747067,5.790700000000001,8.455961,2.665261227416991,0.060243099999999994,0.10082044,0.04057733707370759
35453,0.3325340000000001,0.073080815,-0.2594531846251489,18.74615,14.899551,-3.8465986083984376,16.288349999999998,10.924004,-5.364346398925779,0.09081620000000001,0.07721321,-0.013602987152290358
35465,-0.04866900000000007,-0.042445593,0.006223407417774274,10.021269999999998,8.469686,-1.5515844454956031,8.14544,7.391071,-0.7543691572570808,0.06786820000000005,0.045871146,-0.021997053976726577
35469,-0.04866900000000007,-0.042445593,0.006223407417774274,10.15127,8.469686,-1.6815844454956057,7.815440000000001,7.391071,-0.4243691572570807,0.04786820000000003,0.045871146,-0.0019970539767265594
35473,-0.04866900000000007,-0.042445593,0.006223407417774274,10.161269999999998,8.469686,-1.6915844454956037,7.57544,7.391071,-0.18436915725708047,0.034868200000000016,0.045871146,0.011002946023273452
35477,-0.04866900000000007,-0.042445593,0.006223407417774274,10.271269999999998,8.469686,-1.8015844454956031,7.4854400000000005,7.391071,-0.09436915725708062,0.024868200000000007,0.045871146,0.02100294602327346
35516,0.18238699999999997,0.023623155,-0.15876384457004067,6.56568,8.88656,2.320880440063476,8.36515,7.1155653,-1.249584700012207,0.051455999999999946,0.038569044,-0.01288695567822451
35517,-0.008193000000000117,0.023623155,0.031816155429959414,5.365660000000002,8.4355345,3.069874477233885,5.657000000000002,7.118038,1.4610381774902326,0.08552360000000003,0.04114871,-0.04437488900408748
35664,-0.03761300000000012,0.034052175,0.07166517453837407,7.445680000000003,9.131882,1.6862017138671845,5.17515,7.613005,2.4378551612854,0.0014560000000000128,0.02955401,0.028098009437561022
35756,0.04238699999999995,0.023623155,-0.018763844570040655,11.505680000000002,8.88656,-2.619119559936525,14.305150000000001,7.1155653,-7.189584700012208,0.32145599999999996,0.038569044,-0.2828869556782245
35758,-0.009633000000000003,-0.014416137,-0.004783136778891084,9.370070000000002,7.7114596,-1.6586103633117695,6.40405,6.6202006,0.21615063400268575,0.07408400000000004,0.069693334,-0.0043906655993462
35849,0.002215000000000078,0.029917074,0.027702074367403906,7.25835,9.58299,2.324639692687988,4.017250000000001,7.5930696,3.5758195533752435,-0.05273589999999995,0.034137003,0.08687290312376017
35858,0.18359000000000003,0.06891257,-0.11467742684125903,15.457450000000001,13.307827,-2.149623004150392,15.389019999999999,10.900364,-4.488656077880858,0.13918299999999995,0.023495058,-0.11568794240224356
35860,0.053590000000000027,0.06891257,0.01532257315874097,11.557450000000003,13.307827,1.7503769958496065,8.77902,10.900364,2.1213439221191415,-0.010816999999999966,0.023495058,0.03431205759775635
35861,0.07359000000000004,0.06891257,-0.004677426841259047,13.757450000000002,13.307827,-0.4496230041503928,10.789019999999999,10.900364,0.11134392211914168,-0.0008170000000000677,0.023495058,0.024312057597756453
35862,0.11358999999999997,0.06891257,-0.04467742684125897,14.65745,13.307827,-1.3496230041503914,11.879019999999999,10.900364,-0.9786560778808582,0.009182999999999941,0.023495058,0.014312057597756445
35863,0.11358999999999997,0.06891257,-0.04467742684125897,15.057450000000003,13.307827,-1.7496230041503935,11.619019999999999,10.900364,-0.7186560778808584,-0.030816999999999983,0.023495058,0.05431205759775637
35905,-0.010262999999999911,0.08332196,0.09358495878028861,6.518529999999998,9.519096,3.0005663745117204,3.9046699999999994,7.118089,3.2134191990661627,-0.02040580000000003,0.0419517,0.062357501045036345
35984,-0.07778499999999999,0.024008958,0.1017939576691389,6.1183499999999995,7.762623,1.6442728332519536,2.12725,6.965824,4.8385741271972655,-0.05773589999999995,0.06736878,0.12510468305673594
36100,0.19340499999999994,0.081997134,-0.11140786620855325,7.68732,9.189402,1.5020816265869144,11.22722,9.776962,-1.4502577197265634,0.16421990000000009,0.13665137,-0.027568533050918664
36300,0.041870000000000074,0.064065464,0.022195463840961382,8.20758,8.764941,0.5573612155151366,6.421039999999998,7.1742697,0.7532296762084982,0.00414060000000005,0.026989877,0.022849277223968456
36302,0.011870000000000047,0.064065464,0.05219546384096141,7.20758,8.764941,1.5573612155151366,3.621039999999997,7.1742697,3.553229676208499,-0.07585940000000002,0.026989877,0.10284927722396853
36303,0.0018700000000000383,0.064065464,0.06219546384096142,7.20758,8.764941,1.5573612155151366,2.5210399999999993,7.1742697,4.653229676208497,-0.11585940000000006,0.026989877,0.14284927722396856
36304,0.06187000000000009,0.064065464,0.0021954638409613647,7.107580000000002,8.764941,1.6573612155151345,5.321039999999998,7.1742697,1.8532296762084979,-0.025859399999999977,0.026989877,0.05284927722396848
36305,0.011870000000000047,0.064065464,0.05219546384096141,7.007580000000001,8.764941,1.757361215515136,3.121039999999997,7.1742697,4.053229676208499,-0.09585940000000004,0.026989877,0.12284927722396854
36306,0.11187000000000002,0.064065464,-0.04780453615903857,11.00758,8.764941,-2.242638784484864,10.621039999999999,7.1742697,-3.446770323791503,0.09414060000000002,0.026989877,-0.06715072277603151
36307,0.13187000000000004,0.064065464,-0.06780453615903859,8.807580000000002,8.764941,-0.0426387844848648,10.52104,7.1742697,-3.346770323791503,0.14414059999999995,0.026989877,-0.11715072277603145
36308,0.12187000000000003,0.064065464,-0.05780453615903858,8.607580000000002,8.764941,0.1573612155151345,10.52104,7.1742697,-3.346770323791503,0.15414059999999996,0.026989877,-0.12715072277603146
36309,0.10187000000000002,0.064065464,-0.03780453615903856,8.607580000000002,8.764941,0.1573612155151345,8.321039999999998,7.1742697,-1.1467703237915021,0.044140599999999974,0.026989877,-0.01715072277603147
36310,0.10187000000000002,0.064065464,-0.03780453615903856,8.40758,8.764941,0.35736121551513733,5.821039999999998,7.1742697,1.3532296762084979,-0.08585940000000003,0.026989877,0.11284927722396854
36311,0.0718700000000001,0.064065464,-0.007804536159038644,8.307580000000002,8.764941,0.4573612155151352,7.521039999999999,7.1742697,-0.3467703237915032,0.034140599999999965,0.026989877,-0.0071507227760314596
36386,0.226387,0.04123723,-0.1851497686560154,14.405680000000002,8.822448,-5.5832322232055684,14.945150000000002,7.65032,-7.294829946899416,0.21345599999999998,0.07618358,-0.1372724201378822
36387,0.2543869999999999,0.04123723,-0.21314976865601531,8.205680000000001,8.822448,0.6167677767944326,13.875150000000001,7.65032,-6.2248299468994155,0.275456,0.07618358,-0.1992724201378822
36466,0.0914879999999999,0.015332819,-0.07615518103736629,9.141820000000003,9.220713,0.07889266174316134,7.31644,6.295539,-1.0209010977172852,-0.013692199999999932,0.008998705,0.022690905074191026
36564,0.12387999999999999,0.019333122,-0.10454687770187854,4.7515399999999985,7.512447,2.7609068803405776,7.372200000000001,6.5827203,-0.7894797203063977,0.10025010000000001,0.06157328,-0.03867682184109689
36565,-0.02778499999999995,0.020658191,0.04844319129347796,11.388349999999999,8.797539,-2.5908112426757803,7.587250000000001,6.602898,-0.984351879119874,-0.007735899999999907,0.020141445,0.02787734510030737
36566,-0.01778499999999994,0.020658191,0.03844319129347795,11.518349999999998,8.797539,-2.7208112426757793,7.987250000000001,6.602898,-1.3843518791198743,0.002264100000000102,0.020141445,0.017877345100307362
36567,-0.02778499999999995,0.020658191,0.04844319129347796,11.568349999999999,8.797539,-2.77081124267578,8.26725,6.602898,-1.6643518791198737,0.02226410000000001,0.020141445,-0.0021226548996925443
36568,0.012215000000000087,0.020658191,0.008443191293477925,10.86835,8.797539,-2.0708112426757808,7.887250000000002,6.602898,-1.2843518791198747,0.002264100000000102,0.020141445,0.017877345100307362
36625,0.5223869999999999,0.025257485,-0.4971295150126218,18.50568,9.61407,-8.891610061340334,19.40515,7.3261967,-12.078953329467772,0.48945600000000006,0.036744792,-0.45271120798563963
36626,-0.03761300000000012,0.025257485,0.06287048498737824,8.605680000000003,9.61407,1.0083899386596649,6.405150000000001,7.3261967,0.9210466705322258,0.038455999999999935,0.036744792,-0.0017112079856395068
36638,0.12253400000000003,0.12095705,-0.0015769532527923902,8.546149999999997,8.338066,-0.2080838989257785,9.088349999999998,9.480644,0.3922942260742204,0.06081619999999999,0.08595179,0.025135590213584913
36753,-0.04799700000000007,-0.0032210627,0.04477593728949136,10.812470000000005,9.141362,-1.6711078097534227,6.864879999999999,5.8165884,-1.0482915982055658,-0.00011470000000002312,-0.004479622,-0.004364922002691007
36754,-0.04999700000000007,-0.0032210627,0.046775937289491365,10.602470000000004,9.141362,-1.4611078097534218,5.744879999999998,5.8165884,0.07170840179443516,-0.04211469999999995,-0.004479622,0.03763507799730892
36755,-0.07199700000000009,-0.0032210627,0.06877593728949138,8.092470000000002,9.141362,1.0488921902465798,2.3648799999999994,5.8165884,3.451708401794434,-0.08211469999999987,-0.004479622,0.07763507799730884
36756,-0.06099699999999997,-0.0032210627,0.057775937289491264,8.752470000000002,9.141362,0.3888921902465796,3.6548799999999986,5.8165884,2.161708401794435,-0.061114699999999966,-0.004479622,0.056635077997308936
36757,-0.058996999999999966,-0.0032210627,0.05577593728949126,9.432470000000002,9.141362,-0.2911078097534201,3.964880000000001,5.8165884,1.8517084017944327,-0.07211469999999987,-0.004479622,0.06763507799730883
37054,-0.059414999999999996,-0.019409781,0.040005218678116794,5.895590000000002,6.703207,0.8076170159912088,5.151009999999999,6.1492796,0.9982695944213873,0.05871729999999997,0.061919924,0.0032026238717556277
37055,-0.059414999999999996,-0.019409781,0.040005218678116794,6.345590000000001,6.703207,0.35761701599120954,5.961010000000002,6.1492796,0.18826959442138502,0.07871729999999999,0.061919924,-0.01679737612824439
37056,-0.04941499999999999,-0.019409781,0.030005218678116785,6.575590000000002,6.703207,0.12761701599120912,5.841010000000001,6.1492796,0.308269594421386,0.05871729999999997,0.061919924,0.0032026238717556277
37058,-0.01941499999999996,-0.019409781,5.218678116758468e-06,6.67559,6.703207,0.027617015991211247,6.38101,6.1492796,-0.23173040557861313,0.05871729999999997,0.061919924,0.0032026238717556277
37060,0.020585000000000075,-0.019409781,-0.03999478132188328,5.575590000000002,6.703207,1.1276170159912091,6.401009999999999,6.1492796,-0.2517304055786127,0.06871729999999998,0.061919924,-0.006797376128244381
37061,0.10058500000000004,-0.019409781,-0.11999478132188324,6.735590000000002,6.703207,-0.03238298400879103,8.07101,6.1492796,-1.9217304055786126,0.04871729999999996,0.061919924,0.013202623871755637
37062,-0.03941499999999998,-0.019409781,0.020005218678116776,5.97559,6.703207,0.7276170159912105,5.761009999999999,6.1492796,0.38826959442138786,0.06871729999999998,0.061919924,-0.006797376128244381
37063,-0.02941499999999997,-0.019409781,0.010005218678116767,6.49559,6.703207,0.20761701599121096,6.97101,6.1492796,-0.821730405578613,0.09871730000000001,0.061919924,-0.03679737612824441
37064,-0.03941499999999998,-0.019409781,0.020005218678116776,6.90559,6.703207,-0.20238298400878918,6.27101,6.1492796,-0.1217304055786137,0.05871729999999997,0.061919924,0.0032026238717556277
37065,-0.009414999999999951,-0.019409781,-0.00999478132188325,5.665590000000002,6.703207,1.0376170159912093,5.321010000000001,6.1492796,0.8282695944213856,0.038717299999999955,0.061919924,0.023202623871755645
37066,-0.02941499999999997,-0.019409781,0.010005218678116767,6.805590000000002,6.703207,-0.10238298400879131,6.331009999999999,6.1492796,-0.18173040557861242,0.05871729999999997,0.061919924,0.0032026238717556277
37067,0.0005850000000000577,-0.019409781,-0.01999478132188326,6.795590000000001,6.703207,-0.09238298400878975,7.62101,6.1492796,-1.4717304055786133,0.09871730000000001,0.061919924,-0.03679737612824441
37068,0.010585000000000067,-0.019409781,-0.029994781321883268,6.1255900000000025,6.703207,0.5776170159912084,6.431010000000001,6.1492796,-0.28173040557861384,0.05871729999999997,0.061919924,0.0032026238717556277
37069,-0.01941499999999996,-0.019409781,5.218678116758468e-06,6.67559,6.703207,0.027617015991211247,6.81101,6.1492796,-0.6617304055786128,0.07871729999999999,0.061919924,-0.01679737612824439
37070,0.0005850000000000577,-0.019409781,-0.01999478132188326,6.205590000000001,6.703207,0.4976170159912101,5.901009999999999,6.1492796,0.2482695944213873,0.038717299999999955,0.061919924,0.023202623871755645
37071,-0.02941499999999997,-0.019409781,0.010005218678116767,6.165590000000002,6.703207,0.5376170159912093,5.61101,6.1492796,0.5382695944213864,0.04871729999999996,0.061919924,0.013202623871755637
37072,0.0005850000000000577,-0.019409781,-0.01999478132188326,6.3755900000000025,6.703207,0.3276170159912084,6.46101,6.1492796,-0.3117304055786132,0.05871729999999997,0.061919924,0.0032026238717556277
37073,-0.04941499999999999,-0.019409781,0.030005218678116785,6.72559,6.703207,-0.022382984008789464,6.61101,6.1492796,-0.46173040557861356,0.0887173,0.061919924,-0.0267973761282444
37075,0.010585000000000067,-0.019409781,-0.029994781321883268,6.345590000000001,6.703207,0.35761701599120954,6.171009999999999,6.1492796,-0.021730405578612277,0.038717299999999955,0.061919924,0.023202623871755645
37077,-0.02941499999999997,-0.019409781,0.010005218678116767,6.42559,6.703207,0.27761701599121125,6.47101,6.1492796,-0.321730405578613,0.07871729999999999,0.061919924,-0.01679737612824439
37078,0.010585000000000067,-0.019409781,-0.029994781321883268,6.035590000000003,6.703207,0.6676170159912083,6.151009999999999,6.1492796,-0.0017304055786127037,0.04871729999999996,0.061919924,0.013202623871755637
37079,-0.08941500000000002,-0.019409781,0.07000521867811682,6.345590000000001,6.703207,0.35761701599120954,4.11101,6.1492796,2.0382695944213864,0.018717299999999937,0.061919924,0.04320262387175566
37080,-0.069415,-0.019409781,0.0500052186781168,5.575590000000002,6.703207,1.1276170159912091,4.741009999999999,6.1492796,1.4082695944213874,0.05871729999999997,0.061919924,0.0032026238717556277
37081,-0.04941499999999999,-0.019409781,0.030005218678116785,6.6355900000000005,6.703207,0.0676170159912104,5.671009999999999,6.1492796,0.4782695944213877,0.04871729999999996,0.061919924,0.013202623871755637
37082,-0.059414999999999996,-0.019409781,0.040005218678116794,5.67559,6.703207,1.0276170159912112,4.97101,6.1492796,1.178269594421387,0.05871729999999997,0.061919924,0.0032026238717556277
37083,-0.03941499999999998,-0.019409781,0.020005218678116776,6.49559,6.703207,0.20761701599121096,5.491009999999999,6.1492796,0.6582695944213874,0.038717299999999955,0.061919924,0.023202623871755645
37084,-0.01941499999999996,-0.019409781,5.218678116758468e-06,5.575590000000002,6.703207,1.1276170159912091,5.761009999999999,6.1492796,0.38826959442138786,0.06871729999999998,0.061919924,-0.006797376128244381
37085,-0.04941499999999999,-0.019409781,0.030005218678116785,5.6355900000000005,6.703207,1.0676170159912104,4.871009999999998,6.1492796,1.2782695944213884,0.04871729999999996,0.061919924,0.013202623871755637
37087,-0.02941499999999997,-0.019409781,0.010005218678116767,6.395590000000002,6.703207,0.30761701599120883,5.36101,6.1492796,0.7882695944213864,0.028717299999999946,0.061919924,0.033202623871755654
37088,-0.069415,-0.019409781,0.0500052186781168,5.825590000000002,6.703207,0.8776170159912091,4.461010000000002,6.1492796,1.688269594421385,0.038717299999999955,0.061919924,0.023202623871755645
37089,-0.009414999999999951,-0.019409781,-0.00999478132188325,5.5055900000000015,6.703207,1.1976170159912094,5.641010000000001,6.1492796,0.5082695944213853,0.05871729999999997,0.061919924,0.0032026238717556277
37090,-0.059414999999999996,-0.019409781,0.040005218678116794,6.24559,6.703207,0.45761701599121096,4.97101,6.1492796,1.178269594421387,0.038717299999999955,0.061919924,0.023202623871755645
37091,0.0005850000000000577,-0.019409781,-0.01999478132188326,5.6255900000000025,6.703207,1.0776170159912084,6.11101,6.1492796,0.038269594421386444,0.06871729999999998,0.061919924,-0.006797376128244381
37092,-0.02941499999999997,-0.019409781,0.010005218678116767,5.845590000000001,6.703207,0.8576170159912095,4.901009999999999,6.1492796,1.2482695944213873,0.028717299999999946,0.061919924,0.033202623871755654
37093,-0.07941500000000001,-0.019409781,0.06000521867811681,5.715590000000002,6.703207,0.9876170159912085,4.931010000000001,6.1492796,1.2182695944213862,0.06871729999999998,0.061919924,-0.006797376128244381
37096,-0.069415,-0.019409781,0.0500052186781168,5.765590000000003,6.703207,0.9376170159912078,4.88101,6.1492796,1.2682695944213869,0.05871729999999997,0.061919924,0.0032026238717556277
37097,-0.02941499999999997,-0.019409781,0.010005218678116767,5.855590000000003,6.703207,0.847617015991208,5.13101,6.1492796,1.0182695944213869,0.038717299999999955,0.061919924,0.023202623871755645
37100,-0.059414999999999996,-0.019409781,0.040005218678116794,5.765590000000003,6.703207,0.9376170159912078,5.04101,6.1492796,1.1082695944213867,0.05871729999999997,0.061919924,0.0032026238717556277
37102,-0.07941500000000001,-0.019409781,0.06000521867811681,5.665590000000002,6.703207,1.0376170159912093,4.81101,6.1492796,1.3382695944213872,0.06871729999999998,0.061919924,-0.006797376128244381
37214,-0.001742999999999828,0.0035610409,0.005304040852218694,16.061200000000003,12.776385,-3.2848146926879913,14.73947,12.697956,-2.0415139147949226,0.2246475,0.20141333,-0.023234166584014893
37328,-0.02761300000000011,0.025257485,0.05287048498737823,7.425680000000003,9.61407,2.1883899386596646,5.37515,7.3261967,1.951046670532227,0.024455999999999922,0.036744792,0.012288792014360506
37408,-0.03474299999999997,0.050803658,0.08554665762114522,3.5769599999999997,7.082022,3.5050621900939944,0.7340900000000019,5.9891005,5.255010456237791,-0.024622699999999997,0.046420123,0.0710428234281063
37600,0.4155380000000001,0.27947035,-0.1360676456813813,16.160790000000002,13.7211,-2.439690146484377,18.21133,15.452992,-2.7583375607299807,0.4152191,0.3089184,-0.10630071330223084
37601,0.355538,0.27947035,-0.07606764568138125,15.06079,13.7211,-1.3396901464843758,17.611330000000002,15.452992,-2.158337560729983,0.3952191,0.3089184,-0.08630071330223082
37726,0.12238699999999991,0.04152767,-0.08085933012318602,12.805680000000002,9.131882,-3.673798286132815,10.90515,7.613005,-3.2921448387146004,0.03145599999999993,0.023207868,-0.008248132481932569
37727,0.1023869999999999,0.04152767,-0.060859330123186006,9.40568,9.131882,-0.27379828613281276,8.52515,7.613005,-0.9121448387145996,0.03145599999999993,0.023207868,-0.008248132481932569
37789,0.06000899999999998,0.055293016,-0.004715983864307383,14.831130000000002,13.738859,-1.0922708233642595,13.666080000000001,13.379934,-0.28614568908691496,0.0684248999999999,0.12755243,0.05912753480205546
37790,0.09558299999999997,0.080439836,-0.015143164213180516,18.63033,10.506583,-8.123746786193848,17.14777,8.685632,-8.462138247985841,0.1667229,0.043774422,-0.12294847774186135
37890,-0.10817800000000011,-0.058188267,0.04998973294782649,4.8942400000000035,6.5181994,1.6239594438171352,3.090160000000001,5.5037937,2.413633716430663,0.04883590000000004,0.07194838,0.02311247927818294
37898,-0.08817800000000009,-0.058188267,0.029989732947826475,5.374240000000004,6.5181994,1.1439594438171348,4.100159999999999,5.5037937,1.4036337164306651,0.05883590000000005,0.07194838,0.013112479278182931
37973,0.1333209999999999,0.10067415,-0.032646847625732334,1.439070000000001,7.2613087,5.822238670043944,4.57621,10.1679535,5.591743491210938,0.05661309999999997,0.12739167,0.07077856617393496
38487,-0.04363600000000001,-0.0325282,0.011107800744533547,8.26624,9.695617,1.4293767221069338,7.2173099999999994,9.32944,2.1121301168823248,0.06105130000000003,0.12344005,0.06238874958868024
38488,-0.02363599999999999,-0.0325282,-0.00889219925546647,9.566239999999997,9.695617,0.12937672210693663,9.317309999999999,9.32944,0.012130116882325126,0.10405130000000007,0.12344005,0.0193887495886802
38489,0.006364000000000036,-0.0325282,-0.0388921992554665,12.066239999999997,9.695617,-2.3706232778930634,14.017309999999998,9.32944,-4.687869883117674,0.2590513000000001,0.12344005,-0.13561125041131983
38778,0.030312000000000117,-0.015768422,-0.04608042181384575,12.867569999999999,8.245887,-4.621683197326659,14.250419999999998,9.469596,-4.780824090881346,0.24931179999999997,0.11727503,-0.1320367705791473
38780,0.05867700000000009,0.026438365,-0.03223863524091253,10.88559,9.537455,-1.3481353948974615,11.42638,7.3734584,-4.052921614532471,0.16388749999999996,0.038486686,-0.12540081439614292
38782,0.0014369999999999106,0.029524216,0.028087216428399175,7.298460000000002,9.029433,1.730973250427244,8.812490000000002,9.033025,0.22053478790282988,0.14453720000000003,0.12548059,-0.019056607749176058
38810,0.07156600000000013,0.10062471,0.029058710321426262,7.39648,8.527211,1.1307311892700191,9.906,10.323175,0.417175430297851,0.1392371,0.13366708,-0.0055700184055328394
38812,0.07556600000000013,0.10062471,0.02505871032142626,7.606480000000001,8.527211,0.9207311892700183,9.386000000000001,10.323175,0.9371754302978506,0.11323710000000009,0.13366708,0.020429981594467073
38826,0.150764,0.07170054,-0.0790634568347931,9.409720000000002,6.725633,-2.6840868556213398,11.58361,6.9732733,-4.610336722717285,0.2693011,0.1390845,-0.13021659694538118
38827,0.07876399999999995,0.07170054,-0.007063456834793036,6.169720000000002,6.725633,0.5559131443786605,7.94361,6.9732733,-0.9703367227172848,0.15530109999999997,0.1390845,-0.016216596945381134
38828,0.155764,0.07170054,-0.0840634568347931,10.349720000000001,6.725633,-3.6240868556213393,10.92361,6.9732733,-3.950336722717285,0.1773011000000001,0.1390845,-0.038216596945381265
38829,0.155764,0.07170054,-0.0840634568347931,10.549720000000002,6.725633,-3.8240868556213403,11.08361,6.9732733,-4.110336722717285,0.1883011,0.1390845,-0.049216596945381164
38831,0.3477640000000001,0.07170054,-0.27606345683479316,17.16972,6.725633,-10.44408685562134,15.81361,6.9732733,-8.840336722717286,0.4363011000000001,0.1390845,-0.2972165969453813
38832,0.127764,0.07170054,-0.05606345683479308,4.56972,6.725633,2.155913144378662,6.69361,6.9732733,0.27966327728271523,0.10030110000000003,0.1390845,0.038783403054618804
38833,-0.06923600000000008,0.07170054,0.14093654316520698,1.989720000000002,6.725633,4.73591314437866,1.7036100000000012,6.9732733,5.269663277282714,0.057301099999999994,0.1390845,0.08178340305461884
38834,-0.059236000000000066,0.07170054,0.13093654316520698,4.3797200000000025,6.725633,2.3459131443786596,3.93361,6.9732733,3.039663277282715,0.07730110000000001,0.1390845,0.061783403054618824
38836,-0.06923600000000008,0.07170054,0.14093654316520698,1.74972,6.725633,4.975913144378662,-0.04638999999999882,6.9732733,7.019663277282714,-0.009698899999999955,0.1390845,0.1487834030546188
39141,0.0014879999999999338,0.013228397,0.011740396885097093,6.141820000000003,8.573961,2.4321412579345676,3.2164399999999986,5.910059,2.693618975219728,-0.05369219999999997,0.017945869,0.07163806889445778
39161,0.16622499999999996,0.08674124,-0.0794837611675262,19.096040000000002,13.9798,-5.116239775695803,19.52153,14.73982,-4.781710473327635,0.19850879999999993,0.13735646,-0.061152339905548025
39163,0.15622499999999995,0.08674124,-0.06948376116752619,14.906040000000004,13.9798,-0.9262397756958052,16.921529999999997,14.73982,-2.181710473327634,0.17450880000000002,0.13735646,-0.037152339905548115
39222,0.05221500000000012,0.034514047,-0.017700952794551972,7.708349999999999,8.568287,0.8599368957519538,12.547250000000002,7.1376514,-5.4095985565185565,0.31226410000000004,0.04904659,-0.26321750907573704
39223,0.042215000000000114,0.034514047,-0.007700952794551963,7.418349999999997,8.568287,1.1499368957519565,11.797250000000002,7.1376514,-4.6595985565185565,0.2822641000000001,0.04904659,-0.23321750907573707
39350,-0.09102100000000002,0.04080602,0.13182702154135706,7.105720000000005,10.65074,3.5450196697997995,2.0325399999999973,7.8399954,5.807455384216311,-0.06192249999999999,0.048018415,0.1099409145271778
39392,0.04981499999999994,0.06450092,0.014685920474529324,5.8782299999999985,7.232506,1.3542757983398452,7.045549999999999,6.860293,-0.18525708847045763,0.11202750000000006,0.062007647,-0.050019852992296276
39393,0.08981499999999987,0.06450092,-0.0253140795254706,5.3782299999999985,7.232506,1.8542757983398452,6.525549999999999,6.860293,0.33474291152954194,0.07202750000000002,0.062007647,-0.010019852992296241
39433,-0.0608820000000001,0.07133641,0.13221841093969355,5.511850000000003,9.678742,4.166892408752439,3.8847200000000015,7.52979,3.6450699246215805,-0.0019947999999999633,0.05043718,0.05243197846274372
39700,0.06253400000000009,0.06565193,0.0031179308686255514,11.146149999999999,9.575717,-1.5704330276489245,8.488349999999999,8.827392,0.33904162445068486,0.0008162000000000447,0.03293904,0.03212283917074199
39701,0.05253400000000008,0.06565193,0.01311793086862556,10.44615,9.575717,-0.8704330276489252,8.388349999999999,8.827392,0.4390416244506845,0.06081619999999999,0.03293904,-0.027877160829257952
39703,0.11253400000000002,0.06565193,-0.04688206913137438,11.346149999999998,9.575717,-1.7704330276489237,9.088349999999998,8.827392,-0.2609583755493148,0.010816199999999943,0.03293904,0.022122839170742092
39887,-0.103707,-0.026836954,0.07687004594278335,1.330490000000001,4.445048,3.114557855377196,-1.2855799999999995,2.6976008,3.9831808415222163,-0.01874140000000002,0.017460715,0.036202115025663395
39888,-0.060707000000000066,-0.026836954,0.03387004594278342,2.4504899999999985,4.445048,1.9945578553771988,1.4044199999999982,2.6976008,1.2931808415222186,0.02425860000000002,0.017460715,-0.006797884974336643
39889,-0.06570699999999996,-0.026836954,0.038870045942783316,1.590489999999999,4.445048,2.854557855377198,0.01442000000000121,2.6976008,2.6831808415222156,-0.001741400000000115,0.017460715,0.01920211502566349
40018,0.05502600000000002,-0.0017795023,-0.056805502257704754,7.61889,7.648126,0.029236125335692975,7.265000000000001,6.9636827,-0.3013173484802252,0.02747069999999996,0.08124341,0.05377271070652012
40019,0.04502600000000001,-0.0017795023,-0.046805502257704745,6.218889999999998,7.648126,1.429236125335695,4.665000000000001,6.9636827,2.2986826515197745,-0.0525293,0.08124341,0.13377271070652008
40040,0.02189899999999989,0.039260294,0.017361294288396945,8.78529,9.586763,0.801473381958008,9.517610000000001,12.234183,2.716573311462401,0.09322010000000003,0.13943121,0.04621110837211606
40497,-0.018213000000000035,-0.0006111565,0.017601843483757262,11.620159999999998,9.757022,-1.8631380960082993,7.35717,5.7696495,-1.5875204943847656,-0.024511999999999978,-0.0114746075,0.013037392487645127
41204,-0.031049000000000104,0.092978,0.12402700064086924,9.805870000000002,12.743267,2.9373970593261696,6.354890000000001,10.91202,4.557129729614257,-0.015150600000000125,0.07496838,0.09011898271617902
41237,-0.009613000000000094,0.04123723,0.0508502313439847,10.505680000000002,8.822448,-1.683232223205568,7.565150000000001,7.65032,0.08517005310058501,0.014455999999999913,0.07618358,0.061727579862117854
41238,0.004386999999999919,0.007313099,0.0029260992241204598,11.49568,10.93066,-0.5650197521972657,8.65515,10.313522,1.6583723388671867,0.027455999999999925,0.14726003,0.11980402514362343
41251,0.07950899999999994,0.07741952,-0.0020894805755614643,9.851770000000002,9.6714525,-0.18031747772216988,9.865739999999999,8.1345215,-1.7312185156249988,0.10065210000000002,0.06223165,-0.038420451286649726
41279,0.025386999999999937,0.025257485,-0.00012951501262181697,13.905680000000002,9.61407,-4.291610061340334,9.385150000000001,7.3261967,-2.0589533294677747,-0.04754400000000014,0.036744792,0.08428879201436057
41325,-0.047784999999999966,0.034514047,0.08229904720544812,7.488349999999997,8.568287,1.0799368957519562,2.497250000000001,7.1376514,4.640401443481444,-0.08773589999999998,0.04904659,0.13678249092426298
41326,0.15738699999999994,0.023623155,-0.13376384457004065,10.705680000000001,8.88656,-1.8191195599365244,11.50515,7.1155653,-4.3895847000122075,0.12145600000000001,0.038569044,-0.08288695567822457
41327,0.28238699999999994,0.023623155,-0.25876384457004065,14.805680000000002,8.88656,-5.919119559936526,14.70515,7.1155653,-7.589584700012207,0.14145599999999992,0.038569044,-0.10288695567822448
41328,0.30238699999999996,0.023623155,-0.27876384457004066,17.405680000000004,8.88656,-8.519119559936527,17.90515,7.1155653,-10.789584700012206,0.38145599999999996,0.038569044,-0.3428869556782245
41350,-0.02761300000000011,0.04152767,0.069140669876814,7.505680000000002,9.131882,1.6262017138671858,7.805150000000001,7.613005,-0.19214483871460075,0.1314559999999999,0.023207868,-0.10824813248193255
41367,0.30238699999999996,0.023623155,-0.27876384457004066,11.925680000000003,8.88656,-3.039119559936527,12.44515,7.1155653,-5.329584700012207,0.03145599999999993,0.038569044,0.007113044321775508
41538,0.05852900000000005,0.05800431,-0.0005246915080547865,3.2787599999999983,4.718725,1.439965204467775,12.536719999999999,9.142758,-3.393961630554198,0.46920370000000006,0.25946411,-0.20973958509559637
41539,0.06852900000000006,0.05800431,-0.010524691508054795,5.278759999999998,4.718725,-0.5600347955322249,13.92672,9.142758,-4.783961630554199,0.5092037,0.25946411,-0.24973958509559635
41540,0.05852900000000005,0.05800431,-0.0005246915080547865,3.988759999999999,4.718725,0.7299652044677742,5.866719999999999,9.142758,3.2760383694458017,0.0992037,0.25946411,0.16026041490440368
41541,0.08852899999999997,0.05800431,-0.030524691508054702,4.278759999999998,4.718725,0.4399652044677751,6.566719999999998,9.142758,2.5760383694458024,0.0992037,0.25946411,0.16026041490440368
41678,0.3702383,0.10020044,-0.27003786299066546,18.62678,8.978038,-9.64874216583252,15.89093,7.5504174,-8.34051257675171,0.46802509999999997,0.2746869,-0.19333819723854062
41746,-0.038112000000000146,-0.032137938,0.005974062156200555,7.97804,6.6925635,-1.285476466217041,6.362019999999999,6.015926,-0.34609411575317317,0.06489519999999993,0.051655844,-0.01323935614604943
41747,-0.038112000000000146,-0.032137938,0.005974062156200555,5.97804,6.6925635,0.714523533782959,6.26202,6.015926,-0.24609411575317353,0.034895199999999904,0.051655844,0.016760643853950596
41748,-0.048112000000000155,-0.032137938,0.015974062156200564,4.97804,6.6925635,1.714523533782959,3.3620199999999993,6.015926,2.653905884246827,0.024895200000000006,0.051655844,0.026760643853950494
41749,-0.048112000000000155,-0.032137938,0.015974062156200564,4.378040000000002,6.6925635,2.314523533782957,4.362019999999999,6.015926,1.6539058842468268,0.014895199999999997,0.051655844,0.0367606438539505
41823,0.058694000000000135,0.15570551,0.09701151156997667,19.70765,14.056123,-5.65152722015381,18.1997,14.149176,-4.0505243560791016,0.1525301,0.106799565,-0.045730534744358065
41876,0.06793399999999994,0.0675179,-0.00041610102319711295,4.06833,8.414478,4.346148302001954,4.240360000000001,6.467865,2.227504990234374,0.02952010000000005,0.014957958,-0.014562142098939468
41908,0.009717700000000051,-0.0068238317,-0.016541531703513912,8.805240000000001,6.671061,-2.134178961029054,8.571629999999999,6.8528037,-1.7188262928771962,0.09719449999999996,0.09015231,-0.007042191655158958
42007,-0.08114550000000009,-0.03713635,0.04400915017294893,6.02018,6.47179,0.45160983688354506,3.5999199999999973,5.0342236,1.4343035565185573,-0.01939920000000006,0.033871736,0.05327093637747771
42008,-0.10114550000000011,-0.03713635,0.06400915017294895,4.120180000000001,6.47179,2.3516098368835436,0.9499199999999988,5.0342236,4.084303556518556,-0.01939920000000006,0.033871736,0.05327093637747771
42009,-0.0911455000000001,-0.03713635,0.05400915017294894,4.620180000000001,6.47179,1.8516098368835436,2.4499199999999988,5.0342236,2.584303556518556,0.030600799999999984,0.033871736,0.0032709363774776623
42123,0.028456000000000037,0.06355643,0.03510043272399899,0.716190000000001,4.925604,4.2094138665771474,2.4027600000000007,7.426024,5.023263960113525,0.0694509000000001,0.15465713,0.08520622547302237
42173,0.06238699999999997,0.073985115,0.011598114693641692,26.56568,11.002127,-15.563553306274414,19.40515,11.291085,-8.114064756774901,0.24145599999999995,0.12810695,-0.11334904828643794
42174,0.1023869999999999,0.073985115,-0.028401885306358232,10.38568,11.002127,0.6164466937255852,11.40515,11.291085,-0.11406475677490313,0.16145599999999993,0.12810695,-0.03334904828643792
42175,0.19238699999999997,0.073985115,-0.11840188530635831,16.77568,11.002127,-5.773553306274415,15.305150000000001,11.291085,-4.0140647567749035,0.18145599999999995,0.12810695,-0.05334904828643794
