Ref_ID,delta_Voc_true,delta_Voc_pred,delta_Voc_error,delta_Jsc_true,delta_Jsc_pred,delta_Jsc_error,delta_PCE_true,delta_PCE_pred,delta_PCE_error,delta_FF_true,delta_FF_pred,delta_FF_error
20,0.10898999999999992,0.04869245,-0.0602975500726699,12.851590000000002,10.073107,-2.7784832342529313,10.28508,7.896879,-2.3882008038330085,-0.006516399999999978,0.016865004,0.02338140385403631
22,-0.041154000000000135,-0.032972746,0.008181254402637617,13.580079999999999,11.730103,-1.8499774609374988,12.088349999999998,10.215859,-1.8724905868530257,0.10617929999999998,0.08064675,-0.02553254668884275
23,-0.07115400000000016,-0.032972746,0.03818125440263764,11.580079999999999,11.730103,0.15002253906250118,9.18835,10.215859,1.0275094131469729,0.059179300000000046,0.08064675,0.02146745331115718
24,-0.08115400000000017,-0.032972746,0.04818125440263765,11.250079999999997,11.730103,0.48002253906250303,8.18835,10.215859,2.027509413146973,0.03317930000000002,0.08064675,0.047467453311157204
25,-0.051154000000000144,-0.032972746,0.018181254402637625,11.70008,11.730103,0.030022539062500186,10.388349999999999,10.215859,-0.17249058685302643,0.09517929999999997,0.08064675,-0.01453254668884274
26,-0.041154000000000135,-0.032972746,0.008181254402637617,13.580079999999999,11.730103,-1.8499774609374988,12.088349999999998,10.215859,-1.8724905868530257,0.10617929999999998,0.08064675,-0.02553254668884275
27,-0.08115400000000017,-0.032972746,0.04818125440263765,11.250079999999997,11.730103,0.48002253906250303,8.18835,10.215859,2.027509413146973,0.03317930000000002,0.08064675,0.047467453311157204
72,-0.09866200000000003,0.0021286882,0.1007906881528795,5.228439999999999,8.772683,3.5442431436157236,2.2971799999999973,6.8057623,4.5085822909545925,-0.004401800000000011,0.042702112,0.0471039123468876
89,0.021665000000000045,0.022337226,0.0006722261971234822,8.310340000000004,8.84582,0.5354804269409144,7.1113,6.815207,-0.2960929954528808,0.045322799999999996,0.033831533,-0.011491266955423352
90,-0.07833500000000004,0.022337226,0.10067222619712357,5.310340000000004,8.84582,3.5354804269409144,2.9113000000000007,6.815207,3.9039070045471185,0.01532279999999997,0.033831533,0.018508733044576675
91,-0.07833500000000004,0.022337226,0.10067222619712357,6.310340000000004,8.84582,2.5354804269409144,5.1113,6.815207,1.7039070045471192,0.07532280000000002,0.033831533,-0.04149126695542338
169,-0.028512000000000093,0.0041618193,0.03267381934997449,6.381820000000001,8.413065,2.031244956665038,2.5964399999999976,5.5470576,2.950617628631594,-0.06569219999999998,0.013653604,0.07934580431373117
170,-0.008512000000000075,0.0041618193,0.012673819349974469,7.301820000000003,8.413065,1.1112449566650362,4.096439999999999,5.5470576,1.4506176286315924,-0.04369219999999996,0.013653604,0.05734580431373115
171,0.04148799999999997,0.0041618193,-0.037326180650025576,7.151820000000004,8.413065,1.2612449566650348,5.9264399999999995,5.5470576,-0.3793823713684077,0.018307800000000096,0.013653604,-0.004654195686268903
267,-0.11485750000000006,-0.0291794,0.0856781001669169,5.84205,6.343971,0.5019207756042476,2.4481800000000007,5.7234516,3.275271614379882,0.0021046999999999594,0.06570884,0.06360413840322499
297,0.012386999999999926,0.026230238,0.013843238378048017,8.535680000000003,9.679463,1.1437833865356417,6.09515,7.409651,1.3145008026123044,-0.005544000000000104,0.038424212,0.04396821248555194
391,0.13438699999999992,0.02440367,-0.10998332919728748,5.09768,8.866164,3.7684842074584957,6.34515,7.1583056,0.8131556449890134,0.024455999999999922,0.038810614,0.014354614496469575
411,-0.059236000000000066,-0.0023541565,0.0568818435412497,1.2597200000000015,4.8464456,3.5867255604553208,0.9736100000000008,3.4302945,2.456684513702392,0.04030109999999998,0.019698046,-0.020603053852176645
412,-0.059236000000000066,-0.0023541565,0.0568818435412497,0.8897200000000005,4.8464456,3.9567255604553218,-0.37639000000000067,3.4302945,3.8066845137023932,0.0003011000000000541,0.019698046,0.01939694614782328
413,-0.08023599999999997,-0.0023541565,0.0778818435412496,0.8697200000000009,4.8464456,3.9767255604553213,-1.6763900000000014,3.4302945,5.106684513702394,-0.03969889999999998,0.019698046,0.059396946147823315
414,-0.09223599999999998,-0.0023541565,0.08988184354124962,0.1297200000000025,4.8464456,4.71672556045532,-2.706389999999999,3.4302945,6.1366845137023915,-0.04969889999999999,0.019698046,0.06939694614782332
415,-0.09023599999999998,-0.0023541565,0.08788184354124962,1.149720000000002,4.8464456,3.69672556045532,-1.336389999999998,3.4302945,4.7666845137023905,-0.029698899999999973,0.019698046,0.049396946147823306
475,0.04858899999999999,0.0019832072,-0.046605792815178626,12.73254,7.7412424,-4.991297591247559,13.378440000000001,7.4321685,-5.94627151626587,0.23888559999999992,0.10411876,-0.13476684305009834
529,-0.03254800000000002,0.025344033,0.05789203279423716,7.878070000000001,6.862357,-1.0157128604125987,7.11388,7.9120884,0.7982083941650391,0.07242290000000007,0.11960944,0.04718653788290017
853,-0.007784999999999931,0.019412635,0.027197634894251754,8.338349999999998,9.440669,1.1023190597534196,6.567250000000001,6.677237,0.10998703384399278,0.06626410000000005,0.005370654,-0.060893445834255266
854,-0.03778499999999996,0.019412635,0.05719763489425178,7.43835,9.440669,2.002319059753418,4.247250000000001,6.677237,2.429987033843993,0.009264100000000108,0.005370654,-0.003893445834255327
855,0.012215000000000087,0.019412635,0.0071976348942517365,10.338349999999998,9.440669,-0.8976809402465804,7.3572500000000005,6.677237,-0.6800129661560064,0.04126410000000014,0.005370654,-0.035893445834255355
919,-0.048904999999999976,0.023392016,0.0722970160681009,8.654140000000002,10.093856,1.4397158578491194,6.094740000000002,7.9193606,1.8246206376647933,0.005674199999999963,0.052538496,0.04686429551081661
924,0.0955379999999999,0.108115375,0.01257737504196177,11.14883,10.161527,-0.9873033200073245,12.097650000000002,11.024119,-1.073530622863771,0.06766990000000006,0.037476525,-0.030193375289344848
925,0.14553799999999995,0.108115375,-0.037422624958038275,10.548830000000002,10.161527,-0.3873033200073266,12.29765,11.024119,-1.2735306228637704,0.06366989999999995,0.037476525,-0.026193375289344734
926,0.0955379999999999,0.108115375,0.01257737504196177,10.748830000000002,10.161527,-0.5873033200073259,10.29765,11.024119,0.7264693771362296,0.002669900000000003,0.037476525,0.03480662471065521
927,0.12553799999999993,0.108115375,-0.017422624958038258,10.548830000000002,10.161527,-0.3873033200073266,11.197650000000001,11.024119,-0.17353062286377074,0.027669900000000025,0.037476525,0.009806624710655187
928,0.08553799999999989,0.108115375,0.022577375041961778,10.64883,10.161527,-0.48730332000732446,9.49765,11.024119,1.5264693771362303,-0.02433010000000002,0.037476525,0.061806624710655234
929,0.14553799999999995,0.108115375,-0.037422624958038275,10.64883,10.161527,-0.48730332000732446,12.197650000000001,11.024119,-1.1735306228637707,0.05466990000000005,0.037476525,-0.017193375289344837
930,0.10553799999999991,0.108115375,0.0025773750419617603,11.14883,10.161527,-0.9873033200073245,10.597650000000002,11.024119,0.4264693771362289,-0.009330100000000008,0.037476525,0.04680662471065522
931,0.19553799999999988,0.108115375,-0.08742262495803821,10.548830000000002,10.161527,-0.3873033200073266,13.79765,11.024119,-2.7735306228637704,0.10166989999999998,0.037476525,-0.06419337528934477
932,0.10553799999999991,0.108115375,0.0025773750419617603,10.14883,10.161527,0.012696679992675541,10.89765,11.024119,0.12646937713622997,0.03566990000000003,0.037476525,0.0018066247106551803
946,0.022823999999999955,0.03542724,0.01260323879218106,8.532060000000001,7.983732,-0.5483277764892591,10.913789999999999,10.025507,-0.8882830267333972,0.23265439999999993,0.17677532,-0.05587907863559716
949,0.01682399999999995,0.03542724,0.018603238792181065,6.882059999999999,7.983732,1.101672223510743,8.68379,10.025507,1.3417169732666014,0.16165439999999998,0.17677532,0.015120921364402795
950,0.03682399999999997,0.03542724,-0.0013967612078189529,7.5720600000000005,7.983732,0.41167222351074173,9.583789999999999,10.025507,0.44171697326660286,0.1756544,0.17677532,0.0011209213644027827
951,0.01682399999999995,0.03542724,0.018603238792181065,6.882059999999999,7.983732,1.101672223510743,8.68379,10.025507,1.3417169732666014,0.16165439999999998,0.17677532,0.015120921364402795
952,0.020823999999999954,0.03542724,0.014603238792181061,9.91206,7.983732,-1.9283277764892581,11.60379,10.025507,-1.5782830267333985,0.2026544,0.17677532,-0.02587907863559724
1145,-0.03778499999999996,0.019412635,0.05719763489425178,7.84835,9.440669,1.592319059753418,4.317250000000001,6.677237,2.3599870338439928,-0.03173590000000004,0.005370654,0.03710655416574482
1147,-0.047784999999999966,0.019412635,0.06719763489425179,7.958349999999999,9.440669,1.4823190597534186,4.387250000000002,6.677237,2.2899870338439925,-0.027735899999999925,0.005370654,0.033106554165744706
1148,-0.047784999999999966,0.019412635,0.06719763489425179,7.34835,9.440669,2.092319059753418,3.827250000000003,6.677237,2.849987033843991,-0.029735899999999926,0.005370654,0.03510655416574471
1149,-0.047784999999999966,0.019412635,0.06719763489425179,8.11835,9.440669,1.3223190597534185,4.407250000000001,6.677237,2.269987033843993,-0.036735900000000044,0.005370654,0.042106554165744825
1150,-0.047784999999999966,0.019412635,0.06719763489425179,7.948349999999998,9.440669,1.4923190597534202,4.0972500000000025,6.677237,2.5799870338439916,-0.04373589999999994,0.005370654,0.04910655416574472
1152,-0.07778499999999999,0.019412635,0.09719763489425182,7.968349999999997,9.440669,1.4723190597534206,3.4072500000000012,6.677237,3.269987033843993,-0.04773589999999994,0.005370654,0.053106554165744724
1153,-0.047784999999999966,0.019412635,0.06719763489425179,7.858349999999998,9.440669,1.58231905975342,4.05725,6.677237,2.6199870338439943,-0.03373589999999993,0.005370654,0.03910655416574471
1166,-0.025123000000000006,0.023253454,0.048376453895449645,10.868780000000001,10.286695,-0.5820854733276377,8.71107,9.195449,0.48437887542724667,0.07799310000000004,0.07603403,-0.001959068191623725
1241,-0.08093600000000001,0.0045221867,0.08545818670397998,6.871929999999999,7.894239,1.0223089488220225,4.97016,6.629277,1.6591172293090821,0.04375220000000002,0.09968614,0.05593393833189009
1242,-0.08093600000000001,0.0045221867,0.08545818670397998,6.871929999999999,7.894239,1.0223089488220225,4.97016,6.629277,1.6591172293090821,0.04375220000000002,0.09968614,0.05593393833189009
1352,0.011989999999999945,0.03708567,0.02509567097783094,5.66159,9.906333,4.244742969665527,3.0350800000000007,7.325471,4.290390924377441,-0.04651640000000001,0.030282779,0.0767991786654234
1354,-0.07801000000000013,0.03708567,0.11509567097783102,5.041590000000003,9.906333,4.864742969665524,0.07507999999999981,7.325471,7.250390924377442,-0.08451640000000005,0.030282779,0.11479917866542344
1356,-0.07951200000000003,0.010092176,0.08960417556566003,6.721820000000001,9.114159,2.3923386303710927,3.0164399999999993,6.0510554,3.0346154313659675,-0.04269220000000007,0.0060174474,0.04870964744926698
1360,-0.049512,0.010092176,0.05960417556566,11.831820000000004,9.114159,-2.7176613696289103,6.716439999999999,6.0510554,-0.6653845686340318,-0.06469219999999987,0.0060174474,0.07070964744926678
1362,-0.08351200000000003,0.010092176,0.09360417556566003,6.031820000000003,9.114159,3.0823386303710905,1.0964399999999976,6.0510554,4.954615431365969,-0.07769219999999999,0.0060174474,0.0837096474492669
1363,-0.08051200000000014,0.010092176,0.09060417556566014,5.791820000000001,9.114159,3.3223386303710924,1.326439999999998,6.0510554,4.724615431365969,-0.06269219999999998,0.0060174474,0.06870964744926689
1365,-0.08851200000000015,0.010092176,0.09860417556566015,6.421820000000004,9.114159,2.69233863037109,1.6164400000000008,6.0510554,4.434615431365966,-0.06669219999999998,0.0060174474,0.07270964744926689
1507,0.012513999999999914,0.02608666,0.01357266010200986,9.17998,8.601911,-0.5780694088745122,6.937480000000001,7.2993155,0.36183545257568284,0.013848599999999989,0.045008272,0.03115967193260194
1612,-0.12320760000000008,-0.021707222,0.10150037813434609,6.627849999999999,6.4586954,-0.16915458831786978,6.314879999999999,5.81958,-0.4952999218749987,0.16362789999999994,0.15471013,-0.00891777109661096
1613,0.025188999999999906,0.0014118772,-0.023777122776709403,7.72472,5.0660515,-2.6586685168457027,2.6573899999999995,3.0971158,0.4397257550811773,-0.13557419999999998,0.020332621,0.15590682141048906
1614,-0.019187000000000065,-0.0004495415,0.018737458509475058,1.9827999999999992,3.5923908,1.6095907756805428,0.860557,3.1294973,2.2689402896575928,-0.01110600000000006,0.1066927,0.11779870157814032
1615,-0.09141730000000003,-0.053051658,0.03836564202528003,3.299900000000001,5.496897,2.1969972206115713,2.9269100000000012,4.371747,1.444837016906737,0.09641650000000002,0.08853484,-0.007881660548686997
1616,0.10381299999999993,-0.0004495415,-0.10426254149052494,2.912799999999999,3.5923908,0.679590775680543,5.190557,3.1294973,-2.0610597103424073,0.32689400000000013,0.1066927,-0.22020129842185987
1821,0.0823830000000001,0.08331307,0.0009300702376364711,14.43186,12.780492,-1.6513681710815433,14.66864,13.20001,-1.4686297003173827,0.12868599999999997,0.11404388,-0.014642123471260038
1822,0.07238300000000009,0.08331307,0.01093007023763648,12.731859999999998,12.780492,0.04863182891845952,12.71864,13.20001,0.4813702996826166,0.09768599999999994,0.11404388,0.01635787652873999
2024,0.031665000000000054,0.023157421,-0.008507578500509316,7.300340000000002,8.164687,0.864347156677244,6.0013000000000005,6.477945,0.47664485092163034,0.01532279999999997,0.026280062,0.010957262273144752
2025,0.031665000000000054,0.023157421,-0.008507578500509316,7.410340000000005,8.164687,0.7543471566772411,5.0113,6.477945,1.4666448509216305,-0.034677199999999964,0.026280062,0.060957262273144686
2026,-0.04833500000000002,0.023157421,0.07149242149949075,7.190340000000003,8.164687,0.9743471566772435,2.7113000000000014,6.477945,3.7666448509216295,-0.0746772,0.026280062,0.10095726227314472
2027,0.18166500000000008,0.023157421,-0.15850757850050934,8.710340000000002,8.164687,-0.5456528433227561,8.8613,6.477945,-2.383355149078369,0.01532279999999997,0.026280062,0.010957262273144752
2028,0.05166500000000007,0.023157421,-0.028507578500509334,8.910340000000005,8.164687,-0.7456528433227589,7.2113,6.477945,-0.7333551490783687,0.017322800000000083,0.026280062,0.00895726227314464
2029,0.0776650000000001,0.023157421,-0.05450757850050936,7.110340000000004,8.164687,1.0543471566772418,6.901299999999999,6.477945,-0.42335514907836824,0.03532279999999999,0.026280062,-0.009042737726855266
2030,0.0766650000000001,0.023157421,-0.053507578500509356,7.110340000000004,8.164687,1.0543471566772418,6.331300000000001,6.477945,0.14664485092163027,0.007322800000000074,0.026280062,0.01895726227314465
2031,0.04666500000000007,0.023157421,-0.02350757850050933,7.110340000000004,8.164687,1.0543471566772418,4.401299999999999,6.477945,2.0766448509216318,-0.06467719999999999,0.026280062,0.09095726227314471
2032,0.2016650000000001,0.023157421,-0.17850757850050936,8.810340000000004,8.164687,-0.6456528433227575,9.7913,6.477945,-3.313355149078369,0.0503228,0.026280062,-0.02404273772685528
2039,0.9943960000000001,0.53322476,-0.4611712385139466,31.257279999999994,26.061924,-5.195356019287104,13.1925,13.121458,-0.0710419464111336,0.16212749999999998,0.16287273,0.0007452316856384478
2078,0.13155400000000006,0.09649272,-0.035061277369499266,25.90036,17.446394,-8.453966033325194,20.512600000000003,13.368535,-7.144064958190921,0.23002840000000002,0.09371917,-0.1363092305025101
2085,-0.0890740000000001,-0.030179432,0.058894568338036635,5.194769999999998,6.584402,1.3896320843505876,10.043779999999998,7.453888,-2.589892060546873,0.23568959999999994,0.15706341,-0.07862619031391138
2086,-0.04907400000000006,-0.030179432,0.0188945683380366,5.894769999999998,6.584402,0.6896320843505883,7.473779999999998,7.453888,-0.01989206054687287,0.1626896,0.15706341,-0.005626190313911428
2087,-0.019074000000000035,-0.030179432,-0.011105431661963427,7.694769999999998,6.584402,-1.1103679156494124,9.503779999999999,7.453888,-2.049892060546874,0.1876896,0.15706341,-0.03062619031391145
2099,-0.04815400000000003,0.06576265,0.11391664649629596,4.81475,8.803944,3.989193634033203,4.805869999999999,9.457978,4.652108248596193,0.07766270000000008,0.12006074,0.04239804190139762
2115,-0.07377500000000015,0.018428333,0.09220333310365691,9.246040000000004,11.322647,2.0766070947265582,8.62153,11.516771,2.8952413165283204,0.09850879999999995,0.112325765,0.013816965192508746
2699,0.20542700000000003,0.13989039,-0.06553661234569552,17.65475,14.22624,-3.4285098419189453,18.11934,15.740227,-2.3791132543945324,0.08701829999999988,0.1484632,0.061444904503059505
2757,-0.03398239999999997,-0.013745394,0.020237006395959822,10.1113,10.169808,0.0585083877563477,7.798629999999999,7.476093,-0.32253718460082936,0.026508100000000034,0.08085034,0.054342240425968136
2837,-0.009128000000000025,0.044896077,0.054024077364683176,7.0259300000000025,8.996108,1.9701780551147436,5.4815000000000005,7.140388,1.6588880119323726,0.025827899999999904,0.059729565,0.033901664934969045
2844,0.20542700000000003,0.13989039,-0.06553661234569552,18.69475,14.22624,-4.468509841918944,18.849339999999998,15.740227,-3.1091132543945292,0.0990183,0.1484632,0.049444904503059384
2874,-8.900000000000574e-05,0.039459236,0.0395482359662056,7.625859999999999,9.099663,1.4738027807617193,5.19356,8.467861,3.2743011755371096,-0.01323350000000001,0.0934532,0.10668669867134095
2875,0.06991100000000006,0.039459236,-0.03045176403379446,7.835859999999997,9.099663,1.263802780761722,9.743559999999999,8.467861,-1.2756988244628893,0.18676649999999995,0.0934532,-0.093313301328659
2876,0.08991099999999996,0.039459236,-0.050451764033794366,9.85586,9.099663,-0.7561972192382811,12.00356,8.467861,-3.535698824462891,0.2367665,0.0934532,-0.14331330132865905
2877,-0.057613000000000136,0.026230238,0.08384323837804808,6.955680000000001,9.679463,2.7237833865356436,2.9451500000000017,7.409651,4.464500802612303,-0.04854400000000003,0.038424212,0.08696821248555187
2900,0.03198999999999996,0.009959503,-0.022030496923029386,7.4415900000000015,8.417178,0.9755881539916977,6.205080000000001,6.694214,0.4891338671874994,0.021483599999999936,0.03633047,0.014846868952655856
2901,-0.04801000000000011,0.009959503,0.057969503076970685,7.0615900000000025,8.417178,1.3555881539916967,3.9550800000000024,6.694214,2.7391338671874976,-0.014516399999999985,0.03633047,0.05084686895265578
3218,0.012386999999999926,0.02440367,0.012016670802712515,9.58568,8.866164,-0.7195157925415039,6.12515,7.1583056,1.033155644989014,-0.041544000000000025,0.038810614,0.08035461449646952
3384,-0.007613000000000092,0.02440367,0.03201667080271253,9.075680000000002,8.866164,-0.20951579254150587,6.92515,7.1583056,0.2331556449890133,0.03145599999999993,0.038810614,0.007354614496469569
3385,-0.007613000000000092,0.02440367,0.03201667080271253,6.74568,8.866164,2.120484207458496,5.50515,7.1583056,1.6531556449890132,0.04145599999999994,0.038810614,-0.0026453855035304397
3415,0.002386999999999917,0.02440367,0.022016670802712524,7.2256800000000005,8.866164,1.6404842074584955,10.00515,7.1583056,-2.8468443550109868,0.221456,0.038810614,-0.1826453855035305
3499,-0.022612999999999994,0.026230238,0.04884323837804794,8.705680000000001,9.679463,0.9737833865356436,6.10515,7.409651,1.3045008026123046,0.014455999999999913,0.038424212,0.02396821248555192
3503,0.055593399999999904,0.07098805,0.015394651593303776,10.060030000000001,9.4387455,-0.6212845013427746,8.46496,8.602637,0.13767729095459025,0.033296800000000015,0.08917844,0.055881642955017075
3504,0.06326029999999994,0.105035715,0.041775414805126254,10.113310000000002,9.210512,-0.9027978387451192,8.83856,8.777232,-0.06132782989501884,0.0494325000000001,0.115981854,0.06654935449838628
3505,0.11307089999999997,0.10450369,-0.008567208803558324,7.685870000000001,7.828584,0.1427141941833483,8.282560000000002,8.281931,-0.0006290765380878582,0.07635189999999992,0.081319086,0.004967186253643119
3506,0.1269038,0.0879782,-0.03892560087566377,6.469799999999999,8.676181,2.206380839538575,9.61413,8.243548,-1.3705816067504877,0.1857726999999999,0.11612623,-0.06964646815080633
3552,-0.071075,0.024048127,0.09512312723398209,3.4377199999999988,6.9234467,3.4857266552734387,4.935819999999998,7.956858,3.0210381581115744,0.14329009999999998,0.12827377,-0.01501632978687284
3553,-0.10107500000000003,0.024048127,0.1251231272339821,2.887719999999998,6.9234467,4.035726655273439,2.9458199999999977,7.956858,5.011038158111575,0.09829009999999994,0.12827377,0.0299836702131272
3554,-0.11107500000000003,0.024048127,0.13512312723398212,3.257719999999999,6.9234467,3.6657266552734384,3.9958199999999984,7.956858,3.961038158111574,0.13129009999999997,0.12827377,-0.003016329786872829
3568,-0.07761300000000015,0.02440367,0.1020166708027126,8.63568,8.866164,0.2304842074584954,4.60515,7.1583056,2.5531556449890136,-0.018544000000000005,0.038810614,0.0573546144964695
3655,0.14238699999999993,0.026230238,-0.11615676162195199,11.075680000000002,9.679463,-1.3962166134643574,11.82515,7.409651,-4.415499197387696,0.14445599999999992,0.038424212,-0.10603178751444808
3697,0.04356000000000004,0.058779694,0.015219694139957385,9.923950000000001,10.061853,0.13790340881347518,13.021430000000002,10.315268,-2.7061624371337913,0.2727328,0.1567828,-0.11594999408035278
3698,0.06256000000000006,0.058779694,-0.003780305860042632,7.32395,10.061853,2.7379034088134766,10.021430000000002,10.315268,0.29383756286620866,0.1657328,0.1567828,-0.008949994080352797
3699,0.04156000000000004,0.058779694,0.017219694139957387,8.223950000000002,10.061853,1.8379034088134745,9.521430000000002,10.315268,0.7938375628662087,0.1377328,0.1567828,0.019050005919647228
3700,0.06056000000000006,0.058779694,-0.0017803058600426303,10.52395,10.061853,-0.4620965911865227,12.221430000000002,10.315268,-1.9061624371337906,0.22373279999999995,0.1567828,-0.06694999408035274
3701,0.04856000000000005,0.058779694,0.01021969413995738,8.423950000000001,10.061853,1.6379034088134752,8.021430000000002,10.315268,2.2938375628662087,0.1417328,0.1567828,0.015050005919647225
3709,-0.06148600000000015,0.007379177,0.06886517702645079,8.263110000000001,7.2511306,-1.0119794190979015,9.182830000000001,7.0565796,-2.126250410156251,0.18898579999999998,0.103910446,-0.0850753538330078
3789,-0.047784999999999966,0.018376304,0.06616130383670327,4.338349999999998,8.730194,4.391844091796877,1.707250000000002,6.4650593,4.757809280395506,-0.07773589999999997,0.018719718,0.09645561786022183
3822,0.12687400000000004,0.12438637,-0.0024876298179626888,13.205739999999999,12.835126,-0.3706140768432604,11.694909999999998,11.8745165,0.17960648712158367,0.06629810000000003,0.08050908,0.014210981482887242
3823,0.21777599999999997,0.13445456,-0.08332143673992154,13.50573,12.872168,-0.6335624127197264,13.27467,12.011662,-1.2630084704589848,0.10399120000000006,0.08141852,-0.02257267829771048
3824,0.23875599999999997,0.15136482,-0.08739118178462979,14.405720000000004,12.911098,-1.494622473449711,13.698649999999997,11.6868105,-2.011839506530759,0.09943730000000006,0.08165303,-0.017784271273422303
3825,0.26937999999999995,0.13326718,-0.13611282086849208,14.555710000000001,12.632473,-1.9232370080566419,13.9799,12.087863,-1.8920370315551764,0.0853756,0.08851902,0.0031434218687057536
3826,0.260035,0.11333266,-0.14670234099388124,14.725700000000002,12.053794,-2.6719060928344742,14.618500000000001,12.030177,-2.588322883605958,0.14720520000000004,0.11698337,-0.030221831007194555
3827,0.3823869999999999,0.03427496,-0.34811203820061676,19.805680000000002,9.537386,-10.268294059448245,17.21515,7.794982,-9.420168043518068,0.13345600000000002,0.047672786,-0.0857832141814232
3903,-0.04657800000000001,0.007758785,0.054336785039186486,8.36578,9.909684,1.543904181213378,6.605729999999999,8.0609865,1.4552565188598638,0.05507470000000003,0.048590552,-0.006484147938203844
3953,-0.08910499999999999,-0.027680382,0.06142461786746978,4.127230000000001,5.7040615,1.57683150817871,2.9410600000000002,6.3496013,3.4085412687683103,0.053047100000000014,0.10605216,0.05300506026306151
3955,-0.019104999999999928,-0.027680382,-0.008575382132530285,5.227229999999999,5.7040615,0.4768315081787122,15.251060000000003,6.3496013,-8.901458731231692,0.5230471,0.10605216,-0.41699493973693846
4012,0.003422000000000036,-0.021008493,-0.024430493378758467,8.035780000000003,8.630081,0.5943011767578099,8.10573,7.5394926,-0.5662373928833002,0.10707470000000008,0.049925424,-0.05714927584142693
4028,0.05238699999999996,0.044070117,-0.00831688282442089,8.105680000000003,9.108789,1.0031094439697235,6.00515,7.490416,1.485266049957275,-0.028544000000000014,0.018605176,0.04714917635941507
4076,0.16574499999999992,0.061840888,-0.10390411188721649,8.708979999999997,10.001204,1.2922235369873079,10.226890000000001,7.155087,-3.0718030058288583,0.14256879999999994,0.04311713,-0.0994516716874122
4101,-0.007613000000000092,0.03427496,0.041887961799383255,5.4756800000000005,9.537386,4.061705940551757,6.03515,7.794982,1.7598319564819338,0.09445599999999998,0.047672786,-0.04678321418142317
4102,-0.057613000000000136,0.03427496,0.0918879617993833,4.625680000000003,9.537386,4.911705940551755,3.235150000000001,7.794982,4.559831956481933,0.03545600000000004,0.047672786,0.01221678581857677
4172,-0.07761300000000015,0.03427496,0.11188796179938332,5.805680000000002,9.537386,3.7317059405517554,4.70515,7.794982,3.089831956481934,0.07145599999999996,0.047672786,-0.02378321418142315
4174,-0.0176130000000001,0.03427496,0.051887961799383264,7.605680000000003,9.537386,1.9317059405517547,8.805150000000001,7.794982,-1.0101680435180675,0.16345599999999993,0.047672786,-0.11578321418142312
4200,-0.08910499999999999,-0.044745885,0.04435911516427993,9.36723,8.73845,-0.6287799496459954,9.181060000000002,6.840939,-2.3401209550476096,0.1630471,0.12216496,-0.04088214277467728
4237,0.05238699999999996,0.02440367,-0.02798332919728752,9.29568,8.866164,-0.42951579254150474,9.225150000000001,7.1583056,-2.0668443550109874,0.10145599999999999,0.038810614,-0.06264538550353049
4239,0.2423869999999999,0.02440367,-0.21798332919728747,15.365680000000001,8.866164,-6.499515792541505,16.04515,7.1583056,-8.886844355010986,0.271456,0.038810614,-0.23264538550353048
4300,0.08238699999999999,0.02440367,-0.05798332919728755,11.125680000000003,8.866164,-2.2595157925415066,9.24515,7.1583056,-2.086844355010987,0.02145599999999992,0.038810614,0.017354614496469578
4301,0.05181100000000005,0.04783613,-0.003974871377706579,10.29099,8.92337,-1.3676196386718757,7.8813200000000005,7.360803,-0.5205168727111822,-0.003105399999999925,0.031392794,0.03449819410243027
4302,0.03376000000000001,0.06514166,0.031381662955284106,16.820030000000003,12.650237,-4.169792916564944,12.043650000000001,9.123591,-2.9200585769653333,-0.013672399999999918,0.03347315,0.04714554894199363
4303,0.02191199999999993,0.01637332,-0.005538680448651245,7.332460000000001,7.738673,0.4062132101440419,5.6569,6.329318,0.672418046569824,0.0072030000000000705,0.03285819,0.025655189195394446
4304,0.04074400000000011,0.05173715,0.010993148314714318,7.22297,7.738673,0.5157032101440429,5.793099999999999,6.6450286,0.8519285911560068,0.0024186000000000485,0.033818644,0.03140004354014392
4305,0.11630800000000008,0.05911514,-0.05719285836982735,12.079360000000001,8.9315815,-3.1477785028076184,10.468879999999999,7.409968,-3.058912100677489,0.037999499999999964,0.03938381,0.0013843100135326747
4306,0.1023869999999999,0.02440367,-0.07798332919728745,12.785680000000003,8.866164,-3.9195157925415067,10.62515,7.1583056,-3.466844355010986,0.03145599999999993,0.038810614,0.007354614496469569
4307,0.07181100000000007,0.04783613,-0.023974871377706597,11.090990000000001,8.92337,-2.1676196386718765,8.781320000000001,7.360803,-1.4205168727111825,0.0368946,0.031392794,-0.005501805897569656
4310,0.08574400000000004,0.05173715,-0.03400685168528561,7.7029700000000005,7.738673,0.03570321014404243,7.363099999999999,6.6450286,-0.7180714088439935,0.05241859999999998,0.033818644,-0.018599956459856015
4311,-0.047784999999999966,0.030729039,0.07851403864085671,6.738349999999997,8.200483,1.4621333221435577,4.30725,6.826676,2.519425891876221,0.02226410000000001,0.04536446,0.023100361839199057
4376,0.15238699999999994,0.03427496,-0.11811203820061678,12.285680000000003,9.537386,-2.748294059448245,13.86515,7.794982,-6.070168043518066,0.23145599999999994,0.047672786,-0.18378321418142313
4377,0.06238699999999997,0.03427496,-0.028112038200616807,10.955680000000001,9.537386,-1.4182940594482432,8.50515,7.794982,-0.7101680435180668,0.0014560000000000128,0.047672786,0.0462167858185768
4378,0.1023869999999999,0.03427496,-0.06811203820061673,11.355680000000003,9.537386,-1.8182940594482453,9.91515,7.794982,-2.120168043518067,0.04145599999999994,0.047672786,0.006216785818576875
4380,0.06181900000000007,0.07601407,0.014195071702957085,8.358890000000002,9.365789,1.006899413452146,10.89359,8.708573,-2.1850166586303708,0.21441880000000002,0.10065132,-0.11376748365526201
4381,0.011819000000000024,0.07601407,0.06419507170295713,8.158890000000003,9.365789,1.2068994134521454,8.493590000000001,8.708573,0.21498334136962782,0.12441880000000005,0.10065132,-0.023767483655262045
4382,0.04181900000000005,0.07601407,0.0341950717029571,7.7588900000000045,9.365789,1.606899413452144,8.09359,8.708573,0.6149833413696282,0.10441880000000003,0.10065132,-0.0037674836552620272
4384,0.03181900000000004,0.07601407,0.04419507170295711,6.658890000000003,9.365789,2.7068994134521454,6.19359,8.708573,2.5149833413696285,0.05441879999999999,0.10065132,0.04623251634473802
4490,0.17257899999999993,0.10530242,-0.06727657676124565,5.286369999999998,8.53382,3.247450152282717,6.121339999999998,6.974365,0.8530252343750018,0.02713410000000005,0.011935753,-0.01519834718350177
4513,0.08238699999999999,0.026230238,-0.056156761621952045,14.005680000000002,9.679463,-4.326216613464357,14.465150000000001,7.409651,-7.055499197387697,0.26145599999999997,0.038424212,-0.22303178751444813
4586,-0.02746599999999999,0.025559,0.05302500067090987,8.646149999999999,9.78809,1.141939752197267,6.688349999999998,7.3828716,0.6945216278076192,0.06081619999999999,0.015547249,-0.04526895146514176
4587,-0.06746600000000003,0.025559,0.09302500067090991,6.446149999999999,9.78809,3.3419397521972662,3.7883499999999977,7.3828716,3.5945216278076195,0.02081619999999995,0.015547249,-0.005268951465141725
4813,-0.05746600000000002,0.025559,0.0830250006709099,6.436149999999998,9.78809,3.351939752197268,3.1283499999999975,7.3828716,4.25452162780762,-0.021183800000000086,0.015547249,0.03673104853485831
4914,-0.10148600000000019,0.007379177,0.10886517702645082,2.14311,7.2511306,5.1080205809020995,0.5528300000000002,7.0565796,6.50374958984375,0.02698579999999995,0.103910446,0.07692464616699224
4915,-0.131486,0.007379177,0.13886517702645063,1.4631100000000004,7.2511306,5.788020580902099,-1.2271699999999974,7.0565796,8.283749589843747,0.0029858000000000384,0.103910446,0.10092464616699215
5029,0.10914599999999985,0.09258188,-0.016564116927146766,10.6694,11.87442,1.2050201660156254,13.840419999999998,15.492636,1.6522157269287128,0.1722325,0.25788814,0.08565563829421996
5037,0.09914599999999985,0.09258188,-0.006564116927146757,11.049399999999999,11.87442,0.8250201660156264,13.520419999999998,15.492636,1.972215726928713,0.14223249999999998,0.25788814,0.11565563829421999
5041,0.09914599999999985,0.09258188,-0.006564116927146757,11.4494,11.87442,0.4250201660156243,13.800419999999999,15.492636,1.692215726928712,0.1522325,0.25788814,0.10565563829421998
5045,0.10914599999999985,0.09258188,-0.016564116927146766,12.0594,11.87442,-0.18497983398437512,15.240419999999999,15.492636,0.2522157269287124,0.20223250000000004,0.25788814,0.055655638294219933
5049,0.12914599999999987,0.09258188,-0.036564116927146784,12.139399999999998,11.87442,-0.2649798339843734,18.19042,15.492636,-2.6977842730712887,0.3622325,0.25788814,-0.10434436170578004
5053,0.1491459999999999,0.09258188,-0.0565641169271468,18.449399999999997,11.87442,-6.574979833984372,22.94042,15.492636,-7.447784273071289,0.5522325,0.25788814,-0.29434436170578004
5351,0.09038699999999988,0.035472713,-0.054914286589145545,11.90568,9.240293,-2.6653874508666995,10.305150000000001,7.5898046,-2.715345350646974,0.051455999999999946,0.033039063,-0.01841693678474421
5560,-0.03778499999999996,0.019412635,0.05719763489425178,7.1183499999999995,9.440669,2.3223190597534185,3.337250000000001,6.677237,3.339987033843993,-0.04873589999999994,0.005370654,0.054106554165744725
5676,0.9728413,0.4786392,-0.49420211457138064,23.72903,15.946166,-7.782863961486818,3.978679999999999,7.2868004,3.3081203845214855,0.03912840000000006,0.07003443,0.030906029430961546
5682,0.030245000000000077,0.03871348,0.008468481277227324,3.5702,8.675278,5.105077709960938,7.330859999999998,9.04013,1.7092696615600609,0.20142719999999992,0.13042843,-0.07099876658172599
5683,0.050245000000000095,0.03871348,-0.011531518722772693,7.670200000000001,8.675278,1.0050777099609363,7.730859999999998,9.04013,1.3092696615600605,0.07142720000000002,0.13042843,0.0590012334182739
5686,0.050245000000000095,0.03871348,-0.011531518722772693,7.3702000000000005,8.675278,1.305077709960937,9.330859999999998,9.04013,-0.2907303384399391,0.1714272,0.13042843,-0.040998766581726076
5760,0.09701499999999996,0.07920776,-0.01780723692417141,6.271419999999999,12.237713,5.966292860107423,8.98863,13.522765,4.534135159606933,0.09765030000000008,0.1265527,0.028902400996398847
5848,0.09221500000000005,0.056513425,-0.03570157503724103,19.43835,15.69918,-3.7391703506469725,15.407250000000001,12.920802,-2.4864478836059583,0.1222641000000001,0.051602002,-0.07066209776673327
5849,0.09221500000000005,0.056513425,-0.03570157503724103,17.43835,15.69918,-1.7391703506469725,13.807250000000002,12.920802,-0.8864478836059586,0.062264100000000044,0.051602002,-0.010662097766733214
5850,0.032215000000000105,0.056513425,0.024298424962758913,12.338349999999998,15.69918,3.360829649353029,9.50725,12.920802,3.413552116394042,0.02226410000000001,0.051602002,0.02933790223326682
5852,0.07221500000000014,0.056513425,-0.015701575037241122,16.238349999999997,15.69918,-0.5391703506469696,13.307250000000002,12.920802,-0.3864478836059586,-0.05773589999999995,0.051602002,0.10933790223326678
5854,0.05221500000000012,0.056513425,0.0042984249627588955,15.538349999999998,15.69918,0.16082964935302968,17.507250000000003,12.920802,-4.58644788360596,-0.14773589999999992,0.051602002,0.19933790223326675
5862,-0.03778499999999996,0.056513425,0.09429842496275898,24.81835,15.69918,-9.119170350646971,17.297250000000002,12.920802,-4.376447883605959,-0.03773589999999993,0.051602002,0.08933790223326676
5934,0.03198999999999996,0.03708567,0.005095670977830924,6.221590000000003,9.906333,3.6847429696655247,5.07508,7.325471,2.2503909243774416,0.007483600000000035,0.030282779,0.02279917866542336
6211,-0.023965000000000014,0.0585873,0.08255230152249338,7.505700000000001,13.288881,5.783181301879882,4.698500000000001,9.96747,5.268970169067382,-0.013794799999999996,0.078107856,0.09190265621404647
6522,0.4982519999999999,0.1874542,-0.3107978061695098,10.35528,9.171785,-1.1834946453857427,17.42244,13.127131,-4.295308537902834,0.3693009,0.22884859,-0.14045230855312346
6523,0.14825199999999994,0.1874542,0.03920219383049017,10.25528,9.171785,-1.083494645385743,14.122440000000001,13.127131,-0.995308537902833,0.34930089999999997,0.22884859,-0.12045230855312344
6524,0.40825199999999995,0.1874542,-0.22079780616950984,10.55528,9.171785,-1.383494645385742,13.622440000000001,13.127131,-0.495308537902833,0.27930089999999996,0.22884859,-0.05045230855312344
6526,0.15825199999999995,0.1874542,0.029202193830490164,10.05528,9.171785,-0.883494645385742,13.122440000000001,13.127131,0.004691462097166976,0.25930089999999995,0.22884859,-0.03045230855312342
6527,0.2282519999999999,0.1874542,-0.04079780616950979,10.25528,9.171785,-1.083494645385743,14.422440000000002,13.127131,-1.2953085379028337,0.22930089999999992,0.22884859,-0.0004523085531233928
6529,-0.02074799999999999,0.1874542,0.2082021938304901,9.75528,9.171785,-0.583494645385743,9.022440000000001,13.127131,4.104691462097167,0.09930089999999991,0.22884859,0.1295476914468766
6530,-0.0027479999999999727,0.1874542,0.19020219383049008,9.995280000000001,9.171785,-0.8234946453857432,14.622440000000001,13.127131,-1.495308537902833,0.13630089999999995,0.22884859,0.09254769144687658
6752,0.4248790000000001,0.13063164,-0.2942473594465257,14.211459999999999,14.141549,-0.06991088958740121,18.91837,15.625211,-3.2931592379760737,0.24892409999999998,0.29023397,0.041309869688415546
6753,0.20487900000000014,0.13063164,-0.07424735944652572,9.211459999999999,14.141549,4.930089110412599,16.91837,15.625211,-1.2931592379760737,0.37892410000000004,0.29023397,-0.08869013031158451
6755,-0.02512099999999995,0.13063164,0.15575264055347438,12.211459999999999,14.141549,1.9300891104125988,14.71837,15.625211,0.9068407620239256,0.2789241,0.29023397,0.01130986968841552
6756,0.24487900000000007,0.13063164,-0.11424735944652564,29.21146,14.141549,-15.069910889587401,23.91837,15.625211,-8.293159237976074,0.5789241,0.29023397,-0.2886901303115845
6757,0.4348790000000001,0.13063164,-0.3042473594465257,17.21146,14.141549,-3.069910889587401,20.71837,15.625211,-5.093159237976074,0.31892410000000004,0.29023397,-0.028690130311584516
6758,0.1548790000000001,0.13063164,-0.024247359446525674,16.71146,14.141549,-2.569910889587401,18.21837,15.625211,-2.5931592379760744,0.2989241,0.29023397,-0.008690130311584499
6760,0.024879000000000095,0.13063164,0.10575264055347433,11.711459999999999,14.141549,2.430089110412599,13.41837,15.625211,2.2068407620239263,0.21892410000000007,0.29023397,0.07130986968841546
6762,0.05487900000000012,0.13063164,0.0757526405534743,12.31146,14.141549,1.8300891104125974,11.21837,15.625211,4.406840762023926,0.10392410000000007,0.29023397,0.18630986968841545
6891,-0.0752130000000002,-0.04316369,0.03204930928397198,8.432690000000001,17.08297,8.650279665527343,8.211599999999997,8.732866,0.5212662872314482,0.11239939999999993,0.11020322,-0.0021961785596846806
6892,-0.06521300000000019,-0.04316369,0.022049309283971974,28.762690000000003,17.08297,-11.679720334472659,9.851599999999998,8.732866,-1.1187337127685524,0.14139940000000006,0.11020322,-0.031196178559684817
6919,0.09238699999999989,0.026230238,-0.06615676162195194,8.40568,9.679463,1.2737833865356443,7.805150000000001,7.409651,-0.39549919738769646,0.027455999999999925,0.038424212,0.01096821248555191
6920,0.1123869999999999,0.026230238,-0.08615676162195196,6.705680000000001,9.679463,2.9737833865356436,6.50515,7.409651,0.9045008026123043,0.0034560000000000146,0.038424212,0.03496821248555182
6921,0.12238699999999991,0.026230238,-0.09615676162195197,10.505680000000002,9.679463,-0.8262166134643572,9.40515,7.409651,-1.995499197387696,0.024455999999999922,0.038424212,0.013968212485551912
7018,0.198005,0.035033148,-0.16297185221791266,11.089310000000001,8.270259,-2.819051096496583,11.917390000000001,7.1905265,-4.726863514556886,0.14189190000000007,0.11097038,-0.030921522077941965
7019,0.15400499999999984,0.035033148,-0.11897185221791251,8.869309999999999,8.270259,-0.5990510964965807,11.217390000000002,7.1905265,-4.0268635145568865,0.1988919,0.11097038,-0.0879215220779419
7022,0.010005000000000042,0.035033148,0.025028147782087284,2.139310000000002,8.270259,6.130948903503416,4.607390000000002,7.1905265,2.583136485443113,0.12489190000000006,0.11097038,-0.01392152207794195
7023,0.004005000000000036,0.035033148,0.03102814778208729,2.1193099999999987,8.270259,6.150948903503419,2.0973900000000008,7.1905265,5.0931364854431145,0.01789190000000007,0.11097038,0.09307847792205803
7024,0.04500499999999996,0.035033148,-0.009971852217912636,3.05931,8.270259,5.210948903503418,4.307390000000002,7.1905265,2.8831364854431136,0.0608919,0.11097038,0.05007847792205811
7135,0.052458000000000005,0.11646296,0.06400496083927154,19.98927,19.551285,-0.4379852099609387,18.55426,17.654583,-0.8996770227050774,0.1795405,0.16544022,-0.014100283339500419
7137,0.25945799999999997,0.11646296,-0.14299503916072842,25.98927,19.551285,-6.437985209960939,22.65426,17.654583,-4.999677022705079,0.21954050000000003,0.16544022,-0.054100283339500455
7145,-0.02778499999999995,0.07705243,0.10483742931842799,6.808349999999997,15.221782,8.413431730651858,4.14725,9.813278,5.666028198242188,-0.01073589999999991,0.11753428,0.12827017982330313
7146,0.042215000000000114,0.07705243,0.034837429318427926,7.698349999999998,15.221782,7.523431730651858,7.7272500000000015,9.813278,2.086028198242186,0.07726410000000006,0.11753428,0.040270179823303165
7147,0.07221500000000014,0.07705243,0.004837429318427899,9.628349999999998,15.221782,5.593431730651858,11.417250000000001,9.813278,-1.6039718017578135,0.20026410000000006,0.11753428,-0.08272982017669683
7148,0.11221500000000006,0.07705243,-0.035162570681572025,21.06835,15.221782,-5.846568269348143,17.457250000000002,9.813278,-7.643971801757814,0.27426410000000007,0.11753428,-0.15672982017669684
7149,0.1522150000000001,0.07705243,-0.07516257068157206,28.43835,15.221782,-13.216568269348144,20.277250000000002,9.813278,-10.463971801757815,0.32526410000000006,0.11753428,-0.20772982017669683
7150,0.33221500000000015,0.07705243,-0.2551625706815721,28.668349999999997,15.221782,-13.446568269348141,20.367250000000002,9.813278,-10.553971801757815,0.38726410000000006,0.11753428,-0.26972982017669683
7203,0.09221500000000005,0.02765907,-0.06455593025326734,17.83835,10.266055,-7.572294892883299,15.10725,8.291327,-6.815922523498536,0.19226410000000005,0.04900459,-0.1432595117238522
7204,0.08421500000000015,0.02765907,-0.05655593025326744,17.038349999999998,10.266055,-6.7722948928832984,13.407250000000001,8.291327,-5.115922523498536,0.062264100000000044,0.04900459,-0.013259511723852202
7226,-0.07351200000000002,0.0041618193,0.07767381934997442,5.481820000000003,8.413065,2.9312449566650365,1.40644,5.5470576,4.140617628631592,-0.05369219999999997,0.013653604,0.06734580431373116
7227,-0.08951200000000004,0.0041618193,0.09367381934997443,5.031820000000003,8.413065,3.3812449566650358,0.3064399999999985,5.5470576,5.240617628631593,-0.07169219999999998,0.013653604,0.08534580431373118
7480,0.09468699999999985,0.06075502,-0.03393198185515389,23.459100000000003,19.780552,-3.6785480895996123,20.52853,16.378923,-4.149606583862305,0.3218311,0.24067415,-0.08115694702968596
7481,0.07468699999999995,0.06075502,-0.013931981855153985,25.1691,19.780552,-5.38854808959961,21.25853,16.378923,-4.879606583862305,0.3348311,0.24067415,-0.09415694702968597
7482,0.06730300000000011,-0.021698207,-0.08900120666313183,20.00581,11.21822,-8.787590242919922,19.58326,9.811221,-9.7720388772583,0.2944346,0.08713089,-0.2073037107034683
7483,-0.032696999999999976,-0.021698207,0.010998793336868262,12.905810000000002,11.21822,-1.6875902429199243,10.08326,9.811221,-0.2720388772583,0.014434599999999964,0.08713089,0.07269628929653171
7484,-0.012696999999999958,-0.021698207,-0.009001206663131756,10.20581,11.21822,1.0124097570800785,9.683259999999999,9.811221,0.12796112274170035,0.08443460000000003,0.08713089,0.002696289296531651
7487,-0.042696999999999985,-0.021698207,0.02099879333686827,11.20581,11.21822,0.01240975708007852,9.183259999999999,9.811221,0.6279611227417004,0.04443459999999999,0.08713089,0.042696289296531686
7489,-0.0026969999999999494,-0.021698207,-0.019001206663131764,9.805810000000001,11.21822,1.412409757080077,8.18326,9.811221,1.6279611227416986,0.024434599999999973,0.08713089,0.0626962892965317
7490,-0.032696999999999976,-0.021698207,0.010998793336868262,8.605810000000002,11.21822,2.6124097570800764,7.083259999999999,9.811221,2.7279611227417,0.03443459999999998,0.08713089,0.052696289296531695
7498,0.074847,0.055945132,-0.018901868072271344,5.09113,7.1699347,2.0788047496032718,6.153739999999999,6.4645796,0.31083958221435637,0.06595679999999993,0.036855157,-0.029101642535257266
7548,0.10630499999999998,0.100124255,-0.006180745177268965,10.098029999999998,12.03808,1.9400502154541037,12.352540000000001,13.946629,1.5940885705566394,0.11033899999999996,0.13453971,0.02420070849514011
7550,0.136305,0.100124255,-0.03618074517726899,10.438029999999998,12.03808,1.6000502154541039,12.64254,13.946629,1.3040885705566403,0.09033900000000006,0.13453971,0.04420070849514002
7552,0.06630500000000006,0.100124255,0.03381925482273096,13.968029999999999,12.03808,-1.9299497845458973,15.34254,13.946629,-1.395911429443359,0.17033900000000002,0.13453971,-0.03579929150485994
7644,0.37889000000000006,0.21589936,-0.1629906368398667,10.965449999999999,10.631162,-0.33428831024169803,15.82344,13.473933,-2.3495067800903318,0.30043050000000004,0.2238579,-0.07657260546016698
7645,0.29489,0.21589936,-0.07899063683986662,14.565449999999998,10.631162,-3.9342883102416977,15.77344,13.473933,-2.299506780090333,0.21243049999999997,0.2238579,0.011427394539833102
7762,-0.03761300000000012,0.02440367,0.06201667080271256,7.435680000000001,8.866164,1.4304842074584947,3.8851499999999994,7.1583056,3.2731556449890142,-0.03254400000000013,0.038810614,0.07135461449646963
7763,-0.02761300000000011,0.02440367,0.05201667080271255,8.035680000000003,8.866164,0.8304842074584933,3.895150000000001,7.1583056,3.2631556449890127,-0.06154400000000004,0.038810614,0.10035461449646954
7764,-0.03761300000000012,0.02440367,0.06201667080271256,7.985680000000002,8.866164,0.880484207458494,3.815149999999999,7.1583056,3.3431556449890145,-0.06654400000000005,0.038810614,0.10535461449646955
7766,-0.02761300000000011,0.02440367,0.05201667080271255,11.125680000000003,8.866164,-2.2595157925415066,8.11515,7.1583056,-0.9568443550109862,0.04145599999999994,0.038810614,-0.0026453855035304397
7767,-0.02761300000000011,0.02440367,0.05201667080271255,17.95568,8.866164,-9.089515792541505,13.195150000000002,7.1583056,-6.036844355010988,0.07145599999999996,0.038810614,-0.032645385503530466
7768,-0.04761300000000013,0.02440367,0.07201667080271257,5.3456800000000015,8.866164,3.5204842074584946,1.265150000000002,7.1583056,5.893155644989012,-0.08454399999999995,0.038810614,0.12335461449646945
7946,-0.09579500000000007,-0.01919438,0.07660062055110939,3.6104699999999994,5.3200364,1.709566411285401,1.0476099999999988,4.8002367,3.752626701965333,0.0007224000000000119,0.082967475,0.08224507505664824
8023,0.04838699999999996,0.02440367,-0.023983329197287517,5.99568,8.866164,2.870484207458496,7.78515,7.1583056,-0.6268443550109861,0.1314559999999999,0.038810614,-0.09264538550353041
8032,0.00044200000000005346,0.034917247,0.034475246550321526,7.178659999999997,9.02681,1.8481496923828153,7.678690000000001,10.313704,2.6350135369873033,0.0050736000000000114,0.05755115,0.052477549278879154
8034,0.04044200000000009,0.034917247,-0.00552475344967851,9.298659999999998,9.02681,-0.27185030761718565,12.72869,10.313704,-2.4149864630126956,0.10007359999999998,0.05755115,-0.04252245072112082
8057,0.0542450000000001,0.05124737,-0.0029976305019856486,4.586269999999999,8.28422,3.69794974182129,7.649840000000001,9.228059,1.5782188150024403,0.16017380000000003,0.14469339,-0.015480410465049776
8058,0.012959000000000165,0.059052546,0.04609354557728751,10.168589999999998,10.614322,0.445731708679201,9.86852,11.931966,2.0634458279418944,0.06296540000000006,0.15050735,0.08754194579563135
8086,-0.030613,0.044070117,0.07468311717557907,6.105680000000003,9.108789,3.0031094439697235,2.305150000000001,7.490416,5.185266049957274,-0.06354400000000004,0.018605176,0.0821491763594151
8087,-0.014612999999999987,0.044070117,0.05868311717557906,6.705680000000001,9.108789,2.4031094439697256,3.605150000000002,7.490416,3.8852660499572735,-0.03554400000000002,0.018605176,0.054149176359415074
8088,-0.023613000000000106,0.044070117,0.06768311717557918,6.105680000000003,9.108789,3.0031094439697235,2.905149999999999,7.490416,4.585266049957276,-0.04354400000000003,0.018605176,0.06214917635941508
8167,0.2214879999999999,0.09824142,-0.12324658139991751,8.641820000000003,9.5005455,0.8587255017089817,11.51644,9.101543,-2.4148965734863275,0.10030780000000006,0.05250238,-0.04780542117862707
8168,0.3414879999999999,0.09824142,-0.2432465813999175,9.041820000000001,9.5005455,0.4587255017089831,13.01644,9.101543,-3.9148965734863275,0.16330780000000011,0.05250238,-0.11080542117862713
8169,0.2214879999999999,0.09824142,-0.12324658139991751,12.641820000000003,9.5005455,-3.1412744982910183,12.51644,9.101543,-3.4148965734863275,0.041307800000000006,0.05250238,0.01119457882137298
8177,-0.03899000000000008,0.01135179,0.05034179027915009,8.26493,11.16234,2.8974101641845706,5.796899999999999,7.6191773,1.8222773414611826,0.019842499999999985,-0.03752269,-0.05736518850803374
8178,0.16101,0.01135179,-0.14965820972084998,23.96493,11.16234,-12.802589835815429,16.596899999999998,7.6191773,-8.977722658538816,-0.3101575,-0.03752269,0.2726348114919662
8179,0.06101000000000001,0.01135179,-0.04965820972085,15.00493,11.16234,-3.8425898358154296,10.306899999999999,7.6191773,-2.687722658538817,-0.07015749999999998,-0.03752269,0.03263481149196623
8181,-0.03899000000000008,0.01135179,0.05034179027915009,7.08493,11.16234,4.07741016418457,5.286899999999999,7.6191773,2.3322773414611824,0.0398425,-0.03752269,-0.07736518850803376
8182,-0.03899000000000008,0.01135179,0.05034179027915009,7.124929999999999,11.16234,4.037410164184571,5.4169,7.6191773,2.2022773414611816,0.0398425,-0.03752269,-0.07736518850803376
8199,-0.05008900000000005,0.039459236,0.08954823596620565,9.17586,9.099663,-0.07619721923828138,7.67356,8.467861,0.7943011755371092,0.08676649999999997,0.0934532,0.006686698671340974
8201,0.09991099999999997,0.039459236,-0.060451764033794375,10.69586,9.099663,-1.596197219238281,12.54356,8.467861,-4.07569882446289,0.21676649999999997,0.0934532,-0.12331330132865903
8247,0.002386999999999917,0.026230238,0.023843238378048026,9.105680000000003,9.679463,0.5737833865356414,6.805150000000001,7.409651,0.6045008026123035,0.016455999999999915,0.038424212,0.02196821248555192
8254,0.032386999999999944,0.026230238,-0.0061567616219520005,9.605680000000003,9.679463,0.07378338653564143,8.70515,7.409651,-1.295499197387695,0.08145599999999997,0.038424212,-0.04303178751444814
8329,0.06221500000000013,0.019412635,-0.04280236510574831,6.3683499999999995,9.440669,3.0723190597534185,7.907250000000001,6.677237,-1.230012966156007,0.11326410000000009,0.005370654,-0.10789344583425531
8330,-0.047784999999999966,0.019412635,0.06719763489425179,5.958349999999999,9.440669,3.4823190597534186,6.207250000000002,6.677237,0.4699870338439922,0.11226410000000009,0.005370654,-0.10689344583425531
8647,-0.015009999999999968,0.02683757,0.04184757059276101,10.32159,12.644163,2.3225731317138667,7.48508,9.940778,2.4556977786254883,0.019483599999999934,0.041561563,0.02207796256794936
8700,-0.09778500000000001,0.019412635,0.11719763489425183,7.898349999999997,9.440669,1.5423190597534209,3.6072500000000005,6.677237,3.0699870338439936,-0.02273589999999992,0.005370654,0.0281065541657447
8701,-0.09778500000000001,0.019412635,0.11719763489425183,6.958349999999999,9.440669,2.4823190597534186,1.9072500000000012,6.677237,4.769987033843993,-0.06373589999999985,0.005370654,0.06910655416574463
8755,0.06088300000000002,0.011423902,-0.04945909834522011,5.277709999999999,7.2918415,2.014131506958009,6.316690000000001,7.628406,1.3117160478210437,0.0613556999999999,0.105768874,0.044413174287605384
8756,0.002215000000000078,0.018376304,0.016161303836703222,6.43835,8.730194,2.291844091796875,3.497250000000001,6.4650593,2.9678092803955067,-0.04773589999999994,0.018719718,0.0664556178602218
8757,-0.01778499999999994,0.018376304,0.03616130383670324,9.828349999999997,8.730194,-1.0981559082031218,6.567250000000001,6.4650593,-0.10219071960449355,-0.007735899999999907,0.018719718,0.02645561786022177
8766,0.12303000000000008,0.09259962,-0.03043037709474572,17.38507,14.478016,-2.907054100341796,16.80032,14.538328,-2.261991829223632,0.15565819999999997,0.13258266,-0.023075535510253875
8767,0.09303000000000006,0.09259962,-0.0004303770947456931,16.48507,14.478016,-2.007054100341797,15.900319999999999,14.538328,-1.3619918292236317,0.12565819999999994,0.13258266,0.006924464489746152
8768,0.08303000000000016,0.09259962,0.009569622905254205,15.285070000000001,14.478016,-0.8070541003417979,15.000319999999999,14.538328,-0.46199182922363136,0.10565820000000004,0.13258266,0.02692446448974606
8769,0.07303000000000015,0.09259962,0.019569622905254214,14.48507,14.478016,-0.007054100341797209,14.30032,14.538328,0.23800817077636793,0.09565820000000003,0.13258266,0.03692446448974607
8773,0.08303000000000016,0.09259962,0.009569622905254205,14.68507,14.478016,-0.2070541003417965,14.30032,14.538328,0.23800817077636793,0.09565820000000003,0.13258266,0.03692446448974607
8774,0.06303000000000014,0.09259962,0.029569622905254223,13.68507,14.478016,0.7929458996582035,13.400319999999999,14.538328,1.1380081707763683,0.09565820000000003,0.13258266,0.03692446448974607
8775,0.09303000000000006,0.09259962,-0.0004303770947456931,14.98507,14.478016,-0.5070541003417972,14.700319999999998,14.538328,-0.16199182922363065,0.10565820000000004,0.13258266,0.02692446448974606
8819,-0.0717620000000001,-0.06417109,0.007590909277916058,9.75629,7.2147894,-2.541500609436035,8.558089999999998,5.8715663,-2.686523704376219,0.08970110000000009,0.05652288,-0.033178220250463575
8831,0.03707080000000007,0.01615877,-0.020912029230165552,7.439170000000004,8.570524,1.131354215698238,8.10021,8.343129,0.24291915802001895,0.10348449999999998,0.1028167,-0.0006677990646362097
8833,0.007070800000000044,0.01615877,0.009087970769834475,6.939170000000004,8.570524,1.631354215698238,7.340210000000001,8.343129,1.0029191580200187,0.10048450000000009,0.1028167,0.002332200935363682
8849,-0.004813999999999874,-0.04194846,-0.03713446004247678,17.73925,13.617306,-4.121944244384764,16.73725,13.534882,-3.2023684082031245,0.1379144,0.11124602,-0.026668380398178093
8850,-0.023217699999999897,-0.010320621,0.012897079388689892,10.888630000000003,10.905171,0.016541394348141836,9.35089,9.646788,0.2958976434326175,0.06411140000000004,0.12047069,0.05635928774700161
8851,-0.027660999999999936,-0.0034641337,0.024196866288468177,10.336780000000001,10.5865965,0.24981648895263575,8.704699999999999,9.94947,1.2447695663452158,0.04876780000000003,0.08951727,0.04074947300882337
8852,-0.010661000000000032,-0.0034641337,0.007196866288468273,11.746780000000001,10.5865965,-1.1601835110473644,10.3547,9.94947,-0.4052304336547845,0.05876780000000004,0.08951727,0.030749473008823358
8853,-0.04739899999999997,0.009086441,0.05648544124865529,11.47148,10.623151,-0.8483291744995114,9.756269999999999,10.233405,0.47713511322021596,0.0933676,0.13542597,0.042058369958305364
9062,0.21238699999999988,0.08836784,-0.12401915786218631,25.805680000000002,18.035755,-7.769924842529299,19.80515,14.883584,-4.9215659774780285,0.42145599999999994,0.24117567,-0.18028033354854578
9063,0.09238699999999989,0.08836784,-0.004019157862186318,13.805680000000002,18.035755,4.230075157470701,12.10515,14.883584,2.7784340225219726,0.10145599999999999,0.24117567,0.13971966645145417
9064,0.2223869999999999,0.08836784,-0.13401915786218632,23.405680000000004,18.035755,-5.369924842529301,18.40515,14.883584,-3.5215659774780264,0.221456,0.24117567,0.019719666451454176
9065,0.09238699999999989,0.08836784,-0.004019157862186318,13.605680000000001,18.035755,4.430075157470702,15.305150000000001,14.883584,-0.4215659774780285,0.331456,0.24117567,-0.09028033354854581
9066,0.05238699999999996,0.08836784,0.03598084213781361,12.505680000000002,18.035755,5.530075157470701,13.20515,14.883584,1.678434022521973,0.23145599999999994,0.24117567,0.009719666451454223
9080,-0.03761300000000012,0.026230238,0.06384323837804806,6.525680000000001,9.679463,3.1537833865356433,5.3351500000000005,7.409651,2.074500802612304,0.051455999999999946,0.038424212,-0.013031787514448112
9090,0.12148799999999993,0.010092176,-0.11139582443433993,13.471820000000003,9.114159,-4.357661369628909,13.72644,6.0510554,-7.675384568634033,0.19930780000000003,0.0060174474,-0.19329035255073312
9093,0.012386999999999926,0.02440367,0.012016670802712515,12.645680000000002,8.866164,-3.779515792541506,10.635150000000001,7.1583056,-3.4768443550109875,0.09645599999999999,0.038810614,-0.05764538550353049
9094,0.012386999999999926,0.02440367,0.012016670802712515,12.325680000000002,8.866164,-3.459515792541506,9.645150000000001,7.1583056,-2.4868443550109873,0.04345599999999994,0.038810614,-0.0046453855035304414
9097,-0.028512000000000093,0.0041618193,0.03267381934997449,7.221820000000001,8.413065,1.191244956665038,5.696439999999999,5.5470576,-0.14938237136840726,0.04630780000000001,0.013653604,-0.032654195686268817
9099,-0.05851200000000012,0.0041618193,0.06267381934997451,5.671820000000004,8.413065,2.741244956665035,1.9864399999999982,5.5470576,3.5606176286315936,-0.04369219999999996,0.013653604,0.05734580431373115
9100,-0.05851200000000012,0.0041618193,0.06267381934997451,6.641820000000003,8.413065,1.7712449566650363,3.0864399999999996,5.5470576,2.460617628631592,-0.03369219999999995,0.013653604,0.047345804313731144
9101,-0.04851200000000011,0.0041618193,0.052673819349974504,7.031820000000003,8.413065,1.3812449566650358,3.5964399999999976,5.5470576,1.9506176286315942,-0.03169219999999995,0.013653604,0.04534580431373114
9106,-0.03761300000000012,0.013304121,0.05091712086099398,6.33568,8.079479,1.743799217529297,1.8051500000000011,3.9704278,2.1652777515411366,-0.08854400000000007,-0.030061226,0.05848277366185195
9107,-0.057613000000000136,0.013304121,0.070917120860994,7.425680000000003,8.079479,0.6537992175292935,2.805150000000001,3.9704278,1.1652777515411366,-0.06854400000000005,-0.030061226,0.03848277366185193
9108,0.04238699999999995,0.013304121,-0.02908287913900609,6.705680000000001,8.079479,1.373799217529296,4.305150000000001,3.9704278,-0.33472224845886345,-0.04854400000000003,-0.030061226,0.018482773661851915
9109,0.002386999999999917,0.013304121,0.010917120860993945,6.505680000000002,8.079479,1.5737992175292952,3.7051499999999997,3.9704278,0.265277751541138,-0.03854400000000002,-0.030061226,0.008482773661851906
9110,-0.03761300000000012,0.013304121,0.05091712086099398,6.505680000000002,8.079479,1.5737992175292952,3.305150000000001,3.9704278,0.6652777515411366,-0.028544000000000014,-0.030061226,-0.0015172263381481033
9111,-0.0176130000000001,0.013304121,0.030917120860993963,6.505680000000002,8.079479,1.5737992175292952,3.2051499999999997,3.9704278,0.765277751541138,-0.04854400000000003,-0.030061226,0.018482773661851915
9113,-0.04761300000000013,0.013304121,0.06091712086099399,5.305680000000002,8.079479,2.7737992175292945,0.7051499999999997,3.9704278,3.265277751541138,-0.08854400000000007,-0.030061226,0.05848277366185195
9114,-0.06761300000000015,0.013304121,0.08091712086099401,6.105680000000003,8.079479,1.9737992175292938,1.5051500000000004,3.9704278,2.4652777515411373,-0.06854400000000005,-0.030061226,0.03848277366185193
9138,-0.044613000000000014,0.017520618,0.06213361769366266,6.235680000000002,7.672464,1.4367838938903787,2.675150000000002,5.6843843,3.0092343460082986,-0.041544000000000025,0.008485437,0.05002943737083676
9224,-0.0782830000000001,0.019126426,0.09740942642855654,7.660720000000001,9.962344,2.301624169616698,3.738900000000001,7.459369,3.720469182586669,-0.024994799999999984,0.021038769,0.046033568813014014
9226,-0.048283000000000076,0.019126426,0.06740942642855652,8.160720000000001,9.962344,1.801624169616698,4.238899999999999,7.459369,3.2204691825866707,-0.0449948,0.021038769,0.06603356881301403
9783,-0.057613000000000136,0.040101293,0.09771429347443594,7.305680000000002,8.592579,1.2868988879394507,2.5051500000000004,7.527731,5.0225809417724605,-0.07854400000000006,0.07555392,0.1540979163947106
9785,-0.11761299999999997,-0.031540763,0.08607223736691472,6.805680000000002,7.957427,1.1517470248413062,1.0051500000000004,5.0077457,4.002595742797851,-0.07854400000000006,0.0062023746,0.08474637458497292
9787,-0.09761300000000017,0.040101293,0.13771429347443598,6.805680000000002,8.592579,1.7868988879394507,1.6051500000000019,7.527731,5.922580941772459,-0.06854400000000005,0.07555392,0.1440979163947106
9867,0.14238699999999993,0.026230238,-0.11615676162195199,11.72568,9.679463,-2.046216613464356,10.03515,7.409651,-2.625499197387695,0.20145599999999997,0.038424212,-0.16303178751444813
9916,-0.06761300000000015,0.02440367,0.09201667080271259,5.33568,8.866164,3.530484207458496,2.805150000000001,7.1583056,4.3531556449890125,0.005456000000000016,0.038810614,0.03335461449646948
9918,-0.04761300000000013,0.02440367,0.07201667080271257,5.705680000000001,8.866164,3.160484207458495,3.105150000000002,7.1583056,4.053155644989012,0.0014560000000000128,0.038810614,0.037354614496469485
9919,-0.03761300000000012,0.02440367,0.06201667080271256,5.285680000000003,8.866164,3.5804842074584933,4.20515,7.1583056,2.953155644989014,0.04345599999999994,0.038810614,-0.0046453855035304414
9955,-0.08901000000000003,-0.0020262282,0.08698377176582817,6.16159,8.860455,2.6988645593261715,1.775079999999999,5.3079004,3.5328204287719736,-0.048516400000000015,0.015590482,0.06410688239141704
9956,-0.11600999999999995,-0.0020262282,0.11398377176582808,7.261590000000002,8.860455,1.59886455932617,2.2050800000000024,5.3079004,3.1028204287719703,-0.05051640000000013,0.015590482,0.06610688239141715
10212,-0.03761300000000012,0.026230238,0.06384323837804806,7.935680000000001,9.679463,1.7437833865356431,3.8451500000000003,7.409651,3.5645008026123044,-0.05554400000000004,0.038424212,0.09396821248555187
10237,-0.02761300000000011,0.026230238,0.05384323837804805,8.185680000000001,9.679463,1.4937833865356431,5.03515,7.409651,2.374500802612305,-0.006543999999999994,0.038424212,0.04496821248555183
10243,-0.06761300000000015,0.026230238,0.09384323837804809,7.855680000000003,9.679463,1.8237833865356414,3.5451499999999996,7.409651,3.864500802612305,-0.04654400000000003,0.038424212,0.08496821248555186
10248,-0.06761300000000015,0.026230238,0.09384323837804809,7.855680000000003,9.679463,1.8237833865356414,3.5451499999999996,7.409651,3.864500802612305,-0.04654400000000003,0.038424212,0.08496821248555186
10596,0.13920299999999997,0.076361135,-0.0628418653516769,4.226890000000001,3.9775677,-0.24932232727050874,9.69497,7.7051187,-1.9898513438415524,0.20916060000000003,0.16490029,-0.04426031201419833
10597,0.16020299999999998,0.076361135,-0.08384186535167693,4.3768899999999995,3.9775677,-0.3993223272705073,11.15497,7.7051187,-3.4498513438415532,0.26916059999999997,0.16490029,-0.10426031201419828
10598,0.11620299999999995,0.076361135,-0.039841865351676886,3.7868899999999996,3.9775677,0.19067767272949254,7.76497,7.7051187,-0.05985134384155266,0.13816060000000008,0.16490029,0.02673968798580162
10599,0.13920299999999997,0.076361135,-0.0628418653516769,3.8768899999999995,3.9775677,0.10067767272949268,8.77497,7.7051187,-1.0698513438415524,0.1691606,0.16490029,-0.0042603120141982975
10600,-0.009797000000000056,0.076361135,0.08615813464832311,2.7768900000000016,3.9775677,1.2006776727294906,3.8249700000000004,7.7051187,3.880148656158447,0.07716059999999991,0.16490029,0.08773968798580178
10601,0.00020299999999995322,0.076361135,0.0761581346483231,3.046890000000001,3.9775677,0.930677672729491,5.394970000000001,7.7051187,2.3101486561584466,0.12916059999999996,0.16490029,0.03573968798580174
10602,0.00020299999999995322,0.076361135,0.0761581346483231,4.01689,3.9775677,-0.039322327270507884,6.02497,7.7051187,1.6801486561584476,0.12916059999999996,0.16490029,0.03573968798580174
10603,0.14020299999999997,0.076361135,-0.06384186535167691,4.986889999999999,3.9775677,-1.0093223272705067,11.00497,7.7051187,-3.299851343841553,0.25916059999999996,0.16490029,-0.09426031201419827
10628,0.07325700000000013,0.04135573,-0.03190127089691175,10.961200000000003,9.561933,-1.399267436218265,11.059470000000001,9.75271,-1.3067596575927745,0.12064750000000002,0.1373389,0.016691406526565533
10667,-0.07778499999999999,0.018376304,0.0961613038367033,6.238349999999997,8.730194,2.491844091796878,1.5072500000000026,6.4650593,4.957809280395505,-0.06773589999999996,0.018719718,0.08645561786022182
10923,-0.00012699999999998823,-0.0024129127,-0.002285912668660295,3.0378700000000016,6.7259154,3.6880454319763167,3.4859299999999998,6.586538,3.100607837982178,0.08053949999999999,0.06250283,-0.018036668779373155
11012,-0.02761300000000011,0.073826894,0.1014398941640855,7.805680000000002,10.820193,3.014513290710447,4.20515,11.056082,6.850931771850586,-0.03854400000000002,0.10951166,0.1480556585493088
11140,-0.08963300000000007,-0.016182885,0.07345011542606361,7.340070000000001,7.815524,0.47545410125732346,3.934049999999999,6.7023993,2.7683492538452157,0.0040840000000000876,0.0712099,0.0671259000811576
11141,-0.03963300000000003,-0.016182885,0.023450115426063567,7.6400700000000015,7.815524,0.17545410125732275,5.63405,6.7023993,1.0683492538452146,0.04408400000000001,0.0712099,0.027125900081157672
11142,-0.06963300000000006,-0.016182885,0.053450115426063594,7.54007,7.815524,0.27545410125732417,6.13405,6.7023993,0.5683492538452146,0.04408400000000001,0.0712099,0.027125900081157672
11143,-0.03963300000000003,-0.016182885,0.023450115426063567,7.840070000000001,7.815524,-0.024545898742676542,7.73405,6.7023993,-1.031650746154785,0.13408399999999998,0.0712099,-0.0628740999188423
11144,0.10036699999999998,-0.016182885,-0.11654988457393645,8.640070000000001,7.815524,-0.8245458987426773,13.23405,6.7023993,-6.531650746154785,0.28408400000000006,0.0712099,-0.21287409991884237
11236,-0.02761300000000011,0.035996947,0.0636099474375249,10.105680000000003,9.457393,-0.6482873074340851,6.805150000000001,8.870625,2.065474542236327,0.0014560000000000128,0.09340374,0.09194774171733855
11258,-0.031074999999999964,-0.03482847,-0.0037534691572189693,4.4877199999999995,5.444893,0.9571728833007818,4.945819999999998,5.671248,0.7254279591369652,0.08829010000000004,0.11218672,0.023896622457408867
11259,-0.031074999999999964,-0.03482847,-0.0037534691572189693,4.637719999999998,5.444893,0.8071728833007832,5.215819999999999,5.671248,0.4554279591369639,0.09829009999999994,0.11218672,0.01389662245740897
11260,-0.031074999999999964,-0.03482847,-0.0037534691572189693,4.53772,5.444893,0.907172883300781,6.015819999999998,5.671248,-0.34457204086303506,0.14829009999999998,0.11218672,-0.036103377542591075
11269,0.1522150000000001,0.018376304,-0.1338386961632968,17.63835,8.730194,-8.908155908203124,16.39725,6.4650593,-9.932190719604492,0.2922641,0.018719718,-0.27354438213977816
11270,0.13221500000000008,0.018376304,-0.11383869616329678,16.13835,8.730194,-7.408155908203124,14.437250000000002,6.4650593,-7.9721907196044945,0.16226410000000002,0.018719718,-0.14354438213977816
11271,0.08221500000000015,0.018376304,-0.06383869616329685,15.138349999999999,8.730194,-6.408155908203124,12.847250000000003,6.4650593,-6.382190719604495,0.10226410000000008,0.018719718,-0.08354438213977822
11273,0.032215000000000105,0.018376304,-0.013838696163296804,13.338349999999998,8.730194,-4.608155908203123,10.43725,6.4650593,-3.9721907196044928,0.04226410000000003,0.018719718,-0.023544382139778164
11274,0.022215000000000096,0.018376304,-0.0038386961632967953,11.238349999999997,8.730194,-2.508155908203122,8.087250000000001,6.4650593,-1.6221907196044931,-0.007735899999999907,0.018719718,0.02645561786022177
11275,0.08221500000000015,0.018376304,-0.06383869616329685,15.438349999999998,8.730194,-6.708155908203123,14.35725,6.4650593,-7.892190719604493,0.21226410000000007,0.018719718,-0.1935443821397782
11312,0.05221500000000012,0.019412635,-0.0328023651057483,7.8683499999999995,9.440669,1.5723190597534185,6.747250000000001,6.677237,-0.07001296615600694,0.02226410000000001,0.005370654,-0.016893445834255227
11313,0.07221500000000014,0.019412635,-0.05280236510574832,6.34835,9.440669,3.092319059753418,6.177250000000001,6.677237,0.49998703384399334,0.0122641,0.005370654,-0.0068934458342552185
11397,-0.10716480000000006,-0.012325105,0.09483969474266774,6.7603100000000005,6.2472715,-0.5130384622192388,2.82747,5.6970673,2.8695972607421876,-0.05968600000000002,-0.002732804,0.05695319595491888
11399,-0.005665999999999949,0.062499,0.06816500162219996,12.34627,11.380313,-0.9659570803833013,9.28789,9.366627,0.07873673950195226,0.025034400000000012,0.022613175,-0.0024212247866630676
11400,-0.003174999999999928,0.05481855,0.05799354826211922,3.362940000000002,6.266512,2.903571917114256,2.7921299999999984,5.710212,2.9180822306823746,0.019739300000000015,0.040224887,0.020485587430667862
11733,0.07214300000000007,0.079019286,0.006876285738468102,10.011790000000001,10.0665,0.05470971008300651,9.760409999999998,9.862778,0.10236770996093902,0.06292330000000002,0.095403776,0.03248047557277678
11736,0.03214300000000003,0.079019286,0.04687628573846814,10.191790000000001,10.0665,-0.1252902899169932,9.27041,9.862778,0.5923677099609375,0.0429233,0.095403776,0.0524804755727768
11737,0.08214299999999997,0.079019286,-0.003123714261531796,9.98179,10.0665,0.08470971008300765,10.170409999999999,9.862778,-0.3076322900390611,0.07292330000000002,0.095403776,0.02248047557277677
11738,0.11214299999999999,0.079019286,-0.03312371426153182,9.721789999999999,10.0665,0.3447097100830092,10.39041,9.862778,-0.5276322900390618,0.07292330000000002,0.095403776,0.02248047557277677
11739,0.03214300000000003,0.079019286,0.04687628573846814,10.191790000000001,10.0665,-0.1252902899169932,9.27041,9.862778,0.5923677099609375,0.0429233,0.095403776,0.0524804755727768
11740,0.07214300000000007,0.079019286,0.006876285738468102,9.46179,10.0665,0.6047097100830072,9.31041,9.862778,0.5523677099609383,0.06292330000000002,0.095403776,0.03248047557277678
11741,0.08214299999999997,0.079019286,-0.003123714261531796,9.201789999999999,10.0665,0.8647097100830088,9.98041,9.862778,-0.11763229003906162,0.09292329999999993,0.095403776,0.0024804755727768635
11765,0.03621500000000011,0.030729039,-0.005485961359143365,7.8683499999999995,8.200483,0.3321333221435552,8.407250000000001,6.826676,-1.5805741081237805,0.11226410000000009,0.04536446,-0.06689963816080102
11773,-0.07377500000000015,0.03586446,0.10963946121335044,10.026040000000002,13.97256,3.946519928894041,7.631529999999998,14.03059,6.399060057373049,0.030508800000000003,0.13564475,0.10513594880695343
11800,-0.0330410000000001,-0.008973573,0.024067426665485003,7.41066,8.126903,0.7162425802612304,10.69454,9.742064,-0.9524755239868163,0.23754930000000007,0.16620655,-0.0713427464216233
11801,-0.008383999999999947,-0.009796103,-0.001412103462576919,6.91039,8.385328,1.47493829284668,8.588189999999999,9.528066,0.9398756814575204,0.1426423,0.15931107,0.016668771038246155
11802,-0.038383999999999974,-0.009796103,0.028587896537423108,6.91039,8.385328,1.47493829284668,7.9881899999999995,9.528066,1.53987568145752,0.1326423,0.15931107,0.026668771038246164
11803,-0.068384,-0.009796103,0.058587896537423134,6.110389999999999,8.385328,2.274938292846681,6.688189999999999,9.528066,2.839875681457521,0.12364229999999998,0.15931107,0.03566877103824617
11804,-0.028383999999999965,-0.009796103,0.0185878965374231,7.21039,8.385328,1.1749382928466794,9.28819,9.528066,0.23987568145751936,0.17664230000000003,0.15931107,-0.017331228961753875
11805,0.01161600000000007,-0.009796103,-0.021412103462576937,8.71039,8.385328,-0.3250617071533206,12.28819,9.528066,-2.7601243185424806,0.2546423000000001,0.15931107,-0.09533122896175394
11981,0.07238699999999998,0.06797276,-0.0044142430777549535,13.175680000000002,11.410091,-1.7655885998535172,13.54515,11.91954,-1.625609594726562,0.22845600000000005,0.17691034,-0.05154565921401982
11982,0.08238699999999999,0.06797276,-0.014414243077754962,14.605680000000001,11.410091,-3.195588599853517,14.20515,11.91954,-2.285609594726562,0.26545599999999997,0.17691034,-0.08854565921401975
12001,0.03315899999999994,0.12743469,0.09427568582630164,12.967910000000003,12.990661,0.022750667419430215,16.3201,17.668428,1.3483284210205078,0.3273436000000001,0.35831386,0.030970258509063597
12002,0.04315899999999995,0.12743469,0.08427568582630163,13.667910000000003,12.990661,-0.6772493325805691,17.5601,17.668428,0.10832842102050932,0.37834360000000006,0.35831386,-0.020029741490936337
12032,0.12238699999999991,0.06797276,-0.05441424307775489,11.40568,11.410091,0.004411400146484112,12.215150000000001,11.91954,-0.2956095947265638,0.17145599999999994,0.17691034,0.005454340785980283
12033,0.1123869999999999,0.06797276,-0.04441424307775488,6.425680000000003,11.410091,4.984411400146481,10.01515,11.91954,1.9043904052734373,0.18145599999999995,0.17691034,-0.004545659214019726
12054,-0.008027000000000006,0.030235823,0.038262823243856436,11.822220000000002,12.998672,1.1764515316772446,8.515290000000002,10.082323,1.5670330743408183,0.009383700000000106,0.03879046,0.029406760675954713
12055,-0.01693699999999998,0.010916526,0.027853526429355124,18.31426,14.019062,-4.295197957763673,12.347019999999999,9.863531,-2.4834888873291003,-0.007008199999999909,0.017519679,0.02452787892050734
12056,-0.062287800000000004,0.034167457,0.09645525737195015,6.872430000000001,8.915716,2.043286171264647,4.446389999999999,7.890562,3.444172057495118,0.010692499999999883,0.045803074,0.03511057379364979
12454,0.6049899999999999,0.04728011,-0.5577098895812034,19.72159,10.85323,-8.868359523620605,19.26508,7.861349,-11.40373089416504,0.42248359999999996,0.040960476,-0.3815231241975784
12455,0.27498999999999996,0.04728011,-0.22770988958120342,17.19159,10.85323,-6.338359523620607,18.19508,7.861349,-10.33373089416504,0.4554836,0.040960476,-0.4145231241975784
12499,-0.07901000000000002,0.04728011,0.12629011041879656,11.851590000000002,10.85323,-0.9983595236206071,8.05508,7.861349,-0.1937308941650393,0.030483600000000055,0.040960476,0.010476875802421515
12501,-0.022010000000000085,0.04728011,0.06929011041879662,16.32159,10.85323,-5.468359523620606,11.28508,7.861349,-3.4237308941650397,-0.007516399999999979,0.040960476,0.04847687580242155
12639,0.3685139999999999,0.15993798,-0.20857602220916738,14.963110000000002,11.444011,-3.5190992654418967,16.182830000000003,12.367535,-3.815295362548831,0.23898579999999991,0.15953268,-0.07945311889247886
12640,0.3685139999999999,0.15993798,-0.20857602220916738,16.46311,11.444011,-5.019099265441895,15.882830000000002,12.367535,-3.51529536254883,0.23898579999999991,0.15953268,-0.07945311889247886
12641,-0.007784999999999931,0.029208468,0.03699346827328198,10.238349999999997,9.023548,-1.2148018737792938,11.387250000000002,8.669243,-2.718007141113283,0.22226410000000008,0.062954076,-0.15931002436552055
12818,0.14238699999999993,0.040101293,-0.10228570652556412,7.205680000000001,8.592579,1.3868988879394522,12.40515,7.527731,-4.87741905822754,0.273456,0.07555392,-0.19790208360528944
12820,0.006215000000000082,0.018376304,0.012161303836703219,6.488349999999997,8.730194,2.241844091796878,5.007250000000001,6.4650593,1.457809280395507,0.0122641,0.018719718,0.006455617860221863
12912,0.02049000000000012,0.0013793036,-0.0191106963658334,6.282160000000001,7.4963436,1.2141836126708974,6.083500000000001,6.9449816,0.8614815750122062,0.048228600000000066,0.055210162,0.006981561954164439
13148,-0.03778499999999996,0.018376304,0.05616130383670326,12.52835,8.730194,-3.7981559082031247,12.997250000000001,6.4650593,-6.532190719604493,0.26726410000000006,0.018719718,-0.2485443821397782
13200,0.33618000000000003,0.29709423,-0.03908577411651615,9.416830000000001,9.987284,0.5704537066650381,12.889339999999999,12.324451,-0.5648885534667958,0.24011690000000002,0.18796018,-0.05215672234001162
13202,0.26217999999999997,0.29709423,0.03491422588348392,8.47683,9.987284,1.5104537066650394,12.17934,12.324451,0.1451114465332033,0.1671169,0.18796018,0.02084327765998839
13203,0.3081800000000001,0.29709423,-0.011085774116516234,9.40683,9.987284,0.5804537066650397,12.17934,12.324451,0.1451114465332033,0.2071169,0.18796018,-0.01915672234001159
13205,0.2961800000000001,0.29709423,0.0009142258834837769,11.99683,9.987284,-2.00954629333496,12.37934,12.324451,-0.054888553466796,0.1451169,0.18796018,0.04284327765998841
13246,-0.04996500000000004,0.0367885,0.08675350084543232,10.0657,10.494358,0.428658062744141,7.368500000000001,8.639152,1.2706515731811514,0.046205199999999946,0.112181194,0.06597599412660604
13310,0.08238699999999999,0.1263999,0.044012904489517224,26.56568,12.941843,-13.623836967163086,19.00515,12.889463,-6.115686575317383,0.061455999999999955,0.0864776,0.02502160003805165
13312,0.19238699999999997,0.1263999,-0.06598709551048276,16.77568,12.941843,-3.833836967163087,15.305150000000001,12.889463,-2.415686575317384,0.18145599999999995,0.0864776,-0.09497839996194835
13411,-0.009613000000000094,0.035472713,0.04508571341085443,9.205680000000001,9.240293,0.03461254913329981,8.50515,7.5898046,-0.9153453506469731,-0.03854400000000002,0.013831851,0.05237585107260945
13412,0.035386999999999946,0.035472713,8.571341085439332e-05,10.205680000000001,9.240293,-0.9653874508667002,7.20515,7.5898046,0.3846546493530276,-0.018544000000000005,0.013831851,0.03237585107260943
13456,-0.03168099999999985,0.004053416,0.035734416196256724,13.923570000000002,13.383647,-0.5399230349731461,6.96186,7.9297714,0.967911423339844,-0.11187360000000002,-0.022609442,0.08926415752754213
13457,0.003319000000000072,0.004053416,0.0007344161962568041,14.32357,13.383647,-0.9399230349731447,9.35186,7.9297714,-1.4220885766601565,-0.0028736000000000317,-0.022609442,-0.019735842472457854
13458,0.0073190000000000754,0.004053416,-0.0032655838037431995,14.11357,13.383647,-0.7299230349731438,9.00186,7.9297714,-1.0720885766601569,-0.04487359999999996,-0.022609442,0.022264157527542072
13460,-0.0836809999999999,0.004053416,0.08773441619625677,12.563570000000002,13.383647,0.8200769650268533,5.391860000000001,7.9297714,2.5379114233398425,-0.09387359999999989,-0.022609442,0.071264157527542
13461,-0.04668099999999997,0.004053416,0.05073441619625685,13.62357,13.383647,-0.23992303497314538,7.251860000000001,7.9297714,0.6779114233398431,-0.042873599999999956,-0.022609442,0.02026415752754207
13464,-0.05568099999999987,0.004053416,0.059734416196256745,18.60357,13.383647,-5.219923034973146,10.72186,7.9297714,-2.7920885766601558,-0.1038735999999999,-0.022609442,0.08126415752754201
13500,-0.07701100000000016,-0.0090940595,0.06791694053268449,5.6616,6.812696,1.1510959800720215,4.678630000000002,6.6284714,1.949841374511717,0.06455220000000006,0.12152872,0.05697652234582895
13506,0.081488,0.049946487,-0.03154151305007935,7.041820000000001,10.731493,3.689672996215819,5.616439999999999,8.008967,2.392527399597169,-0.028692199999999946,0.0007267383,0.029418938304365372
13507,0.11148799999999992,0.049946487,-0.061541513050079266,14.341820000000002,10.731493,-3.6103270037841817,11.216439999999999,8.008967,-3.2074726004028307,-0.0026922000000000335,0.0007267383,0.0034189383043654598
13917,0.0016650000000000276,0.022337226,0.0206722261971235,9.707340000000002,8.84582,-0.8615195730590841,16.0613,6.815207,-9.24609299545288,0.3153228,0.033831533,-0.28149126695542337
13918,-0.03733500000000012,0.022337226,0.059672226197123646,8.006340000000005,8.84582,0.8394804269409128,9.9613,6.815207,-3.1460929954528805,0.14132280000000008,0.033831533,-0.10749126695542344
13919,-0.04433499999999979,0.022337226,0.06667222619712332,7.1973400000000005,8.84582,1.6484804269409175,4.561299999999999,6.815207,2.25390700454712,-0.002677199999999935,0.033831533,0.03650873304457658
14030,-0.0014199999999999768,0.0033369004,0.004756900379508711,11.15417,11.253983,0.09981254394531192,9.649430000000002,9.835333,0.18590287048339604,0.027506600000000048,0.05146485,0.02395824822034831
14038,-0.0014199999999999768,0.0033369004,0.004756900379508711,11.15417,11.253983,0.09981254394531192,9.649430000000002,9.835333,0.18590287048339604,0.027506600000000048,0.05146485,0.02395824822034831
14042,-0.0014199999999999768,0.0033369004,0.004756900379508711,11.15417,11.253983,0.09981254394531192,9.649430000000002,9.835333,0.18590287048339604,0.027506600000000048,0.05146485,0.02395824822034831
14092,0.08162799999999992,0.075526066,-0.006101933875560683,4.74099,7.5467625,2.805772466430664,6.13702,8.06017,1.9231501736450198,0.049590800000000046,0.110751696,0.06116089593095775
14102,0.271717,0.17948914,-0.09222786425781249,6.360720000000001,9.04613,2.685410180358886,14.838899999999999,12.142669,-2.6962312759399403,0.3750052,0.28459916,-0.09040604481239317
14156,0.04011589999999998,0.17511146,0.13499555770549776,4.493789999999997,7.9083586,3.414568573913577,5.065109999999999,6.592941,1.5278308073425304,0.05518109999999998,0.05470131,-0.0004797903488635846
14222,0.04642499999999994,0.028376672,-0.018048327583074508,3.9513099999999994,9.467594,5.516284146728516,4.79749,7.3625355,2.5650454766845705,0.052842899999999915,0.032955725,-0.01988717525401107
14298,-0.04761300000000013,0.026230238,0.07384323837804807,10.855680000000003,9.679463,-1.1762166134643586,5.905150000000001,7.409651,1.504500802612304,-0.05854400000000004,0.038424212,0.09696821248555187
14299,-0.06761300000000015,0.026230238,0.09384323837804809,7.505680000000002,9.679463,2.173783386535643,2.0051500000000004,7.409651,5.404500802612304,-0.09854400000000008,0.038424212,0.1369682124855519
14842,-0.04365400000000008,0.00801388,0.05166787988030919,6.4251400000000025,8.988738,2.563598059997556,5.555130000000002,7.5277114,1.9725813914489727,0.04789370000000004,0.08161004,0.03371633887653347
14981,0.06538699999999997,0.040101293,-0.025285706525564167,2.295680000000001,8.592579,6.296898887939452,9.03515,7.527731,-1.5074190582275389,0.24845600000000007,0.07555392,-0.17290208360528952
15048,0.03638699999999995,0.035472713,-0.0009142865891456076,9.785680000000003,9.240293,-0.545387450866702,8.67515,7.5898046,-1.085345350646973,0.0044559999999999045,0.013831851,0.00937585107260952
15049,0.013387000000000038,0.035472713,0.022085713410854302,9.805680000000002,9.240293,-0.5653874508667016,7.135150000000001,7.5898046,0.45465464935302613,0.0024559999999999027,0.013831851,0.011375851072609522
15050,0.03838699999999995,0.035472713,-0.0029142865891456093,10.105680000000003,9.240293,-0.8653874508667023,8.17515,7.5898046,-0.585345350646973,0.028456000000000037,0.013831851,-0.014624148927390612
15051,0.08938699999999988,0.035472713,-0.053914286589145544,9.88568,9.240293,-0.6453874508666999,7.385150000000001,7.5898046,0.20465464935302613,0.00045600000000001195,0.013831851,0.013375851072609413
15052,0.03138699999999994,0.035472713,0.004085713410854397,9.81568,9.240293,-0.5753874508666996,7.42515,7.5898046,0.16465464935302698,0.0034560000000000146,0.013831851,0.01037585107260941
15094,-0.04814300000000005,-7.320464e-05,0.04806979536080691,8.716320000000003,9.721162,1.0048418423461882,7.351320000000001,9.388335,2.0370152279663074,0.047267599999999965,0.13238151,0.08511391371479038
15096,-0.04814300000000005,-7.320464e-05,0.04806979536080691,8.316320000000005,9.721162,1.4048418423461868,7.341320000000001,9.388335,2.047015227966307,0.06726759999999998,0.13238151,0.06511391371479036
15097,0.19216200000000005,0.025310658,-0.16685134208154684,19.21571,11.128765,-8.08694489379883,16.382050000000003,8.01174,-8.370310269165042,0.21253600000000006,0.036133848,-0.17640215186929709
15098,-0.007838000000000012,0.025310658,0.03314865791845323,9.115710000000004,11.128765,2.0130551062011683,5.082050000000002,8.01174,2.9296897308349585,-0.05846399999999996,0.036133848,0.09459784813070293
15105,-0.00583800000000001,0.029253008,0.03509100784409047,8.115710000000004,10.214534,2.0988238058471644,6.082050000000002,7.875895,1.7938450233459449,0.023536,0.013816232,-0.009719768138289453
15107,-0.010837999999999903,0.029988857,0.04082685698616495,9.115710000000004,10.466944,1.351233740844723,6.082050000000002,8.139279,2.0572293655395484,-0.006463999999999914,0.03933701,0.045801009191512976
15108,0.012162000000000006,-0.007640364,-0.019802364114195115,10.115710000000004,9.5009575,-0.6147525109863317,7.782050000000002,5.9860473,-1.7960027320861833,0.03153600000000001,0.0033894677,-0.028146532281920322
15179,-0.008820999999999968,-0.0043328814,0.004488118579149214,3.33315,4.9386196,1.605469613647461,3.6633700000000005,4.907699,1.2443291081237788,0.060435600000000034,0.07116224,0.010726638717079129
15180,-0.028820999999999986,-0.0043328814,0.024488118579149232,2.6231500000000025,4.9386196,2.3154696136474584,2.7833700000000015,4.907699,2.124329108123778,0.05643560000000014,0.07116224,0.014726638717079021
15182,-0.028820999999999986,-0.0043328814,0.024488118579149232,3.1231500000000025,4.9386196,1.8154696136474584,3.933370000000002,4.907699,0.9743291081237775,0.08943560000000006,0.07116224,-0.018273361282920897
15183,-0.018820999999999977,-0.0043328814,0.014488118579149223,5.49315,4.9386196,-0.554530386352539,6.133370000000001,4.907699,-1.2256708918762218,0.11743560000000008,0.07116224,-0.04627336128292092
15184,-0.048821,-0.0043328814,0.04448811857914925,4.83315,4.9386196,0.1054696136474611,4.403370000000001,4.907699,0.5043291081237786,0.07743560000000005,0.07116224,-0.006273361282920886
15185,-0.048821,-0.0043328814,0.04448811857914925,4.0131499999999996,4.9386196,0.9254696136474614,3.503370000000002,4.907699,1.4043291081237772,0.05743560000000003,0.07116224,0.013726638717079132
15186,-0.048821,-0.0043328814,0.04448811857914925,4.81315,4.9386196,0.12546961364746068,4.713370000000001,4.907699,0.19432910812377813,0.08743560000000006,0.07116224,-0.016273361282920895
15187,-0.048821,-0.0043328814,0.04448811857914925,5.2631499999999996,4.9386196,-0.3245303863525386,5.2433700000000005,4.907699,-0.33567089187622123,0.09743560000000007,0.07116224,-0.026273361282920904
15189,0.01117900000000005,-0.0043328814,-0.015511881420850804,3.9231499999999997,4.9386196,1.0154696136474612,5.323370000000001,4.907699,-0.4156708918762213,0.10743560000000008,0.07116224,-0.03627336128292091
15190,-0.018820999999999977,-0.0043328814,0.014488118579149223,4.65315,4.9386196,0.2854696136474608,5.153370000000001,4.907699,-0.24567089187622138,0.09743560000000007,0.07116224,-0.026273361282920904
15191,-0.038820999999999994,-0.0043328814,0.03448811857914924,4.17315,4.9386196,0.7654696136474612,3.423370000000002,4.907699,1.4843291081237773,0.04743560000000002,0.07116224,0.02372663871707914
15194,0.01117900000000005,-0.0043328814,-0.015511881420850804,3.9731500000000004,4.9386196,0.9654696136474605,5.393370000000001,4.907699,-0.4856708918762216,0.10743560000000008,0.07116224,-0.03627336128292091
15195,-0.008820999999999968,-0.0043328814,0.004488118579149214,3.453150000000001,4.9386196,1.48546961364746,3.813370000000001,4.907699,1.0943291081237785,0.06743560000000004,0.07116224,0.0037266387170791226
15196,-0.038820999999999994,-0.0043328814,0.03448811857914924,3.393150000000002,4.9386196,1.5454696136474588,2.8233700000000006,4.907699,2.0843291081237787,0.04743560000000002,0.07116224,0.02372663871707914
15832,0.16282600000000003,0.2404135,0.07758750185871122,16.43832,16.279587,-0.15873320800781343,13.98673,14.815356,0.8286262545776371,0.07779709999999995,0.11502102,0.03722392017402654
15833,0.142826,0.2404135,0.09758750185871123,16.338320000000003,16.279587,-0.05873320800781556,13.88673,14.815356,0.9286262545776367,0.09779709999999997,0.11502102,0.01722392017402652
15834,0.252826,0.2404135,-0.012412498141288753,13.238320000000002,16.279587,3.041266791992186,13.48673,14.815356,1.328626254577637,0.09779709999999997,0.11502102,0.01722392017402652
15835,0.31282600000000005,0.2404135,-0.0724124981412888,17.03832,16.279587,-0.7587332080078113,15.38673,14.815356,-0.5713737454223633,0.08779709999999996,0.11502102,0.027223920174026528
15836,0.30282600000000004,0.2404135,-0.0624124981412888,18.838320000000003,16.279587,-2.5587332080078156,16.28673,14.815356,-1.4713737454223619,0.09779709999999997,0.11502102,0.01722392017402652
15837,0.30282600000000004,0.2404135,-0.0624124981412888,20.338320000000003,16.279587,-4.058733208007816,16.88673,14.815356,-2.0713737454223633,0.09779709999999997,0.11502102,0.01722392017402652
15843,0.21282599999999996,0.2404135,0.027587501858711283,13.63832,16.279587,2.6412667919921873,14.18673,14.815356,0.628626254577636,0.1477970999999999,0.11502102,-0.032776079825973414
15844,0.262826,0.2404135,-0.02241249814128876,15.13832,16.279587,1.1412667919921873,15.78673,14.815356,-0.9713737454223637,0.17779709999999993,0.11502102,-0.06277607982597344
15845,0.29282600000000003,0.2404135,-0.05241249814128879,18.73832,16.279587,-2.458733208007814,17.48673,14.815356,-2.6713737454223647,0.23779709999999998,0.11502102,-0.1227760798259735
15846,0.252826,0.2404135,-0.012412498141288753,18.73832,16.279587,-2.458733208007814,16.48673,14.815356,-1.6713737454223647,0.10779709999999998,0.11502102,0.00722392017402651
16106,0.0015540000000000553,0.052514005,0.05096000545239443,8.90036,12.012558,3.1121979833984383,5.6126000000000005,8.603558,2.9909575866699214,-0.037971599999999994,0.02447591,0.06244750976953506
16107,0.0015540000000000553,0.052514005,0.05096000545239443,11.50036,12.012558,0.5121979833984369,7.6126000000000005,8.603558,0.9909575866699214,-0.037971599999999994,0.02447591,0.06244750976953506
16109,0.03155400000000008,0.052514005,0.020960005452394403,10.600360000000002,12.012558,1.4121979833984355,8.632600000000002,8.603558,-0.029042413330079953,0.019028400000000056,0.02447591,0.005447509769535008
16140,-0.007784999999999931,-0.038990103,-0.03120510270833976,6.738349999999997,7.531956,0.7936061958313019,4.637250000000002,4.6487827,0.011532730102537414,0.002264100000000102,-0.0029377136,-0.005201813637948138
16141,-0.007784999999999931,0.019412635,0.027197634894251754,4.788349999999998,9.440669,4.65231905975342,2.3972499999999997,6.677237,4.2799870338439945,-0.03773589999999993,0.005370654,0.043106554165744715
16142,0.002215000000000078,0.019412635,0.017197634894251745,5.658349999999999,9.440669,3.7823190597534193,4.2272500000000015,6.677237,2.4499870338439926,0.002264100000000102,0.005370654,0.0031065541657446794
16143,0.002215000000000078,0.019412635,0.017197634894251745,4.77835,9.440669,4.662319059753418,3.1472499999999997,6.677237,3.5299870338439945,-0.007735899999999907,0.005370654,0.013106554165744688
16144,0.002215000000000078,0.019412635,0.017197634894251745,4.77835,9.440669,4.662319059753418,3.1472499999999997,6.677237,3.5299870338439945,-0.007735899999999907,0.005370654,0.013106554165744688
16145,-0.007784999999999931,0.019412635,0.027197634894251754,4.788349999999998,9.440669,4.65231905975342,2.327250000000003,6.677237,4.349987033843991,-0.03773589999999993,0.005370654,0.043106554165744715
16147,0.002215000000000078,0.019412635,0.017197634894251745,5.18835,9.440669,4.252319059753418,3.05725,6.677237,3.6199870338439943,-0.027735899999999925,0.005370654,0.033106554165744706
16148,-0.007784999999999931,0.019412635,0.027197634894251754,4.798349999999999,9.440669,4.642319059753419,2.3472500000000025,6.677237,4.329987033843992,-0.03773589999999993,0.005370654,0.043106554165744715
16346,0.012386999999999926,0.035472713,0.023085713410854414,6.505680000000002,9.240293,2.734612549133299,6.805150000000001,7.5898046,0.7846546493530262,0.09145599999999998,0.033039063,-0.058416936784744244
16355,0.022386999999999935,0.1882416,0.16585460099029548,12.505680000000002,15.497368,2.991687858886717,11.50515,13.036798,1.5316475234985347,0.14145599999999992,0.13035406,-0.011101938277244483
16356,0.022386999999999935,0.1882416,0.16585460099029548,12.505680000000002,15.497368,2.991687858886717,11.50515,13.036798,1.5316475234985347,0.14145599999999992,0.13035406,-0.011101938277244483
16357,0.07238699999999998,0.1882416,0.11585460099029543,12.005680000000002,15.497368,3.491687858886717,11.50515,13.036798,1.5316475234985347,0.14145599999999992,0.13035406,-0.011101938277244483
16358,0.3723869999999999,0.1882416,-0.1841453990097045,13.005680000000002,15.497368,2.491687858886717,15.50515,13.036798,-2.4683524765014653,0.19145599999999996,0.13035406,-0.06110193827724453
16360,0.822387,0.1882416,-0.6341453990097046,29.00568,15.497368,-13.508312141113283,20.50515,13.036798,-7.468352476501465,0.44145599999999996,0.13035406,-0.3111019382772445
16382,-0.057784999999999975,0.018376304,0.07616130383670328,6.388349999999999,8.730194,2.341844091796876,2.9472500000000004,6.4650593,3.5178092803955074,-0.027735899999999925,0.018719718,0.04645561786022179
16383,-0.06778499999999998,0.018376304,0.08616130383670328,6.218349999999997,8.730194,2.5118440917968776,1.8872500000000016,6.4650593,4.577809280395506,-0.05773589999999995,0.018719718,0.07645561786022181
16384,-0.06778499999999998,0.018376304,0.08616130383670328,5.268349999999998,8.730194,3.461844091796877,0.2872500000000002,6.4650593,6.177809280395508,-0.08973589999999998,0.018719718,0.10845561786022184
16399,-0.012589300000000025,-0.016581882,-0.0039925817913532,7.345469999999999,7.7875123,0.4420423023986828,6.052990000000001,6.789218,0.736227948913573,0.03577780000000008,0.086846985,0.05106918492288581
16400,-0.04258930000000005,-0.016581882,0.026007418208646826,7.205470000000002,7.7875123,0.5820423023986798,5.93299,6.789218,0.856227948913574,0.0557778000000001,0.086846985,0.031069184922885795
16401,-0.03258930000000004,-0.016581882,0.016007418208646818,6.725470000000001,7.7875123,1.0620423023986802,5.722990000000001,6.789218,1.066227948913573,0.0557778000000001,0.086846985,0.031069184922885795
16402,-0.08258930000000009,-0.016581882,0.06600741820864686,7.165469999999999,7.7875123,0.6220423023986825,5.36299,6.789218,1.4262279489135743,0.0557778000000001,0.086846985,0.031069184922885795
16403,-0.05125869999999999,0.03499421,0.08625291104788779,6.4666999999999994,8.737294,2.27059419708252,5.704930000000001,7.1143103,1.4093802645874014,0.09579910000000003,0.14799911,0.052200007837676976
16487,0.05927900000000008,0.06667806,0.0073990620813368935,7.8967600000000004,9.32269,1.4259300100708003,11.47757,11.702311,0.224740562133789,0.26938680000000004,0.1733172,-0.09606960601501469
16540,-0.02723500000000012,0.023235394,0.050470393688082815,7.75046,8.927862,1.177402167358398,7.6053599999999975,10.009474,2.4041138006591822,0.08608870000000002,0.14579381,0.0597051104867935
16541,-0.04823500000000003,0.023235394,0.07147039368808272,7.4104600000000005,8.927862,1.517402167358398,6.675359999999998,10.009474,3.334113800659182,0.0660887,0.14579381,0.07970511048679352
16551,0.022386999999999935,0.05009475,0.027707749778509205,11.65568,12.784404,1.1287238009643552,8.40515,9.53591,1.1307596527099602,-0.05854400000000004,0.039587803,0.09813180318498615
16629,0.11544300000000007,0.06880462,-0.046638378303527905,6.32394,6.8472986,0.5233586221313473,9.718829999999999,9.462823,-0.2560070858764636,0.14842279999999997,0.13124831,-0.017174489791679348
16630,0.10144300000000006,0.06880462,-0.03263837830352789,6.123940000000001,6.8472986,0.7233586221313466,9.018829999999998,9.462823,0.4439929141235375,0.13842279999999996,0.13124831,-0.007174489791679339
16650,0.05253400000000008,0.0454969,-0.007037100365400395,10.846149999999998,11.059505,0.21335546264648642,11.288349999999998,8.911052,-2.377298249816892,0.16681619999999997,0.021160347,-0.14565585261280534
16654,0.002215000000000078,-0.0010141454,-0.0032291454404220765,7.958349999999999,10.52309,2.5647403625488288,6.397250000000001,10.594105,4.196854766845702,0.04226410000000003,0.15340681,0.11114271374073026
16755,-0.0176130000000001,0.026230238,0.043843238378048044,8.805680000000002,9.679463,0.8737833865356421,6.405150000000001,7.409651,1.004500802612304,0.03145599999999993,0.038424212,0.006968212485551906
16756,-0.007613000000000092,-0.004225288,0.003387711947888228,11.805680000000002,10.216007,-1.5896727673339868,9.805150000000001,7.4841657,-2.3209843315124523,0.09145599999999998,0.024116639,-0.06733936095213888
16761,0.07763999999999993,0.10007992,0.022439916417598793,16.353350000000002,13.021175,-3.332174615478518,16.680770000000003,15.517601,-1.1631689868164088,0.12271939999999992,0.14041995,0.01770054512081154
16762,0.08826400000000001,0.10187,0.013606000362396231,8.05084,11.013929,2.963089367065429,9.480569999999998,12.808673,3.3281029049682633,0.12744659999999997,0.13774541,0.01029881020393375
16763,0.20370399999999989,0.14965019,-0.054053813699722175,13.32169,11.86136,-1.4603304037475588,14.786100000000001,13.155956,-1.6301437316894543,0.20708840000000006,0.1242082,-0.08288020300235754
16861,-0.057613000000000136,0.02440367,0.08201667080271258,8.575680000000002,8.866164,0.2904842074584941,4.995150000000001,7.1583056,2.163155644989013,-0.008543999999999996,0.038810614,0.047354614496469494
16893,-0.057613000000000136,0.03427496,0.0918879617993833,7.2156800000000025,9.537386,2.3217059405517553,2.895150000000001,7.794982,4.899831956481933,-0.04854400000000003,0.047672786,0.09621678581857684
17144,0.06851399999999996,0.026222076,-0.04229192373299595,9.263110000000001,8.654345,-0.6087654412841808,9.882830000000002,8.402824,-1.4800055981445333,0.10898579999999991,0.122381836,0.013396036175918669
17145,0.06851399999999996,0.026222076,-0.04229192373299595,9.363110000000002,8.654345,-0.7087654412841822,10.382830000000002,8.402824,-1.9800055981445333,0.13898579999999994,0.122381836,-0.016603963824081358
17146,0.10851399999999989,0.026222076,-0.08229192373299588,10.763110000000001,8.654345,-2.1087654412841808,11.882830000000002,8.402824,-3.4800055981445333,0.16898579999999996,0.122381836,-0.046603963824081385
17147,0.13851399999999991,0.026222076,-0.1122919237329959,12.263110000000001,8.654345,-3.6087654412841808,13.582830000000001,8.402824,-5.1800055981445325,0.2189857999999999,0.122381836,-0.09660396382408132
17255,0.01638699999999993,0.02440367,0.008016670802712511,8.205680000000001,8.866164,0.6604842074584951,7.10515,7.1583056,0.053155644989013595,0.05345599999999995,0.038810614,-0.01464538550353045
17258,-0.0036130000000000884,0.02440367,0.02801667080271253,7.605680000000003,8.866164,1.260484207458493,5.50515,7.1583056,1.6531556449890132,0.007455999999999907,0.038810614,0.03135461449646959
17259,0.024386999999999937,0.02440367,1.6670802712503985e-05,18.60568,8.866164,-9.739515792541503,7.805150000000001,7.1583056,-0.6468443550109875,0.06645599999999996,0.038810614,-0.027645385503530462
17716,-0.028828000000000076,-0.0309318,-0.0021038006038665014,7.57076,7.543632,-0.027127969512939387,4.408440000000002,5.0702543,0.6618143258666969,-0.03592989999999996,-0.031219171,0.004710728639864881
17768,0.02883199999999997,0.074550994,0.045718993740558656,13.28245,12.967537,-0.3149130737304695,14.54456,16.096989,1.552428677978515,0.23287709999999995,0.26536524,0.0324881429580689
17769,0.08244399999999996,0.098961085,0.016517085081100502,22.99146,18.238419,-4.7530414208984375,21.34637,19.441813,-1.9045574847412112,0.22879779999999994,0.27434722,0.04554941589088446
17770,0.14180099999999995,0.09783523,-0.04396577215290065,18.17923,17.228113,-0.9511168255615239,20.27234,19.027,-1.245339572753906,0.3519151,0.27685568,-0.07505942263374327
17869,0.332387,0.026230238,-0.30615676162195204,13.755680000000002,9.679463,-4.076216613464357,15.38515,7.409651,-7.975499197387695,0.32545599999999997,0.038424212,-0.28703178751444813
17870,0.20238699999999998,0.026230238,-0.17615676162195204,12.74568,9.679463,-3.0662166134643556,12.97515,7.409651,-5.565499197387695,0.16945599999999994,0.038424212,-0.1310317875144481
17871,0.14238699999999993,0.026230238,-0.11615676162195199,9.235680000000002,9.679463,0.4437833865356424,11.70515,7.409651,-4.295499197387695,0.19045599999999996,0.038424212,-0.15203178751444812
17872,0.06238699999999997,0.026230238,-0.03615676162195203,8.675680000000003,9.679463,1.0037833865356411,7.09515,7.409651,0.3145008026123044,-0.009543999999999997,0.038424212,0.04796821248555183
17873,0.04238699999999995,0.026230238,-0.01615676162195201,8.705680000000001,9.679463,0.9737833865356436,6.555150000000001,7.409651,0.8545008026123035,-0.009543999999999997,0.038424212,0.04796821248555183
17874,0.05238699999999996,0.026230238,-0.026156761621952018,8.095680000000002,9.679463,1.583783386535643,6.305150000000001,7.409651,1.1045008026123035,-0.009543999999999997,0.038424212,0.04796821248555183
17875,-0.057613000000000136,0.026230238,0.08384323837804808,6.675680000000003,9.679463,3.003783386535641,3.355150000000002,7.409651,4.054500802612303,-0.05054400000000003,0.038424212,0.08896821248555187
17886,0.08238699999999999,0.026230238,-0.056156761621952045,6.045680000000001,9.679463,3.6337833865356437,8.65515,7.409651,-1.245499197387696,0.15445599999999993,0.038424212,-0.11603178751444809
17888,-0.0176130000000001,0.026230238,0.043843238378048044,7.945680000000003,9.679463,1.7337833865356416,2.815149999999999,7.409651,4.5945008026123055,-0.05454400000000004,0.038424212,0.09296821248555187
17889,-0.03761300000000012,0.026230238,0.06384323837804806,6.935680000000001,9.679463,2.743783386535643,1.765150000000002,7.409651,5.644500802612303,-0.06854400000000005,0.038424212,0.10696821248555188
17890,-0.057613000000000136,-0.031540763,0.026072237366914885,5.83568,7.957427,2.1217470248413086,3.4451500000000017,5.0077457,1.5625957427978499,0.006455999999999906,0.0062023746,-0.00025362541502704783
18010,-0.1215885000000001,-0.043515265,0.07807323501205454,4.4962800000000005,6.255495,1.7592150714111323,4.447769999999999,6.613162,2.16539204071045,0.2022463,0.21171731,0.009471007567596446
18012,-0.11025920000000011,-0.06322381,0.04703539099617016,9.80107,9.020958,-0.7801120532226555,9.688480000000002,8.106382,-1.5820976300048848,0.21003019999999994,0.19228688,-0.017743321175765936
18013,-0.07761300000000015,0.040101293,0.11771429347443596,11.005680000000002,8.592579,-2.4131011120605486,6.70515,7.527731,0.8225809417724612,-0.008543999999999996,0.07555392,0.08409791639471054
18064,0.24319900000000005,0.1772675,-0.0659314932813645,9.202200000000001,9.104467,-0.09773260803222783,11.37851,10.050887,-1.3276228921508793,0.1828033,0.16546647,-0.01733682749347687
18065,0.2174060000000001,0.14899983,-0.06840617488002787,19.635419999999996,15.283709,-4.351711427612301,22.652050000000003,17.753555,-4.89849470214844,0.3120335000000001,0.23195219,-0.08008130960083015
18066,0.011300000000000088,0.07136868,0.06006867940425864,5.734930000000002,7.94956,2.2146301654052714,5.584589999999999,8.888871,3.3042811929321303,0.052723500000000034,0.11265342,0.05992991937541958
18068,-0.00869999999999993,0.020269414,0.02896941440999501,6.784930000000003,7.597043,0.812113037414548,6.51459,8.097658,1.5830681573486327,0.06272350000000004,0.09048223,0.027758727504253344
18069,0.031300000000000106,0.045109678,0.013809678059816255,7.0949300000000015,7.4852962,0.3903662493896469,7.744589999999999,8.946431,1.2018411599731458,0.08272350000000006,0.11147358,0.028750082684993683
18113,0.09931900000000005,0.017700724,-0.08161827569627766,13.32357,10.215538,-3.1080319750976564,10.85186,8.051907,-2.799953414306641,0.014126400000000094,0.033337474,0.019211073869323636
18131,-0.08801000000000014,0.03708567,0.12509567097783103,7.241590000000002,9.906333,2.664742969665525,1.9550800000000024,7.325471,5.370390924377439,-0.07651640000000004,0.030282779,0.10679917866542343
18133,0.09483520000000001,0.028539972,-0.06629522762019635,4.545310000000001,6.430334,1.8850240911865228,4.38747,5.574967,1.1874969075012203,0.00031400000000003647,0.002263021,0.0019490209568887584
18134,0.08993849999999992,0.031020964,-0.05891753643548481,10.15651,8.82368,-1.3328300759887703,8.46425,6.582562,-1.8816880302429198,0.02050989999999997,0.051063515,0.03055361524591449
18136,0.12098799999999998,-0.005221326,-0.12620932590413092,8.40156,8.001699,-0.399860552368164,8.894659999999998,6.712334,-2.1823258439636213,0.08722530000000006,0.05015399,-0.03707131065516478
18166,0.11662500000000009,0.033337772,-0.08328722810745248,14.891109999999998,10.963344,-3.9277663796997047,18.15246,10.951849,-7.200611016235353,0.4045896,0.21386689,-0.19072271052322387
18171,0.013999000000000095,0.033537637,0.019538637442350293,11.477609999999999,11.528058,0.050448052062989746,10.325389999999999,10.028811,-0.2965785452270495,0.06059910000000002,0.073109485,0.012510385208988173
18172,0.013999000000000095,0.033537637,0.019538637442350293,11.677610000000001,11.528058,-0.1495519479370131,10.92539,10.028811,-0.8965785452270509,0.08059909999999992,0.073109485,-0.007489614791011734
18173,-0.02600099999999994,0.033537637,0.05953863744235033,10.87761,11.528058,0.6504480520629876,8.325389999999999,10.028811,1.7034214547729505,0.010599099999999972,0.073109485,0.06251038520898822
18174,0.013999000000000095,0.033537637,0.019538637442350293,11.27761,11.528058,0.25044805206298903,9.42539,10.028811,0.6034214547729491,0.03059909999999999,0.073109485,0.0425103852089882
18175,0.17600300000000013,0.08611663,-0.08988637314128889,10.59808,6.673902,-3.924177965240478,14.029720000000001,8.603333,-5.426386526794435,0.46269989999999994,0.1861589,-0.27654100450744623
18177,0.10600300000000007,0.08611663,-0.019886373141288827,2.998079999999998,6.673902,3.6758220347595234,6.40972,8.603333,2.1936134732055663,0.1526999,0.1861589,0.03345899549255371
18191,0.07698099999999997,0.064115115,-0.01286588548994061,15.224429999999998,11.266415,-3.9580153576660138,12.501209999999999,10.682198,-1.8190124291992174,0.0384814,0.08657723,0.04809582920179367
18233,0.0014879999999999338,0.010092176,0.008604175565660066,9.901820000000004,9.114159,-0.7876613696289105,5.716439999999999,6.0510554,0.33461543136596816,-0.05369219999999997,0.0060174474,0.05970964744926688
18235,0.03148799999999996,0.010092176,-0.02139582443433996,8.851820000000004,9.114159,0.2623386303710902,5.616439999999999,6.0510554,0.4346154313659678,-0.04369219999999996,0.0060174474,0.04970964744926687
18358,0.3223218,0.27707335,-0.04524844647102355,16.41386,14.532453,-1.8814074166870114,16.14024,15.139046,-1.0011942846679673,0.15182680000000004,0.17138669,0.019559888947677573
18360,0.09738699999999989,0.1891678,0.09178079756546031,16.225680000000004,19.214268,2.9885877307128865,13.34515,16.306486,2.961336129760742,0.08145599999999997,0.23040162,0.14894562026882174
18361,0.332387,0.1891678,-0.14321920243453978,20.60568,19.214268,-1.391412269287109,18.40515,16.306486,-2.098663870239257,0.32145599999999996,0.23040162,-0.09105437973117825
18364,0.20238699999999998,0.1891678,-0.013219202434539779,19.70568,19.214268,-0.49141226928711035,17.105150000000002,16.306486,-0.7986638702392597,0.25145599999999996,0.23040162,-0.02105437973117824
18365,0.19238699999999997,0.1891678,-0.0032192024345397696,19.10568,19.214268,0.10858773071289107,16.50515,16.306486,-0.19866387023925824,0.21145599999999998,0.23040162,0.01894562026882174
18366,0.20238699999999998,0.1891678,-0.013219202434539779,20.50568,19.214268,-1.291412269287111,17.30515,16.306486,-0.998663870239259,0.25145599999999996,0.23040162,-0.02105437973117824
18367,0.21238699999999988,0.1891678,-0.023219202434539676,22.20568,19.214268,-2.9914122692871103,18.20515,16.306486,-1.8986638702392575,0.281456,0.23040162,-0.05105437973117827
18368,0.18538699999999986,0.1891678,0.0037807975654603476,19.06568,19.214268,0.14858773071289022,16.52515,16.306486,-0.21866387023925782,0.21045599999999998,0.23040162,0.01994562026882174
18456,0.31199,0.03708567,-0.2749043290221691,15.421590000000002,9.906333,-5.515257030334475,16.08508,7.325471,-8.75960907562256,0.24348359999999997,0.030282779,-0.21320082133457657
18457,0.05198999999999998,0.03708567,-0.014904329022169094,10.721590000000003,9.906333,-0.8152570303344753,8.085080000000001,7.325471,-0.75960907562256,-0.006516399999999978,0.030282779,0.03679917866542337
18458,0.30199,0.03708567,-0.2649043290221691,20.921590000000002,9.906333,-11.015257030334475,17.98508,7.325471,-10.659609075622559,0.2534836,0.030282779,-0.22320082133457658
18459,0.13198999999999994,0.03708567,-0.09490432902216905,15.521590000000002,9.906333,-5.615257030334474,12.48508,7.325471,-5.1596090756225585,0.10348360000000001,0.030282779,-0.07320082133457662
18548,-0.04830000000000001,-0.015098421,0.03320157909691335,9.92342,8.03729,-1.8861303805541993,3.321159999999999,6.968563,3.6474030798339854,0.08136260000000006,0.11540401,0.0340414098190307
18591,0.032215000000000105,0.05901051,0.026795509401559725,6.708349999999999,9.156887,2.44853705444336,4.807250000000002,6.479749,1.67249920272827,-0.01973590000000003,-0.0078334315,0.011902468525135546
18593,-0.007784999999999931,0.05901051,0.06679550940155976,7.038349999999998,9.156887,2.1185370544433617,3.707250000000002,6.479749,2.7724992027282696,-0.049735899999999944,-0.0078334315,0.04190246852513546
18897,0.16680000000000006,0.15888715,-0.007912852096557677,11.438210000000002,12.047378,0.6091675863647446,12.883309999999998,12.612863,-0.2704474130249004,0.1945831,0.14493471,-0.04964838615951539
18972,0.045600000000000085,0.023929168,-0.021670832461118783,11.082550000000001,11.287993,0.20544343109130736,12.354080000000002,11.8154955,-0.5385845089721695,0.12870480000000006,0.11558404,-0.013120761802005831
18973,0.04060000000000008,0.023929168,-0.01667083246111878,10.062550000000002,11.287993,1.225443431091307,11.31408,11.8154955,0.5014154910278315,0.11470479999999994,0.11558404,0.000879238197994292
18974,0.03160000000000007,0.023929168,-0.007670832461118771,9.832550000000001,11.287993,1.4554434310913074,10.074080000000002,11.8154955,1.7414154910278299,0.07070480000000001,0.11558404,0.04487923819799422
18975,0.035600000000000076,0.023929168,-0.011670832461118774,9.992550000000001,11.287993,1.2954434310913072,10.404080000000002,11.8154955,1.4114154910278298,0.07770479999999991,0.11558404,0.037879238197994325
19092,0.022386999999999935,0.027001921,0.0046149210875034985,13.715680000000003,12.100542,-1.6151379315185572,11.305150000000001,10.250099,-1.055050817871095,0.09145599999999998,0.09232576,0.0008697619142532531
19093,-0.06261300000000003,0.027001921,0.08961492108750346,13.445680000000001,12.100542,-1.3451379315185559,9.70515,10.250099,0.5449491821289065,0.051455999999999946,0.09232576,0.04086976191425329
19094,-0.04161300000000012,0.027001921,0.06861492108750356,13.305680000000002,12.100542,-1.205137931518557,9.70515,10.250099,0.5449491821289065,0.051455999999999946,0.09232576,0.04086976191425329
19198,0.011009000000000047,-0.004621258,-0.015630258005499886,7.177890000000001,7.110588,-0.06730192626953269,7.068549999999998,6.804116,-0.2644342277526839,0.08476320000000004,0.02956892,-0.05519428008801941
19202,-0.003775000000000084,0.034628566,0.03840356635451325,16.696040000000004,11.64717,-5.0488699331665075,16.12153,12.631778,-3.4897522366333007,0.1615088,0.14206395,-0.019444854468154915
19244,-0.03878499999999985,0.038872164,0.07765716374278053,7.8783499999999975,8.217043,0.3386929229736353,4.807250000000002,6.198465,1.3912148704528793,-0.011735900000000021,0.03485484,0.046590740487241766
19291,-0.07923600000000008,-0.0023541565,0.07688184354124972,2.3797200000000025,4.8464456,2.4667255604553198,-0.20638999999999896,3.4302945,3.6366845137023915,-0.030698899999999973,0.019698046,0.05039694614782331
19342,0.006939600000000046,-0.017459951,-0.024399551341152237,11.826110000000002,11.250252,-0.5758582299804704,12.053180000000001,9.441433,-2.6117470471191417,0.39010999999999996,0.23997906,-0.15013094149589534
19344,-0.11306040000000006,-0.017459951,0.09560044865884787,10.526110000000001,11.250252,0.7241417700195303,7.85318,9.441433,1.5882529528808593,0.12010999999999994,0.23997906,0.11986905850410468
19346,0.021525999999999934,-0.04447987,-0.06600586930608743,13.160549999999999,10.672092,-2.4884575622558582,13.2034,9.35125,-3.8521503051757815,0.3717889,0.18256362,-0.18922528217449186
19348,-0.06847400000000015,-0.04447987,0.023994130693912652,10.260549999999999,10.672092,0.4115424377441421,7.7034,9.35125,1.6478496948242185,0.11178889999999997,0.18256362,0.07077471782550815
19349,-0.08847400000000016,-0.04447987,0.04399413069391267,9.56055,10.672092,1.1115424377441414,6.9033999999999995,9.35125,2.447849694824219,0.08178890000000005,0.18256362,0.10077471782550806
19455,-0.04820599999999997,-0.021065585,0.027140414684772463,15.4158,10.270717,-5.145083332824708,12.249519999999999,8.984821,-3.2646986804199205,0.013294299999999981,0.08967298,0.07637868269271852
19456,-0.05820599999999998,-0.021065585,0.03714041468477247,7.6158,10.270717,2.654916667175293,6.049519999999998,8.984821,2.9353013195800806,0.0342943,0.08967298,0.055378682692718506
19467,-0.03778499999999996,0.019412635,0.05719763489425178,7.8683499999999995,9.440669,1.5723190597534185,4.847250000000001,6.677237,1.8299870338439934,-0.007735899999999907,0.005370654,0.013106554165744688
19468,-0.07778499999999999,0.019412635,0.09719763489425182,7.678349999999998,9.440669,1.7623190597534197,2.247250000000001,6.677237,4.429987033843993,-0.08773589999999998,0.005370654,0.09310655416574476
19551,0.00021500000000007624,0.030729039,0.030514038640856667,7.178349999999998,8.200483,1.0221333221435565,4.8572500000000005,6.826676,1.9694258918762202,-0.00973590000000002,0.04536446,0.055100361839199086
19552,-0.007784999999999931,0.030729039,0.038514038640856674,7.538349999999998,8.200483,0.662133322143557,5.207250000000002,6.826676,1.6194258918762188,0.002264100000000102,0.04536446,0.043100361839198964
19592,0.10985100000000003,0.021829866,-0.08802113412714008,12.987359999999999,11.196012,-1.7913484567260731,16.128130000000002,12.115759,-4.012371104125979,0.1979033,0.12812339,-0.06977991230564118
19594,0.019851000000000063,0.021829866,0.001978865872859892,12.637360000000001,11.196012,-1.4413484567260753,13.728130000000002,12.115759,-1.6123711041259785,0.14690329999999996,0.12812339,-0.018779912305641133
19595,-0.010148999999999964,0.021829866,0.03197886587285992,11.62736,11.196012,-0.4313484567260737,11.11813,12.115759,0.9976288958740227,0.0799032999999999,0.12812339,0.048220087694358926
19616,-0.008010000000000073,0.04869245,0.05670244992733009,7.221590000000003,10.073107,2.8515167657470677,3.7850800000000007,7.896879,4.1117991961669915,-0.05451640000000002,0.016865004,0.07138140385403635
19617,-0.008010000000000073,0.04869245,0.05670244992733009,4.121590000000001,10.073107,5.951516765747069,1.0850800000000014,7.896879,6.811799196166991,-0.06551640000000003,0.016865004,0.08238140385403636
19820,-0.007784999999999931,0.018376304,0.02616130383670323,9.558349999999997,8.730194,-0.8281559082031222,6.507250000000001,6.4650593,-0.042190719604493054,-0.007735899999999907,0.018719718,0.02645561786022177
19827,0.3305867,0.16094875,-0.16963794664306642,16.26598,15.600233,-0.6657469219970693,17.0024,15.658256,-1.3441444229125992,0.4321154,0.36255294,-0.06956245915451048
19829,0.04058670000000009,0.16094875,0.12036205335693351,14.465979999999998,15.600233,1.1342530780029314,14.6024,15.658256,1.055855577087403,0.3321154,0.36255294,0.030437540845489497
19830,0.26058670000000006,0.16094875,-0.09963794664306647,15.865979999999999,15.600233,-0.26574692199706895,16.5024,15.658256,-0.8441444229125992,0.4021154,0.36255294,-0.03956245915451051
19831,0.02058670000000007,0.16094875,0.14036205335693352,14.165979999999998,15.600233,1.4342530780029321,14.5024,15.658256,1.1558555770874026,0.3421154,0.36255294,0.020437540845489488
19832,0.12058670000000005,0.16094875,0.04036205335693355,15.165979999999998,15.600233,0.4342530780029321,15.1024,15.658256,0.555855577087403,0.3221154,0.36255294,0.040437540845489506
19833,0.18244399999999994,0.098961085,-0.08348291491889948,18.99146,18.238419,-0.7530414208984375,20.746370000000002,19.441813,-1.3045574847412134,0.2987978,0.27434722,-0.024450584109115603
19834,0.1324439999999999,0.098961085,-0.03348291491889943,19.99146,18.238419,-1.7530414208984375,21.14637,19.441813,-1.704557484741212,0.3187978,0.27434722,-0.04445058410911562
19835,0.02883199999999997,0.074550994,0.045718993740558656,13.28245,12.967537,-0.3149130737304695,14.54456,16.096989,1.552428677978515,0.23287709999999995,0.26536524,0.0324881429580689
19837,0.12883199999999995,0.074550994,-0.05428100625944132,13.68245,12.967537,-0.7149130737304681,18.74456,16.096989,-2.6475713220214843,0.3528771,0.26536524,-0.08751185704193115
19839,0.1324439999999999,0.098961085,-0.03348291491889943,20.891460000000002,18.238419,-2.6530414208984396,21.64637,19.441813,-2.204557484741212,0.3287978,0.27434722,-0.054450584109115574
19841,0.16180099999999997,0.09783523,-0.06396577215290067,19.37923,17.228113,-2.151116825561523,20.572339999999997,19.027,-1.5453395727539032,0.3219151,0.27685568,-0.045059422633743296
19843,0.027392000000000083,0.065016724,0.03762472416925422,11.94256,12.583124,0.6405641607666013,13.118670000000002,15.920114,2.801443563537596,0.16386619999999996,0.25985712,0.09599091812973026
19844,0.06739200000000012,0.065016724,-0.0023752758307458155,11.742560000000001,12.583124,0.8405641607666006,17.61867,15.920114,-1.698556436462404,0.3838662,0.25985712,-0.12400908187026977
19858,0.03698999999999997,0.045588333,0.008598333159685168,14.081590000000002,10.930566,-3.151024165954592,11.665080000000001,9.30505,-2.360030103759767,0.0914836,0.059243165,-0.03224043504343033
19861,0.13698999999999995,0.045588333,-0.09140166684031481,14.06159,10.930566,-3.1310241659545905,13.27508,9.30505,-3.9700301037597665,0.14648359999999994,0.059243165,-0.08724043504343026
19914,0.274602,0.13991457,-0.1346874277610779,12.0003,10.711878,-1.2884221771240227,16.577130000000004,14.190782,-2.38634840667725,0.21550750000000007,0.20620352,-0.009303979701995924
19915,0.38466199999999995,0.15547514,-0.22918686038208003,13.29973,13.601345,0.3016150622558591,18.62511,15.883896,-2.741214125976562,0.21319050000000006,0.21718411,0.0039936114759444585
19916,0.10460199999999997,0.13991457,0.035312572238922146,11.860299999999999,10.711878,-1.1484221771240222,13.547130000000001,14.190782,0.6436515933227529,0.16550750000000003,0.20620352,0.04069602029800412
19917,0.05460200000000004,0.13991457,0.08531257223892208,10.770299999999999,10.711878,-0.05842217712402231,12.997130000000002,14.190782,1.1936515933227518,0.19550750000000006,0.20620352,0.010696020298004094
19918,0.20460200000000006,0.13991457,-0.06468742776107794,11.9603,10.711878,-1.2484221771240236,16.75713,14.190782,-2.566348406677246,0.2755075,0.20620352,-0.06930397970199587
19919,0.19460200000000005,0.13991457,-0.054687427761077934,11.8403,10.711878,-1.1284221771240226,17.12713,14.190782,-2.936348406677247,0.31550750000000005,0.20620352,-0.1093039797019959
19920,0.05460200000000004,0.13991457,0.08531257223892208,8.200299999999999,10.711878,2.511577822875978,10.39713,14.190782,3.7936515933227533,0.21950749999999997,0.20620352,-0.013303979701995816
19921,0.039602000000000026,0.13991457,0.1003125722389221,7.970300000000002,10.711878,2.741577822875975,10.05713,14.190782,4.133651593322753,0.1435075,0.20620352,0.06269602029800414
19928,0.07221500000000014,0.07088888,-0.0013261230850221128,8.478349999999999,9.110328,0.6319777206420909,8.51725,7.7339673,-0.7832826957702643,0.09126410000000007,0.07498822,-0.016275876387691568
19929,0.022215000000000096,0.07088888,0.04867387691497793,7.27835,9.110328,1.8319777206420902,6.957250000000002,7.7339673,0.7767173042297344,0.07026410000000005,0.07498822,0.004724123612308451
20127,6.000000000017103e-05,0.008968574,0.008908573994934388,8.103659999999998,7.271527,-0.8321331864929178,7.350839999999998,8.083928,0.733088108215334,0.05278970000000005,0.1284542,0.0756644934728622
20129,-0.009939999999999838,0.008968574,0.018908573994934397,7.59366,7.271527,-0.3221331864929198,7.890839999999999,8.083928,0.19308810821533307,0.11278969999999999,0.1284542,0.01566449347286225
20131,-0.018939999999999957,0.008968574,0.027908573994934516,7.813659999999999,7.271527,-0.5421331864929186,8.20084,8.083928,-0.11691189178466743,0.1227897,0.1284542,0.005664493472862242
20132,0.049868000000000134,0.022925928,-0.02694207176494612,11.199940000000002,10.715822,-0.48411778015136875,12.994439999999999,11.2797165,-1.7147235083007804,0.17442990000000003,0.16283195,-0.01159795279254916
20133,0.001060000000000061,0.008968574,0.007908573994934498,8.29366,7.271527,-1.022133186492919,8.62084,8.083928,-0.5369118917846674,0.1227897,0.1284542,0.005664493472862242
20134,-0.01193999999999984,0.008968574,0.0209085739949344,8.173659999999998,7.271527,-0.9021331864929181,7.640839999999999,8.083928,0.44308810821533307,0.07278970000000007,0.1284542,0.055664493472862175
20137,0.0040600000000000636,0.008968574,0.004908573994934495,8.32366,7.271527,-1.0521331864929202,9.62084,8.083928,-1.5369118917846674,0.16278970000000004,0.1284542,-0.034335506527137793
20347,-0.03920199999999996,0.023362549,0.06256454902184005,7.93967,10.11943,2.1797595883178715,7.769459999999999,9.218508,1.4490477667236341,0.07593260000000002,0.12158871,0.04565610697021483
20348,-0.03920199999999996,0.023362549,0.06256454902184005,7.93967,10.11943,2.1797595883178715,8.06946,9.218508,1.1490477667236334,0.08793260000000003,0.12158871,0.033656106970214816
20371,0.081488,0.0041618193,-0.07732618065002561,11.241820000000004,8.413065,-2.828755043334965,15.116439999999999,5.5470576,-9.569382371368407,0.39630780000000004,0.013653604,-0.38265419568626885
20448,0.002215000000000078,0.018376304,0.016161303836703222,8.43835,8.730194,0.2918440917968752,6.907250000000001,6.4650593,-0.4421907196044934,0.03226410000000002,0.018719718,-0.013544382139778155
20449,-0.03778499999999996,0.018376304,0.05616130383670326,7.638349999999999,8.730194,1.091844091796876,5.1072500000000005,6.4650593,1.3578092803955073,0.0122641,0.018719718,0.006455617860221863
20456,-0.05698500000000006,-0.047568616,0.009416384474039141,5.447780000000002,7.1211424,1.673362387390135,3.874769999999998,3.7229874,-0.15178258659362598,0.023006299999999924,0.02469674,0.0016904393904925152
20459,-0.07121500000000003,-0.047568616,0.023646384474039106,3.3977000000000004,4.812174,1.4144738433837887,0.01576999999999984,2.2521906,2.2364205899047853,-0.0007619000000000931,0.014996125,0.015758025362813566
20460,-0.07721500000000003,-0.047568616,0.02964638447403911,2.8176999999999985,4.812174,1.9944738433837905,-0.38422999999999874,2.2521906,2.636420589904784,-0.03076190000000001,0.014996125,0.04575802536281348
20461,-0.039215,-0.047568616,-0.008353615525960922,3.457699999999999,4.812174,1.35447384338379,0.4757700000000007,2.2521906,1.7764205899047845,0.004238099999999911,0.014996125,0.010758025362813561
20462,-0.035214999999999996,-0.047568616,-0.012353615525960926,4.6777000000000015,4.812174,0.13447384338378754,1.0057699999999983,2.2521906,1.2464205899047869,0.03823810000000005,0.014996125,-0.02324197463718658
20464,-0.05321500000000001,-0.047568616,0.00564638447403909,5.447700000000001,4.812174,-0.635526156616212,3.4957700000000003,2.2521906,-1.243579410095215,0.01423809999999992,0.014996125,0.0007580253628135525
20466,-0.06721500000000002,-0.047568616,0.019646384474039102,4.517700000000001,4.812174,0.2944738433837877,2.2457700000000003,2.2521906,0.00642058990478489,-0.0007619000000000931,0.014996125,0.015758025362813566
20467,-0.07121500000000003,-0.047568616,0.023646384474039106,3.3977000000000004,4.812174,1.4144738433837887,1.4057700000000004,2.2521906,0.8464205899047847,-0.0007619000000000931,0.014996125,0.015758025362813566
20468,-0.07721500000000003,-0.047568616,0.02964638447403911,2.8176999999999985,4.812174,1.9944738433837905,0.11577000000000126,2.2521906,2.136420589904784,-0.03076190000000001,0.014996125,0.04575802536281348
20469,-0.039215,-0.047568616,-0.008353615525960922,3.457699999999999,4.812174,1.35447384338379,1.9657699999999991,2.2521906,0.286420589904786,0.004238099999999911,0.014996125,0.010758025362813561
20470,-0.035214999999999996,-0.047568616,-0.012353615525960926,4.6777000000000015,4.812174,0.13447384338378754,3.6557700000000004,2.2521906,-1.4035794100952153,0.03823810000000005,0.014996125,-0.02324197463718658
20471,-0.01821499999999987,-0.047568616,-0.029353615525961052,5.367699999999999,4.812174,-0.5555261566162102,5.17577,2.2521906,-2.923579410095215,0.07523809999999997,0.014996125,-0.0602419746371865
20473,-0.05321500000000001,-0.047568616,0.00564638447403909,4.357700000000001,4.812174,0.4544738433837878,1.3657700000000013,2.2521906,0.8864205899047839,0.05023809999999995,0.014996125,-0.03524197463718648
20474,-0.058214999999999906,-0.047568616,0.010646384474038983,4.457699999999999,4.812174,0.35447384338378995,2.135769999999999,2.2521906,0.1164205899047861,0.010238099999999917,0.014996125,0.004758025362813556
20475,-0.057215000000000016,-0.047568616,0.009646384474039094,4.9277000000000015,4.812174,-0.11552615661621246,1.7157699999999991,2.2521906,0.536420589904786,0.011238100000000029,0.014996125,0.003758025362813444
20477,-0.0542149999999999,-0.047568616,0.00664638447403898,4.747700000000002,4.812174,0.06447384338378725,1.1457699999999988,2.2521906,1.1064205899047863,-0.0007619000000000931,0.014996125,0.015758025362813566
20478,-0.057215000000000016,-0.047568616,0.009646384474039094,4.637699999999999,4.812174,0.17447384338379024,1.555769999999999,2.2521906,0.6964205899047862,0.01323810000000003,0.014996125,0.0017580253628134423
20479,-0.05321500000000001,-0.047568616,0.00564638447403909,4.7377,4.812174,0.07447384338378882,2.1957699999999996,2.2521906,0.0564205899047856,0.006238100000000024,0.014996125,0.008758025362813449
20480,-0.058214999999999906,-0.047568616,0.010646384474038983,4.9177,4.812174,-0.1055261566162109,1.6957699999999996,2.2521906,0.5564205899047856,-0.002761900000000095,0.014996125,0.017758025362813568
20481,-0.057215000000000016,-0.047568616,0.009646384474039094,4.6677,4.812174,0.1444738433837891,1.7957699999999992,2.2521906,0.45642058990478596,0.00023809999999990783,0.014996125,0.014758025362813565
20482,-0.05321500000000001,-0.047568616,0.00564638447403909,4.997700000000002,4.812174,-0.18552615661621275,2.41577,2.2521906,-0.16357941009521504,0.010238099999999917,0.014996125,0.004758025362813556
20483,-0.05121500000000001,-0.047568616,0.0036463844740390883,5.247700000000002,4.812174,-0.43552615661621275,2.26577,2.2521906,-0.013579410095214683,-0.0037618999999999847,0.014996125,0.018758025362813457
20485,-0.057215000000000016,-0.047568616,0.009646384474039094,5.1777000000000015,4.812174,-0.36552615661621246,1.8257700000000003,2.2521906,0.4264205899047848,0.0012381000000000197,0.014996125,0.013758025362813453
20506,-0.00828300000000004,0.019126426,0.027409426428556483,8.960720000000002,9.962344,1.0016241696166972,5.5389,7.459369,1.92046918258667,-0.0449948,0.021038769,0.06603356881301403
20507,0.07171700000000003,0.019126426,-0.05259057357144359,8.960720000000002,9.962344,1.0016241696166972,8.0389,7.459369,-0.57953081741333,0.04500519999999997,0.021038769,-0.023966431186985937
20508,0.0017169999999999686,0.019126426,0.017409426428556474,9.660720000000001,9.962344,0.3016241696166979,6.6389,7.459369,0.8204691825866703,-0.004994799999999966,0.021038769,0.026033568813013996
20511,-0.00828300000000004,0.019126426,0.027409426428556483,8.76072,9.962344,1.2016241696167,5.4389,7.459369,2.0204691825866696,-0.024994799999999984,0.021038769,0.046033568813014014
20512,-0.03828300000000007,0.019126426,0.05740942642855651,8.160720000000001,9.962344,1.801624169616698,4.738899999999999,7.459369,2.7204691825866707,-0.014994799999999975,0.021038769,0.036033568813014005
20513,-0.00828300000000004,0.019126426,0.027409426428556483,10.160720000000001,9.962344,-0.1983758303833021,7.1389,7.459369,0.32046918258667034,0.005005200000000043,0.021038769,0.016033568813013988
20514,-0.01828300000000005,0.019126426,0.03740942642855649,10.460720000000002,9.962344,-0.4983758303833028,6.738899999999999,7.459369,0.7204691825866707,-0.014994799999999975,0.021038769,0.036033568813014005
20515,-0.01828300000000005,0.019126426,0.03740942642855649,10.960720000000002,9.962344,-0.9983758303833028,7.338899999999999,7.459369,0.12046918258667105,-0.004994799999999966,0.021038769,0.026033568813013996
20516,-0.01828300000000005,0.019126426,0.03740942642855649,9.86072,9.962344,0.10162416961669862,6.6389,7.459369,0.8204691825866703,-0.004994799999999966,0.021038769,0.026033568813013996
20726,-0.09030999999999989,-0.034321774,0.055988226202726254,6.975769999999997,8.067365,1.0915946926879911,2.147680000000001,5.923806,3.7761261904907215,-0.05907969999999996,0.03753484,0.09661454040498729
20730,-0.09030999999999989,-0.034321774,0.055988226202726254,8.275769999999998,8.067365,-0.20840530731200957,3.1676800000000007,5.923806,2.756126190490722,-0.06207969999999985,0.03753484,0.09961454040498718
20787,0.07238699999999998,0.026230238,-0.046156761621952036,9.805680000000002,9.679463,-0.12621661346435786,8.70515,7.409651,-1.295499197387695,0.04145599999999994,0.038424212,-0.0030317875144481032
20797,0.16537299999999988,0.124025896,-0.041347103808402896,15.113229999999998,13.485043,-1.6281874279785136,16.23133,13.694186,-2.5371437893676756,0.1098519,0.108894505,-0.0009573953932762169
20828,0.06369200000000008,0.14216559,0.07847358635234825,8.862210000000001,10.514277,1.652067458190917,8.45159,10.6490755,2.1974855081176763,0.06840489999999999,0.11712372,0.04871882303009034
20830,0.100692,0.14216559,0.041473586352348324,9.362210000000001,10.514277,1.152067458190917,10.251589999999998,10.6490755,0.39748550811767736,0.12840490000000004,0.11712372,-0.011281176969909712
20831,0.3036920000000001,0.14216559,-0.16152641364765175,13.362210000000001,10.514277,-2.847932541809083,14.55159,10.6490755,-3.9025144918823234,0.16840489999999997,0.11712372,-0.051281176969909636
20850,0.045135999999999954,0.03620465,-0.008931349001884414,12.838170000000002,12.705076,-0.13309378234863445,14.01048,13.539572,-0.47090823791503844,0.1413118000000001,0.14141786,0.00010606098480214765
20870,-0.07888399999999995,-0.04885409,0.030029909726619675,4.708970000000001,6.9975576,2.288587640075683,0.7002500000000005,4.215512,3.515261798858642,-0.06649400000000005,0.01714403,0.08363802996003633
20873,-0.07888399999999995,-0.04885409,0.030029909726619675,5.288969999999999,6.9975576,1.7085876400756845,1.2902500000000003,4.215512,2.9252617988586422,-0.04849400000000004,0.01714403,0.06563802996003631
20874,-0.07788400000000006,-0.04885409,0.029029909726619785,5.67897,6.9975576,1.318587640075684,2.000250000000001,4.215512,2.2152617988586414,-0.032494000000000134,0.01714403,0.04963802996003641
20889,0.04969000000000012,0.0026305388,-0.0470594612272085,9.67577,9.898881,0.22311095855712892,7.987680000000001,6.80727,-1.1804099499511729,0.021920300000000004,0.0153380595,-0.006582240485239033
20890,-0.050309999999999855,0.0026305388,0.05294053877279148,8.555769999999999,9.898881,1.34311095855713,4.127680000000002,6.80727,2.6795900500488266,-0.058079699999999956,0.0153380595,0.07341775951476093
20891,-0.015309999999999935,0.0026305388,0.01794053877279156,8.10577,9.898881,1.7931109585571292,5.087680000000001,6.80727,1.7195900500488275,-0.022079699999999924,0.0153380595,0.037417759514760895
20910,0.021373000000000086,0.020288222,-0.0010847784619332224,5.603180000000002,6.935199,1.33201878387451,6.535700000000002,8.597829,2.0621288650512675,0.040985200000000055,0.11921426,0.07822905908803934
20911,0.05137300000000011,0.020288222,-0.03108477846193325,7.18318,6.935199,-0.2479812161254884,9.6857,8.597829,-1.0878711349487311,0.15098520000000004,0.11921426,-0.03177094091196064
20935,-0.006610000000000005,0.038031563,0.044641563162803655,4.164940000000001,8.123445,3.95850455718994,4.508869999999998,9.096811,4.587941294555666,0.06232340000000003,0.11247082,0.05014742054615018
21027,0.10821500000000006,0.030729039,-0.07748596135914332,7.068349999999999,8.200483,1.1321333221435559,8.137250000000002,6.826676,-1.310574108123781,0.07226410000000005,0.04536446,-0.026899638160800987
21029,0.012215000000000087,0.030729039,0.018514038640856656,7.038349999999998,8.200483,1.162133322143557,4.3472500000000025,6.826676,2.479425891876218,-0.03773589999999993,0.04536446,0.083100361839199
21060,-0.0176130000000001,0.05009475,0.06770774977850924,10.325680000000002,12.784404,2.4587238009643535,6.67515,9.53591,2.8607596527099606,-0.021544000000000008,0.039587803,0.06113180318498612
21157,-0.028512000000000093,0.09824142,0.1267534186000825,9.241820000000004,9.5005455,0.25872550170898023,5.296439999999999,9.101543,3.805103426513673,-0.04369219999999996,0.05250238,0.09619457882137294
21167,-0.08869900000000008,-0.016208723,0.07249027681255349,5.276620000000001,7.4191046,2.1424845761108386,2.726200000000002,6.451938,3.7257381523132302,0.016723800000000066,0.06286223,0.046138432327461176
21168,-0.06869900000000007,-0.016208723,0.05249027681255347,8.006620000000002,7.4191046,-0.5875154238891618,5.966200000000002,6.451938,0.48573815231323003,0.059723799999999994,0.06286223,0.003138432327461249
21191,0.0025340000000000362,0.025559,0.023025000670909845,7.186149999999998,9.78809,2.601939752197268,5.388349999999999,7.3828716,1.994521627807618,-0.06918380000000002,0.015547249,0.08473104853485824
21192,0.14238699999999993,0.02440367,-0.11798332919728749,11.40568,8.866164,-2.539515792541504,12.20515,7.1583056,-5.046844355010986,0.15145599999999992,0.038810614,-0.11264538550353043
21193,0.13238699999999992,0.02440367,-0.10798332919728748,10.605680000000003,8.866164,-1.739515792541507,10.50515,7.1583056,-3.3468443550109868,0.08145599999999997,0.038810614,-0.042645385503530475
21214,0.012386999999999926,0.02440367,0.012016670802712515,6.90568,8.866164,1.9604842074584958,5.95515,7.1583056,1.203155644989014,0.03145599999999993,0.038810614,0.007354614496469569
21316,-0.06251200000000012,0.010092176,0.07260417556566012,7.111820000000002,9.114159,2.002338630371092,2.8464399999999976,6.0510554,3.204615431365969,-0.05669219999999997,0.0060174474,0.06270964744926688
21319,-0.07951200000000003,0.010092176,0.08960417556566003,6.821820000000002,9.114159,2.2923386303710913,1.81644,6.0510554,4.234615431365967,-0.07869219999999999,0.0060174474,0.0847096474492669
21320,-0.07651200000000014,0.010092176,0.08660417556566014,6.261820000000004,9.114159,2.85233863037109,1.686440000000001,6.0510554,4.364615431365966,-0.06669219999999998,0.0060174474,0.07270964744926689
21321,-0.07251200000000013,0.010092176,0.08260417556566013,6.391820000000003,9.114159,2.722338630371091,1.7564399999999978,6.0510554,4.294615431365969,-0.07069219999999998,0.0060174474,0.0767096474492669
21322,-0.07651200000000014,0.010092176,0.08660417556566014,7.181820000000002,9.114159,1.9323386303710919,2.1264399999999988,6.0510554,3.924615431365968,-0.08069219999999999,0.0060174474,0.0867096474492669
21345,-0.031843000000000066,-0.056459334,-0.024616333747625285,1.7864700000000013,4.701492,2.915021832733153,2.054759999999998,4.4926777,2.4379176885986347,0.056093200000000065,0.073969096,0.01787589594535821
21347,-0.09184300000000012,-0.056459334,0.03538366625237477,6.886469999999999,4.701492,-2.184978167266845,5.48476,4.4926777,-0.9920823114013668,0.06809320000000008,0.073969096,0.0058758959453582005
21348,-0.0718430000000001,-0.056459334,0.01538366625237475,4.766470000000002,4.701492,-0.06497816726684746,4.21476,4.4926777,0.27791768859863275,0.07209320000000008,0.073969096,0.001875895945358197
21349,-0.041843000000000075,-0.056459334,-0.014616333747625276,2.676470000000002,4.701492,2.0250218327331524,2.6547599999999996,4.4926777,1.8379176885986332,0.05409319999999995,0.073969096,0.019875895945358324
21351,-0.08184300000000011,-0.056459334,0.02538366625237476,6.996470000000002,4.701492,-2.294978167266848,5.5747599999999995,4.4926777,-1.0820823114013667,0.05909319999999996,0.073969096,0.01487589594535832
21396,0.22109299999999998,0.16357552,-0.05751748484897612,18.196640000000002,11.817467,-6.379173264160158,16.14937,11.222138,-4.92723159515381,0.1900231,0.135922,-0.05410110018787384
21397,0.217395,0.12637386,-0.09102114274024964,13.36081,9.450704,-3.910106379089356,15.50918,11.4928875,-4.0162925030517584,0.2641566,0.13988984,-0.12426676368865969
21399,0.2106800000000001,0.20499745,-0.005682549886703581,8.716399999999997,6.8128157,-1.9035843338012661,13.025250000000002,9.741233,-3.284017127990724,0.2683918,0.21557637,-0.052815434409904494
21400,0.21094499999999994,0.22096495,0.010019953303337159,4.971860000000003,8.094602,3.1227416311645477,9.39506,10.941518,1.5464578298950187,0.2319057,0.19232675,-0.03957894566841125
21401,0.32094500000000004,0.22096495,-0.09998004669666294,9.451860000000002,8.094602,-1.357258368835451,13.055060000000001,10.941518,-2.1135421701049815,0.2919057,0.19232675,-0.09957894566841125
21521,0.05140100000000003,0.07892471,0.02752370806837079,12.44652,9.257142,-3.189377933044433,9.666570000000002,7.0683727,-2.598197273559572,0.05663830000000003,0.016961293,-0.039677006704974205
21524,0.04061500000000007,0.026430544,-0.014184456487894126,10.528690000000001,8.911291,-1.6173988775634776,7.86889,7.0019865,-0.8669034963989262,0.05409549999999996,0.019383894,-0.03471160572040077
21525,-0.019930000000000003,0.032841112,0.05277111246466637,5.722109999999997,7.5916924,1.8695824476623564,3.2874300000000005,5.2780676,1.9906375888061518,-0.029368599999999967,0.012324093,0.041692692909693685
21526,0.060975,0.034925435,-0.026049565261602403,7.18599,8.059137,0.8731473443603512,5.810269999999999,6.1473646,0.3370946163940438,0.024944900000000048,0.012324093,-0.01262080709030633
21541,-0.03588900000000006,-0.028614968,0.007274031938552916,10.36213,9.962106,-0.40002424896240285,9.77854,8.87141,-0.9071296301269527,0.09059139999999999,0.0724824,-0.01810900035753249
21542,-0.05588900000000008,-0.028614968,0.027274031938552934,9.68213,9.962106,0.27997575103759686,8.70854,8.87141,0.1628703698730476,0.08059139999999998,0.0724824,-0.008109000357532481
21543,-0.05588900000000008,-0.028614968,0.027274031938552934,8.79213,9.962106,1.1699757510375974,7.498539999999998,8.87141,1.3728703698730484,0.05059139999999995,0.0724824,0.021890999642467546
21544,-0.03588900000000006,-0.028614968,0.007274031938552916,10.11213,9.962106,-0.15002424896240285,9.54854,8.87141,-0.6771296301269523,0.08059139999999998,0.0724824,-0.008109000357532481
21545,-0.06588900000000009,-0.028614968,0.03727403193855294,9.302130000000002,9.962106,0.6599757510375959,7.48854,8.87141,1.3828703698730465,0.040591399999999944,0.0724824,0.031890999642467555
21546,-0.02588900000000005,-0.028614968,-0.0027259680614470927,9.942130000000002,9.962106,0.019975751037595302,9.38854,8.87141,-0.5171296301269539,0.07059139999999997,0.0724824,0.001890999642467528
21567,0.19313999999999998,0.10847851,-0.08466149111032484,16.58115,14.441778,-2.1393718170166025,13.638750000000002,11.627513,-2.0112370681762712,0.03882269999999999,0.06535071,0.02652801134567262
21568,0.043139999999999956,0.10847851,0.06533850888967518,11.931149999999999,14.441778,2.5106281829833996,9.078750000000001,11.627513,2.5487629318237293,0.01882269999999997,0.06535071,0.04652801134567264
21570,0.17313999999999996,0.10847851,-0.06466149111032482,15.841149999999999,14.441778,-1.3993718170166005,14.028750000000002,11.627513,-2.401237068176272,0.11882269999999995,0.06535071,-0.05347198865432734
21571,0.26313999999999993,0.10847851,-0.1546614911103248,18.531149999999997,14.441778,-4.089371817016598,16.76875,11.627513,-5.14123706817627,0.21882269999999998,0.06535071,-0.15347198865432737
21572,0.17313999999999996,0.10847851,-0.06466149111032482,17.19115,14.441778,-2.749371817016602,14.888750000000002,11.627513,-3.2612370681762712,0.11882269999999995,0.06535071,-0.05347198865432734
21573,0.07313999999999998,0.10847851,0.03533850888967516,11.32115,14.441778,3.120628182983399,9.59875,11.627513,2.0287629318237297,0.0488227,0.06535071,0.01652801134567261
21574,0.0031399999999999206,0.10847851,0.10533850888967522,9.96115,14.441778,4.4806281829833985,5.298750000000002,11.627513,6.328762931823729,-0.0711773,0.06535071,0.1365280113456726
21575,0.18313999999999997,0.10847851,-0.07466149111032483,16.37115,14.441778,-1.9293718170166017,14.598750000000003,11.627513,-2.971237068176272,0.13882269999999997,0.06535071,-0.07347198865432736
21576,0.26313999999999993,0.10847851,-0.1546614911103248,20.531149999999997,14.441778,-6.089371817016598,17.558750000000003,11.627513,-5.931237068176273,0.2288227,0.06535071,-0.16347198865432738
21579,-0.04211930000000008,0.05274979,0.09486909025125512,1.4563799999999993,6.7691207,5.312740693206788,1.4218700000000002,6.180997,4.759126894836426,0.04652119999999993,0.119719155,0.07319795513277061
21581,0.07788069999999991,0.05274979,-0.02513090974874488,6.356379999999998,6.7691207,0.4127406932067892,7.85187,6.180997,-1.6708731051635741,0.16652119999999992,0.119719155,-0.046802044867229387
21582,0.13788069999999997,0.05274979,-0.08513090974874493,7.686379999999998,6.7691207,-0.9172593067932109,9.371870000000001,6.180997,-3.1908731051635755,0.19652119999999995,0.119719155,-0.07680204486722941
21640,0.205488,0.06953849,-0.13594951101589203,14.441820000000003,12.506155,-1.9356649859619175,14.91644,11.46099,-3.4554500479125974,0.24630780000000002,0.11722953,-0.12907827127485277
21642,0.025487999999999955,0.06953849,0.044050488984108016,13.741820000000002,12.506155,-1.2356649859619164,11.716439999999999,11.46099,-0.2554500479125963,0.11630780000000007,0.11722953,0.0009217287251471751
21643,-0.007511999999999963,0.06953849,0.07705048898410793,14.641820000000003,12.506155,-2.135664985961917,11.216439999999999,11.46099,0.2445499520874037,0.06630780000000003,0.11722953,0.05092172872514722
21644,-0.010512000000000077,0.06953849,0.08005048898410805,15.541820000000003,12.506155,-3.035664985961917,11.01644,11.46099,0.444549952087403,0.0063078000000000856,0.11722953,0.11092172872514716
21645,0.06348799999999999,0.06953849,0.006050488984107982,17.04182,12.506155,-4.535664985961915,15.31644,11.46099,-3.8554500479125977,0.25630780000000003,0.11722953,-0.13907827127485278
21646,0.18948799999999988,0.06953849,-0.11994951101589191,14.641820000000003,12.506155,-2.135664985961917,15.01644,11.46099,-3.555450047912597,0.24630780000000002,0.11722953,-0.12907827127485277
21647,0.210488,0.06953849,-0.14094951101589204,17.441820000000003,12.506155,-4.9356649859619175,16.51644,11.46099,-5.055450047912597,0.2963078,0.11722953,-0.17907827127485276
21725,0.1522150000000001,0.019412635,-0.13280236510574828,17.07835,9.440669,-7.637680940246582,13.837250000000001,6.677237,-7.160012966156007,0.052264100000000036,0.005370654,-0.046893445834255254
21726,0.11221500000000006,0.019412635,-0.09280236510574824,16.278349999999996,9.440669,-6.837680940246578,13.527250000000002,6.677237,-6.850012966156008,0.09226410000000007,0.005370654,-0.08689344583425529
21727,0.23221500000000006,0.019412635,-0.21280236510574824,15.368349999999998,9.440669,-5.92768094024658,13.617250000000002,6.677237,-6.940012966156008,0.052264100000000036,0.005370654,-0.046893445834255254
21728,0.08221500000000015,0.019412635,-0.06280236510574833,10.52835,9.440669,-1.0876809402465817,9.587250000000001,6.677237,-2.910012966156007,0.062264100000000044,0.005370654,-0.05689344583425526
21729,0.012215000000000087,0.019412635,0.0071976348942517365,9.518349999999998,9.440669,-0.07768094024658012,6.267250000000001,6.677237,0.4099870338439935,-0.03773589999999993,0.005370654,0.043106554165744715
21730,0.032215000000000105,0.019412635,-0.012802365105748281,8.68835,9.440669,0.7523190597534182,6.2272500000000015,6.677237,0.44998703384399263,-0.017735899999999916,0.005370654,0.023106554165744697
21731,0.012215000000000087,0.019412635,0.0071976348942517365,8.588349999999998,9.440669,0.8523190597534196,6.007250000000001,6.677237,0.6699870338439933,-0.007735899999999907,0.005370654,0.013106554165744688
21732,-0.007784999999999931,0.019412635,0.027197634894251754,8.668349999999997,9.440669,0.7723190597534213,5.557250000000002,6.677237,1.1199870338439926,-0.027735899999999925,0.005370654,0.033106554165744706
21735,0.21221500000000004,0.019412635,-0.19280236510574822,19.81835,9.440669,-10.37768094024658,15.21725,6.677237,-8.540012966156006,-0.017735899999999916,0.005370654,0.023106554165744697
21736,0.21221500000000004,0.019412635,-0.19280236510574822,19.74835,9.440669,-10.30768094024658,14.547250000000002,6.677237,-7.870012966156008,-0.09773589999999999,0.005370654,0.10310655416574477
21737,0.08221500000000015,0.019412635,-0.06280236510574833,17.448349999999998,9.440669,-8.00768094024658,12.69725,6.677237,-6.020012966156006,-0.027735899999999925,0.005370654,0.033106554165744706
21738,0.042215000000000114,0.019412635,-0.02280236510574829,15.108349999999998,9.440669,-5.66768094024658,10.747250000000001,6.677237,-4.070012966156007,-0.027735899999999925,0.005370654,0.033106554165744706
21739,0.032215000000000105,0.019412635,-0.012802365105748281,11.908349999999999,9.440669,-2.4676809402465807,8.047250000000002,6.677237,-1.3700129661560076,-0.04773589999999994,0.005370654,0.053106554165744724
21779,-0.07001000000000013,0.03708567,0.10709567097783101,7.657590000000003,9.906333,2.248742969665525,4.98508,7.325471,2.3403909243774415,0.023483599999999938,0.030282779,0.006799178665423455
21816,0.1430530000000001,0.10282405,-0.04022895279216776,8.984370000000002,10.286939,1.3025686672973613,10.41232,10.659484,0.24716390960693424,0.026765299999999992,0.044799563,0.018034262543630608
22052,0.06238699999999997,0.03427496,-0.028112038200616807,9.935680000000001,9.537386,-0.3982940594482436,8.33515,7.794982,-0.5401680435180669,0.026455999999999924,0.047672786,0.02121678581857689
22053,-0.0176130000000001,0.03427496,0.051887961799383264,7.635680000000001,9.537386,1.9017059405517571,4.895150000000001,7.794982,2.8998319564819326,-0.010544000000000109,0.047672786,0.05821678581857692
22070,-0.057784999999999975,0.018376304,0.07616130383670328,4.458349999999999,8.730194,4.271844091796876,0.5772500000000029,6.4650593,5.887809280395505,-0.06773589999999996,0.018719718,0.08645561786022182
22071,-0.02778499999999995,0.018376304,0.04616130383670325,4.708349999999999,8.730194,4.021844091796876,1.9072500000000012,6.4650593,4.557809280395507,-0.03773589999999993,0.018719718,0.056455617860221796
22072,-0.02778499999999995,0.018376304,0.04616130383670325,5.448349999999998,8.730194,3.281844091796877,2.957250000000002,6.4650593,3.507809280395506,-0.017735899999999916,0.018719718,0.03645561786022178
22073,-0.02778499999999995,0.018376304,0.04616130383670325,5.6283499999999975,8.730194,3.1018440917968775,2.7672500000000007,6.4650593,3.697809280395507,-0.027735899999999925,0.018719718,0.04645561786022179
22074,-0.057784999999999975,0.018376304,0.07616130383670328,4.548349999999999,8.730194,4.181844091796876,0.7872500000000002,6.4650593,5.677809280395508,-0.05773589999999995,0.018719718,0.07645561786022181
22111,0.1093869999999999,0.044070117,-0.06531688282442083,11.185680000000001,9.108789,-2.076890556030275,9.20515,7.490416,-1.7147339500427243,0.0014560000000000128,0.018605176,0.01714917635941504
22112,0.09738699999999989,0.044070117,-0.05331688282442082,9.965680000000003,9.108789,-0.856890556030276,7.575150000000001,7.490416,-0.08473395004272533,-0.03854400000000002,0.018605176,0.05714917635941508
22113,0.1123869999999999,0.044070117,-0.06831688282442083,11.705680000000001,9.108789,-2.5968905560302744,9.07515,7.490416,-1.5847339500427253,-0.03854400000000002,0.018605176,0.05714917635941508
22114,0.11938699999999991,0.044070117,-0.07531688282442084,11.805680000000002,9.108789,-2.696890556030276,9.395150000000001,7.490416,-1.9047339500427256,-0.028544000000000014,0.018605176,0.04714917635941507
22115,0.13238699999999992,0.044070117,-0.08831688282442085,12.435680000000001,9.108789,-3.326890556030275,10.33515,7.490416,-2.844733950042725,0.0014560000000000128,0.018605176,0.01714917635941504
22116,0.025386999999999937,0.044070117,0.018683117175579134,8.435680000000001,9.108789,0.6731094439697252,6.18515,7.490416,1.3052660499572752,-0.008543999999999996,0.018605176,0.02714917635941505
22118,0.09938699999999989,0.044070117,-0.05531688282442082,10.185680000000001,9.108789,-1.0768905560302748,8.17515,7.490416,-0.684733950042725,-0.018544000000000005,0.018605176,0.03714917635941506
22120,0.025386999999999937,0.044070117,0.018683117175579134,8.435680000000001,9.108789,0.6731094439697252,6.18515,7.490416,1.3052660499572752,-0.008543999999999996,0.018605176,0.02714917635941505
22121,0.023386999999999936,0.044070117,0.020683117175579135,9.075680000000002,9.108789,0.033109443969724595,6.665150000000001,7.490416,0.8252660499572748,-0.008543999999999996,0.018605176,0.02714917635941505
22122,0.2423869999999999,0.044070117,-0.19831688282442084,10.90568,9.108789,-1.7968905560302737,7.825150000000001,7.490416,-0.3347339500427253,-0.028544000000000014,0.018605176,0.04714917635941507
22181,0.07321500000000014,0.018376304,-0.05483869616329684,10.248349999999999,8.730194,-1.5181559082031235,8.467250000000002,6.4650593,-2.002190719604494,0.02226410000000001,0.018719718,-0.003544382139778146
22182,0.008215000000000083,0.018376304,0.010161303836703217,8.61835,8.730194,0.11184409179687549,4.647250000000001,6.4650593,1.8178092803955064,-0.07773589999999997,0.018719718,0.09645561786022183
22183,0.018215000000000092,0.018376304,0.00016130383670320825,8.198349999999998,8.730194,0.5318440917968772,5.2272500000000015,6.4650593,1.2378092803955063,-0.03773589999999993,0.018719718,0.056455617860221796
22184,0.033215000000000106,0.018376304,-0.014838696163296805,10.690349999999999,8.730194,-1.9601559082031237,7.927250000000001,6.4650593,-1.462190719604493,0.002264100000000102,0.018719718,0.01645561786022176
22185,0.0282150000000001,0.018376304,-0.0098386961632968,9.056349999999998,8.730194,-0.32615590820312335,5.517250000000001,6.4650593,0.9478092803955072,-0.05773589999999995,0.018719718,0.07645561786022181
22186,0.033215000000000106,0.018376304,-0.014838696163296805,7.241349999999997,8.730194,1.488844091796878,6.02725,6.4650593,0.43780928039550737,0.02226410000000001,0.018719718,-0.003544382139778146
22187,0.06221500000000013,0.018376304,-0.04383869616329683,8.978349999999999,8.730194,-0.24815590820312394,8.18725,6.4650593,-1.7221907196044928,0.062264100000000044,0.018719718,-0.04354438213977818
22188,0.022215000000000096,0.018376304,-0.0038386961632967953,7.768349999999998,8.730194,0.9618440917968769,5.157250000000001,6.4650593,1.3078092803955066,-0.017735899999999916,0.018719718,0.03645561786022178
22189,0.022215000000000096,0.018376304,-0.0038386961632967953,7.488349999999997,8.730194,1.241844091796878,5.187250000000001,6.4650593,1.2778092803955072,-0.007735899999999907,0.018719718,0.02645561786022177
22192,0.022213999999999956,0.019584633,-0.0026293665900229968,13.186860000000003,13.736781,0.5499211203002901,10.55787,11.528267,0.9703969067382818,0.05469860000000004,0.02353967,-0.031158930188274425
22193,0.05221399999999998,0.019584633,-0.03262936659002302,18.686860000000003,13.736781,-4.95007887969971,13.25787,11.528267,-1.7296030932617192,0.014698600000000006,0.02353967,0.00884106981172561
22331,0.025202000000000058,0.0069289217,-0.018273078322827874,7.936509999999998,9.478492,1.5419817831420914,10.0364,11.154224,1.1178243957519527,0.14513739999999997,0.1603726,0.015235199959373502
22332,0.025202000000000058,0.0069289217,-0.018273078322827874,7.936509999999998,9.478492,1.5419817831420914,10.0364,11.154224,1.1178243957519527,0.14513739999999997,0.1603726,0.015235199959373502
22333,0.025202000000000058,0.0069289217,-0.018273078322827874,7.936509999999998,9.478492,1.5419817831420914,10.0364,11.154224,1.1178243957519527,0.14513739999999997,0.1603726,0.015235199959373502
22418,0.06238699999999997,0.026230238,-0.03615676162195203,7.40568,9.679463,2.2737833865356443,5.905150000000001,7.409651,1.504500802612304,-0.008543999999999996,0.038424212,0.04696821248555183
22487,-0.04631699999999994,-0.031669818,0.014647182135105075,5.958660000000002,7.2254744,1.2668143576049786,9.058400000000002,8.425846,-0.6325539001464868,0.23238349999999997,0.13766636,-0.09471714045619961
22489,-0.08631699999999998,-0.031669818,0.05464718213510511,6.758659999999999,7.2254744,0.46681435760498147,9.658400000000002,8.425846,-1.2325539001464865,0.2523835,0.13766636,-0.11471714045619963
22491,-0.016316999999999915,-0.031669818,-0.015352817864894952,7.85866,7.2254744,-0.63318564239502,10.258400000000002,8.425846,-1.8325539001464861,0.21238350000000006,0.13766636,-0.0747171404561997
22502,0.11451500000000003,0.007240811,-0.10727418910279873,10.678439999999998,8.920936,-1.7575043692016585,14.24813,8.074738,-6.173392451171875,0.314724,0.10269994,-0.21202405711317063
22505,-0.07548500000000002,0.007240811,0.08272581089720132,6.228439999999999,8.920936,2.6924956307983408,3.4881300000000017,8.074738,4.586607548828123,-0.015275999999999956,0.10269994,0.11797594288682933
22633,-0.09498000000000006,-0.05855174,0.03642826009869582,6.551690000000001,8.166143,1.6144534173583978,1.5366199999999992,4.517848,2.9812280148315438,-0.06808219999999998,0.019185672,0.08726787158281801
22634,-0.10098000000000007,-0.05855174,0.042428260098695825,7.101690000000001,8.166143,1.064453417358397,2.6866200000000013,4.517848,1.8312280148315416,-0.03608219999999995,0.019185672,0.055267871582817985
22636,-0.07098000000000004,-0.05855174,0.012428260098695798,8.221690000000002,8.166143,-0.05554658264160395,6.39662,4.517848,-1.8787719851684574,0.06991780000000003,0.019185672,-0.050732128417182
22679,0.06407600000000002,0.044529904,-0.019546096319913886,6.877839999999999,7.8917923,1.0139522973632822,12.735679999999999,9.595648,-3.14003218811035,0.07218659999999999,0.08909199,0.016905386417770396
22680,-0.00592400000000004,0.044529904,0.050453903680086176,6.277839999999998,7.8917923,1.6139522973632836,6.93568,9.595648,2.659967811889649,0.07218659999999999,0.08909199,0.016905386417770396
22681,-0.03592400000000007,0.044529904,0.0804539036800862,3.477839999999997,7.8917923,4.413952297363284,5.535679999999999,9.595648,4.059967811889649,0.032186600000000065,0.08909199,0.05690538641777032
23025,0.21315899999999988,0.12743469,-0.0857243141736983,12.027910000000002,12.990661,0.9627506674194315,18.850099999999998,17.668428,-1.1816715789794898,0.44534360000000006,0.35831386,-0.08702974149093634
23026,0.19315899999999997,0.12743469,-0.0657243141736984,12.907910000000005,12.990661,0.08275066741942894,18.8701,17.668428,-1.201671578979493,0.42534360000000004,0.35831386,-0.06702974149093632
23058,-0.02761300000000011,0.02440367,0.05201667080271255,7.915680000000002,8.866164,0.9504842074584943,4.405149999999999,7.1583056,2.7531556449890147,-0.04854400000000003,0.038810614,0.08735461449646953
23104,-0.05910499999999996,-0.015186208,0.04391879169970747,3.57723,4.6718726,1.0946426158142089,3.5110600000000005,4.6082296,1.0971696371459956,0.07304710000000003,0.08864996,0.015602858372116057
23105,-0.05910499999999996,-0.015186208,0.04391879169970747,4.027229999999999,4.6718726,0.6446426158142096,2.87106,4.6082296,1.7371696371459961,0.033047099999999996,0.08864996,0.05560285837211609
23106,-0.05910499999999996,-0.015186208,0.04391879169970747,4.027229999999999,4.6718726,0.6446426158142096,2.87106,4.6082296,1.7371696371459961,0.033047099999999996,0.08864996,0.05560285837211609
23107,-0.019104999999999928,-0.015186208,0.003918791699707436,3.3372300000000017,4.6718726,1.3346426158142073,3.7510600000000025,4.6082296,0.8571696371459936,0.06304710000000002,0.08864996,0.025602858372116066
23108,-0.019104999999999928,-0.015186208,0.003918791699707436,3.3372300000000017,4.6718726,1.3346426158142073,3.7510600000000025,4.6082296,0.8571696371459936,0.06304710000000002,0.08864996,0.025602858372116066
23109,-0.019104999999999928,-0.015186208,0.003918791699707436,3.497230000000002,4.6718726,1.1746426158142071,4.831060000000001,4.6082296,-0.2228303628540047,0.10304709999999995,0.08864996,-0.014397141627883858
23139,0.1023869999999999,0.026924904,-0.07546209556412686,8.485680000000002,8.908174,0.4224935610961893,8.59515,7.2054777,-1.389672285461426,0.061455999999999955,0.036074836,-0.025381164192914918
23302,-0.09956500000000013,0.08629266,0.1858576617264749,7.203769999999999,11.778192,4.5744215664672865,4.556880000000001,10.603928,6.047047612304686,0.051134800000000036,0.108487666,0.057352865653228724
23303,0.014434999999999976,0.08629266,0.07185766172647479,9.373769999999999,11.778192,2.4044215664672866,8.486880000000001,10.603928,2.1170476123046864,0.12113479999999999,0.108487666,-0.012647134346771227
23304,0.23743499999999995,0.08629266,-0.1511423382735252,11.42377,11.778192,0.35442156646728584,11.326880000000001,10.603928,-0.7229523876953134,0.10213479999999997,0.108487666,0.00635286565322879
23305,0.26143499999999986,0.08629266,-0.1751423382735251,13.00377,11.778192,-1.2255784335327142,13.37688,10.603928,-2.7729523876953124,0.21513479999999996,0.108487666,-0.1066471343467712
23307,0.1347520000000001,0.10148823,-0.03326376738739023,23.536230000000003,15.391601,-8.14462939117432,20.24323,11.799115,-8.444114819030762,0.20431639999999995,0.18005238,-0.024264015265846206
23338,0.05221500000000012,0.030729039,-0.02148596135914338,7.138349999999999,8.200483,1.0621333221435556,6.1072500000000005,6.826676,0.7194258918762202,0.0122641,0.04536446,0.033100361839199066
23340,0.25337699999999996,0.22578937,-0.027587631847381555,7.034000000000001,6.853204,-0.18079622650146554,9.8681,9.594341,-0.2737587219238282,0.2667578,0.26321432,-0.0035434800556182755
23341,0.1883769999999999,0.22578937,0.0374123681526185,4.033999999999999,6.853204,2.8192037734985362,7.568099999999999,9.594341,2.0262412780761725,0.17675779999999996,0.26321432,0.08645651994438175
23342,0.19437700000000002,0.22578937,0.031412368152618386,3.1340000000000003,6.853204,3.719203773498535,6.9681,9.594341,2.626241278076172,0.16375779999999995,0.26321432,0.09945651994438176
23343,0.24037699999999995,0.22578937,-0.014587631847381544,2.8339999999999996,6.853204,4.0192037734985355,7.6681,9.594341,1.926241278076172,0.19875779999999998,0.26321432,0.06445651994438173
23355,0.405377,0.22578937,-0.17958763184738158,13.334,6.853204,-6.4807962265014645,13.168099999999999,9.594341,-3.573758721923827,0.3437578,0.26321432,-0.08054348005561829
23356,0.12537699999999996,0.22578937,0.10041236815261845,7.934000000000001,6.853204,-1.080796226501466,10.9681,9.594341,-1.3737587219238279,0.3387578,0.26321432,-0.07554348005561828
23357,0.1853769999999999,0.22578937,0.040412368152618505,5.634,6.853204,1.2192037734985348,10.0681,9.594341,-0.4737587219238275,0.3087578,0.26321432,-0.04554348005561831
23359,0.285377,0.22578937,-0.059587631847381584,10.134,6.853204,-3.280796226501465,11.9681,9.594341,-2.373758721923828,0.3387578,0.26321432,-0.07554348005561828
23526,0.12715700000000008,0.094502196,-0.03265480428409584,7.41647,6.957263,-0.4592070071411136,10.21476,8.651913,-1.5628473107910157,0.16309320000000005,0.14107983,-0.022013371856880237
23646,0.2995052,0.19769932,-0.10180587670345309,9.35202,9.161967,-0.1900527224731441,8.989729999999998,8.743174,-0.24655640075683394,0.06508250000000004,0.087694,0.02261149672746654
23647,0.2895052,0.19769932,-0.09180587670345308,8.90202,9.161967,0.2599472775268552,8.369729999999999,8.743174,0.3734435992431653,0.055082500000000034,0.087694,0.03261149672746655
23679,0.054643,0.041155692,-0.013487307810068128,4.84188,5.478846,0.636966073150635,10.898890000000002,8.644606,-2.254284363403322,0.2975966,0.15079737,-0.14679923290405272
23680,0.0025079999999999547,0.013060759,0.010552758821666286,4.282170000000004,5.0473113,0.7651413059997516,4.037049999999999,5.123354,1.086303958129884,0.005777199999999927,0.042008676,0.036231475634861066
23681,0.035414999999999974,0.062391978,0.026976977757215526,5.395870000000002,4.9293556,-0.46651437866211154,2.4469600000000007,3.1417892,0.6948291979217522,-0.045522300000000016,-0.02615299,0.01936930924158098
23682,0.03423899999999991,0.062391978,0.02815297775721559,2.141490000000001,4.9293556,2.7878656213378896,-0.847900000000001,3.1417892,3.989689197921754,-0.09972800000000004,-0.02615299,0.073575009241581
23685,0.11048000000000002,0.112199046,0.0017190457177161944,13.32834,13.2938595,-0.034480518188477305,5.893020000000002,6.3433523,0.4503323178100569,-0.06188970000000005,-0.053781115,0.008108585481357622
24010,-0.10612900000000014,-0.026855122,0.0792738777019979,5.761879999999998,6.9610496,1.1991695567321798,0.8259000000000007,3.6239214,2.798021394348144,-0.07200939999999989,-0.013787339,0.05822206055852164
24011,-0.08095200000000013,-0.017905392,0.06304660824728026,9.71708,8.756328,-0.9607523709106438,5.0513200000000005,5.6836224,0.6323023602294917,-0.027748099999999942,0.014631188,0.042379287543272914
24012,-0.08095200000000013,-0.017905392,0.06304660824728026,9.22708,8.756328,-0.47075237091064537,3.9613200000000006,5.6836224,1.7223023602294916,-0.05574809999999997,0.014631188,0.07037928754327294
24013,-0.06095200000000012,-0.017905392,0.04304660824728024,9.05708,8.756328,-0.30075237091064366,4.441320000000001,5.6836224,1.2423023602294911,-0.04474809999999996,0.014631188,0.05937928754327293
24126,0.07238699999999998,0.02440367,-0.04798332919728754,8.38568,8.866164,0.4804842074584954,7.70515,7.1583056,-0.546844355010986,0.04145599999999994,0.038810614,-0.0026453855035304397
24127,0.022386999999999935,0.02440367,0.0020166708027125058,7.4756800000000005,8.866164,1.3904842074584955,8.40515,7.1583056,-1.2468443550109871,0.1314559999999999,0.038810614,-0.09264538550353041
24128,0.0063869999999999205,0.02440367,0.01801667080271252,6.665680000000002,8.866164,2.2004842074584943,6.60515,7.1583056,0.5531556449890136,0.08145599999999997,0.038810614,-0.042645385503530475
24129,0.002386999999999917,0.02440367,0.022016670802712524,6.265680000000003,8.866164,2.600484207458493,5.50515,7.1583056,1.6531556449890132,0.04145599999999994,0.038810614,-0.0026453855035304397
24209,-0.07623600000000019,-0.0057879128,0.07044808724379559,11.673869999999997,10.194588,-1.479282292480466,8.162320000000001,10.407975,2.2456551968383778,0.03040010000000004,0.10113972,0.07073961680402752
24285,0.05906000000000011,0.085624315,0.026564314844608194,8.22617,9.804551,1.5783811245727541,10.707510000000001,12.008581,1.3010711614990225,0.13264829999999994,0.19780122,0.06515291743679053
24368,0.03420500000000004,0.042359766,0.008154765619039495,1.1225800000000028,5.4679456,4.3453655757141085,3.5851100000000002,6.3109784,2.7258684126281736,0.11778159999999993,0.13039617,0.012614572404289315
24369,0.021560000000000024,-0.011493931,-0.033053930593132996,9.41901,10.43256,1.0135499670410155,6.7472400000000015,6.9591093,0.21186930633544776,-0.011720999999999981,-0.01790125,-0.006180249229908008
24370,-0.06844000000000006,-0.011493931,0.056946069406867084,10.609010000000001,10.43256,-0.17645003295898576,8.86724,6.9591093,-1.9081306936645515,0.06827899999999998,-0.01790125,-0.08618024922990797
24371,-0.06844000000000006,-0.011493931,0.056946069406867084,10.609010000000001,10.43256,-0.17645003295898576,5.417240000000001,6.9591093,1.5418693063354478,-0.04172100000000001,-0.01790125,0.02381975077009202
24372,-0.09844000000000008,-0.011493931,0.08694606940686711,8.70901,10.43256,1.7235499670410164,3.517240000000001,6.9591093,3.441869306335448,-0.061721000000000026,-0.01790125,0.043819750770092036
24388,0.2219899999999999,0.03708567,-0.18490432902216902,13.32159,9.906333,-3.415257030334473,13.585080000000001,7.325471,-6.25960907562256,0.14348359999999993,0.030282779,-0.11320082133457654
24389,0.15112800000000004,0.12312832,-0.027999682703495066,11.10161,10.414136,-0.6874740670776376,13.13899,11.764943,-1.3740468771362302,0.15830339999999998,0.12730628,-0.030997117479705794
24390,0.13112800000000002,0.12312832,-0.007999682703495048,8.30161,10.414136,2.112525932922363,11.03899,11.764943,0.7259531228637695,0.12830339999999996,0.12730628,-0.000997117479705767
24391,0.24346899999999994,0.18463778,-0.05883121504211419,12.975609999999996,14.162882,1.187271851196293,8.44803,7.985189,-0.46284103897094653,-0.03491660000000002,-0.03302931,0.0018872895947456558
24465,-0.05436799999999997,0.042729773,0.09709777262735364,8.184450000000002,9.804082,1.6196319168090803,10.25235,11.641089,1.38873943939209,0.19939050000000003,0.19238469,-0.007005809953689601
24582,-0.057613000000000136,0.026230238,0.08384323837804808,7.33568,9.679463,2.3437833865356446,3.3851499999999994,7.409651,4.024500802612305,-0.040544000000000024,0.038424212,0.07896821248555186
24588,-0.057613000000000136,0.026230238,0.08384323837804808,7.33568,9.679463,2.3437833865356446,3.3851499999999994,7.409651,4.024500802612305,-0.040544000000000024,0.038424212,0.07896821248555186
24704,-0.0176130000000001,0.0023983275,0.020011327458649975,6.605680000000003,8.3665905,1.7609104998779266,3.405149999999999,4.5796385,1.1744884811401377,-0.03854400000000002,-0.009215192,0.029328808062016987
24705,-0.02761300000000011,0.0023983275,0.030011327458649983,7.205680000000001,8.3665905,1.1609104998779287,3.2051499999999997,4.5796385,1.374488481140137,-0.06854400000000005,-0.009215192,0.05932880806201701
24706,-0.04761300000000013,0.0023983275,0.05001132745865,7.605680000000003,8.3665905,0.7609104998779266,2.905149999999999,4.5796385,1.6744884811401377,-0.07854400000000006,-0.009215192,0.06932880806201702
24707,-0.03761300000000012,0.0023983275,0.04001132745864999,7.505680000000002,8.3665905,0.860910499877928,4.305150000000001,4.5796385,0.2744884811401356,-0.018544000000000005,-0.009215192,0.009328808062016969
24709,-0.04761300000000013,0.0023983275,0.05001132745865,6.205680000000001,8.3665905,2.1609104998779287,2.805150000000001,4.5796385,1.7744884811401356,-0.028544000000000014,-0.009215192,0.019328808062016978
24710,-0.057613000000000136,0.0023983275,0.06001132745865001,6.105680000000003,8.3665905,2.2609104998779266,2.605150000000002,4.5796385,1.9744884811401349,-0.03854400000000002,-0.009215192,0.029328808062016987
24713,-0.02761300000000011,0.0023983275,0.030011327458649983,6.505680000000002,8.3665905,1.860910499877928,2.805150000000001,4.5796385,1.7744884811401356,-0.05854400000000004,-0.009215192,0.049328808062017004
24714,-0.02761300000000011,0.0023983275,0.030011327458649983,6.605680000000003,8.3665905,1.7609104998779266,2.605150000000002,4.5796385,1.9744884811401349,-0.06854400000000005,-0.009215192,0.05932880806201701
24717,-0.057613000000000136,0.0023983275,0.06001132745865001,6.205680000000001,8.3665905,2.1609104998779287,1.8051500000000011,4.5796385,2.7744884811401356,-0.06854400000000005,-0.009215192,0.05932880806201701
24969,-0.03778499999999996,0.018376304,0.05616130383670326,8.588349999999998,8.730194,0.14184409179687663,6.917250000000001,6.4650593,-0.4521907196044932,0.062264100000000044,0.018719718,-0.04354438213977818
24986,0.0018689999999998985,0.013315988,0.011446987773239714,12.554590000000005,13.688395,1.1338045465087845,16.652449999999998,14.151691,-2.50075856323242,-0.04840769999999994,-0.09413231,-0.04572461164217001
24988,0.0018689999999998985,0.013315988,0.011446987773239714,17.154590000000006,13.688395,-3.466195453491217,16.652449999999998,14.151691,-2.50075856323242,-0.2384077,-0.09413231,0.14427538835783005
24990,0.06186899999999995,0.013315988,-0.04855301222676034,16.954590000000003,13.688395,-3.266195453491214,16.652449999999998,14.151691,-2.50075856323242,-0.17840769999999995,-0.09413231,0.08427538835783
25161,0.12238699999999991,0.056601472,-0.06578552780103675,8.90568,9.93839,1.0327097781372068,9.50515,8.688697,-0.8164531387329106,0.10145599999999999,0.050935976,-0.050520023792743673
25162,0.12238699999999991,0.056601472,-0.06578552780103675,8.705680000000001,9.93839,1.232709778137206,8.50515,8.688697,0.1835468612670894,0.051455999999999946,0.050935976,-0.0005200237927436291
25230,0.1285139999999999,0.15993798,0.03142397779083261,8.763110000000001,11.444011,2.6809007345581044,10.682830000000001,12.367535,1.684704637451171,0.13898579999999994,0.15953268,0.02054688110752112
25232,0.14851399999999992,0.15993798,0.011423977790832596,10.083110000000001,11.444011,1.3609007345581041,11.552830000000002,12.367535,0.8147046374511699,0.15898579999999995,0.15953268,0.0005468811075211022
25234,0.21851399999999988,0.15993798,-0.058576022209167355,6.833110000000001,11.444011,4.610900734558104,12.242830000000001,12.367535,0.12470463745117044,0.2089858,0.15953268,-0.04945311889247894
25291,0.08121500000000015,0.018376304,-0.06283869616329685,7.538349999999998,8.730194,1.1918440917968773,7.807250000000002,6.4650593,-1.3421907196044938,0.06426410000000005,0.018719718,-0.04554438213977818
25300,-0.02778499999999995,0.037881773,0.06566677296519274,5.338349999999998,7.6747503,2.3364003280639665,3.1072500000000005,6.228842,3.1215917816162104,-0.007735899999999907,0.03797983,0.045715730056428816
25301,0.002215000000000078,0.037881773,0.03566677296519272,4.93835,7.6747503,2.736400328063965,3.6072500000000005,6.228842,2.6215917816162104,0.002264100000000102,0.03797983,0.03571573005642881
25340,-0.03940300000000008,-0.020203227,0.01919977282273777,7.961499999999997,8.34485,0.38334958648681905,2.869440000000001,5.1949153,2.325475294647216,-0.08285969999999998,-0.016121132,0.06673856770069597
25341,-0.04665800000000009,-0.01231235,0.0343456501366497,7.937749999999998,9.284247,1.3464973983764672,2.4916199999999975,5.3737187,2.8820987385559107,-0.08980929999999998,-0.016873185,0.07293611540846823
25342,-0.05906300000000009,0.015166879,0.07422987870025644,2.6450500000000012,6.1395183,3.4944682609558093,-0.26829000000000036,5.280678,5.548967795410157,-0.047492700000000054,-0.037680402,0.009812297601890618
25345,-0.04665800000000009,-0.01231235,0.0343456501366497,8.037749999999999,9.284247,1.2464973983764658,2.8916199999999996,5.3737187,2.4820987385559086,-0.07980929999999997,-0.016873185,0.06293611540846822
25346,-0.04906300000000008,0.015166879,0.06422987870025643,2.6450500000000012,6.1395183,3.4944682609558093,0.03171000000000035,5.280678,5.248967795410156,-0.04049270000000005,-0.037680402,0.002812297601890612
25673,0.012386999999999926,0.044070117,0.031683117175579145,5.635680000000001,9.108789,3.473109443969726,5.395150000000001,7.490416,2.0952660499572744,0.051455999999999946,0.018605176,-0.03285082364058489
25675,0.21238699999999988,0.044070117,-0.1683168828244208,6.24568,9.108789,2.8631094439697264,9.26515,7.490416,-1.7747339500427248,0.08145599999999997,0.018605176,-0.06285082364058492
25844,0.04167900000000002,0.04261806,0.0009390586218833707,7.97982,8.074069,0.09424902313232408,6.31747,7.180997,0.8635268948364256,0.0030944000000000527,0.055164084,0.05206968383846278
25845,0.04167900000000002,0.009373895,-0.03230510510736706,8.11982,8.449661,0.3298412548828118,6.617470000000001,5.766484,-0.850986216278077,0.01309439999999995,0.00885176,-0.004242639932954262
26269,-0.116317,-0.012150415,0.10416658478063345,3.4060699999999997,5.6257296,2.219659560852051,3.3550499999999985,6.2611623,2.9061122810363784,0.10665259999999999,0.09973062,-0.006921981701946245
26523,-0.06761600000000012,-0.018559817,0.04905618277525914,5.902649999999998,7.9793878,2.076737760162356,5.4033999999999995,6.946747,1.5433468261718755,-0.0815285,-0.013343268,0.06818523192590475
26524,-0.028615999999999975,-0.018559817,0.010056182775258993,6.902649999999998,7.9793878,1.0767377601623558,7.4033999999999995,6.946747,-0.45665317382812454,-0.05852849999999998,-0.013343268,0.045185231925904734
26633,0.018588999999999967,0.0019832072,-0.0166057928151786,5.07254,7.7412424,2.6687024087524414,5.478440000000001,7.4321685,1.95372848373413,0.05888559999999998,0.10411876,0.0452331569499016
26690,0.05171700000000001,0.028679587,-0.02303741305303575,12.760720000000001,10.567081,-2.1936385485839853,11.1389,8.154432,-2.98446770324707,0.10500520000000002,0.019622078,-0.08538312183458807
26691,0.011716999999999977,0.028679587,0.016962586946964286,9.460720000000002,10.567081,1.1063614514160136,7.1389,8.154432,1.01553229675293,0.01500519999999994,0.019622078,0.004616878165412008
26950,0.053247000000000044,0.048177194,-0.00506980614972119,9.938460000000003,9.472417,-0.4660431222534207,8.566270000000001,8.316495,-0.24977505828857538,0.043883899999999976,0.036004968,-0.007878932012462592
26951,0.053247000000000044,0.048177194,-0.00506980614972119,8.23846,9.472417,1.2339568777465821,6.906270000000001,8.316495,1.4102249417114248,0.01688389999999995,0.036004968,0.019121067987537432
27118,0.05795400000000006,0.10686867,0.048914669390678345,12.4236,13.358632,0.9350320877075191,11.40202,12.94319,1.5411696209716794,0.08247870000000002,0.1321036,0.04962490705852507
27119,0.040954000000000046,0.10686867,0.06591466939067836,10.823599999999999,13.358632,2.5350320877075205,9.90202,12.94319,3.0411696209716794,0.0644787,0.1321036,0.06762490705852509
27123,0.03595400000000004,0.10686867,0.07091466939067836,12.823599999999999,13.358632,0.5350320877075205,11.60202,12.94319,1.3411696209716801,0.08747870000000002,0.1321036,0.044624907058525065
27124,0.250954,0.10686867,-0.1440853306093216,17.0236,13.358632,-3.6649679122924788,18.202019999999997,12.94319,-5.258830379028318,0.29947870000000004,0.1321036,-0.16737509294147496
27125,0.18795400000000007,0.10686867,-0.08108533060932166,17.5236,13.358632,-4.164967912292479,16.90202,12.94319,-3.9588303790283206,0.1994787,0.1321036,-0.06737509294147492
27126,0.15595400000000004,0.10686867,-0.04908533060932163,13.823599999999999,13.358632,-0.46496791229247947,14.00202,12.94319,-1.0588303790283202,0.12747870000000006,0.1321036,0.00462490705852503
27416,-0.05053750000000001,-0.032578923,0.017958577191829694,9.217019999999998,10.018496,0.8014755596923848,9.115,10.1525755,1.0375754928588865,0.19051200000000001,0.19734417,0.006832169020652756
27419,-0.06053750000000002,-0.032578923,0.027958577191829703,12.49702,10.018496,-2.4785244403076163,11.614999999999998,10.1525755,-1.4624245071411117,0.25051199999999996,0.19734417,-0.053167830979347186
27464,-0.01746599999999998,0.12527344,0.14273943630790709,10.74615,11.236346,0.49019624481201163,14.488349999999999,13.229411,-1.2589388748168933,-0.029183799999999982,0.043608543,0.07279234253172873
27595,0.1371920000000001,0.088678196,-0.04851380392742166,10.53248,8.989238,-1.5432422146606442,13.36488,10.879749,-2.4851307019042963,0.13369889999999995,0.12530367,-0.008395229236030533
27597,-0.0008079999999999199,0.088678196,0.08948619607257835,10.33248,8.989238,-1.3432422146606449,10.16488,10.879749,0.714869298095703,0.09369890000000003,0.12530367,0.03160477076396939
27603,-0.03860299999999994,-0.021303084,0.017299916252374592,9.542840000000002,12.184801,2.6419611016845685,10.793209999999998,12.874588,2.081378012695314,0.07798479999999997,0.111218415,0.03323361520071033
27634,0.1023869999999999,0.02440367,-0.07798332919728745,9.805680000000002,8.866164,-0.9395157925415063,10.43515,7.1583056,-3.2768443550109865,0.12145600000000001,0.038810614,-0.08264538550353051
27743,0.011622000000000021,-0.034541354,-0.0461633535833359,11.533819999999999,9.302159,-2.2316606906127916,9.198,7.82837,-1.369629905700684,0.04237089999999999,0.096438825,0.05406792513046266
27852,0.0040959999999998775,0.085595585,0.08149958540582669,12.546420000000001,15.9796715,3.433251478271483,11.007249999999999,15.660973,4.653722595214845,0.03168329999999997,0.15173918,0.12005588008804324
27853,0.1410959999999999,0.085595585,-0.05550041459417332,17.236420000000003,15.9796715,-1.2567485217285181,19.60725,15.660973,-3.9462774047851568,0.24968329999999994,0.15173918,-0.09794411991195673
27854,0.04809599999999992,0.085595585,0.03749958540582665,14.876420000000003,15.9796715,1.1032514782714813,17.06725,15.660973,-1.4062774047851576,0.22668329999999992,0.15173918,-0.07494411991195671
27855,0.03709599999999991,0.085595585,0.04849958540582666,14.986420000000003,15.9796715,0.9932514782714819,13.78725,15.660973,1.8737225952148435,0.0636833,0.15173918,0.08805588008804321
27856,0.3960959999999999,0.085595585,-0.3105004145941733,26.06642,15.9796715,-10.086748521728516,25.76725,15.660973,-10.106277404785157,0.40668329999999997,0.15173918,-0.25494411991195676
27859,0.0280959999999999,0.085595585,0.05749958540582667,13.296420000000001,15.9796715,2.683251478271483,12.46725,15.660973,3.193722595214844,0.0636833,0.15173918,0.08805588008804321
27972,0.111819,0.13021138,0.01839238310432434,8.658890000000003,7.99579,-0.6630999952697785,7.493590000000001,9.334238,1.840648052368163,-0.015581199999999962,0.08563763,0.10121882903213497
27973,0.16181900000000005,0.13021138,-0.031607616895675705,8.258890000000005,7.99579,-0.2630999952697799,9.69359,9.334238,-0.3593519476318363,0.09041880000000002,0.08563763,-0.004781170967865012
27974,0.20181900000000008,0.13021138,-0.07160761689567574,8.558890000000005,7.99579,-0.5630999952697806,10.09359,9.334238,-0.7593519476318367,0.07641880000000001,0.08563763,0.009218829032135
27975,0.251819,0.13021138,-0.12160761689567567,8.658890000000003,7.99579,-0.6630999952697785,12.39359,9.334238,-3.0593519476318356,0.17541879999999999,0.08563763,-0.08978117096786498
27976,0.15181900000000004,0.13021138,-0.021607616895675696,6.358890000000002,7.99579,1.6369000047302222,9.493590000000001,9.334238,-0.15935194763183702,0.13941879999999995,0.08563763,-0.053781170967864944
28007,0.07526500000000003,0.076879226,0.001614225671291325,16.374029999999998,13.15823,-3.2158001721191383,16.71821,13.035139,-3.6830709161376944,0.1947512,0.12614208,-0.06860911540145875
28169,-0.028890000000000082,0.019622857,0.04851285675108441,9.697580000000002,9.084692,-0.6128879986572286,5.782359999999999,6.0742836,0.2919235998535168,-0.02685650000000006,0.03370389,0.06056038969779021
28170,-0.05335040000000002,-0.010848787,0.04250161331810953,8.755619999999999,5.777274,-2.9783458682250963,6.8767499999999995,5.1229305,-1.753819473266601,0.0871132,0.083101675,-0.004011525085639955
28172,-0.036420100000000066,-0.0107141845,0.025705915507173605,2.4810499999999998,5.6818976,3.2008476402282717,3.4665,5.0477905,1.58129052734375,0.12689820000000007,0.07901826,-0.04787994244165428
28252,-0.04693000000000014,-0.078196704,-0.03126670438766466,4.508210000000002,4.0530324,-0.4551776017761249,3.362689999999997,2.5102704,-0.8524196428680391,0.03192879999999987,0.0300171,-0.0019116997254370327
28253,-0.09692999999999996,-0.078196704,0.018733295612335166,3.1882100000000015,4.0530324,0.8648223982238754,0.5226899999999972,2.5102704,1.9875803571319608,-0.019071200000000066,0.0300171,0.0490883002745629
28255,-0.02693000000000012,-0.078196704,-0.051266704387664674,4.778210000000001,4.0530324,-0.7251776017761244,5.202689999999999,2.5102704,-2.6924196428680407,0.08392879999999991,0.0300171,-0.05391169972543708
28256,-0.08693000000000017,-0.078196704,0.008733295612335379,3.6182100000000013,4.0530324,0.4348223982238757,1.1726899999999993,2.5102704,1.3375803571319587,-0.005071199999999942,0.0300171,0.03508830027456278
28258,-0.06693000000000016,-0.078196704,-0.011266704387664639,4.218210000000003,4.0530324,-0.16517760177612573,3.072689999999998,2.5102704,-0.5624196428680399,0.037928799999999985,0.0300171,-0.007911699725437149
28259,-0.07993000000000006,-0.078196704,0.0017332956123352616,4.008210000000002,4.0530324,0.044822398223875126,2.482689999999998,2.5102704,0.027580357131959943,0.028928799999999977,0.0300171,0.001088300274562859
28260,-0.09193000000000007,-0.078196704,0.013733295612335272,3.7182100000000027,4.0530324,0.3348223982238743,1.6426899999999982,2.5102704,0.8675803571319598,0.013928799999999963,0.0300171,0.016088300274562872
28261,-0.10892999999999997,-0.078196704,0.030733295612335176,3.6182100000000013,4.0530324,0.4348223982238757,1.3326899999999995,2.5102704,1.1775803571319585,0.016928799999999855,0.0300171,0.01308830027456298
28262,-0.09193000000000007,-0.078196704,0.013733295612335272,4.5582100000000025,4.0530324,-0.5051776017761256,3.47269,2.5102704,-0.962419642868042,0.05892879999999989,0.0300171,-0.028911699725437057
28263,-0.09193000000000007,-0.078196704,0.013733295612335272,3.7182100000000027,4.0530324,0.3348223982238743,1.8926899999999982,2.5102704,0.6175803571319598,0.023928799999999972,0.0300171,0.006088300274562863
28266,-0.10492999999999997,-0.078196704,0.026733295612335173,3.5382099999999994,4.0530324,0.5148223982238775,1.5326899999999988,2.5102704,0.9775803571319592,0.023928799999999972,0.0300171,0.006088300274562863
28267,-0.07693000000000016,-0.051570177,0.025359822921753095,1.918210000000002,3.5936217,1.6754117308044414,0.6226899999999986,2.2737665,1.6510765176391615,0.02092879999999997,0.030341493,0.009412692965817482
28328,-0.07443330000000004,-0.017026903,0.0574063968922377,9.54541,6.9567304,-2.5886796342468266,7.7227000000000015,5.976335,-1.7463649513244643,0.0760615,0.09807951,0.02201801003313064
28366,0.05219799999999997,0.012274393,-0.039923607119500604,12.465019999999999,8.985778,-3.4792421450805655,14.2075,8.349703,-5.857797164916992,0.2562481,0.110911876,-0.14533622403678892
28371,-0.007802000000000087,0.012274393,0.02007639288049945,7.665019999999998,8.985778,1.3207578549194352,6.307499999999997,8.349703,2.0422028350830104,0.026248099999999996,0.110911876,0.08466377596321106
28403,0.7285619999999999,0.3864682,-0.3420937981243133,24.387880000000003,11.623171,-12.76470914733887,21.16109,15.630538,-5.53055201324463,0.6103661,0.3900895,-0.22027658812866213
28405,0.47856199999999993,0.3864682,-0.09209379812431329,13.387880000000003,11.623171,-1.7647091473388699,20.16109,15.630538,-4.53055201324463,0.6603661,0.3900895,-0.27027658812866207
28406,0.448562,0.3864682,-0.06209379812431337,9.387880000000003,11.623171,2.23529085266113,19.16109,15.630538,-3.5305520132446304,0.6103661,0.3900895,-0.22027658812866213
28407,0.328562,0.3864682,0.057906201875686625,7.387880000000003,11.623171,4.23529085266113,13.161090000000002,15.630538,2.4694479867553696,0.2103661,0.3900895,0.1797234118713379
28408,0.15856199999999998,0.3864682,0.22790620187568666,9.387880000000003,11.623171,2.23529085266113,11.161090000000002,15.630538,4.46944798675537,0.11036610000000002,0.3900895,0.27972341187133787
28409,0.15856199999999998,0.3864682,0.22790620187568666,4.587880000000002,11.623171,7.035290852661131,8.36109,15.630538,7.26944798675537,0.10036610000000001,0.3900895,0.2897234118713379
28430,0.386035,0.062392298,-0.32364270186781885,24.1057,16.088501,-8.017199023437499,19.7985,11.820135,-7.978364883422852,0.43620519999999996,0.13204573,-0.3041594690515518
28432,-0.04996500000000004,0.062392298,0.1123572981321812,25.105700000000002,16.088501,-9.017199023437502,19.198500000000003,11.820135,-7.378364883422854,0.19620519999999997,0.13204573,-0.06415946905155179
28464,-0.07778499999999999,0.018376304,0.0961613038367033,7.708349999999999,8.730194,1.0218440917968756,3.297250000000002,6.4650593,3.167809280395506,-0.04773589999999994,0.018719718,0.0664556178602218
28465,-0.1177849999999998,0.018376304,0.1361613038367031,6.668349999999997,8.730194,2.0618440917968783,2.1572500000000012,6.4650593,4.307809280395507,-0.027735899999999925,0.018719718,0.04645561786022179
28466,0.06221500000000013,0.018376304,-0.04383869616329683,7.50835,8.730194,1.221844091796875,5.297250000000002,6.4650593,1.167809280395506,-0.04773589999999994,0.018719718,0.0664556178602218
28467,0.12221500000000007,0.018376304,-0.10383869616329677,11.398349999999997,8.730194,-2.668155908203122,9.127250000000002,6.4650593,-2.662190719604494,-0.027735899999999925,0.018719718,0.04645561786022179
28480,-0.02761300000000011,0.026230238,0.05384323837804805,11.215680000000003,9.679463,-1.536216613464358,8.78515,7.409651,-1.375499197387695,0.061455999999999955,0.038424212,-0.02303178751444812
28483,-0.02761300000000011,0.026230238,0.05384323837804805,12.38568,9.679463,-2.706216613464356,9.57515,7.409651,-2.165499197387696,0.061455999999999955,0.038424212,-0.02303178751444812
28484,-0.02761300000000011,0.026230238,0.05384323837804805,12.705680000000001,9.679463,-3.0262166134643564,10.25515,7.409651,-2.8454991973876957,0.09145599999999998,0.038424212,-0.05303178751444815
28485,-0.0176130000000001,0.026230238,0.043843238378048044,12.99568,9.679463,-3.3162166134643556,10.645150000000001,7.409651,-3.2354991973876963,0.10145599999999999,0.038424212,-0.06303178751444816
28486,-0.03761300000000012,0.026230238,0.06384323837804806,12.445680000000003,9.679463,-2.7662166134643584,10.69515,7.409651,-3.2854991973876952,0.1314559999999999,0.038424212,-0.09303178751444807
28487,-0.03761300000000012,0.026230238,0.06384323837804806,12.705680000000001,9.679463,-3.0262166134643564,11.135150000000001,7.409651,-3.7254991973876965,0.15145599999999992,0.038424212,-0.11303178751444809
28488,-0.02761300000000011,0.026230238,0.05384323837804805,11.985680000000002,9.679463,-2.3062166134643576,10.59515,7.409651,-3.1854991973876956,0.14145599999999992,0.038424212,-0.10303178751444808
28489,-0.02761300000000011,0.026230238,0.05384323837804805,12.47568,9.679463,-2.796216613464356,10.76515,7.409651,-3.3554991973876955,0.1314559999999999,0.038424212,-0.09303178751444807
28491,-0.007613000000000092,0.026230238,0.033843238378048035,13.835680000000002,9.679463,-4.156216613464357,11.555150000000001,7.409651,-4.1454991973876965,0.12145600000000001,0.038424212,-0.08303178751444817
28580,0.022698000000000107,0.04981728,0.027119278981208694,6.32047,8.536653,2.216182565002441,4.49981,7.015415,2.5156051916503905,-0.009882699999999911,0.057314895,0.06719759509344092
28619,0.06166500000000008,0.023157421,-0.03850757850050934,7.000340000000005,8.164687,1.1643471566772412,4.7813,6.477945,1.696644850921631,-0.05467719999999998,0.026280062,0.0809572622731447
28804,0.16148799999999996,0.09824142,-0.06324658139991757,13.831820000000002,9.5005455,-4.331274498291018,11.32644,9.101543,-2.224896573486328,-0.013692199999999932,0.05250238,0.06619457882137292
28812,0.09340499999999985,0.036587726,-0.05681727367520317,13.18732,8.605749,-4.581570869750976,16.02722,9.035688,-6.991531599731445,0.39421990000000007,0.1380275,-0.2561923959135056
28943,0.023422000000000054,0.04435502,0.020933019927024787,11.055780000000002,9.8569,-1.1988797848510764,7.925729999999998,9.271363,1.3456332583618185,-0.01492529999999992,0.11139363,0.12631893050460807
29091,-0.028960399999999886,-0.016662495,0.012297904789233094,6.796849999999999,6.6430826,-0.15376738128662026,6.732919999999998,7.3141904,0.5812703877258318,0.09652229999999995,0.09883754,0.002315239553642323
29221,0.12604000000000004,0.03635032,-0.08968967897534375,10.966709999999999,9.879719,-1.086991219482421,14.504560000000001,10.447803,-4.056757456359865,0.16966769999999998,0.08959844,-0.0800692603661537
29224,0.0640400000000001,0.03635032,-0.0276896789753438,10.056709999999999,9.879719,-0.1769912194824208,11.014560000000001,10.447803,-0.5667574563598645,0.07966770000000001,0.08959844,0.009930739633846275
29225,0.04604000000000008,0.03635032,-0.009689678975343785,9.88671,9.879719,-0.00699121948242265,10.904560000000002,10.447803,-0.4567574563598651,0.08966770000000002,0.08959844,-6.926036615373388e-05
29226,0.03404000000000007,0.03635032,0.0023103210246562256,9.576709999999999,9.879719,0.3030087805175796,9.674560000000003,10.447803,0.7732425436401336,0.05966769999999999,0.08959844,0.029930739633846293
29227,0.0040400000000000436,0.03635032,0.03231032102465625,9.38671,9.879719,0.49300878051757735,9.184560000000001,10.447803,1.2632425436401356,0.0696677,0.08959844,0.019930739633846284
29228,-0.016959999999999864,0.03635032,0.05331032102465616,9.08671,9.879719,0.7930087805175781,8.45456,10.447803,1.993242543640136,0.029667699999999964,0.08959844,0.05993073963384632
29258,0.02986600000000006,0.08221926,0.05235325795078272,4.273130000000002,5.406682,1.1335520144653302,9.69,10.557727,0.8677268600463872,0.29012399999999994,0.31660894,0.02648493559455878
29268,0.04238699999999995,0.076601446,0.03421444567489629,10.105680000000003,11.416503,1.3108229525756805,10.60515,11.499364,0.894213899230957,0.16145599999999993,0.13029568,-0.031160321026801996
29271,0.012386999999999926,0.076601446,0.06421444567489631,4.805680000000002,11.416503,6.610822952575681,3.605150000000002,11.499364,7.894213899230955,0.0014560000000000128,0.13029568,0.12883967897319792
29446,-0.10761299999999996,0.03427496,0.14188796179938312,6.005680000000002,9.537386,3.531705940551756,1.1051500000000019,7.794982,6.689831956481932,-0.08154400000000006,0.047672786,0.12921678581857687
29447,-0.007613000000000092,0.03427496,0.041887961799383255,6.385680000000001,9.537386,3.151705940551757,2.925150000000002,7.794982,4.8698319564819315,-0.06354400000000004,0.047672786,0.11121678581857686
29449,0.012386999999999926,0.03427496,0.021887961799383238,11.945680000000003,9.537386,-2.408294059448245,10.70515,7.794982,-2.910168043518066,0.1244559999999999,0.047672786,-0.07678321418142309
29561,0.04552999999999996,0.08319297,0.037662966878414195,7.5567500000000045,9.085888,1.5291379089355424,13.634519999999998,14.334365,0.6998448910522477,0.31762270000000004,0.2787134,-0.038909294867706334
29562,0.03452999999999995,0.08319297,0.048662966878414204,7.276750000000003,9.085888,1.8091379089355435,12.734519999999998,14.334365,1.599844891052248,0.2876227,0.2787134,-0.008909294867706308
29564,0.04852999999999996,0.08319297,0.03466296687841419,8.116750000000003,9.085888,0.9691379089355436,13.43452,14.334365,0.899844891052247,0.2936227,0.2787134,-0.014909294867706313
29657,0.012386999999999926,0.02440367,0.012016670802712515,7.90568,8.866164,0.9604842074584958,4.805150000000001,7.1583056,2.3531556449890125,-0.04854400000000003,0.038810614,0.08735461449646953
29870,-0.008323999999999998,0.012839228,0.02116322791481018,11.631520000000002,9.405544,-2.2259757189941425,8.739959999999998,9.375709,0.6357485800170917,0.031119999999999925,0.0977995,0.06667950231313713
29872,0.07167600000000007,0.012839228,-0.05883677208518989,13.051520000000004,9.405544,-3.645975718994144,13.899959999999998,9.375709,-4.5242514199829085,0.21611999999999998,0.0977995,-0.11832049768686292
30368,0.209387,0.02440367,-0.18498332919728755,25.395680000000002,8.866164,-16.529515792541506,18.66515,7.1583056,-11.506844355010987,0.06345599999999996,0.038810614,-0.02464538550353046
30417,-0.08461300000000005,0.03427496,0.11888796179938321,10.40568,9.537386,-0.8682940594482425,6.60515,7.794982,1.1898319564819335,0.02145599999999992,0.047672786,0.026216785818576893
30418,-0.06061300000000003,0.03427496,0.09488796179938319,10.40568,9.537386,-0.8682940594482425,9.805150000000001,7.794982,-2.0101680435180675,0.16145599999999993,0.047672786,-0.11378321418142312
30419,-0.08461300000000005,0.03427496,0.11888796179938321,10.40568,9.537386,-0.8682940594482425,6.60515,7.794982,1.1898319564819335,0.02145599999999992,0.047672786,0.026216785818576893
30420,-0.034613000000000005,0.03427496,0.06888796179938317,10.605680000000003,9.537386,-1.0682940594482453,8.10515,7.794982,-0.3101680435180665,0.051455999999999946,0.047672786,-0.0037832141814231335
30456,-0.08961300000000016,0.02440367,0.1140166708027126,6.685680000000001,8.866164,2.1804842074584947,0.9951499999999989,7.1583056,6.163155644989015,-0.09454399999999996,0.038810614,0.13335461449646946
30725,0.012386999999999926,0.02440367,0.012016670802712515,12.017680000000002,8.866164,-3.151515792541506,9.28515,7.1583056,-2.126844355010986,0.04345599999999994,0.038810614,-0.0046453855035304414
31082,0.14207599999999998,0.086162396,-0.055913604224681834,9.5613,9.367466,-0.19383402709960862,9.501460000000002,7.5901637,-1.9112962922668473,0.0569056,0.016277943,-0.040627657193517686
31083,0.13207599999999997,0.086162396,-0.045913604224681825,10.8613,9.367466,-1.4938340270996093,10.571460000000002,7.5901637,-2.9812962922668476,0.08290560000000002,0.016277943,-0.06662765719351771
31084,0.12207599999999996,0.086162396,-0.03591360422468182,9.0613,9.367466,0.3061659729003914,8.401460000000002,7.5901637,-0.8112962922668476,0.02290559999999997,0.016277943,-0.006627657193517655
31085,0.13207599999999997,0.086162396,-0.045913604224681825,10.0613,9.367466,-0.6938340270996086,9.801460000000002,7.5901637,-2.211296292266848,0.0629056,0.016277943,-0.04662765719351769
31087,0.12207599999999996,0.086162396,-0.03591360422468182,8.8613,9.367466,0.5061659729003907,8.001460000000002,7.5901637,-0.4112962922668473,0.007905599999999957,0.016277943,0.008372342806482358
31088,0.05148799999999998,0.010092176,-0.04139582443433998,7.941820000000003,9.114159,1.1723386303710903,7.41644,6.0510554,-1.365384568634033,0.050307800000000125,0.0060174474,-0.044290352550733214
31089,0.08425400000000005,0.09258061,0.008326609023570963,16.183300000000003,13.142501,-3.0407991226196316,12.77204,9.157035,-3.615005126037598,0.023824899999999927,0.02956153,0.005736630798673703
31090,0.09248000000000012,0.07525979,-0.01722021017551434,9.53737,13.333887,3.7965171002197273,9.05409,11.538862,2.4847722283935543,0.046650699999999934,0.050819855,0.004169155183363027
31185,-0.08148600000000017,0.007379177,0.0888651770264508,2.843110000000003,7.2511306,4.408020580902097,3.002830000000003,7.0565796,4.053749589843747,0.03698579999999996,0.103910446,0.06692464616699223
31186,-0.09148600000000018,0.007379177,0.09886517702645081,4.563110000000002,7.2511306,2.688020580902098,3.2828300000000006,7.0565796,3.7737495898437494,0.05498579999999986,0.103910446,0.048924646166992325
31187,-0.08148600000000017,0.007379177,0.0888651770264508,3.263110000000001,7.2511306,3.9880205809020985,2.102830000000001,7.0565796,4.953749589843749,0.05098579999999997,0.103910446,0.05292464616699222
31188,-0.07148600000000016,0.007379177,0.0788651770264508,5.663110000000003,7.2511306,1.5880205809020964,4.782830000000001,7.0565796,2.2737495898437494,0.06798579999999999,0.103910446,0.0359246461669922
31323,0.132343,0.090783246,-0.041559754138469684,8.12414,8.877133,0.7529933694458002,10.47445,9.648956,-0.8254937011718742,0.12442659999999994,0.12909973,0.004673126676940975
31324,0.11234299999999997,0.090783246,-0.021559754138469667,8.114140000000003,8.877133,0.7629933694457982,9.844449999999998,9.648956,-0.19549370117187337,0.10442659999999993,0.12909973,0.024673126676940993
31325,0.17143699999999995,0.034178015,-0.13725898515534396,13.098460000000001,8.922614,-4.175845902404786,13.002490000000002,9.164524,-3.837965921630861,0.06453720000000007,0.12703629,0.06249908838062279
31351,0.0019620000000000193,-0.008163926,-0.010125926191627999,6.847160000000002,6.7027907,-0.14436926284790275,9.576139999999999,7.512869,-2.063271118774413,0.22261769999999992,0.12763329,-0.09498441149730674
31355,-0.00803799999999999,-0.008163926,-0.00012592619162798968,6.847160000000002,6.7027907,-0.14436926284790275,7.576139999999999,7.512869,-0.06327111877441283,0.12961769999999995,0.12763329,-0.0019844114973067706
31356,0.0019620000000000193,-0.008163926,-0.010125926191627999,6.847160000000002,6.7027907,-0.14436926284790275,6.776139999999998,7.512869,0.7367288812255879,0.0776176999999999,0.12763329,0.050015588502693276
31357,-0.048038000000000025,-0.008163926,0.039874073808372046,6.7471600000000045,6.7027907,-0.04436926284790488,5.076139999999999,7.512869,2.436728881225587,0.03161769999999997,0.12763329,0.0960155885026932
31363,0.0019620000000000193,-0.008163926,-0.010125926191627999,6.447160000000004,6.7027907,0.25563073715209583,9.47614,7.512869,-1.9632711187744132,0.22661769999999992,0.12763329,-0.09898441149730675
31364,-0.028038000000000007,-0.008163926,0.019874073808372028,5.947160000000004,6.7027907,0.7556307371520958,8.176139999999998,7.512869,-0.6632711187744125,0.18561769999999989,0.12763329,-0.05798441149730671
31407,0.15521700000000005,0.05809607,-0.09712093015742307,15.765749999999999,11.049405,-4.716344902038573,14.45087,8.385124,-6.065745793457031,0.11632389999999992,0.047301255,-0.06902264483346932
31408,-0.03884500000000002,0.020943483,0.05978848333775999,9.70569,9.45277,-0.2529197668457037,5.656550000000001,7.120109,1.4635590812683095,-0.01597470000000001,0.037520785,0.05349548488469125
31425,0.012799000000000005,0.04375671,0.030957708502769465,18.499760000000002,15.428729,-3.0710309426879903,14.604320000000001,13.935679,-0.6686405642700208,0.09750270000000005,0.1690512,0.07154850015144343
31426,0.04279900000000003,0.04375671,0.0009577085027694388,16.959760000000003,15.428729,-1.5310309426879911,17.80432,13.935679,-3.86864056427002,0.3535027,0.1690512,-0.18445149984855652
31635,0.168883,0.08238796,-0.08649503855276108,13.44771,8.994568,-4.453142128906251,12.76669,9.2184105,-3.548279508056641,0.054355699999999896,0.11205529,0.057699586765098676
31652,-0.022696999999999967,-0.0058182706,0.01687872938749191,11.405810000000002,14.009268,2.6034578070068335,10.283259999999999,13.249855,2.9665950415039077,0.08543459999999992,0.14800178,0.06256717514553078
31653,0.01730300000000007,-0.0058182706,-0.023121270612508127,17.30581,14.009268,-3.296542192993165,18.78326,13.249855,-5.533404958496092,0.3514346,0.14800178,-0.20343282485446929
31654,-0.042696999999999985,-0.0058182706,0.036878729387491926,10.50581,14.009268,3.5034578070068356,8.18326,13.249855,5.066595041503906,0.03043459999999998,0.14800178,0.11756717514553072
31655,-0.022696999999999967,-0.0058182706,0.01687872938749191,15.605810000000002,14.009268,-1.5965421929931658,14.38326,13.249855,-1.1334049584960937,0.13943459999999996,0.14800178,0.008567175145530737
31676,-0.06721500000000002,0.0049502216,0.0721652216279507,4.783239999999999,8.406556,3.623316129455567,2.6498100000000004,5.848035,3.198224858703613,0.011713700000000049,0.03190341,0.020189708467769574
31677,-0.057215000000000016,0.0049502216,0.062165221627950684,7.273240000000001,8.406556,1.1333161294555651,4.9798100000000005,5.848035,0.8682248587036128,0.028713700000000064,0.03190341,0.0031897084677695586
31678,-0.01721499999999998,0.0049502216,0.02216522162795065,8.483240000000002,8.406556,-0.0766838705444357,6.0298099999999994,5.848035,-0.18177514129638617,0.016713700000000054,0.03190341,0.01518970846776957
32154,0.04276499999999994,0.023235394,-0.019529606311917247,6.50046,8.927862,2.427402167358398,9.975359999999998,10.009474,0.03411380065918124,0.1760887,0.14579381,-0.03029488951320647
32156,0.09238699999999989,0.026230238,-0.06615676162195194,11.605680000000003,9.679463,-1.9262166134643586,9.805150000000001,7.409651,-2.3954991973876965,0.03045600000000004,0.038424212,0.007968212485551796
32165,0.12253400000000003,0.0654203,-0.057113700231552156,8.26615,9.426516,1.1603655792236331,9.388349999999999,8.841865,-0.5464854141235342,0.035816199999999965,0.050695363,0.014879163432168996
32263,0.06221500000000013,0.019412635,-0.04280236510574831,10.948349999999998,9.440669,-1.5076809402465798,9.797250000000002,6.677237,-3.1200129661560076,0.07226410000000005,0.005370654,-0.06689344583425527
32940,0.11199999999999999,0.14168525,0.02968524742126466,14.975249999999999,18.633005,3.657755142211915,16.24622,21.348457,5.10223733642578,0.13741589999999992,0.34863913,0.21122323059234627
32948,0.062000000000000055,0.14168525,0.0796852474212646,17.54525,18.633005,1.0877551422119147,20.58622,21.348457,0.7622373364257804,0.35141589999999995,0.34863913,-0.0027767694076537563
32949,0.132,0.14168525,0.009685247421264642,19.23525,18.633005,-0.6022448577880866,23.24622,21.348457,-1.8977626635742197,0.46541589999999994,0.34863913,-0.11677676940765375
32951,0.252,0.14168525,-0.11031475257873535,22.16525,18.633005,-3.5322448577880863,25.24622,21.348457,-3.8977626635742197,0.5394159,0.34863913,-0.19077676940765376
32991,0.14381300000000008,0.09376493,-0.050048069036483844,9.119610000000002,8.7779455,-0.3416644815063492,11.65634,7.9911237,-3.6652163236999513,0.22019530000000015,0.07226844,-0.1479268586805345
32992,0.12339200000000006,0.09376493,-0.029627069036483822,16.77862,9.608684,-7.169936413879395,10.938329999999999,7.9169207,-3.0214093380737292,-0.02944000000000002,-0.009663538,0.019776461924016497
33273,0.11560000000000004,0.023929168,-0.09167083246111873,11.71255,11.287993,-0.42455656890869164,14.30408,11.8154955,-2.4885845089721688,0.16170479999999998,0.11558404,-0.04612076180200575
33274,0.0068749999999999645,-0.008248151,-0.01512315127998587,14.584729999999997,10.193879,-4.3908508724975555,12.00308,8.554904,-3.4481760159301764,0.004812700000000003,0.03507351,0.030260811302471158
33457,0.32095000000000007,0.0044218535,-0.3165281465396286,25.99737,11.22012,-14.777249570007324,21.9771,11.747227,-10.22987328491211,0.4454893,0.15634757,-0.28914172719650266
33458,-0.03905000000000003,0.0044218535,0.04347185346037152,9.58737,11.22012,1.6327504299926758,10.517100000000001,11.747227,1.2301267150878896,0.16748929999999995,0.15634757,-0.011141727196502638
33459,0.15560000000000007,0.034845356,-0.12075464410185821,26.92255,13.896453,-13.026097096252442,23.18408,13.869995,-9.314084882812502,0.33570479999999997,0.1304745,-0.20523030709247586
33460,0.015600000000000058,0.034845356,0.019245355898141803,12.98255,13.896453,0.9139029037475588,13.114080000000001,13.869995,0.7559151171874987,0.12570480000000006,0.1304745,0.004769692907524048
33462,0.04682900000000001,0.01930445,-0.02752454939866067,11.92691,9.695803,-2.2311073114013666,12.33834,9.343594,-2.994746402587891,0.11857720000000005,0.10210707,-0.01647012961359029
33465,0.10321500000000006,0.019412635,-0.08380236510574823,24.668349999999997,9.440669,-15.227680940246579,12.907250000000001,6.677237,-6.230012966156007,-0.2267359,0.005370654,0.23210655416574477
33466,-0.007784999999999931,0.019412635,0.027197634894251754,7.768349999999998,9.440669,1.6723190597534199,-1.672749999999997,6.677237,8.349987033843991,-0.29073589999999994,0.005370654,0.2961065541657447
33772,-0.087785,0.018376304,0.1061613038367033,6.228349999999999,8.730194,2.501844091796876,0.8872500000000016,6.4650593,5.577809280395506,-0.08773589999999998,0.018719718,0.10645561786022184
33773,-0.1077849999999998,-0.038990103,0.0687948972916601,6.538349999999998,7.531956,0.9936061958313012,1.7572500000000026,4.6487827,2.8915327301025364,-0.04773589999999994,-0.0029377136,0.044798186362051906
33774,0.1622150000000001,0.018376304,-0.1438386961632968,6.838349999999998,8.730194,1.8918440917968766,8.10725,6.4650593,-1.6421907196044927,0.10226410000000008,0.018719718,-0.08354438213977822
33775,0.1622150000000001,0.029208468,-0.13300653172671806,6.638349999999999,9.023548,2.385198126220704,8.50725,8.669243,0.16199285888671788,0.062264100000000044,0.062954076,0.0006899756344794783
33776,0.08221500000000015,0.10036675,0.01815174886941895,7.738349999999997,8.073287,0.33493701019287414,9.00725,9.761892,0.7546423187255851,0.18226410000000004,0.096295044,-0.08596905617389683
33777,0.042215000000000114,0.017894747,-0.02432025326430809,8.138349999999999,7.589956,-0.5483941932678214,10.50725,6.970156,-3.53709380722046,0.20226410000000006,0.0718085,-0.13045559792194372
33778,0.042215000000000114,0.016363095,-0.025851904507875556,7.93835,7.567264,-0.3710859199523924,10.00725,7.014331,-2.992919136047364,0.18226410000000004,0.06248894,-0.11977516038689617
33782,0.05221500000000012,0.00124078,-0.05097422000501317,11.138349999999999,10.522672,-0.6156783004760733,13.50725,10.534086,-2.9731637725830087,0.2822641000000001,0.16570328,-0.11656081823978431
33783,0.022215000000000096,0.0006417521,-0.0215732479073667,12.638349999999999,10.606753,-2.0315966506958,14.307250000000002,10.9102335,-3.3970165023803727,0.2922641,0.18059762,-0.1116664817777634
33784,0.012215000000000087,-0.03244525,-0.0446602482163907,13.838349999999998,12.708035,-1.1303145309448226,15.00725,13.248737,-1.7585126647949227,0.2922641,0.2273509,-0.06491319446239474
33786,-0.07778499999999999,-0.03244525,0.04533975178360938,11.988349999999997,12.708035,0.7196854690551788,9.837250000000001,13.248737,3.411487335205077,0.03226410000000002,0.2273509,0.19508680553760527
33787,-0.1077849999999998,-0.03244525,0.07533975178360919,13.248349999999999,12.708035,-0.5403145309448227,15.92725,13.248737,-2.6785126647949227,0.38226410000000005,0.2273509,-0.15491319446239477
33808,0.17521500000000012,0.018376304,-0.15683869616329682,9.108349999999998,8.730194,-0.37815590820312295,10.667250000000001,6.4650593,-4.202190719604493,0.11226410000000009,0.018719718,-0.09354438213977823
33989,0.002215000000000078,0.030729039,0.028514038640856665,6.838349999999998,8.200483,1.3621333221435563,3.707250000000002,6.826676,3.1194258918762188,-0.04773589999999994,0.04536446,0.09310036183919901
33990,0.002215000000000078,0.030729039,0.028514038640856665,6.238349999999997,8.200483,1.9621333221435577,3.4072500000000012,6.826676,3.4194258918762195,-0.03773589999999993,0.04536446,0.083100361839199
33991,-0.02778499999999995,0.030729039,0.05851403864085669,6.238349999999997,8.200483,1.9621333221435577,2.5072500000000026,6.826676,4.319425891876218,-0.06773589999999996,0.04536446,0.11310036183919903
33992,-0.047784999999999966,0.030729039,0.07851403864085671,6.238349999999997,8.200483,1.9621333221435577,1.8072499999999998,6.826676,5.019425891876221,-0.07773589999999997,0.04536446,0.12310036183919904
33993,0.002215000000000078,0.030729039,0.028514038640856665,6.93835,8.200483,1.262133322143555,3.9072500000000012,6.826676,2.9194258918762195,-0.03773589999999993,0.04536446,0.083100361839199
33994,-0.007784999999999931,0.030729039,0.038514038640856674,6.038349999999998,8.200483,2.162133322143557,3.6072500000000005,6.826676,3.21942589187622,-0.017735899999999916,0.04536446,0.06310036183919898
33996,0.022215000000000096,0.030729039,0.008514038640856647,6.93835,8.200483,1.262133322143555,5.007250000000001,6.826676,1.8194258918762198,-0.007735899999999907,0.04536446,0.05310036183919897
33998,0.032215000000000105,0.030729039,-0.0014859613591433618,8.038349999999998,8.200483,0.16213332214355702,7.307250000000002,6.826676,-0.4805741081237809,0.052264100000000036,0.04536446,-0.006899638160800969
33999,0.012215000000000087,0.00124078,-0.010974220005013136,8.398349999999997,9.55689,1.158539533996585,5.257250000000001,7.189163,1.9319132080078116,-0.04173590000000005,0.027210169,0.0689460685404778
34293,-0.04323600000000005,0.04857601,0.09181200852847105,3.6519399999999997,8.969348,5.317407953796387,4.172889999999999,10.285351,6.112460799560548,0.08703440000000007,0.1331024,0.04606800209102624
34335,-0.011486000000000107,0.007379177,0.01886517702645074,8.833110000000001,7.2511306,-1.5819794190979017,7.582830000000001,7.0565796,-0.5262504101562513,0.045985799999999966,0.103910446,0.05792464616699222
34336,-0.10148600000000019,0.007379177,0.10886517702645082,3.9931100000000015,7.2511306,3.258020580902098,1.7828300000000006,7.0565796,5.273749589843749,0.01898579999999994,0.103910446,0.08492464616699225
34337,-0.041486000000000134,0.007379177,0.04886517702645077,1.9431100000000008,7.2511306,5.308020580902099,0.9828299999999999,7.0565796,6.07374958984375,0.010985799999999935,0.103910446,0.09292464616699225
34338,-0.08148600000000017,0.007379177,0.0888651770264508,4.313110000000002,7.2511306,2.938020580902098,1.382830000000002,7.0565796,5.673749589843748,-0.03201419999999999,0.103910446,0.13592464616699218
34339,-0.07148600000000016,0.007379177,0.0788651770264508,3.913110000000003,7.2511306,3.3380205809020964,4.982830000000002,7.0565796,2.0737495898437484,0.13898579999999994,0.103910446,-0.03507535383300775
34341,-0.05148600000000014,0.007379177,0.05886517702645078,3.353110000000001,7.2511306,3.8980205809020987,4.982830000000002,7.0565796,2.0737495898437484,0.13898579999999994,0.103910446,-0.03507535383300775
34456,0.06221500000000013,0.018376304,-0.04383869616329683,7.34835,8.730194,1.381844091796875,8.787250000000002,6.4650593,-2.322190719604494,0.1232641000000001,0.018719718,-0.10454438213977824
34794,-0.01833499999999999,0.023157421,0.04149242149949073,6.240340000000003,8.164687,1.9243471566772428,3.4712999999999994,6.477945,3.0066448509216315,-0.02867720000000007,0.026280062,0.05495726227314479
34797,0.0016650000000000276,0.023157421,0.02149242149949071,6.130340000000004,8.164687,2.034347156677242,4.491300000000001,6.477945,1.9866448509216301,0.008322799999999964,0.026280062,0.01795726227314476
35040,0.1522150000000001,0.018376304,-0.1338386961632968,14.098349999999998,8.730194,-5.368155908203123,12.407250000000001,6.4650593,-5.942190719604493,0.06426410000000005,0.018719718,-0.04554438213977818
35065,-0.06858900000000001,-0.025413701,0.04317529868924619,6.762549999999997,7.6003633,0.8378132545471217,3.3993900000000004,5.381785,1.982394915924072,-0.018535100000000027,0.020370228,0.03890532821605208
35066,-0.06801500000000016,-0.05941088,0.008604118748903433,6.057960000000001,6.8739014,0.8159413671874987,4.529999999999999,4.427329,-0.10267093658447202,0.05212749999999999,0.025052069,-0.02707543124496936
35067,-0.04858899999999999,-0.025413701,0.02317529868924617,5.742549999999998,7.6003633,1.8578132545471213,2.6493900000000004,5.381785,2.732394915924072,-0.021535099999999918,0.020370228,0.041905328216051974
35068,-0.053015000000000034,-0.05941088,-0.006395881251096691,5.657960000000003,6.8739014,1.2159413671874972,3.7699999999999996,4.427329,0.6573290634155278,0.032127499999999976,0.025052069,-0.0070754312449693435
35157,-0.030088000000000115,-0.010191326,0.0198966739704014,8.51249,11.0206,2.5081103189086917,6.87125,9.9627695,3.0915195083618165,0.027618799999999943,0.07666729,0.04904848645563131
35158,-0.00730199999999992,-0.0030183292,0.004283670847162524,4.58023,8.152473,3.572243449707031,3.8485299999999985,6.105525,2.2569950167846695,0.045556199999999936,0.021728378,-0.02382782221074098
35159,-0.030088000000000115,-0.010191326,0.0198966739704014,9.152489999999997,11.0206,1.8681103189086947,8.24125,9.9627695,1.7215195083618156,0.06761879999999998,0.07666729,0.009048486455631277
35160,-0.00730199999999992,-0.0030183292,0.004283670847162524,5.000230000000002,8.152473,3.1522434497070293,4.3085299999999975,6.105525,1.7969950167846704,0.055556199999999945,0.021728378,-0.03382782221074099
35170,0.16198999999999997,0.03708567,-0.12490432902216908,15.621590000000001,9.906333,-5.715257030334474,13.585080000000001,7.325471,-6.25960907562256,0.0984836,0.030282779,-0.06820082133457661
35173,-0.01519399999999993,0.030079557,0.04527355662906163,6.253820000000001,7.7648425,1.5110225102233876,3.0311700000000013,5.336719,2.3055490361022937,-0.06198350000000008,0.015042086,0.07702558613187083
35174,-0.008010000000000073,0.03708567,0.04509567097783096,9.621590000000001,9.906333,0.28474296966552615,4.785080000000001,7.325471,2.5403909243774407,-0.09451639999999994,0.030282779,0.12479917866542334
35175,0.001068000000000069,0.021508498,0.02044049811732762,6.827349999999999,8.74152,1.9141699279785165,3.19792,6.0047774,2.8068574314880372,-0.08850889999999989,-0.0063351816,0.08217371835022558
35176,0.021989999999999954,0.03708567,0.015095670977830933,10.721590000000003,9.906333,-0.8152570303344753,6.48508,7.325471,0.8403909243774415,-0.08351640000000005,0.030282779,0.11379917866542344
35179,0.021230000000000082,0.035372578,0.014142577607631601,12.234470000000002,8.93534,-3.299130072326662,8.585130000000001,7.0624123,-1.5227177380371106,-0.014131900000000086,0.021266883,0.03539878323915013
35180,0.15198999999999996,0.03708567,-0.11490432902216907,15.421590000000002,9.906333,-5.515257030334475,11.98508,7.325471,-4.6596090756225585,-0.025516400000000106,0.030282779,0.0557991786654235
35191,-0.07578499999999999,0.033228174,0.10901317385196685,7.84835,8.808491,0.9601407531738282,4.757250000000001,6.7893615,2.0321114768981925,0.013264100000000001,0.005198899,-0.008065200809127093
35192,-0.06378499999999998,0.033228174,0.09701317385196684,7.928349999999998,8.808491,0.8801407531738299,4.787250000000002,6.7893615,2.0021114768981914,0.004264100000000104,0.005198899,0.0009347991908728037
35317,0.10342200000000001,0.007758785,-0.09566321496081354,11.505780000000001,9.909684,-1.5960958187866225,9.60573,8.0609865,-1.5447434811401362,0.005074700000000099,0.048590552,0.04351585206179609
35343,-0.09761300000000017,0.02440367,0.12201667080271261,6.305680000000002,8.866164,2.5604842074584937,1.905149999999999,7.1583056,5.253155644989015,-0.06054400000000004,0.038810614,0.09935461449646954
35451,0.06456200000000001,0.020742962,-0.043819037863135346,7.5484100000000005,7.9280295,0.3796195372009272,8.9207,8.331667,-0.5890330535888673,0.10024309999999992,0.09807915,-0.002163947594737925
35452,-0.08243800000000001,0.020742962,0.10318096213686467,7.38841,7.9280295,0.5396195372009274,5.790700000000001,8.331667,2.5409669464111317,0.060243099999999994,0.09807915,0.037836052405262
35453,0.3325340000000001,0.09785752,-0.2346764800157548,18.74615,15.388562,-3.357587797546387,16.288349999999998,11.630894,-4.657456292724607,0.09081620000000001,0.08126719,-0.009549007040214552
35465,-0.04866900000000007,-0.041771382,0.006897617906570508,10.021269999999998,8.7285795,-1.2926904788207985,8.14544,7.3869286,-0.7585114416503913,0.06786820000000005,0.044415087,-0.023453113492202804
35469,-0.04866900000000007,-0.041771382,0.006897617906570508,10.15127,8.7285795,-1.422690478820801,7.815440000000001,7.3869286,-0.42851144165039123,0.04786820000000003,0.044415087,-0.003453113492202786
35473,-0.04866900000000007,-0.041771382,0.006897617906570508,10.161269999999998,8.7285795,-1.432690478820799,7.57544,7.3869286,-0.18851144165039102,0.034868200000000016,0.044415087,0.009546886507797225
35477,-0.04866900000000007,-0.041771382,0.006897617906570508,10.271269999999998,8.7285795,-1.5426904788207985,7.4854400000000005,7.3869286,-0.09851144165039116,0.024868200000000007,0.044415087,0.019546886507797234
35516,0.18238699999999997,0.02440367,-0.15798332919728753,6.56568,8.866164,2.3004842074584957,8.36515,7.1583056,-1.2068443550109862,0.051455999999999946,0.038810614,-0.012645385503530449
35517,-0.008193000000000117,0.02440367,0.03259667080271256,5.365660000000002,8.368576,3.0029160498046856,5.657000000000002,7.208956,1.551955764770506,0.08552360000000003,0.04279377,-0.04272983061060909
35664,-0.03761300000000012,0.035472713,0.07308571341085446,7.445680000000003,9.108789,1.6631094439697236,5.17515,7.490416,2.315266049957275,0.0014560000000000128,0.024951316,0.023495316416263567
35756,0.04238699999999995,0.02440367,-0.017983329197287512,11.505680000000002,8.866164,-2.6395157925415056,14.305150000000001,7.1583056,-7.1468443550109875,0.32145599999999996,0.038810614,-0.28264538550353047
35758,-0.009633000000000003,-0.016182885,-0.00654988457393646,9.370070000000002,7.815524,-1.5545458987426777,6.40405,6.7023993,0.29834925384521505,0.07408400000000004,0.0712099,-0.0028740999188423544
35849,0.002215000000000078,0.02826372,0.026048719752430838,7.25835,9.852274,2.593923941040039,4.017250000000001,7.7637734,3.7465234413146966,-0.05273589999999995,0.03483969,0.08757558973159785
35858,0.18359000000000003,0.075641155,-0.10794884475708011,15.457450000000001,13.524749,-1.9327011978149429,15.389019999999999,10.882042,-4.506978068847655,0.13918299999999995,0.022862451,-0.11632054884898657
35860,0.053590000000000027,0.075641155,0.022051155242919895,11.557450000000003,13.524749,1.9672988021850557,8.77902,10.882042,2.1030219311523446,-0.010816999999999966,0.022862451,0.03367945115101334
35861,0.07359000000000004,0.075641155,0.0020511552429198776,13.757450000000002,13.524749,-0.23270119781494358,10.789019999999999,10.882042,0.0930219311523448,-0.0008170000000000677,0.022862451,0.023679451151013442
35862,0.11358999999999997,0.075641155,-0.03794884475708005,14.65745,13.524749,-1.1327011978149422,11.879019999999999,10.882042,-0.996978068847655,0.009182999999999941,0.022862451,0.013679451151013433
35863,0.11358999999999997,0.075641155,-0.03794884475708005,15.057450000000003,13.524749,-1.5327011978149443,11.619019999999999,10.882042,-0.7369780688476553,-0.030816999999999983,0.022862451,0.05367945115101336
35905,-0.010262999999999911,0.07154553,0.08180852638530722,6.518529999999998,9.574139,3.0556086413574235,3.9046699999999994,7.078295,3.173625230865479,-0.02040580000000003,0.038193874,0.058599674061107665
35984,-0.07778499999999999,0.017894747,0.09567974673569202,6.1183499999999995,7.589956,1.4716058067321782,2.12725,6.970156,4.842906192779541,-0.05773589999999995,0.0718085,0.1295444020780563
36100,0.19340499999999994,0.08320454,-0.11020046236991876,7.68732,9.001784,1.3144643246459964,11.22722,9.786041,-1.4411787402343759,0.16421990000000009,0.13202384,-0.032196058857345666
36300,0.041870000000000074,0.06572593,0.023855930035114215,8.20758,8.589953,0.3823734225463866,6.421039999999998,7.1462655,0.7252255067443869,0.00414060000000005,0.024151597,0.020010997172021816
36302,0.011870000000000047,0.06572593,0.05385593003511424,7.20758,8.589953,1.3823734225463866,3.621039999999997,7.1462655,3.5252255067443876,-0.07585940000000002,0.024151597,0.10001099717202189
36303,0.0018700000000000383,0.06572593,0.06385593003511425,7.20758,8.589953,1.3823734225463866,2.5210399999999993,7.1462655,4.6252255067443855,-0.11585940000000006,0.024151597,0.14001099717202192
36304,0.06187000000000009,0.06572593,0.0038559300351141967,7.107580000000002,8.589953,1.4823734225463845,5.321039999999998,7.1462655,1.8252255067443865,-0.025859399999999977,0.024151597,0.05001099717202184
36305,0.011870000000000047,0.06572593,0.05385593003511424,7.007580000000001,8.589953,1.582373422546386,3.121039999999997,7.1462655,4.025225506744388,-0.09585940000000004,0.024151597,0.1200109971720219
36306,0.11187000000000002,0.06572593,-0.04614406996488574,11.00758,8.589953,-2.417626577453614,10.621039999999999,7.1462655,-3.474774493255614,0.09414060000000002,0.024151597,-0.06998900282797815
36307,0.13187000000000004,0.06572593,-0.06614406996488575,8.807580000000002,8.589953,-0.2176265774536148,10.52104,7.1462655,-3.3747744932556145,0.14414059999999995,0.024151597,-0.11998900282797809
36308,0.12187000000000003,0.06572593,-0.056144069964885746,8.607580000000002,8.589953,-0.01762657745361551,10.52104,7.1462655,-3.3747744932556145,0.15414059999999996,0.024151597,-0.1299890028279781
36309,0.10187000000000002,0.06572593,-0.03614406996488573,8.607580000000002,8.589953,-0.01762657745361551,8.321039999999998,7.1462655,-1.1747744932556135,0.044140599999999974,0.024151597,-0.01998900282797811
36310,0.10187000000000002,0.06572593,-0.03614406996488573,8.40758,8.589953,0.18237342254638733,5.821039999999998,7.1462655,1.3252255067443865,-0.08585940000000003,0.024151597,0.1100109971720219
36311,0.0718700000000001,0.06572593,-0.006144069964885812,8.307580000000002,8.589953,0.2823734225463852,7.521039999999999,7.1462655,-0.3747744932556145,0.034140599999999965,0.024151597,-0.0099890028279781
36386,0.226387,0.040101293,-0.1862857065255642,14.405680000000002,8.592579,-5.813101112060549,14.945150000000002,7.527731,-7.417419058227541,0.21345599999999998,0.07555392,-0.13790208360528944
36387,0.2543869999999999,0.040101293,-0.2142857065255641,8.205680000000001,8.592579,0.38689888793945215,13.875150000000001,7.527731,-6.3474190582275405,0.275456,0.07555392,-0.19990208360528944
36466,0.0914879999999999,0.010092176,-0.0813958244343399,9.141820000000003,9.114159,-0.02766136962890897,7.31644,6.0510554,-1.2653845686340333,-0.013692199999999932,0.0060174474,0.019709647449266843
36564,0.12387999999999999,0.02219713,-0.10168287079513072,4.7515399999999985,7.329198,2.5776578836059585,7.372200000000001,6.677453,-0.694746958923341,0.10025010000000001,0.06418299,-0.036067110700702676
36565,-0.02778499999999995,0.018376304,0.04616130383670325,11.388349999999999,8.730194,-2.658155908203124,7.587250000000001,6.4650593,-1.1221907196044931,-0.007735899999999907,0.018719718,0.02645561786022177
36566,-0.01778499999999994,0.018376304,0.03616130383670324,11.518349999999998,8.730194,-2.788155908203123,7.987250000000001,6.4650593,-1.5221907196044935,0.002264100000000102,0.018719718,0.01645561786022176
36567,-0.02778499999999995,0.018376304,0.04616130383670325,11.568349999999999,8.730194,-2.838155908203124,8.26725,6.4650593,-1.8021907196044928,0.02226410000000001,0.018719718,-0.003544382139778146
36568,0.012215000000000087,0.018376304,0.006161303836703214,10.86835,8.730194,-2.1381559082031245,7.887250000000002,6.4650593,-1.4221907196044938,0.002264100000000102,0.018719718,0.01645561786022176
36625,0.5223869999999999,0.026230238,-0.496156761621952,18.50568,9.679463,-8.826216613464357,19.40515,7.409651,-11.995499197387694,0.48945600000000006,0.038424212,-0.4510317875144482
36626,-0.03761300000000012,0.026230238,0.06384323837804806,8.605680000000003,9.679463,1.0737833865356414,6.405150000000001,7.409651,1.004500802612304,0.038455999999999935,0.038424212,-3.178751444810057e-05
36638,0.12253400000000003,0.1129214,-0.009612598141670259,8.546149999999997,8.174168,-0.3719823669433566,9.088349999999998,9.310334,0.22198420562744303,0.06081619999999999,0.08805561,0.027239410656738294
36753,-0.04799700000000007,-0.013744529,0.034252470663309165,10.812470000000005,9.147323,-1.6651473452758836,6.864879999999999,5.425662,-1.4392179592895502,-0.00011470000000002312,-0.0108747315,-0.010760031466174103
36754,-0.04999700000000007,-0.013744529,0.036252470663309166,10.602470000000004,9.147323,-1.4551473452758827,5.744879999999998,5.425662,-0.3192179592895492,-0.04211469999999995,-0.0108747315,0.031239968533825824
36755,-0.07199700000000009,-0.013744529,0.058252470663309186,8.092470000000002,9.147323,1.0548526547241188,2.3648799999999994,5.425662,3.06078204071045,-0.08211469999999987,-0.0108747315,0.07123996853382575
36756,-0.06099699999999997,-0.013744529,0.047252470663309065,8.752470000000002,9.147323,0.3948526547241187,3.6548799999999986,5.425662,1.7707820407104506,-0.061114699999999966,-0.0108747315,0.05023996853382584
36757,-0.058996999999999966,-0.013744529,0.04525247066330906,9.432470000000002,9.147323,-0.28514734527588104,3.964880000000001,5.425662,1.4607820407104484,-0.07211469999999987,-0.0108747315,0.06123996853382574
37054,-0.059414999999999996,-0.022573464,0.036841536381244655,5.895590000000002,6.6065207,0.710930652770994,5.151009999999999,6.1257896,0.974779642333985,0.05871729999999997,0.062067416,0.003350115565252332
37055,-0.059414999999999996,-0.022573464,0.036841536381244655,6.345590000000001,6.6065207,0.2609306527709947,5.961010000000002,6.1257896,0.16477964233398268,0.07871729999999999,0.062067416,-0.016649884434747686
37056,-0.04941499999999999,-0.022573464,0.026841536381244646,6.575590000000002,6.6065207,0.03093065277099427,5.841010000000001,6.1257896,0.2847796423339837,0.05871729999999997,0.062067416,0.003350115565252332
37058,-0.01941499999999996,-0.022573464,-0.0031584636187553805,6.67559,6.6065207,-0.0690693472290036,6.38101,6.1257896,-0.2552203576660155,0.05871729999999997,0.062067416,0.003350115565252332
37060,0.020585000000000075,-0.022573464,-0.043158463618755416,5.575590000000002,6.6065207,1.0309306527709943,6.401009999999999,6.1257896,-0.27522035766601505,0.06871729999999998,0.062067416,-0.006649884434747677
37061,0.10058500000000004,-0.022573464,-0.12315846361875538,6.735590000000002,6.6065207,-0.12906934722900587,8.07101,6.1257896,-1.945220357666015,0.04871729999999996,0.062067416,0.01335011556525234
37062,-0.03941499999999998,-0.022573464,0.016841536381244637,5.97559,6.6065207,0.6309306527709957,5.761009999999999,6.1257896,0.3647796423339855,0.06871729999999998,0.062067416,-0.006649884434747677
37063,-0.02941499999999997,-0.022573464,0.006841536381244628,6.49559,6.6065207,0.11093065277099612,6.97101,6.1257896,-0.8452203576660153,0.09871730000000001,0.062067416,-0.036649884434747704
37064,-0.03941499999999998,-0.022573464,0.016841536381244637,6.90559,6.6065207,-0.299069347229004,6.27101,6.1257896,-0.14522035766601604,0.05871729999999997,0.062067416,0.003350115565252332
37065,-0.009414999999999951,-0.022573464,-0.01315846361875539,5.665590000000002,6.6065207,0.9409306527709944,5.321010000000001,6.1257896,0.8047796423339832,0.038717299999999955,0.062067416,0.02335011556525235
37066,-0.02941499999999997,-0.022573464,0.006841536381244628,6.805590000000002,6.6065207,-0.19906934722900615,6.331009999999999,6.1257896,-0.20522035766601476,0.05871729999999997,0.062067416,0.003350115565252332
37067,0.0005850000000000577,-0.022573464,-0.0231584636187554,6.795590000000001,6.6065207,-0.1890693472290046,7.62101,6.1257896,-1.4952203576660157,0.09871730000000001,0.062067416,-0.036649884434747704
37068,0.010585000000000067,-0.022573464,-0.03315846361875541,6.1255900000000025,6.6065207,0.48093065277099356,6.431010000000001,6.1257896,-0.3052203576660162,0.05871729999999997,0.062067416,0.003350115565252332
37069,-0.01941499999999996,-0.022573464,-0.0031584636187553805,6.67559,6.6065207,-0.0690693472290036,6.81101,6.1257896,-0.6852203576660152,0.07871729999999999,0.062067416,-0.016649884434747686
37070,0.0005850000000000577,-0.022573464,-0.0231584636187554,6.205590000000001,6.6065207,0.40093065277099527,5.901009999999999,6.1257896,0.22477964233398495,0.038717299999999955,0.062067416,0.02335011556525235
37071,-0.02941499999999997,-0.022573464,0.006841536381244628,6.165590000000002,6.6065207,0.4409306527709944,5.61101,6.1257896,0.5147796423339841,0.04871729999999996,0.062067416,0.01335011556525234
37072,0.0005850000000000577,-0.022573464,-0.0231584636187554,6.3755900000000025,6.6065207,0.23093065277099356,6.46101,6.1257896,-0.33522035766601554,0.05871729999999997,0.062067416,0.003350115565252332
37073,-0.04941499999999999,-0.022573464,0.026841536381244646,6.72559,6.6065207,-0.11906934722900431,6.61101,6.1257896,-0.4852203576660159,0.0887173,0.062067416,-0.026649884434747695
37075,0.010585000000000067,-0.022573464,-0.03315846361875541,6.345590000000001,6.6065207,0.2609306527709947,6.171009999999999,6.1257896,-0.04522035766601462,0.038717299999999955,0.062067416,0.02335011556525235
37077,-0.02941499999999997,-0.022573464,0.006841536381244628,6.42559,6.6065207,0.1809306527709964,6.47101,6.1257896,-0.34522035766601533,0.07871729999999999,0.062067416,-0.016649884434747686
37078,0.010585000000000067,-0.022573464,-0.03315846361875541,6.035590000000003,6.6065207,0.5709306527709934,6.151009999999999,6.1257896,-0.025220357666015047,0.04871729999999996,0.062067416,0.01335011556525234
37079,-0.08941500000000002,-0.022573464,0.06684153638124468,6.345590000000001,6.6065207,0.2609306527709947,4.11101,6.1257896,2.014779642333984,0.018717299999999937,0.062067416,0.04335011556525237
37080,-0.069415,-0.022573464,0.046841536381244664,5.575590000000002,6.6065207,1.0309306527709943,4.741009999999999,6.1257896,1.384779642333985,0.05871729999999997,0.062067416,0.003350115565252332
37081,-0.04941499999999999,-0.022573464,0.026841536381244646,6.6355900000000005,6.6065207,-0.02906934722900445,5.671009999999999,6.1257896,0.4547796423339854,0.04871729999999996,0.062067416,0.01335011556525234
37082,-0.059414999999999996,-0.022573464,0.036841536381244655,5.67559,6.6065207,0.9309306527709964,4.97101,6.1257896,1.1547796423339847,0.05871729999999997,0.062067416,0.003350115565252332
37083,-0.03941499999999998,-0.022573464,0.016841536381244637,6.49559,6.6065207,0.11093065277099612,5.491009999999999,6.1257896,0.6347796423339851,0.038717299999999955,0.062067416,0.02335011556525235
37084,-0.01941499999999996,-0.022573464,-0.0031584636187553805,5.575590000000002,6.6065207,1.0309306527709943,5.761009999999999,6.1257896,0.3647796423339855,0.06871729999999998,0.062067416,-0.006649884434747677
37085,-0.04941499999999999,-0.022573464,0.026841536381244646,5.6355900000000005,6.6065207,0.9709306527709956,4.871009999999998,6.1257896,1.254779642333986,0.04871729999999996,0.062067416,0.01335011556525234
37087,-0.02941499999999997,-0.022573464,0.006841536381244628,6.395590000000002,6.6065207,0.210930652770994,5.36101,6.1257896,0.7647796423339841,0.028717299999999946,0.062067416,0.03335011556525236
37088,-0.069415,-0.022573464,0.046841536381244664,5.825590000000002,6.6065207,0.7809306527709943,4.461010000000002,6.1257896,1.6647796423339827,0.038717299999999955,0.062067416,0.02335011556525235
37089,-0.009414999999999951,-0.022573464,-0.01315846361875539,5.5055900000000015,6.6065207,1.1009306527709946,5.641010000000001,6.1257896,0.48477964233398296,0.05871729999999997,0.062067416,0.003350115565252332
37090,-0.059414999999999996,-0.022573464,0.036841536381244655,6.24559,6.6065207,0.3609306527709961,4.97101,6.1257896,1.1547796423339847,0.038717299999999955,0.062067416,0.02335011556525235
37091,0.0005850000000000577,-0.022573464,-0.0231584636187554,5.6255900000000025,6.6065207,0.9809306527709936,6.11101,6.1257896,0.0147796423339841,0.06871729999999998,0.062067416,-0.006649884434747677
37092,-0.02941499999999997,-0.022573464,0.006841536381244628,5.845590000000001,6.6065207,0.7609306527709947,4.901009999999999,6.1257896,1.224779642333985,0.028717299999999946,0.062067416,0.03335011556525236
37093,-0.07941500000000001,-0.022573464,0.05684153638124467,5.715590000000002,6.6065207,0.8909306527709937,4.931010000000001,6.1257896,1.1947796423339838,0.06871729999999998,0.062067416,-0.006649884434747677
37096,-0.069415,-0.022573464,0.046841536381244664,5.765590000000003,6.6065207,0.840930652770993,4.88101,6.1257896,1.2447796423339845,0.05871729999999997,0.062067416,0.003350115565252332
37097,-0.02941499999999997,-0.022573464,0.006841536381244628,5.855590000000003,6.6065207,0.7509306527709931,5.13101,6.1257896,0.9947796423339845,0.038717299999999955,0.062067416,0.02335011556525235
37100,-0.059414999999999996,-0.022573464,0.036841536381244655,5.765590000000003,6.6065207,0.840930652770993,5.04101,6.1257896,1.0847796423339844,0.05871729999999997,0.062067416,0.003350115565252332
37102,-0.07941500000000001,-0.022573464,0.05684153638124467,5.665590000000002,6.6065207,0.9409306527709944,4.81101,6.1257896,1.3147796423339848,0.06871729999999998,0.062067416,-0.006649884434747677
37214,-0.001742999999999828,0.0020141914,0.0037571913555560776,16.061200000000003,13.2729025,-2.788297511291507,14.73947,13.270708,-1.4687619158935554,0.2246475,0.21299347,-0.011654027185440063
37328,-0.02761300000000011,0.026230238,0.05384323837804805,7.425680000000003,9.679463,2.253783386535641,5.37515,7.409651,2.034500802612305,0.024455999999999922,0.038424212,0.013968212485551912
37408,-0.03474299999999997,0.04250716,0.07725016045498845,3.5769599999999997,6.748351,3.171391097106934,0.7340900000000019,5.405812,4.671721786651609,-0.024622699999999997,0.04372104,0.0683437388481617
37600,0.4155380000000001,0.30062154,-0.11491646064567573,16.160790000000002,14.096895,-2.0638947821044944,18.21133,16.34584,-1.8654895458984377,0.4152191,0.3319486,-0.08327049183998109
37601,0.355538,0.30062154,-0.05491646064567568,15.06079,14.096895,-0.963894782104493,17.611330000000002,16.34584,-1.2654895458984399,0.3952191,0.3319486,-0.06327049183998107
37726,0.12238699999999991,0.044070117,-0.07831688282442084,12.805680000000002,9.108789,-3.696890556030276,10.90515,7.490416,-3.4147339500427254,0.03145599999999993,0.018605176,-0.012850823640584874
37727,0.1023869999999999,0.044070117,-0.058316882824420824,9.40568,9.108789,-0.2968905560302737,8.52515,7.490416,-1.0347339500427246,0.03145599999999993,0.018605176,-0.012850823640584874
37789,0.06000899999999998,0.055949368,-0.004059632417201975,14.831130000000002,13.95589,-0.87524029815674,13.666080000000001,13.432966,-0.2331137677001962,0.0684248999999999,0.12385237,0.05542747216949473
37790,0.09558299999999997,0.07948018,-0.016102821345806095,18.63033,10.61796,-8.012370023803712,17.14777,9.243626,-7.904144359130861,0.1667229,0.04568893,-0.1210339691010952
37890,-0.10817800000000011,-0.07190478,0.03627322151947032,4.8942400000000035,6.235263,1.3410228707885707,3.090160000000001,4.9449015,1.854741466369628,0.04883590000000004,0.06201393,0.013178031572437243
37898,-0.08817800000000009,-0.07190478,0.016273221519470304,5.374240000000004,6.235263,0.8610228707885703,4.100159999999999,4.9449015,0.84474146636963,0.05883590000000005,0.06201393,0.0031780315724372343
37973,0.1333209999999999,0.10171999,-0.031601009627342136,1.439070000000001,6.838405,5.3993351322937,4.57621,9.752143,5.175932906188965,0.05661309999999997,0.12904857,0.07243547099056247
38487,-0.04363600000000001,-0.035335492,0.008300507657289513,8.26624,9.744672,1.4784318215942385,7.2173099999999994,9.2483835,2.031073522033692,0.06105130000000003,0.12016022,0.0591089220535278
38488,-0.02363599999999999,-0.035335492,-0.011699492342710505,9.566239999999997,9.744672,0.1784318215942413,9.317309999999999,9.2483835,-0.06892647796630769,0.10405130000000007,0.12016022,0.016108922053527763
38489,0.006364000000000036,-0.035335492,-0.04169949234271053,12.066239999999997,9.744672,-2.3215681784057587,14.017309999999998,9.2483835,-4.768926477966307,0.2590513000000001,0.12016022,-0.13889107794647226
38778,0.030312000000000117,-0.015198395,-0.04551039465618145,12.867569999999999,8.300594,-4.5669756701660145,14.250419999999998,9.618299,-4.632121469421385,0.24931179999999997,0.1193376,-0.1299741965501785
38780,0.05867700000000009,0.026279412,-0.03239758779001245,10.88559,9.59603,-1.2895597647094732,11.42638,7.483903,-3.942477068786621,0.16388749999999996,0.040716454,-0.12317104561328884
38782,0.0014369999999999106,0.034178015,0.03274101484465608,7.298460000000002,8.922614,1.6241540975952127,8.812490000000002,9.164524,0.35203407836913847,0.14453720000000003,0.12703629,-0.01750091161937717
38810,0.07156600000000013,0.10024888,0.028682880684375633,7.39648,8.314064,0.9175840258789059,9.906,10.373389,0.46738924407958926,0.1392371,0.13506693,-0.004170173520660403
38812,0.07556600000000013,0.10024888,0.02468288068437563,7.606480000000001,8.314064,0.707584025878905,9.386000000000001,10.373389,0.9873892440795888,0.11323710000000009,0.13506693,0.02182982647933951
38826,0.150764,0.072138436,-0.0786255638613701,9.409720000000002,6.7078557,-2.7018642985534687,11.58361,6.9647784,-4.618831576690674,0.2693011,0.14086783,-0.12843327067718507
38827,0.07876399999999995,0.072138436,-0.006625563861370032,6.169720000000002,6.7078557,0.5381357014465316,7.94361,6.9647784,-0.9788315766906734,0.15530109999999997,0.14086783,-0.014433270677185028
38828,0.155764,0.072138436,-0.0836255638613701,10.349720000000001,6.7078557,-3.641864298553468,10.92361,6.9647784,-3.958831576690674,0.1773011000000001,0.14086783,-0.03643327067718516
38829,0.155764,0.072138436,-0.0836255638613701,10.549720000000002,6.7078557,-3.8418642985534692,11.08361,6.9647784,-4.118831576690674,0.1883011,0.14086783,-0.04743327067718506
38831,0.3477640000000001,0.072138436,-0.27562556386137016,17.16972,6.7078557,-10.461864298553468,15.81361,6.9647784,-8.848831576690674,0.4363011000000001,0.14086783,-0.29543327067718517
38832,0.127764,0.072138436,-0.055625563861370075,4.56972,6.7078557,2.138135701446533,6.69361,6.9647784,0.27116842330932656,0.10030110000000003,0.14086783,0.04056672932281491
38833,-0.06923600000000008,0.072138436,0.14137443613863,1.989720000000002,6.7078557,4.718135701446531,1.7036100000000012,6.9647784,5.261168423309325,0.057301099999999994,0.14086783,0.08356672932281495
38834,-0.059236000000000066,0.072138436,0.13137443613862998,4.3797200000000025,6.7078557,2.3281357014465307,3.93361,6.9647784,3.0311684233093263,0.07730110000000001,0.14086783,0.06356672932281493
38836,-0.06923600000000008,0.072138436,0.14137443613863,1.74972,6.7078557,4.958135701446533,-0.04638999999999882,6.9647784,7.011168423309325,-0.009698899999999955,0.14086783,0.1505667293228149
39141,0.0014879999999999338,0.0041618193,0.00267381934997446,6.141820000000003,8.413065,2.2712449566650363,3.2164399999999986,5.5470576,2.330617628631593,-0.05369219999999997,0.013653604,0.06734580431373116
39161,0.16622499999999996,0.09538756,-0.07083743689060207,19.096040000000002,14.360387,-4.735653151550295,19.52153,14.984202,-4.537327615051268,0.19850879999999993,0.13890098,-0.05960781964664452
39163,0.15622499999999995,0.09538756,-0.06083743689060206,14.906040000000004,14.360387,-0.5456531515502974,16.921529999999997,14.984202,-1.9373276150512666,0.17450880000000002,0.13890098,-0.03560781964664461
39222,0.05221500000000012,0.030729039,-0.02148596135914338,7.708349999999999,8.200483,0.4921333221435553,12.547250000000002,6.826676,-5.720574108123781,0.31226410000000004,0.04536446,-0.266899638160801
39223,0.042215000000000114,0.030729039,-0.01148596135914337,7.418349999999997,8.200483,0.782133322143558,11.797250000000002,6.826676,-4.970574108123781,0.2822641000000001,0.04536446,-0.236899638160801
39350,-0.09102100000000002,0.032592025,0.12361302465415003,7.105720000000005,10.82714,3.721419854431147,2.0325399999999973,7.811256,5.778715931854251,-0.06192249999999999,0.041847263,0.10376976253151893
39392,0.04981499999999994,0.064297155,0.014482154545784054,5.8782299999999985,6.619164,0.7409339900207534,7.045549999999999,6.589858,-0.45569194488525255,0.11202750000000006,0.06436711,-0.04766039195299154
39393,0.08981499999999987,0.064297155,-0.02551784545421587,5.3782299999999985,6.619164,1.2409339900207534,6.525549999999999,6.589858,0.06430805511474702,0.07202750000000002,0.06436711,-0.007660391952991508
39433,-0.0608820000000001,0.06864312,0.12952512291145335,5.511850000000003,9.403606,3.8917564147949193,3.8847200000000015,7.3840494,3.4993294155883774,-0.0019947999999999633,0.050651383,0.05264618265490528
39700,0.06253400000000009,0.06554991,0.0030159100685118734,11.146149999999999,9.799091,-1.3470586608886705,8.488349999999999,8.746027,0.25767699279785283,0.0008162000000000447,0.027844934,0.027028733792948678
39701,0.05253400000000008,0.06554991,0.013015910068511882,10.44615,9.799091,-0.6470586608886713,8.388349999999999,8.746027,0.3576769927978525,0.06081619999999999,0.027844934,-0.032971266207051264
39703,0.11253400000000002,0.06554991,-0.04698408993148806,11.346149999999998,9.799091,-1.5470586608886698,9.088349999999998,8.746027,-0.3423230072021468,0.010816199999999943,0.027844934,0.01702873379294878
39887,-0.103707,-0.034447495,0.06925950510573387,1.330490000000001,3.9565103,2.626020305404662,-1.2855799999999995,2.1690202,3.4546001759338374,-0.01874140000000002,0.016496759,0.03523815890803339
39888,-0.060707000000000066,-0.034447495,0.026259505105733938,2.4504899999999985,3.9565103,1.5060203054046646,1.4044199999999982,2.1690202,0.7646001759338397,0.02425860000000002,0.016496759,-0.007761841091966648
39889,-0.06570699999999996,-0.034447495,0.03125950510573383,1.590489999999999,3.9565103,2.366020305404664,0.01442000000000121,2.1690202,2.1546001759338367,-0.001741400000000115,0.016496759,0.018238158908033486
40018,0.05502600000000002,-0.0082630655,-0.06328906547969582,7.61889,7.371004,-0.24788589538574257,7.265000000000001,6.3539095,-0.9110905075073248,0.02747069999999996,0.07824148,0.05077078237705235
40019,0.04502600000000001,-0.0082630655,-0.05328906547969581,6.218889999999998,7.371004,1.1521141046142596,4.665000000000001,6.3539095,1.6889094924926749,-0.0525293,0.07824148,0.1307707823770523
40040,0.02189899999999989,0.03986787,0.01796887050962459,8.78529,9.52249,0.7371995477294924,9.517610000000001,11.897856,2.380245758666991,0.09322010000000003,0.1377663,0.04454620163192746
40497,-0.018213000000000035,-0.010492396,0.0077206043903828014,11.620159999999998,9.86503,-1.7551297113037094,7.35717,5.495885,-1.861285104675293,-0.024511999999999978,-0.0155836195,0.008928380524635293
41204,-0.031049000000000104,0.08709552,0.11814452139043818,9.805870000000002,12.868844,3.0629740322875953,6.354890000000001,10.952745,4.597855437622069,-0.015150600000000125,0.07038214,0.08553274057683957
41237,-0.009613000000000094,0.040101293,0.0497142934744359,10.505680000000002,8.592579,-1.9131011120605486,7.565150000000001,7.527731,-0.03741905822753999,0.014455999999999913,0.07555392,0.06109791639471063
41238,0.004386999999999919,0.00509728,0.0007102797907889702,11.49568,11.090935,-0.40474524658203137,8.65515,10.497348,1.8421978317260734,0.027455999999999925,0.14119707,0.11374107047939308
41251,0.07950899999999994,0.07347651,-0.0060324917402266864,9.851770000000002,9.657977,-0.1937928958129902,9.865739999999999,8.22498,-1.6407596456909168,0.10065210000000002,0.06653629,-0.034115807566261314
41279,0.025386999999999937,0.026230238,0.0008432383780480057,13.905680000000002,9.679463,-4.2262166134643575,9.385150000000001,7.409651,-1.9754991973876965,-0.04754400000000014,0.038424212,0.08596821248555198
41325,-0.047784999999999966,0.030729039,0.07851403864085671,7.488349999999997,8.200483,0.7121333221435577,2.497250000000001,6.826676,4.32942589187622,-0.08773589999999998,0.04536446,0.13310036183919904
41326,0.15738699999999994,0.02440367,-0.1329833291972875,10.705680000000001,8.866164,-1.8395157925415049,11.50515,7.1583056,-4.346844355010987,0.12145600000000001,0.038810614,-0.08264538550353051
41327,0.28238699999999994,0.02440367,-0.2579833291972875,14.805680000000002,8.866164,-5.939515792541506,14.70515,7.1583056,-7.546844355010986,0.14145599999999992,0.038810614,-0.10264538550353042
41328,0.30238699999999996,0.02440367,-0.2779833291972875,17.405680000000004,8.866164,-8.539515792541508,17.90515,7.1583056,-10.746844355010985,0.38145599999999996,0.038810614,-0.34264538550353046
41350,-0.02761300000000011,0.044070117,0.07168311717557918,7.505680000000002,9.108789,1.6031094439697249,7.805150000000001,7.490416,-0.31473395004272575,0.1314559999999999,0.018605176,-0.11285082364058485
41367,0.30238699999999996,0.02440367,-0.2779833291972875,11.925680000000003,8.866164,-3.0595157925415073,12.44515,7.1583056,-5.286844355010986,0.03145599999999993,0.038810614,0.007354614496469569
41538,0.05852900000000005,0.061417475,0.002888475342750496,3.2787599999999983,4.6670175,1.3882574598693864,12.536719999999999,9.241044,-3.29567595550537,0.46920370000000006,0.27450302,-0.1947006775676728
41539,0.06852900000000006,0.061417475,-0.007111524657249513,5.278759999999998,4.6670175,-0.6117425401306136,13.92672,9.241044,-4.685675955505371,0.5092037,0.27450302,-0.23470067756767277
41540,0.05852900000000005,0.061417475,0.002888475342750496,3.988759999999999,4.6670175,0.6782574598693856,5.866719999999999,9.241044,3.37432404449463,0.0992037,0.27450302,0.17529932243232726
41541,0.08852899999999997,0.061417475,-0.02711152465724942,4.278759999999998,4.6670175,0.3882574598693864,6.566719999999998,9.241044,2.6743240444946306,0.0992037,0.27450302,0.17529932243232726
41678,0.3702383,0.11719651,-0.25304179224805834,18.62678,9.270287,-9.356493439941406,15.89093,7.663154,-8.227775874786378,0.46802509999999997,0.2830808,-0.18494431353340146
41746,-0.038112000000000146,-0.034622,0.0034900013322831658,7.97804,6.573736,-1.4043038092041016,6.362019999999999,5.9641323,-0.3978876910400384,0.06489519999999993,0.05044818,-0.014447020755004814
41747,-0.038112000000000146,-0.034622,0.0034900013322831658,5.97804,6.573736,0.5956961907958984,6.26202,5.9641323,-0.29788769104003876,0.034895199999999904,0.05044818,0.015552979244995213
41748,-0.048112000000000155,-0.034622,0.013490001332283175,4.97804,6.573736,1.5956961907958984,3.3620199999999993,5.9641323,2.6021123089599616,0.024895200000000006,0.05044818,0.02555297924499511
41749,-0.048112000000000155,-0.034622,0.013490001332283175,4.378040000000002,6.573736,2.1956961907958963,4.362019999999999,5.9641323,1.6021123089599616,0.014895199999999997,0.05044818,0.03555297924499512
41823,0.058694000000000135,0.14894153,0.09024753177738176,19.70765,14.780115,-4.927534872436524,18.1997,15.068765,-3.1309353134155273,0.1525301,0.119138904,-0.03339119608411789
41876,0.06793399999999994,0.06538635,-0.002547652527332245,4.06833,8.09048,4.022149850769043,4.240360000000001,6.336203,2.0958430982971183,0.02952010000000005,0.01489567,-0.014624429884052326
41908,0.009717700000000051,-0.014596051,-0.02431375060517793,8.805240000000001,6.456624,-2.3486159689331068,8.571629999999999,6.6280136,-1.9436163891601552,0.09719449999999996,0.088405564,-0.008788935572624168
42007,-0.08114550000000009,-0.049710624,0.031434876080036256,6.02018,6.2336097,0.21342967636108412,3.5999199999999973,4.6317434,1.0318234310913112,-0.01939920000000006,0.03134191,0.05074111036224371
42008,-0.10114550000000011,-0.049710624,0.051434876080036274,4.120180000000001,6.2336097,2.1134296763610827,0.9499199999999988,4.6317434,3.68182343109131,-0.01939920000000006,0.03134191,0.05074111036224371
42009,-0.0911455000000001,-0.049710624,0.041434876080036265,4.620180000000001,6.2336097,1.6134296763610827,2.4499199999999988,4.6317434,2.18182343109131,0.030600799999999984,0.03134191,0.0007411103622436688
42123,0.028456000000000037,0.06566781,0.03721180805587765,0.716190000000001,4.8021946,4.086004595336913,2.4027600000000007,7.3632817,4.9605217268371575,0.0694509000000001,0.14877395,0.0793230533185958
42173,0.06238699999999997,0.076601446,0.01421444567489627,26.56568,11.416503,-15.149177047424317,19.40515,11.499364,-7.905786100769042,0.24145599999999995,0.13029568,-0.11116032102680201
42174,0.1023869999999999,0.076601446,-0.025785554325103655,10.38568,11.416503,1.030822952575683,11.40515,11.499364,0.09421389923095624,0.16145599999999993,0.13029568,-0.031160321026801996
42175,0.19238699999999997,0.076601446,-0.11578555432510373,16.77568,11.416503,-5.359177047424318,15.305150000000001,11.499364,-3.805786100769044,0.18145599999999995,0.13029568,-0.051160321026802014
