Ref_ID,delta_Voc_true,delta_Voc_pred,delta_Voc_error,delta_Jsc_true,delta_Jsc_pred,delta_Jsc_error,delta_PCE_true,delta_PCE_pred,delta_PCE_error,delta_FF_true,delta_FF_pred,delta_FF_error
20,0.10898999999999992,0.05275706,-0.056232941707372586,12.851590000000002,10.042667,-2.808922611083986,10.28508,7.598464,-2.6866159878540046,-0.006516399999999978,0.0036530646,0.010169464602985956
22,-0.041154000000000135,-0.05270485,-0.011550848349094256,13.580079999999999,12.133985,-1.4460954342651355,12.088349999999998,10.139074,-1.949275674438475,0.10617929999999998,0.07189899,-0.034280310620594
23,-0.07115400000000016,-0.05270485,0.01844915165090577,11.580079999999999,12.133985,0.5539045657348645,9.18835,10.139074,0.9507243255615236,0.059179300000000046,0.07189899,0.01271968937940593
24,-0.08115400000000017,-0.05270485,0.02844915165090578,11.250079999999997,12.133985,0.8839045657348663,8.18835,10.139074,1.9507243255615236,0.03317930000000002,0.07189899,0.03871968937940595
25,-0.051154000000000144,-0.05270485,-0.001550848349094247,11.70008,12.133985,0.43390456573486347,10.388349999999999,10.139074,-0.24927567443847565,0.09517929999999997,0.07189899,-0.02328031062059399
26,-0.041154000000000135,-0.05270485,-0.011550848349094256,13.580079999999999,12.133985,-1.4460954342651355,12.088349999999998,10.139074,-1.949275674438475,0.10617929999999998,0.07189899,-0.034280310620594
27,-0.08115400000000017,-0.05270485,0.02844915165090578,11.250079999999997,12.133985,0.8839045657348663,8.18835,10.139074,1.9507243255615236,0.03317930000000002,0.07189899,0.03871968937940595
72,-0.09866200000000003,-0.03194913,0.06671287104439738,5.228439999999999,8.295371,3.0669310556030283,2.2971799999999973,5.5750422,3.2778622477722195,-0.004401800000000011,0.033845723,0.0382475226753235
89,0.021665000000000045,0.014472104,-0.007192896322310016,8.310340000000004,8.312338,0.0019978753662073245,7.1113,6.890699,-0.22060109024047847,0.045322799999999996,0.054329023,0.00900622276515961
90,-0.07833500000000004,0.014472104,0.09280710367769007,5.310340000000004,8.312338,3.0019978753662073,2.9113000000000007,6.890699,3.979398909759521,0.01532279999999997,0.054329023,0.03900622276515964
91,-0.07833500000000004,0.014472104,0.09280710367769007,6.310340000000004,8.312338,2.0019978753662073,5.1113,6.890699,1.7793989097595215,0.07532280000000002,0.054329023,-0.020993777234840416
169,-0.028512000000000093,-0.011200164,0.017311835555255506,6.381820000000001,8.092033,1.7102133862304676,2.5964399999999976,5.064557,2.4681170755004906,-0.06569219999999998,0.007033613,0.07272581304476855
170,-0.008512000000000075,-0.011200164,-0.002688164444744512,7.301820000000003,8.092033,0.7902133862304659,4.096439999999999,5.064557,0.9681170755004889,-0.04369219999999996,0.007033613,0.05072581304476853
171,0.04148799999999997,-0.011200164,-0.052688164444744556,7.151820000000004,8.092033,0.9402133862304645,5.9264399999999995,5.064557,-0.8618829244995112,0.018307800000000096,0.007033613,-0.011274186955231524
267,-0.11485750000000006,-0.07046254,0.044394960207939205,5.84205,6.235061,0.3930111686706539,2.4481800000000007,4.607146,2.1589657862853997,0.0021046999999999594,0.046445433,0.0443407330503941
297,0.012386999999999926,0.028920678,0.016533678421855047,8.535680000000003,9.8767805,1.3411005099487276,6.09515,7.6957297,1.6005797325134274,-0.005544000000000104,0.045047544,0.05059154394292842
391,0.13438699999999992,0.032017764,-0.10236923629593842,5.09768,9.068706,3.971025558776855,6.34515,7.354987,1.0098371444702146,0.024455999999999922,0.04333656,0.018880559087038118
411,-0.059236000000000066,-0.02568826,0.03354773920631415,1.2597200000000015,3.332393,2.0726729309844956,0.9736100000000008,1.5335099,0.5598998505020134,0.04030109999999998,0.015972184,-0.024328915982699373
412,-0.059236000000000066,-0.02568826,0.03354773920631415,0.8897200000000005,3.332393,2.4426729309844966,-0.37639000000000067,1.5335099,1.9098998505020148,0.0003011000000000541,0.015972184,0.01567108401730055
413,-0.08023599999999997,-0.02568826,0.05454773920631406,0.8697200000000009,3.332393,2.462672930984496,-1.6763900000000014,1.5335099,3.2098998505020155,-0.03969889999999998,0.015972184,0.05567108401730059
414,-0.09223599999999998,-0.02568826,0.06654773920631407,0.1297200000000025,3.332393,3.2026729309844946,-2.706389999999999,1.5335099,4.239899850502013,-0.04969889999999999,0.015972184,0.0656710840173006
415,-0.09023599999999998,-0.02568826,0.06454773920631407,1.149720000000002,3.332393,2.182672930984495,-1.336389999999998,1.5335099,2.869899850502012,-0.029698899999999973,0.015972184,0.04567108401730058
475,0.04858899999999999,-0.017691763,-0.06628076311790942,12.73254,7.294565,-5.437974799194336,13.378440000000001,6.848123,-6.53031692642212,0.23888559999999992,0.09747904,-0.14140656205949775
529,-0.03254800000000002,0.019814167,0.05236216717171671,7.878070000000001,7.382017,-0.49605286437988383,7.11388,8.171799,1.0579187060546875,0.07242290000000007,0.118906625,0.046483724615192346
853,-0.007784999999999931,0.01444483,0.022229829896092346,8.338349999999998,9.488021,1.1496708969116227,6.567250000000001,6.4518366,-0.11541341400146621,0.06626410000000005,-0.0037635602,-0.07002766020569806
854,-0.03778499999999996,0.01444483,0.05222982989609237,7.43835,9.488021,2.0496708969116213,4.247250000000001,6.4518366,2.204586585998534,0.009264100000000108,-0.0037635602,-0.013027660205698122
855,0.012215000000000087,0.01444483,0.002229829896092328,10.338349999999998,9.488021,-0.8503291030883773,7.3572500000000005,6.4518366,-0.9054134140014654,0.04126410000000014,-0.0037635602,-0.04502766020569815
919,-0.048904999999999976,0.0032847465,0.05218974654816089,8.654140000000002,9.765222,1.1110815957641584,6.094740000000002,6.8719935,0.7772535417175277,0.005674199999999963,0.040156275,0.03448207503395084
924,0.0955379999999999,0.11660666,0.021068660187244515,11.14883,10.49791,-0.6509204541015627,12.097650000000002,11.25217,-0.8454803909301774,0.06766990000000006,0.03317102,-0.034498879551792205
925,0.14553799999999995,0.11660666,-0.02893133981275553,10.548830000000002,10.49791,-0.05092045410156487,12.29765,11.25217,-1.0454803909301766,0.06366989999999995,0.03317102,-0.03049887955179209
926,0.0955379999999999,0.11660666,0.021068660187244515,10.748830000000002,10.49791,-0.25092045410156416,10.29765,11.25217,0.9545196090698234,0.002669900000000003,0.03317102,0.030501120448207852
927,0.12553799999999993,0.11660666,-0.008931339812755512,10.548830000000002,10.49791,-0.05092045410156487,11.197650000000001,11.25217,0.054519609069823005,0.027669900000000025,0.03317102,0.00550112044820783
928,0.08553799999999989,0.11660666,0.031068660187244523,10.64883,10.49791,-0.15092045410156274,9.49765,11.25217,1.754519609069824,-0.02433010000000002,0.03317102,0.057501120448207876
929,0.14553799999999995,0.11660666,-0.02893133981275553,10.64883,10.49791,-0.15092045410156274,12.197650000000001,11.25217,-0.945480390930177,0.05466990000000005,0.03317102,-0.021498879551792194
930,0.10553799999999991,0.11660666,0.011068660187244506,11.14883,10.49791,-0.6509204541015627,10.597650000000002,11.25217,0.6545196090698226,-0.009330100000000008,0.03317102,0.04250112044820786
931,0.19553799999999988,0.11660666,-0.07893133981275546,10.548830000000002,10.49791,-0.05092045410156487,13.79765,11.25217,-2.5454803909301766,0.10166989999999998,0.03317102,-0.06849887955179212
932,0.10553799999999991,0.11660666,0.011068660187244506,10.14883,10.49791,0.34907954589843726,10.89765,11.25217,0.3545196090698237,0.03566990000000003,0.03317102,-0.002498879551792177
946,0.022823999999999955,0.029816635,0.006992634953022048,8.532060000000001,7.769684,-0.7623761621093763,10.913789999999999,9.834804,-1.0789864187622058,0.23265439999999993,0.1852738,-0.04738060368003838
949,0.01682399999999995,0.029816635,0.012992634953022053,6.882059999999999,7.769684,0.8876238378906258,8.68379,9.834804,1.1510135812377928,0.16165439999999998,0.1852738,0.023619396319961572
950,0.03682399999999997,0.029816635,-0.007007365046977965,7.5720600000000005,7.769684,0.19762383789062454,9.583789999999999,9.834804,0.25101358123779427,0.1756544,0.1852738,0.00961939631996156
951,0.01682399999999995,0.029816635,0.012992634953022053,6.882059999999999,7.769684,0.8876238378906258,8.68379,9.834804,1.1510135812377928,0.16165439999999998,0.1852738,0.023619396319961572
952,0.020823999999999954,0.029816635,0.00899263495302205,9.91206,7.769684,-2.1423761621093753,11.60379,9.834804,-1.768986418762207,0.2026544,0.1852738,-0.017380603680038464
1145,-0.03778499999999996,0.01444483,0.05222982989609237,7.84835,9.488021,1.6396708969116212,4.317250000000001,6.4518366,2.134586585998534,-0.03173590000000004,-0.0037635602,0.027972339794302026
1147,-0.047784999999999966,0.01444483,0.06222982989609238,7.958349999999999,9.488021,1.5296708969116217,4.387250000000002,6.4518366,2.0645865859985335,-0.027735899999999925,-0.0037635602,0.02397233979430191
1148,-0.047784999999999966,0.01444483,0.06222982989609238,7.34835,9.488021,2.139670896911621,3.827250000000003,6.4518366,2.6245865859985322,-0.029735899999999926,-0.0037635602,0.025972339794301913
1149,-0.047784999999999966,0.01444483,0.06222982989609238,8.11835,9.488021,1.3696708969116216,4.407250000000001,6.4518366,2.044586585998534,-0.036735900000000044,-0.0037635602,0.03297233979430203
1150,-0.047784999999999966,0.01444483,0.06222982989609238,7.948349999999998,9.488021,1.5396708969116233,4.0972500000000025,6.4518366,2.3545865859985327,-0.04373589999999994,-0.0037635602,0.039972339794301925
1152,-0.07778499999999999,0.01444483,0.09222982989609241,7.968349999999997,9.488021,1.5196708969116237,3.4072500000000012,6.4518366,3.044586585998534,-0.04773589999999994,-0.0037635602,0.04397233979430193
1153,-0.047784999999999966,0.01444483,0.06222982989609238,7.858349999999998,9.488021,1.6296708969116231,4.05725,6.4518366,2.3945865859985354,-0.03373589999999993,-0.0037635602,0.029972339794301917
1166,-0.025123000000000006,-0.007310592,0.017812407896250493,10.868780000000001,10.494286,-0.37449441650390725,8.71107,8.755448,0.04437834136962948,0.07799310000000004,0.0853088,0.007315697657489739
1241,-0.08093600000000001,-0.049322147,0.03161385307765008,6.871929999999999,7.9076896,1.0357595713806163,4.97016,5.9622307,0.992070682373047,0.04375220000000002,0.08160481,0.03785260856895445
1242,-0.08093600000000001,-0.049322147,0.03161385307765008,6.871929999999999,7.9076896,1.0357595713806163,4.97016,5.9622307,0.992070682373047,0.04375220000000002,0.08160481,0.03785260856895445
1352,0.011989999999999945,0.047084004,0.03509400368690496,5.66159,10.108303,4.446713070068359,3.0350800000000007,7.4885774,4.4534973658752435,-0.04651640000000001,0.029900096,0.07641649635686876
1354,-0.07801000000000013,0.047084004,0.12509400368690504,5.041590000000003,10.108303,5.0667130700683565,0.07507999999999981,7.4885774,7.413497365875244,-0.08451640000000005,0.029900096,0.11441649635686879
1356,-0.07951200000000003,-0.0058049336,0.07370706639242175,6.721820000000001,8.753281,2.0314606396484365,3.0164399999999993,5.461604,2.4451641183471686,-0.04269220000000007,-0.0070779896,0.035614210365873644
1360,-0.049512,-0.0058049336,0.04370706639242172,11.831820000000004,8.753281,-3.0785393603515665,6.716439999999999,5.461604,-1.2548358816528307,-0.06469219999999987,-0.0070779896,0.05761421036587344
1362,-0.08351200000000003,-0.0058049336,0.07770706639242175,6.031820000000003,8.753281,2.721460639648434,1.0964399999999976,5.461604,4.36516411834717,-0.07769219999999999,-0.0070779896,0.07061421036587356
1363,-0.08051200000000014,-0.0058049336,0.07470706639242186,5.791820000000001,8.753281,2.961460639648436,1.326439999999998,5.461604,4.13516411834717,-0.06269219999999998,-0.0070779896,0.05561421036587355
1365,-0.08851200000000015,-0.0058049336,0.08270706639242187,6.421820000000004,8.753281,2.3314606396484336,1.6164400000000008,5.461604,3.845164118347167,-0.06669219999999998,-0.0070779896,0.059614210365873554
1507,0.012513999999999914,0.032304086,0.01979008579111108,9.17998,8.407163,-0.7728173336791997,6.937480000000001,7.3676767,0.43019673492431565,0.013848599999999989,0.040094998,0.026246397733831417
1612,-0.12320760000000008,-0.08189021,0.04131738949069985,6.627849999999999,6.5873547,-0.040495339965819,6.314879999999999,6.313058,-0.0018221005249010602,0.16362789999999994,0.16033925,-0.0032886488393782942
1613,0.025188999999999906,0.017876346,-0.007312654335737134,7.72472,5.48656,-2.238160132141113,2.6573899999999995,2.5501587,-0.10723126091003365,-0.13557419999999998,-0.045134623,0.09043957739634512
1614,-0.019187000000000065,0.017476479,0.03666347859156138,1.9827999999999992,2.8772962,0.8944962093353279,0.860557,2.6031675,1.7426105338745117,-0.01110600000000006,0.11834426,0.12945026224231726
1615,-0.09141730000000003,-0.082799114,0.008618185713100468,3.299900000000001,4.926678,1.6267781806945791,2.9269100000000012,4.0489254,1.1220153997802722,0.09641650000000002,0.08304497,-0.013371531454563157
1616,0.10381299999999993,0.017476479,-0.08633652140843862,2.912799999999999,2.8772962,-0.0355037906646718,5.190557,2.6031675,-2.5873894661254884,0.32689400000000013,0.11834426,-0.20854973775768293
1821,0.0823830000000001,0.080631465,-0.0017515352802277562,14.43186,13.259182,-1.172678023681641,14.66864,13.1834955,-1.4851444784545897,0.12868599999999997,0.114471495,-0.014214504848480192
1822,0.07238300000000009,0.080631465,0.008248464719772253,12.731859999999998,13.259182,0.5273219763183619,12.71864,13.1834955,0.46485552154540954,0.09768599999999994,0.114471495,0.016785495151519836
2024,0.031665000000000054,0.03165157,-1.3428606987053726e-05,7.300340000000002,7.8327975,0.5324575273132304,6.0013000000000005,6.4542875,0.4529875289916987,0.01532279999999997,0.017401105,0.0020783047929525678
2025,0.031665000000000054,0.03165157,-1.3428606987053726e-05,7.410340000000005,7.8327975,0.4224575273132274,5.0113,6.4542875,1.442987528991699,-0.034677199999999964,0.017401105,0.0520783047929525
2026,-0.04833500000000002,0.03165157,0.07998657139301302,7.190340000000003,7.8327975,0.6424575273132298,2.7113000000000014,6.4542875,3.742987528991698,-0.0746772,0.017401105,0.09207830479295254
2027,0.18166500000000008,0.03165157,-0.15001342860698708,8.710340000000002,7.8327975,-0.8775424726867698,8.8613,6.4542875,-2.4070124710083007,0.01532279999999997,0.017401105,0.0020783047929525678
2028,0.05166500000000007,0.03165157,-0.02001342860698707,8.910340000000005,7.8327975,-1.0775424726867726,7.2113,6.4542875,-0.7570124710083004,0.017322800000000083,0.017401105,7.830479295245496e-05
2029,0.0776650000000001,0.03165157,-0.046013428606987095,7.110340000000004,7.8327975,0.7224575273132281,6.901299999999999,6.4542875,-0.4470124710082999,0.03532279999999999,0.017401105,-0.01792169520704745
2030,0.0766650000000001,0.03165157,-0.045013428606987094,7.110340000000004,7.8327975,0.7224575273132281,6.331300000000001,6.4542875,0.12298752899169862,0.007322800000000074,0.017401105,0.010078304792952464
2031,0.04666500000000007,0.03165157,-0.015013428606987067,7.110340000000004,7.8327975,0.7224575273132281,4.401299999999999,6.4542875,2.0529875289917,-0.06467719999999999,0.017401105,0.08207830479295253
2032,0.2016650000000001,0.03165157,-0.1700134286069871,8.810340000000004,7.8327975,-0.9775424726867712,9.7913,6.4542875,-3.3370124710083005,0.0503228,0.017401105,-0.03292169520704746
2039,0.9943960000000001,0.7989791,-0.195416896434784,31.257279999999994,28.75113,-2.5061508496093694,13.1925,13.29077,0.0982695770263664,0.16212749999999998,0.16646892,0.004341418323516866
2078,0.13155400000000006,0.10216647,-0.029387533585071623,25.90036,20.416239,-5.48412121520996,20.512600000000003,15.866987,-4.645612771606448,0.23002840000000002,0.12777545,-0.10225295441951754
2085,-0.0890740000000001,-0.054980073,0.034093926875829794,5.194769999999998,5.884638,0.6898678326416032,10.043779999999998,7.860584,-2.1831962178039532,0.23568959999999994,0.16826358,-0.06742601562461847
2086,-0.04907400000000006,-0.054980073,-0.005906073124170241,5.894769999999998,5.884638,-0.01013216735839606,7.473779999999998,7.860584,0.38680378219604705,0.1626896,0.16826358,0.00557398437538148
2087,-0.019074000000000035,-0.054980073,-0.03590607312417027,7.694769999999998,5.884638,-1.8101321673583968,9.503779999999999,7.860584,-1.643196217803954,0.1876896,0.16826358,-0.019426015624618542
2099,-0.04815400000000003,0.04217406,0.09032805989766124,4.81475,7.673593,2.8588430442810058,4.805869999999999,8.130166,3.324296053771974,0.07766270000000008,0.105095334,0.02743263435106269
2115,-0.07377500000000015,-0.0023604806,0.07141451939530685,9.246040000000004,11.265816,2.019775734863277,8.62153,10.975106,2.3535762393188477,0.09850879999999995,0.102325656,0.003816855519962359
2699,0.20542700000000003,0.17564796,-0.029779040886878994,17.65475,15.878847,-1.7759028778076171,18.11934,17.037893,-1.0814467047119152,0.08701829999999988,0.13470042,0.04768211751861584
2757,-0.03398239999999997,-0.018190078,0.01579232156267163,10.1113,10.238403,0.12710332031250005,7.798629999999999,7.6441627,-0.1544673451232903,0.026508100000000034,0.052473586,0.02596548605265614
2837,-0.009128000000000025,0.019897386,0.029025386431694056,7.0259300000000025,8.386045,1.3601154559326147,5.4815000000000005,6.7291865,1.2476865348815913,0.025827899999999904,0.046528712,0.02070081191501627
2844,0.20542700000000003,0.17564796,-0.029779040886878994,18.69475,15.878847,-2.8159028778076163,18.849339999999998,17.037893,-1.811446704711912,0.0990183,0.13470042,0.03568211751861572
2874,-8.900000000000574e-05,0.03520768,0.03529668135786057,7.625859999999999,9.00539,1.3795301672363287,5.19356,8.887758,3.694198255004883,-0.01323350000000001,0.11631978,0.12955328303194047
2875,0.06991100000000006,0.03520768,-0.03470331864213949,7.835859999999997,9.00539,1.1695301672363314,9.743559999999999,8.887758,-0.8558017449951159,0.18676649999999995,0.11631978,-0.07044671696805949
2876,0.08991099999999996,0.03520768,-0.0547033186421394,9.85586,9.00539,-0.8504698327636717,12.00356,8.887758,-3.1158017449951174,0.2367665,0.11631978,-0.12044671696805953
2877,-0.057613000000000136,0.028920678,0.08653367842185511,6.955680000000001,9.8767805,2.9211005099487295,2.9451500000000017,7.6957297,4.750579732513426,-0.04854400000000003,0.045047544,0.09359154394292835
2900,0.03198999999999996,0.0026074387,-0.029382561286687814,7.4415900000000015,7.9149194,0.47332937637328953,6.205080000000001,6.0527606,-0.15231939895629942,0.021483599999999936,0.024893515,0.003409914811992709
2901,-0.04801000000000011,0.0026074387,0.05061743871331226,7.0615900000000025,7.9149194,0.8533293763732885,3.9550800000000024,6.0527606,2.097680601043699,-0.014516399999999985,0.024893515,0.03940991481199263
3218,0.012386999999999926,0.032017764,0.019630763704061582,9.58568,9.068706,-0.5169744412231445,6.12515,7.354987,1.2298371444702152,-0.041544000000000025,0.04333656,0.08488055908703807
3384,-0.007613000000000092,0.032017764,0.0396307637040616,9.075680000000002,9.068706,-0.006974441223146499,6.92515,7.354987,0.4298371444702145,0.03145599999999993,0.04333656,0.011880559087038112
3385,-0.007613000000000092,0.032017764,0.0396307637040616,6.74568,9.068706,2.3230255587768553,5.50515,7.354987,1.8498371444702144,0.04145599999999994,0.04333656,0.0018805590870381028
3415,0.002386999999999917,0.032017764,0.02963076370406159,7.2256800000000005,9.068706,1.843025558776855,10.00515,7.354987,-2.6501628555297856,0.221456,0.04333656,-0.17811944091296195
3499,-0.022612999999999994,0.028920678,0.05153367842185497,8.705680000000001,9.8767805,1.1711005099487295,6.10515,7.6957297,1.5905797325134277,0.014455999999999913,0.045047544,0.0305915439429284
3503,0.055593399999999904,0.074975185,0.01938178509626398,10.060030000000001,9.773674,-0.2863559887695324,8.46496,9.168723,0.7037631063842777,0.033296800000000015,0.06625851,0.03296171243734358
3504,0.06326029999999994,0.09500719,0.0317468886181832,10.113310000000002,9.759572,-0.3537379708862325,8.83856,8.935216,0.09665595001220773,0.0494325000000001,0.09897805,0.04954555005311956
3505,0.11307089999999997,0.107471645,-0.005599255121612523,7.685870000000001,7.047473,-0.6383970462036146,8.282560000000002,8.070308,-0.21225226837158395,0.07635189999999992,0.06680087,-0.009551029998683847
3506,0.1269038,0.099971496,-0.026932304431247722,6.469799999999999,8.422709,1.9529094650268561,9.61413,8.778273,-0.8358573712158197,0.1857726999999999,0.11959973,-0.06617297022361746
3552,-0.071075,-0.0072319997,0.06384300034567714,3.4377199999999988,5.7698326,2.3321126110839856,4.935819999999998,6.8051805,1.8693605496215842,0.14329009999999998,0.12509544,-0.01819465806255338
3553,-0.10107500000000003,-0.0072319997,0.09384300034567716,2.887719999999998,5.7698326,2.8821126110839863,2.9458199999999977,6.8051805,3.8593605496215844,0.09829009999999994,0.12509544,0.02680534193744666
3554,-0.11107500000000003,-0.0072319997,0.10384300034567717,3.257719999999999,5.7698326,2.5121126110839853,3.9958199999999984,6.8051805,2.8093605496215837,0.13129009999999997,0.12509544,-0.006194658062553371
3568,-0.07761300000000015,0.032017764,0.10963076370406166,8.63568,9.068706,0.4330255587768548,4.60515,7.354987,2.7498371444702148,-0.018544000000000005,0.04333656,0.061880559087038045
3655,0.14238699999999993,0.028920678,-0.11346632157814496,11.075680000000002,9.8767805,-1.1988994900512715,11.82515,7.6957297,-4.129420267486573,0.14445599999999992,0.045047544,-0.0994084560570716
3697,0.04356000000000004,0.07588285,0.03232285207748409,9.923950000000001,9.798041,-0.12590865631103654,13.021430000000002,11.075867,-1.9455633007812523,0.2727328,0.179581,-0.09315179859905243
3698,0.06256000000000006,0.07588285,0.01332285207748407,7.32395,9.798041,2.474091343688965,10.021430000000002,11.075867,1.0544366992187477,0.1657328,0.179581,0.013848201400947557
3699,0.04156000000000004,0.07588285,0.03432285207748409,8.223950000000002,9.798041,1.5740913436889628,9.521430000000002,11.075867,1.5544366992187477,0.1377328,0.179581,0.04184820140094758
3700,0.06056000000000006,0.07588285,0.015322852077484073,10.52395,9.798041,-0.7259086563110344,12.221430000000002,11.075867,-1.1455633007812516,0.22373279999999995,0.179581,-0.04415179859905238
3701,0.04856000000000005,0.07588285,0.027322852077484083,8.423950000000001,9.798041,1.3740913436889635,8.021430000000002,11.075867,3.0544366992187477,0.1417328,0.179581,0.03784820140094758
3709,-0.06148600000000015,-0.023628099,0.037857901109814796,8.263110000000001,6.086194,-2.176915961608888,9.182830000000001,5.688128,-3.4947020054626474,0.18898579999999998,0.092535794,-0.09645000621871946
3789,-0.047784999999999966,0.015974443,0.06375944340586659,4.338349999999998,8.807717,4.469367323303224,1.707250000000002,6.4266944,4.719444393157957,-0.07773589999999997,0.016863529,0.09459942863907811
3822,0.12687400000000004,0.14031205,0.01343804581260677,13.205739999999999,13.609965,0.40422532440185677,11.694909999999998,12.573041,0.8781309622192399,0.06629810000000003,0.08220261,0.01590451335372922
3823,0.21777599999999997,0.16797315,-0.049802854157447785,13.50573,13.59587,0.0901400180053713,13.27467,12.729832,-0.5448383044433598,0.10399120000000006,0.084204614,-0.019786585837554993
3824,0.23875599999999997,0.1964773,-0.042278706031799285,14.405720000000004,13.611798,-0.7939217135620158,13.698649999999997,11.855479,-1.8431707595825166,0.09943730000000006,0.07424099,-0.025196310016918244
3825,0.26937999999999995,0.189165,-0.08021500385284419,14.555710000000001,13.767169,-0.7885410012817395,13.9799,13.161472,-0.81842767944336,0.0853756,0.0900846,0.004708997468376164
3826,0.260035,0.15361866,-0.1064163364505768,14.725700000000002,13.211461,-1.5142389328002945,14.618500000000001,13.093203,-1.5252974090576181,0.14720520000000004,0.12709346,-0.02011173586387638
3827,0.3823869999999999,0.028587557,-0.35379944262456886,19.805680000000002,9.788438,-10.017242156677248,17.21515,7.9411526,-9.273997427368165,0.13345600000000002,0.052188896,-0.0812671043572426
3903,-0.04657800000000001,0.013496013,0.06007401335823537,8.36578,9.7718115,1.4060314852905265,6.605729999999999,7.910623,1.3048930735778814,0.05507470000000003,0.041093264,-0.013981436224889787
3953,-0.08910499999999999,-0.044207472,0.04489752764582633,4.127230000000001,5.2591505,1.1319205050659171,2.9410600000000002,6.213204,3.2721439070129392,0.053047100000000014,0.11269676,0.05964965940275191
3955,-0.019104999999999928,-0.044207472,-0.025102472354173733,5.227229999999999,5.2591505,0.03192050506591926,15.251060000000003,6.213204,-9.037856092987063,0.5230471,0.11269676,-0.41035034059724806
4012,0.003422000000000036,-0.024569502,-0.02799150210034851,8.035780000000003,8.4489975,0.41321749755859116,8.10573,7.4587812,-0.646948757629394,0.10707470000000008,0.041547004,-0.06552769586653717
4028,0.05238699999999996,0.058465738,0.006078737849473992,8.105680000000003,9.0649805,0.9593005068969696,6.00515,7.2939816,1.288831552124023,-0.028544000000000014,0.010252736,0.03879673557752372
4076,0.16574499999999992,0.07758684,-0.08815816288709633,8.708979999999997,9.522546,0.8135658145141633,10.226890000000001,7.841078,-2.3858121954345712,0.14256879999999994,0.06981071,-0.07275808915262216
4101,-0.007613000000000092,0.028587557,0.03620055737543115,5.4756800000000005,9.788438,4.312757843322753,6.03515,7.9411526,1.9060025726318361,0.09445599999999998,0.052188896,-0.04226710435724257
4102,-0.057613000000000136,0.028587557,0.0862005573754312,4.625680000000003,9.788438,5.162757843322751,3.235150000000001,7.9411526,4.706002572631835,0.03545600000000004,0.052188896,0.016732895642757373
4172,-0.07761300000000015,0.028587557,0.10620055737543121,5.805680000000002,9.788438,3.9827578433227515,4.70515,7.9411526,3.236002572631836,0.07145599999999996,0.052188896,-0.019267104357242548
4174,-0.0176130000000001,0.028587557,0.04620055737543116,7.605680000000003,9.788438,2.182757843322751,8.805150000000001,7.9411526,-0.8639974273681652,0.16345599999999993,0.052188896,-0.11126710435724252
4200,-0.08910499999999999,-0.06864471,0.020460290114879598,9.36723,8.862321,-0.5049091000366204,9.181060000000002,7.7610703,-1.4199897485351585,0.1630471,0.1345953,-0.02845179527244568
4237,0.05238699999999996,0.032017764,-0.020369236295938453,9.29568,9.068706,-0.22697444122314536,9.225150000000001,7.354987,-1.8701628555297862,0.10145599999999999,0.04333656,-0.05811944091296195
4239,0.2423869999999999,0.032017764,-0.2103692362959384,15.365680000000001,9.068706,-6.296974441223146,16.04515,7.354987,-8.690162855529785,0.271456,0.04333656,-0.22811944091296193
4300,0.08238699999999999,0.032017764,-0.05036923629593848,11.125680000000003,9.068706,-2.056974441223147,9.24515,7.354987,-1.8901628555297858,0.02145599999999992,0.04333656,0.02188055908703812
4301,0.05181100000000005,0.06329227,0.011481272388935038,10.29099,9.487413,-0.8035765936279304,7.8813200000000005,7.7684107,-0.11290931732177789,-0.003105399999999925,0.024957133,0.028062533457064553
4302,0.03376000000000001,0.054725923,0.020965922644138324,16.820030000000003,13.901963,-2.918066766052249,12.043650000000001,10.35964,-1.6840098785400404,-0.013672399999999918,0.016670432,0.030342831941747583
4303,0.02191199999999993,0.010845836,-0.011066163748025826,7.332460000000001,7.389749,0.05728905014037977,5.6569,5.981449,0.32454912719726536,0.0072030000000000705,0.024124267,0.01692126657974713
4304,0.04074400000000011,0.057347983,0.016603983121871835,7.22297,7.408214,0.18524409225463856,5.793099999999999,6.489778,0.6966780418396006,0.0024186000000000485,0.028800242,0.0263816416491508
4305,0.11630800000000008,0.079393156,-0.03691484412717827,12.079360000000001,9.217724,-2.8616361535644543,10.468879999999999,7.957044,-2.511835875396727,0.037999499999999964,0.044022463,0.006022963262081182
4306,0.1023869999999999,0.032017764,-0.07036923629593839,12.785680000000003,9.068706,-3.7169744412231474,10.62515,7.354987,-3.270162855529785,0.03145599999999993,0.04333656,0.011880559087038112
4307,0.07181100000000007,0.06329227,-0.00851872761106498,11.090990000000001,9.487413,-1.6035765936279311,8.781320000000001,7.7684107,-1.0129093173217782,0.0368946,0.024957133,-0.011937466542935371
4310,0.08574400000000004,0.057347983,-0.028396016878128094,7.7029700000000005,7.408214,-0.29475590774536187,7.363099999999999,6.489778,-0.8733219581603997,0.05241859999999998,0.028800242,-0.023618358350849133
4311,-0.047784999999999966,0.01705526,0.0648402600175142,6.738349999999997,7.55818,0.8198298553466827,4.30725,6.2274857,1.9202356567382814,0.02226410000000001,0.039761495,0.017497394845151892
4376,0.15238699999999994,0.028587557,-0.12379944262456888,12.285680000000003,9.788438,-2.497242156677249,13.86515,7.9411526,-5.923997427368164,0.23145599999999994,0.052188896,-0.17926710435724252
4377,0.06238699999999997,0.028587557,-0.03379944262456891,10.955680000000001,9.788438,-1.167242156677247,8.50515,7.9411526,-0.5639974273681645,0.0014560000000000128,0.052188896,0.0507328956427574
4378,0.1023869999999999,0.028587557,-0.07379944262456883,11.355680000000003,9.788438,-1.5672421566772492,9.91515,7.9411526,-1.9739974273681646,0.04145599999999994,0.052188896,0.010732895642757478
4380,0.06181900000000007,0.06914769,0.007328691130638054,8.358890000000002,8.626492,0.267601546630857,10.89359,8.723716,-2.1698742178344723,0.21441880000000002,0.10311946,-0.11129933727149965
4381,0.011819000000000024,0.06914769,0.0573286911306381,8.158890000000003,8.626492,0.4676015466308563,8.493590000000001,8.723716,0.23012578216552626,0.12441880000000005,0.10311946,-0.021299337271499685
4382,0.04181900000000005,0.06914769,0.027328691130638072,7.7588900000000045,8.626492,0.8676015466308549,8.09359,8.723716,0.6301257821655266,0.10441880000000003,0.10311946,-0.0012993372714996676
4384,0.03181900000000004,0.06914769,0.03732869113063808,6.658890000000003,8.626492,1.9676015466308563,6.19359,8.723716,2.530125782165527,0.05441879999999999,0.10311946,0.04870066272850038
4490,0.17257899999999993,0.124659374,-0.04791962564373009,5.286369999999998,7.1672945,1.8809245022583028,6.121339999999998,6.7365775,0.615237510833742,0.02713410000000005,0.017762367,-0.009371733317709019
4513,0.08238699999999999,0.028920678,-0.053466321578145015,14.005680000000002,9.8767805,-4.128899490051271,14.465150000000001,7.6957297,-6.7694202674865736,0.26145599999999997,0.045047544,-0.21640845605707165
4586,-0.02746599999999999,0.0108794235,0.03834542346930503,8.646149999999999,8.9868765,0.3407264877319349,6.688349999999998,6.7935867,0.10523673095703323,0.06081619999999999,0.008621356,-0.05219484354997872
4587,-0.06746600000000003,0.0108794235,0.07834542346930506,6.446149999999999,8.9868765,2.540726487731934,3.7883499999999977,6.7935867,3.0052367309570336,0.02081619999999995,0.008621356,-0.012194843549978684
4813,-0.05746600000000002,0.0108794235,0.06834542346930506,6.436149999999998,8.9868765,2.5507264877319358,3.1283499999999975,6.7935867,3.6652367309570337,-0.021183800000000086,0.008621356,0.029805156450021353
4914,-0.10148600000000019,-0.023628099,0.07785790110981483,2.14311,6.086194,3.943084038391113,0.5528300000000002,5.688128,5.135297994537353,0.02698579999999995,0.092535794,0.06554999378128057
4915,-0.131486,-0.023628099,0.10785790110981464,1.4631100000000004,6.086194,4.623084038391113,-1.2271699999999974,5.688128,6.915297994537351,0.0029858000000000384,0.092535794,0.08954999378128048
5029,0.10914599999999985,0.103277855,-0.005868145378589484,10.6694,12.348012,1.67861197052002,13.840419999999998,15.905532,2.065111883239748,0.1722325,0.26060703,0.08837453396797179
5037,0.09914599999999985,0.103277855,0.0041318546214105245,11.049399999999999,12.348012,1.298611970520021,13.520419999999998,15.905532,2.385111883239748,0.14223249999999998,0.26060703,0.11837453396797182
5041,0.09914599999999985,0.103277855,0.0041318546214105245,11.4494,12.348012,0.8986119705200188,13.800419999999999,15.905532,2.105111883239747,0.1522325,0.26060703,0.10837453396797181
5045,0.10914599999999985,0.103277855,-0.005868145378589484,12.0594,12.348012,0.2886119705200194,15.240419999999999,15.905532,0.6651118832397476,0.20223250000000004,0.26060703,0.058374533967971765
5049,0.12914599999999987,0.103277855,-0.025868145378589502,12.139399999999998,12.348012,0.20861197052002112,18.19042,15.905532,-2.2848881167602535,0.3622325,0.26060703,-0.10162546603202821
5053,0.1491459999999999,0.103277855,-0.04586814537858952,18.449399999999997,12.348012,-6.101388029479978,22.94042,15.905532,-7.0348881167602535,0.5522325,0.26060703,-0.2916254660320282
5351,0.09038699999999988,0.038597636,-0.05178936407518375,11.90568,9.457347,-2.44833308380127,10.305150000000001,7.84094,-2.464210001373292,0.051455999999999946,0.03472041,-0.016735590338468498
5560,-0.03778499999999996,0.01444483,0.05222982989609237,7.1183499999999995,9.488021,2.3696708969116216,3.337250000000001,6.4518366,3.114586585998534,-0.04873589999999994,-0.0037635602,0.04497233979430193
5676,0.9728413,0.70392764,-0.2689136638534546,23.72903,19.508204,-4.220826493530275,3.978679999999999,6.064709,2.086029186553956,0.03912840000000006,0.052116882,0.012988482055997785
5682,0.030245000000000077,0.045081835,0.014836835240125579,3.5702,8.325205,4.755004849243164,7.330859999999998,9.067345,1.736484665527346,0.20142719999999992,0.13851008,-0.06291712180824272
5683,0.050245000000000095,0.045081835,-0.005163164759874439,7.670200000000001,8.325205,0.6550048492431628,7.730859999999998,9.067345,1.3364846655273457,0.07142720000000002,0.13851008,0.06708287819175718
5686,0.050245000000000095,0.045081835,-0.005163164759874439,7.3702000000000005,8.325205,0.9550048492431635,9.330859999999998,9.067345,-0.26351533447265396,0.1714272,0.13851008,-0.0329171218082428
5760,0.09701499999999996,0.109314635,0.01229963539600376,6.271419999999999,11.097788,4.826367857055665,8.98863,12.859388,3.870758351440429,0.09765030000000008,0.13340329,0.0357529863378524
5848,0.09221500000000005,0.05456649,-0.037648508604764985,19.43835,16.587275,-2.8510754486083982,15.407250000000001,13.771521,-1.6357293853759778,0.1222641000000001,0.03814881,-0.08411529077563296
5849,0.09221500000000005,0.05456649,-0.037648508604764985,17.43835,16.587275,-0.8510754486083982,13.807250000000002,13.771521,-0.03572938537597814,0.062264100000000044,0.03814881,-0.024115290775632903
5850,0.032215000000000105,0.05456649,0.022351491395234957,12.338349999999998,16.587275,4.248924551391603,9.50725,13.771521,4.264270614624023,0.02226410000000001,0.03814881,0.015884709224367133
5852,0.07221500000000014,0.05456649,-0.01764850860476508,16.238349999999997,16.587275,0.3489245513916046,13.307250000000002,13.771521,0.46427061462402186,-0.05773589999999995,0.03814881,0.09588470922436709
5854,0.05221500000000012,0.05456649,0.0023514913952349392,15.538349999999998,16.587275,1.048924551391604,17.507250000000003,13.771521,-3.735729385375979,-0.14773589999999992,0.03814881,0.18588470922436706
5862,-0.03778499999999996,0.05456649,0.09235149139523502,24.81835,16.587275,-8.231075448608397,17.297250000000002,13.771521,-3.5257293853759784,-0.03773589999999993,0.03814881,0.07588470922436708
5934,0.03198999999999996,0.047084004,0.015094003686904944,6.221590000000003,10.108303,3.8867130700683568,5.07508,7.4885774,2.4134973658752443,0.007483600000000035,0.029900096,0.02241649635686871
6211,-0.023965000000000014,0.040875196,0.0648401964569092,7.505700000000001,13.342474,5.8367739837646475,4.698500000000001,9.659562,4.961062110900878,-0.013794799999999996,0.08068406,0.09447885836820602
6522,0.4982519999999999,0.19184746,-0.3064045415182113,10.35528,9.776076,-0.5792036831665044,17.42244,13.402036,-4.020404286804201,0.3693009,0.23654215,-0.13275874962177275
6523,0.14825199999999994,0.19184746,0.043595458481788696,10.25528,9.776076,-0.47920368316650475,14.122440000000001,13.402036,-0.7204042868042002,0.34930089999999997,0.23654215,-0.11275874962177274
6524,0.40825199999999995,0.19184746,-0.2164045415182113,10.55528,9.776076,-0.7792036831665037,13.622440000000001,13.402036,-0.2204042868042002,0.27930089999999996,0.23654215,-0.04275874962177273
6526,0.15825199999999995,0.19184746,0.03359545848178869,10.05528,9.776076,-0.2792036831665037,13.122440000000001,13.402036,0.2795957131957998,0.25930089999999995,0.23654215,-0.02275874962177271
6527,0.2282519999999999,0.19184746,-0.036404541518211264,10.25528,9.776076,-0.47920368316650475,14.422440000000002,13.402036,-1.020404286804201,0.22930089999999992,0.23654215,0.007241250378227315
6529,-0.02074799999999999,0.19184746,0.21259545848178862,9.75528,9.776076,0.020796316833495254,9.022440000000001,13.402036,4.379595713195799,0.09930089999999991,0.23654215,0.13724125037822732
6530,-0.0027479999999999727,0.19184746,0.1945954584817886,9.995280000000001,9.776076,-0.21920368316650496,14.622440000000001,13.402036,-1.2204042868042002,0.13630089999999995,0.23654215,0.10024125037822729
6752,0.4248790000000001,0.16774282,-0.25713618140602124,14.211459999999999,14.5286875,0.31722747711181754,18.91837,16.468208,-2.450161687011718,0.24892409999999998,0.2967234,0.04779929558601381
6753,0.20487900000000014,0.16774282,-0.03713618140602126,9.211459999999999,14.5286875,5.3172274771118175,16.91837,16.468208,-0.4501616870117182,0.37892410000000004,0.2967234,-0.08220070441398625
6755,-0.02512099999999995,0.16774282,0.19286381859397883,12.211459999999999,14.5286875,2.3172274771118175,14.71837,16.468208,1.749838312988281,0.2789241,0.2967234,0.017799295586013786
6756,0.24487900000000007,0.16774282,-0.07713618140602119,29.21146,14.5286875,-14.682772522888182,23.91837,16.468208,-7.450161687011718,0.5789241,0.2967234,-0.28220070441398626
6757,0.4348790000000001,0.16774282,-0.26713618140602124,17.21146,14.5286875,-2.6827725228881825,20.71837,16.468208,-4.250161687011719,0.31892410000000004,0.2967234,-0.02220070441398625
6758,0.1548790000000001,0.16774282,0.012863818593978782,16.71146,14.5286875,-2.1827725228881825,18.21837,16.468208,-1.750161687011719,0.2989241,0.2967234,-0.002200704413986232
6760,0.024879000000000095,0.16774282,0.1428638185939788,11.711459999999999,14.5286875,2.8172274771118175,13.41837,16.468208,3.049838312988282,0.21892410000000007,0.2967234,0.07779929558601373
6762,0.05487900000000012,0.16774282,0.11286381859397876,12.31146,14.5286875,2.217227477111816,11.21837,16.468208,5.249838312988281,0.10392410000000007,0.2967234,0.19279929558601372
6891,-0.0752130000000002,-0.06501114,0.01020185631561299,8.432690000000001,17.51377,9.081079149780273,8.211599999999997,8.67529,0.46369010772705366,0.11239939999999993,0.11616956,0.003770156975364758
6892,-0.06521300000000019,-0.06501114,0.00020185631561298045,28.762690000000003,17.51377,-11.24892085021973,9.851599999999998,8.67529,-1.176309892272947,0.14139940000000006,0.11616956,-0.02522984302463538
6919,0.09238699999999989,0.028920678,-0.06346632157814491,8.40568,9.8767805,1.4711005099487302,7.805150000000001,7.6957297,-0.10942026748657341,0.027455999999999925,0.045047544,0.01759154394292839
6920,0.1123869999999999,0.028920678,-0.08346632157814493,6.705680000000001,9.8767805,3.1711005099487295,6.50515,7.6957297,1.1905797325134273,0.0034560000000000146,0.045047544,0.0415915439429283
6921,0.12238699999999991,0.028920678,-0.09346632157814494,10.505680000000002,9.8767805,-0.6288994900512712,9.40515,7.6957297,-1.709420267486573,0.024455999999999922,0.045047544,0.020591543942928392
7018,0.198005,0.053982936,-0.1440220641541481,11.089310000000001,6.908931,-4.180379221496583,11.917390000000001,7.302781,-4.614608894958497,0.14189190000000007,0.1148094,-0.02708249866666801
7019,0.15400499999999984,0.053982936,-0.10002206415414794,8.869309999999999,6.908931,-1.9603792214965807,11.217390000000002,7.302781,-3.914608894958498,0.1988919,0.1148094,-0.08408249866666795
7022,0.010005000000000042,0.053982936,0.04397793584585186,2.139310000000002,6.908931,4.769620778503416,4.607390000000002,7.302781,2.6953911050415016,0.12489190000000006,0.1148094,-0.010082498666667994
7023,0.004005000000000036,0.053982936,0.04997793584585186,2.1193099999999987,6.908931,4.789620778503419,2.0973900000000008,7.302781,5.205391105041503,0.01789190000000007,0.1148094,0.09691750133333199
7024,0.04500499999999996,0.053982936,0.008977935845851936,3.05931,6.908931,3.849620778503418,4.307390000000002,7.302781,2.9953911050415023,0.0608919,0.1148094,0.05391750133333206
7135,0.052458000000000005,0.12724991,0.07479191142749786,19.98927,21.514688,1.5254184918212879,18.55426,19.212858,0.6585982000732429,0.1795405,0.17565799,-0.0038825124053954996
7137,0.25945799999999997,0.12724991,-0.1322080885725021,25.98927,21.514688,-4.474581508178712,22.65426,19.212858,-3.4414017999267585,0.21954050000000003,0.17565799,-0.043882512405395535
7145,-0.02778499999999995,0.12927695,0.1570619461870193,6.808349999999997,16.510643,9.702293005371097,4.14725,12.318379,8.171129402160645,-0.01073589999999991,0.16921005,0.1799459465297698
7146,0.042215000000000114,0.12927695,0.08706194618701923,7.698349999999998,16.510643,8.812293005371096,7.7272500000000015,12.318379,4.591129402160643,0.07726410000000006,0.16921005,0.09194594652976984
7147,0.07221500000000014,0.12927695,0.05706194618701921,9.628349999999998,16.510643,6.882293005371096,11.417250000000001,12.318379,0.9011294021606435,0.20026410000000006,0.16921005,-0.03105405347023016
7148,0.11221500000000006,0.12927695,0.017061946187019283,21.06835,16.510643,-4.557706994628905,17.457250000000002,12.318379,-5.138870597839357,0.27426410000000007,0.16921005,-0.10505405347023017
7149,0.1522150000000001,0.12927695,-0.022938053812980752,28.43835,16.510643,-11.927706994628906,20.277250000000002,12.318379,-7.958870597839358,0.32526410000000006,0.16921005,-0.15605405347023016
7150,0.33221500000000015,0.12927695,-0.2029380538129808,28.668349999999997,16.510643,-12.157706994628903,20.367250000000002,12.318379,-8.048870597839358,0.38726410000000006,0.16921005,-0.21805405347023016
7203,0.09221500000000005,0.019552708,-0.0726622923278809,17.83835,11.143892,-6.694457711791991,15.10725,9.102465,-6.00478532409668,0.19226410000000005,0.054718554,-0.13754554598007207
7204,0.08421500000000015,0.019552708,-0.06466229232788101,17.038349999999998,11.143892,-5.89445771179199,13.407250000000001,9.102465,-4.304785324096681,0.062264100000000044,0.054718554,-0.007545545980072066
7226,-0.07351200000000002,-0.011200164,0.062311835555255435,5.481820000000003,8.092033,2.610213386230466,1.40644,5.064557,3.6581170755004884,-0.05369219999999997,0.007033613,0.06072581304476854
7227,-0.08951200000000004,-0.011200164,0.07831183555525545,5.031820000000003,8.092033,3.0602133862304655,0.3064399999999985,5.064557,4.75811707550049,-0.07169219999999998,0.007033613,0.07872581304476856
7480,0.09468699999999985,0.07654853,-0.018138468348502967,23.459100000000003,22.041687,-1.417412988281253,20.52853,18.715317,-1.8132132275390624,0.3218311,0.27606046,-0.04577063800201414
7481,0.07468699999999995,0.07654853,0.0018615316514969393,25.1691,22.041687,-3.1274129882812503,21.25853,18.715317,-2.543213227539063,0.3348311,0.27606046,-0.05877063800201415
7482,0.06730300000000011,-0.020299213,-0.08760221300709259,20.00581,11.337025,-8.668785311279297,19.58326,9.766118,-9.817141950378417,0.2944346,0.08166996,-0.21276464355430602
7483,-0.032696999999999976,-0.020299213,0.0123977869929075,12.905810000000002,11.337025,-1.5687853112792993,10.08326,9.766118,-0.3171419503784172,0.014434599999999964,0.08166996,0.067235356445694
7484,-0.012696999999999958,-0.020299213,-0.007602213007092518,10.20581,11.337025,1.1312146887207035,9.683259999999999,9.766118,0.08285804962158316,0.08443460000000003,0.08166996,-0.0027646435543060566
7487,-0.042696999999999985,-0.020299213,0.02239778699290751,11.20581,11.337025,0.13121468872070352,9.183259999999999,9.766118,0.5828580496215832,0.04443459999999999,0.08166996,0.03723535644569398
7489,-0.0026969999999999494,-0.020299213,-0.017602213007092526,9.805810000000001,11.337025,1.531214688720702,8.18326,9.766118,1.5828580496215814,0.024434599999999973,0.08166996,0.057235356445694
7490,-0.032696999999999976,-0.020299213,0.0123977869929075,8.605810000000002,11.337025,2.7312146887207014,7.083259999999999,9.766118,2.682858049621583,0.03443459999999998,0.08166996,0.04723535644569399
7498,0.074847,0.06039434,-0.014452660736560818,5.09113,6.515073,1.423942822570801,6.153739999999999,6.285819,0.13207905364990324,0.06595679999999993,0.03815859,-0.027798208163309024
7548,0.10630499999999998,0.11802596,0.011720958538055437,10.098029999999998,11.827469,1.7294388720703147,12.352540000000001,13.954126,1.6015863580322254,0.11033899999999996,0.127625,0.017286003457069432
7550,0.136305,0.11802596,-0.01827904146194459,10.438029999999998,11.827469,1.3894388720703148,12.64254,13.954126,1.3115863580322262,0.09033900000000006,0.127625,0.03728600345706934
7552,0.06630500000000006,0.11802596,0.05172095853805536,13.968029999999999,11.827469,-2.1405611279296863,15.34254,13.954126,-1.388413641967773,0.17033900000000002,0.127625,-0.04271399654293062
7644,0.37889000000000006,0.2588412,-0.12004881323814398,10.965449999999999,11.266563,0.30111341552734494,15.82344,14.307934,-1.5155061926269529,0.30043050000000004,0.22819032,-0.07224018225002293
7645,0.29489,0.2588412,-0.036048813238143906,14.565449999999998,11.266563,-3.2988865844726547,15.77344,14.307934,-1.465506192626954,0.21243049999999997,0.22819032,0.015759817749977145
7762,-0.03761300000000012,0.032017764,0.06963076370406163,7.435680000000001,9.068706,1.633025558776854,3.8851499999999994,7.354987,3.4698371444702154,-0.03254400000000013,0.04333656,0.07588055908703817
7763,-0.02761300000000011,0.032017764,0.05963076370406162,8.035680000000003,9.068706,1.0330255587768526,3.895150000000001,7.354987,3.459837144470214,-0.06154400000000004,0.04333656,0.10488055908703808
7764,-0.03761300000000012,0.032017764,0.06963076370406163,7.985680000000002,9.068706,1.0830255587768534,3.815149999999999,7.354987,3.5398371444702157,-0.06654400000000005,0.04333656,0.10988055908703809
7766,-0.02761300000000011,0.032017764,0.05963076370406162,11.125680000000003,9.068706,-2.056974441223147,8.11515,7.354987,-0.760162855529785,0.04145599999999994,0.04333656,0.0018805590870381028
7767,-0.02761300000000011,0.032017764,0.05963076370406162,17.95568,9.068706,-8.886974441223146,13.195150000000002,7.354987,-5.840162855529787,0.07145599999999996,0.04333656,-0.028119440912961924
7768,-0.04761300000000013,0.032017764,0.07963076370406164,5.3456800000000015,9.068706,3.723025558776854,1.265150000000002,7.354987,6.089837144470213,-0.08454399999999995,0.04333656,0.127880559087038
7946,-0.09579500000000007,-0.046615068,0.049179932130575255,3.6104699999999994,4.6238074,1.0133374302673346,1.0476099999999988,2.9187908,1.8711808172607434,0.0007224000000000119,0.0580446,0.05732220123181342
8023,0.04838699999999996,0.032017764,-0.01636923629593845,5.99568,9.068706,3.0730255587768553,7.78515,7.354987,-0.43016285552978495,0.1314559999999999,0.04333656,-0.08811944091296187
8032,0.00044200000000005346,0.02934717,0.02890517014431948,7.178659999999997,8.443941,1.2652811163330107,7.678690000000001,10.695116,3.016426043090819,0.0050736000000000114,0.06412673,0.05905312996520995
8034,0.04044200000000009,0.02934717,-0.011094829855680555,9.298659999999998,8.443941,-0.8547188836669903,12.72869,10.695116,-2.03357395690918,0.10007359999999998,0.06412673,-0.035946870034790024
8057,0.0542450000000001,0.0426661,-0.011578900034427742,4.586269999999999,7.838916,3.2526458248901378,7.649840000000001,8.86977,1.219930050048827,0.16017380000000003,0.139916,-0.020257797249603304
8058,0.012959000000000165,0.049526222,0.03656722205018981,10.168589999999998,10.364088,0.19549805847168145,9.86852,11.553985,1.6854646420288084,0.06296540000000006,0.14487746,0.0819120635791778
8086,-0.030613,0.058465738,0.08907873784947395,6.105680000000003,9.0649805,2.9593005068969696,2.305150000000001,7.2939816,4.988831552124022,-0.06354400000000004,0.010252736,0.07379673557752375
8087,-0.014612999999999987,0.058465738,0.07307873784947394,6.705680000000001,9.0649805,2.3593005068969717,3.605150000000002,7.2939816,3.6888315521240216,-0.03554400000000002,0.010252736,0.04579673557752373
8088,-0.023613000000000106,0.058465738,0.08207873784947406,6.105680000000003,9.0649805,2.9593005068969696,2.905149999999999,7.2939816,4.388831552124024,-0.04354400000000003,0.010252736,0.053796735577523735
8167,0.2214879999999999,0.12865423,-0.09283377333927145,8.641820000000003,9.61459,0.9727696911621067,11.51644,9.560358,-1.9560819525146478,0.10030780000000006,0.04687511,-0.053432688241291104
8168,0.3414879999999999,0.12865423,-0.21283377333927145,9.041820000000001,9.61459,0.5727696911621081,13.01644,9.560358,-3.456081952514648,0.16330780000000011,0.04687511,-0.11643268824129116
8169,0.2214879999999999,0.12865423,-0.09283377333927145,12.641820000000003,9.61459,-3.0272303088378933,12.51644,9.560358,-2.956081952514648,0.041307800000000006,0.04687511,0.005567311758708948
8177,-0.03899000000000008,0.009915312,0.04890531182080515,8.26493,11.228053,2.9631230929565433,5.796899999999999,7.562313,1.7654130798339853,0.019842499999999985,-0.040714998,-0.06055749779820441
8178,0.16101,0.009915312,-0.1510946881791949,23.96493,11.228053,-12.736876907043456,16.596899999999998,7.562313,-9.034586920166014,-0.3101575,-0.040714998,0.26944250220179555
8179,0.06101000000000001,0.009915312,-0.051094688179194936,15.00493,11.228053,-3.776876907043457,10.306899999999999,7.562313,-2.7445869201660145,-0.07015749999999998,-0.040714998,0.029442502201795562
8181,-0.03899000000000008,0.009915312,0.04890531182080515,7.08493,11.228053,4.143123092956543,5.286899999999999,7.562313,2.275413079833985,0.0398425,-0.040714998,-0.08055749779820442
8182,-0.03899000000000008,0.009915312,0.04890531182080515,7.124929999999999,11.228053,4.103123092956544,5.4169,7.562313,2.1454130798339843,0.0398425,-0.040714998,-0.08055749779820442
8199,-0.05008900000000005,0.03520768,0.08529668135786062,9.17586,9.00539,-0.170469832763672,7.67356,8.887758,1.2141982550048827,0.08676649999999997,0.11631978,0.02955328303194049
8201,0.09991099999999997,0.03520768,-0.0647033186421394,10.69586,9.00539,-1.6904698327636716,12.54356,8.887758,-3.6558017449951166,0.21676649999999997,0.11631978,-0.10044671696805951
8247,0.002386999999999917,0.028920678,0.026533678421855056,9.105680000000003,9.8767805,0.7711005099487274,6.805150000000001,7.6957297,0.8905797325134266,0.016455999999999915,0.045047544,0.0285915439429284
8254,0.032386999999999944,0.028920678,-0.0034663215781449708,9.605680000000003,9.8767805,0.27110050994872736,8.70515,7.6957297,-1.009420267486572,0.08145599999999997,0.045047544,-0.03640845605707166
8329,0.06221500000000013,0.01444483,-0.047770170103907716,6.3683499999999995,9.488021,3.1196708969116216,7.907250000000001,6.4518366,-1.455413414001466,0.11326410000000009,-0.0037635602,-0.1170276602056981
8330,-0.047784999999999966,0.01444483,0.06222982989609238,5.958349999999999,9.488021,3.5296708969116217,6.207250000000002,6.4518366,0.24458658599853322,0.11226410000000009,-0.0037635602,-0.1160276602056981
8647,-0.015009999999999968,0.0075896983,0.022599698303490845,10.32159,12.86223,2.54064030090332,7.48508,9.682811,2.1977307833862305,0.019483599999999934,0.03657025,0.017086650988006657
8700,-0.09778500000000001,0.01444483,0.11222982989609243,7.898349999999997,9.488021,1.589670896911624,3.6072500000000005,6.4518366,2.8445865859985346,-0.02273589999999992,-0.0037635602,0.018972339794301907
8701,-0.09778500000000001,0.01444483,0.11222982989609243,6.958349999999999,9.488021,2.5296708969116217,1.9072500000000012,6.4518366,4.544586585998534,-0.06373589999999985,-0.0037635602,0.05997233979430183
8755,0.06088300000000002,-0.0015995312,-0.062482531155079624,5.277709999999999,6.658355,1.3806452360534678,6.316690000000001,7.117174,0.8004841485595691,0.0613556999999999,0.10164507,0.04028936733417521
8756,0.002215000000000078,0.015974443,0.013759443405866545,6.43835,8.807717,2.369367323303223,3.497250000000001,6.4266944,2.929444393157958,-0.04773589999999994,0.016863529,0.06459942863907808
8757,-0.01778499999999994,0.015974443,0.03375944340586656,9.828349999999997,8.807717,-1.0206326766967742,6.567250000000001,6.4266944,-0.14055560684204238,-0.007735899999999907,0.016863529,0.024599428639078047
8766,0.12303000000000008,0.10085882,-0.02217117753505715,17.38507,15.177897,-2.2071725466918934,16.80032,15.106217,-1.6941026156616203,0.15565819999999997,0.12449916,-0.031159042928886382
8767,0.09303000000000006,0.10085882,0.007828822464942875,16.48507,15.177897,-1.3071725466918949,15.900319999999999,15.106217,-0.79410261566162,0.12565819999999994,0.12449916,-0.0011590429288863557
8768,0.08303000000000016,0.10085882,0.017828822464942773,15.285070000000001,15.177897,-0.10717254669189558,15.000319999999999,15.106217,0.10589738433838036,0.10565820000000004,0.12449916,0.01884095707111355
8769,0.07303000000000015,0.10085882,0.027828822464942782,14.48507,15.177897,0.6928274533081051,14.30032,15.106217,0.8058973843383797,0.09565820000000003,0.12449916,0.02884095707111356
8773,0.08303000000000016,0.10085882,0.017828822464942773,14.68507,15.177897,0.49282745330810585,14.30032,15.106217,0.8058973843383797,0.09565820000000003,0.12449916,0.02884095707111356
8774,0.06303000000000014,0.10085882,0.03782882246494279,13.68507,15.177897,1.4928274533081058,13.400319999999999,15.106217,1.70589738433838,0.09565820000000003,0.12449916,0.02884095707111356
8775,0.09303000000000006,0.10085882,0.007828822464942875,14.98507,15.177897,0.19282745330810513,14.700319999999998,15.106217,0.4058973843383811,0.10565820000000004,0.12449916,0.01884095707111355
8819,-0.0717620000000001,-0.07338758,-0.001625578129768268,9.75629,7.7116785,-2.0446114950561523,8.558089999999998,6.2440343,-2.3140557096862775,0.08970110000000009,0.053946882,-0.035754217513656705
8831,0.03707080000000007,0.019665709,-0.017405091234612535,7.439170000000004,7.585959,0.14678895767211486,8.10021,7.886727,-0.21348314376831112,0.10348449999999998,0.103547044,6.25440983772485e-05
8833,0.007070800000000044,0.019665709,0.012594908765387491,6.939170000000004,7.585959,0.6467889576721149,7.340210000000001,7.886727,0.5465168562316887,0.10048450000000009,0.103547044,0.00306254409837714
8849,-0.004813999999999874,-0.051765583,-0.04695158345556272,17.73925,14.408925,-3.330324943542479,16.73725,13.952699,-2.784551292419433,0.1379144,0.11388047,-0.024033929604911797
8850,-0.023217699999999897,-0.022279808,0.0009378917022465627,10.888630000000003,11.224026,0.3353957263183567,9.35089,9.645587,0.294696967468262,0.06411140000000004,0.104261555,0.04015015477762218
8851,-0.027660999999999936,-0.0007718337,0.026889166299872036,10.336780000000001,11.002991,0.666210722656249,8.704699999999999,10.170568,1.4658684661865244,0.04876780000000003,0.071019016,0.022251216206264468
8852,-0.010661000000000032,-0.0007718337,0.009889166299872132,11.746780000000001,11.002991,-0.7437892773437511,10.3547,10.170568,-0.1841315338134759,0.05876780000000004,0.071019016,0.01225121620626446
8853,-0.04739899999999997,-0.0075972755,0.03980172445604202,11.47148,11.266966,-0.2045141339111325,9.756269999999999,10.694677,0.9384073529052745,0.0933676,0.1407161,0.04734850569953919
9062,0.21238699999999988,0.105621174,-0.10676582602214801,25.805680000000002,18.130117,-7.6755625836181665,19.80515,15.549931,-4.2552194274902355,0.42145599999999994,0.26269364,-0.15876235643005365
9063,0.09238699999999989,0.105621174,0.013234173977851982,13.805680000000002,18.130117,4.3244374163818335,12.10515,15.549931,3.4447805725097655,0.10145599999999999,0.26269364,0.1612376435699463
9064,0.2223869999999999,0.105621174,-0.11676582602214802,23.405680000000004,18.130117,-5.275562583618168,18.40515,15.549931,-2.8552194274902334,0.221456,0.26269364,0.0412376435699463
9065,0.09238699999999989,0.105621174,0.013234173977851982,13.605680000000001,18.130117,4.524437416381835,15.305150000000001,15.549931,0.24478057250976448,0.331456,0.26269364,-0.06876235643005368
9066,0.05238699999999996,0.105621174,0.053234173977851906,12.505680000000002,18.130117,5.624437416381834,13.20515,15.549931,2.344780572509766,0.23145599999999994,0.26269364,0.03123764356994635
9080,-0.03761300000000012,0.028920678,0.06653367842185509,6.525680000000001,9.8767805,3.351100509948729,5.3351500000000005,7.6957297,2.3605797325134272,0.051455999999999946,0.045047544,-0.006408456057071632
9090,0.12148799999999993,-0.0058049336,-0.1272929336075782,13.471820000000003,8.753281,-4.718539360351565,13.72644,5.461604,-8.264835881652832,0.19930780000000003,-0.0070779896,-0.20638578963412646
9093,0.012386999999999926,0.032017764,0.019630763704061582,12.645680000000002,9.068706,-3.576974441223147,10.635150000000001,7.354987,-3.2801628555297864,0.09645599999999999,0.04333656,-0.053119440912961946
9094,0.012386999999999926,0.032017764,0.019630763704061582,12.325680000000002,9.068706,-3.2569744412231465,9.645150000000001,7.354987,-2.290162855529786,0.04345599999999994,0.04333656,-0.00011944091296189896
9097,-0.028512000000000093,-0.011200164,0.017311835555255506,7.221820000000001,8.092033,0.8702133862304677,5.696439999999999,5.064557,-0.6318829244995108,0.04630780000000001,0.007033613,-0.03927418695523144
9099,-0.05851200000000012,-0.011200164,0.04731183555525553,5.671820000000004,8.092033,2.420213386230465,1.9864399999999982,5.064557,3.07811707550049,-0.04369219999999996,0.007033613,0.05072581304476853
9100,-0.05851200000000012,-0.011200164,0.04731183555525553,6.641820000000003,8.092033,1.450213386230466,3.0864399999999996,5.064557,1.9781170755004887,-0.03369219999999995,0.007033613,0.04072581304476852
9101,-0.04851200000000011,-0.011200164,0.037311835555255524,7.031820000000003,8.092033,1.0602133862304655,3.5964399999999976,5.064557,1.4681170755004906,-0.03169219999999995,0.007033613,0.03872581304476852
9106,-0.03761300000000012,-0.008808448,0.028804552020609497,6.33568,6.8819375,0.5462575038146973,1.8051500000000011,3.1928957,1.3877456508636463,-0.08854400000000007,-0.04503496,0.04350904008769996
9107,-0.057613000000000136,-0.008808448,0.048804552020609515,7.425680000000003,6.8819375,-0.5437424961853061,2.805150000000001,3.1928957,0.3877456508636463,-0.06854400000000005,-0.04503496,0.02350904008769994
9108,0.04238699999999995,-0.008808448,-0.051195447979390574,6.705680000000001,6.8819375,0.1762575038146963,4.305150000000001,3.1928957,-1.1122543491363537,-0.04854400000000003,-0.04503496,0.0035090400876999217
9109,0.002386999999999917,-0.008808448,-0.011195447979390538,6.505680000000002,6.8819375,0.3762575038146956,3.7051499999999997,3.1928957,-0.5122543491363523,-0.03854400000000002,-0.04503496,-0.006490959912300087
9110,-0.03761300000000012,-0.008808448,0.028804552020609497,6.505680000000002,6.8819375,0.3762575038146956,3.305150000000001,3.1928957,-0.11225434913635368,-0.028544000000000014,-0.04503496,-0.016490959912300096
9111,-0.0176130000000001,-0.008808448,0.00880455202060948,6.505680000000002,6.8819375,0.3762575038146956,3.2051499999999997,3.1928957,-0.01225434913635226,-0.04854400000000003,-0.04503496,0.0035090400876999217
9113,-0.04761300000000013,-0.008808448,0.038804552020609506,5.305680000000002,6.8819375,1.5762575038146949,0.7051499999999997,3.1928957,2.4877456508636477,-0.08854400000000007,-0.04503496,0.04350904008769996
9114,-0.06761300000000015,-0.008808448,0.058804552020609524,6.105680000000003,6.8819375,0.7762575038146942,1.5051500000000004,3.1928957,1.687745650863647,-0.06854400000000005,-0.04503496,0.02350904008769994
9138,-0.044613000000000014,-0.007375928,0.037237071892350926,6.235680000000002,7.232618,0.9969378550720194,2.675150000000002,4.5231786,1.8480285774230936,-0.041544000000000025,-0.008813756,0.03273024441325667
9224,-0.0782830000000001,0.002771976,0.08105497593823086,7.660720000000001,9.682897,2.0221766140747057,3.738900000000001,6.8676023,3.1287023483276357,-0.024994799999999984,0.009794294,0.03478909390281437
9226,-0.048283000000000076,0.002771976,0.05105497593823083,8.160720000000001,9.682897,1.5221766140747057,4.238899999999999,6.8676023,2.6287023483276375,-0.0449948,0.009794294,0.05478909390281439
9783,-0.057613000000000136,0.044177003,0.10179000320482268,7.305680000000002,8.216136,0.9104559786987281,2.5051500000000004,7.4725785,4.9674285255432125,-0.07854400000000006,0.08225911,0.16080311110639578
9785,-0.11761299999999997,-0.04909129,0.06852170931744572,6.805680000000002,7.663201,0.8575208552551246,1.0051500000000004,4.1167264,3.111576398468017,-0.07854400000000006,-0.0060905707,0.07245342929312593
9787,-0.09761300000000017,0.044177003,0.1417900032048227,6.805680000000002,8.216136,1.410455978698728,1.6051500000000019,7.4725785,5.867428525543211,-0.06854400000000005,0.08225911,0.15080311110639577
9867,0.14238699999999993,0.028920678,-0.11346632157814496,11.72568,9.8767805,-1.84889949005127,10.03515,7.6957297,-2.339420267486572,0.20145599999999997,0.045047544,-0.15640845605707165
9916,-0.06761300000000015,0.032017764,0.09963076370406165,5.33568,9.068706,3.7330255587768555,2.805150000000001,7.354987,4.549837144470214,0.005456000000000016,0.04333656,0.037880559087038024
9918,-0.04761300000000013,0.032017764,0.07963076370406164,5.705680000000001,9.068706,3.3630255587768545,3.105150000000002,7.354987,4.249837144470213,0.0014560000000000128,0.04333656,0.04188055908703803
9919,-0.03761300000000012,0.032017764,0.06963076370406163,5.285680000000003,9.068706,3.7830255587768526,4.20515,7.354987,3.149837144470215,0.04345599999999994,0.04333656,-0.00011944091296189896
9955,-0.08901000000000003,-0.02904014,0.05996986083149913,6.16159,8.737353,2.5757633248901364,1.775079999999999,4.706812,2.9317319049072275,-0.048516400000000015,0.010659505,0.05917590468182565
9956,-0.11600999999999995,-0.02904014,0.08696986083149905,7.261590000000002,8.737353,1.475763324890135,2.2050800000000024,4.706812,2.501731904907224,-0.05051640000000013,0.010659505,0.061175904681825766
10212,-0.03761300000000012,0.028920678,0.06653367842185509,7.935680000000001,9.8767805,1.941100509948729,3.8451500000000003,7.6957297,3.8505797325134274,-0.05554400000000004,0.045047544,0.10059154394292835
10237,-0.02761300000000011,0.028920678,0.05653367842185508,8.185680000000001,9.8767805,1.691100509948729,5.03515,7.6957297,2.660579732513428,-0.006543999999999994,0.045047544,0.05159154394292831
10243,-0.06761300000000015,0.028920678,0.09653367842185512,7.855680000000003,9.8767805,2.0211005099487274,3.5451499999999996,7.6957297,4.150579732513428,-0.04654400000000003,0.045047544,0.09159154394292834
10248,-0.06761300000000015,0.028920678,0.09653367842185512,7.855680000000003,9.8767805,2.0211005099487274,3.5451499999999996,7.6957297,4.150579732513428,-0.04654400000000003,0.045047544,0.09159154394292834
10596,0.13920299999999997,0.081524245,-0.057678754559040035,4.226890000000001,3.9054549,-0.32143512596130464,9.69497,7.8976064,-1.7973636271667477,0.20916060000000003,0.17152941,-0.037631187730407745
10597,0.16020299999999998,0.081524245,-0.07867875455904005,4.3768899999999995,3.9054549,-0.4714351259613032,11.15497,7.8976064,-3.2573636271667485,0.26916059999999997,0.17152941,-0.09763118773040769
10598,0.11620299999999995,0.081524245,-0.034678754559040015,3.7868899999999996,3.9054549,0.11856487403869664,7.76497,7.8976064,0.13263637283325203,0.13816060000000008,0.17152941,0.03336881226959221
10599,0.13920299999999997,0.081524245,-0.057678754559040035,3.8768899999999995,3.9054549,0.028564874038696786,8.77497,7.8976064,-0.8773636271667478,0.1691606,0.17152941,0.002368812269592291
10600,-0.009797000000000056,0.081524245,0.09132124544095999,2.7768900000000016,3.9054549,1.1285648740386947,3.8249700000000004,7.8976064,4.0726363728332515,0.07716059999999991,0.17152941,0.09436881226959237
10601,0.00020299999999995322,0.081524245,0.08132124544095998,3.046890000000001,3.9054549,0.8585648740386951,5.394970000000001,7.8976064,2.5026363728332512,0.12916059999999996,0.17152941,0.042368812269592326
10602,0.00020299999999995322,0.081524245,0.08132124544095998,4.01689,3.9054549,-0.11143512596130378,6.02497,7.8976064,1.8726363728332522,0.12916059999999996,0.17152941,0.042368812269592326
10603,0.14020299999999997,0.081524245,-0.058678754559040036,4.986889999999999,3.9054549,-1.0814351259613026,11.00497,7.8976064,-3.107363627166748,0.25916059999999996,0.17152941,-0.08763118773040768
10628,0.07325700000000013,0.05410041,-0.01915659084987653,10.961200000000003,9.572279,-1.3889210235595737,11.059470000000001,10.308289,-0.751181425781251,0.12064750000000002,0.14507005,0.024422546186447125
10667,-0.07778499999999999,0.015974443,0.09375944340586662,6.238349999999997,8.807717,2.5693673233032257,1.5072500000000026,6.4266944,4.919444393157956,-0.06773589999999996,0.016863529,0.0845994286390781
10923,-0.00012699999999998823,-0.0033373006,-0.0032103006153851865,3.0378700000000016,5.3270807,2.2892107266235335,3.4859299999999998,5.6179237,2.131993736572266,0.08053949999999999,0.06372515,-0.016814348878383623
11012,-0.02761300000000011,0.06161614,0.08922914134907733,7.805680000000002,10.216827,2.4111473925781226,4.20515,9.785319,5.580169328308106,-0.03854400000000002,0.09801666,0.13656065693521502
11140,-0.08963300000000007,-0.023012392,0.06662060777711876,7.340070000000001,8.281971,0.9419009777832024,3.934049999999999,7.128318,3.194267832946778,0.0040840000000000876,0.08192739,0.0778433889064788
11141,-0.03963300000000003,-0.023012392,0.016620607777118712,7.6400700000000015,8.281971,0.6419009777832017,5.63405,7.128318,1.4942678329467771,0.04408400000000001,0.08192739,0.03784338890647887
11142,-0.06963300000000006,-0.023012392,0.04662060777711874,7.54007,8.281971,0.7419009777832031,6.13405,7.128318,0.9942678329467771,0.04408400000000001,0.08192739,0.03784338890647887
11143,-0.03963300000000003,-0.023012392,0.016620607777118712,7.840070000000001,8.281971,0.44190097778320236,7.73405,7.128318,-0.6057321670532225,0.13408399999999998,0.08192739,-0.0521566110935211
11144,0.10036699999999998,-0.023012392,-0.1233793922228813,8.640070000000001,8.281971,-0.35809902221679835,13.23405,7.128318,-6.1057321670532225,0.28408400000000006,0.08192739,-0.20215661109352118
11236,-0.02761300000000011,0.026489481,0.05410248132991802,10.105680000000003,9.620675,-0.48500491302490545,6.805150000000001,8.860317,2.0551672302246082,0.0014560000000000128,0.087380104,0.08592410376691817
11258,-0.031074999999999964,-0.04357826,-0.012503259646892584,4.4877199999999995,4.598788,0.11106778457641653,4.945819999999998,5.262147,0.31632694976806874,0.08829010000000004,0.11036274,0.022072638370895348
11259,-0.031074999999999964,-0.04357826,-0.012503259646892584,4.637719999999998,4.598788,-0.03893221542358205,5.215819999999999,5.262147,0.046326949768067394,0.09829009999999994,0.11036274,0.01207263837089545
11260,-0.031074999999999964,-0.04357826,-0.012503259646892584,4.53772,4.598788,0.06106778457641582,6.015819999999998,5.262147,-0.7536730502319315,0.14829009999999998,0.11036274,-0.037927361629104595
11269,0.1522150000000001,0.015974443,-0.13624055659413348,17.63835,8.807717,-8.830632676696776,16.39725,6.4266944,-9.97055560684204,0.2922641,0.016863529,-0.2754005713609219
11270,0.13221500000000008,0.015974443,-0.11624055659413346,16.13835,8.807717,-7.330632676696776,14.437250000000002,6.4266944,-8.010555606842043,0.16226410000000002,0.016863529,-0.14540057136092188
11271,0.08221500000000015,0.015974443,-0.06624055659413353,15.138349999999999,8.807717,-6.330632676696776,12.847250000000003,6.4266944,-6.4205556068420435,0.10226410000000008,0.016863529,-0.08540057136092194
11273,0.032215000000000105,0.015974443,-0.016240556594133482,13.338349999999998,8.807717,-4.530632676696776,10.43725,6.4266944,-4.010555606842042,0.04226410000000003,0.016863529,-0.025400571360921886
11274,0.022215000000000096,0.015974443,-0.006240556594133473,11.238349999999997,8.807717,-2.4306326766967743,8.087250000000001,6.4266944,-1.660555606842042,-0.007735899999999907,0.016863529,0.024599428639078047
11275,0.08221500000000015,0.015974443,-0.06624055659413353,15.438349999999998,8.807717,-6.630632676696775,14.35725,6.4266944,-7.9305556068420415,0.21226410000000007,0.016863529,-0.19540057136092193
11312,0.05221500000000012,0.01444483,-0.03777017010390771,7.8683499999999995,9.488021,1.6196708969116216,6.747250000000001,6.4518366,-0.2954134140014659,0.02226410000000001,-0.0037635602,-0.026027660205698022
11313,0.07221500000000014,0.01444483,-0.057770170103907725,6.34835,9.488021,3.139670896911621,6.177250000000001,6.4518366,0.27458658599853436,0.0122641,-0.0037635602,-0.016027660205698013
11397,-0.10716480000000006,-0.054954685,0.052210114729213775,6.7603100000000005,6.3355966,-0.4247134385681157,2.82747,4.6198897,1.7924197361755372,-0.05968600000000002,-0.030789858,0.028896142269730585
11399,-0.005665999999999949,0.034048207,0.039714207104206034,12.34627,11.419746,-0.9265236010742193,9.28789,9.155661,-0.13222937072753993,0.025034400000000012,0.014951635,-0.010082764847898495
11400,-0.003174999999999928,0.018725172,0.02190017168521874,3.362940000000002,5.5126367,2.149696661529539,2.7921299999999984,4.888037,2.095907204742433,0.019739300000000015,0.03777551,0.018036209059429154
11733,0.07214300000000007,0.08845961,0.01631661093902581,10.011790000000001,10.094072,0.08228234191894401,9.760409999999998,10.0446005,0.2841904867553726,0.06292330000000002,0.09075692,0.027833622960281357
11736,0.03214300000000003,0.08845961,0.056316610939025846,10.191790000000001,10.094072,-0.0977176580810557,9.27041,10.0446005,0.774190486755371,0.0429233,0.09075692,0.047833622960281375
11737,0.08214299999999997,0.08845961,0.006316610939025913,9.98179,10.094072,0.11228234191894515,10.170409999999999,10.0446005,-0.12580951324462752,0.07292330000000002,0.09075692,0.017833622960281348
11738,0.11214299999999999,0.08845961,-0.023683389060974114,9.721789999999999,10.094072,0.3722823419189467,10.39041,10.0446005,-0.34580951324462816,0.07292330000000002,0.09075692,0.017833622960281348
11739,0.03214300000000003,0.08845961,0.056316610939025846,10.191790000000001,10.094072,-0.0977176580810557,9.27041,10.0446005,0.774190486755371,0.0429233,0.09075692,0.047833622960281375
11740,0.07214300000000007,0.08845961,0.01631661093902581,9.46179,10.094072,0.6322823419189447,9.31041,10.0446005,0.7341904867553719,0.06292330000000002,0.09075692,0.027833622960281357
11741,0.08214299999999997,0.08845961,0.006316610939025913,9.201789999999999,10.094072,0.8922823419189463,9.98041,10.0446005,0.06419048675537198,0.09292329999999993,0.09075692,-0.002166377039718559
11765,0.03621500000000011,0.01705526,-0.01915973998248588,7.8683499999999995,7.55818,-0.3101701446533198,8.407250000000001,6.2274857,-2.17976434326172,0.11226410000000009,0.039761495,-0.07250260515484819
11773,-0.07377500000000015,0.046102036,0.11987703579068199,10.026040000000002,14.8614435,4.835403519592283,7.631529999999998,14.583113,6.951582716674807,0.030508800000000003,0.14162208,0.11111328139896393
11800,-0.0330410000000001,-0.016689872,0.01635112763082991,7.41066,7.30106,-0.1095998002624512,10.69454,9.926545,-0.7679948568725585,0.23754930000000007,0.18397997,-0.05356932680301674
11801,-0.008383999999999947,-0.017262358,-0.008878358218431526,6.91039,7.857089,0.9466990426635746,8.588189999999999,9.328004,0.7398138833618173,0.1426423,0.16743255,0.024790246615600586
11802,-0.038383999999999974,-0.017262358,0.0211216417815685,6.91039,7.857089,0.9466990426635746,7.9881899999999995,9.328004,1.339813883361817,0.1326423,0.16743255,0.034790246615600595
11803,-0.068384,-0.017262358,0.05112164178156853,6.110389999999999,7.857089,1.7466990426635753,6.688189999999999,9.328004,2.6398138833618177,0.12364229999999998,0.16743255,0.0437902466156006
11804,-0.028383999999999965,-0.017262358,0.011121641781568492,7.21039,7.857089,0.6466990426635739,9.28819,9.328004,0.03981388336181624,0.17664230000000003,0.16743255,-0.009209753384399444
11805,0.01161600000000007,-0.017262358,-0.028878358218431543,8.71039,7.857089,-0.8533009573364261,12.28819,9.328004,-2.9601861166381838,0.2546423000000001,0.16743255,-0.08720975338439951
11981,0.07238699999999998,0.079557754,0.00717075409936907,13.175680000000002,11.432696,-1.74298365753174,13.54515,12.092497,-1.4526531280517574,0.22845600000000005,0.18444578,-0.04401021650409703
11982,0.08238699999999999,0.079557754,-0.002829245900630939,14.605680000000001,11.432696,-3.1729836575317396,14.20515,12.092497,-2.1126531280517575,0.26545599999999997,0.18444578,-0.08101021650409695
12001,0.03315899999999994,0.13693741,0.10377840963935858,12.967910000000003,13.053679,0.08576946624755521,16.3201,18.001205,1.6811054443359374,0.3273436000000001,0.3856003,0.05825669864311206
12002,0.04315899999999995,0.13693741,0.09377840963935857,13.667910000000003,13.053679,-0.6142305337524441,17.5601,18.001205,0.441105444335939,0.37834360000000006,0.3856003,0.007256698643112125
12032,0.12238699999999991,0.079557754,-0.04282924590063086,11.40568,11.432696,0.027016342468261456,12.215150000000001,12.092497,-0.1226531280517591,0.17145599999999994,0.18444578,0.012989783495903073
12033,0.1123869999999999,0.079557754,-0.032829245900630855,6.425680000000003,11.432696,5.007016342468258,10.01515,12.092497,2.077346871948242,0.18145599999999995,0.18444578,0.0029897834959030645
12054,-0.008027000000000006,0.014863102,0.022890101765513426,11.822220000000002,13.119973,1.2977531826782212,8.515290000000002,9.945625,1.4303353051757792,0.009383700000000106,0.030176835,0.02079313513462533
12055,-0.01693699999999998,-0.018131364,-0.0011943641369343005,18.31426,15.217464,-3.0967955529785165,12.347019999999999,9.947193,-2.3998268542480456,-0.007008199999999909,-0.006049658,0.0009585418281673475
12056,-0.062287800000000004,-0.024723642,0.03756415842561722,6.872430000000001,7.498648,0.6262181666564928,4.446389999999999,6.061597,1.615206870422364,0.010692499999999883,0.030070668,0.019378168086409686
12454,0.6049899999999999,0.06843308,-0.5365569164061545,19.72159,11.671883,-8.049707370605468,19.26508,9.080141,-10.184938932495118,0.42248359999999996,0.057267085,-0.3652165152822494
12455,0.27498999999999996,0.06843308,-0.2065569164061546,17.19159,11.671883,-5.51970737060547,18.19508,9.080141,-9.114938932495118,0.4554836,0.057267085,-0.39821651528224944
12499,-0.07901000000000002,0.06843308,0.1474430835938454,11.851590000000002,11.671883,-0.17970737060547037,8.05508,9.080141,1.0250610675048826,0.030483600000000055,0.057267085,0.026783484717750494
12501,-0.022010000000000085,0.06843308,0.09044308359384545,16.32159,11.671883,-4.649707370605469,11.28508,9.080141,-2.204938932495118,-0.007516399999999979,0.057267085,0.06478348471775053
12639,0.3685139999999999,0.21105628,-0.15745772284412374,14.963110000000002,12.052299,-2.9108114541626,16.182830000000003,13.133084,-3.049745702819827,0.23898579999999991,0.17729795,-0.061687850209045325
12640,0.3685139999999999,0.21105628,-0.15745772284412374,16.46311,12.052299,-4.410811454162598,15.882830000000002,13.133084,-2.749745702819826,0.23898579999999991,0.17729795,-0.061687850209045325
12641,-0.007784999999999931,0.021586923,0.02937192292869084,10.238349999999997,8.957712,-1.280637826538083,11.387250000000002,8.694929,-2.692320877075197,0.22226410000000008,0.067931294,-0.15433280555877693
12818,0.14238699999999993,0.044177003,-0.09820999679517739,7.205680000000001,8.216136,1.0104559786987295,12.40515,7.4725785,-4.932571474456788,0.273456,0.08225911,-0.19119688889360426
12820,0.006215000000000082,0.015974443,0.009759443405866541,6.488349999999997,8.807717,2.3193673233032257,5.007250000000001,6.4266944,1.4194443931579581,0.0122641,0.016863529,0.00459942863907814
12912,0.02049000000000012,-0.010579494,-0.031069493828117967,6.282160000000001,6.6868367,0.4046767195129384,6.083500000000001,6.0847282,0.0012282409667960792,0.048228600000000066,0.043577883,-0.004650716607427663
13148,-0.03778499999999996,0.015974443,0.05375944340586658,12.52835,8.807717,-3.720632676696777,12.997250000000001,6.4266944,-6.570555606842042,0.26726410000000006,0.016863529,-0.2504005713609219
13200,0.33618000000000003,0.3062811,-0.02989891021728519,9.416830000000001,9.986396,0.5695658358764639,12.889339999999999,12.395054,-0.4942861364746083,0.24011690000000002,0.18772803,-0.05238886753025057
13202,0.26217999999999997,0.3062811,0.044101089782714875,8.47683,9.986396,1.5095658358764652,12.17934,12.395054,0.2157138635253908,0.1671169,0.18772803,0.020611132469749438
13203,0.3081800000000001,0.3062811,-0.0018989102172852768,9.40683,9.986396,0.5795658358764655,12.17934,12.395054,0.2157138635253908,0.2071169,0.18772803,-0.019388867530250542
13205,0.2961800000000001,0.3062811,0.010101089782714734,11.99683,9.986396,-2.0104341641235344,12.37934,12.395054,0.015713863525391503,0.1451169,0.18772803,0.04261113246974946
13246,-0.04996500000000004,0.04571781,0.09568280934929851,10.0657,11.424193,1.358493382263184,7.368500000000001,9.45916,2.090659851074218,0.046205199999999946,0.11798574,0.07178054030399328
13310,0.08238699999999999,0.1371392,0.05475220116424562,26.56568,16.681446,-9.884233924560547,19.00515,13.7881775,-5.216972509765625,0.061455999999999955,0.091716744,0.03026074400568013
13312,0.19238699999999997,0.1371392,-0.05524779883575437,16.77568,16.681446,-0.09423392456054813,15.305150000000001,13.7881775,-1.5169725097656261,0.18145599999999995,0.091716744,-0.08973925599431987
13411,-0.009613000000000094,0.03568334,0.04529634132432947,9.205680000000001,9.457347,0.2516669161987295,8.50515,7.7080584,-0.7970916427612309,-0.03854400000000002,0.0069895084,0.04553350840160253
13412,0.035386999999999946,0.03568334,0.00029634132432942994,10.205680000000001,9.457347,-0.7483330838012705,7.20515,7.7080584,0.5029083572387698,-0.018544000000000005,0.0069895084,0.02553350840160251
13456,-0.03168099999999985,-0.010414555,0.02126644526249155,13.923570000000002,14.244878,0.3213078152465805,6.96186,8.300737,1.3388773809814456,-0.11187360000000002,-0.045883443,0.06599015679345133
13457,0.003319000000000072,-0.010414555,-0.013733554737508369,14.32357,14.244878,-0.0786921847534181,9.35186,8.300737,-1.051122619018555,-0.0028736000000000317,-0.045883443,-0.04300984320654866
13458,0.0073190000000000754,-0.010414555,-0.017733554737508372,14.11357,14.244878,0.13130781524658275,9.00186,8.300737,-0.7011226190185553,-0.04487359999999996,-0.045883443,-0.0010098432065487328
13460,-0.0836809999999999,-0.010414555,0.0732664452624916,12.563570000000002,14.244878,1.68130781524658,5.391860000000001,8.300737,2.908877380981444,-0.09387359999999989,-0.045883443,0.0479901567934512
13461,-0.04668099999999997,-0.010414555,0.036266445262491676,13.62357,14.244878,0.6213078152465812,7.251860000000001,8.300737,1.0488773809814447,-0.042873599999999956,-0.045883443,-0.0030098432065487346
13464,-0.05568099999999987,-0.010414555,0.04526644526249157,18.60357,14.244878,-4.358692184753419,10.72186,8.300737,-2.421122619018554,-0.1038735999999999,-0.045883443,0.05799015679345121
13500,-0.07701100000000016,-0.03896768,0.038043319813966914,5.6616,6.4695535,0.8079534706115723,4.678630000000002,5.8496513,1.17102133666992,0.06455220000000006,0.10808026,0.04352806045560831
13506,0.081488,0.06444844,-0.01703956141519547,7.041820000000001,10.556611,3.51479106109619,5.616439999999999,7.927272,2.310831842956544,-0.028692199999999946,-0.01676378,0.011928419733953421
13507,0.11148799999999992,0.06444844,-0.047039561415195386,14.341820000000002,10.556611,-3.7852089389038106,11.216439999999999,7.927272,-3.2891681570434557,-0.0026922000000000335,-0.01676378,-0.01407158026604649
13917,0.0016650000000000276,0.014472104,0.012807103677690002,9.707340000000002,8.312338,-1.3950021246337911,16.0613,6.890699,-9.170601090240478,0.3153228,0.054329023,-0.2609937772348404
13918,-0.03733500000000012,0.014472104,0.05180710367769015,8.006340000000005,8.312338,0.3059978753662058,9.9613,6.890699,-3.070601090240478,0.14132280000000008,0.054329023,-0.08699377723484047
13919,-0.04433499999999979,0.014472104,0.05880710367768982,7.1973400000000005,8.312338,1.1149978753662104,4.561299999999999,6.890699,2.3293989097595222,-0.002677199999999935,0.054329023,0.05700622276515954
14030,-0.0014199999999999768,0.002819959,0.004239959074258781,11.15417,11.175913,0.021742857055663478,9.649430000000002,9.763333,0.11390332061767339,0.027506600000000048,0.035450544,0.007943944208288145
14038,-0.0014199999999999768,0.002819959,0.004239959074258781,11.15417,11.175913,0.021742857055663478,9.649430000000002,9.763333,0.11390332061767339,0.027506600000000048,0.035450544,0.007943944208288145
14042,-0.0014199999999999768,0.002819959,0.004239959074258781,11.15417,11.175913,0.021742857055663478,9.649430000000002,9.763333,0.11390332061767339,0.027506600000000048,0.035450544,0.007943944208288145
14092,0.08162799999999992,0.07253628,-0.009091717758655471,4.74099,6.314714,1.573723954925537,6.13702,6.8247848,0.6877647557067874,0.049590800000000046,0.08240781,0.03281700979394908
14102,0.271717,0.22156858,-0.050148415557861314,6.360720000000001,8.254278,1.8935581829833978,14.838899999999999,12.666642,-2.17225781097412,0.3750052,0.31809187,-0.056913330645751936
14156,0.04011589999999998,0.12624581,0.08612991158161165,4.493789999999997,6.7099347,2.2161447114563018,5.065109999999999,5.214847,0.14973708786010853,0.05518109999999998,0.04680027,-0.008380829323387129
14222,0.04642499999999994,0.042716127,-0.0037088731110095363,3.9513099999999994,6.9598117,3.008501687469483,4.79749,6.4623218,1.6648317582702639,0.052842899999999915,0.053435747,0.000592846580362405
14298,-0.04761300000000013,0.028920678,0.0765336784218551,10.855680000000003,9.8767805,-0.9788994900512726,5.905150000000001,7.6957297,1.790579732513427,-0.05854400000000004,0.045047544,0.10359154394292835
14299,-0.06761300000000015,0.028920678,0.09653367842185512,7.505680000000002,9.8767805,2.371100509948729,2.0051500000000004,7.6957297,5.690579732513427,-0.09854400000000008,0.045047544,0.1435915439429284
14842,-0.04365400000000008,-0.0075511,0.036102899894952856,6.4251400000000025,8.713127,2.2879871362304662,5.555130000000002,6.7676945,1.2125644732665997,0.04789370000000004,0.057811446,0.009917746487903556
14981,0.06538699999999997,0.044177003,-0.021209996795177433,2.295680000000001,8.216136,5.92045597869873,9.03515,7.4725785,-1.562571474456787,0.24845600000000007,0.08225911,-0.16619688889360434
15048,0.03638699999999995,0.03568334,-0.0007036586756705709,9.785680000000003,9.457347,-0.32833308380127235,8.67515,7.7080584,-0.9670916427612308,0.0044559999999999045,0.0069895084,0.002533508401602602
15049,0.013387000000000038,0.03568334,0.02229634132432934,9.805680000000002,9.457347,-0.3483330838012719,7.135150000000001,7.7080584,0.5729083572387683,0.0024559999999999027,0.0069895084,0.004533508401602604
15050,0.03838699999999995,0.03568334,-0.0027036586756705727,10.105680000000003,9.457347,-0.6483330838012726,8.17515,7.7080584,-0.46709164276123083,0.028456000000000037,0.0069895084,-0.02146649159839753
15051,0.08938699999999988,0.03568334,-0.05370365867567051,9.88568,9.457347,-0.4283330838012702,7.385150000000001,7.7080584,0.3229083572387683,0.00045600000000001195,0.0069895084,0.006533508401602495
15052,0.03138699999999994,0.03568334,0.0042963413243294335,9.81568,9.457347,-0.35833308380126994,7.42515,7.7080584,0.28290835723876917,0.0034560000000000146,0.0069895084,0.003533508401602492
15094,-0.04814300000000005,-0.012239227,0.03590377292859559,8.716320000000003,9.71169,0.9953699490356414,7.351320000000001,9.081247,1.7299273297119129,0.047267599999999965,0.11963127,0.07236366808404926
15096,-0.04814300000000005,-0.012239227,0.03590377292859559,8.316320000000005,9.71169,1.39536994903564,7.341320000000001,9.081247,1.7399273297119127,0.06726759999999998,0.11963127,0.05236366808404924
15097,0.19216200000000005,0.04228432,-0.14987767896008497,19.21571,12.236285,-6.97942479034424,16.382050000000003,9.004295,-7.377754650878909,0.21253600000000006,0.050585635,-0.1619503649935723
15098,-0.007838000000000012,0.04228432,0.050122321039915096,9.115710000000004,12.236285,3.120575209655758,5.082050000000002,9.004295,3.9222453491210914,-0.05846399999999996,0.050585635,0.10904963500642773
15105,-0.00583800000000001,0.022377394,0.028215394139766703,8.115710000000004,9.921776,1.8060658178710902,6.082050000000002,7.5345573,1.4525073425292945,0.023536,0.0139624,-0.009573599854171277
15107,-0.010837999999999903,0.019319804,0.030157804385304354,9.115710000000004,10.556635,1.440924902954098,6.082050000000002,8.038204,1.956154193115232,-0.006463999999999914,0.04873887,0.055202870769739065
15108,0.012162000000000006,-0.001981249,-0.014143249079108244,10.115710000000004,9.200922,-0.914787987670902,7.782050000000002,5.945179,-1.8368710144042986,0.03153600000000001,0.009583087,-0.021952913293302068
15179,-0.008820999999999968,-0.018692682,-0.009871681565880808,3.33315,4.477969,1.1448191696166994,3.6633700000000005,4.500544,0.8371740711975093,0.060435600000000034,0.07525335,0.014817752522850003
15180,-0.028820999999999986,-0.018692682,0.01012831843411921,2.6231500000000025,4.477969,1.8548191696166967,2.7833700000000015,4.500544,1.7171740711975083,0.05643560000000014,0.07525335,0.018817752522849895
15182,-0.028820999999999986,-0.018692682,0.01012831843411921,3.1231500000000025,4.477969,1.3548191696166967,3.933370000000002,4.500544,0.567174071197508,0.08943560000000006,0.07525335,-0.014182247477150023
15183,-0.018820999999999977,-0.018692682,0.00012831843411920119,5.49315,4.477969,-1.0151808303833008,6.133370000000001,4.500544,-1.6328259288024913,0.11743560000000008,0.07525335,-0.04218224747715005
15184,-0.048821,-0.018692682,0.030128318434119228,4.83315,4.477969,-0.3551808303833006,4.403370000000001,4.500544,0.0971740711975091,0.07743560000000005,0.07525335,-0.002182247477150012
15185,-0.048821,-0.018692682,0.030128318434119228,4.0131499999999996,4.477969,0.46481916961669967,3.503370000000002,4.500544,0.9971740711975077,0.05743560000000003,0.07525335,0.017817752522850006
15186,-0.048821,-0.018692682,0.030128318434119228,4.81315,4.477969,-0.33518083038330104,4.713370000000001,4.500544,-0.2128259288024914,0.08743560000000006,0.07525335,-0.012182247477150021
15187,-0.048821,-0.018692682,0.030128318434119228,5.2631499999999996,4.477969,-0.7851808303833003,5.2433700000000005,4.500544,-0.7428259288024908,0.09743560000000007,0.07525335,-0.02218224747715003
15189,0.01117900000000005,-0.018692682,-0.029871681565880825,3.9231499999999997,4.477969,0.5548191696166995,5.323370000000001,4.500544,-0.8228259288024908,0.10743560000000008,0.07525335,-0.03218224747715004
15190,-0.018820999999999977,-0.018692682,0.00012831843411920119,4.65315,4.477969,-0.1751808303833009,5.153370000000001,4.500544,-0.6528259288024909,0.09743560000000007,0.07525335,-0.02218224747715003
15191,-0.038820999999999994,-0.018692682,0.02012831843411922,4.17315,4.477969,0.3048191696166995,3.423370000000002,4.500544,1.0771740711975077,0.04743560000000002,0.07525335,0.027817752522850014
15194,0.01117900000000005,-0.018692682,-0.029871681565880825,3.9731500000000004,4.477969,0.5048191696166988,5.393370000000001,4.500544,-0.8928259288024911,0.10743560000000008,0.07525335,-0.03218224747715004
15195,-0.008820999999999968,-0.018692682,-0.009871681565880808,3.453150000000001,4.477969,1.0248191696166984,3.813370000000001,4.500544,0.687174071197509,0.06743560000000004,0.07525335,0.007817752522849997
15196,-0.038820999999999994,-0.018692682,0.02012831843411922,3.393150000000002,4.477969,1.084819169616697,2.8233700000000006,4.500544,1.6771740711975092,0.04743560000000002,0.07525335,0.027817752522850014
15832,0.16282600000000003,0.24874482,0.08591881558799741,16.43832,16.67437,0.23604981201171782,13.98673,15.242086,1.2553564105224613,0.07779709999999995,0.119382724,0.04158562416591649
15833,0.142826,0.24874482,0.10591881558799743,16.338320000000003,16.67437,0.3360498120117157,13.88673,15.242086,1.355356410522461,0.09779709999999997,0.119382724,0.021585624165916473
15834,0.252826,0.24874482,-0.004081184412002559,13.238320000000002,16.67437,3.436049812011717,13.48673,15.242086,1.7553564105224613,0.09779709999999997,0.119382724,0.021585624165916473
15835,0.31282600000000005,0.24874482,-0.06408118441200261,17.03832,16.67437,-0.36395018798828005,15.38673,15.242086,-0.14464358947753908,0.08779709999999996,0.119382724,0.03158562416591648
15836,0.30282600000000004,0.24874482,-0.0540811844120026,18.838320000000003,16.67437,-2.1639501879882843,16.28673,15.242086,-1.0446435894775377,0.09779709999999997,0.119382724,0.021585624165916473
15837,0.30282600000000004,0.24874482,-0.0540811844120026,20.338320000000003,16.67437,-3.6639501879882843,16.88673,15.242086,-1.644643589477539,0.09779709999999997,0.119382724,0.021585624165916473
15843,0.21282599999999996,0.24874482,0.03591881558799748,13.63832,16.67437,3.0360498120117185,14.18673,15.242086,1.0553564105224602,0.1477970999999999,0.119382724,-0.02841437583408346
15844,0.262826,0.24874482,-0.014081184412002568,15.13832,16.67437,1.5360498120117185,15.78673,15.242086,-0.5446435894775394,0.17779709999999993,0.119382724,-0.05841437583408349
15845,0.29282600000000003,0.24874482,-0.044081184412002594,18.73832,16.67437,-2.063950187988283,17.48673,15.242086,-2.2446435894775405,0.23779709999999998,0.119382724,-0.11841437583408354
15846,0.252826,0.24874482,-0.004081184412002559,18.73832,16.67437,-2.063950187988283,16.48673,15.242086,-1.2446435894775405,0.10779709999999998,0.119382724,0.011585624165916464
16106,0.0015540000000000553,0.03559777,0.03404377140617365,8.90036,11.751122,2.850762474670411,5.6126000000000005,8.158173,2.5455726074218745,-0.037971599999999994,-0.0025802802,0.03539131981711685
16107,0.0015540000000000553,0.03559777,0.03404377140617365,11.50036,11.751122,0.2507624746704096,7.6126000000000005,8.158173,0.5455726074218745,-0.037971599999999994,-0.0025802802,0.03539131981711685
16109,0.03155400000000008,0.03559777,0.004043771406173624,10.600360000000002,11.751122,1.1507624746704082,8.632600000000002,8.158173,-0.4744273925781268,0.019028400000000056,-0.0025802802,-0.0216086801828832
16140,-0.007784999999999931,-0.051790696,-0.04400569563746459,6.738349999999997,7.0808616,0.3425115684509308,4.637250000000002,4.057683,-0.5795670089721696,0.002264100000000102,-0.007986963,-0.01025106279525767
16141,-0.007784999999999931,0.01444483,0.022229829896092346,4.788349999999998,9.488021,4.699670896911623,2.3972499999999997,6.4518366,4.0545865859985355,-0.03773589999999993,-0.0037635602,0.03397233979430192
16142,0.002215000000000078,0.01444483,0.012229829896092337,5.658349999999999,9.488021,3.8296708969116224,4.2272500000000015,6.4518366,2.2245865859985336,0.002264100000000102,-0.0037635602,-0.0060276602056981154
16143,0.002215000000000078,0.01444483,0.012229829896092337,4.77835,9.488021,4.709670896911621,3.1472499999999997,6.4518366,3.3045865859985355,-0.007735899999999907,-0.0037635602,0.0039723397943018934
16144,0.002215000000000078,0.01444483,0.012229829896092337,4.77835,9.488021,4.709670896911621,3.1472499999999997,6.4518366,3.3045865859985355,-0.007735899999999907,-0.0037635602,0.0039723397943018934
16145,-0.007784999999999931,0.01444483,0.022229829896092346,4.788349999999998,9.488021,4.699670896911623,2.327250000000003,6.4518366,4.124586585998532,-0.03773589999999993,-0.0037635602,0.03397233979430192
16147,0.002215000000000078,0.01444483,0.012229829896092337,5.18835,9.488021,4.299670896911621,3.05725,6.4518366,3.3945865859985354,-0.027735899999999925,-0.0037635602,0.02397233979430191
16148,-0.007784999999999931,0.01444483,0.022229829896092346,4.798349999999999,9.488021,4.689670896911622,2.3472500000000025,6.4518366,4.104586585998533,-0.03773589999999993,-0.0037635602,0.03397233979430192
16346,0.012386999999999926,0.034114137,0.02172713729190834,6.505680000000002,9.266589,2.760909164733885,6.805150000000001,7.7691894,0.9640393577575672,0.09145599999999998,0.03472041,-0.05673559033846853
16355,0.022386999999999935,0.2301017,0.2077147045974732,12.505680000000002,15.8384695,3.332789505310057,11.50515,13.757538,2.2523878417968746,0.14145599999999992,0.1607377,0.01928169330978402
16356,0.022386999999999935,0.2301017,0.2077147045974732,12.505680000000002,15.8384695,3.332789505310057,11.50515,13.757538,2.2523878417968746,0.14145599999999992,0.1607377,0.01928169330978402
16357,0.07238699999999998,0.2301017,0.15771470459747317,12.005680000000002,15.8384695,3.832789505310057,11.50515,13.757538,2.2523878417968746,0.14145599999999992,0.1607377,0.01928169330978402
16358,0.3723869999999999,0.2301017,-0.14228529540252677,13.005680000000002,15.8384695,2.832789505310057,15.50515,13.757538,-1.7476121582031254,0.19145599999999996,0.1607377,-0.030718306690216024
16360,0.822387,0.2301017,-0.5922852954025268,29.00568,15.8384695,-13.167210494689943,20.50515,13.757538,-6.747612158203125,0.44145599999999996,0.1607377,-0.280718306690216
16382,-0.057784999999999975,0.015974443,0.0737594434058666,6.388349999999999,8.807717,2.4193673233032236,2.9472500000000004,6.4266944,3.4794443931579586,-0.027735899999999925,0.016863529,0.044599428639078065
16383,-0.06778499999999998,0.015974443,0.08375944340586661,6.218349999999997,8.807717,2.5893673233032253,1.8872500000000016,6.4266944,4.539444393157957,-0.05773589999999995,0.016863529,0.07459942863907809
16384,-0.06778499999999998,0.015974443,0.08375944340586661,5.268349999999998,8.807717,3.5393673233032246,0.2872500000000002,6.4266944,6.139444393157959,-0.08973589999999998,0.016863529,0.10659942863907812
16399,-0.012589300000000025,-0.027908448,-0.015319148129892324,7.345469999999999,7.8010955,0.455625485687257,6.052990000000001,6.58008,0.5270900323486316,0.03577780000000008,0.07806714,0.04228933879108421
16400,-0.04258930000000005,-0.027908448,0.014680851870107703,7.205470000000002,7.8010955,0.595625485687254,5.93299,6.58008,0.6470900323486326,0.0557778000000001,0.07806714,0.02228933879108419
16401,-0.03258930000000004,-0.027908448,0.004680851870107694,6.725470000000001,7.8010955,1.0756254856872545,5.722990000000001,6.58008,0.8570900323486317,0.0557778000000001,0.07806714,0.02228933879108419
16402,-0.08258930000000009,-0.027908448,0.05468085187010774,7.165469999999999,7.8010955,0.6356254856872567,5.36299,6.58008,1.2170900323486329,0.0557778000000001,0.07806714,0.02228933879108419
16403,-0.05125869999999999,0.044062667,0.09532136659498214,6.4666999999999994,9.097242,2.6305423553466802,5.704930000000001,7.7349215,2.0299914553833,0.09579910000000003,0.14785103,0.05205193499889371
16487,0.05927900000000008,0.057664882,-0.0016141176083088737,7.8967600000000004,8.932576,1.035816179504394,11.47757,11.953854,0.4762836071777343,0.26938680000000004,0.19602884,-0.0733579564779282
16540,-0.02723500000000012,-0.003964954,0.023270045944154383,7.75046,7.7751656,0.024705557861327776,7.6053599999999975,9.094672,1.4893122030639674,0.08608870000000002,0.13606636,0.04997766226177214
16541,-0.04823500000000003,-0.003964954,0.04427004594415429,7.4104600000000005,7.7751656,0.36470555786132763,6.675359999999998,9.094672,2.419312203063967,0.0660887,0.13606636,0.06997766226177216
16551,0.022386999999999935,0.06592127,0.0435342693572045,11.65568,13.793159,2.1374785311889646,8.40515,10.125934,1.720783647155761,-0.05854400000000004,0.04638447,0.10492846867465977
16629,0.11544300000000007,0.08103362,-0.034409382741928174,6.32394,6.6426,0.318660059509277,9.718829999999999,9.54727,-0.17156017883300656,0.14842279999999997,0.13298996,-0.015432842071342434
16630,0.10144300000000006,0.08103362,-0.02040938274192816,6.123940000000001,6.6426,0.5186600595092763,9.018829999999998,9.54727,0.5284398211669945,0.13842279999999996,0.13298996,-0.005432842071342425
16650,0.05253400000000008,0.052194864,-0.0003391364421845289,10.846149999999998,11.198684,0.35253373870849813,11.288349999999998,9.655629,-1.6327208419799781,0.16681619999999997,0.024950571,-0.14186562864179608
16654,0.002215000000000078,0.0007769568,-0.0014380432108045405,7.958349999999999,10.576395,2.6180450347900397,6.397250000000001,9.968762,3.571512397766112,0.04226410000000003,0.11798435,0.07572024704542157
16755,-0.0176130000000001,0.028920678,0.046533678421855074,8.805680000000002,9.8767805,1.071100509948728,6.405150000000001,7.6957297,1.290579732513427,0.03145599999999993,0.045047544,0.013591543942928386
16756,-0.007613000000000092,-0.006923767,0.0006892331932784046,11.805680000000002,10.371301,-1.4343793026733422,9.805150000000001,7.5838985,-2.2212514556884777,0.09145599999999998,0.024651382,-0.06680461788153647
16761,0.07763999999999993,0.08852694,0.010886941835880348,16.353350000000002,13.863796,-2.489553765869143,16.680770000000003,15.628703,-1.052066882629397,0.12271939999999992,0.13599049,0.01327108554897316
16762,0.08826400000000001,0.08894386,0.000679861424922934,8.05084,10.132052,2.0812124215698233,9.480569999999998,11.349395,1.8688247982788102,0.12744659999999997,0.12907651,0.0016299106678009379
16763,0.20370399999999989,0.18352975,-0.02017425048732746,13.32169,12.966484,-0.3552059301757815,14.786100000000001,14.35012,-0.4359804092407238,0.20708840000000006,0.13000862,-0.0770797769960404
16861,-0.057613000000000136,0.032017764,0.08963076370406164,8.575680000000002,9.068706,0.4930255587768535,4.995150000000001,7.354987,2.359837144470214,-0.008543999999999996,0.04333656,0.051880559087038036
16893,-0.057613000000000136,0.028587557,0.0862005573754312,7.2156800000000025,9.788438,2.5727578433227514,2.895150000000001,7.9411526,5.046002572631835,-0.04854400000000003,0.052188896,0.10073289564275745
17144,0.06851399999999996,0.038988706,-0.029525294275522196,9.263110000000001,8.387814,-0.8752964318847667,9.882830000000002,8.464201,-1.4186290264892598,0.10898579999999991,0.12623613,0.017250325826835722
17145,0.06851399999999996,0.038988706,-0.029525294275522196,9.363110000000002,8.387814,-0.9752964318847681,10.382830000000002,8.464201,-1.9186290264892598,0.13898579999999994,0.12623613,-0.012749674173164305
17146,0.10851399999999989,0.038988706,-0.06952529427552212,10.763110000000001,8.387814,-2.3752964318847667,11.882830000000002,8.464201,-3.41862902648926,0.16898579999999996,0.12623613,-0.04274967417316433
17147,0.13851399999999991,0.038988706,-0.09952529427552215,12.263110000000001,8.387814,-3.8752964318847667,13.582830000000001,8.464201,-5.118629026489259,0.2189857999999999,0.12623613,-0.09274967417316426
17255,0.01638699999999993,0.032017764,0.01563076370406158,8.205680000000001,9.068706,0.8630255587768545,7.10515,7.354987,0.24983714447021477,0.05345599999999995,0.04333656,-0.010119440912961908
17258,-0.0036130000000000884,0.032017764,0.0356307637040616,7.605680000000003,9.068706,1.4630255587768524,5.50515,7.354987,1.8498371444702144,0.007455999999999907,0.04333656,0.03588055908703813
17259,0.024386999999999937,0.032017764,0.007630763704061572,18.60568,9.068706,-9.536974441223144,7.805150000000001,7.354987,-0.4501628555297863,0.06645599999999996,0.04333656,-0.02311944091296192
17716,-0.028828000000000076,-0.033647187,-0.004819187054157181,7.57076,7.329336,-0.241423833618164,4.408440000000002,4.7477145,0.33927451950073007,-0.03592989999999996,-0.04608584,-0.010155938228464167
17768,0.02883199999999997,0.0657152,0.03688320119905475,13.28245,13.033671,-0.2487786209106453,14.54456,15.890259,1.3456987890624994,0.23287709999999995,0.27258646,0.039709364881897025
17769,0.08244399999999996,0.11885577,0.03641176695203785,22.99146,19.792233,-3.1992274865722656,21.34637,20.503908,-0.8424618426513675,0.22879779999999994,0.2919973,0.06319951349945074
17770,0.14180099999999995,0.11549506,-0.026305936635494187,18.17923,18.04783,-0.13139941833496138,20.27234,19.585403,-0.6869365576171873,0.3519151,0.30051202,-0.05140308418045042
17869,0.332387,0.028920678,-0.303466321578145,13.755680000000002,9.8767805,-3.878899490051271,15.38515,7.6957297,-7.689420267486572,0.32545599999999997,0.045047544,-0.28040845605707165
17870,0.20238699999999998,0.028920678,-0.173466321578145,12.74568,9.8767805,-2.8688994900512697,12.97515,7.6957297,-5.279420267486572,0.16945599999999994,0.045047544,-0.12440845605707163
17871,0.14238699999999993,0.028920678,-0.11346632157814496,9.235680000000002,9.8767805,0.6411005099487284,11.70515,7.6957297,-4.009420267486572,0.19045599999999996,0.045047544,-0.14540845605707164
17872,0.06238699999999997,0.028920678,-0.033466321578145,8.675680000000003,9.8767805,1.201100509948727,7.09515,7.6957297,0.6005797325134274,-0.009543999999999997,0.045047544,0.05459154394292831
17873,0.04238699999999995,0.028920678,-0.01346632157814498,8.705680000000001,9.8767805,1.1711005099487295,6.555150000000001,7.6957297,1.1405797325134266,-0.009543999999999997,0.045047544,0.05459154394292831
17874,0.05238699999999996,0.028920678,-0.02346632157814499,8.095680000000002,9.8767805,1.781100509948729,6.305150000000001,7.6957297,1.3905797325134266,-0.009543999999999997,0.045047544,0.05459154394292831
17875,-0.057613000000000136,0.028920678,0.08653367842185511,6.675680000000003,9.8767805,3.201100509948727,3.355150000000002,7.6957297,4.340579732513426,-0.05054400000000003,0.045047544,0.09559154394292835
17886,0.08238699999999999,0.028920678,-0.053466321578145015,6.045680000000001,9.8767805,3.8311005099487296,8.65515,7.6957297,-0.959420267486573,0.15445599999999993,0.045047544,-0.10940845605707161
17888,-0.0176130000000001,0.028920678,0.046533678421855074,7.945680000000003,9.8767805,1.9311005099487275,2.815149999999999,7.6957297,4.880579732513429,-0.05454400000000004,0.045047544,0.09959154394292835
17889,-0.03761300000000012,0.028920678,0.06653367842185509,6.935680000000001,9.8767805,2.941100509948729,1.765150000000002,7.6957297,5.930579732513426,-0.06854400000000005,0.045047544,0.11359154394292836
17890,-0.057613000000000136,-0.04909129,0.008521709317445891,5.83568,7.663201,1.827520855255127,3.4451500000000017,4.1167264,0.6715763984680159,0.006455999999999906,-0.0060905707,-0.012546570706874038
18010,-0.1215885000000001,-0.07287646,0.0487120391497613,4.4962800000000005,5.7643447,1.268064692230224,4.447769999999999,5.995355,1.547585129241944,0.2022463,0.23205964,0.029813342672538767
18012,-0.11025920000000011,-0.109856956,0.000402244292926901,9.80107,9.10869,-0.692379738159179,9.688480000000002,8.193887,-1.4945932431030293,0.21003019999999994,0.19883637,-0.01119382869739527
18013,-0.07761300000000015,0.044177003,0.1217900032048227,11.005680000000002,8.216136,-2.789544021301271,6.70515,7.4725785,0.7674285255432132,-0.008543999999999996,0.08225911,0.09080311110639572
18064,0.24319900000000005,0.21790564,-0.025293359397888238,9.202200000000001,9.006259,-0.19594103546142705,11.37851,10.992634,-0.3858761804199222,0.1828033,0.17148899,-0.011314314580726625
18065,0.2174060000000001,0.16580579,-0.05160021315193186,19.635419999999996,17.059671,-2.5757485980224573,22.652050000000003,19.623695,-3.0283546264648464,0.3120335000000001,0.26155072,-0.0504827754936219
18066,0.011300000000000088,0.07045305,0.05915304775238028,5.734930000000002,8.031251,2.2963209536743143,5.584589999999999,8.290163,2.705573040161134,0.052723500000000034,0.10221559,0.04949208809280392
18068,-0.00869999999999993,-0.002168524,0.006531475920975138,6.784930000000003,6.7416058,-0.043324241333010605,6.51459,7.273421,0.7588308106994628,0.06272350000000004,0.07747388,0.01475037886047359
18069,0.031300000000000106,0.025936624,-0.005363375964760886,7.0949300000000015,7.464183,0.36925285369872896,7.744589999999999,8.287926,0.543335720214845,0.08272350000000006,0.097167045,0.01444354487800592
18113,0.09931900000000005,0.026396146,-0.07292285395586495,13.32357,10.789533,-2.534037338562012,10.85186,8.58102,-2.270839644775391,0.014126400000000094,0.02913629,0.015009890773749257
18131,-0.08801000000000014,0.047084004,0.13509400368690505,7.241590000000002,10.108303,2.866713070068357,1.9550800000000024,7.4885774,5.533497365875242,-0.07651640000000004,0.029900096,0.10641649635686878
18133,0.09483520000000001,0.058699604,-0.03613559587616921,4.545310000000001,6.3520813,1.8067712988281244,4.38747,5.233409,0.84593892791748,0.00031400000000003647,-0.02250843,-0.022822429363369978
18134,0.08993849999999992,0.0661402,-0.023798302782535474,10.15651,9.226226,-0.9302841470336922,8.46425,7.446866,-1.017383964538574,0.02050989999999997,0.04458312,0.024073219451999694
18136,0.12098799999999998,0.0035789704,-0.11740902955840526,8.40156,8.112483,-0.28907697540283195,8.894659999999998,6.7196636,-2.174996380004881,0.08722530000000006,0.055256635,-0.031968665049362244
18166,0.11662500000000009,0.07618306,-0.04044194167852411,14.891109999999998,12.915716,-1.9753938287353492,18.15246,13.997048,-4.155411622009279,0.4045896,0.2651229,-0.13946670952758788
18171,0.013999000000000095,0.018165965,0.0041669646332263,11.477609999999999,11.73747,0.25985967315673975,10.325389999999999,10.114287,-0.21110262359619014,0.06059910000000002,0.05675325,-0.003845848298406618
18172,0.013999000000000095,0.018165965,0.0041669646332263,11.677610000000001,11.73747,0.0598596731567369,10.92539,10.114287,-0.8111026235961916,0.08059909999999992,0.05675325,-0.023845848298406525
18173,-0.02600099999999994,0.018165965,0.044166964633226335,10.87761,11.73747,0.8598596731567376,8.325389999999999,10.114287,1.7888973764038099,0.010599099999999972,0.05675325,0.04615415170159343
18174,0.013999000000000095,0.018165965,0.0041669646332263,11.27761,11.73747,0.45985967315673903,9.42539,10.114287,0.6888973764038084,0.03059909999999999,0.05675325,0.02615415170159341
18175,0.17600300000000013,0.110269114,-0.06573388562488569,10.59808,6.062326,-4.535754045562744,14.029720000000001,8.385404,-5.644316366882325,0.46269989999999994,0.24206263,-0.22063727173080439
18177,0.10600300000000007,0.110269114,0.0042661143751143715,2.998079999999998,6.062326,3.064245954437258,6.40972,8.385404,1.9756836331176757,0.1526999,0.24206263,0.08936272826919556
18191,0.07698099999999997,0.07765652,0.0006755223932266574,15.224429999999998,12.028258,-3.1961716763305645,12.501209999999999,11.043197,-1.4580133218383775,0.0384814,0.0697377,0.03125630260810852
18233,0.0014879999999999338,-0.0058049336,-0.007292933607578211,9.901820000000004,8.753281,-1.1485393603515668,5.716439999999999,5.461604,-0.25483588165283066,-0.05369219999999997,-0.0070779896,0.04661421036587354
18235,0.03148799999999996,-0.0058049336,-0.03729293360757824,8.851820000000004,8.753281,-0.09853936035156607,5.616439999999999,5.461604,-0.15483588165283102,-0.04369219999999996,-0.0070779896,0.036614210365873534
18358,0.3223218,0.30436286,-0.017958936697769157,16.41386,16.34876,-0.06509939514160124,16.14024,16.16621,0.025970174560548287,0.15182680000000004,0.15532734,0.0035005350000381075
18360,0.09738699999999989,0.20106122,0.1036742189769746,16.225680000000004,19.62224,3.396560066528316,13.34515,16.722422,3.3772716461181638,0.08145599999999997,0.23319235,0.15173635444068911
18361,0.332387,0.20106122,-0.1313257810230255,20.60568,19.62224,-0.9834399334716792,18.40515,16.722422,-1.682728353881835,0.32145599999999996,0.23319235,-0.08826364555931088
18364,0.20238699999999998,0.20106122,-0.0013257810230254963,19.70568,19.62224,-0.08343993347168066,17.105150000000002,16.722422,-0.3827283538818378,0.25145599999999996,0.23319235,-0.01826364555931087
18365,0.19238699999999997,0.20106122,0.008674218976974513,19.10568,19.62224,0.5165600665283208,16.50515,16.722422,0.21727164611816363,0.21145599999999998,0.23319235,0.02173635444068911
18366,0.20238699999999998,0.20106122,-0.0013257810230254963,20.50568,19.62224,-0.8834399334716814,17.30515,16.722422,-0.5827283538818371,0.25145599999999996,0.23319235,-0.01826364555931087
18367,0.21238699999999988,0.20106122,-0.011325781023025394,22.20568,19.62224,-2.5834399334716807,18.20515,16.722422,-1.4827283538818357,0.281456,0.23319235,-0.0482636455593109
18368,0.18538699999999986,0.20106122,0.01567421897697463,19.06568,19.62224,0.5565600665283199,16.52515,16.722422,0.19727164611816406,0.21045599999999998,0.23319235,0.02273635444068911
18456,0.31199,0.047084004,-0.2649059963130951,15.421590000000002,10.108303,-5.3132869299316425,16.08508,7.4885774,-8.596502634124757,0.24348359999999997,0.029900096,-0.21358350364313122
18457,0.05198999999999998,0.047084004,-0.0049059963130950734,10.721590000000003,10.108303,-0.6132869299316432,8.085080000000001,7.4885774,-0.5965026341247572,-0.006516399999999978,0.029900096,0.03641649635686872
18458,0.30199,0.047084004,-0.2549059963130951,20.921590000000002,10.108303,-10.813286929931643,17.98508,7.4885774,-10.496502634124756,0.2534836,0.029900096,-0.22358350364313123
18459,0.13198999999999994,0.047084004,-0.08490599631309503,15.521590000000002,10.108303,-5.413286929931642,12.48508,7.4885774,-4.996502634124756,0.10348360000000001,0.029900096,-0.07358350364313127
18548,-0.04830000000000001,-0.02171414,0.026585860270261774,9.92342,8.2226925,-1.7007275103759767,3.321159999999999,6.8197427,3.4985826795959483,0.08136260000000006,0.117492065,0.03612946483364099
18591,0.032215000000000105,0.055124708,0.022909707520007982,6.708349999999999,8.236857,1.528507414245606,4.807250000000002,5.9201403,1.1128902664184555,-0.01973590000000003,-0.023061154,-0.003325254410243006
18593,-0.007784999999999931,0.055124708,0.06290970752000802,7.038349999999998,8.236857,1.1985074142456078,3.707250000000002,5.9201403,2.212890266418455,-0.049735899999999944,-0.023061154,0.02667474558975691
18897,0.16680000000000006,0.16162056,-0.005179442691803038,11.438210000000002,11.57665,0.138439665832518,12.883309999999998,12.545277,-0.3380333581542949,0.1945831,0.16546313,-0.0291199653535843
18972,0.045600000000000085,0.023296155,-0.022303844964504327,11.082550000000001,11.456721,0.37417130584716674,12.354080000000002,11.891678,-0.462402143554689,0.12870480000000006,0.112507805,-0.016196994771766726
18973,0.04060000000000008,0.023296155,-0.017303844964504322,10.062550000000002,11.456721,1.3941713058471663,11.31408,11.891678,0.5775978564453119,0.11470479999999994,0.112507805,-0.0021969947717666027
18974,0.03160000000000007,0.023296155,-0.008303844964504314,9.832550000000001,11.456721,1.6241713058471667,10.074080000000002,11.891678,1.8175978564453104,0.07070480000000001,0.112507805,0.041803005228233325
18975,0.035600000000000076,0.023296155,-0.012303844964504318,9.992550000000001,11.456721,1.4641713058471666,10.404080000000002,11.891678,1.4875978564453103,0.07770479999999991,0.112507805,0.03480300522823343
19092,0.022386999999999935,-0.0023465152,-0.024733515189856226,13.715680000000003,12.82185,-0.8938301770019557,11.305150000000001,10.223258,-1.0818919815063488,0.09145599999999998,0.085244544,-0.006211456149578076
19093,-0.06261300000000003,-0.0023465152,0.06026648481014374,13.445680000000001,12.82185,-0.6238301770019543,9.70515,10.223258,0.5181080184936526,0.051455999999999946,0.085244544,0.03378854385042196
19094,-0.04161300000000012,-0.0023465152,0.03926648481014383,13.305680000000002,12.82185,-0.4838301770019555,9.70515,10.223258,0.5181080184936526,0.051455999999999946,0.085244544,0.03378854385042196
19198,0.011009000000000047,-0.011171374,-0.02218037353867297,7.177890000000001,6.8311634,-0.3467265936279311,7.068549999999998,6.5408096,-0.5277403686523421,0.08476320000000004,0.0352109,-0.0495522999913216
19202,-0.003775000000000084,0.021318838,0.02509383800029763,16.696040000000004,12.688314,-4.007725562133793,16.12153,13.099933,-3.021597329406738,0.1615088,0.14525177,-0.016257034152793892
19244,-0.03878499999999985,0.019090332,0.05787533209085449,7.8783499999999975,7.3705626,-0.5077874465942358,4.807250000000002,5.321126,0.513875984191893,-0.011735900000000021,0.024064828,0.03580072771039011
19291,-0.07923600000000008,-0.02568826,0.05354773920631417,2.3797200000000025,3.332393,0.9526729309844946,-0.20638999999999896,1.5335099,1.7398998505020131,-0.030698899999999973,0.015972184,0.04667108401730058
19342,0.006939600000000046,-0.04519058,-0.052130180189228104,11.826110000000002,11.350142,-0.475968474731447,12.053180000000001,9.728806,-2.3243744580078136,0.39010999999999996,0.24858147,-0.14152853094100948
19344,-0.11306040000000006,-0.04519058,0.067869819810772,10.526110000000001,11.350142,0.8240315252685537,7.85318,9.728806,1.8756255419921875,0.12010999999999994,0.24858147,0.12847146905899054
19346,0.021525999999999934,-0.04600962,-0.06753561878895753,13.160549999999999,10.801679,-2.3588713424682606,13.2034,9.244442,-3.958958013916016,0.3717889,0.18614814,-0.18564076314582822
19348,-0.06847400000000015,-0.04600962,0.02246438121104255,10.260549999999999,10.801679,0.5411286575317398,7.7034,9.244442,1.5410419860839841,0.11178889999999997,0.18614814,0.07435923685417178
19349,-0.08847400000000016,-0.04600962,0.04246438121104257,9.56055,10.801679,1.241128657531739,6.9033999999999995,9.244442,2.341041986083985,0.08178890000000005,0.18614814,0.1043592368541717
19455,-0.04820599999999997,-0.038527112,0.009678887545824022,15.4158,10.29825,-5.117549801635743,12.249519999999999,8.424444,-3.8250758013916,0.013294299999999981,0.05931865,0.046024350513887424
19456,-0.05820599999999998,-0.038527112,0.01967888754582403,7.6158,10.29825,2.6824501983642577,6.049519999999998,8.424444,2.374924198608401,0.0342943,0.05931865,0.025024350513887406
19467,-0.03778499999999996,0.01444483,0.05222982989609237,7.8683499999999995,9.488021,1.6196708969116216,4.847250000000001,6.4518366,1.6045865859985344,-0.007735899999999907,-0.0037635602,0.0039723397943018934
19468,-0.07778499999999999,0.01444483,0.09222982989609241,7.678349999999998,9.488021,1.8096708969116229,2.247250000000001,6.4518366,4.204586585998534,-0.08773589999999998,-0.0037635602,0.08397233979430196
19551,0.00021500000000007624,0.01705526,0.016840260017514153,7.178349999999998,7.55818,0.37982985534668146,4.8572500000000005,6.2274857,1.3702356567382807,-0.00973590000000002,0.039761495,0.04949739484515192
19552,-0.007784999999999931,0.01705526,0.02484026001751416,7.538349999999998,7.55818,0.019829855346682024,5.207250000000002,6.2274857,1.0202356567382793,0.002264100000000102,0.039761495,0.0374973948451518
19592,0.10985100000000003,0.021372091,-0.08847890897488597,12.987359999999999,11.698978,-1.2883815759277333,16.128130000000002,12.924627,-3.203502695922854,0.1979033,0.12762383,-0.07027947373466492
19594,0.019851000000000063,0.021372091,0.0015210910251139964,12.637360000000001,11.698978,-0.9383815759277354,13.728130000000002,12.924627,-0.8035026959228535,0.14690329999999996,0.12762383,-0.019279473734664876
19595,-0.010148999999999964,0.021372091,0.03152109102511402,11.62736,11.698978,0.07161842407226615,11.11813,12.924627,1.8064973040771477,0.0799032999999999,0.12762383,0.047720526265335184
19616,-0.008010000000000073,0.05275706,0.06076705829262741,7.221590000000003,10.042667,2.821077388916013,3.7850800000000007,7.598464,3.8133840121459954,-0.05451640000000002,0.0036530646,0.058169464602986
19617,-0.008010000000000073,0.05275706,0.06076705829262741,4.121590000000001,10.042667,5.921077388916014,1.0850800000000014,7.598464,6.513384012145995,-0.06551640000000003,0.0036530646,0.06916946460298601
19820,-0.007784999999999931,0.015974443,0.023759443405866554,9.558349999999997,8.807717,-0.7506326766967746,6.507250000000001,6.4266944,-0.08055560684204188,-0.007735899999999907,0.016863529,0.024599428639078047
19827,0.3305867,0.16461658,-0.16597011522216798,16.26598,15.507321,-0.7586586422729482,17.0024,15.7853,-1.2170997451782242,0.4321154,0.37292615,-0.05918925420799254
19829,0.04058670000000009,0.16461658,0.12402988477783194,14.465979999999998,15.507321,1.0413413577270525,14.6024,15.7853,1.182900254821778,0.3321154,0.37292615,0.04081074579200744
19830,0.26058670000000006,0.16461658,-0.09597011522216803,15.865979999999999,15.507321,-0.35865864227294786,16.5024,15.7853,-0.7170997451782242,0.4021154,0.37292615,-0.029189254207992565
19831,0.02058670000000007,0.16461658,0.14402988477783196,14.165979999999998,15.507321,1.3413413577270532,14.5024,15.7853,1.2829002548217776,0.3421154,0.37292615,0.030810745792007432
19832,0.12058670000000005,0.16461658,0.044029884777831985,15.165979999999998,15.507321,0.3413413577270532,15.1024,15.7853,0.682900254821778,0.3221154,0.37292615,0.05081074579200745
19833,0.18244399999999994,0.11885577,-0.06358823304796213,18.99146,19.792233,0.8007725134277344,20.746370000000002,20.503908,-0.2424618426513696,0.2987978,0.2919973,-0.006800486500549319
19834,0.1324439999999999,0.11885577,-0.013588233047962084,19.99146,19.792233,-0.19922748657226563,21.14637,20.503908,-0.6424618426513682,0.3187978,0.2919973,-0.026800486500549336
19835,0.02883199999999997,0.0657152,0.03688320119905475,13.28245,13.033671,-0.2487786209106453,14.54456,15.890259,1.3456987890624994,0.23287709999999995,0.27258646,0.039709364881897025
19837,0.12883199999999995,0.0657152,-0.06311679880094523,13.68245,13.033671,-0.6487786209106439,18.74456,15.890259,-2.8543012109375,0.3528771,0.27258646,-0.08029063511810303
19839,0.1324439999999999,0.11885577,-0.013588233047962084,20.891460000000002,19.792233,-1.0992274865722678,21.64637,20.503908,-1.1424618426513682,0.3287978,0.2919973,-0.03680048650054929
19841,0.16180099999999997,0.11549506,-0.046305936635494205,19.37923,18.04783,-1.3313994183349607,20.572339999999997,19.585403,-0.9869365576171845,0.3219151,0.30051202,-0.02140308418045045
19843,0.027392000000000083,0.05636479,0.028972789605140603,11.94256,12.52804,0.5854799322509763,13.118670000000002,15.544442,2.425772176818846,0.16386619999999996,0.2699158,0.10604958936576847
19844,0.06739200000000012,0.05636479,-0.011027210394859432,11.742560000000001,12.52804,0.7854799322509756,17.61867,15.544442,-2.074227823181154,0.3838662,0.2699158,-0.11395041063423156
19858,0.03698999999999997,0.043595433,0.00660543323516849,14.081590000000002,11.836961,-2.244629207458498,11.665080000000001,10.142089,-1.5229911099243179,0.0914836,0.06747937,-0.024004227975463865
19861,0.13698999999999995,0.043595433,-0.09339456676483149,14.06159,11.836961,-2.224629207458497,13.27508,10.142089,-3.1329911099243173,0.14648359999999994,0.06747937,-0.0790042279754638
19914,0.274602,0.14932796,-0.12527403640937806,12.0003,10.801363,-1.1989370086669915,16.577130000000004,14.254414,-2.322716395263676,0.21550750000000007,0.21327846,-0.002229042477607801
19915,0.38466199999999995,0.20042345,-0.18423855072212214,13.29973,13.635178,0.3354476123046872,18.62511,16.359549,-2.2655614312744135,0.21319050000000006,0.22230273,0.009112234851837098
19916,0.10460199999999997,0.14932796,0.044725963590621975,11.860299999999999,10.801363,-1.058937008666991,13.547130000000001,14.254414,0.7072836047363271,0.16550750000000003,0.21327846,0.04777095752239224
19917,0.05460200000000004,0.14932796,0.09472596359062191,10.770299999999999,10.801363,0.031062991333008938,12.997130000000002,14.254414,1.257283604736326,0.19550750000000006,0.21327846,0.017770957522392217
19918,0.20460200000000006,0.14932796,-0.05527403640937811,11.9603,10.801363,-1.1589370086669923,16.75713,14.254414,-2.502716395263672,0.2755075,0.21327846,-0.06222904247760774
19919,0.19460200000000005,0.14932796,-0.045274036409378104,11.8403,10.801363,-1.0389370086669913,17.12713,14.254414,-2.872716395263673,0.31550750000000005,0.21327846,-0.10222904247760778
19920,0.05460200000000004,0.14932796,0.09472596359062191,8.200299999999999,10.801363,2.6010629913330092,10.39713,14.254414,3.8572836047363275,0.21950749999999997,0.21327846,-0.006229042477607694
19921,0.039602000000000026,0.14932796,0.10972596359062192,7.970300000000002,10.801363,2.831062991333006,10.05713,14.254414,4.197283604736327,0.1435075,0.21327846,0.06977095752239226
19928,0.07221500000000014,0.05816969,-0.014045310970544955,8.478349999999999,8.060934,-0.417415933227538,8.51725,7.5942516,-0.922998367309571,0.09126410000000007,0.07178353,-0.019480572268104623
19929,0.022215000000000096,0.05816969,0.03595468902945509,7.27835,8.060934,0.7825840667724613,6.957250000000002,7.5942516,0.6370016326904278,0.07026410000000005,0.07178353,0.0015194277318953953
20127,6.000000000017103e-05,-0.0065251295,-0.006585129545480184,8.103659999999998,7.4543257,-0.6493343240356424,7.350839999999998,8.003212,0.6523719750976582,0.05278970000000005,0.121181995,0.06839229467658992
20129,-0.009939999999999838,-0.0065251295,0.003414870454519825,7.59366,7.4543257,-0.13933432403564439,7.890839999999999,8.003212,0.11237197509765728,0.11278969999999999,0.121181995,0.008392294676589973
20131,-0.018939999999999957,-0.0065251295,0.012414870454519944,7.813659999999999,7.4543257,-0.35933432403564325,8.20084,8.003212,-0.1976280249023432,0.1227897,0.121181995,-0.0016077053234100358
20132,0.049868000000000134,0.026375392,-0.023492607548117772,11.199940000000002,10.679214,-0.5207264761352555,12.994439999999999,11.559573,-1.4348668264770499,0.17442990000000003,0.15530047,-0.019129431793594387
20133,0.001060000000000061,-0.0065251295,-0.007585129545480074,8.29366,7.4543257,-0.8393343240356437,8.62084,8.003212,-0.6176280249023431,0.1227897,0.121181995,-0.0016077053234100358
20134,-0.01193999999999984,-0.0065251295,0.005414870454519827,8.173659999999998,7.4543257,-0.7193343240356427,7.640839999999999,8.003212,0.3623719750976573,0.07278970000000007,0.121181995,0.0483922946765899
20137,0.0040600000000000636,-0.0065251295,-0.010585129545480076,8.32366,7.4543257,-0.8693343240356448,9.62084,8.003212,-1.6176280249023431,0.16278970000000004,0.121181995,-0.04160770532341007
20347,-0.03920199999999996,-0.011462632,0.02773936836463209,7.93967,9.0921955,1.1525255108642583,7.769459999999999,8.286342,0.5168816671752943,0.07593260000000002,0.099856846,0.023924246034526808
20348,-0.03920199999999996,-0.011462632,0.02773936836463209,7.93967,9.0921955,1.1525255108642583,8.06946,8.286342,0.21688166717529356,0.08793260000000003,0.099856846,0.011924246034526798
20371,0.081488,-0.011200164,-0.09268816444474459,11.241820000000004,8.092033,-3.1497866137695354,15.116439999999999,5.064557,-10.05188292449951,0.39630780000000004,0.007033613,-0.38927418695523147
20448,0.002215000000000078,0.015974443,0.013759443405866545,8.43835,8.807717,0.36936732330322286,6.907250000000001,6.4266944,-0.48055560684204224,0.03226410000000002,0.016863529,-0.015400571360921878
20449,-0.03778499999999996,0.015974443,0.05375944340586658,7.638349999999999,8.807717,1.1693673233032236,5.1072500000000005,6.4266944,1.3194443931579585,0.0122641,0.016863529,0.00459942863907814
20456,-0.05698500000000006,-0.050428607,0.006556393430233065,5.447780000000002,6.8977795,1.449999464721678,3.874769999999998,3.6582096,-0.2165604376983623,0.023006299999999924,0.025686288,0.0026799882524729535
20459,-0.07121500000000003,-0.050292403,0.020922597494125394,3.3977000000000004,4.573673,1.175972771453857,0.01576999999999984,2.0397527,2.023982721786499,-0.0007619000000000931,0.011996394,0.01275829402329931
20460,-0.07721500000000003,-0.050292403,0.0269225974941254,2.8176999999999985,4.573673,1.7559727714538589,-0.38422999999999874,2.0397527,2.4239827217864978,-0.03076190000000001,0.011996394,0.042758294023299226
20461,-0.039215,-0.050292403,-0.011077402505874634,3.457699999999999,4.573673,1.1159727714538583,0.4757700000000007,2.0397527,1.5639827217864983,0.004238099999999911,0.011996394,0.007758294023299306
20462,-0.035214999999999996,-0.050292403,-0.015077402505874637,4.6777000000000015,4.573673,-0.1040272285461441,1.0057699999999983,2.0397527,1.0339827217865007,0.03823810000000005,0.011996394,-0.026241705976700835
20464,-0.05321500000000001,-0.050292403,0.0029225974941253785,5.447700000000001,4.573673,-0.8740272285461437,3.4957700000000003,2.0397527,-1.4560172782135012,0.01423809999999992,0.011996394,-0.002241705976700703
20466,-0.06721500000000002,-0.050292403,0.01692259749412539,4.517700000000001,4.573673,0.05597277145385604,2.2457700000000003,2.0397527,-0.20601727821350124,-0.0007619000000000931,0.011996394,0.01275829402329931
20467,-0.07121500000000003,-0.050292403,0.020922597494125394,3.3977000000000004,4.573673,1.175972771453857,1.4057700000000004,2.0397527,0.6339827217864986,-0.0007619000000000931,0.011996394,0.01275829402329931
20468,-0.07721500000000003,-0.050292403,0.0269225974941254,2.8176999999999985,4.573673,1.7559727714538589,0.11577000000000126,2.0397527,1.9239827217864978,-0.03076190000000001,0.011996394,0.042758294023299226
20469,-0.039215,-0.050292403,-0.011077402505874634,3.457699999999999,4.573673,1.1159727714538583,1.9657699999999991,2.0397527,0.0739827217864999,0.004238099999999911,0.011996394,0.007758294023299306
20470,-0.035214999999999996,-0.050292403,-0.015077402505874637,4.6777000000000015,4.573673,-0.1040272285461441,3.6557700000000004,2.0397527,-1.6160172782135014,0.03823810000000005,0.011996394,-0.026241705976700835
20471,-0.01821499999999987,-0.050292403,-0.032077402505874764,5.367699999999999,4.573673,-0.7940272285461418,5.17577,2.0397527,-3.136017278213501,0.07523809999999997,0.011996394,-0.06324170597670076
20473,-0.05321500000000001,-0.050292403,0.0029225974941253785,4.357700000000001,4.573673,0.21597277145385618,1.3657700000000013,2.0397527,0.6739827217864978,0.05023809999999995,0.011996394,-0.038241705976700735
20474,-0.058214999999999906,-0.050292403,0.007922597494125272,4.457699999999999,4.573673,0.11597277145385831,2.135769999999999,2.0397527,-0.09601727821350003,0.010238099999999917,0.011996394,0.0017582940232993005
20475,-0.057215000000000016,-0.050292403,0.006922597494125382,4.9277000000000015,4.573673,-0.3540272285461441,1.7157699999999991,2.0397527,0.3239827217864999,0.011238100000000029,0.011996394,0.0007582940232991886
20477,-0.0542149999999999,-0.050292403,0.003922597494125268,4.747700000000002,4.573673,-0.17402722854614439,1.1457699999999988,2.0397527,0.8939827217865002,-0.0007619000000000931,0.011996394,0.01275829402329931
20478,-0.057215000000000016,-0.050292403,0.006922597494125382,4.637699999999999,4.573673,-0.0640272285461414,1.555769999999999,2.0397527,0.48398272178650004,0.01323810000000003,0.011996394,-0.0012417059767008132
20479,-0.05321500000000001,-0.050292403,0.0029225974941253785,4.7377,4.573673,-0.16402722854614282,2.1957699999999996,2.0397527,-0.15601727821350053,0.006238100000000024,0.011996394,0.005758294023299193
20480,-0.058214999999999906,-0.050292403,0.007922597494125272,4.9177,4.573673,-0.34402722854614254,1.6957699999999996,2.0397527,0.34398272178649947,-0.002761900000000095,0.011996394,0.014758294023299312
20481,-0.057215000000000016,-0.050292403,0.006922597494125382,4.6677,4.573673,-0.09402722854614254,1.7957699999999992,2.0397527,0.24398272178649982,0.00023809999999990783,0.011996394,0.01175829402329931
20482,-0.05321500000000001,-0.050292403,0.0029225974941253785,4.997700000000002,4.573673,-0.4240272285461444,2.41577,2.0397527,-0.37601727821350117,0.010238099999999917,0.011996394,0.0017582940232993005
20483,-0.05121500000000001,-0.050292403,0.0009225974941253767,5.247700000000002,4.573673,-0.6740272285461444,2.26577,2.0397527,-0.22601727821350082,-0.0037618999999999847,0.011996394,0.015758294023299202
20485,-0.057215000000000016,-0.050292403,0.006922597494125382,5.1777000000000015,4.573673,-0.6040272285461441,1.8257700000000003,2.0397527,0.2139827217864987,0.0012381000000000197,0.011996394,0.010758294023299197
20506,-0.00828300000000004,0.002771976,0.011054975938230793,8.960720000000002,9.682897,0.722176614074705,5.5389,6.8676023,1.3287023483276368,-0.0449948,0.009794294,0.05478909390281439
20507,0.07171700000000003,0.002771976,-0.06894502406176928,8.960720000000002,9.682897,0.722176614074705,8.0389,6.8676023,-1.1712976516723632,0.04500519999999997,0.009794294,-0.03521090609718558
20508,0.0017169999999999686,0.002771976,0.0010549759382307844,9.660720000000001,9.682897,0.022176614074705725,6.6389,6.8676023,0.22870234832763714,-0.004994799999999966,0.009794294,0.014789093902814354
20511,-0.00828300000000004,0.002771976,0.011054975938230793,8.76072,9.682897,0.9221766140747079,5.4389,6.8676023,1.4287023483276364,-0.024994799999999984,0.009794294,0.03478909390281437
20512,-0.03828300000000007,0.002771976,0.04105497593823082,8.160720000000001,9.682897,1.5221766140747057,4.738899999999999,6.8676023,2.1287023483276375,-0.014994799999999975,0.009794294,0.024789093902814363
20513,-0.00828300000000004,0.002771976,0.011054975938230793,10.160720000000001,9.682897,-0.4778233859252943,7.1389,6.8676023,-0.27129765167236286,0.005005200000000043,0.009794294,0.004789093902814345
20514,-0.01828300000000005,0.002771976,0.021054975938230802,10.460720000000002,9.682897,-0.777823385925295,6.738899999999999,6.8676023,0.1287023483276375,-0.014994799999999975,0.009794294,0.024789093902814363
20515,-0.01828300000000005,0.002771976,0.021054975938230802,10.960720000000002,9.682897,-1.277823385925295,7.338899999999999,6.8676023,-0.47129765167236215,-0.004994799999999966,0.009794294,0.014789093902814354
20516,-0.01828300000000005,0.002771976,0.021054975938230802,9.86072,9.682897,-0.17782338592529356,6.6389,6.8676023,0.22870234832763714,-0.004994799999999966,0.009794294,0.014789093902814354
20726,-0.09030999999999989,-0.043294467,0.04701553296804417,6.975769999999997,7.748607,0.7728371586608915,2.147680000000001,4.8906074,2.7429273570251453,-0.05907969999999996,0.02027519,0.0793548904726028
20730,-0.09030999999999989,-0.043294467,0.04701553296804417,8.275769999999998,7.748607,-0.5271628413391092,3.1676800000000007,4.8906074,1.7229273570251458,-0.06207969999999985,0.02027519,0.0823548904726027
20787,0.07238699999999998,0.028920678,-0.043466321578145006,9.805680000000002,9.8767805,0.07110050994872807,8.70515,7.6957297,-1.009420267486572,0.04145599999999994,0.045047544,0.003591543942928377
20797,0.16537299999999988,0.14845166,-0.016921343896865726,15.113229999999998,14.530236,-0.5829937557983378,16.23133,15.449103,-0.782226644592285,0.1098519,0.11206645,0.0022145477348327613
20828,0.06369200000000008,0.15180682,0.088114816458702,8.862210000000001,10.395288,1.5330784674072255,8.45159,10.7248745,2.2732844964599614,0.06840489999999999,0.11253281,0.04412790937671662
20830,0.100692,0.15180682,0.051114816458702084,9.362210000000001,10.395288,1.0330784674072255,10.251589999999998,10.7248745,0.4732844964599625,0.12840490000000004,0.11253281,-0.01587209062328343
20831,0.3036920000000001,0.15180682,-0.15188518354129799,13.362210000000001,10.395288,-2.9669215325927745,14.55159,10.7248745,-3.826715503540038,0.16840489999999997,0.11253281,-0.055872090623283355
20850,0.045135999999999954,0.032330476,-0.012805524252414657,12.838170000000002,12.519647,-0.3185233554077165,14.01048,13.896329,-0.1141510739135736,0.1413118000000001,0.137528,-0.00378379773788462
20870,-0.07888399999999995,-0.07187593,0.007008070167541458,4.708970000000001,6.036599,1.327629159240722,0.7002500000000005,2.455064,1.7548140583038325,-0.06649400000000005,-0.011919065,0.054574934621393734
20873,-0.07888399999999995,-0.07187593,0.007008070167541458,5.288969999999999,6.036599,0.7476291592407236,1.2902500000000003,2.455064,1.1648140583038327,-0.04849400000000004,-0.011919065,0.03657493462139372
20874,-0.07788400000000006,-0.07187593,0.006008070167541568,5.67897,6.036599,0.357629159240723,2.000250000000001,2.455064,0.4548140583038318,-0.032494000000000134,-0.011919065,0.020574934621393814
20889,0.04969000000000012,-0.0016746726,-0.05136467258870614,9.67577,8.986557,-0.6892129931640625,7.987680000000001,5.8389335,-2.1487465321350108,0.021920300000000004,-0.014634387,-0.03655468663631678
20890,-0.050309999999999855,-0.0016746726,0.04863532741129384,8.555769999999999,8.986557,0.4307870068359385,4.127680000000002,5.8389335,1.7112534678649887,-0.058079699999999956,-0.014634387,0.04344531336368318
20891,-0.015309999999999935,-0.0016746726,0.013635327411293918,8.10577,8.986557,0.8807870068359378,5.087680000000001,5.8389335,0.7512534678649896,-0.022079699999999924,-0.014634387,0.007445313363683148
20910,0.021373000000000086,0.027092794,0.0057197939563988776,5.603180000000002,6.6173687,1.0141886981201154,6.535700000000002,8.764467,2.2287672393798807,0.040985200000000055,0.11720877,0.07622357140760416
20911,0.05137300000000011,0.027092794,-0.02428020604360115,7.18318,6.6173687,-0.5658113018798829,9.6857,8.764467,-0.9212327606201178,0.15098520000000004,0.11720877,-0.033776428592395824
20935,-0.006610000000000005,-0.0027480563,0.0038619436851143885,4.164940000000001,6.3558264,2.190886377868651,4.508869999999998,6.7890306,2.2801605519104022,0.06232340000000003,0.081067935,0.018744534632301302
21027,0.10821500000000006,0.01705526,-0.09115973998248583,7.068349999999999,7.55818,0.4898298553466809,8.137250000000002,6.2274857,-1.9097643432617204,0.07226410000000005,0.039761495,-0.03250260515484815
21029,0.012215000000000087,0.01705526,0.004840260017514142,7.038349999999998,7.55818,0.519829855346682,4.3472500000000025,6.2274857,1.8802356567382787,-0.03773589999999993,0.039761495,0.07749739484515183
21060,-0.0176130000000001,0.06592127,0.08353426935720454,10.325680000000002,13.793159,3.467478531188963,6.67515,10.125934,3.4507836471557614,-0.021544000000000008,0.04638447,0.06792846867465974
21157,-0.028512000000000093,0.12865423,0.15716622666072855,9.241820000000004,9.61459,0.37276969116210523,5.296439999999999,9.560358,4.263918047485353,-0.04369219999999996,0.04687511,0.09056731175870891
21167,-0.08869900000000008,-0.025802989,0.06289601144099244,5.276620000000001,7.435466,2.1588458126831043,2.726200000000002,6.3652935,3.639093502807615,0.016723800000000066,0.06957226,0.05284846246595376
21168,-0.06869900000000007,-0.025802989,0.04289601144099242,8.006620000000002,7.435466,-0.5711541873168962,5.966200000000002,6.3652935,0.3990935028076148,0.059723799999999994,0.06957226,0.009848462465953833
21191,0.0025340000000000362,0.0108794235,0.008345423469305002,7.186149999999998,8.9868765,1.8007264877319358,5.388349999999999,6.7935867,1.4052367309570322,-0.06918380000000002,0.008621356,0.07780515645002128
21192,0.14238699999999993,0.032017764,-0.11036923629593842,11.40568,9.068706,-2.336974441223145,12.20515,7.354987,-4.850162855529785,0.15145599999999992,0.04333656,-0.10811944091296188
21193,0.13238699999999992,0.032017764,-0.10036923629593841,10.605680000000003,9.068706,-1.5369744412231476,10.50515,7.354987,-3.1501628555297856,0.08145599999999997,0.04333656,-0.03811944091296193
21214,0.012386999999999926,0.032017764,0.019630763704061582,6.90568,9.068706,2.163025558776855,5.95515,7.354987,1.3998371444702151,0.03145599999999993,0.04333656,0.011880559087038112
21316,-0.06251200000000012,-0.0058049336,0.056707066392421845,7.111820000000002,8.753281,1.641460639648436,2.8464399999999976,5.461604,2.6151641183471703,-0.05669219999999997,-0.0070779896,0.049614210365873546
21319,-0.07951200000000003,-0.0058049336,0.07370706639242175,6.821820000000002,8.753281,1.931460639648435,1.81644,5.461604,3.645164118347168,-0.07869219999999999,-0.0070779896,0.07161421036587357
21320,-0.07651200000000014,-0.0058049336,0.07070706639242186,6.261820000000004,8.753281,2.491460639648434,1.686440000000001,5.461604,3.775164118347167,-0.06669219999999998,-0.0070779896,0.059614210365873554
21321,-0.07251200000000013,-0.0058049336,0.06670706639242185,6.391820000000003,8.753281,2.361460639648435,1.7564399999999978,5.461604,3.70516411834717,-0.07069219999999998,-0.0070779896,0.06361421036587356
21322,-0.07651200000000014,-0.0058049336,0.07070706639242186,7.181820000000002,8.753281,1.5714606396484356,2.1264399999999988,5.461604,3.335164118347169,-0.08069219999999999,-0.0070779896,0.07361421036587357
21345,-0.031843000000000066,-0.062142577,-0.030299577022314006,1.7864700000000013,4.7286286,2.942158635406493,2.054759999999998,4.180809,2.1260490209960956,0.056093200000000065,0.06469964,0.008606442360210353
21347,-0.09184300000000012,-0.062142577,0.029700422977686047,6.886469999999999,4.7286286,-2.157841364593505,5.48476,4.180809,-1.3039509790039059,0.06809320000000008,0.06469964,-0.003393557639789657
21348,-0.0718430000000001,-0.062142577,0.00970042297768603,4.766470000000002,4.7286286,-0.03784136459350762,4.21476,4.180809,-0.03395097900390631,0.07209320000000008,0.06469964,-0.007393557639789661
21349,-0.041843000000000075,-0.062142577,-0.020299577022313997,2.676470000000002,4.7286286,2.0521586354064922,2.6547599999999996,4.180809,1.5260490209960942,0.05409319999999995,0.06469964,0.010606442360210466
21351,-0.08184300000000011,-0.062142577,0.01970042297768604,6.996470000000002,4.7286286,-2.267841364593508,5.5747599999999995,4.180809,-1.3939509790039057,0.05909319999999996,0.06469964,0.005606442360210462
21396,0.22109299999999998,0.21096334,-0.010129661386489852,18.196640000000002,14.661096,-3.535544380798342,16.14937,13.548059,-2.6013105364990246,0.1900231,0.1716749,-0.018348192792510987
21397,0.217395,0.14993195,-0.06746304764270783,13.36081,10.522499,-2.8383109155273445,15.50918,12.87421,-2.634969642333985,0.2641566,0.19221504,-0.07194155967388155
21399,0.2106800000000001,0.21607168,0.005391680188178927,8.716399999999997,6.505042,-2.2113579238891568,13.025250000000002,10.721224,-2.3040261688232437,0.2683918,0.24774608,-0.020645719839859022
21400,0.21094499999999994,0.24374492,0.03279992466449744,4.971860000000003,8.161417,3.189557007446286,9.39506,11.589927,2.1948667196655265,0.2319057,0.23028319,-0.0016225141603469773
21401,0.32094500000000004,0.24374492,-0.07720007533550266,9.451860000000002,8.161417,-1.2904429925537126,13.055060000000001,11.589927,-1.4651332803344737,0.2919057,0.23028319,-0.061622514160346975
21521,0.05140100000000003,0.07403674,0.022635739766597718,12.44652,10.200357,-2.2461625628662105,9.666570000000002,7.046376,-2.6201937716674824,0.05663830000000003,0.011433827,-0.04520447324054244
21524,0.04061500000000007,0.036386173,-0.0042288267815113745,10.528690000000001,9.366876,-1.1618143515014658,7.86889,7.1929946,-0.6758954054260258,0.05409549999999996,0.011991032,-0.04210446760076281
21525,-0.019930000000000003,0.030684777,0.05061477660417557,5.722109999999997,7.072843,1.3507330747985868,3.2874300000000005,4.8343506,1.5469205859374995,-0.029368599999999967,-0.0009864898,0.028382110183431175
21526,0.060975,0.0420911,-0.01888389859199524,7.18599,7.6313324,0.4453423974609372,5.810269999999999,6.111309,0.3010390515136727,0.024944900000000048,0.0021676302,-0.022777269757816243
21541,-0.03588900000000006,-0.03952266,-0.0036336590335368513,10.36213,9.860614,-0.5015161770629888,9.77854,8.971759,-0.8067811575317378,0.09059139999999999,0.067963384,-0.022628015908145893
21542,-0.05588900000000008,-0.03952266,0.016366340966463166,9.68213,9.860614,0.17848382293701093,8.70854,8.971759,0.26321884246826244,0.08059139999999998,0.067963384,-0.012628015908145884
21543,-0.05588900000000008,-0.03952266,0.016366340966463166,8.79213,9.860614,1.0684838229370115,7.498539999999998,8.971759,1.4732188424682633,0.05059139999999995,0.067963384,0.017371984091854142
21544,-0.03588900000000006,-0.03952266,-0.0036336590335368513,10.11213,9.860614,-0.2515161770629888,9.54854,8.971759,-0.5767811575317374,0.08059139999999998,0.067963384,-0.012628015908145884
21545,-0.06588900000000009,-0.03952266,0.026366340966463175,9.302130000000002,9.860614,0.5584838229370099,7.48854,8.971759,1.4832188424682613,0.040591399999999944,0.067963384,0.02737198409185415
21546,-0.02588900000000005,-0.03952266,-0.01363365903353686,9.942130000000002,9.860614,-0.08151617706299064,9.38854,8.971759,-0.41678115753173905,0.07059139999999997,0.067963384,-0.0026280159081458754
21567,0.19313999999999998,0.13397147,-0.05916853238582609,16.58115,15.038132,-1.5430182861328134,13.638750000000002,12.383359,-1.255391044616701,0.03882269999999999,0.084790155,0.045967455291557324
21568,0.043139999999999956,0.13397147,0.09083146761417393,11.931149999999999,15.038132,3.1069817138671887,9.078750000000001,12.383359,3.3046089553832996,0.01882269999999997,0.084790155,0.06596745529155734
21570,0.17313999999999996,0.13397147,-0.03916853238582607,15.841149999999999,15.038132,-0.8030182861328115,14.028750000000002,12.383359,-1.6453910446167015,0.11882269999999995,0.084790155,-0.034032544708442636
21571,0.26313999999999993,0.13397147,-0.12916853238582604,18.531149999999997,15.038132,-3.493018286132809,16.76875,12.383359,-4.3853910446167,0.21882269999999998,0.084790155,-0.13403254470844267
21572,0.17313999999999996,0.13397147,-0.03916853238582607,17.19115,15.038132,-2.153018286132813,14.888750000000002,12.383359,-2.505391044616701,0.11882269999999995,0.084790155,-0.034032544708442636
21573,0.07313999999999998,0.13397147,0.060831467614173906,11.32115,15.038132,3.716981713867188,9.59875,12.383359,2.7846089553833,0.0488227,0.084790155,0.035967455291557315
21574,0.0031399999999999206,0.13397147,0.13083146761417397,9.96115,15.038132,5.0769817138671876,5.298750000000002,12.383359,7.084608955383299,-0.0711773,0.084790155,0.1559674552915573
21575,0.18313999999999997,0.13397147,-0.04916853238582608,16.37115,15.038132,-1.3330182861328126,14.598750000000003,12.383359,-2.2153910446167018,0.13882269999999997,0.084790155,-0.054032544708442654
21576,0.26313999999999993,0.13397147,-0.12916853238582604,20.531149999999997,15.038132,-5.493018286132809,17.558750000000003,12.383359,-5.175391044616703,0.2288227,0.084790155,-0.14403254470844268
21579,-0.04211930000000008,0.059867363,0.10198666342310914,1.4563799999999993,5.949436,4.493056187744141,1.4218700000000002,6.5246663,5.102796309356689,0.04652119999999993,0.12845878,0.08193758303051002
21581,0.07788069999999991,0.059867363,-0.01801333657689086,6.356379999999998,5.949436,-0.4069438122558573,7.85187,6.5246663,-1.3272036906433105,0.16652119999999992,0.12845878,-0.038062416969489976
21582,0.13788069999999997,0.059867363,-0.07801333657689091,7.686379999999998,5.949436,-1.7369438122558574,9.371870000000001,6.5246663,-2.847203690643312,0.19652119999999995,0.12845878,-0.06806241696949
21640,0.205488,0.083210096,-0.12227790423679352,14.441820000000003,14.141409,-0.3004110797119175,14.91644,12.543733,-2.3727073568725583,0.24630780000000002,0.1466093,-0.0996984936645508
21642,0.025487999999999955,0.083210096,0.05772209576320653,13.741820000000002,14.141409,0.39958892028808357,11.716439999999999,12.543733,0.8272926431274428,0.11630780000000007,0.1466093,0.030301506335449147
21643,-0.007511999999999963,0.083210096,0.09072209576320645,14.641820000000003,14.141409,-0.5004110797119168,11.216439999999999,12.543733,1.3272926431274428,0.06630780000000003,0.1466093,0.08030150633544919
21644,-0.010512000000000077,0.083210096,0.09372209576320656,15.541820000000003,14.141409,-1.4004110797119171,11.01644,12.543733,1.527292643127442,0.0063078000000000856,0.1466093,0.14030150633544913
21645,0.06348799999999999,0.083210096,0.019722095763206493,17.04182,14.141409,-2.9004110797119154,15.31644,12.543733,-2.7727073568725586,0.25630780000000003,0.1466093,-0.10969849366455081
21646,0.18948799999999988,0.083210096,-0.1062779042367934,14.641820000000003,14.141409,-0.5004110797119168,15.01644,12.543733,-2.472707356872558,0.24630780000000002,0.1466093,-0.0996984936645508
21647,0.210488,0.083210096,-0.12727790423679353,17.441820000000003,14.141409,-3.3004110797119175,16.51644,12.543733,-3.972707356872558,0.2963078,0.1466093,-0.1496984936645508
21725,0.1522150000000001,0.01444483,-0.13777017010390769,17.07835,9.488021,-7.590329103088379,13.837250000000001,6.4518366,-7.385413414001466,0.052264100000000036,-0.0037635602,-0.05602766020569805
21726,0.11221500000000006,0.01444483,-0.09777017010390765,16.278349999999996,9.488021,-6.790329103088375,13.527250000000002,6.4518366,-7.075413414001467,0.09226410000000007,-0.0037635602,-0.09602766020569808
21727,0.23221500000000006,0.01444483,-0.21777017010390765,15.368349999999998,9.488021,-5.880329103088377,13.617250000000002,6.4518366,-7.165413414001467,0.052264100000000036,-0.0037635602,-0.05602766020569805
21728,0.08221500000000015,0.01444483,-0.06777017010390773,10.52835,9.488021,-1.0403291030883786,9.587250000000001,6.4518366,-3.135413414001466,0.062264100000000044,-0.0037635602,-0.06602766020569806
21729,0.012215000000000087,0.01444483,0.002229829896092328,9.518349999999998,9.488021,-0.030329103088376996,6.267250000000001,6.4518366,0.1845865859985345,-0.03773589999999993,-0.0037635602,0.03397233979430192
21730,0.032215000000000105,0.01444483,-0.01777017010390769,8.68835,9.488021,0.7996708969116213,6.2272500000000015,6.4518366,0.22458658599853365,-0.017735899999999916,-0.0037635602,0.013972339794301902
21731,0.012215000000000087,0.01444483,0.002229829896092328,8.588349999999998,9.488021,0.8996708969116227,6.007250000000001,6.4518366,0.4445865859985343,-0.007735899999999907,-0.0037635602,0.0039723397943018934
21732,-0.007784999999999931,0.01444483,0.022229829896092346,8.668349999999997,9.488021,0.8196708969116244,5.557250000000002,6.4518366,0.8945865859985336,-0.027735899999999925,-0.0037635602,0.02397233979430191
21735,0.21221500000000004,0.01444483,-0.19777017010390763,19.81835,9.488021,-10.330329103088378,15.21725,6.4518366,-8.765413414001465,-0.017735899999999916,-0.0037635602,0.013972339794301902
21736,0.21221500000000004,0.01444483,-0.19777017010390763,19.74835,9.488021,-10.260329103088377,14.547250000000002,6.4518366,-8.095413414001467,-0.09773589999999999,-0.0037635602,0.09397233979430197
21737,0.08221500000000015,0.01444483,-0.06777017010390773,17.448349999999998,9.488021,-7.960329103088377,12.69725,6.4518366,-6.245413414001465,-0.027735899999999925,-0.0037635602,0.02397233979430191
21738,0.042215000000000114,0.01444483,-0.0277701701039077,15.108349999999998,9.488021,-5.620329103088377,10.747250000000001,6.4518366,-4.295413414001466,-0.027735899999999925,-0.0037635602,0.02397233979430191
21739,0.032215000000000105,0.01444483,-0.01777017010390769,11.908349999999999,9.488021,-2.4203291030883776,8.047250000000002,6.4518366,-1.5954134140014666,-0.04773589999999994,-0.0037635602,0.04397233979430193
21779,-0.07001000000000013,0.047084004,0.11709400368690503,7.657590000000003,10.108303,2.450713070068357,4.98508,7.4885774,2.503497365875244,0.023483599999999938,0.029900096,0.006416496356868806
21816,0.1430530000000001,0.109185934,-0.033867065933227636,8.984370000000002,10.421454,1.4370844296264629,10.41232,11.078208,0.665887969665528,0.026765299999999992,0.0367678,0.010002499407243737
22052,0.06238699999999997,0.028587557,-0.03379944262456891,9.935680000000001,9.788438,-0.1472421566772475,8.33515,7.9411526,-0.39399742736816457,0.026455999999999924,0.052188896,0.025732895642757492
22053,-0.0176130000000001,0.028587557,0.04620055737543116,7.635680000000001,9.788438,2.152757843322753,4.895150000000001,7.9411526,3.046002572631835,-0.010544000000000109,0.052188896,0.06273289564275752
22070,-0.057784999999999975,0.015974443,0.0737594434058666,4.458349999999999,8.807717,4.349367323303223,0.5772500000000029,6.4266944,5.849444393157956,-0.06773589999999996,0.016863529,0.0845994286390781
22071,-0.02778499999999995,0.015974443,0.04375944340586657,4.708349999999999,8.807717,4.099367323303223,1.9072500000000012,6.4266944,4.519444393157958,-0.03773589999999993,0.016863529,0.054599428639078074
22072,-0.02778499999999995,0.015974443,0.04375944340586657,5.448349999999998,8.807717,3.359367323303225,2.957250000000002,6.4266944,3.469444393157957,-0.017735899999999916,0.016863529,0.034599428639078056
22073,-0.02778499999999995,0.015974443,0.04375944340586657,5.6283499999999975,8.807717,3.179367323303225,2.7672500000000007,6.4266944,3.6594443931579583,-0.027735899999999925,0.016863529,0.044599428639078065
22074,-0.057784999999999975,0.015974443,0.0737594434058666,4.548349999999999,8.807717,4.259367323303223,0.7872500000000002,6.4266944,5.639444393157959,-0.05773589999999995,0.016863529,0.07459942863907809
22111,0.1093869999999999,0.058465738,-0.05092126215052595,11.185680000000001,9.0649805,-2.1206994931030287,9.20515,7.2939816,-1.9111684478759763,0.0014560000000000128,0.010252736,0.008796735577523696
22112,0.09738699999999989,0.058465738,-0.03892126215052594,9.965680000000003,9.0649805,-0.9006994931030299,7.575150000000001,7.2939816,-0.2811684478759773,-0.03854400000000002,0.010252736,0.04879673557752373
22113,0.1123869999999999,0.058465738,-0.05392126215052595,11.705680000000001,9.0649805,-2.6406994931030283,9.07515,7.2939816,-1.7811684478759773,-0.03854400000000002,0.010252736,0.04879673557752373
22114,0.11938699999999991,0.058465738,-0.06092126215052596,11.805680000000002,9.0649805,-2.7406994931030297,9.395150000000001,7.2939816,-2.1011684478759776,-0.028544000000000014,0.010252736,0.03879673557752372
22115,0.13238699999999992,0.058465738,-0.07392126215052597,12.435680000000001,9.0649805,-3.3706994931030287,10.33515,7.2939816,-3.041168447875977,0.0014560000000000128,0.010252736,0.008796735577523696
22116,0.025386999999999937,0.058465738,0.033078737849474016,8.435680000000001,9.0649805,0.6293005068969713,6.18515,7.2939816,1.1088315521240233,-0.008543999999999996,0.010252736,0.018796735577523704
22118,0.09938699999999989,0.058465738,-0.04092126215052594,10.185680000000001,9.0649805,-1.1206994931030287,8.17515,7.2939816,-0.8811684478759769,-0.018544000000000005,0.010252736,0.028796735577523713
22120,0.025386999999999937,0.058465738,0.033078737849474016,8.435680000000001,9.0649805,0.6293005068969713,6.18515,7.2939816,1.1088315521240233,-0.008543999999999996,0.010252736,0.018796735577523704
22121,0.023386999999999936,0.058465738,0.03507873784947402,9.075680000000002,9.0649805,-0.010699493103029312,6.665150000000001,7.2939816,0.6288315521240229,-0.008543999999999996,0.010252736,0.018796735577523704
22122,0.2423869999999999,0.058465738,-0.18392126215052595,10.90568,9.0649805,-1.8406994931030276,7.825150000000001,7.2939816,-0.5311684478759773,-0.028544000000000014,0.010252736,0.03879673557752372
22181,0.07321500000000014,0.015974443,-0.05724055659413352,10.248349999999999,8.807717,-1.4406326766967759,8.467250000000002,6.4266944,-2.0405556068420427,0.02226410000000001,0.016863529,-0.005400571360921869
22182,0.008215000000000083,0.015974443,0.00775944340586654,8.61835,8.807717,0.18936732330322315,4.647250000000001,6.4266944,1.7794443931579575,-0.07773589999999997,0.016863529,0.09459942863907811
22183,0.018215000000000092,0.015974443,-0.0022405565941334693,8.198349999999998,8.807717,0.6093673233032249,5.2272500000000015,6.4266944,1.1994443931579575,-0.03773589999999993,0.016863529,0.054599428639078074
22184,0.033215000000000106,0.015974443,-0.017240556594133483,10.690349999999999,8.807717,-1.882632676696776,7.927250000000001,6.4266944,-1.5005556068420418,0.002264100000000102,0.016863529,0.014599428639078038
22185,0.0282150000000001,0.015974443,-0.012240556594133478,9.056349999999998,8.807717,-0.2486326766967757,5.517250000000001,6.4266944,0.9094443931579583,-0.05773589999999995,0.016863529,0.07459942863907809
22186,0.033215000000000106,0.015974443,-0.017240556594133483,7.241349999999997,8.807717,1.5663673233032256,6.02725,6.4266944,0.39944439315795854,0.02226410000000001,0.016863529,-0.005400571360921869
22187,0.06221500000000013,0.015974443,-0.04624055659413351,8.978349999999999,8.807717,-0.1706326766967763,8.18725,6.4266944,-1.7605556068420416,0.062264100000000044,0.016863529,-0.045400571360921904
22188,0.022215000000000096,0.015974443,-0.006240556594133473,7.768349999999998,8.807717,1.0393673233032246,5.157250000000001,6.4266944,1.2694443931579578,-0.017735899999999916,0.016863529,0.034599428639078056
22189,0.022215000000000096,0.015974443,-0.006240556594133473,7.488349999999997,8.807717,1.3193673233032257,5.187250000000001,6.4266944,1.2394443931579584,-0.007735899999999907,0.016863529,0.024599428639078047
22192,0.022213999999999956,0.028064892,0.005850891695976301,13.186860000000003,14.819607,1.6327467810058565,10.55787,11.763215,1.205345065002442,0.05469860000000004,0.03221445,-0.02248414841876034
22193,0.05221399999999998,0.028064892,-0.024149108304023725,18.686860000000003,14.819607,-3.8672532189941435,13.25787,11.763215,-1.494654934997559,0.014698600000000006,0.03221445,0.017515851581239694
22331,0.025202000000000058,0.011923742,-0.013278258450746594,7.936509999999998,9.21014,1.273630228271486,10.0364,11.010608,0.9742077194213863,0.14513739999999997,0.16341989,0.018282487423515348
22332,0.025202000000000058,0.011923742,-0.013278258450746594,7.936509999999998,9.21014,1.273630228271486,10.0364,11.010608,0.9742077194213863,0.14513739999999997,0.16341989,0.018282487423515348
22333,0.025202000000000058,0.011923742,-0.013278258450746594,7.936509999999998,9.21014,1.273630228271486,10.0364,11.010608,0.9742077194213863,0.14513739999999997,0.16341989,0.018282487423515348
22418,0.06238699999999997,0.028920678,-0.033466321578145,7.40568,9.8767805,2.47110050994873,5.905150000000001,7.6957297,1.790579732513427,-0.008543999999999996,0.045047544,0.05359154394292831
22487,-0.04631699999999994,-0.05329143,-0.006974428834199964,5.958660000000002,6.5477214,0.5890613859558087,9.058400000000002,8.522572,-0.5358284362792993,0.23238349999999997,0.17451936,-0.05786413993453976
22489,-0.08631699999999998,-0.05329143,0.03302557116580007,6.758659999999999,6.5477214,-0.21093861404418845,9.658400000000002,8.522572,-1.135828436279299,0.2523835,0.17451936,-0.07786413993453978
22491,-0.016316999999999915,-0.05329143,-0.03697442883419999,7.85866,6.5477214,-1.3109386140441899,10.258400000000002,8.522572,-1.7358284362792986,0.21238350000000006,0.17451936,-0.03786413993453985
22502,0.11451500000000003,0.0057296837,-0.10878531632512811,10.678439999999998,8.888182,-1.7902583135986312,14.24813,8.015597,-6.2325326565551755,0.314724,0.1067152,-0.20800879766845704
22505,-0.07548500000000002,0.0057296837,0.08121468367487195,6.228439999999999,8.888182,2.659741686401368,3.4881300000000017,8.015597,4.5274673434448225,-0.015275999999999956,0.1067152,0.12199120233154293
22633,-0.09498000000000006,-0.084710605,0.010269394557476108,6.551690000000001,7.613471,1.0617810311889642,1.5366199999999992,3.8061316,2.269511601333619,-0.06808219999999998,-0.00016615097,0.06791604902589021
22634,-0.10098000000000007,-0.084710605,0.016269394557476113,7.101690000000001,7.613471,0.5117810311889635,2.6866200000000013,3.8061316,1.1195116013336168,-0.03608219999999995,-0.00016615097,0.035916049025890184
22636,-0.07098000000000004,-0.084710605,-0.013730605442523913,8.221690000000002,7.613471,-0.6082189688110375,6.39662,3.8061316,-2.5904883986663823,0.06991780000000003,-0.00016615097,-0.0700839509741098
22679,0.06407600000000002,0.03116386,-0.03291213988757136,6.877839999999999,6.0959463,-0.7818936880493155,12.735679999999999,8.867636,-3.8680442730712876,0.07218659999999999,0.076157436,0.003970835774803172
22680,-0.00592400000000004,0.03116386,0.037087860112428706,6.277839999999998,6.0959463,-0.18189368804931405,6.93568,8.867636,1.9319557269287113,0.07218659999999999,0.076157436,0.003970835774803172
22681,-0.03592400000000007,0.03116386,0.06708786011242873,3.477839999999997,6.0959463,2.6181063119506867,5.535679999999999,8.867636,3.3319557269287117,0.032186600000000065,0.076157436,0.043970835774803096
23025,0.21315899999999988,0.13693741,-0.07622159036064136,12.027910000000002,13.053679,1.0257694662475565,18.850099999999998,18.001205,-0.8488945556640601,0.44534360000000006,0.3856003,-0.05974330135688788
23026,0.19315899999999997,0.13693741,-0.05622159036064145,12.907910000000005,13.053679,0.14576946624755394,18.8701,18.001205,-0.8688945556640633,0.42534360000000004,0.3856003,-0.03974330135688786
23058,-0.02761300000000011,0.032017764,0.05963076370406162,7.915680000000002,9.068706,1.1530255587768536,4.405149999999999,7.354987,2.949837144470216,-0.04854400000000003,0.04333656,0.09188055908703807
23104,-0.05910499999999996,-0.028847134,0.030257866259217225,3.57723,3.9105697,0.333339667816162,3.5110600000000005,3.9302006,0.41914057678222605,0.07304710000000003,0.074617125,0.0015700250939368887
23105,-0.05910499999999996,-0.028847134,0.030257866259217225,4.027229999999999,3.9105697,-0.11666033218383731,2.87106,3.9302006,1.0591405767822266,0.033047099999999996,0.074617125,0.041570025093936924
23106,-0.05910499999999996,-0.028847134,0.030257866259217225,4.027229999999999,3.9105697,-0.11666033218383731,2.87106,3.9302006,1.0591405767822266,0.033047099999999996,0.074617125,0.041570025093936924
23107,-0.019104999999999928,-0.028847134,-0.00974213374078281,3.3372300000000017,3.9105697,0.5733396678161604,3.7510600000000025,3.9302006,0.17914057678222406,0.06304710000000002,0.074617125,0.011570025093936898
23108,-0.019104999999999928,-0.028847134,-0.00974213374078281,3.3372300000000017,3.9105697,0.5733396678161604,3.7510600000000025,3.9302006,0.17914057678222406,0.06304710000000002,0.074617125,0.011570025093936898
23109,-0.019104999999999928,-0.028847134,-0.00974213374078281,3.497230000000002,3.9105697,0.41333966781616027,4.831060000000001,3.9302006,-0.9008594232177742,0.10304709999999995,0.074617125,-0.028429974906063027
23139,0.1023869999999999,0.0412378,-0.061149198686599626,8.485680000000002,8.968036,0.4823556979370096,8.59515,7.3932533,-1.2018966735839847,0.061455999999999955,0.03698973,-0.024466270148515656
23302,-0.09956500000000013,0.0972439,0.19680889761686338,7.203769999999999,11.347453,4.143683117370607,4.556880000000001,10.4984455,5.941565510864256,0.051134800000000036,0.12066479,0.06952999027271267
23303,0.014434999999999976,0.0972439,0.08280889761686328,9.373769999999999,11.347453,1.9736831173706069,8.486880000000001,10.4984455,2.0115655108642567,0.12113479999999999,0.12066479,-0.0004700097272872794
23304,0.23743499999999995,0.0972439,-0.1401911023831367,11.42377,11.347453,-0.07631688262939385,11.326880000000001,10.4984455,-0.8284344891357431,0.10213479999999997,0.12066479,0.018529990272712737
23305,0.26143499999999986,0.0972439,-0.1641911023831366,13.00377,11.347453,-1.656316882629394,13.37688,10.4984455,-2.878434489135742,0.21513479999999996,0.12066479,-0.09447000972728725
23307,0.1347520000000001,0.1517419,0.016989907000541593,23.536230000000003,18.847015,-4.689214619140628,20.24323,15.538921,-4.704308643798829,0.20431639999999995,0.20040287,-0.00391352922573085
23338,0.05221500000000012,0.01705526,-0.035159739982485894,7.138349999999999,7.55818,0.4198298553466806,6.1072500000000005,6.2274857,0.12023565673828074,0.0122641,0.039761495,0.0274973948451519
23340,0.25337699999999996,0.23237024,-0.021006757523536645,7.034000000000001,6.7880287,-0.24597128295898507,9.8681,9.708733,-0.15936739501953134,0.2667578,0.2663525,-0.0004052955081939591
23341,0.1883769999999999,0.23237024,0.04399324247646341,4.033999999999999,6.7880287,2.7540287170410167,7.568099999999999,9.708733,2.1406326049804694,0.17675779999999996,0.2663525,0.08959470449180607
23342,0.19437700000000002,0.23237024,0.037993242476463296,3.1340000000000003,6.7880287,3.6540287170410153,6.9681,9.708733,2.740632604980469,0.16375779999999995,0.2663525,0.10259470449180608
23343,0.24037699999999995,0.23237024,-0.008006757523536634,2.8339999999999996,6.7880287,3.954028717041016,7.6681,9.708733,2.040632604980469,0.19875779999999998,0.2663525,0.06759470449180605
23355,0.405377,0.23237024,-0.17300675752353667,13.334,6.7880287,-6.545971282958984,13.168099999999999,9.708733,-3.4593673950195303,0.3437578,0.2663525,-0.07740529550819397
23356,0.12537699999999996,0.23237024,0.10699324247646336,7.934000000000001,6.7880287,-1.1459712829589854,10.9681,9.708733,-1.259367395019531,0.3387578,0.2663525,-0.07240529550819397
23357,0.1853769999999999,0.23237024,0.046993242476463415,5.634,6.7880287,1.1540287170410153,10.0681,9.708733,-0.35936739501953063,0.3087578,0.2663525,-0.042405295508193996
23359,0.285377,0.23237024,-0.053006757523536674,10.134,6.7880287,-3.3459712829589847,11.9681,9.708733,-2.259367395019531,0.3387578,0.2663525,-0.07240529550819397
23526,0.12715700000000008,0.10571361,-0.021443386668682174,7.41647,7.019681,-0.39678902313232456,10.21476,8.975186,-1.2395736520385743,0.16309320000000005,0.13973542,-0.02335778442211156
23646,0.2995052,0.26102778,-0.03847741684455874,9.35202,9.537833,0.1858132138061528,8.989729999999998,8.931173,-0.05855667541503706,0.06508250000000004,0.07798302,0.012900521736144976
23647,0.2895052,0.26102778,-0.028477416844558734,8.90202,9.537833,0.6358132138061521,8.369729999999999,8.931173,0.5614433245849622,0.055082500000000034,0.07798302,0.022900521736144985
23679,0.054643,0.041164696,-0.013478303783416745,4.84188,4.9447927,0.10291274749755885,10.898890000000002,8.6130495,-2.2858404928588882,0.2975966,0.17334752,-0.12424908215198516
23680,0.0025079999999999547,0.0012771495,-0.001230850461490407,4.282170000000004,4.6786475,0.39647751815795473,4.037049999999999,4.748565,0.7115151969909679,0.005777199999999927,0.038060028,0.03228282810597427
23681,0.035414999999999974,0.056794956,0.021379956326484706,5.395870000000002,4.296932,-1.0989377795410178,2.4469600000000007,1.8553096,-0.591650394401551,-0.045522300000000016,-0.046691112,-0.0011688122202873075
23682,0.03423899999999991,0.056794956,0.022555956326484772,2.141490000000001,4.296932,2.1554422204589834,-0.847900000000001,1.8553096,2.7032096055984507,-0.09972800000000004,-0.046691112,0.053036887779712716
23685,0.11048000000000002,0.11185784,0.0013778389286994708,13.32834,13.8126135,0.4842734872436516,5.893020000000002,6.267442,0.3744222264099104,-0.06188970000000005,-0.057130095,0.004759605382394838
24010,-0.10612900000000014,-0.051746424,0.05438257571244254,5.761879999999998,6.3440967,0.5822166606140158,0.8259000000000007,2.2860904,1.4601903739929192,-0.07200939999999989,-0.043686524,0.028322875966453442
24011,-0.08095200000000013,-0.033743065,0.047208935149431364,9.71708,8.8503685,-0.8667115002441399,5.0513200000000005,5.267379,0.21605880706787062,-0.027748099999999942,0.00083861547,0.028586715465909185
24012,-0.08095200000000013,-0.033743065,0.047208935149431364,9.22708,8.8503685,-0.37671150024414146,3.9613200000000006,5.267379,1.3060588070678705,-0.05574809999999997,0.00083861547,0.05658671546590921
24013,-0.06095200000000012,-0.033743065,0.027208935149431346,9.05708,8.8503685,-0.20671150024413976,4.441320000000001,5.267379,0.82605880706787,-0.04474809999999996,0.00083861547,0.0455867154659092
24126,0.07238699999999998,0.032017764,-0.04036923629593847,8.38568,9.068706,0.6830255587768548,7.70515,7.354987,-0.3501628555297849,0.04145599999999994,0.04333656,0.0018805590870381028
24127,0.022386999999999935,0.032017764,0.009630763704061573,7.4756800000000005,9.068706,1.593025558776855,8.40515,7.354987,-1.050162855529786,0.1314559999999999,0.04333656,-0.08811944091296187
24128,0.0063869999999999205,0.032017764,0.025630763704061588,6.665680000000002,9.068706,2.4030255587768536,6.60515,7.354987,0.7498371444702148,0.08145599999999997,0.04333656,-0.03811944091296193
24129,0.002386999999999917,0.032017764,0.02963076370406159,6.265680000000003,9.068706,2.803025558776852,5.50515,7.354987,1.8498371444702144,0.04145599999999994,0.04333656,0.0018805590870381028
24209,-0.07623600000000019,-0.029030629,0.047205371497631265,11.673869999999997,10.975831,-0.6980389682006809,8.162320000000001,9.420972,1.2586518704223622,0.03040010000000004,0.08090773,0.05050763224830623
24285,0.05906000000000011,0.0778436,0.01878359902143467,8.22617,8.776568,0.550398412780762,10.707510000000001,11.184429,0.4769191687011709,0.13264829999999994,0.169242,0.036593694619369566
24368,0.03420500000000004,0.036198277,0.0019932770264148303,1.1225800000000028,3.2179794,2.095399431152341,3.5851100000000002,5.4793825,1.894272514953613,0.11778159999999993,0.13011053,0.012328932045364449
24369,0.021560000000000024,-0.04604251,-0.06760250937700274,9.41901,10.22951,0.8105003073120116,6.7472400000000015,6.5605483,-0.18669169448852685,-0.011720999999999981,-0.019142158,-0.0074211583294868655
24370,-0.06844000000000006,-0.04604251,0.02239749062299734,10.609010000000001,10.22951,-0.37949969268798966,8.86724,6.5605483,-2.306691694488526,0.06827899999999998,-0.019142158,-0.08742115832948683
24371,-0.06844000000000006,-0.04604251,0.02239749062299734,10.609010000000001,10.22951,-0.37949969268798966,5.417240000000001,6.5605483,1.1433083055114732,-0.04172100000000001,-0.019142158,0.02257884167051316
24372,-0.09844000000000008,-0.04604251,0.05239749062299737,8.70901,10.22951,1.5205003073120125,3.517240000000001,6.5605483,3.0433083055114736,-0.061721000000000026,-0.019142158,0.04257884167051318
24388,0.2219899999999999,0.047084004,-0.174905996313095,13.32159,10.108303,-3.213286929931641,13.585080000000001,7.4885774,-6.096502634124757,0.14348359999999993,0.029900096,-0.11358350364313119
24389,0.15112800000000004,0.14195202,-0.009175977089881937,11.10161,10.021912,-1.0796983789062509,13.13899,11.70009,-1.4388995916748044,0.15830339999999998,0.13145056,-0.02685283633079527
24390,0.13112800000000002,0.14195202,0.01082402291011808,8.30161,10.021912,1.7203016210937498,11.03899,11.70009,0.6611004083251952,0.12830339999999996,0.13145056,0.0031471636692047555
24391,0.24346899999999994,0.22567676,-0.017792239922523434,12.975609999999996,14.618941,1.643331307067875,8.44803,8.801624,0.35359429809570386,-0.03491660000000002,-0.03366062,0.001255979549026509
24465,-0.05436799999999997,0.013867869,0.06823586904186008,8.184450000000002,8.894629,0.7101785247802717,10.25235,11.132556,0.8802059616088869,0.19939050000000003,0.1977085,-0.0016819975881576799
24582,-0.057613000000000136,0.028920678,0.08653367842185511,7.33568,9.8767805,2.5411005099487305,3.3851499999999994,7.6957297,4.310579732513428,-0.040544000000000024,0.045047544,0.08559154394292834
24588,-0.057613000000000136,0.028920678,0.08653367842185511,7.33568,9.8767805,2.5411005099487305,3.3851499999999994,7.6957297,4.310579732513428,-0.040544000000000024,0.045047544,0.08559154394292834
24704,-0.0176130000000001,-0.019567244,-0.001954243754863638,6.605680000000003,7.4299808,0.8243007548522918,3.405149999999999,3.7873397,0.3821896873474131,-0.03854400000000002,-0.033318374,0.0052256256940365065
24705,-0.02761300000000011,-0.019567244,0.00804575624513637,7.205680000000001,7.4299808,0.22430075485229395,3.2051499999999997,3.7873397,0.5821896873474124,-0.06854400000000005,-0.033318374,0.03522562569403653
24706,-0.04761300000000013,-0.019567244,0.02804575624513639,7.605680000000003,7.4299808,-0.17569924514770818,2.905149999999999,3.7873397,0.8821896873474131,-0.07854400000000006,-0.033318374,0.04522562569403654
24707,-0.03761300000000012,-0.019567244,0.01804575624513638,7.505680000000002,7.4299808,-0.07569924514770676,4.305150000000001,3.7873397,-0.517810312652589,-0.018544000000000005,-0.033318374,-0.014774374305963511
24709,-0.04761300000000013,-0.019567244,0.02804575624513639,6.205680000000001,7.4299808,1.224300754852294,2.805150000000001,3.7873397,0.982189687347411,-0.028544000000000014,-0.033318374,-0.004774374305963502
24710,-0.057613000000000136,-0.019567244,0.0380457562451364,6.105680000000003,7.4299808,1.3243007548522918,2.605150000000002,3.7873397,1.1821896873474103,-0.03854400000000002,-0.033318374,0.0052256256940365065
24713,-0.02761300000000011,-0.019567244,0.00804575624513637,6.505680000000002,7.4299808,0.9243007548522932,2.805150000000001,3.7873397,0.982189687347411,-0.05854400000000004,-0.033318374,0.025225625694036524
24714,-0.02761300000000011,-0.019567244,0.00804575624513637,6.605680000000003,7.4299808,0.8243007548522918,2.605150000000002,3.7873397,1.1821896873474103,-0.06854400000000005,-0.033318374,0.03522562569403653
24717,-0.057613000000000136,-0.019567244,0.0380457562451364,6.205680000000001,7.4299808,1.224300754852294,1.8051500000000011,3.7873397,1.982189687347411,-0.06854400000000005,-0.033318374,0.03522562569403653
24969,-0.03778499999999996,0.015974443,0.05375944340586658,8.588349999999998,8.807717,0.21936732330322428,6.917250000000001,6.4266944,-0.490555606842042,0.062264100000000044,0.016863529,-0.045400571360921904
24986,0.0018689999999998985,0.01195011,0.010081110085308653,12.554590000000005,14.682032,2.127441631469722,16.652449999999998,15.440837,-1.2116130935668927,-0.04840769999999994,-0.12601537,-0.07760766512374884
24988,0.0018689999999998985,0.01195011,0.010081110085308653,17.154590000000006,14.682032,-2.4725583685302794,16.652449999999998,15.440837,-1.2116130935668927,-0.2384077,-0.12601537,0.11239233487625122
24990,0.06186899999999995,0.01195011,-0.0499188899146914,16.954590000000003,14.682032,-2.2725583685302766,16.652449999999998,15.440837,-1.2116130935668927,-0.17840769999999995,-0.12601537,0.05239233487625117
25161,0.12238699999999991,0.08247882,-0.039908178722381504,8.90568,10.035057,1.1293770678710935,9.50515,9.27254,-0.2326099075317387,0.10145599999999999,0.07548135,-0.025974652260303488
25162,0.12238699999999991,0.08247882,-0.039908178722381504,8.705680000000001,10.035057,1.3293770678710928,8.50515,9.27254,0.7673900924682613,0.051455999999999946,0.07548135,0.024025347739696556
25230,0.1285139999999999,0.21105628,0.08254227715587625,8.763110000000001,12.052299,3.2891885458374013,10.682830000000001,13.133084,2.450254297180175,0.13898579999999994,0.17729795,0.03831214979095465
25232,0.14851399999999992,0.21105628,0.06254227715587624,10.083110000000001,12.052299,1.969188545837401,11.552830000000002,13.133084,1.5802542971801739,0.15898579999999995,0.17729795,0.018312149790954635
25234,0.21851399999999988,0.21105628,-0.007457722844123715,6.833110000000001,12.052299,5.219188545837401,12.242830000000001,13.133084,0.8902542971801743,0.2089858,0.17729795,-0.03168785020904541
25291,0.08121500000000015,0.015974443,-0.06524055659413353,7.538349999999998,8.807717,1.269367323303225,7.807250000000002,6.4266944,-1.3805556068420426,0.06426410000000005,0.016863529,-0.047400571360921906
25300,-0.02778499999999995,0.01690603,0.04469103047609324,5.338349999999998,6.5467267,1.2083767036438005,3.1072500000000005,5.2227373,2.115487312316894,-0.007735899999999907,0.027005251,0.034741151497030165
25301,0.002215000000000078,0.01690603,0.014691030476093214,4.93835,6.5467267,1.608376703643799,3.6072500000000005,5.2227373,1.615487312316894,0.002264100000000102,0.027005251,0.024741151497030156
25340,-0.03940300000000008,-0.03653325,0.002869748595237809,7.961499999999997,8.29794,0.3364402542114284,2.869440000000001,4.1817126,1.3122726274108878,-0.08285969999999998,-0.036063492,0.04679620770187376
25341,-0.04665800000000009,-0.02528288,0.021375119708657353,7.937749999999998,9.223971,1.2862213668823266,2.4916199999999975,4.4387836,1.9471636456298853,-0.08980929999999998,-0.042503264,0.04730603619866369
25342,-0.05906300000000009,-0.0054910867,0.05357191325250277,2.6450500000000012,5.2363496,2.591299582672118,-0.26829000000000036,3.863225,4.131514983215332,-0.047492700000000054,-0.048887797,-0.0013950967000007086
25345,-0.04665800000000009,-0.02528288,0.021375119708657353,8.037749999999999,9.223971,1.1862213668823252,2.8916199999999996,4.4387836,1.5471636456298832,-0.07980929999999997,-0.042503264,0.037306036198663683
25346,-0.04906300000000008,-0.0054910867,0.04357191325250276,2.6450500000000012,5.2363496,2.591299582672118,0.03171000000000035,3.863225,3.8315149832153317,-0.04049270000000005,-0.048887797,-0.008395096700000715
25673,0.012386999999999926,0.058465738,0.04607873784947403,5.635680000000001,9.0649805,3.429300506896972,5.395150000000001,7.2939816,1.8988315521240224,0.051455999999999946,0.010252736,-0.04120326442247624
25675,0.21238699999999988,0.058465738,-0.15392126215052593,6.24568,9.0649805,2.8193005068969725,9.26515,7.2939816,-1.9711684478759768,0.08145599999999997,0.010252736,-0.07120326442247626
25844,0.04167900000000002,0.037528668,-0.004150332401037238,7.97982,7.7972627,-0.182557331390381,6.31747,6.740297,0.42282684066772447,0.0030944000000000527,0.04164684,0.038552438188171334
25845,0.04167900000000002,0.018852402,-0.02282659847521784,8.11982,8.160371,0.0405508267211907,6.617470000000001,5.433179,-1.1842910983276376,0.01309439999999995,-0.003659248,-0.016753647886389444
26269,-0.116317,-0.037761398,0.07855560234022141,3.4060699999999997,4.5989604,1.1928903996276858,3.3550499999999985,5.2605524,1.9055024063110366,0.10665259999999999,0.10158671,-0.005065893063640581
26523,-0.06761600000000012,-0.043968275,0.0236477248106004,5.902649999999998,7.419931,1.5172809349060081,5.4033999999999995,6.5812936,1.1778935829162602,-0.0815285,-0.041428644,0.04009985578989983
26524,-0.028615999999999975,-0.043968275,-0.015352275189399744,6.902649999999998,7.419931,0.5172809349060081,7.4033999999999995,6.5812936,-0.8221064170837398,-0.05852849999999998,-0.041428644,0.01709985578989981
26633,0.018588999999999967,-0.017691763,-0.0362807631179094,5.07254,7.294565,2.222025200805664,5.478440000000001,6.848123,1.36968307357788,0.05888559999999998,0.09747904,0.038593437940502184
26690,0.05171700000000001,0.027260786,-0.02445621407759191,12.760720000000001,10.54811,-2.212609991760255,11.1389,8.214983,-2.9239170135498043,0.10500520000000002,0.033095676,-0.07190952354807856
26691,0.011716999999999977,0.027260786,0.015543785922408127,9.460720000000002,10.54811,1.087390008239744,7.1389,8.214983,1.0760829864501957,0.01500519999999994,0.033095676,0.018090476451921522
26950,0.053247000000000044,0.04151798,-0.011729019603252455,9.938460000000003,9.300101,-0.6383587197876004,8.566270000000001,8.0700245,-0.49624550964355585,0.043883899999999976,0.03509293,-0.008790968759202933
26951,0.053247000000000044,0.04151798,-0.011729019603252455,8.23846,9.300101,1.0616412802124024,6.906270000000001,8.0700245,1.1637544903564443,0.01688389999999995,0.03509293,0.01820903124079709
27118,0.05795400000000006,0.119304135,0.06135013544178003,12.4236,13.65178,1.2281801284790035,11.40202,13.319119,1.9170994534301755,0.08247870000000002,0.14092791,0.05844921080474852
27119,0.040954000000000046,0.119304135,0.07835013544178004,10.823599999999999,13.65178,2.828180128479005,9.90202,13.319119,3.4170994534301755,0.0644787,0.14092791,0.07644921080474854
27123,0.03595400000000004,0.119304135,0.08335013544178005,12.823599999999999,13.65178,0.8281801284790049,11.60202,13.319119,1.7170994534301762,0.08747870000000002,0.14092791,0.053449210804748515
27124,0.250954,0.119304135,-0.13164986455821992,17.0236,13.65178,-3.3718198715209944,18.202019999999997,13.319119,-4.882900546569822,0.29947870000000004,0.14092791,-0.1585507891952515
27125,0.18795400000000007,0.119304135,-0.06864986455821998,17.5236,13.65178,-3.8718198715209944,16.90202,13.319119,-3.5829005465698245,0.1994787,0.14092791,-0.058550789195251474
27126,0.15595400000000004,0.119304135,-0.03664986455821995,13.823599999999999,13.65178,-0.1718198715209951,14.00202,13.319119,-0.6829005465698241,0.12747870000000006,0.14092791,0.01344921080474848
27416,-0.05053750000000001,-0.052389316,-0.0018518162608146538,9.217019999999998,10.213059,0.9960394253540059,9.115,9.955608,0.8406083679199217,0.19051200000000001,0.20998506,0.019473062479972825
27419,-0.06053750000000002,-0.052389316,0.008148183739185355,12.49702,10.213059,-2.2839605746459952,11.614999999999998,9.955608,-1.6593916320800766,0.25051199999999996,0.20998506,-0.04052693752002712
27464,-0.01746599999999998,0.11719848,0.13466448215579985,10.74615,11.748521,1.0023708511352538,14.488349999999999,14.634544,0.14619437255859502,-0.029183799999999982,0.044205476,0.07338927559857367
27595,0.1371920000000001,0.08641454,-0.05077746167612085,10.53248,9.646411,-0.8860690579223629,13.36488,11.321262,-2.043617640380859,0.13369889999999995,0.11374099,-0.01995791192426677
27597,-0.0008079999999999199,0.08641454,0.08722253832387916,10.33248,9.646411,-0.6860690579223636,10.16488,11.321262,1.1563823596191405,0.09369890000000003,0.11374099,0.020042088075733155
27603,-0.03860299999999994,-0.019000988,0.01960201154637331,9.542840000000002,11.60014,2.05729961791992,10.793209999999998,12.473374,1.6801643667602555,0.07798479999999997,0.10069184,0.02270704005260471
27634,0.1023869999999999,0.032017764,-0.07036923629593839,9.805680000000002,9.068706,-0.7369744412231469,10.43515,7.354987,-3.0801628555297853,0.12145600000000001,0.04333656,-0.07811944091296197
27743,0.011622000000000021,-0.018140161,-0.02976216140997412,11.533819999999999,11.524545,-0.009275284118650973,9.198,9.128593,-0.06940655517578165,0.04237089999999999,0.08880733,0.046436429535484325
27852,0.0040959999999998775,0.0961542,0.09205819805049908,12.546420000000001,16.39284,3.846419431762694,11.007249999999999,16.313057,5.305806945800782,0.03168329999999997,0.16653778,0.13485447658939365
27853,0.1410959999999999,0.0961542,-0.044941801949500926,17.236420000000003,16.39284,-0.8435805682373072,19.60725,16.313057,-3.2941930541992193,0.24968329999999994,0.16653778,-0.08314552341060633
27854,0.04809599999999992,0.0961542,0.048058198050499046,14.876420000000003,16.39284,1.5164194317626922,17.06725,16.313057,-0.7541930541992201,0.22668329999999992,0.16653778,-0.060145523410606305
27855,0.03709599999999991,0.0961542,0.059058198050499056,14.986420000000003,16.39284,1.4064194317626928,13.78725,16.313057,2.525806945800781,0.0636833,0.16653778,0.10285447658939362
27856,0.3960959999999999,0.0961542,-0.29994180194950093,26.06642,16.39284,-9.673580568237305,25.76725,16.313057,-9.45419305419922,0.40668329999999997,0.16653778,-0.24014552341060635
27859,0.0280959999999999,0.0961542,0.06805819805049906,13.296420000000001,16.39284,3.096419431762694,12.46725,16.313057,3.8458069458007813,0.0636833,0.16653778,0.10285447658939362
27972,0.111819,0.16190724,0.050088240748405455,8.658890000000003,7.759952,-0.8989379316711457,7.493590000000001,9.456324,1.9627336236572255,-0.015581199999999962,0.09355943,0.10914062904949184
27973,0.16181900000000005,0.16190724,8.824074840541041e-05,8.258890000000005,7.759952,-0.4989379316711471,9.69359,9.456324,-0.2372663763427738,0.09041880000000002,0.09355943,0.003140629049491861
27974,0.20181900000000008,0.16190724,-0.039911759251594625,8.558890000000005,7.759952,-0.7989379316711478,10.09359,9.456324,-0.6372663763427742,0.07641880000000001,0.09355943,0.017140629049491873
27975,0.251819,0.16190724,-0.08991175925159456,8.658890000000003,7.759952,-0.8989379316711457,12.39359,9.456324,-2.937266376342773,0.17541879999999999,0.09355943,-0.0818593709505081
27976,0.15181900000000004,0.16190724,0.01008824074840542,6.358890000000002,7.759952,1.401062068328855,9.493590000000001,9.456324,-0.03726637634277452,0.13941879999999995,0.09355943,-0.04585937095050807
28007,0.07526500000000003,0.07610564,0.0008406393384933208,16.374029999999998,15.11581,-1.2582196057128883,16.71821,14.739594,-1.9786155404663077,0.1947512,0.14673388,-0.04801731995697023
28169,-0.028890000000000082,0.012567795,0.041457794881761156,9.697580000000002,9.953626,0.2560456790161112,5.782359999999999,5.5156064,-0.26675359664916876,-0.02685650000000006,0.028742788,0.05559928835952288
28170,-0.05335040000000002,-0.043471355,0.009879045008802434,8.755619999999999,6.2082877,-2.5473322840881334,6.8767499999999995,4.789831,-2.086918838500976,0.0871132,0.09315106,0.0060378627269744856
28172,-0.036420100000000066,-0.031302344,0.005117755946016378,2.4810499999999998,4.717516,2.2364659454345706,3.4665,4.321071,0.8545711479187013,0.12689820000000007,0.09440854,-0.03248965808219917
28252,-0.04693000000000014,-0.080497,-0.03356699664115892,4.508210000000002,3.9766114,-0.531598624191286,3.362689999999997,2.3836842,-0.9790058416748018,0.03192879999999987,0.027158564,-0.004770236043381559
28253,-0.09692999999999996,-0.080497,0.016433003358840903,3.1882100000000015,3.9766114,0.7884013758087143,0.5226899999999972,2.3836842,1.860994158325198,-0.019071200000000066,0.027158564,0.046229763956618375
28255,-0.02693000000000012,-0.080497,-0.05356699664115894,4.778210000000001,3.9766114,-0.8015986241912856,5.202689999999999,2.3836842,-2.8190058416748034,0.08392879999999991,0.027158564,-0.056770236043381606
28256,-0.08693000000000017,-0.080497,0.006433003358841116,3.6182100000000013,3.9766114,0.35840137580871456,1.1726899999999993,2.3836842,1.210994158325196,-0.005071199999999942,0.027158564,0.03222976395661825
28258,-0.06693000000000016,-0.080497,-0.013566996641158902,4.218210000000003,3.9766114,-0.24159862419128686,3.072689999999998,2.3836842,-0.6890058416748026,0.037928799999999985,0.027158564,-0.010770236043381676
28259,-0.07993000000000006,-0.080497,-0.0005669966411590011,4.008210000000002,3.9766114,-0.03159862419128601,2.482689999999998,2.3836842,-0.09900584167480275,0.028928799999999977,0.027158564,-0.0017702360433816677
28260,-0.09193000000000007,-0.080497,0.01143300335884101,3.7182100000000027,3.9766114,0.25840137580871314,1.6426899999999982,2.3836842,0.7409941583251971,0.013928799999999963,0.027158564,0.013229763956618346
28261,-0.10892999999999997,-0.080497,0.028433003358840914,3.6182100000000013,3.9766114,0.35840137580871456,1.3326899999999995,2.3836842,1.0509941583251958,0.016928799999999855,0.027158564,0.010229763956618454
28262,-0.09193000000000007,-0.080497,0.01143300335884101,4.5582100000000025,3.9766114,-0.5815986241912867,3.47269,2.3836842,-1.0890058416748047,0.05892879999999989,0.027158564,-0.03177023604338158
28263,-0.09193000000000007,-0.080497,0.01143300335884101,3.7182100000000027,3.9766114,0.25840137580871314,1.8926899999999982,2.3836842,0.4909941583251971,0.023928799999999972,0.027158564,0.0032297639566183367
28266,-0.10492999999999997,-0.080497,0.02443300335884091,3.5382099999999994,3.9766114,0.4384013758087164,1.5326899999999988,2.3836842,0.8509941583251965,0.023928799999999972,0.027158564,0.0032297639566183367
28267,-0.07693000000000016,-0.07143413,0.005495867245197461,1.918210000000002,2.6727335,0.7545235453033428,0.6226899999999986,1.176453,0.55376299434662,0.02092879999999997,0.024357114,0.003428313987207443
28328,-0.07443330000000004,-0.049319822,0.025113477658796346,9.54541,6.767005,-2.7784050332641606,7.7227000000000015,5.647419,-2.0752810241699233,0.0760615,0.0918781,0.01581660122966766
28366,0.05219799999999997,0.01770711,-0.03449089054870602,12.465019999999999,8.951769,-3.513251124877929,14.2075,8.706761,-5.5007386398315425,0.2562481,0.11151125,-0.1447368471795082
28371,-0.007802000000000087,0.01770711,0.025509109451294032,7.665019999999998,8.951769,1.286748875122072,6.307499999999997,8.706761,2.3992613601684596,0.026248099999999996,0.11151125,0.0852631528204918
28403,0.7285619999999999,0.3792099,-0.3493520941371917,24.387880000000003,11.291275,-13.09660497558594,21.16109,15.431869,-5.72922144683838,0.6103661,0.37292236,-0.2374437391029358
28405,0.47856199999999993,0.3792099,-0.0993520941371917,13.387880000000003,11.291275,-2.09660497558594,20.16109,15.431869,-4.72922144683838,0.6603661,0.37292236,-0.28744373910293575
28406,0.448562,0.3792099,-0.06935209413719179,9.387880000000003,11.291275,1.9033950244140598,19.16109,15.431869,-3.7292214468383804,0.6103661,0.37292236,-0.2374437391029358
28407,0.328562,0.3792099,0.05064790586280821,7.387880000000003,11.291275,3.90339502441406,13.161090000000002,15.431869,2.2707785531616196,0.2103661,0.37292236,0.1625562608970642
28408,0.15856199999999998,0.3792099,0.22064790586280825,9.387880000000003,11.291275,1.9033950244140598,11.161090000000002,15.431869,4.27077855316162,0.11036610000000002,0.37292236,0.2625562608970642
28409,0.15856199999999998,0.3792099,0.22064790586280825,4.587880000000002,11.291275,6.7033950244140605,8.36109,15.431869,7.07077855316162,0.10036610000000001,0.37292236,0.2725562608970642
28430,0.386035,0.08426206,-0.30177294186115267,24.1057,18.605335,-5.500364764404296,19.7985,13.715108,-6.083392082214356,0.43620519999999996,0.17357793,-0.26262726549644466
28432,-0.04996500000000004,0.08426206,0.1342270581388474,25.105700000000002,18.605335,-6.500364764404299,19.198500000000003,13.715108,-5.483392082214358,0.19620519999999997,0.17357793,-0.02262726549644467
28464,-0.07778499999999999,0.015974443,0.09375944340586662,7.708349999999999,8.807717,1.0993673233032233,3.297250000000002,6.4266944,3.129444393157957,-0.04773589999999994,0.016863529,0.06459942863907808
28465,-0.1177849999999998,0.015974443,0.13375944340586643,6.668349999999997,8.807717,2.139367323303226,2.1572500000000012,6.4266944,4.269444393157958,-0.027735899999999925,0.016863529,0.044599428639078065
28466,0.06221500000000013,0.015974443,-0.04624055659413351,7.50835,8.807717,1.2993673233032226,5.297250000000002,6.4266944,1.1294443931579572,-0.04773589999999994,0.016863529,0.06459942863907808
28467,0.12221500000000007,0.015974443,-0.10624055659413345,11.398349999999997,8.807717,-2.5906326766967744,9.127250000000002,6.4266944,-2.700555606842043,-0.027735899999999925,0.016863529,0.044599428639078065
28480,-0.02761300000000011,0.028920678,0.05653367842185508,11.215680000000003,9.8767805,-1.338899490051272,8.78515,7.6957297,-1.089420267486572,0.061455999999999955,0.045047544,-0.01640845605707164
28483,-0.02761300000000011,0.028920678,0.05653367842185508,12.38568,9.8767805,-2.50889949005127,9.57515,7.6957297,-1.879420267486573,0.061455999999999955,0.045047544,-0.01640845605707164
28484,-0.02761300000000011,0.028920678,0.05653367842185508,12.705680000000001,9.8767805,-2.8288994900512705,10.25515,7.6957297,-2.5594202674865727,0.09145599999999998,0.045047544,-0.04640845605707167
28485,-0.0176130000000001,0.028920678,0.046533678421855074,12.99568,9.8767805,-3.1188994900512697,10.645150000000001,7.6957297,-2.9494202674865733,0.10145599999999999,0.045047544,-0.056408456057071676
28486,-0.03761300000000012,0.028920678,0.06653367842185509,12.445680000000003,9.8767805,-2.5688994900512725,10.69515,7.6957297,-2.999420267486572,0.1314559999999999,0.045047544,-0.08640845605707159
28487,-0.03761300000000012,0.028920678,0.06653367842185509,12.705680000000001,9.8767805,-2.8288994900512705,11.135150000000001,7.6957297,-3.4394202674865735,0.15145599999999992,0.045047544,-0.10640845605707161
28488,-0.02761300000000011,0.028920678,0.05653367842185508,11.985680000000002,9.8767805,-2.1088994900512716,10.59515,7.6957297,-2.8994202674865726,0.14145599999999992,0.045047544,-0.0964084560570716
28489,-0.02761300000000011,0.028920678,0.05653367842185508,12.47568,9.8767805,-2.59889949005127,10.76515,7.6957297,-3.0694202674865725,0.1314559999999999,0.045047544,-0.08640845605707159
28491,-0.007613000000000092,0.028920678,0.036533678421855065,13.835680000000002,9.8767805,-3.9588994900512713,11.555150000000001,7.6957297,-3.8594202674865734,0.12145600000000001,0.045047544,-0.0764084560570717
28580,0.022698000000000107,0.05040731,0.027709309085130585,6.32047,6.952089,0.6316188328552244,4.49981,6.4726796,1.9728696150207519,-0.009882699999999911,0.04849625,0.058378950063180834
28619,0.06166500000000008,0.03165157,-0.03001342860698708,7.000340000000005,7.8327975,0.8324575273132275,4.7813,6.4542875,1.6729875289916993,-0.05467719999999998,0.017401105,0.07207830479295252
28804,0.16148799999999996,0.12865423,-0.03283377333927151,13.831820000000002,9.61459,-4.217230308837893,11.32644,9.560358,-1.7660819525146483,-0.013692199999999932,0.04687511,0.060567311758708886
28812,0.09340499999999985,0.04261392,-0.05079108017563805,13.18732,8.417058,-4.770262008972168,16.02722,9.270754,-6.756466139526367,0.39421990000000007,0.15356289,-0.24065701149692542
28943,0.023422000000000054,0.050445084,0.02702308352875704,11.055780000000002,10.0570135,-0.9987664883422873,7.925729999999998,9.635373,1.7096431155395528,-0.01492529999999992,0.11080366,0.12572895628004066
29091,-0.028960399999999886,-0.029501917,-0.0005415168406726067,6.796849999999999,6.8685327,0.07168265762329185,6.732919999999998,6.8997803,0.16686027343750176,0.09652229999999995,0.09987058,0.0033482774545670058
29221,0.12604000000000004,0.037571847,-0.08846815256118779,10.966709999999999,9.789001,-1.177708535156249,14.504560000000001,10.462107,-4.042453295288087,0.16966769999999998,0.08281305,-0.08685465312738416
29224,0.0640400000000001,0.037571847,-0.02646815256118784,10.056709999999999,9.789001,-0.26770853515624893,11.014560000000001,10.462107,-0.5524532952880872,0.07966770000000001,0.08281305,0.0031453468726158063
29225,0.04604000000000008,0.037571847,-0.008468152561187825,9.88671,9.789001,-0.09770853515625078,10.904560000000002,10.462107,-0.44245329528808774,0.08966770000000002,0.08281305,-0.006854653127384203
29226,0.03404000000000007,0.037571847,0.0035318474388121857,9.576709999999999,9.789001,0.2122914648437515,9.674560000000003,10.462107,0.7875467047119109,0.05966769999999999,0.08281305,0.023145346872615824
29227,0.0040400000000000436,0.037571847,0.03353184743881221,9.38671,9.789001,0.4022914648437492,9.184560000000001,10.462107,1.277546704711913,0.0696677,0.08281305,0.013145346872615815
29228,-0.016959999999999864,0.037571847,0.05453184743881212,9.08671,9.789001,0.7022914648437499,8.45456,10.462107,2.0075467047119133,0.029667699999999964,0.08281305,0.05314534687261585
29258,0.02986600000000006,0.038794965,0.0089289645519256,4.273130000000002,4.300357,0.027226864929197347,9.69,9.6779585,-0.012041511535644034,0.29012399999999994,0.29934186,0.009217857433319154
29268,0.04238699999999995,0.082083575,0.039696575427532244,10.105680000000003,12.722236,2.6165556796264617,10.60515,11.696307,1.0911571823120116,0.16145599999999993,0.13499467,-0.0264613292512893
29271,0.012386999999999926,0.082083575,0.06969657542753227,4.805680000000002,12.722236,7.9165556796264624,3.605150000000002,11.696307,8.09115718231201,0.0014560000000000128,0.13499467,0.13353867074871062
29446,-0.10761299999999996,0.028587557,0.13620055737543102,6.005680000000002,9.788438,3.7827578433227522,1.1051500000000019,7.9411526,6.836002572631834,-0.08154400000000006,0.052188896,0.13373289564275748
29447,-0.007613000000000092,0.028587557,0.03620055737543115,6.385680000000001,9.788438,3.402757843322753,2.925150000000002,7.9411526,5.016002572631834,-0.06354400000000004,0.052188896,0.11573289564275746
29449,0.012386999999999926,0.028587557,0.016200557375431135,11.945680000000003,9.788438,-2.157242156677249,10.70515,7.9411526,-2.763997427368164,0.1244559999999999,0.052188896,-0.07226710435724248
29561,0.04552999999999996,0.06637329,0.02084328863143925,7.5567500000000045,8.435045,0.8782952423095658,13.634519999999998,13.652821,0.018300587158204706,0.31762270000000004,0.28799748,-0.029625215792846715
29562,0.03452999999999995,0.06637329,0.03184328863143926,7.276750000000003,8.435045,1.158295242309567,12.734519999999998,13.652821,0.9183005871582051,0.2876227,0.28799748,0.0003747842071533114
29564,0.04852999999999996,0.06637329,0.017843288631439247,8.116750000000003,8.435045,0.3182952423095671,13.43452,13.652821,0.218300587158204,0.2936227,0.28799748,-0.005625215792846694
29657,0.012386999999999926,0.032017764,0.019630763704061582,7.90568,9.068706,1.1630255587768552,4.805150000000001,7.354987,2.5498371444702137,-0.04854400000000003,0.04333656,0.09188055908703807
29870,-0.008323999999999998,0.007075284,0.015399284142047165,11.631520000000002,10.452064,-1.179456439514162,8.739959999999998,10.007464,1.2675044088745135,0.031119999999999925,0.11244708,0.08132708299636848
29872,0.07167600000000007,0.007075284,-0.0646007158579529,13.051520000000004,10.452064,-2.5994564395141637,13.899959999999998,10.007464,-3.8924955911254866,0.21611999999999998,0.11244708,-0.10367291700363157
30368,0.209387,0.032017764,-0.17736923629593848,25.395680000000002,9.068706,-16.326974441223147,18.66515,7.354987,-11.310162855529786,0.06345599999999996,0.04333656,-0.020119440912961917
30417,-0.08461300000000005,0.028587557,0.11320055737543111,10.40568,9.788438,-0.6172421566772464,6.60515,7.9411526,1.3360025726318359,0.02145599999999992,0.052188896,0.030732895642757496
30418,-0.06061300000000003,0.028587557,0.08920055737543109,10.40568,9.788438,-0.6172421566772464,9.805150000000001,7.9411526,-1.8639974273681652,0.16145599999999993,0.052188896,-0.10926710435724252
30419,-0.08461300000000005,0.028587557,0.11320055737543111,10.40568,9.788438,-0.6172421566772464,6.60515,7.9411526,1.3360025726318359,0.02145599999999992,0.052188896,0.030732895642757496
30420,-0.034613000000000005,0.028587557,0.06320055737543107,10.605680000000003,9.788438,-0.8172421566772492,8.10515,7.9411526,-0.16399742736816414,0.051455999999999946,0.052188896,0.0007328956427574695
30456,-0.08961300000000016,0.032017764,0.12163076370406167,6.685680000000001,9.068706,2.383025558776854,0.9951499999999989,7.354987,6.359837144470216,-0.09454399999999996,0.04333656,0.137880559087038
30725,0.012386999999999926,0.032017764,0.019630763704061582,12.017680000000002,9.068706,-2.9489744412231467,9.28515,7.354987,-1.930162855529785,0.04345599999999994,0.04333656,-0.00011944091296189896
31082,0.14207599999999998,0.10589957,-0.03617642762756346,9.5613,9.22204,-0.3392598236083977,9.501460000000002,8.29019,-1.2112702569580094,0.0569056,0.021226823,-0.035678776670074464
31083,0.13207599999999997,0.10589957,-0.026176427627563448,10.8613,9.22204,-1.6392598236083984,10.571460000000002,8.29019,-2.2812702569580097,0.08290560000000002,0.021226823,-0.06167877667007449
31084,0.12207599999999996,0.10589957,-0.01617642762756344,9.0613,9.22204,0.16074017639160232,8.401460000000002,8.29019,-0.11127025695800974,0.02290559999999997,0.021226823,-0.0016787766700744333
31085,0.13207599999999997,0.10589957,-0.026176427627563448,10.0613,9.22204,-0.8392598236083977,9.801460000000002,8.29019,-1.51127025695801,0.0629056,0.021226823,-0.04167877667007447
31087,0.12207599999999996,0.10589957,-0.01617642762756344,8.8613,9.22204,0.3607401763916016,8.001460000000002,8.29019,0.2887297430419906,0.007905599999999957,0.021226823,0.01332122332992558
31088,0.05148799999999998,-0.0058049336,-0.057292933607578256,7.941820000000003,8.753281,0.8114606396484341,7.41644,5.461604,-1.9548358816528317,0.050307800000000125,-0.0070779896,-0.05738578963412655
31089,0.08425400000000005,0.10219353,0.017939526923656413,16.183300000000003,13.34745,-2.8358497436523464,12.77204,10.370825,-2.401215186157227,0.023824899999999927,0.036588963,0.01276406312117584
31090,0.09248000000000012,0.08112507,-0.011354926865100978,9.53737,13.396268,3.8588978909301765,9.05409,12.114397,3.060307048950195,0.046650699999999934,0.054984342,0.008333642306852407
31185,-0.08148600000000017,-0.023628099,0.05785790110981481,2.843110000000003,6.086194,3.2430840383911104,3.002830000000003,5.688128,2.6852979945373505,0.03698579999999996,0.092535794,0.05554999378128056
31186,-0.09148600000000018,-0.023628099,0.06785790110981482,4.563110000000002,6.086194,1.5230840383911115,3.2828300000000006,5.688128,2.405297994537353,0.05498579999999986,0.092535794,0.037549993781280655
31187,-0.08148600000000017,-0.023628099,0.05785790110981481,3.263110000000001,6.086194,2.823084038391112,2.102830000000001,5.688128,3.5852979945373527,0.05098579999999997,0.092535794,0.04154999378128055
31188,-0.07148600000000016,-0.023628099,0.047857901109814804,5.663110000000003,6.086194,0.4230840383911101,4.782830000000001,5.688128,0.9052979945373529,0.06798579999999999,0.092535794,0.024549993781280532
31323,0.132343,0.11669983,-0.01564317030239104,8.12414,8.621481,0.49734094177246035,10.47445,10.31393,-0.16052044219970618,0.12442659999999994,0.13853714,0.014110538700485287
31324,0.11234299999999997,0.11669983,0.004356829697608977,8.114140000000003,8.621481,0.5073409417724584,9.844449999999998,10.31393,0.4694795578002946,0.10442659999999993,0.13853714,0.034110538700485304
31325,0.17143699999999995,0.045515366,-0.1259216341013908,13.098460000000001,8.69369,-4.404769700012208,13.002490000000002,9.494714,-3.5077762167358415,0.06453720000000007,0.13931797,0.07478077444820397
31351,0.0019620000000000193,-0.018100932,-0.020062932240486164,6.847160000000002,6.467357,-0.3798028413391137,9.576139999999999,7.624158,-1.9519820944213855,0.22261769999999992,0.1408888,-0.08172890474338523
31355,-0.00803799999999999,-0.018100932,-0.010062932240486155,6.847160000000002,6.467357,-0.3798028413391137,7.576139999999999,7.624158,0.04801790557861452,0.12961769999999995,0.1408888,0.011271095256614738
31356,0.0019620000000000193,-0.018100932,-0.020062932240486164,6.847160000000002,6.467357,-0.3798028413391137,6.776139999999998,7.624158,0.8480179055786152,0.0776176999999999,0.1408888,0.06327109525661478
31357,-0.048038000000000025,-0.018100932,0.02993706775951388,6.7471600000000045,6.467357,-0.2798028413391158,5.076139999999999,7.624158,2.5480179055786145,0.03161769999999997,0.1408888,0.10927109525661471
31363,0.0019620000000000193,-0.018100932,-0.020062932240486164,6.447160000000004,6.467357,0.020197158660884895,9.47614,7.624158,-1.8519820944213858,0.22661769999999992,0.1408888,-0.08572890474338524
31364,-0.028038000000000007,-0.018100932,0.009937067759513862,5.947160000000004,6.467357,0.5201971586608849,8.176139999999998,7.624158,-0.5519820944213851,0.18561769999999989,0.1408888,-0.0447289047433852
31407,0.15521700000000005,0.06707512,-0.08814188157749181,15.765749999999999,12.063879,-3.7018709869384754,14.45087,9.220526,-5.230344258422852,0.11632389999999992,0.047318973,-0.06900492735280983
31408,-0.03884500000000002,0.018417628,0.05726262848198416,9.70569,9.746832,0.04114189392089784,5.656550000000001,7.2633634,1.6068133613586415,-0.01597470000000001,0.03760521,0.05357991113872529
31425,0.012799000000000005,0.039937288,0.027138287569046016,18.499760000000002,16.517426,-1.982334462890627,14.604320000000001,15.034966,0.43064646881103386,0.09750270000000005,0.19723675,0.09973404654960627
31426,0.04279900000000003,0.039937288,-0.002861712430954011,16.959760000000003,16.517426,-0.44233446289062783,17.80432,15.034966,-2.7693535311889654,0.3535027,0.19723675,-0.15626595345039368
31635,0.168883,0.094398774,-0.07448422579336167,13.44771,9.123892,-4.323818169555665,12.76669,9.424409,-3.342281087341309,0.054355699999999896,0.09993689,0.04558118762187968
31652,-0.022696999999999967,-0.01086189,0.01183510960948464,11.405810000000002,13.912648,2.506838200988767,10.283259999999999,13.008373,2.7251132604980484,0.08543459999999992,0.15112852,0.06569391560115823
31653,0.01730300000000007,-0.01086189,-0.028164890390515396,17.30581,13.912648,-3.3931617990112315,18.78326,13.008373,-5.774886739501952,0.3514346,0.15112852,-0.20030608439884184
31654,-0.042696999999999985,-0.01086189,0.03183510960948466,10.50581,13.912648,3.406838200988769,8.18326,13.008373,4.825113260498046,0.03043459999999998,0.15112852,0.12069391560115816
31655,-0.022696999999999967,-0.01086189,0.01183510960948464,15.605810000000002,13.912648,-1.6931617990112322,14.38326,13.008373,-1.374886739501953,0.13943459999999996,0.15112852,0.011693915601158178
31676,-0.06721500000000002,-0.015934203,0.05128079717993739,4.783239999999999,7.7344713,2.9512313211059578,2.6498100000000004,5.4490094,2.7991994184875484,0.011713700000000049,0.028170299,0.016456598784971188
31677,-0.057215000000000016,-0.015934203,0.04128079717993738,7.273240000000001,7.7344713,0.46123132110595577,4.9798100000000005,5.4490094,0.4691994184875483,0.028713700000000064,0.028170299,-0.000543401215028827
31678,-0.01721499999999998,-0.015934203,0.001280797179937343,8.483240000000002,7.7344713,-0.7487686788940451,6.0298099999999994,5.4490094,-0.5808005815124506,0.016713700000000054,0.028170299,0.011456598784971184
32154,0.04276499999999994,-0.003964954,-0.04672995405584568,6.50046,7.7751656,1.2747055578613278,9.975359999999998,9.094672,-0.8806877969360336,0.1760887,0.13606636,-0.04002233773822783
32156,0.09238699999999989,0.028920678,-0.06346632157814491,11.605680000000003,9.8767805,-1.7288994900512726,9.805150000000001,7.6957297,-2.1094202674865734,0.03045600000000004,0.045047544,0.014591543942928276
32165,0.12253400000000003,0.08393842,-0.03859558018112186,8.26615,9.1087885,0.8426384902954105,9.388349999999999,8.731105,-0.6572451492309561,0.035816199999999965,0.043324184,0.007507983672666585
32263,0.06221500000000013,0.01444483,-0.047770170103907716,10.948349999999998,9.488021,-1.4603291030883767,9.797250000000002,6.4518366,-3.3454134140014666,0.07226410000000005,-0.0037635602,-0.07602766020569807
32940,0.11199999999999999,0.14226404,0.03026403832435609,14.975249999999999,18.779566,3.8043158111572275,16.24622,21.420824,5.174604050903319,0.13741589999999992,0.3715845,0.23416860484275825
32948,0.062000000000000055,0.14226404,0.08026403832435602,17.54525,18.779566,1.2343158111572272,20.58622,21.420824,0.8346040509033195,0.35141589999999995,0.3715845,0.02016860484275823
32949,0.132,0.14226404,0.010264038324356073,19.23525,18.779566,-0.45568418884277406,23.24622,21.420824,-1.8253959490966807,0.46541589999999994,0.3715845,-0.09383139515724176
32951,0.252,0.14226404,-0.10973596167564392,22.16525,18.779566,-3.385684188842774,25.24622,21.420824,-3.8253959490966807,0.5394159,0.3715845,-0.16783139515724177
32991,0.14381300000000008,0.10681323,-0.036999770379543384,9.119610000000002,9.350874,0.23126394714355314,11.65634,9.379463,-2.276876804199219,0.22019530000000015,0.10560085,-0.11459445120601669
32992,0.12339200000000006,0.10681323,-0.01657877037954336,16.77862,11.54289,-5.235730404968262,10.938329999999999,9.184708,-1.7536223583984363,-0.02944000000000002,-0.006995437,0.022444562798887513
33273,0.11560000000000004,0.023296155,-0.09230384496450428,11.71255,11.456721,-0.25582869415283227,14.30408,11.891678,-2.4124021435546883,0.16170479999999998,0.112507805,-0.049196994771766644
33274,0.0068749999999999645,-0.0006788712,-0.00755387117620554,14.584729999999997,10.942276,-3.6424539990234344,12.00308,9.296408,-2.7066723004150397,0.004812700000000003,0.028839422,0.02402672238986492
33457,0.32095000000000007,0.013841672,-0.3071083281308413,25.99737,12.40728,-13.590090031738281,21.9771,12.475515,-9.501584634399414,0.4454893,0.16755228,-0.2779370225542068
33458,-0.03905000000000003,0.013841672,0.052891671869158774,9.58737,12.40728,2.819909968261719,10.517100000000001,12.475515,1.958415365600585,0.16748929999999995,0.16755228,6.297744579319975e-05
33459,0.15560000000000007,0.043458514,-0.11214148608446128,26.92255,14.812535,-12.110014714050294,23.18408,14.443793,-8.740286703186037,0.33570479999999997,0.13367763,-0.20202716838340756
33460,0.015600000000000058,0.043458514,0.02785851391553873,12.98255,14.812535,1.8299852859497072,13.114080000000001,14.443793,1.3297132968139636,0.12570480000000006,0.13367763,0.007972831616592346
33462,0.04682900000000001,0.02030334,-0.026525659371256838,11.92691,9.87971,-2.047199802551269,12.33834,9.710144,-2.6281959570312505,0.11857720000000005,0.09787479,-0.02070240956993108
33465,0.10321500000000006,0.01444483,-0.08877017010390764,24.668349999999997,9.488021,-15.180329103088376,12.907250000000001,6.4518366,-6.455413414001466,-0.2267359,-0.0037635602,0.22297233979430198
33466,-0.007784999999999931,0.01444483,0.022229829896092346,7.768349999999998,9.488021,1.719670896911623,-1.672749999999997,6.4518366,8.124586585998532,-0.29073589999999994,-0.0037635602,0.2869723397943019
33772,-0.087785,0.015974443,0.10375944340586662,6.228349999999999,8.807717,2.5793673233032237,0.8872500000000016,6.4266944,5.539444393157957,-0.08773589999999998,0.016863529,0.10459942863907812
33773,-0.1077849999999998,-0.051790696,0.055994304362535274,6.538349999999998,7.0808616,0.5425115684509301,1.7572500000000026,4.057683,2.3004329910278294,-0.04773589999999994,-0.007986963,0.039748937204742374
33774,0.1622150000000001,0.015974443,-0.1462405565941335,6.838349999999998,8.807717,1.9693673233032243,8.10725,6.4266944,-1.6805556068420415,0.10226410000000008,0.016863529,-0.08540057136092194
33775,0.1622150000000001,0.021586923,-0.1406280770713092,6.638349999999999,8.957712,2.319362173461915,8.50725,8.694929,0.18767912292480382,0.062264100000000044,0.067931294,0.0056671944412231
33776,0.08221500000000015,0.10918031,0.026965308878421634,7.738349999999997,7.9108796,0.1725296119689972,9.00725,9.864171,0.8569210281372062,0.18226410000000004,0.11897547,-0.06328863202009205
33777,0.042215000000000114,0.0057881605,-0.03642683951199066,8.138349999999999,7.3593216,-0.7790284057617178,10.50725,6.796961,-3.7102891693115243,0.20226410000000006,0.081277594,-0.12098650602970129
33778,0.042215000000000114,0.009444387,-0.03277061330169451,7.93835,7.347208,-0.5911419769287107,10.00725,6.96859,-3.038660217285157,0.18226410000000004,0.07526032,-0.10700378118429188
33782,0.05221500000000012,0.010255193,-0.041959806662202004,11.138349999999999,10.665717,-0.47263287506103424,13.50725,11.176063,-2.331187416076661,0.2822641000000001,0.1948467,-0.08741739539775856
33783,0.022215000000000096,0.008445889,-0.013769111242294407,12.638349999999999,10.876131,-1.7622189422607413,14.307250000000002,11.65033,-2.6569204101562516,0.2922641,0.2005922,-0.0916718950716019
33784,0.012215000000000087,-0.049207367,-0.06142236700296411,13.838349999999998,12.946719,-0.8916308303832992,15.00725,13.257151,-1.7500993499755868,0.2922641,0.23169932,-0.0605647823062897
33786,-0.07778499999999999,-0.049207367,0.028577632997035973,11.988349999999997,12.946719,0.9583691696167023,9.837250000000001,13.257151,3.419900650024413,0.03226410000000002,0.23169932,0.1994352176937103
33787,-0.1077849999999998,-0.049207367,0.05857763299703578,13.248349999999999,12.946719,-0.3016308303832993,15.92725,13.257151,-2.6700993499755867,0.38226410000000005,0.23169932,-0.15056478230628972
33808,0.17521500000000012,0.015974443,-0.1592405565941335,9.108349999999998,8.807717,-0.3006326766967753,10.667250000000001,6.4266944,-4.240555606842042,0.11226410000000009,0.016863529,-0.09540057136092195
33989,0.002215000000000078,0.01705526,0.01484026001751415,6.838349999999998,7.55818,0.7198298553466813,3.707250000000002,6.2274857,2.5202356567382793,-0.04773589999999994,0.039761495,0.08749739484515184
33990,0.002215000000000078,0.01705526,0.01484026001751415,6.238349999999997,7.55818,1.3198298553466827,3.4072500000000012,6.2274857,2.82023565673828,-0.03773589999999993,0.039761495,0.07749739484515183
33991,-0.02778499999999995,0.01705526,0.04484026001751418,6.238349999999997,7.55818,1.3198298553466827,2.5072500000000026,6.2274857,3.7202356567382786,-0.06773589999999996,0.039761495,0.10749739484515186
33992,-0.047784999999999966,0.01705526,0.0648402600175142,6.238349999999997,7.55818,1.3198298553466827,1.8072499999999998,6.2274857,4.4202356567382814,-0.07773589999999997,0.039761495,0.11749739484515187
33993,0.002215000000000078,0.01705526,0.01484026001751415,6.93835,7.55818,0.6198298553466799,3.9072500000000012,6.2274857,2.32023565673828,-0.03773589999999993,0.039761495,0.07749739484515183
33994,-0.007784999999999931,0.01705526,0.02484026001751416,6.038349999999998,7.55818,1.519829855346682,3.6072500000000005,6.2274857,2.6202356567382807,-0.017735899999999916,0.039761495,0.05749739484515182
33996,0.022215000000000096,0.01705526,-0.005159739982485867,6.93835,7.55818,0.6198298553466799,5.007250000000001,6.2274857,1.2202356567382804,-0.007735899999999907,0.039761495,0.04749739484515181
33998,0.032215000000000105,0.01705526,-0.015159739982485876,8.038349999999998,7.55818,-0.480170144653318,7.307250000000002,6.2274857,-1.0797643432617203,0.052264100000000036,0.039761495,-0.012502605154848134
33999,0.012215000000000087,0.008883732,-0.003331267628967849,8.398349999999997,9.514148,1.1157977584838896,5.257250000000001,7.3931503,2.135900329589843,-0.04173590000000005,0.028349085,0.07008498477962022
34293,-0.04323600000000005,0.029931722,0.07316772220885759,3.6519399999999997,7.7955246,4.143584597167969,4.172889999999999,9.447153,5.274263091430665,0.08703440000000007,0.13078511,0.043750707612609796
34335,-0.011486000000000107,-0.023628099,-0.012142098890185249,8.833110000000001,6.086194,-2.746915961608888,7.582830000000001,5.688128,-1.8947020054626478,0.045985799999999966,0.092535794,0.04654999378128055
34336,-0.10148600000000019,-0.023628099,0.07785790110981483,3.9931100000000015,6.086194,2.093084038391112,1.7828300000000006,5.688128,3.905297994537353,0.01898579999999994,0.092535794,0.07354999378128058
34337,-0.041486000000000134,-0.023628099,0.017857901109814778,1.9431100000000008,6.086194,4.1430840383911125,0.9828299999999999,5.688128,4.705297994537354,0.010985799999999935,0.092535794,0.08154999378128058
34338,-0.08148600000000017,-0.023628099,0.05785790110981481,4.313110000000002,6.086194,1.7730840383911115,1.382830000000002,5.688128,4.3052979945373515,-0.03201419999999999,0.092535794,0.12454999378128051
34339,-0.07148600000000016,-0.023628099,0.047857901109814804,3.913110000000003,6.086194,2.17308403839111,4.982830000000002,5.688128,0.7052979945373519,0.13898579999999994,0.092535794,-0.04645000621871942
34341,-0.05148600000000014,-0.023628099,0.027857901109814787,3.353110000000001,6.086194,2.7330840383911124,4.982830000000002,5.688128,0.7052979945373519,0.13898579999999994,0.092535794,-0.04645000621871942
34456,0.06221500000000013,0.015974443,-0.04624055659413351,7.34835,8.807717,1.4593673233032227,8.787250000000002,6.4266944,-2.360555606842043,0.1232641000000001,0.016863529,-0.10640057136092196
34794,-0.01833499999999999,0.03165157,0.04998657139301299,6.240340000000003,7.8327975,1.592457527313229,3.4712999999999994,6.4542875,2.9829875289917,-0.02867720000000007,0.017401105,0.04607830479295261
34797,0.0016650000000000276,0.03165157,0.029986571393012973,6.130340000000004,7.8327975,1.7024575273132285,4.491300000000001,6.4542875,1.9629875289916985,0.008322799999999964,0.017401105,0.009078304792952574
35040,0.1522150000000001,0.015974443,-0.13624055659413348,14.098349999999998,8.807717,-5.2906326766967755,12.407250000000001,6.4266944,-5.980555606842042,0.06426410000000005,0.016863529,-0.047400571360921906
35065,-0.06858900000000001,-0.03013097,0.03845803063952924,6.762549999999997,7.112268,0.34971797103882096,3.3993900000000004,4.721744,1.322354060516357,-0.018535100000000027,0.008208356,0.026743455866372612
35066,-0.06801500000000016,-0.067654,0.00036100126743332517,6.057960000000001,6.0594783,0.001518282928465453,4.529999999999999,3.9291136,-0.6008863735198968,0.05212749999999999,0.028982557,-0.02314494264364242
35067,-0.04858899999999999,-0.03013097,0.01845803063952922,5.742549999999998,7.112268,1.3697179710388205,2.6493900000000004,4.721744,2.072354060516357,-0.021535099999999918,0.008208356,0.029743455866372503
35068,-0.053015000000000034,-0.067654,-0.0146389987325668,5.657960000000003,6.0594783,0.40151828292846403,3.7699999999999996,3.9291136,0.15911362648010297,0.032127499999999976,0.028982557,-0.003144942643642401
35157,-0.030088000000000115,-0.010222413,0.01986558735418331,8.51249,10.369563,1.8570731027221683,6.87125,9.401703,2.530452880859375,0.027618799999999943,0.06499008,0.03737128089303976
35158,-0.00730199999999992,0.0030168812,0.010318881179064432,4.58023,7.378125,2.797895190734863,3.8485299999999985,5.59012,1.7415898387146012,0.045556199999999936,0.02496905,-0.020587149339270527
35159,-0.030088000000000115,-0.010222413,0.01986558735418331,9.152489999999997,10.369563,1.2170731027221713,8.24125,9.401703,1.1604528808593741,0.06761879999999998,0.06499008,-0.0026287191069602756
35160,-0.00730199999999992,0.0030168812,0.010318881179064432,5.000230000000002,7.378125,2.3778951907348613,4.3085299999999975,5.59012,1.281589838714602,0.055556199999999945,0.02496905,-0.030587149339270536
35170,0.16198999999999997,0.047084004,-0.11490599631309506,15.621590000000001,10.108303,-5.513286929931642,13.585080000000001,7.4885774,-6.096502634124757,0.0984836,0.029900096,-0.06858350364313126
35173,-0.01519399999999993,0.02635568,0.04154968007826798,6.253820000000001,7.376352,1.1225318333435048,3.0311700000000013,4.924761,1.893590818481444,-0.06198350000000008,0.0005283063,0.0625118062928357
35174,-0.008010000000000073,0.047084004,0.05509400368690498,9.621590000000001,10.108303,0.4867130700683582,4.785080000000001,7.4885774,2.7034973658752435,-0.09451639999999994,0.029900096,0.12441649635686869
35175,0.001068000000000069,0.02731376,0.026245759550452163,6.827349999999999,8.899219,2.0718685592651376,3.19792,6.015036,2.8171161061096193,-0.08850889999999989,-0.0266667,0.06184219916000355
35176,0.021989999999999954,0.047084004,0.025094003686904953,10.721590000000003,10.108303,-0.6132869299316432,6.48508,7.4885774,1.0034973658752442,-0.08351640000000005,0.029900096,0.11341649635686879
35179,0.021230000000000082,0.036586702,0.015356701869964517,12.234470000000002,9.488632,-2.7458377978515642,8.585130000000001,7.2812743,-1.303855681304933,-0.014131900000000086,0.015904596,0.030036496075415697
35180,0.15198999999999996,0.047084004,-0.10490599631309505,15.421590000000002,10.108303,-5.3132869299316425,11.98508,7.4885774,-4.496502634124756,-0.025516400000000106,0.029900096,0.05541649635686885
35191,-0.07578499999999999,0.026951812,0.10273681220769881,7.84835,8.575616,0.7272658828735352,4.757250000000001,6.225719,1.4684689750671378,0.013264100000000001,-0.0053569092,-0.01862100924152732
35192,-0.06378499999999998,0.026951812,0.0907368122076988,7.928349999999998,8.575616,0.6472658828735369,4.787250000000002,6.225719,1.4384689750671367,0.004264100000000104,-0.0053569092,-0.009621009241527423
35317,0.10342200000000001,0.013496013,-0.08992598664176465,11.505780000000001,9.7718115,-1.733968514709474,9.60573,7.910623,-1.6951069264221186,0.005074700000000099,0.041093264,0.036018563775110146
35343,-0.09761300000000017,0.032017764,0.12963076370406168,6.305680000000002,9.068706,2.763025558776853,1.905149999999999,7.354987,5.449837144470216,-0.06054400000000004,0.04333656,0.10388055908703808
35451,0.06456200000000001,-0.0027599125,-0.06732191251692177,7.5484100000000005,7.345928,-0.20248180786132863,8.9207,7.5754547,-1.3452452880859376,0.10024309999999992,0.08796497,-0.012278133106803812
35452,-0.08243800000000001,-0.0027599125,0.07967808748307825,7.38841,7.345928,-0.04248180786132849,5.790700000000001,7.5754547,1.7847547119140614,0.060243099999999994,0.08796497,0.027721866893196112
35453,0.3325340000000001,0.15989967,-0.17263433309459697,18.74615,16.28437,-2.461779577636719,16.288349999999998,14.143585,-2.1447647949218727,0.09081620000000001,0.09268244,0.0018662435591697557
35465,-0.04866900000000007,-0.046040993,0.0026280068161488312,10.021269999999998,9.530759,-0.4905111422729469,8.14544,7.6382947,-0.5071453031921394,0.06786820000000005,0.040495668,-0.027372532393407867
35469,-0.04866900000000007,-0.046040993,0.0026280068161488312,10.15127,9.530759,-0.6205111422729495,7.815440000000001,7.6382947,-0.17714530319213928,0.04786820000000003,0.040495668,-0.007372532393407849
35473,-0.04866900000000007,-0.046040993,0.0026280068161488312,10.161269999999998,9.530759,-0.6305111422729475,7.57544,7.6382947,0.06285469680786093,0.034868200000000016,0.040495668,0.0056274676065921625
35477,-0.04866900000000007,-0.046040993,0.0026280068161488312,10.271269999999998,9.530759,-0.7405111422729469,7.4854400000000005,7.6382947,0.1528546968078608,0.024868200000000007,0.040495668,0.01562746760659217
35516,0.18238699999999997,0.032017764,-0.15036923629593846,6.56568,9.068706,2.503025558776855,8.36515,7.354987,-1.010162855529785,0.051455999999999946,0.04333656,-0.008119440912961906
35517,-0.008193000000000117,0.030595794,0.03878879432010662,5.365660000000002,7.9792185,2.6135584829711895,5.657000000000002,7.291713,1.6347132377624494,0.08552360000000003,0.048444033,-0.03707956733093265
35664,-0.03761300000000012,0.034114137,0.07172713729190838,7.445680000000003,8.975919,1.5302387698364228,5.17515,7.2914867,2.1163367401123043,0.0014560000000000128,0.018443944,0.01698794393265246
35756,0.04238699999999995,0.032017764,-0.010369236295938444,11.505680000000002,9.068706,-2.436974441223146,14.305150000000001,7.354987,-6.950162855529786,0.32145599999999996,0.04333656,-0.2781194409129619
35758,-0.009633000000000003,-0.023012392,-0.013379392222881314,9.370070000000002,8.281971,-1.0880990222167988,6.40405,7.128318,0.7242678329467775,0.07408400000000004,0.08192739,0.007843388906478843
35849,0.002215000000000078,0.02192438,0.019709380213022154,7.25835,10.404791,3.1464408782958984,4.017250000000001,7.938788,3.921537937164306,-0.05273589999999995,0.027923396,0.08065929585721487
35858,0.18359000000000003,0.09217895,-0.09141105177640918,15.457450000000001,13.877175,-1.5802746688842788,15.389019999999999,11.154211,-4.234808955688475,0.13918299999999995,0.01640069,-0.12278231074082846
35860,0.053590000000000027,0.09217895,0.038588948223590824,11.557450000000003,13.877175,2.3197253311157198,8.77902,11.154211,2.3751910443115243,-0.010816999999999966,0.01640069,0.02721768925917145
35861,0.07359000000000004,0.09217895,0.018588948223590807,13.757450000000002,13.877175,0.11972533111572048,10.789019999999999,11.154211,0.3651910443115245,-0.0008170000000000677,0.01640069,0.017217689259171554
35862,0.11358999999999997,0.09217895,-0.021411051776409118,14.65745,13.877175,-0.7802746688842781,11.879019999999999,11.154211,-0.7248089556884754,0.009182999999999941,0.01640069,0.007217689259171545
35863,0.11358999999999997,0.09217895,-0.021411051776409118,15.057450000000003,13.877175,-1.1802746688842802,11.619019999999999,11.154211,-0.4648089556884756,-0.030816999999999983,0.01640069,0.04721768925917147
35905,-0.010262999999999911,0.03520636,0.04546935887980452,6.518529999999998,8.443094,1.9245642535400407,3.9046699999999994,5.926436,2.0217659474182135,-0.02040580000000003,0.03702102,0.05742681856470111
35984,-0.07778499999999999,0.0057881605,0.08357316048800945,6.1183499999999995,7.3593216,1.2409715942382817,2.12725,6.796961,4.6697108306884765,-0.05773589999999995,0.081277594,0.13901349397029872
36100,0.19340499999999994,0.09736164,-0.0960433608579635,7.68732,8.160605,0.47328543060302763,11.22722,9.862326,-1.36489433166504,0.16421990000000009,0.1277548,-0.036465107428932275
36300,0.041870000000000074,0.0699961,0.02812610364437096,8.20758,8.38761,0.18003043548583975,6.421039999999998,6.9631658,0.5421257600402853,0.00414060000000005,0.014662729,0.010522128644907425
36302,0.011870000000000047,0.0699961,0.058126103644370986,7.20758,8.38761,1.1800304354858397,3.621039999999997,6.9631658,3.342125760040286,-0.07585940000000002,0.014662729,0.0905221286449075
36303,0.0018700000000000383,0.0699961,0.068126103644371,7.20758,8.38761,1.1800304354858397,2.5210399999999993,6.9631658,4.442125760040284,-0.11585940000000006,0.014662729,0.13052212864490753
36304,0.06187000000000009,0.0699961,0.008126103644370941,7.107580000000002,8.38761,1.2800304354858376,5.321039999999998,6.9631658,1.642125760040285,-0.025859399999999977,0.014662729,0.04052212864490745
36305,0.011870000000000047,0.0699961,0.058126103644370986,7.007580000000001,8.38761,1.380030435485839,3.121039999999997,6.9631658,3.842125760040286,-0.09585940000000004,0.014662729,0.11052212864490751
36306,0.11187000000000002,0.0699961,-0.04187389635562899,11.00758,8.38761,-2.619969564514161,10.621039999999999,6.9631658,-3.6578742399597157,0.09414060000000002,0.014662729,-0.07947787135509254
36307,0.13187000000000004,0.0699961,-0.06187389635562901,8.807580000000002,8.38761,-0.4199695645141617,10.52104,6.9631658,-3.557874239959716,0.14414059999999995,0.014662729,-0.12947787135509248
36308,0.12187000000000003,0.0699961,-0.051873896355629,8.607580000000002,8.38761,-0.21996956451416239,10.52104,6.9631658,-3.557874239959716,0.15414059999999996,0.014662729,-0.1394778713550925
36309,0.10187000000000002,0.0699961,-0.03187389635562898,8.607580000000002,8.38761,-0.21996956451416239,8.321039999999998,6.9631658,-1.357874239959715,0.044140599999999974,0.014662729,-0.0294778713550925
36310,0.10187000000000002,0.0699961,-0.03187389635562898,8.40758,8.38761,-0.019969564514159543,5.821039999999998,6.9631658,1.142125760040285,-0.08585940000000003,0.014662729,0.1005221286449075
36311,0.0718700000000001,0.0699961,-0.0018738963556290678,8.307580000000002,8.38761,0.08003043548583832,7.521039999999999,6.9631658,-0.5578742399597161,0.034140599999999965,0.014662729,-0.01947787135509249
36386,0.226387,0.044177003,-0.18220999679517746,14.405680000000002,8.216136,-6.189544021301272,14.945150000000002,7.4725785,-7.472571474456789,0.21345599999999998,0.08225911,-0.13119688889360426
36387,0.2543869999999999,0.044177003,-0.21020999679517738,8.205680000000001,8.216136,0.010455978698729496,13.875150000000001,7.4725785,-6.4025714744567885,0.275456,0.08225911,-0.19319688889360426
36466,0.0914879999999999,-0.0058049336,-0.09729293360757818,9.141820000000003,8.753281,-0.3885393603515652,7.31644,5.461604,-1.854835881652832,-0.013692199999999932,-0.0070779896,0.006614210365873507
36564,0.12387999999999999,0.048388813,-0.07549118730902671,4.7515399999999985,6.717994,1.9664542131042495,7.372200000000001,7.1930842,-0.1791157600402844,0.10025010000000001,0.0859734,-0.01427670310268403
36565,-0.02778499999999995,0.015974443,0.04375944340586657,11.388349999999999,8.807717,-2.5806326766967764,7.587250000000001,6.4266944,-1.160555606842042,-0.007735899999999907,0.016863529,0.024599428639078047
36566,-0.01778499999999994,0.015974443,0.03375944340586656,11.518349999999998,8.807717,-2.7106326766967754,7.987250000000001,6.4266944,-1.5605556068420423,0.002264100000000102,0.016863529,0.014599428639078038
36567,-0.02778499999999995,0.015974443,0.04375944340586657,11.568349999999999,8.807717,-2.760632676696776,8.26725,6.4266944,-1.8405556068420417,0.02226410000000001,0.016863529,-0.005400571360921869
36568,0.012215000000000087,0.015974443,0.003759443405866536,10.86835,8.807717,-2.060632676696777,7.887250000000002,6.4266944,-1.4605556068420427,0.002264100000000102,0.016863529,0.014599428639078038
36625,0.5223869999999999,0.028920678,-0.49346632157814496,18.50568,9.8767805,-8.628899490051271,19.40515,7.6957297,-11.709420267486571,0.48945600000000006,0.045047544,-0.44440845605707174
36626,-0.03761300000000012,0.028920678,0.06653367842185509,8.605680000000003,9.8767805,1.2711005099487274,6.405150000000001,7.6957297,1.290579732513427,0.038455999999999935,0.045047544,0.0065915439429283795
36638,0.12253400000000003,0.11774939,-0.004784607013702424,8.546149999999997,7.829667,-0.7164829086303683,9.088349999999998,9.000132,-0.08821839294433431,0.06081619999999999,0.08153622,0.0207200185239792
36753,-0.04799700000000007,-0.036869064,0.011127936026573249,10.812470000000005,9.221108,-1.591361563415532,6.864879999999999,4.8650336,-1.999846373443603,-0.00011470000000002312,-0.031876158,-0.03176145796923635
36754,-0.04999700000000007,-0.036869064,0.01312793602657325,10.602470000000004,9.221108,-1.3813615634155312,5.744879999999998,4.8650336,-0.879846373443602,-0.04211469999999995,-0.031876158,0.010238542030763575
36755,-0.07199700000000009,-0.036869064,0.03512793602657327,8.092470000000002,9.221108,1.1286384365844704,2.3648799999999994,4.8650336,2.500153626556397,-0.08211469999999987,-0.031876158,0.0502385420307635
36756,-0.06099699999999997,-0.036869064,0.02412793602657315,8.752470000000002,9.221108,0.46863843658447024,3.6548799999999986,4.8650336,1.210153626556398,-0.061114699999999966,-0.031876158,0.029238542030763592
36757,-0.058996999999999966,-0.036869064,0.022127936026573147,9.432470000000002,9.221108,-0.21136156341552947,3.964880000000001,4.8650336,0.9001536265563956,-0.07211469999999987,-0.031876158,0.04023854203076349
37054,-0.059414999999999996,-0.025189994,0.03422500609695911,5.895590000000002,6.4634995,0.5679095460510233,5.151009999999999,6.049677,0.8986668951416021,0.05871729999999997,0.06342498,0.004707682130527524
37055,-0.059414999999999996,-0.025189994,0.03422500609695911,6.345590000000001,6.4634995,0.117909546051024,5.961010000000002,6.049677,0.08866689514159987,0.07871729999999999,0.06342498,-0.015292317869472494
37056,-0.04941499999999999,-0.025189994,0.0242250060969591,6.575590000000002,6.4634995,-0.11209045394897643,5.841010000000001,6.049677,0.20866689514160086,0.05871729999999997,0.06342498,0.004707682130527524
37058,-0.01941499999999996,-0.025189994,-0.005774993903040926,6.67559,6.4634995,-0.2120904539489743,6.38101,6.049677,-0.3313331048583983,0.05871729999999997,0.06342498,0.004707682130527524
37060,0.020585000000000075,-0.025189994,-0.04577499390304096,5.575590000000002,6.4634995,0.8879095460510236,6.401009999999999,6.049677,-0.35133310485839786,0.06871729999999998,0.06342498,-0.005292317869472485
37061,0.10058500000000004,-0.025189994,-0.12577499390304092,6.735590000000002,6.4634995,-0.2720904539489766,8.07101,6.049677,-2.021333104858398,0.04871729999999996,0.06342498,0.014707682130527533
37062,-0.03941499999999998,-0.025189994,0.014225006096959092,5.97559,6.4634995,0.487909546051025,5.761009999999999,6.049677,0.2886668951416027,0.06871729999999998,0.06342498,-0.005292317869472485
37063,-0.02941499999999997,-0.025189994,0.004225006096959083,6.49559,6.4634995,-0.032090453948974584,6.97101,6.049677,-0.9213331048583981,0.09871730000000001,0.06342498,-0.03529231786947251
37064,-0.03941499999999998,-0.025189994,0.014225006096959092,6.90559,6.4634995,-0.4420904539489747,6.27101,6.049677,-0.22133310485839885,0.05871729999999997,0.06342498,0.004707682130527524
37065,-0.009414999999999951,-0.025189994,-0.015774993903040935,5.665590000000002,6.4634995,0.7979095460510237,5.321010000000001,6.049677,0.7286668951416004,0.038717299999999955,0.06342498,0.024707682130527542
37066,-0.02941499999999997,-0.025189994,0.004225006096959083,6.805590000000002,6.4634995,-0.34209045394897686,6.331009999999999,6.049677,-0.2813331048583976,0.05871729999999997,0.06342498,0.004707682130527524
37067,0.0005850000000000577,-0.025189994,-0.025774993903040944,6.795590000000001,6.4634995,-0.3320904539489753,7.62101,6.049677,-1.5713331048583985,0.09871730000000001,0.06342498,-0.03529231786947251
37068,0.010585000000000067,-0.025189994,-0.03577499390304095,6.1255900000000025,6.4634995,0.33790954605102286,6.431010000000001,6.049677,-0.381333104858399,0.05871729999999997,0.06342498,0.004707682130527524
37069,-0.01941499999999996,-0.025189994,-0.005774993903040926,6.67559,6.4634995,-0.2120904539489743,6.81101,6.049677,-0.761333104858398,0.07871729999999999,0.06342498,-0.015292317869472494
37070,0.0005850000000000577,-0.025189994,-0.025774993903040944,6.205590000000001,6.4634995,0.25790954605102456,5.901009999999999,6.049677,0.14866689514160214,0.038717299999999955,0.06342498,0.024707682130527542
37071,-0.02941499999999997,-0.025189994,0.004225006096959083,6.165590000000002,6.4634995,0.2979095460510237,5.61101,6.049677,0.4386668951416013,0.04871729999999996,0.06342498,0.014707682130527533
37072,0.0005850000000000577,-0.025189994,-0.025774993903040944,6.3755900000000025,6.4634995,0.08790954605102286,6.46101,6.049677,-0.41133310485839836,0.05871729999999997,0.06342498,0.004707682130527524
37073,-0.04941499999999999,-0.025189994,0.0242250060969591,6.72559,6.4634995,-0.262090453948975,6.61101,6.049677,-0.5613331048583987,0.0887173,0.06342498,-0.025292317869472503
37075,0.010585000000000067,-0.025189994,-0.03577499390304095,6.345590000000001,6.4634995,0.117909546051024,6.171009999999999,6.049677,-0.12133310485839743,0.038717299999999955,0.06342498,0.024707682130527542
37077,-0.02941499999999997,-0.025189994,0.004225006096959083,6.42559,6.4634995,0.0379095460510257,6.47101,6.049677,-0.42133310485839814,0.07871729999999999,0.06342498,-0.015292317869472494
37078,0.010585000000000067,-0.025189994,-0.03577499390304095,6.035590000000003,6.4634995,0.4279095460510227,6.151009999999999,6.049677,-0.10133310485839786,0.04871729999999996,0.06342498,0.014707682130527533
37079,-0.08941500000000002,-0.025189994,0.06422500609695914,6.345590000000001,6.4634995,0.117909546051024,4.11101,6.049677,1.9386668951416013,0.018717299999999937,0.06342498,0.04470768213052756
37080,-0.069415,-0.025189994,0.04422500609695912,5.575590000000002,6.4634995,0.8879095460510236,4.741009999999999,6.049677,1.3086668951416023,0.05871729999999997,0.06342498,0.004707682130527524
37081,-0.04941499999999999,-0.025189994,0.0242250060969591,6.6355900000000005,6.4634995,-0.17209045394897515,5.671009999999999,6.049677,0.37866689514160257,0.04871729999999996,0.06342498,0.014707682130527533
37082,-0.059414999999999996,-0.025189994,0.03422500609695911,5.67559,6.4634995,0.7879095460510257,4.97101,6.049677,1.0786668951416019,0.05871729999999997,0.06342498,0.004707682130527524
37083,-0.03941499999999998,-0.025189994,0.014225006096959092,6.49559,6.4634995,-0.032090453948974584,5.491009999999999,6.049677,0.5586668951416023,0.038717299999999955,0.06342498,0.024707682130527542
37084,-0.01941499999999996,-0.025189994,-0.005774993903040926,5.575590000000002,6.4634995,0.8879095460510236,5.761009999999999,6.049677,0.2886668951416027,0.06871729999999998,0.06342498,-0.005292317869472485
37085,-0.04941499999999999,-0.025189994,0.0242250060969591,5.6355900000000005,6.4634995,0.8279095460510248,4.871009999999998,6.049677,1.1786668951416033,0.04871729999999996,0.06342498,0.014707682130527533
37087,-0.02941499999999997,-0.025189994,0.004225006096959083,6.395590000000002,6.4634995,0.06790954605102328,5.36101,6.049677,0.6886668951416013,0.028717299999999946,0.06342498,0.03470768213052755
37088,-0.069415,-0.025189994,0.04422500609695912,5.825590000000002,6.4634995,0.6379095460510236,4.461010000000002,6.049677,1.5886668951415999,0.038717299999999955,0.06342498,0.024707682130527542
37089,-0.009414999999999951,-0.025189994,-0.015774993903040935,5.5055900000000015,6.4634995,0.9579095460510239,5.641010000000001,6.049677,0.40866689514160015,0.05871729999999997,0.06342498,0.004707682130527524
37090,-0.059414999999999996,-0.025189994,0.03422500609695911,6.24559,6.4634995,0.21790954605102542,4.97101,6.049677,1.0786668951416019,0.038717299999999955,0.06342498,0.024707682130527542
37091,0.0005850000000000577,-0.025189994,-0.025774993903040944,5.6255900000000025,6.4634995,0.8379095460510229,6.11101,6.049677,-0.06133310485839871,0.06871729999999998,0.06342498,-0.005292317869472485
37092,-0.02941499999999997,-0.025189994,0.004225006096959083,5.845590000000001,6.4634995,0.617909546051024,4.901009999999999,6.049677,1.1486668951416021,0.028717299999999946,0.06342498,0.03470768213052755
37093,-0.07941500000000001,-0.025189994,0.05422500609695913,5.715590000000002,6.4634995,0.747909546051023,4.931010000000001,6.049677,1.118666895141601,0.06871729999999998,0.06342498,-0.005292317869472485
37096,-0.069415,-0.025189994,0.04422500609695912,5.765590000000003,6.4634995,0.6979095460510223,4.88101,6.049677,1.1686668951416017,0.05871729999999997,0.06342498,0.004707682130527524
37097,-0.02941499999999997,-0.025189994,0.004225006096959083,5.855590000000003,6.4634995,0.6079095460510224,5.13101,6.049677,0.9186668951416017,0.038717299999999955,0.06342498,0.024707682130527542
37100,-0.059414999999999996,-0.025189994,0.03422500609695911,5.765590000000003,6.4634995,0.6979095460510223,5.04101,6.049677,1.0086668951416016,0.05871729999999997,0.06342498,0.004707682130527524
37102,-0.07941500000000001,-0.025189994,0.05422500609695913,5.665590000000002,6.4634995,0.7979095460510237,4.81101,6.049677,1.238666895141602,0.06871729999999998,0.06342498,-0.005292317869472485
37214,-0.001742999999999828,-0.005659668,-0.0039166677750350765,16.061200000000003,14.595185,-1.4660147201538116,14.73947,13.971409,-0.7680611560058601,0.2246475,0.20870833,-0.015939169011116028
37328,-0.02761300000000011,0.028920678,0.05653367842185508,7.425680000000003,9.8767805,2.451100509948727,5.37515,7.6957297,2.320579732513428,0.024455999999999922,0.045047544,0.020591543942928392
37408,-0.03474299999999997,0.009842661,0.04458566120940444,3.5769599999999997,5.282825,1.7058649931335452,0.7340900000000019,3.2603478,2.526257843170164,-0.024622699999999997,0.026226941,0.0508496414961338
37600,0.4155380000000001,0.36529553,-0.05024247063446052,16.160790000000002,14.845883,-1.3149066305542014,18.21133,17.72059,-0.4907394085693362,0.4152191,0.38741332,-0.02780577707443238
37601,0.355538,0.36529553,0.00975752936553953,15.06079,14.845883,-0.2149066305542,17.611330000000002,17.72059,0.10926059143066169,0.3952191,0.38741332,-0.007805777074432363
37726,0.12238699999999991,0.058465738,-0.06392126215052596,12.805680000000002,9.0649805,-3.7406994931030297,10.90515,7.2939816,-3.6111684478759773,0.03145599999999993,0.010252736,-0.02120326442247622
37727,0.1023869999999999,0.058465738,-0.04392126215052594,9.40568,9.0649805,-0.3406994931030276,8.52515,7.2939816,-1.2311684478759766,0.03145599999999993,0.010252736,-0.02120326442247622
37789,0.06000899999999998,0.051392045,-0.008616955127954462,14.831130000000002,14.473893,-0.3572368344116228,13.666080000000001,13.415881,-0.2501988430786142,0.0684248999999999,0.112618506,0.04419360595474253
37790,0.09558299999999997,0.08559391,-0.009989090974807713,18.63033,12.347278,-6.283052358703614,17.14777,10.854632,-6.29313762237549,0.1667229,0.058285575,-0.10843732463994027
37890,-0.10817800000000011,-0.101197876,0.006980123963832963,4.8942400000000035,5.698736,0.804496190795895,3.090160000000001,3.9537077,0.8635476950073233,0.04883590000000004,0.050580654,0.0017447542932986781
37898,-0.08817800000000009,-0.101197876,-0.013019876036167055,5.374240000000004,5.698736,0.32449619079589453,4.100159999999999,3.9537077,-0.1464523049926747,0.05883590000000005,0.050580654,-0.00825524570670133
37973,0.1333209999999999,0.10975211,-0.023568888863086612,1.439070000000001,4.980602,3.5415317875671377,4.57621,7.7511735,3.1749634962463382,0.05661309999999997,0.116115704,0.05950260417881015
38487,-0.04363600000000001,-0.036199216,0.0074367842004299245,8.26624,10.014771,1.7485314614868166,7.2173099999999994,9.640737,2.42342657989502,0.06105130000000003,0.12026422,0.059212917257499664
38488,-0.02363599999999999,-0.036199216,-0.012563215799570093,9.566239999999997,10.014771,0.44853146148681944,9.317309999999999,9.640737,0.32342657989502044,0.10405130000000007,0.12026422,0.016212917257499626
38489,0.006364000000000036,-0.036199216,-0.04256321579957012,12.066239999999997,10.014771,-2.0514685385131806,14.017309999999998,9.640737,-4.376573420104979,0.2590513000000001,0.12026422,-0.1387870827425004
38778,0.030312000000000117,-0.008370408,-0.038682407857000944,12.867569999999999,8.766756,-4.100813942260741,14.250419999999998,10.3653,-3.8851198214721663,0.24931179999999997,0.12942903,-0.11988277256183621
38780,0.05867700000000009,0.02700908,-0.03166792076718816,10.88559,9.56761,-1.3179802130126959,11.42638,7.8400903,-3.586289725189209,0.16388749999999996,0.046337906,-0.11754959372878071
38782,0.0014369999999999106,0.045515366,0.04407836589860925,7.298460000000002,8.69369,1.3952302999877908,8.812490000000002,9.494714,0.682223783264158,0.14453720000000003,0.13931797,-0.005219225551795992
38810,0.07156600000000013,0.082383014,0.010817014261722435,7.39648,7.8768396,0.48035963775634727,9.906,9.841706,-0.06429372406005918,0.1392371,0.13582963,-0.0034074724861145045
38812,0.07556600000000013,0.082383014,0.006817014261722432,7.606480000000001,7.8768396,0.2703596377563464,9.386000000000001,9.841706,0.4557062759399404,0.11323710000000009,0.13582963,0.022592527513885408
38826,0.150764,0.07550813,-0.07525586742305757,9.409720000000002,6.851401,-2.5583191477966327,11.58361,7.1251535,-4.458456458435059,0.2693011,0.15038034,-0.11892075680122377
38827,0.07876399999999995,0.07550813,-0.0032558674230575013,6.169720000000002,6.851401,0.6816808522033675,7.94361,7.1251535,-0.8184564584350582,0.15530109999999997,0.15038034,-0.004920756801223725
38828,0.155764,0.07550813,-0.08025586742305757,10.349720000000001,6.851401,-3.4983191477966322,10.92361,7.1251535,-3.7984564584350586,0.1773011000000001,0.15038034,-0.026920756801223855
38829,0.155764,0.07550813,-0.08025586742305757,10.549720000000002,6.851401,-3.6983191477966333,11.08361,7.1251535,-3.9584564584350588,0.1883011,0.15038034,-0.037920756801223754
38831,0.3477640000000001,0.07550813,-0.27225586742305763,17.16972,6.851401,-10.318319147796633,15.81361,7.1251535,-8.68845645843506,0.4363011000000001,0.15038034,-0.28592075680122386
38832,0.127764,0.07550813,-0.052255867423057545,4.56972,6.851401,2.281680852203369,6.69361,7.1251535,0.4315435415649418,0.10030110000000003,0.15038034,0.05007924319877621
38833,-0.06923600000000008,0.07550813,0.14474413257694252,1.989720000000002,6.851401,4.861680852203367,1.7036100000000012,7.1251535,5.42154354156494,0.057301099999999994,0.15038034,0.09307924319877625
38834,-0.059236000000000066,0.07550813,0.1347441325769425,4.3797200000000025,6.851401,2.4716808522033666,3.93361,7.1251535,3.1915435415649416,0.07730110000000001,0.15038034,0.07307924319877623
38836,-0.06923600000000008,0.07550813,0.14474413257694252,1.74972,6.851401,5.101680852203369,-0.04638999999999882,7.1251535,7.17154354156494,-0.009698899999999955,0.15038034,0.1600792431987762
39141,0.0014879999999999338,-0.011200164,-0.01268816444474452,6.141820000000003,8.092033,1.950213386230466,3.2164399999999986,5.064557,1.8481170755004896,-0.05369219999999997,0.007033613,0.06072581304476854
39161,0.16622499999999996,0.118177846,-0.04804715392589565,19.096040000000002,15.477757,-3.618282546081545,19.52153,16.367325,-3.154205170898436,0.19850879999999993,0.1505873,-0.047921494573402335
39163,0.15622499999999995,0.118177846,-0.03804715392589564,14.906040000000004,15.477757,0.5717174539184526,16.921529999999997,16.367325,-0.5542051708984346,0.17450880000000002,0.1505873,-0.023921494573402424
39222,0.05221500000000012,0.01705526,-0.035159739982485894,7.708349999999999,7.55818,-0.15017014465331968,12.547250000000002,6.2274857,-6.3197643432617205,0.31226410000000004,0.039761495,-0.27250260515484814
39223,0.042215000000000114,0.01705526,-0.025159739982485885,7.418349999999997,7.55818,0.13982985534668302,11.797250000000002,6.2274857,-5.5697643432617205,0.2822641000000001,0.039761495,-0.24250260515484817
39350,-0.09102100000000002,0.021583213,0.11260421253955366,7.105720000000005,10.668991,3.5632710888671824,2.0325399999999973,6.7820506,4.749510609588626,-0.06192249999999999,0.02760909,0.08953158938944339
39392,0.04981499999999994,0.054733545,0.004918544588089047,5.8782299999999985,5.119016,-0.7592138294982895,7.045549999999999,6.087006,-0.9585439079284654,0.11202750000000006,0.06944477,-0.04258273186922079
39393,0.08981499999999987,0.054733545,-0.03508145541191088,5.3782299999999985,5.119016,-0.2592138294982895,6.525549999999999,6.087006,-0.43854390792846587,0.07202750000000002,0.06944477,-0.0025827318692207557
39433,-0.0608820000000001,0.05403368,0.11491568175029765,5.511850000000003,8.017163,2.5053132766723607,3.8847200000000015,6.7798243,2.895104256896971,-0.0019947999999999633,0.0431619,0.04515669885139462
39700,0.06253400000000009,0.06795386,0.005419862249851137,11.146149999999999,10.772981,-0.37316930999755726,8.488349999999999,8.635097,0.14674654998779424,0.0008162000000000447,0.020562427,0.019746227118420556
39701,0.05253400000000008,0.06795386,0.015419862249851146,10.44615,10.772981,0.326830690002442,8.388349999999999,8.635097,0.24674654998779388,0.06081619999999999,0.020562427,-0.040253772881579386
39703,0.11253400000000002,0.06795386,-0.044580137750148796,11.346149999999998,10.772981,-0.5731693099975566,9.088349999999998,8.635097,-0.4532534500122054,0.010816199999999943,0.020562427,0.009746227118420658
39887,-0.103707,-0.06701729,0.03668971298408508,1.330490000000001,2.3348715,1.0043815305328359,-1.2855799999999995,0.39376166,1.679341664628982,-0.01874140000000002,0.007715176,0.026456575859630127
39888,-0.060707000000000066,-0.06701729,-0.0063102870159148505,2.4504899999999985,2.3348715,-0.11561846946716159,1.4044199999999982,0.39376166,-1.0106583353710157,0.02425860000000002,0.007715176,-0.01654342414036991
39889,-0.06570699999999996,-0.06701729,-0.0013102870159149571,1.590489999999999,2.3348715,0.7443815305328378,0.01442000000000121,0.39376166,0.37934166462898133,-0.001741400000000115,0.007715176,0.009456575859630223
40018,0.05502600000000002,-0.025071857,-0.08009785749709608,7.61889,6.5927835,-1.0261065489196781,7.265000000000001,5.391343,-1.8736568832397467,0.02747069999999996,0.054975174,0.027504474367427867
40019,0.04502600000000001,-0.025071857,-0.07009785749709607,6.218889999999998,6.5927835,0.373893451080324,4.665000000000001,5.391343,0.726343116760253,-0.0525293,0.054975174,0.10750447436742783
40040,0.02189899999999989,0.03243802,0.010539021153211703,8.78529,9.268805,0.4835145501708986,9.517610000000001,10.672946,1.155335976257323,0.09322010000000003,0.11574349,0.02252338807334897
40497,-0.018213000000000035,-0.023637423,-0.005424423291802372,11.620159999999998,10.119841,-1.5003193780517563,7.35717,4.9850435,-2.372126474304199,-0.024511999999999978,-0.03389011,-0.009378109509229682
41204,-0.031049000000000104,0.056321852,0.08737085190916072,9.805870000000002,12.621162,2.815292414550779,6.354890000000001,10.048391,3.693501342163085,-0.015150600000000125,0.05801005,0.07316064916429532
41237,-0.009613000000000094,0.044177003,0.053790003204822634,10.505680000000002,8.216136,-2.289544021301271,7.565150000000001,7.4725785,-0.09257147445678804,0.014455999999999913,0.08225911,0.06780311110639581
41238,0.004386999999999919,0.0076102223,0.003223222324729047,11.49568,11.394705,-0.10097518127441418,8.65515,10.573769,1.9186186157226555,0.027455999999999925,0.119966306,0.09251030579233177
41251,0.07950899999999994,0.07310371,-0.006405288990974367,9.851770000000002,9.492321,-0.35944898559570504,9.865739999999999,8.571398,-1.2943422186279285,0.10065210000000002,0.07400383,-0.026648269447898887
41279,0.025386999999999937,0.028920678,0.0035336784218550354,13.905680000000002,9.8767805,-4.028899490051272,9.385150000000001,7.6957297,-1.6894202674865735,-0.04754400000000014,0.045047544,0.09259154394292846
41325,-0.047784999999999966,0.01705526,0.0648402600175142,7.488349999999997,7.55818,0.06982985534668273,2.497250000000001,6.2274857,3.73023565673828,-0.08773589999999998,0.039761495,0.12749739484515188
41326,0.15738699999999994,0.032017764,-0.12536923629593844,10.705680000000001,9.068706,-1.6369744412231455,11.50515,7.354987,-4.150162855529786,0.12145600000000001,0.04333656,-0.07811944091296197
41327,0.28238699999999994,0.032017764,-0.25036923629593844,14.805680000000002,9.068706,-5.736974441223147,14.70515,7.354987,-7.350162855529785,0.14145599999999992,0.04333656,-0.09811944091296187
41328,0.30238699999999996,0.032017764,-0.27036923629593845,17.405680000000004,9.068706,-8.336974441223148,17.90515,7.354987,-10.550162855529784,0.38145599999999996,0.04333656,-0.3381194409129619
41350,-0.02761300000000011,0.058465738,0.08607873784947406,7.505680000000002,9.0649805,1.559300506896971,7.805150000000001,7.2939816,-0.5111684478759777,0.1314559999999999,0.010252736,-0.1212032644224762
41367,0.30238699999999996,0.032017764,-0.27036923629593845,11.925680000000003,9.068706,-2.856974441223148,12.44515,7.354987,-5.090162855529785,0.03145599999999993,0.04333656,0.011880559087038112
41538,0.05852900000000005,0.06540527,0.006876271947383827,3.2787599999999983,4.039049,0.760289148559572,12.536719999999999,9.180033,-3.35668726989746,0.46920370000000006,0.28386453,-0.18533917205924993
41539,0.06852900000000006,0.06540527,-0.0031237280526161815,5.278759999999998,4.039049,-1.239710851440428,13.92672,9.180033,-4.7466872698974605,0.5092037,0.28386453,-0.22533917205924991
41540,0.05852900000000005,0.06540527,0.006876271947383827,3.988759999999999,4.039049,0.05028914855957112,5.866719999999999,9.180033,3.31331273010254,0.0992037,0.28386453,0.18466082794075012
41541,0.08852899999999997,0.06540527,-0.023123728052616088,4.278759999999998,4.039049,-0.23971085144042803,6.566719999999998,9.180033,2.6133127301025407,0.0992037,0.28386453,0.18466082794075012
41678,0.3702383,0.18744108,-0.1827972191913605,18.62678,11.263516,-7.363263573913574,15.89093,9.320739,-6.570191207580567,0.46802509999999997,0.3171108,-0.15091429329643247
41746,-0.038112000000000146,-0.04066714,-0.002555138993739936,7.97804,6.0457335,-1.9323065481567383,6.362019999999999,5.525297,-0.8367228350830072,0.06489519999999993,0.048534956,-0.016360244170617988
41747,-0.038112000000000146,-0.04066714,-0.002555138993739936,5.97804,6.0457335,0.0676934518432617,6.26202,5.525297,-0.7367228350830075,0.034895199999999904,0.048534956,0.013639755829382039
41748,-0.048112000000000155,-0.04066714,0.007444861006260073,4.97804,6.0457335,1.0676934518432617,3.3620199999999993,5.525297,2.163277164916993,0.024895200000000006,0.048534956,0.023639755829381937
41749,-0.048112000000000155,-0.04066714,0.007444861006260073,4.378040000000002,6.0457335,1.6676934518432596,4.362019999999999,5.525297,1.1632771649169928,0.014895199999999997,0.048534956,0.033639755829381945
41823,0.058694000000000135,0.1154919,0.05679789686775194,19.70765,17.10858,-2.599070364379884,18.1997,16.815937,-1.3837629577636719,0.1525301,0.12997352,-0.02255658413181305
41876,0.06793399999999994,0.058733173,-0.009200827285289703,4.06833,6.922517,2.854186822814942,4.240360000000001,5.6684847,1.428124687805175,0.02952010000000005,0.010016561,-0.019503539445495655
41908,0.009717700000000051,-0.014297574,-0.02401527382720714,8.805240000000001,7.223532,-1.5817078001403821,8.571629999999999,7.1366057,-1.4350242604064931,0.09719449999999996,0.09075305,-0.00644145134162899
42007,-0.08114550000000009,-0.07143226,0.009713237340927217,6.02018,5.678431,-0.3417489659118651,3.5999199999999973,3.5640278,-0.03589221374511453,-0.01939920000000006,0.014217254,0.03361645377440459
42008,-0.10114550000000011,-0.07143226,0.029713237340927234,4.120180000000001,5.678431,1.5582510340881335,0.9499199999999988,3.5640278,2.614107786254884,-0.01939920000000006,0.014217254,0.03361645377440459
42009,-0.0911455000000001,-0.07143226,0.019713237340927225,4.620180000000001,5.678431,1.0582510340881335,2.4499199999999988,3.5640278,1.114107786254884,0.030600799999999984,0.014217254,-0.016383546225595458
42123,0.028456000000000037,0.07125059,0.04279458770179745,0.716190000000001,3.277641,2.5614510579681387,2.4027600000000007,6.314251,3.911490946044921,0.0694509000000001,0.12412496,0.05467405911121359
42173,0.06238699999999997,0.082083575,0.019696575427532226,26.56568,12.722236,-13.843444320373536,19.40515,11.696307,-7.708842817687987,0.24145599999999995,0.13499467,-0.10646132925128932
42174,0.1023869999999999,0.082083575,-0.0203034245724677,10.38568,12.722236,2.336555679626464,11.40515,11.696307,0.29115718231201093,0.16145599999999993,0.13499467,-0.0264613292512893
42175,0.19238699999999997,0.082083575,-0.11030342457246778,16.77568,12.722236,-4.053444320373536,15.305150000000001,11.696307,-3.6088428176879894,0.18145599999999995,0.13499467,-0.04646132925128932
