Ref_ID,delta_Voc_true,delta_Voc_pred,delta_Voc_error,delta_Jsc_true,delta_Jsc_pred,delta_Jsc_error,delta_PCE_true,delta_PCE_pred,delta_PCE_error,delta_FF_true,delta_FF_pred,delta_FF_error
20,0.10898999999999992,0.056968596,-0.05202140416741363,12.851590000000002,9.650413,-3.2011774404907243,10.28508,7.1089263,-3.17615370376587,-0.006516399999999978,-0.0062653655,0.00025103448137042683
22,-0.041154000000000135,-0.05936308,-0.018209078325986727,13.580079999999999,12.158239,-1.4218406353759754,12.088349999999998,10.063118,-2.025232019042967,0.10617929999999998,0.07216891,-0.034010390986728645
23,-0.07115400000000016,-0.05936308,0.0117909216740133,11.580079999999999,12.158239,0.5781593646240246,9.18835,10.063118,0.8747679809570315,0.059179300000000046,0.07216891,0.012989609013271286
24,-0.08115400000000017,-0.05936308,0.021790921674013308,11.250079999999997,12.158239,0.9081593646240265,8.18835,10.063118,1.8747679809570315,0.03317930000000002,0.07216891,0.03898960901327131
25,-0.051154000000000144,-0.05936308,-0.008209078325986718,11.70008,12.158239,0.4581593646240236,10.388349999999999,10.063118,-0.32523201904296783,0.09517929999999997,0.07216891,-0.023010390986728635
26,-0.041154000000000135,-0.05936308,-0.018209078325986727,13.580079999999999,12.158239,-1.4218406353759754,12.088349999999998,10.063118,-2.025232019042967,0.10617929999999998,0.07216891,-0.034010390986728645
27,-0.08115400000000017,-0.05936308,0.021790921674013308,11.250079999999997,12.158239,0.9081593646240265,8.18835,10.063118,1.8747679809570315,0.03317930000000002,0.07216891,0.03898960901327131
72,-0.09866200000000003,-0.050538838,0.04812316209030154,5.228439999999999,7.6964602,2.468020247039796,2.2971799999999973,4.8417478,2.5445677607727077,-0.004401800000000011,0.025334882,0.029736681618618976
89,0.021665000000000045,0.0038602417,-0.017804758266508625,8.310340000000004,7.974003,-0.336337161865238,7.1113,6.917357,-0.19394303207397456,0.045322799999999996,0.061614554,0.016291754375410084
90,-0.07833500000000004,0.0038602417,0.08219524173349146,5.310340000000004,7.974003,2.663662838134762,2.9113000000000007,6.917357,4.006056967926025,0.01532279999999997,0.061614554,0.04629175437541011
91,-0.07833500000000004,0.0038602417,0.08219524173349146,6.310340000000004,7.974003,1.663662838134762,5.1113,6.917357,1.8060569679260254,0.07532280000000002,0.061614554,-0.013708245624589943
169,-0.028512000000000093,-0.016714465,0.011797535126924608,6.381820000000001,7.8196692,1.4378492466735828,2.5964399999999976,4.82604,2.22959979110718,-0.06569219999999998,0.006693949,0.07238614899159668
170,-0.008512000000000075,-0.016714465,-0.00820246487307541,7.301820000000003,7.8196692,0.5178492466735811,4.096439999999999,4.82604,0.7295997911071783,-0.04369219999999996,0.006693949,0.05038614899159666
171,0.04148799999999997,-0.016714465,-0.058202464873075455,7.151820000000004,7.8196692,0.6678492466735797,5.9264399999999995,4.82604,-1.1004002088928218,0.018307800000000096,0.006693949,-0.011613851008403397
267,-0.11485750000000006,-0.09370152,0.02115598092794424,5.84205,6.005461,0.16341121597289998,2.4481800000000007,3.8624237,1.414243658370971,0.0021046999999999594,0.034963496,0.032858796029377024
297,0.012386999999999926,0.029290143,0.016903143400430753,8.535680000000003,9.92325,1.387570198364255,6.09515,7.8154764,1.7203264175415036,-0.005544000000000104,0.048416197,0.05396019729995738
391,0.13438699999999992,0.03534401,-0.09904299164366714,5.09768,9.227275,4.129594894714355,6.34515,7.4857907,1.1406407295227048,0.024455999999999922,0.04701343,0.022557431787490922
411,-0.059236000000000066,-0.046888545,0.012347454844474859,1.2597200000000015,2.3648398,1.1051197922515854,0.9736100000000008,0.44611394,-0.5274960559463509,0.04030109999999998,0.008987141,-0.031313959158217886
412,-0.059236000000000066,-0.046888545,0.012347454844474859,0.8897200000000005,2.3648398,1.4751197922515864,-0.37639000000000067,0.44611394,0.8225039440536506,0.0003011000000000541,0.008987141,0.008686040841782039
413,-0.08023599999999997,-0.046888545,0.033347454844474766,0.8697200000000009,2.3648398,1.495119792251586,-1.6763900000000014,0.44611394,2.1225039440536513,-0.03969889999999998,0.008987141,0.048686040841782074
414,-0.09223599999999998,-0.046888545,0.04534745484447478,0.1297200000000025,2.3648398,2.2351197922515844,-2.706389999999999,0.44611394,3.152503944053649,-0.04969889999999999,0.008987141,0.05868604084178208
415,-0.09023599999999998,-0.046888545,0.043347454844474775,1.149720000000002,2.3648398,1.2151197922515848,-1.336389999999998,0.44611394,1.7825039440536479,-0.029698899999999973,0.008987141,0.038686040841782066
475,0.04858899999999999,-0.022309449,-0.07089844857001304,12.73254,7.1673903,-5.565149653472901,13.378440000000001,6.903431,-6.475009061279298,0.23888559999999992,0.09585038,-0.14303522172508232
529,-0.03254800000000002,0.008295517,0.040843517414808295,7.878070000000001,7.575498,-0.30257189590454203,7.11388,7.9051313,0.7912513400268555,0.07242290000000007,0.11177,0.039347096583461694
853,-0.007784999999999931,0.012230162,0.02001516157746308,8.338349999999998,9.490152,1.1518023590087907,6.567250000000001,6.389459,-0.177790866851808,0.06626410000000005,-0.008734726,-0.07499882634702926
854,-0.03778499999999996,0.012230162,0.05001516157746311,7.43835,9.490152,2.0518023590087893,4.247250000000001,6.389459,2.1422091331481923,0.009264100000000108,-0.008734726,-0.017998826347029317
855,0.012215000000000087,0.012230162,1.5161577463063125e-05,10.338349999999998,9.490152,-0.8481976409912093,7.3572500000000005,6.389459,-0.9677908668518072,0.04126410000000014,-0.008734726,-0.049998826347029346
919,-0.048904999999999976,-0.014233012,0.03467198824763296,8.654140000000002,9.220398,0.5662579492187483,6.094740000000002,6.545144,0.45040408111572106,0.005674199999999963,0.025621494,0.019947294278311767
924,0.0955379999999999,0.11882613,0.023288128542423348,11.14883,10.579605,-0.5692248974609377,12.097650000000002,11.233468,-0.8641819442749039,0.06766990000000006,0.032983445,-0.03468645536890036
925,0.14553799999999995,0.11882613,-0.026711871457576697,10.548830000000002,10.579605,0.03077510253906013,12.29765,11.233468,-1.0641819442749032,0.06366989999999995,0.032983445,-0.030686455368900245
926,0.0955379999999999,0.11882613,0.023288128542423348,10.748830000000002,10.579605,-0.16922489746093916,10.29765,11.233468,0.9358180557250968,0.002669900000000003,0.032983445,0.030313544631099698
927,0.12553799999999993,0.11882613,-0.006711871457576679,10.548830000000002,10.579605,0.03077510253906013,11.197650000000001,11.233468,0.03581805572509644,0.027669900000000025,0.032983445,0.005313544631099676
928,0.08553799999999989,0.11882613,0.033288128542423356,10.64883,10.579605,-0.06922489746093774,9.49765,11.233468,1.7358180557250975,-0.02433010000000002,0.032983445,0.05731354463109972
929,0.14553799999999995,0.11882613,-0.026711871457576697,10.64883,10.579605,-0.06922489746093774,12.197650000000001,11.233468,-0.9641819442749036,0.05466990000000005,0.032983445,-0.021686455368900348
930,0.10553799999999991,0.11882613,0.013288128542423339,11.14883,10.579605,-0.5692248974609377,10.597650000000002,11.233468,0.6358180557250961,-0.009330100000000008,0.032983445,0.04231354463109971
931,0.19553799999999988,0.11882613,-0.07671187145757663,10.548830000000002,10.579605,0.03077510253906013,13.79765,11.233468,-2.564181944274903,0.10166989999999998,0.032983445,-0.06868645536890028
932,0.10553799999999991,0.11882613,0.013288128542423339,10.14883,10.579605,0.43077510253906226,10.89765,11.233468,0.33581805572509715,0.03566990000000003,0.032983445,-0.002686455368900331
946,0.022823999999999955,0.026772654,0.003948653684020087,8.532060000000001,7.8628793,-0.6691807237243665,10.913789999999999,9.814871,-1.0989191656494128,0.23265439999999993,0.1843904,-0.048264004120254445
949,0.01682399999999995,0.026772654,0.009948653684020092,6.882059999999999,7.8628793,0.9808192762756356,8.68379,9.814871,1.1310808343505858,0.16165439999999998,0.1843904,0.022735995879745508
950,0.03682399999999997,0.026772654,-0.010051346315979925,7.5720600000000005,7.8628793,0.2908192762756343,9.583789999999999,9.814871,0.23108083435058724,0.1756544,0.1843904,0.008735995879745495
951,0.01682399999999995,0.026772654,0.009948653684020092,6.882059999999999,7.8628793,0.9808192762756356,8.68379,9.814871,1.1310808343505858,0.16165439999999998,0.1843904,0.022735995879745508
952,0.020823999999999954,0.026772654,0.005948653684020089,9.91206,7.8628793,-2.0491807237243655,11.60379,9.814871,-1.7889191656494141,0.2026544,0.1843904,-0.01826400412025453
1145,-0.03778499999999996,0.012230162,0.05001516157746311,7.84835,9.490152,1.6418023590087891,4.317250000000001,6.389459,2.072209133148192,-0.03173590000000004,-0.008734726,0.02300117365297083
1147,-0.047784999999999966,0.012230162,0.060015161577463116,7.958349999999999,9.490152,1.5318023590087897,4.387250000000002,6.389459,2.0022091331481917,-0.027735899999999925,-0.008734726,0.019001173652970715
1148,-0.047784999999999966,0.012230162,0.060015161577463116,7.34835,9.490152,2.141802359008789,3.827250000000003,6.389459,2.5622091331481904,-0.029735899999999926,-0.008734726,0.021001173652970717
1149,-0.047784999999999966,0.012230162,0.060015161577463116,8.11835,9.490152,1.3718023590087896,4.407250000000001,6.389459,1.9822091331481921,-0.036735900000000044,-0.008734726,0.028001173652970834
1150,-0.047784999999999966,0.012230162,0.060015161577463116,7.948349999999998,9.490152,1.5418023590087913,4.0972500000000025,6.389459,2.292209133148191,-0.04373589999999994,-0.008734726,0.03500117365297073
1152,-0.07778499999999999,0.012230162,0.09001516157746314,7.968349999999997,9.490152,1.5218023590087917,3.4072500000000012,6.389459,2.982209133148192,-0.04773589999999994,-0.008734726,0.03900117365297073
1153,-0.047784999999999966,0.012230162,0.060015161577463116,7.858349999999998,9.490152,1.6318023590087911,4.05725,6.389459,2.3322091331481936,-0.03373589999999993,-0.008734726,0.02500117365297072
1166,-0.025123000000000006,-0.01415229,0.010970709700465209,10.868780000000001,10.581253,-0.2875269482421885,8.71107,8.524956,-0.18611425048828067,0.07799310000000004,0.07861792,0.0006248229617118461
1241,-0.08093600000000001,-0.061242398,0.019693602125406273,6.871929999999999,7.6982765,0.8263465197753916,4.97016,5.5623584,0.5921983793640138,0.04375220000000002,0.06447223,0.020720028288650494
1242,-0.08093600000000001,-0.061242398,0.019693602125406273,6.871929999999999,7.6982765,0.8263465197753916,4.97016,5.5623584,0.5921983793640138,0.04375220000000002,0.06447223,0.020720028288650494
1352,0.011989999999999945,0.058758132,0.046768132159709985,5.66159,10.493826,4.832235912475586,3.0350800000000007,7.8686914,4.833611444396972,-0.04651640000000001,0.03289069,0.07940708862795831
1354,-0.07801000000000013,0.058758132,0.13676813215971007,5.041590000000003,10.493826,5.452235912475583,0.07507999999999981,7.8686914,7.793611444396973,-0.08451640000000005,0.03289069,0.11740708862795834
1356,-0.07951200000000003,-0.011673739,0.0678382608200312,6.721820000000001,8.513663,1.7918432919311513,3.0164399999999993,5.0343814,2.0179413896179206,-0.04269220000000007,-0.015034287,0.027657912763369152
1360,-0.049512,-0.011673739,0.03783826082003117,11.831820000000004,8.513663,-3.3181567080688517,6.716439999999999,5.0343814,-1.6820586103820787,-0.06469219999999987,-0.015034287,0.04965791276336895
1362,-0.08351200000000003,-0.011673739,0.0718382608200312,6.031820000000003,8.513663,2.481843291931149,1.0964399999999976,5.0343814,3.9379413896179223,-0.07769219999999999,-0.015034287,0.06265791276336907
1363,-0.08051200000000014,-0.011673739,0.0688382608200313,5.791820000000001,8.513663,2.721843291931151,1.326439999999998,5.0343814,3.707941389617922,-0.06269219999999998,-0.015034287,0.04765791276336906
1365,-0.08851200000000015,-0.011673739,0.07683826082003131,6.421820000000004,8.513663,2.0918432919311485,1.6164400000000008,5.0343814,3.417941389617919,-0.06669219999999998,-0.015034287,0.05165791276336906
1507,0.012513999999999914,0.034684166,0.0221701663122178,9.17998,8.556576,-0.6234042248535161,6.937480000000001,7.289486,0.3520059313964836,0.013848599999999989,0.037228603,0.023380002916002285
1612,-0.12320760000000008,-0.09437743,0.028830171706771934,6.627849999999999,6.7843647,0.15651470031738413,6.314879999999999,6.5452046,0.23032463943481574,0.16362789999999994,0.16890994,0.005282037143325868
1613,0.025188999999999906,0.027031545,0.0018425445959568965,7.72472,6.006067,-1.7186532008361812,2.6573899999999995,2.4211912,-0.23619878448486276,-0.13557419999999998,-0.0739688,0.06160540207786558
1614,-0.019187000000000065,0.02078938,0.03997637925398356,1.9827999999999992,2.5504847,0.5676846572875984,0.860557,2.528557,1.6680000621490478,-0.01110600000000006,0.12390505,0.13501104777431494
1615,-0.09141730000000003,-0.07934836,0.012068937017726933,3.299900000000001,4.685313,1.3854132247924795,2.9269100000000012,3.9970613,1.070151252593993,0.09641650000000002,0.08624087,-0.010175627259254472
1616,0.10381299999999993,0.02078938,-0.08302362074601644,2.912799999999999,2.5504847,-0.3623153427124013,5.190557,2.528557,-2.6619999378509522,0.32689400000000013,0.12390505,-0.20298895222568525
1821,0.0823830000000001,0.075624436,-0.00675856385993967,14.43186,13.613221,-0.818638831481934,14.66864,13.497755,-1.1708849493408202,0.12868599999999997,0.11448923,-0.014196772466659513
1822,0.07238300000000009,0.075624436,0.0032414361400603386,12.731859999999998,13.613221,0.8813611685180689,12.71864,13.497755,0.7791150506591791,0.09768599999999994,0.11448923,0.016803227533340515
2024,0.031665000000000054,0.036826406,0.005161405674219077,7.300340000000002,7.668113,0.3677732316589335,6.0013000000000005,6.385511,0.38421092147827096,0.01532279999999997,0.0125375185,-0.0027852814838170703
2025,0.031665000000000054,0.036826406,0.005161405674219077,7.410340000000005,7.668113,0.2577732316589305,5.0113,6.385511,1.3742109214782712,-0.034677199999999964,0.0125375185,0.04721471851618286
2026,-0.04833500000000002,0.036826406,0.08516140567421915,7.190340000000003,7.668113,0.47777323165893293,2.7113000000000014,6.385511,3.67421092147827,-0.0746772,0.0125375185,0.0872147185161829
2027,0.18166500000000008,0.036826406,-0.14483859432578094,8.710340000000002,7.668113,-1.0422267683410666,8.8613,6.385511,-2.4757890785217285,0.01532279999999997,0.0125375185,-0.0027852814838170703
2028,0.05166500000000007,0.036826406,-0.01483859432578094,8.910340000000005,7.668113,-1.2422267683410695,7.2113,6.385511,-0.8257890785217281,0.017322800000000083,0.0125375185,-0.004785281483817183
2029,0.0776650000000001,0.036826406,-0.040838594325780964,7.110340000000004,7.668113,0.5577732316589312,6.901299999999999,6.385511,-0.5157890785217276,0.03532279999999999,0.0125375185,-0.022785281483817088
2030,0.0766650000000001,0.036826406,-0.03983859432578096,7.110340000000004,7.668113,0.5577732316589312,6.331300000000001,6.385511,0.05421092147827089,0.007322800000000074,0.0125375185,0.005214718516182826
2031,0.04666500000000007,0.036826406,-0.009838594325780936,7.110340000000004,7.668113,0.5577732316589312,4.401299999999999,6.385511,1.9842109214782724,-0.06467719999999999,0.0125375185,0.07721471851618289
2032,0.2016650000000001,0.036826406,-0.16483859432578096,8.810340000000004,7.668113,-1.142226768341068,9.7913,6.385511,-3.405789078521728,0.0503228,0.0125375185,-0.0377852814838171
2039,0.9943960000000001,0.88177276,-0.11262324342346197,31.257279999999994,29.721832,-1.5354477246093694,13.1925,13.418333,0.2258330535888664,0.16212749999999998,0.1662143,0.004086802182197591
2078,0.13155400000000006,0.107536174,-0.02401782564306265,25.90036,22.24147,-3.6588896630859367,20.512600000000003,17.153664,-3.3589363647460964,0.23002840000000002,0.14906614,-0.08096226471271517
2085,-0.0890740000000001,-0.058541436,0.030532564251661398,5.194769999999998,6.143795,0.949025013427736,10.043779999999998,8.508021,-1.5357586453247052,0.23568959999999994,0.17834648,-0.05734311510047907
2086,-0.04907400000000006,-0.058541436,-0.009467435748338637,5.894769999999998,6.143795,0.24902501342773675,7.473779999999998,8.508021,1.034241354675295,0.1626896,0.17834648,0.015656884899520884
2087,-0.019074000000000035,-0.058541436,-0.039467435748338664,7.694769999999998,6.143795,-1.550974986572264,9.503779999999999,8.508021,-0.995758645324706,0.1876896,0.17834648,-0.009343115100479138
2099,-0.04815400000000003,0.015046884,0.0632008843057752,4.81475,6.788004,1.973253921508789,4.805869999999999,6.964341,2.158471163635255,0.07766270000000008,0.089015335,0.011352634844589149
2115,-0.07377500000000015,-0.012983884,0.060791116268932965,9.246040000000004,11.166883,1.9208434686279254,8.62153,10.550906,1.9293761813354493,0.09850879999999995,0.09610821,-0.0024005869329452034
2699,0.20542700000000003,0.18715565,-0.018271350934028652,17.65475,16.76746,-0.8872901306152343,18.11934,17.636787,-0.48255258544921986,0.08701829999999988,0.1202042,0.03318590283079159
2757,-0.03398239999999997,-0.027088676,0.006893724352025954,10.1113,10.3226595,0.21135949249267583,7.798629999999999,8.019361,0.220730542297364,0.026508100000000034,0.047225524,0.020717423740053142
2837,-0.009128000000000025,0.00034503412,0.009473034117344792,7.0259300000000025,7.8643565,0.8384265177917456,5.4815000000000005,6.202836,0.7213360366821284,0.025827899999999904,0.0352754,0.009447499684906102
2844,0.20542700000000003,0.18715565,-0.018271350934028652,18.69475,16.76746,-1.9272901306152335,18.849339999999998,17.636787,-1.2125525854492167,0.0990183,0.1202042,0.02118590283079147
2874,-8.900000000000574e-05,0.038030904,0.03811990378642083,7.625859999999999,9.105713,1.4798528906250006,5.19356,9.106932,3.9133716864013675,-0.01323350000000001,0.12921016,0.14244365918254853
2875,0.06991100000000006,0.038030904,-0.031880096213579234,7.835859999999997,9.105713,1.2698528906250033,9.743559999999999,9.106932,-0.6366283135986315,0.18676649999999995,0.12921016,-0.057556340817451423
2876,0.08991099999999996,0.038030904,-0.05188009621357914,9.85586,9.105713,-0.7501471093749998,12.00356,9.106932,-2.896628313598633,0.2367665,0.12921016,-0.10755634081745147
2877,-0.057613000000000136,0.029290143,0.08690314340043082,6.955680000000001,9.92325,2.967570198364257,2.9451500000000017,7.8154764,4.870326417541502,-0.04854400000000003,0.048416197,0.09696019729995731
2900,0.03198999999999996,0.009036649,-0.022953350981473886,7.4415900000000015,7.6423073,0.20071728149413914,6.205080000000001,5.7535906,-0.45148941619873106,0.021483599999999936,0.019319324,-0.0021642761771439867
2901,-0.04801000000000011,0.009036649,0.057046649018526185,7.0615900000000025,7.6423073,0.5807172814941381,3.9550800000000024,5.7535906,1.7985105838012672,-0.014516399999999985,0.019319324,0.033835723822855934
3218,0.012386999999999926,0.03534401,0.022957008356332853,9.58568,9.227275,-0.3584051052856445,6.12515,7.4857907,1.3606407295227054,-0.041544000000000025,0.04701343,0.08855743178749087
3384,-0.007613000000000092,0.03534401,0.04295700835633287,9.075680000000002,9.227275,0.1515948947143535,6.92515,7.4857907,0.5606407295227047,0.03145599999999993,0.04701343,0.015557431787490916
3385,-0.007613000000000092,0.03534401,0.04295700835633287,6.74568,9.227275,2.4815948947143553,5.50515,7.4857907,1.9806407295227046,0.04145599999999994,0.04701343,0.005557431787490907
3415,0.002386999999999917,0.03534401,0.03295700835633286,7.2256800000000005,9.227275,2.001594894714355,10.00515,7.4857907,-2.5193592704772954,0.221456,0.04701343,-0.17444256821250914
3499,-0.022612999999999994,0.029290143,0.051903143400430674,8.705680000000001,9.92325,1.2175701983642568,6.10515,7.8154764,1.7103264175415038,0.014455999999999913,0.048416197,0.03396019729995736
3503,0.055593399999999904,0.06332788,0.007734478713607884,10.060030000000001,9.838902,-0.2211275265502941,8.46496,8.948855,0.4838954000854496,0.033296800000000015,0.0499386,0.016641800510358795
3504,0.06326029999999994,0.0815259,0.01826559946985251,10.113310000000002,10.018966,-0.09434427886963093,8.83856,9.074837,0.23627673095703194,0.0494325000000001,0.092681065,0.04324856520175924
3505,0.11307089999999997,0.11084231,-0.0022285901078223924,7.685870000000001,7.029569,-0.6563008509826673,8.282560000000002,7.939979,-0.3425809236145039,0.07635189999999992,0.07101374,-0.005338158804798043
3506,0.1269038,0.1108563,-0.016047497917461406,6.469799999999999,8.104496,1.6346960021972663,9.61413,8.960875,-0.6532554425048822,0.1857726999999999,0.13359192,-0.052180779862594506
3552,-0.071075,-0.026384989,0.0446900112003088,3.4377199999999988,5.246826,1.8091061718750012,4.935819999999998,6.195878,1.260058028869631,0.14329009999999998,0.1262555,-0.01703460266361234
3553,-0.10107500000000003,-0.026384989,0.07469001120030883,2.887719999999998,5.246826,2.359106171875002,2.9458199999999977,6.195878,3.2500580288696312,0.09829009999999994,0.1262555,0.0279653973363877
3554,-0.11107500000000003,-0.026384989,0.08469001120030883,3.257719999999999,5.246826,1.989106171875001,3.9958199999999984,6.195878,2.2000580288696305,0.13129009999999997,0.1262555,-0.005034602663612331
3568,-0.07761300000000015,0.03534401,0.11295700835633293,8.63568,9.227275,0.5915948947143548,4.60515,7.4857907,2.880640729522705,-0.018544000000000005,0.04701343,0.06555743178749085
3655,0.14238699999999993,0.029290143,-0.11309685659956925,11.075680000000002,9.92325,-1.1524298016357442,11.82515,7.8154764,-4.009673582458497,0.14445599999999992,0.048416197,-0.09603980270004264
3697,0.04356000000000004,0.0764492,0.032889200510978656,9.923950000000001,9.766024,-0.15792636413574357,13.021430000000002,11.2129545,-1.808475478820803,0.2727328,0.19667149,-0.07606131409912109
3698,0.06256000000000006,0.0764492,0.013889200510978639,7.32395,9.766024,2.442073635864258,10.021430000000002,11.2129545,1.191524521179197,0.1657328,0.19667149,0.030938685900878893
3699,0.04156000000000004,0.0764492,0.03488920051097866,8.223950000000002,9.766024,1.5420736358642557,9.521430000000002,11.2129545,1.691524521179197,0.1377328,0.19667149,0.05893868590087892
3700,0.06056000000000006,0.0764492,0.01588920051097864,10.52395,9.766024,-0.7579263641357414,12.221430000000002,11.2129545,-1.0084754788208024,0.22373279999999995,0.19667149,-0.027061314099121048
3701,0.04856000000000005,0.0764492,0.02788920051097865,8.423950000000001,9.766024,1.3420736358642564,8.021430000000002,11.2129545,3.191524521179197,0.1417328,0.19667149,0.054938685900878914
3709,-0.06148600000000015,-0.035271887,0.026214113263845595,8.263110000000001,5.5170217,-2.746088343963624,9.182830000000001,4.877965,-4.304865026550294,0.18898579999999998,0.08385428,-0.10513151958780287
3789,-0.047784999999999966,0.015184919,0.06296991934984919,4.338349999999998,8.889474,4.551123915100099,1.707250000000002,6.4854293,4.778179286956785,-0.07773589999999997,0.018019283,0.09575518319036957
3822,0.12687400000000004,0.14763214,0.020758136940956073,13.205739999999999,13.697006,0.4912662255859388,11.694909999999998,12.758237,1.0633268850708024,0.06629810000000003,0.08178434,0.015486237759017918
3823,0.21777599999999997,0.18842582,-0.02935017595386502,13.50573,13.647411,0.14168134643554708,13.27467,12.91494,-0.35973011962890666,0.10399120000000006,0.08521046,-0.018780742555809082
3824,0.23875599999999997,0.22173774,-0.017018257575988738,14.405720000000004,13.578513,-0.8272068545532267,13.698649999999997,11.702593,-1.9960571502685518,0.09943730000000006,0.07208888,-0.02734841767292029
3825,0.26937999999999995,0.22908126,-0.04029874182224269,14.555710000000001,14.234972,-0.32073799987793095,13.9799,13.429582,-0.5503183578491218,0.0853756,0.08710487,0.0017292718690872233
3826,0.260035,0.18812609,-0.07190891281127931,14.725700000000002,13.894895,-0.8308054000854508,14.618500000000001,13.323824,-1.2946760711669931,0.14720520000000004,0.12794507,-0.019260134501647985
3827,0.3823869999999999,0.021333922,-0.3610530782992839,19.805680000000002,9.773878,-10.031801902465823,17.21515,7.92869,-9.286460043334962,0.13345600000000002,0.05378075,-0.07967525055980684
3903,-0.04657800000000001,0.013551957,0.060129956973969945,8.36578,9.774256,1.4084757525634757,6.605729999999999,7.928452,1.3227220149230963,0.05507470000000003,0.039849006,-0.015225694360446962
3953,-0.08910499999999999,-0.047942165,0.0411628347146511,4.127230000000001,5.0600877,0.9328576808166495,2.9410600000000002,6.4732423,3.5321822828674314,0.053047100000000014,0.12582791,0.07278080851593016
3955,-0.019104999999999928,-0.047942165,-0.028837165285348965,5.227229999999999,5.0600877,-0.16714231918334832,15.251060000000003,6.4732423,-8.77781771713257,0.5230471,0.12582791,-0.3972191914840698
4012,0.003422000000000036,-0.024429984,-0.027851984390735662,8.035780000000003,8.528828,0.49304766723632554,8.10573,7.445386,-0.6603440670776362,0.10707470000000008,0.04001068,-0.06706402048678406
4028,0.05238699999999996,0.06350485,0.011117852354526558,8.105680000000003,9.057861,0.9521813281249969,6.00515,7.158365,1.1532147727966304,-0.028544000000000014,0.005638016,0.03418201592215897
4076,0.16574499999999992,0.08916812,-0.07657688354969017,8.708979999999997,9.235865,0.5268846392822297,10.226890000000001,8.338167,-1.8887228094482431,0.14256879999999994,0.07987951,-0.06268929257755274
4101,-0.007613000000000092,0.021333922,0.02894692170071611,5.4756800000000005,9.773878,4.298198097534179,6.03515,7.92869,1.8935399566650393,0.09445599999999998,0.05378075,-0.04067525055980681
4102,-0.057613000000000136,0.021333922,0.07894692170071616,4.625680000000003,9.773878,5.148198097534177,3.235150000000001,7.92869,4.693539956665038,0.03545600000000004,0.05378075,0.018324749440193133
4172,-0.07761300000000015,0.021333922,0.09894692170071617,5.805680000000002,9.773878,3.9681980975341773,4.70515,7.92869,3.2235399566650393,0.07145599999999996,0.05378075,-0.017675250559806788
4174,-0.0176130000000001,0.021333922,0.03894692170071612,7.605680000000003,9.773878,2.1681980975341766,8.805150000000001,7.92869,-0.8764600433349621,0.16345599999999993,0.05378075,-0.10967525055980676
4200,-0.08910499999999999,-0.077768184,0.011336815755367269,9.36723,9.091963,-0.2752671856689446,9.181060000000002,8.422062,-0.7589980798339866,0.1630471,0.14454085,-0.018506253652191162
4237,0.05238699999999996,0.03534401,-0.017042991643667182,9.29568,9.227275,-0.06840510528564536,9.225150000000001,7.4857907,-1.739359270477296,0.10145599999999999,0.04701343,-0.054442568212509146
4239,0.2423869999999999,0.03534401,-0.20704299164366713,15.365680000000001,9.227275,-6.138405105285646,16.04515,7.4857907,-8.559359270477295,0.271456,0.04701343,-0.22444256821250913
4300,0.08238699999999999,0.03534401,-0.04704299164366721,11.125680000000003,9.227275,-1.8984051052856472,9.24515,7.4857907,-1.7593592704772956,0.02145599999999992,0.04701343,0.025557431787490925
4301,0.05181100000000005,0.06883552,0.01702451925420756,10.29099,9.874119,-0.4168711950683601,7.8813200000000005,7.974086,0.09276580780029242,-0.003105399999999925,0.024171457,0.02727685669460289
4302,0.03376000000000001,0.05092592,0.017165921648740756,16.820030000000003,14.811857,-2.0081727764892605,12.043650000000001,10.775575,-1.268075315856935,-0.013672399999999918,0.006775382,0.020447781974875845
4303,0.02191199999999993,0.014053463,-0.007858536995470455,7.332460000000001,7.259453,-0.07300718017578234,5.6569,5.7167983,0.05989830551147435,0.0072030000000000705,0.01776926,0.010566260331988264
4304,0.04074400000000011,0.06218748,0.021443481671571618,7.22297,7.2923894,0.06941939285278309,5.793099999999999,6.280436,0.48733603897094824,0.0024186000000000485,0.026027232,0.02360863240852351
4305,0.11630800000000008,0.08612156,-0.030186440856933672,12.079360000000001,9.596742,-2.482618323669435,10.468879999999999,8.246387,-2.222493471984862,0.037999499999999964,0.046053074,0.00805357430028919
4306,0.1023869999999999,0.03534401,-0.06704299164366712,12.785680000000003,9.227275,-3.5584051052856474,10.62515,7.4857907,-3.1393592704772946,0.03145599999999993,0.04701343,0.015557431787490916
4307,0.07181100000000007,0.06883552,-0.002975480745792458,11.090990000000001,9.874119,-1.2168711950683608,8.781320000000001,7.974086,-0.8072341921997079,0.0368946,0.024171457,-0.012723143305397033
4310,0.08574400000000004,0.06218748,-0.02355651832842831,7.7029700000000005,7.2923894,-0.41058060714721734,7.363099999999999,6.280436,-1.082663961029052,0.05241859999999998,0.026027232,-0.026391367591476422
4311,-0.047784999999999966,0.010517094,0.058302094284296,6.738349999999997,7.327993,0.5896429161071808,4.30725,5.944769,1.6375189056396486,0.02226410000000001,0.037662677,0.015398577466869345
4376,0.15238699999999994,0.021333922,-0.13105307829928392,12.285680000000003,9.773878,-2.511801902465823,13.86515,7.92869,-5.936460043334961,0.23145599999999994,0.05378075,-0.17767525055980676
4377,0.06238699999999997,0.021333922,-0.04105307829928395,10.955680000000001,9.773878,-1.1818019024658213,8.50515,7.92869,-0.5764600433349614,0.0014560000000000128,0.05378075,0.05232474944019316
4378,0.1023869999999999,0.021333922,-0.08105307829928388,11.355680000000003,9.773878,-1.5818019024658234,9.91515,7.92869,-1.9864600433349615,0.04145599999999994,0.05378075,0.012324749440193239
4380,0.06181900000000007,0.05345836,-0.008360640907526085,8.358890000000002,8.288325,-0.0705646902465844,10.89359,8.608891,-2.284699466552734,0.21441880000000002,0.1092207,-0.10519810152416231
4381,0.011819000000000024,0.05345836,0.04163935909247396,8.158890000000003,8.288325,0.12943530975341488,8.493590000000001,8.608891,0.11530053344726454,0.12441880000000005,0.1092207,-0.015198101524162344
4382,0.04181900000000005,0.05345836,0.011639359092473933,7.7588900000000045,8.288325,0.5294353097534135,8.09359,8.608891,0.5153005334472649,0.10441880000000003,0.1092207,0.004801898475837674
4384,0.03181900000000004,0.05345836,0.021639359092473942,6.658890000000003,8.288325,1.6294353097534149,6.19359,8.608891,2.4153005334472653,0.05441879999999999,0.1092207,0.05480189847583772
4490,0.17257899999999993,0.13650893,-0.036070073250770496,5.286369999999998,6.639443,1.3530729206848164,6.121339999999998,6.678114,0.5567739373779315,0.02713410000000005,0.022043439,-0.005090661371684124
4513,0.08238699999999999,0.029290143,-0.05309685659956931,14.005680000000002,9.92325,-4.082429801635744,14.465150000000001,7.8154764,-6.649673582458497,0.26145599999999997,0.048416197,-0.2130398027000427
4586,-0.02746599999999999,6.4707856e-05,0.027530707855926817,8.646149999999999,8.511024,-0.13512552490234242,6.688349999999998,6.280838,-0.4075119873046855,0.06081619999999999,0.006085342,-0.05473085820372103
4587,-0.06746600000000003,6.4707856e-05,0.06753070785592685,6.446149999999999,8.511024,2.064874475097657,3.7883499999999977,6.280838,2.492488012695315,0.02081619999999995,0.006085342,-0.014730858203720998
4813,-0.05746600000000002,6.4707856e-05,0.057530707855926844,6.436149999999998,8.511024,2.0748744750976584,3.1283499999999975,6.280838,3.152488012695315,-0.021183800000000086,0.006085342,0.02726914179627904
4914,-0.10148600000000019,-0.035271887,0.06621411326384563,2.14311,5.5170217,3.373911656036377,0.5528300000000002,4.877965,4.325134973449707,0.02698579999999995,0.08385428,0.056868480412197164
4915,-0.131486,-0.035271887,0.09621411326384544,1.4631100000000004,5.5170217,4.053911656036377,-1.2271699999999974,4.877965,6.1051349734497045,0.0029858000000000384,0.08385428,0.08086848041219707
5029,0.10914599999999985,0.11016499,0.0010189925112725762,10.6694,12.329825,1.6604254013061528,13.840419999999998,15.973586,2.133166082458498,0.1722325,0.25966263,0.08743012817382811
5037,0.09914599999999985,0.11016499,0.011018992511272585,11.049399999999999,12.329825,1.2804254013061538,13.520419999999998,15.973586,2.453166082458498,0.14223249999999998,0.25966263,0.11743012817382814
5041,0.09914599999999985,0.11016499,0.011018992511272585,11.4494,12.329825,0.8804254013061517,13.800419999999999,15.973586,2.173166082458497,0.1522325,0.25966263,0.10743012817382813
5045,0.10914599999999985,0.11016499,0.0010189925112725762,12.0594,12.329825,0.2704254013061522,15.240419999999999,15.973586,0.7331660824584976,0.20223250000000004,0.25966263,0.05743012817382809
5049,0.12914599999999987,0.11016499,-0.01898100748872744,12.139399999999998,12.329825,0.19042540130615393,18.19042,15.973586,-2.2168339175415035,0.3622325,0.25966263,-0.10256987182617189
5053,0.1491459999999999,0.11016499,-0.03898100748872746,18.449399999999997,12.329825,-6.119574598693845,22.94042,15.973586,-6.9668339175415035,0.5522325,0.25966263,-0.2925698718261719
5351,0.09038699999999988,0.041832864,-0.0485541357154845,11.90568,9.578355,-2.3273251644897464,10.305150000000001,7.992939,-2.312211004638673,0.051455999999999946,0.03727483,-0.014181169956684059
5560,-0.03778499999999996,0.012230162,0.05001516157746311,7.1183499999999995,9.490152,2.3718023590087896,3.337250000000001,6.389459,3.0522091331481924,-0.04873589999999994,-0.008734726,0.040001173652970734
5676,0.9728413,0.81929016,-0.15355113886718752,23.72903,20.922611,-2.806418763427736,3.978679999999999,5.3716583,1.3929783251953136,0.03912840000000006,0.046963498,0.007835097996330198
5682,0.030245000000000077,0.04565162,0.015406618391275329,3.5702,8.149935,4.579734768676758,7.330859999999998,9.027747,1.6968871542358421,0.20142719999999992,0.14381045,-0.057616748969268716
5683,0.050245000000000095,0.04565162,-0.004593381608724689,7.670200000000001,8.149935,0.4797347686767566,7.730859999999998,9.027747,1.2968871542358418,0.07142720000000002,0.14381045,0.07238325103073118
5686,0.050245000000000095,0.04565162,-0.004593381608724689,7.3702000000000005,8.149935,0.7797347686767573,9.330859999999998,9.027747,-0.30311284576415787,0.1714272,0.14381045,-0.0276167489692688
5760,0.09701499999999996,0.11070012,0.013685123012065925,6.271419999999999,9.895723,3.6243033428955087,8.98863,11.972738,2.9841082659912104,0.09765030000000008,0.12222717,0.02457686957330696
5848,0.09221500000000005,0.050307896,-0.04190710401177411,19.43835,17.021652,-2.4166977783203123,15.407250000000001,14.126445,-1.2808051834106458,0.1222641000000001,0.024489168,-0.09777493192229281
5849,0.09221500000000005,0.050307896,-0.04190710401177411,17.43835,17.021652,-0.4166977783203123,13.807250000000002,14.126445,0.3191948165893539,0.062264100000000044,0.024489168,-0.037774931922292754
5850,0.032215000000000105,0.050307896,0.018092895988225832,12.338349999999998,17.021652,4.683302221679689,9.50725,14.126445,4.619194816589355,0.02226410000000001,0.024489168,0.0022250680777072818
5852,0.07221500000000014,0.050307896,-0.021907104011774203,16.238349999999997,17.021652,0.7833022216796905,13.307250000000002,14.126445,0.8191948165893539,-0.05773589999999995,0.024489168,0.08222506807770724
5854,0.05221500000000012,0.050307896,-0.0019071040117741855,15.538349999999998,17.021652,1.4833022216796898,17.507250000000003,14.126445,-3.380805183410647,-0.14773589999999992,0.024489168,0.1722250680777072
5862,-0.03778499999999996,0.050307896,0.0880928959882259,24.81835,17.021652,-7.796697778320311,17.297250000000002,14.126445,-3.1708051834106463,-0.03773589999999993,0.024489168,0.062225068077707224
5934,0.03198999999999996,0.058758132,0.026768132159709968,6.221590000000003,10.493826,4.272235912475583,5.07508,7.8686914,2.793611444396973,0.007483600000000035,0.03289069,0.025407088627958263
6211,-0.023965000000000014,0.01737878,0.04134377912819387,7.505700000000001,12.664721,5.159020535278319,4.698500000000001,8.894603,4.1961027755737295,-0.013794799999999996,0.077504724,0.0912995242641449
6522,0.4982519999999999,0.19937015,-0.2988818542022704,10.35528,9.887871,-0.46740921142578173,17.42244,13.673321,-3.74911922973633,0.3693009,0.24138041,-0.12792049159374236
6523,0.14825199999999994,0.19937015,0.05111814579772955,10.25528,9.887871,-0.3674092114257821,14.122440000000001,13.673321,-0.4491192297363291,0.34930089999999997,0.24138041,-0.10792049159374234
6524,0.40825199999999995,0.19937015,-0.20888185420227046,10.55528,9.887871,-0.667409211425781,13.622440000000001,13.673321,0.05088077026367088,0.27930089999999996,0.24138041,-0.037920491593742334
6526,0.15825199999999995,0.19937015,0.041118145797729544,10.05528,9.887871,-0.16740921142578102,13.122440000000001,13.673321,0.5508807702636709,0.25930089999999995,0.24138041,-0.017920491593742316
6527,0.2282519999999999,0.19937015,-0.028881854202270407,10.25528,9.887871,-0.3674092114257821,14.422440000000002,13.673321,-0.7491192297363298,0.22930089999999992,0.24138041,0.01207950840625771
6529,-0.02074799999999999,0.19937015,0.22011814579772948,9.75528,9.887871,0.1325907885742179,9.022440000000001,13.673321,4.6508807702636705,0.09930089999999991,0.24138041,0.14207950840625772
6530,-0.0027479999999999727,0.19937015,0.20211814579772946,9.995280000000001,9.887871,-0.1074092114257823,14.622440000000001,13.673321,-0.9491192297363291,0.13630089999999995,0.24138041,0.10507950840625768
6752,0.4248790000000001,0.18027239,-0.2446066145219804,14.211459999999999,14.819332,0.6078721228027355,18.91837,16.929363,-1.9890067492675776,0.24892409999999998,0.29993138,0.05100727717247011
6753,0.20487900000000014,0.18027239,-0.02460661452198043,9.211459999999999,14.819332,5.6078721228027355,16.91837,16.929363,0.01099325073242241,0.37892410000000004,0.29993138,-0.07899272282752995
6755,-0.02512099999999995,0.18027239,0.20539338547801966,12.211459999999999,14.819332,2.6078721228027355,14.71837,16.929363,2.2109932507324217,0.2789241,0.29993138,0.021007277172470085
6756,0.24487900000000007,0.18027239,-0.06460661452198035,29.21146,14.819332,-14.392127877197264,23.91837,16.929363,-6.989006749267578,0.5789241,0.29993138,-0.27899272282752996
6757,0.4348790000000001,0.18027239,-0.2546066145219804,17.21146,14.819332,-2.3921278771972645,20.71837,16.929363,-3.7890067492675783,0.31892410000000004,0.29993138,-0.01899272282752995
6758,0.1548790000000001,0.18027239,0.025393385478019614,16.71146,14.819332,-1.8921278771972645,18.21837,16.929363,-1.2890067492675783,0.2989241,0.29993138,0.0010072771724700669
6760,0.024879000000000095,0.18027239,0.15539338547801962,11.711459999999999,14.819332,3.1078721228027355,13.41837,16.929363,3.5109932507324224,0.21892410000000007,0.29993138,0.08100727717247003
6762,0.05487900000000012,0.18027239,0.1253933854780196,12.31146,14.819332,2.507872122802734,11.21837,16.929363,5.710993250732422,0.10392410000000007,0.29993138,0.19600727717247002
6891,-0.0752130000000002,-0.069511876,0.005701124489784437,8.432690000000001,18.73302,10.300330782470702,8.211599999999997,8.915902,0.7043021377563505,0.11239939999999993,0.11839527,0.005995868917083813
6892,-0.06521300000000019,-0.069511876,-0.004298875510215572,28.762690000000003,18.73302,-10.0296692175293,9.851599999999998,8.915902,-0.93569786224365,0.14139940000000006,0.11839527,-0.023004131082916324
6919,0.09238699999999989,0.029290143,-0.0630968565995692,8.40568,9.92325,1.5175701983642575,7.805150000000001,7.8154764,0.010326417541502764,0.027455999999999925,0.048416197,0.02096019729995735
6920,0.1123869999999999,0.029290143,-0.08309685659956922,6.705680000000001,9.92325,3.217570198364257,6.50515,7.8154764,1.3103264175415035,0.0034560000000000146,0.048416197,0.04496019729995726
6921,0.12238699999999991,0.029290143,-0.09309685659956923,10.505680000000002,9.92325,-0.5824298016357439,9.40515,7.8154764,-1.5896735824584969,0.024455999999999922,0.048416197,0.023960197299957353
7018,0.198005,0.065016404,-0.13298859620571135,11.089310000000001,5.9775777,-5.111732313690187,11.917390000000001,7.087172,-4.830217968597413,0.14189190000000007,0.1178212,-0.02407069831790931
7019,0.15400499999999984,0.065016404,-0.0889885962057112,8.869309999999999,5.9775777,-2.8917323136901842,11.217390000000002,7.087172,-4.130217968597414,0.1988919,0.1178212,-0.08107069831790925
7022,0.010005000000000042,0.065016404,0.055011403794288594,2.139310000000002,5.9775777,3.8382676863098126,4.607390000000002,7.087172,2.4797820314025856,0.12489190000000006,0.1178212,-0.007070698317909296
7023,0.004005000000000036,0.065016404,0.0610114037942886,2.1193099999999987,5.9775777,3.8582676863098158,2.0973900000000008,7.087172,4.989782031402587,0.01789190000000007,0.1178212,0.09992930168209069
7024,0.04500499999999996,0.065016404,0.020011403794288674,3.05931,5.9775777,2.9182676863098145,4.307390000000002,7.087172,2.7797820314025863,0.0608919,0.1178212,0.05692930168209076
7135,0.052458000000000005,0.14300703,0.09054902512264251,19.98927,22.33674,2.347470493774413,18.55426,19.995485,1.4412253057861335,0.1795405,0.1818274,0.0022868961544036948
7137,0.25945799999999997,0.14300703,-0.11645097487735745,25.98927,22.33674,-3.652529506225587,22.65426,19.995485,-2.658774694213868,0.21954050000000003,0.1818274,-0.03771310384559634
7145,-0.02778499999999995,0.13121507,0.1590000657176971,6.808349999999997,16.77307,9.96471938171387,4.14725,13.072481,8.925231155395508,-0.01073589999999991,0.18912604,0.19986194451179495
7146,0.042215000000000114,0.13121507,0.08900006571769703,7.698349999999998,16.77307,9.07471938171387,7.7272500000000015,13.072481,5.345231155395506,0.07726410000000006,0.18912604,0.11186194451179499
7147,0.07221500000000014,0.13121507,0.059000065717697,9.628349999999998,16.77307,7.14471938171387,11.417250000000001,13.072481,1.6552311553955068,0.20026410000000006,0.18912604,-0.011138055488205012
7148,0.11221500000000006,0.13121507,0.01900006571769708,21.06835,16.77307,-4.295280618286132,17.457250000000002,13.072481,-4.384768844604494,0.27426410000000007,0.18912604,-0.08513805548820502
7149,0.1522150000000001,0.13121507,-0.020999934282302957,28.43835,16.77307,-11.665280618286133,20.277250000000002,13.072481,-7.204768844604494,0.32526410000000006,0.18912604,-0.136138055488205
7150,0.33221500000000015,0.13121507,-0.200999934282303,28.668349999999997,16.77307,-11.89528061828613,20.367250000000002,13.072481,-7.294768844604494,0.38726410000000006,0.18912604,-0.198138055488205
7203,0.09221500000000005,0.018523362,-0.07369163846611981,17.83835,11.936446,-5.901903810119627,15.10725,10.04547,-5.061779762268067,0.19226410000000005,0.06332463,-0.12893946973953252
7204,0.08421500000000015,0.018523362,-0.06569163846611992,17.038349999999998,11.936446,-5.101903810119627,13.407250000000001,10.04547,-3.3617797622680676,0.062264100000000044,0.06332463,0.0010605302604674849
7226,-0.07351200000000002,-0.016714465,0.05679753512692454,5.481820000000003,7.8196692,2.3378492466735814,1.40644,4.82604,3.419599791107178,-0.05369219999999997,0.006693949,0.060386148991596666
7227,-0.08951200000000004,-0.016714465,0.07279753512692455,5.031820000000003,7.8196692,2.7878492466735807,0.3064399999999985,4.82604,4.519599791107179,-0.07169219999999998,0.006693949,0.07838614899159668
7480,0.09468699999999985,0.08109345,-0.01359354712915406,23.459100000000003,23.046381,-0.4127190032959014,20.52853,19.59828,-0.9302500469970703,0.3218311,0.29409918,-0.02773191810951231
7481,0.07468699999999995,0.08109345,0.006406452870845847,25.1691,23.046381,-2.1227190032958987,21.25853,19.59828,-1.6602500469970707,0.3348311,0.29409918,-0.04073191810951232
7482,0.06730300000000011,-0.017075412,-0.08437841197538387,20.00581,11.444653,-8.561157442626953,19.58326,10.021774,-9.561485708007812,0.2944346,0.083708264,-0.2107263360663414
7483,-0.032696999999999976,-0.017075412,0.015621588024616218,12.905810000000002,11.444653,-1.4611574426269556,10.08326,10.021774,-0.061485708007811724,0.014434599999999964,0.083708264,0.06927366393365864
7484,-0.012696999999999958,-0.017075412,-0.0043784119753838,10.20581,11.444653,1.2388425573730473,9.683259999999999,10.021774,0.33851429199218863,0.08443460000000003,0.083708264,-0.0007263360663414264
7487,-0.042696999999999985,-0.017075412,0.025621588024616226,11.20581,11.444653,0.23884255737304727,9.183259999999999,10.021774,0.8385142919921886,0.04443459999999999,0.083708264,0.03927366393365861
7489,-0.0026969999999999494,-0.017075412,-0.014378411975383809,9.805810000000001,11.444653,1.6388425573730458,8.18326,10.021774,1.8385142919921869,0.024434599999999973,0.083708264,0.05927366393365863
7490,-0.032696999999999976,-0.017075412,0.015621588024616218,8.605810000000002,11.444653,2.838842557373045,7.083259999999999,10.021774,2.9385142919921883,0.03443459999999998,0.083708264,0.04927366393365862
7498,0.074847,0.06550855,-0.009338448104381558,5.09113,6.099355,1.008225220794678,6.153739999999999,6.0440226,-0.1097174398803702,0.06595679999999993,0.039080083,-0.026876716629791186
7548,0.10630499999999998,0.11822299,0.011917989141941088,10.098029999999998,11.698291,1.6002608248901389,12.352540000000001,13.931066,1.5785255593872058,0.11033899999999996,0.12675421,0.016415209399223363
7550,0.136305,0.11822299,-0.01808201085805894,10.438029999999998,11.698291,1.260260824890139,12.64254,13.931066,1.2885255593872067,0.09033900000000006,0.12675421,0.03641520939922327
7552,0.06630500000000006,0.11822299,0.05191798914194101,13.968029999999999,11.698291,-2.269739175109862,15.34254,13.931066,-1.4114744406127926,0.17033900000000002,0.12675421,-0.04358479060077669
7644,0.37889000000000006,0.28726494,-0.09162505687713629,10.965449999999999,11.621843,0.6563933380126965,15.82344,14.91695,-0.9064897741699216,0.30043050000000004,0.22995454,-0.07047595927047734
7645,0.29489,0.28726494,-0.007625056877136216,14.565449999999998,11.621843,-2.943606661987303,15.77344,14.91695,-0.8564897741699227,0.21243049999999997,0.22995454,0.01752404072952274
7762,-0.03761300000000012,0.03534401,0.0729570083563329,7.435680000000001,9.227275,1.791594894714354,3.8851499999999994,7.4857907,3.6006407295227056,-0.03254400000000013,0.04701343,0.07955743178749097
7763,-0.02761300000000011,0.03534401,0.06295700835633289,8.035680000000003,9.227275,1.1915948947143526,3.895150000000001,7.4857907,3.590640729522704,-0.06154400000000004,0.04701343,0.10855743178749089
7764,-0.03761300000000012,0.03534401,0.0729570083563329,7.985680000000002,9.227275,1.2415948947143534,3.815149999999999,7.4857907,3.670640729522706,-0.06654400000000005,0.04701343,0.11355743178749089
7766,-0.02761300000000011,0.03534401,0.06295700835633289,11.125680000000003,9.227275,-1.8984051052856472,8.11515,7.4857907,-0.6293592704772948,0.04145599999999994,0.04701343,0.005557431787490907
7767,-0.02761300000000011,0.03534401,0.06295700835633289,17.95568,9.227275,-8.728405105285646,13.195150000000002,7.4857907,-5.709359270477297,0.07145599999999996,0.04701343,-0.02444256821250912
7768,-0.04761300000000013,0.03534401,0.0829570083563329,5.3456800000000015,9.227275,3.881594894714354,1.265150000000002,7.4857907,6.220640729522703,-0.08454399999999995,0.04701343,0.1315574317874908
7946,-0.09579500000000007,-0.06394959,0.03184540758848198,3.6104699999999994,4.289834,0.6793640225219733,1.0476099999999988,2.1842382,1.1366281954193127,0.0007224000000000119,0.033547763,0.032825362781381595
8023,0.04838699999999996,0.03534401,-0.013042991643667179,5.99568,9.227275,3.2315948947143553,7.78515,7.4857907,-0.2993592704772947,0.1314559999999999,0.04701343,-0.08444256821250906
8032,0.00044200000000005346,0.020279737,0.019837737189412064,7.178659999999997,8.388306,1.2096456640625028,7.678690000000001,10.539691,2.8610009713745104,0.0050736000000000114,0.061954275,0.056880674773597706
8034,0.04044200000000009,0.020279737,-0.020162262810587972,9.298659999999998,8.388306,-0.9103543359374981,12.72869,10.539691,-2.1889990286254886,0.10007359999999998,0.061954275,-0.03811932522640227
8057,0.0542450000000001,0.046007916,-0.0082370836687089,4.586269999999999,7.4052896,2.81901964996338,7.649840000000001,8.519238,0.8693984719848622,0.16017380000000003,0.13484259,-0.02533121050243381
8058,0.012959000000000165,0.05196773,0.039008728883027866,10.168589999999998,10.198984,0.03039414611816582,9.86852,11.139185,1.2706649517822264,0.06296540000000006,0.13174498,0.0687795808120727
8086,-0.030613,0.06350485,0.09411785235452652,6.105680000000003,9.057861,2.952181328124997,2.305150000000001,7.158365,4.85321477279663,-0.06354400000000004,0.005638016,0.069182015922159
8087,-0.014612999999999987,0.06350485,0.0781178523545265,6.705680000000001,9.057861,2.352181328124999,3.605150000000002,7.158365,3.553214772796629,-0.03554400000000002,0.005638016,0.04118201592215898
8088,-0.023613000000000106,0.06350485,0.08711785235452663,6.105680000000003,9.057861,2.952181328124997,2.905149999999999,7.158365,4.253214772796632,-0.04354400000000003,0.005638016,0.049182015922158984
8167,0.2214879999999999,0.14683548,-0.07465252383995047,8.641820000000003,9.902863,1.2610425488281223,11.51644,9.774815,-1.7416253942871087,0.10030780000000006,0.04682701,-0.053480789189624844
8168,0.3414879999999999,0.14683548,-0.19465252383995046,9.041820000000001,9.902863,0.8610425488281237,13.01644,9.774815,-3.2416253942871087,0.16330780000000011,0.04682701,-0.1164807891896249
8169,0.2214879999999999,0.14683548,-0.07465252383995047,12.641820000000003,9.902863,-2.7389574511718777,12.51644,9.774815,-2.7416253942871087,0.041307800000000006,0.04682701,0.005519210810375208
8177,-0.03899000000000008,0.018438987,0.05742898743391045,8.26493,11.634647,3.369717369384766,5.796899999999999,8.15725,2.360350404357911,0.019842499999999985,-0.048628666,-0.06847116550683974
8178,0.16101,0.018438987,-0.14257101256608962,23.96493,11.634647,-12.330282630615233,16.596899999999998,8.15725,-8.439649595642088,-0.3101575,-0.048628666,0.2615288344931602
8179,0.06101000000000001,0.018438987,-0.04257101256608964,15.00493,11.634647,-3.3702826306152343,10.306899999999999,8.15725,-2.1496495956420887,-0.07015749999999998,-0.048628666,0.02152883449316023
8181,-0.03899000000000008,0.018438987,0.05742898743391045,7.08493,11.634647,4.549717369384766,5.286899999999999,8.15725,2.870350404357911,0.0398425,-0.048628666,-0.08847116550683976
8182,-0.03899000000000008,0.018438987,0.05742898743391045,7.124929999999999,11.634647,4.5097173693847665,5.4169,8.15725,2.74035040435791,0.0398425,-0.048628666,-0.08847116550683976
8199,-0.05008900000000005,0.038030904,0.08811990378642087,9.17586,9.105713,-0.07014710937500013,7.67356,9.106932,1.433371686401367,0.08676649999999997,0.12921016,0.042443659182548554
8201,0.09991099999999997,0.038030904,-0.06188009621357915,10.69586,9.105713,-1.5901471093749997,12.54356,9.106932,-3.436628313598632,0.21676649999999997,0.12921016,-0.08755634081745145
8247,0.002386999999999917,0.029290143,0.026903143400430762,9.105680000000003,9.92325,0.8175701983642547,6.805150000000001,7.8154764,1.0103264175415028,0.016455999999999915,0.048416197,0.03196019729995736
8254,0.032386999999999944,0.029290143,-0.0030968565995692643,9.605680000000003,9.92325,0.3175701983642547,8.70515,7.8154764,-0.8896735824584958,0.08145599999999997,0.048416197,-0.0330398027000427
8329,0.06221500000000013,0.012230162,-0.04998483842253698,6.3683499999999995,9.490152,3.1218023590087896,7.907250000000001,6.389459,-1.5177908668518079,0.11326410000000009,-0.008734726,-0.1219988263470293
8330,-0.047784999999999966,0.012230162,0.060015161577463116,5.958349999999999,9.490152,3.5318023590087897,6.207250000000002,6.389459,0.18220913314819143,0.11226410000000009,-0.008734726,-0.1209988263470293
8647,-0.015009999999999968,-0.00017599046,0.014834009544681726,10.32159,12.772525,2.4509348336791987,7.48508,9.426175,1.9410951174926758,0.019483599999999934,0.036419794,0.016936193963432378
8700,-0.09778500000000001,0.012230162,0.11001516157746316,7.898349999999997,9.490152,1.591802359008792,3.6072500000000005,6.389459,2.782209133148193,-0.02273589999999992,-0.008734726,0.014001173652970711
8701,-0.09778500000000001,0.012230162,0.11001516157746316,6.958349999999999,9.490152,2.5318023590087897,1.9072500000000012,6.389459,4.482209133148192,-0.06373589999999985,-0.008734726,0.055001173652970636
8755,0.06088300000000002,-0.0045353086,-0.06541830857339503,5.277709999999999,6.2138195,0.9361095037841807,6.316690000000001,6.824388,0.5076980271911609,0.0613556999999999,0.09993802,0.03858232011013041
8756,0.002215000000000078,0.015184919,0.012969919349849146,6.43835,8.889474,2.451123915100098,3.497250000000001,6.4854293,2.988179286956786,-0.04773589999999994,0.018019283,0.06575518319036955
8757,-0.01778499999999994,0.015184919,0.032969919349849164,9.828349999999997,8.889474,-0.9388760848998992,6.567250000000001,6.4854293,-0.08182071304321425,-0.007735899999999907,0.018019283,0.025755183190369513
8766,0.12303000000000008,0.097354665,-0.025675334601402366,17.38507,15.43617,-1.9489003756713856,16.80032,15.121802,-1.6785176699829094,0.15565819999999997,0.11790428,-0.03775391689367291
8767,0.09303000000000006,0.097354665,0.00432466539859766,16.48507,15.43617,-1.048900375671387,15.900319999999999,15.121802,-0.778517669982909,0.12565819999999994,0.11790428,-0.007753916893672885
8768,0.08303000000000016,0.097354665,0.014324665398597558,15.285070000000001,15.43617,0.15109962432861224,15.000319999999999,15.121802,0.1214823300170913,0.10565820000000004,0.11790428,0.012246083106327021
8769,0.07303000000000015,0.097354665,0.024324665398597567,14.48507,15.43617,0.951099624328613,14.30032,15.121802,0.8214823300170906,0.09565820000000003,0.11790428,0.02224608310632703
8773,0.08303000000000016,0.097354665,0.014324665398597558,14.68507,15.43617,0.7510996243286137,14.30032,15.121802,0.8214823300170906,0.09565820000000003,0.11790428,0.02224608310632703
8774,0.06303000000000014,0.097354665,0.034324665398597576,13.68507,15.43617,1.7510996243286137,13.400319999999999,15.121802,1.721482330017091,0.09565820000000003,0.11790428,0.02224608310632703
8775,0.09303000000000006,0.097354665,0.00432466539859766,14.98507,15.43617,0.45109962432861295,14.700319999999998,15.121802,0.421482330017092,0.10565820000000004,0.11790428,0.012246083106327021
8819,-0.0717620000000001,-0.0821947,-0.010432700837135211,9.75629,8.597283,-1.1590066366577148,8.558089999999998,6.7296405,-1.828449516143797,0.08970110000000009,0.05939421,-0.03030688942298898
8831,0.03707080000000007,0.021610253,-0.015460547440815042,7.439170000000004,7.301489,-0.13768112365723084,8.10021,7.7534857,-0.34672432037353573,0.10348449999999998,0.10001986,-0.003464642712593058
8833,0.007070800000000044,0.021610253,0.014539452559184984,6.939170000000004,7.301489,0.36231887634276916,7.340210000000001,7.7534857,0.41327567962646405,0.10048450000000009,0.10001986,-0.00046464271259316625
8849,-0.004813999999999874,-0.054180276,-0.04936627564883245,17.73925,14.836141,-2.903109367370604,16.73725,14.3582115,-2.379038482666015,0.1379144,0.11528576,-0.02262863834562301
8850,-0.023217699999999897,-0.023330782,-0.0001130816088200648,10.888630000000003,11.126479,0.2378491488647434,9.35089,9.56708,0.2161895440673831,0.06411140000000004,0.09437353,0.030262131639575918
8851,-0.027660999999999936,-0.002463297,0.0251977030128836,10.336780000000001,11.1133175,0.7765374896240225,8.704699999999999,10.08622,1.3815197875976573,0.04876780000000003,0.059920263,0.011152462545347186
8852,-0.010661000000000032,-0.002463297,0.008197703012883695,11.746780000000001,11.1133175,-0.6334625103759777,10.3547,10.08622,-0.2684802124023431,0.05876780000000004,0.059920263,0.001152462545347177
8853,-0.04739899999999997,-0.014038699,0.03336030125224587,11.47148,11.553031,0.08155096771240267,9.756269999999999,11.015808,1.2595381054687511,0.0933676,0.13999371,0.04662611230602265
9062,0.21238699999999988,0.11710441,-0.09528258887481678,25.805680000000002,17.987434,-7.818245612792971,19.80515,15.817538,-3.987611738586427,0.42145599999999994,0.2661963,-0.15525968947982782
9063,0.09238699999999989,0.11710441,0.02471741112518322,13.805680000000002,17.987434,4.181754387207029,12.10515,15.817538,3.712388261413574,0.10145599999999999,0.2661963,0.16474031052017213
9064,0.2223869999999999,0.11710441,-0.10528258887481678,23.405680000000004,17.987434,-5.418245612792973,18.40515,15.817538,-2.587611738586425,0.221456,0.2661963,0.04474031052017213
9065,0.09238699999999989,0.11710441,0.02471741112518322,13.605680000000001,17.987434,4.38175438720703,15.305150000000001,15.817538,0.5123882614135731,0.331456,0.2661963,-0.06525968947982785
9066,0.05238699999999996,0.11710441,0.06471741112518314,12.505680000000002,17.987434,5.48175438720703,13.20515,15.817538,2.6123882614135745,0.23145599999999994,0.2661963,0.03474031052017218
9080,-0.03761300000000012,0.029290143,0.0669031434004308,6.525680000000001,9.92325,3.3975701983642566,5.3351500000000005,7.8154764,2.4803264175415034,0.051455999999999946,0.048416197,-0.003039802700042671
9090,0.12148799999999993,-0.011673739,-0.13316173917996876,13.471820000000003,8.513663,-4.9581567080688504,13.72644,5.0343814,-8.69205861038208,0.19930780000000003,-0.015034287,-0.21434208723663095
9093,0.012386999999999926,0.03534401,0.022957008356332853,12.645680000000002,9.227275,-3.418405105285647,10.635150000000001,7.4857907,-3.149359270477296,0.09645599999999999,0.04701343,-0.04944256821250914
9094,0.012386999999999926,0.03534401,0.022957008356332853,12.325680000000002,9.227275,-3.0984051052856465,9.645150000000001,7.4857907,-2.159359270477296,0.04345599999999994,0.04701343,0.0035574317874909056
9097,-0.028512000000000093,-0.016714465,0.011797535126924608,7.221820000000001,7.8196692,0.597849246673583,5.696439999999999,4.82604,-0.8704002088928213,0.04630780000000001,0.006693949,-0.03961385100840331
9099,-0.05851200000000012,-0.016714465,0.041797535126924634,5.671820000000004,7.8196692,2.14784924667358,1.9864399999999982,4.82604,2.8395997911071795,-0.04369219999999996,0.006693949,0.05038614899159666
9100,-0.05851200000000012,-0.016714465,0.041797535126924634,6.641820000000003,7.8196692,1.1778492466735813,3.0864399999999996,4.82604,1.739599791107178,-0.03369219999999995,0.006693949,0.04038614899159665
9101,-0.04851200000000011,-0.016714465,0.031797535126924625,7.031820000000003,7.8196692,0.7878492466735807,3.5964399999999976,4.82604,1.22959979110718,-0.03169219999999995,0.006693949,0.03838614899159665
9106,-0.03761300000000012,-0.018452533,0.01916046741056454,6.33568,6.738058,0.40237809020996096,1.8051500000000011,3.0558708,1.25072077140808,-0.08854400000000007,-0.048902348,0.03964165231609351
9107,-0.057613000000000136,-0.018452533,0.03916046741056456,7.425680000000003,6.738058,-0.6876219097900425,2.805150000000001,3.0558708,0.2507207714080799,-0.06854400000000005,-0.048902348,0.019641652316093494
9108,0.04238699999999995,-0.018452533,-0.06083953258943553,6.705680000000001,6.738058,0.032378090209959964,4.305150000000001,3.0558708,-1.24927922859192,-0.04854400000000003,-0.048902348,-0.0003583476839065236
9109,0.002386999999999917,-0.018452533,-0.020839532589435494,6.505680000000002,6.738058,0.23237809020995925,3.7051499999999997,3.0558708,-0.6492792285919187,-0.03854400000000002,-0.048902348,-0.010358347683906532
9110,-0.03761300000000012,-0.018452533,0.01916046741056454,6.505680000000002,6.738058,0.23237809020995925,3.305150000000001,3.0558708,-0.2492792285919201,-0.028544000000000014,-0.048902348,-0.02035834768390654
9111,-0.0176130000000001,-0.018452533,-0.0008395325894354766,6.505680000000002,6.738058,0.23237809020995925,3.2051499999999997,3.0558708,-0.14927922859191867,-0.04854400000000003,-0.048902348,-0.0003583476839065236
9113,-0.04761300000000013,-0.018452533,0.02916046741056455,5.305680000000002,6.738058,1.4323780902099585,0.7051499999999997,3.0558708,2.3507207714080813,-0.08854400000000007,-0.048902348,0.03964165231609351
9114,-0.06761300000000015,-0.018452533,0.04916046741056457,6.105680000000003,6.738058,0.6323780902099578,1.5051500000000004,3.0558708,1.5507207714080806,-0.06854400000000005,-0.048902348,0.019641652316093494
9138,-0.044613000000000014,-0.018892672,0.02572032808709146,6.235680000000002,7.04377,0.8080898364257791,2.675150000000002,3.9703887,1.295238650894163,-0.041544000000000025,-0.017794484,0.023749515727400805
9224,-0.0782830000000001,-0.006167284,0.0721157157869936,7.660720000000001,9.594585,1.9338654187011706,3.738900000000001,6.5648212,2.825921243286132,-0.024994799999999984,0.0038237893,0.028818589302259667
9226,-0.048283000000000076,-0.006167284,0.04211571578699358,8.160720000000001,9.594585,1.4338654187011706,4.238899999999999,6.5648212,2.3259212432861336,-0.0449948,0.0038237893,0.048818589302259685
9783,-0.057613000000000136,0.0453138,0.10292680161643042,7.305680000000002,8.179137,0.8734572299194312,2.5051500000000004,7.578051,5.072901090240478,-0.07854400000000006,0.085561596,0.16410559585714346
9785,-0.11761299999999997,-0.0609702,0.05664280163693425,6.805680000000002,7.466939,0.6612589724731421,1.0051500000000004,3.6033673,2.5982173286437984,-0.07854400000000006,-0.009627553,0.0689164472969771
9787,-0.09761300000000017,0.0453138,0.14292680161643045,6.805680000000002,8.179137,1.3734572299194312,1.6051500000000019,7.578051,5.972901090240477,-0.06854400000000005,0.085561596,0.15410559585714345
9867,0.14238699999999993,0.029290143,-0.11309685659956925,11.72568,9.92325,-1.8024298016357427,10.03515,7.8154764,-2.219673582458496,0.20145599999999997,0.048416197,-0.1530398027000427
9916,-0.06761300000000015,0.03534401,0.10295700835633292,5.33568,9.227275,3.8915948947143555,2.805150000000001,7.4857907,4.680640729522704,0.005456000000000016,0.04701343,0.04155743178749083
9918,-0.04761300000000013,0.03534401,0.0829570083563329,5.705680000000001,9.227275,3.5215948947143545,3.105150000000002,7.4857907,4.380640729522703,0.0014560000000000128,0.04701343,0.04555743178749083
9919,-0.03761300000000012,0.03534401,0.0729570083563329,5.285680000000003,9.227275,3.9415948947143526,4.20515,7.4857907,3.2806407295227054,0.04345599999999994,0.04701343,0.0035574317874909056
9955,-0.08901000000000003,-0.042785402,0.046224597612619434,6.16159,8.576379,2.41478882232666,1.775079999999999,4.434728,2.659648145599366,-0.048516400000000015,0.0063978187,0.05491421868085267
9956,-0.11600999999999995,-0.042785402,0.07322459761261935,7.261590000000002,8.576379,1.3147888223266584,2.2050800000000024,4.434728,2.229648145599363,-0.05051640000000013,0.0063978187,0.05691421868085278
10212,-0.03761300000000012,0.029290143,0.0669031434004308,7.935680000000001,9.92325,1.9875701983642564,3.8451500000000003,7.8154764,3.9703264175415036,-0.05554400000000004,0.048416197,0.10396019729995731
10237,-0.02761300000000011,0.029290143,0.05690314340043079,8.185680000000001,9.92325,1.7375701983642564,5.03515,7.8154764,2.780326417541504,-0.006543999999999994,0.048416197,0.05496019729995727
10243,-0.06761300000000015,0.029290143,0.09690314340043082,7.855680000000003,9.92325,2.0675701983642547,3.5451499999999996,7.8154764,4.270326417541504,-0.04654400000000003,0.048416197,0.0949601972999573
10248,-0.06761300000000015,0.029290143,0.09690314340043082,7.855680000000003,9.92325,2.0675701983642547,3.5451499999999996,7.8154764,4.270326417541504,-0.04654400000000003,0.048416197,0.0949601972999573
10596,0.13920299999999997,0.08540736,-0.053795638611793484,4.226890000000001,3.849146,-0.37774411071777436,9.69497,7.905689,-1.7892812373352047,0.20916060000000003,0.17342044,-0.03574015586910251
10597,0.16020299999999998,0.08540736,-0.0747956386117935,4.3768899999999995,3.849146,-0.5277441107177729,11.15497,7.905689,-3.2492812373352056,0.26916059999999997,0.17342044,-0.09574015586910245
10598,0.11620299999999995,0.08540736,-0.030795638611793463,3.7868899999999996,3.849146,0.06225588928222692,7.76497,7.905689,0.140718762664795,0.13816060000000008,0.17342044,0.035259844130897444
10599,0.13920299999999997,0.08540736,-0.053795638611793484,3.8768899999999995,3.849146,-0.02774411071777294,8.77497,7.905689,-0.8692812373352048,0.1691606,0.17342044,0.004259844130897528
10600,-0.009797000000000056,0.08540736,0.09520436138820654,2.7768900000000016,3.849146,1.072255889282225,3.8249700000000004,7.905689,4.0807187626647945,0.07716059999999991,0.17342044,0.09625984413089761
10601,0.00020299999999995322,0.08540736,0.08520436138820653,3.046890000000001,3.849146,0.8022558892822254,5.394970000000001,7.905689,2.510718762664794,0.12916059999999996,0.17342044,0.04425984413089756
10602,0.00020299999999995322,0.08540736,0.08520436138820653,4.01689,3.849146,-0.1677441107177735,6.02497,7.905689,1.8807187626647952,0.12916059999999996,0.17342044,0.04425984413089756
10603,0.14020299999999997,0.08540736,-0.054795638611793485,4.986889999999999,3.849146,-1.1377441107177724,11.00497,7.905689,-3.099281237335205,0.25916059999999996,0.17342044,-0.08574015586910244
10628,0.07325700000000013,0.06132792,-0.011929080636024603,10.961200000000003,9.909362,-1.0518381607055698,11.059470000000001,10.903078,-0.1563919207763682,0.12064750000000002,0.1556869,0.03503940001964567
10667,-0.07778499999999999,0.015184919,0.09296991934984922,6.238349999999997,8.889474,2.6511239151001007,1.5072500000000026,6.4854293,4.9781792869567845,-0.06773589999999996,0.018019283,0.08575518319036957
10923,-0.00012699999999998823,-0.0035877759,-0.0034607758637070773,3.0378700000000016,4.4161463,1.378276278381346,3.4859299999999998,4.7786107,1.292680706329346,0.08053949999999999,0.06540475,-0.01513474959325789
11012,-0.02761300000000011,0.04170286,0.06931585910367977,7.805680000000002,9.021443,1.2157633670043921,4.20515,8.2778845,4.072734483337403,-0.03854400000000002,0.0740961,0.11264009854221346
11140,-0.08963300000000007,-0.026994152,0.06263884800541408,7.340070000000001,8.365044,1.024973640136718,3.934049999999999,7.2833138,3.349263751220704,0.0040840000000000876,0.0842633,0.08017930238580695
11141,-0.03963300000000003,-0.026994152,0.012638848005414038,7.6400700000000015,8.365044,0.7249736401367173,5.63405,7.2833138,1.649263751220703,0.04408400000000001,0.0842633,0.040179302385807025
11142,-0.06963300000000006,-0.026994152,0.042638848005414065,7.54007,8.365044,0.8249736401367187,6.13405,7.2833138,1.149263751220703,0.04408400000000001,0.0842633,0.040179302385807025
11143,-0.03963300000000003,-0.026994152,0.012638848005414038,7.840070000000001,8.365044,0.524973640136718,7.73405,7.2833138,-0.45073624877929674,0.13408399999999998,0.0842633,-0.049820697614192944
11144,0.10036699999999998,-0.026994152,-0.12736115199458597,8.640070000000001,8.365044,-0.2750263598632827,13.23405,7.2833138,-5.950736248779297,0.28408400000000006,0.0842633,-0.19982069761419302
11236,-0.02761300000000011,0.020241031,0.04785403142321121,10.105680000000003,9.713319,-0.3923611752319367,6.805150000000001,8.823322,2.018172296142577,0.0014560000000000128,0.08349082,0.08203481873893737
11258,-0.031074999999999964,-0.04053745,-0.009462450462579763,4.4877199999999995,4.332101,-0.15561913177490183,4.945819999999998,5.1476955,0.20187554138183827,0.08829010000000004,0.11275236,0.024462263085746727
11259,-0.031074999999999964,-0.04053745,-0.009462450462579763,4.637719999999998,4.332101,-0.3056191317749004,5.215819999999999,5.1476955,-0.06812445861816308,0.09829009999999994,0.11275236,0.01446226308574683
11260,-0.031074999999999964,-0.04053745,-0.009462450462579763,4.53772,4.332101,-0.20561913177490254,6.015819999999998,5.1476955,-0.868124458618162,0.14829009999999998,0.11275236,-0.035537736914253215
11269,0.1522150000000001,0.015184919,-0.13703008065015088,17.63835,8.889474,-8.748876084899901,16.39725,6.4854293,-9.911820713043213,0.2922641,0.018019283,-0.2742448168096304
11270,0.13221500000000008,0.015184919,-0.11703008065015086,16.13835,8.889474,-7.248876084899901,14.437250000000002,6.4854293,-7.951820713043215,0.16226410000000002,0.018019283,-0.14424481680963042
11271,0.08221500000000015,0.015184919,-0.06703008065015092,15.138349999999999,8.889474,-6.248876084899901,12.847250000000003,6.4854293,-6.361820713043215,0.10226410000000008,0.018019283,-0.08424481680963047
11273,0.032215000000000105,0.015184919,-0.01703008065015088,13.338349999999998,8.889474,-4.448876084899901,10.43725,6.4854293,-3.9518207130432135,0.04226410000000003,0.018019283,-0.02424481680963042
11274,0.022215000000000096,0.015184919,-0.007030080650150872,11.238349999999997,8.889474,-2.3488760848998993,8.087250000000001,6.4854293,-1.6018207130432138,-0.007735899999999907,0.018019283,0.025755183190369513
11275,0.08221500000000015,0.015184919,-0.06703008065015092,15.438349999999998,8.889474,-6.5488760848999,14.35725,6.4854293,-7.871820713043213,0.21226410000000007,0.018019283,-0.19424481680963046
11312,0.05221500000000012,0.012230162,-0.03998483842253697,7.8683499999999995,9.490152,1.6218023590087896,6.747250000000001,6.389459,-0.3577908668518077,0.02226410000000001,-0.008734726,-0.030998826347029218
11313,0.07221500000000014,0.012230162,-0.05998483842253699,6.34835,9.490152,3.141802359008789,6.177250000000001,6.389459,0.21220913314819256,0.0122641,-0.008734726,-0.02099882634702921
11397,-0.10716480000000006,-0.073517755,0.033647045326042235,6.7603100000000005,6.4765186,-0.2837913690185552,2.82747,3.814516,0.9870460675048829,-0.05968600000000002,-0.040321913,0.0193640873835087
11399,-0.005665999999999949,0.0188602,0.02452620042002196,12.34627,11.283701,-1.0625690570068365,9.28789,8.703224,-0.5846658178710946,0.025034400000000012,0.012684611,-0.012349789327704919
11400,-0.003174999999999928,0.0062019937,0.009376993674039769,3.362940000000002,4.93118,1.568240000305174,2.7921299999999984,4.1228113,1.3306813174438492,0.019739300000000015,0.031227574,0.011488273752403244
11733,0.07214300000000007,0.08664157,0.014498572415828637,10.011790000000001,10.083736,0.07194641967773308,9.760409999999998,9.94903,0.1886199224853531,0.06292330000000002,0.08319226,0.02026895907325743
11736,0.03214300000000003,0.08664157,0.05449857241582867,10.191790000000001,10.083736,-0.10805358032226664,9.27041,9.94903,0.6786199224853515,0.0429233,0.08319226,0.04026895907325745
11737,0.08214299999999997,0.08664157,0.004498572415828739,9.98179,10.083736,0.10194641967773421,10.170409999999999,9.94903,-0.22138007751464706,0.07292330000000002,0.08319226,0.010268959073257422
11738,0.11214299999999999,0.08664157,-0.025501427584171288,9.721789999999999,10.083736,0.3619464196777358,10.39041,9.94903,-0.4413800775146477,0.07292330000000002,0.08319226,0.010268959073257422
11739,0.03214300000000003,0.08664157,0.05449857241582867,10.191790000000001,10.083736,-0.10805358032226664,9.27041,9.94903,0.6786199224853515,0.0429233,0.08319226,0.04026895907325745
11740,0.07214300000000007,0.08664157,0.014498572415828637,9.46179,10.083736,0.6219464196777338,9.31041,9.94903,0.6386199224853524,0.06292330000000002,0.08319226,0.02026895907325743
11741,0.08214299999999997,0.08664157,0.004498572415828739,9.201789999999999,10.083736,0.8819464196777353,9.98041,9.94903,-0.03138007751464755,0.09292329999999993,0.08319226,-0.009731040926742485
11765,0.03621500000000011,0.010517094,-0.025697905715704072,7.8683499999999995,7.327993,-0.5403570838928218,8.407250000000001,5.944769,-2.462481094360353,0.11226410000000009,0.037662677,-0.07460142253313073
11773,-0.07377500000000015,0.04675829,0.12053329038023963,10.026040000000002,15.253374,5.2273340997314435,7.631529999999998,14.87034,7.238810347290041,0.030508800000000003,0.14405943,0.1135506345331192
11800,-0.0330410000000001,-0.023789426,0.00925157368814955,7.41066,7.2128096,-0.19785043731689456,10.69454,10.221238,-0.47330186370849603,0.23754930000000007,0.20236547,-0.03518382708721168
11801,-0.008383999999999947,-0.019844009,-0.011460008609652572,6.91039,7.6940036,0.7836135820007328,8.588189999999999,9.201688,0.6134978128051767,0.1426423,0.17609224,0.0334499372341156
11802,-0.038383999999999974,-0.019844009,0.018539991390347454,6.91039,7.6940036,0.7836135820007328,7.9881899999999995,9.201688,1.2134978128051763,0.1326423,0.17609224,0.04344993723411561
11803,-0.068384,-0.019844009,0.04853999139034748,6.110389999999999,7.6940036,1.5836135820007335,6.688189999999999,9.201688,2.513497812805177,0.12364229999999998,0.17609224,0.05244993723411562
11804,-0.028383999999999965,-0.019844009,0.008539991390347446,7.21039,7.6940036,0.4836135820007321,9.28819,9.201688,-0.08650218719482439,0.17664230000000003,0.17609224,-0.0005500627658844293
11805,0.01161600000000007,-0.019844009,-0.03146000860965259,8.71039,7.6940036,-1.0163864179992679,12.28819,9.201688,-3.0865021871948244,0.2546423000000001,0.17609224,-0.0785500627658845
11981,0.07238699999999998,0.08351603,0.011129031503677389,13.175680000000002,11.360273,-1.815406638793947,13.54515,12.077305,-1.467845159912109,0.22845600000000005,0.19117244,-0.03728356412029271
11982,0.08238699999999999,0.08351603,0.0011290315036773801,14.605680000000001,11.360273,-3.2454066387939466,14.20515,12.077305,-2.127845159912109,0.26545599999999997,0.19117244,-0.07428356412029263
12001,0.03315899999999994,0.13086762,0.09770861534214026,12.967910000000003,13.085687,0.11777668365478178,16.3201,17.96531,1.6452091430664062,0.3273436000000001,0.3944528,0.06710921028747546
12002,0.04315899999999995,0.13086762,0.08770861534214025,13.667910000000003,13.085687,-0.5822233163452175,17.5601,17.96531,0.40520914306640776,0.37834360000000006,0.3944528,0.01610921028747553
12032,0.12238699999999991,0.08351603,-0.038870968496322544,11.40568,11.360273,-0.045406638793945575,12.215150000000001,12.077305,-0.13784515991211066,0.17145599999999994,0.19117244,0.019716435879707395
12033,0.1123869999999999,0.08351603,-0.028870968496322535,6.425680000000003,11.360273,4.934593361206051,10.01515,12.077305,2.0621548400878904,0.18145599999999995,0.19117244,0.009716435879707386
12054,-0.008027000000000006,0.006072535,0.014099535179555422,11.822220000000002,12.910478,1.0882576382446274,8.515290000000002,9.603506,1.088216088256834,0.009383700000000106,0.027080733,0.017697033329057588
12055,-0.01693699999999998,-0.029319823,-0.012382822788238546,18.31426,16.102705,-2.211554998168946,12.347019999999999,10.523823,-1.8231972155761706,-0.007008199999999909,-0.012771506,-0.005763305862474533
12056,-0.062287800000000004,-0.04403339,0.01825441046147347,6.872430000000001,6.952032,0.07960208923339707,4.446389999999999,5.227117,0.7807270616149911,0.010692499999999883,0.02293751,0.012245010162592052
12454,0.6049899999999999,0.104336135,-0.5006538649106025,19.72159,12.4667635,-7.254826503601073,19.26508,10.333469,-8.93161060913086,0.42248359999999996,0.08537969,-0.33710391006813045
12455,0.27498999999999996,0.104336135,-0.17065386491060253,17.19159,12.4667635,-4.724826503601076,18.19508,10.333469,-7.86161060913086,0.4554836,0.08537969,-0.3701039100681305
12499,-0.07901000000000002,0.104336135,0.18334613508939746,11.851590000000002,12.4667635,0.6151734963989242,8.05508,10.333469,2.2783893908691404,0.030483600000000055,0.08537969,0.05489608993186945
12501,-0.022010000000000085,0.104336135,0.12634613508939752,16.32159,12.4667635,-3.8548265036010747,11.28508,10.333469,-0.95161060913086,-0.007516399999999979,0.08537969,0.09289608993186949
12639,0.3685139999999999,0.23001005,-0.1385039524450301,14.963110000000002,12.109784,-2.853325873718264,16.182830000000003,13.477606,-2.7052241802978543,0.23898579999999991,0.18513839,-0.05384741053180686
12640,0.3685139999999999,0.23001005,-0.1385039524450301,16.46311,12.109784,-4.353325873718262,15.882830000000002,13.477606,-2.4052241802978536,0.23898579999999991,0.18513839,-0.05384741053180686
12641,-0.007784999999999931,0.029914914,0.03769991369903081,10.238349999999997,8.859226,-1.3791237731933563,11.387250000000002,8.824028,-2.563221984863283,0.22226410000000008,0.075607866,-0.1466562339511872
12818,0.14238699999999993,0.0453138,-0.09707319838356965,7.205680000000001,8.179137,0.9734572299194326,12.40515,7.578051,-4.827098909759522,0.273456,0.085561596,-0.18789440414285657
12820,0.006215000000000082,0.015184919,0.008969919349849143,6.488349999999997,8.889474,2.4011239151001007,5.007250000000001,6.4854293,1.4781792869567862,0.0122641,0.018019283,0.005755183190369606
12912,0.02049000000000012,-0.001478916,-0.02196891603410256,6.282160000000001,6.453352,0.1711919744873036,6.083500000000001,5.9435754,-0.13992461776733478,0.048228600000000066,0.047413986,-0.0008146138237477007
13148,-0.03778499999999996,0.015184919,0.05296991934984918,12.52835,8.889474,-3.638876084899902,12.997250000000001,6.4854293,-6.511820713043214,0.26726410000000006,0.018019283,-0.24924481680963045
13200,0.33618000000000003,0.30351728,-0.03266271799087528,9.416830000000001,9.913282,0.49645239440917877,12.889339999999999,12.378213,-0.5111270712280263,0.24011690000000002,0.186344,-0.053772902283096335
13202,0.26217999999999997,0.30351728,0.04133728200912479,8.47683,9.913282,1.43645239440918,12.17934,12.378213,0.19887292877197282,0.1671169,0.186344,0.019227097716903674
13203,0.3081800000000001,0.30351728,-0.004662717990875365,9.40683,9.913282,0.5064523944091803,12.17934,12.378213,0.19887292877197282,0.2071169,0.186344,-0.020772902283096306
13205,0.2961800000000001,0.30351728,0.007337282009124646,11.99683,9.913282,-2.0835476055908195,12.37934,12.378213,-0.001127071228026466,0.1451169,0.186344,0.04122709771690369
13246,-0.04996500000000004,0.033927284,0.08389228418111805,10.0657,11.959918,1.894218022155762,7.368500000000001,9.558833,2.190333122253417,0.046205199999999946,0.11253972,0.06633452351551061
13310,0.08238699999999999,0.14671388,0.06432688268470765,26.56568,17.98124,-8.584440681152344,19.00515,14.314694,-4.69045559539795,0.061455999999999955,0.095673725,0.03421772500896458
13312,0.19238699999999997,0.14671388,-0.04567311731529233,16.77568,17.98124,1.205559318847655,15.305150000000001,14.314694,-0.9904555953979504,0.18145599999999995,0.095673725,-0.08578227499103541
13411,-0.009613000000000094,0.034364495,0.04397749542641649,9.205680000000001,9.614404,0.4087237246704092,8.50515,7.749967,-0.7551829017639164,-0.03854400000000002,0.005292451,0.04383645100915434
13412,0.035386999999999946,0.034364495,-0.0010225045735835492,10.205680000000001,9.614404,-0.5912762753295908,7.20515,7.749967,0.5448170982360843,-0.018544000000000005,0.005292451,0.023836451009154325
13456,-0.03168099999999985,-0.021646533,0.0100344668385981,13.923570000000002,14.484081,0.5605112683105453,6.96186,8.37643,1.4145695578002933,-0.11187360000000002,-0.055550028,0.056323572361326235
13457,0.003319000000000072,-0.021646533,-0.02496553316140182,14.32357,14.484081,0.16051126831054674,9.35186,8.37643,-0.9754304421997073,-0.0028736000000000317,-0.055550028,-0.05267642763867375
13458,0.0073190000000000754,-0.021646533,-0.028965533161401824,14.11357,14.484081,0.3705112683105476,9.00186,8.37643,-0.6254304421997077,-0.04487359999999996,-0.055550028,-0.010676427638673824
13460,-0.0836809999999999,-0.021646533,0.062034466838598146,12.563570000000002,14.484081,1.9205112683105448,5.391860000000001,8.37643,2.9845695578002918,-0.09387359999999989,-0.055550028,0.03832357236132611
13461,-0.04668099999999997,-0.021646533,0.025034466838598224,13.62357,14.484081,0.860511268310546,7.251860000000001,8.37643,1.1245695578002923,-0.042873599999999956,-0.055550028,-0.012676427638673826
13464,-0.05568099999999987,-0.021646533,0.03403446683859812,18.60357,14.484081,-4.119488731689454,10.72186,8.37643,-2.3454304421997065,-0.1038735999999999,-0.055550028,0.04832357236132612
13500,-0.07701100000000016,-0.060694467,0.0163165327236654,5.6616,6.446563,0.7849627670288086,4.678630000000002,5.4669733,0.7883433047485333,0.06455220000000006,0.093521975,0.028969774980831087
13506,0.081488,0.07002214,-0.011465856576442723,7.041820000000001,10.366353,3.3245330349731432,5.616439999999999,7.73218,2.115740118560792,-0.028692199999999946,-0.024330597,0.004361602629136985
13507,0.11148799999999992,0.07002214,-0.04146585657644264,14.341820000000002,10.366353,-3.9754669650268575,11.216439999999999,7.73218,-3.4842598814392076,-0.0026922000000000335,-0.024330597,-0.021638397370862927
13917,0.0016650000000000276,0.0038602417,0.002195241733491393,9.707340000000002,7.974003,-1.7333371618652365,16.0613,6.917357,-9.143943032073974,0.3153228,0.061614554,-0.25370824562458993
13918,-0.03733500000000012,0.0038602417,0.04119524173349154,8.006340000000005,7.974003,-0.032337161865239494,9.9613,6.917357,-3.043943032073974,0.14132280000000008,0.061614554,-0.07970824562459
13919,-0.04433499999999979,0.0038602417,0.04819524173349121,7.1973400000000005,7.974003,0.7766628381347651,4.561299999999999,6.917357,2.356056967926026,-0.002677199999999935,0.061614554,0.06429175437541002
14030,-0.0014199999999999768,-0.00029809994,0.0011219000584259398,11.15417,11.180347,0.02617744262695254,9.649430000000002,9.657411,0.007980621643064012,0.027506600000000048,0.029863495,0.002356895379686308
14038,-0.0014199999999999768,-0.00029809994,0.0011219000584259398,11.15417,11.180347,0.02617744262695254,9.649430000000002,9.657411,0.007980621643064012,0.027506600000000048,0.029863495,0.002356895379686308
14042,-0.0014199999999999768,-0.00029809994,0.0011219000584259398,11.15417,11.180347,0.02617744262695254,9.649430000000002,9.657411,0.007980621643064012,0.027506600000000048,0.029863495,0.002356895379686308
14092,0.08162799999999992,0.080492176,-0.001135823884487075,4.74099,5.5399575,0.7989675233459472,6.13702,6.4340453,0.29702531478881866,0.049590800000000046,0.0680068,0.018415998624992325
14102,0.271717,0.2328718,-0.03884519933891295,6.360720000000001,7.6605554,1.2998353627014154,14.838899999999999,12.868201,-1.970698744201659,0.3750052,0.3283652,-0.04663999328155516
14156,0.04011589999999998,0.088677436,0.04856153611335756,4.493789999999997,5.864584,1.3707939691162139,5.065109999999999,5.049302,-0.015807898864744985,0.05518109999999998,0.053850662,-0.001330438036775572
14222,0.04642499999999994,0.0486039,0.002178899776935639,3.9513099999999994,5.7834225,1.832112470092774,4.79749,5.9368925,1.1394025094604494,0.052842899999999915,0.051138267,-0.001704633078956519
14298,-0.04761300000000013,0.029290143,0.0769031434004308,10.855680000000003,9.92325,-0.9324298016357453,5.905150000000001,7.8154764,1.9103264175415031,-0.05854400000000004,0.048416197,0.10696019729995732
14299,-0.06761300000000015,0.029290143,0.09690314340043082,7.505680000000002,9.92325,2.417570198364256,2.0051500000000004,7.8154764,5.8103264175415035,-0.09854400000000008,0.048416197,0.14696019729995735
14842,-0.04365400000000008,-0.022551557,0.021102442950844846,6.4251400000000025,8.079543,1.6544031137084936,5.555130000000002,5.9261947,0.3710646678161602,0.04789370000000004,0.049411915,0.0015182152426719275
14981,0.06538699999999997,0.0453138,-0.02007319838356969,2.295680000000001,8.179137,5.883457229919433,9.03515,7.578051,-1.4570989097595213,0.24845600000000007,0.085561596,-0.16289440414285666
15048,0.03638699999999995,0.034364495,-0.00202250457358355,9.785680000000003,9.614404,-0.17127627532959266,8.67515,7.749967,-0.9251829017639164,0.0044559999999999045,0.005292451,0.0008364510091544153
15049,0.013387000000000038,0.034364495,0.02097749542641636,9.805680000000002,9.614404,-0.19127627532959224,7.135150000000001,7.749967,0.6148170982360828,0.0024559999999999027,0.005292451,0.002836451009154417
15050,0.03838699999999995,0.034364495,-0.004022504573583552,10.105680000000003,9.614404,-0.49127627532959295,8.17515,7.749967,-0.4251829017639164,0.028456000000000037,0.005292451,-0.023163548990845717
15051,0.08938699999999988,0.034364495,-0.055022504573583486,9.88568,9.614404,-0.27127627532959053,7.385150000000001,7.749967,0.36481709823608277,0.00045600000000001195,0.005292451,0.004836451009154308
15052,0.03138699999999994,0.034364495,0.0029774954264164544,9.81568,9.614404,-0.20127627532959025,7.42515,7.749967,0.3248170982360836,0.0034560000000000146,0.005292451,0.0018364510091543051
15094,-0.04814300000000005,-0.021187248,0.02695575229156022,8.716320000000003,9.681195,0.9648752590942351,7.351320000000001,8.69391,1.3425896450805652,0.047267599999999965,0.102296926,0.05502932608118061
15096,-0.04814300000000005,-0.021187248,0.02695575229156022,8.316320000000005,9.681195,1.3648752590942337,7.341320000000001,8.69391,1.352589645080565,0.06726759999999998,0.102296926,0.03502932608118059
15097,0.19216200000000005,0.05427319,-0.1378888081605435,19.21571,12.751207,-6.464502648315431,16.382050000000003,9.358936,-7.02311369018555,0.21253600000000006,0.055357892,-0.15717810793375975
15098,-0.007838000000000012,0.05427319,0.06211119183945657,9.115710000000004,12.751207,3.635497351684567,5.082050000000002,9.358936,4.276886309814451,-0.05846399999999996,0.055357892,0.11382189206624027
15105,-0.00583800000000001,0.011768243,0.0176062432755828,8.115710000000004,9.426971,1.3112614355468715,6.082050000000002,6.8961043,0.8140543357849097,0.023536,0.011329142,-0.012206857623219491
15107,-0.010837999999999903,0.009392427,0.020230427280545138,9.115710000000004,10.190187,1.0744774542236293,6.082050000000002,7.5521073,1.4700573341369605,-0.006463999999999914,0.038859636,0.04532363559150687
15108,0.012162000000000006,9.8093355e-05,-0.012063906645391143,10.115710000000004,9.0877905,-1.0279195108032262,7.782050000000002,5.9512067,-1.8308433158874529,0.03153600000000001,0.00826651,-0.02326948955810071
15179,-0.008820999999999968,-0.023717195,-0.014896194795608553,3.33315,4.310069,0.9769190841674806,3.6633700000000005,4.365618,0.7022482289123531,0.060435600000000034,0.078298114,0.01786251424016949
15180,-0.028820999999999986,-0.023717195,0.005103805204391465,2.6231500000000025,4.310069,1.686919084167478,2.7833700000000015,4.365618,1.582248228912352,0.05643560000000014,0.078298114,0.021862514240169384
15182,-0.028820999999999986,-0.023717195,0.005103805204391465,3.1231500000000025,4.310069,1.186919084167478,3.933370000000002,4.365618,0.4322482289123517,0.08943560000000006,0.078298114,-0.011137485759830534
15183,-0.018820999999999977,-0.023717195,-0.004896194795608544,5.49315,4.310069,-1.1830809158325195,6.133370000000001,4.365618,-1.7677517710876476,0.11743560000000008,0.078298114,-0.03913748575983056
15184,-0.048821,-0.023717195,0.025103805204391483,4.83315,4.310069,-0.5230809158325194,4.403370000000001,4.365618,-0.03775177108764716,0.07743560000000005,0.078298114,0.0008625142401694763
15185,-0.048821,-0.023717195,0.025103805204391483,4.0131499999999996,4.310069,0.2969190841674809,3.503370000000002,4.365618,0.8622482289123514,0.05743560000000003,0.078298114,0.020862514240169494
15186,-0.048821,-0.023717195,0.025103805204391483,4.81315,4.310069,-0.5030809158325198,4.713370000000001,4.365618,-0.34775177108764765,0.08743560000000006,0.078298114,-0.009137485759830533
15187,-0.048821,-0.023717195,0.025103805204391483,5.2631499999999996,4.310069,-0.9530809158325191,5.2433700000000005,4.365618,-0.877751771087647,0.09743560000000007,0.078298114,-0.01913748575983054
15189,0.01117900000000005,-0.023717195,-0.03489619479560857,3.9231499999999997,4.310069,0.3869190841674808,5.323370000000001,4.365618,-0.9577517710876471,0.10743560000000008,0.078298114,-0.02913748575983055
15190,-0.018820999999999977,-0.023717195,-0.004896194795608544,4.65315,4.310069,-0.34308091583251965,5.153370000000001,4.365618,-0.7877517710876472,0.09743560000000007,0.078298114,-0.01913748575983054
15191,-0.038820999999999994,-0.023717195,0.015103805204391474,4.17315,4.310069,0.13691908416748078,3.423370000000002,4.365618,0.9422482289123515,0.04743560000000002,0.078298114,0.030862514240169503
15194,0.01117900000000005,-0.023717195,-0.03489619479560857,3.9731500000000004,4.310069,0.33691908416748007,5.393370000000001,4.365618,-1.0277517710876474,0.10743560000000008,0.078298114,-0.02913748575983055
15195,-0.008820999999999968,-0.023717195,-0.014896194795608553,3.453150000000001,4.310069,0.8569190841674796,3.813370000000001,4.365618,0.5522482289123527,0.06743560000000004,0.078298114,0.010862514240169485
15196,-0.038820999999999994,-0.023717195,0.015103805204391474,3.393150000000002,4.310069,0.9169190841674784,2.8233700000000006,4.365618,1.542248228912353,0.04743560000000002,0.078298114,0.030862514240169503
15832,0.16282600000000003,0.24940732,0.08658132121467588,16.43832,16.801086,0.36276642578124907,13.98673,15.333987,1.3472572360229496,0.07779709999999995,0.11979019,0.04199308896818166
15833,0.142826,0.24940732,0.1065813212146759,16.338320000000003,16.801086,0.46276642578124694,13.88673,15.333987,1.4472572360229492,0.09779709999999997,0.11979019,0.02199308896818164
15834,0.252826,0.24940732,-0.003418678785324092,13.238320000000002,16.801086,3.5627664257812484,13.48673,15.333987,1.8472572360229496,0.09779709999999997,0.11979019,0.02199308896818164
15835,0.31282600000000005,0.24940732,-0.06341867878532415,17.03832,16.801086,-0.2372335742187488,15.38673,15.333987,-0.0527427639770508,0.08779709999999996,0.11979019,0.03199308896818165
15836,0.30282600000000004,0.24940732,-0.053418678785324136,18.838320000000003,16.801086,-2.037233574218753,16.28673,15.333987,-0.9527427639770494,0.09779709999999997,0.11979019,0.02199308896818164
15837,0.30282600000000004,0.24940732,-0.053418678785324136,20.338320000000003,16.801086,-3.537233574218753,16.88673,15.333987,-1.5527427639770508,0.09779709999999997,0.11979019,0.02199308896818164
15843,0.21282599999999996,0.24940732,0.036581321214675944,13.63832,16.801086,3.16276642578125,14.18673,15.333987,1.1472572360229485,0.1477970999999999,0.11979019,-0.028006911031818293
15844,0.262826,0.24940732,-0.0134186787853241,15.13832,16.801086,1.6627664257812498,15.78673,15.333987,-0.45274276397705115,0.17779709999999993,0.11979019,-0.05800691103181832
15845,0.29282600000000003,0.24940732,-0.04341867878532413,18.73832,16.801086,-1.9372335742187516,17.48673,15.333987,-2.152742763977052,0.23779709999999998,0.11979019,-0.11800691103181837
15846,0.252826,0.24940732,-0.003418678785324092,18.73832,16.801086,-1.9372335742187516,16.48673,15.333987,-1.1527427639770522,0.10779709999999998,0.11979019,0.011993088968181631
16106,0.0015540000000000553,0.029035654,0.027481653918981497,8.90036,11.395177,2.494816887512208,5.6126000000000005,7.902476,2.289875833892822,-0.037971599999999994,-0.008126381,0.029845219146645063
16107,0.0015540000000000553,0.029035654,0.027481653918981497,11.50036,11.395177,-0.10518311248779355,7.6126000000000005,7.902476,0.2898758338928218,-0.037971599999999994,-0.008126381,0.029845219146645063
16109,0.03155400000000008,0.029035654,-0.00251834608101853,10.600360000000002,11.395177,0.794816887512205,8.632600000000002,7.902476,-0.7301241661071796,0.019028400000000056,-0.008126381,-0.027154780853354987
16140,-0.007784999999999931,-0.054094546,-0.046309545543193886,6.738349999999997,6.9199257,0.18157568969726867,4.637250000000002,3.7407074,-0.8965426025390641,0.002264100000000102,-0.0087814,-0.011045499577856166
16141,-0.007784999999999931,0.012230162,0.02001516157746308,4.788349999999998,9.490152,4.701802359008791,2.3972499999999997,6.389459,3.9922091331481937,-0.03773589999999993,-0.008734726,0.029001173652970724
16142,0.002215000000000078,0.012230162,0.010015161577463072,5.658349999999999,9.490152,3.8318023590087904,4.2272500000000015,6.389459,2.162209133148192,0.002264100000000102,-0.008734726,-0.010998826347029311
16143,0.002215000000000078,0.012230162,0.010015161577463072,4.77835,9.490152,4.711802359008789,3.1472499999999997,6.389459,3.2422091331481937,-0.007735899999999907,-0.008734726,-0.0009988263470293024
16144,0.002215000000000078,0.012230162,0.010015161577463072,4.77835,9.490152,4.711802359008789,3.1472499999999997,6.389459,3.2422091331481937,-0.007735899999999907,-0.008734726,-0.0009988263470293024
16145,-0.007784999999999931,0.012230162,0.02001516157746308,4.788349999999998,9.490152,4.701802359008791,2.327250000000003,6.389459,4.06220913314819,-0.03773589999999993,-0.008734726,0.029001173652970724
16147,0.002215000000000078,0.012230162,0.010015161577463072,5.18835,9.490152,4.301802359008789,3.05725,6.389459,3.3322091331481936,-0.027735899999999925,-0.008734726,0.019001173652970715
16148,-0.007784999999999931,0.012230162,0.02001516157746308,4.798349999999999,9.490152,4.69180235900879,2.3472500000000025,6.389459,4.042209133148191,-0.03773589999999993,-0.008734726,0.029001173652970724
16346,0.012386999999999926,0.033940665,0.02155366542387016,6.505680000000002,9.018138,2.512457931823729,6.805150000000001,7.818356,1.0132060371398914,0.09145599999999998,0.03727483,-0.054181169956684094
16355,0.022386999999999935,0.24140576,0.21901875528144843,12.505680000000002,15.655208,3.1495276339721663,11.50515,13.888405,2.383254846191406,0.14145599999999992,0.17361198,0.032155983656883325
16356,0.022386999999999935,0.24140576,0.21901875528144843,12.505680000000002,15.655208,3.1495276339721663,11.50515,13.888405,2.383254846191406,0.14145599999999992,0.17361198,0.032155983656883325
16357,0.07238699999999998,0.24140576,0.16901875528144839,12.005680000000002,15.655208,3.6495276339721663,11.50515,13.888405,2.383254846191406,0.14145599999999992,0.17361198,0.032155983656883325
16358,0.3723869999999999,0.24140576,-0.13098124471855155,13.005680000000002,15.655208,2.6495276339721663,15.50515,13.888405,-1.6167451538085942,0.19145599999999996,0.17361198,-0.01784401634311672
16360,0.822387,0.24140576,-0.5809812447185516,29.00568,15.655208,-13.350472366027834,20.50515,13.888405,-6.616745153808594,0.44145599999999996,0.17361198,-0.2678440163431167
16382,-0.057784999999999975,0.015184919,0.0729699193498492,6.388349999999999,8.889474,2.5011239151000986,2.9472500000000004,6.4854293,3.5381792869567867,-0.027735899999999925,0.018019283,0.04575518319036953
16383,-0.06778499999999998,0.015184919,0.08296991934984921,6.218349999999997,8.889474,2.6711239151001003,1.8872500000000016,6.4854293,4.5981792869567855,-0.05773589999999995,0.018019283,0.07575518319036956
16384,-0.06778499999999998,0.015184919,0.08296991934984921,5.268349999999998,8.889474,3.6211239151000996,0.2872500000000002,6.4854293,6.198179286956787,-0.08973589999999998,0.018019283,0.10775518319036959
16399,-0.012589300000000025,-0.031536918,-0.018947618133497213,7.345469999999999,7.6784735,0.333003472595216,6.052990000000001,6.295318,0.2423281266784656,0.03577780000000008,0.06927623,0.03349842854709617
16400,-0.04258930000000005,-0.031536918,0.011052381866502814,7.205470000000002,7.6784735,0.473003472595213,5.93299,6.295318,0.3623281266784666,0.0557778000000001,0.06927623,0.013498428547096153
16401,-0.03258930000000004,-0.031536918,0.001052381866502805,6.725470000000001,7.6784735,0.9530034725952135,5.722990000000001,6.295318,0.5723281266784657,0.0557778000000001,0.06927623,0.013498428547096153
16402,-0.08258930000000009,-0.031536918,0.05105238186650285,7.165469999999999,7.6784735,0.5130034725952157,5.36299,6.295318,0.9323281266784669,0.0557778000000001,0.06927623,0.013498428547096153
16403,-0.05125869999999999,0.038619794,0.08987849395151137,6.4666999999999994,9.213065,2.746365147399903,5.704930000000001,7.906784,2.2018540576171866,0.09579910000000003,0.15297209,0.05717298726406095
16487,0.05927900000000008,0.059464667,0.00018566699242583695,7.8967600000000004,8.672925,0.7761649954223628,11.47757,11.634099,0.15652900665283198,0.26938680000000004,0.2143889,-0.05499789304428104
16540,-0.02723500000000012,-0.014471557,0.01276344300866139,7.75046,7.4133997,-0.3370603036499027,7.6053599999999975,8.5647745,0.9594145132446315,0.08608870000000002,0.12529616,0.039207460578727704
16541,-0.04823500000000003,-0.014471557,0.0337634430086613,7.4104600000000005,7.4133997,0.002939696350097165,6.675359999999998,8.5647745,1.8894145132446312,0.0660887,0.12529616,0.05920746057872772
16551,0.022386999999999935,0.0712462,0.04885919930982596,11.65568,13.868597,2.212917030639648,8.40515,10.376055,1.9709047637939445,-0.05854400000000004,0.04383232,0.10237632071995739
16629,0.11544300000000007,0.09343485,-0.022008152108669354,6.32394,6.475518,0.15157822662353482,9.718829999999999,9.478797,-0.2400330410766589,0.14842279999999997,0.1408266,-0.007596202190208401
16630,0.10144300000000006,0.09343485,-0.008008152108669342,6.123940000000001,6.475518,0.3515782266235341,9.018829999999998,9.478797,0.45996695892334216,0.13842279999999996,0.1408266,0.002403797809791608
16650,0.05253400000000008,0.06555317,0.013019173422813335,10.846149999999998,11.42719,0.5810398269653341,11.288349999999998,9.766878,-1.5214718719482399,0.16681619999999997,0.031249482,-0.13556671781535146
16654,0.002215000000000078,0.0049938336,0.002778833601474684,7.958349999999999,10.369318,2.410968008422852,6.397250000000001,9.091096,2.69384592437744,0.04226410000000003,0.09025146,0.04798736067142484
16755,-0.0176130000000001,0.029290143,0.04690314340043078,8.805680000000002,9.92325,1.1175701983642554,6.405150000000001,7.8154764,1.4103264175415031,0.03145599999999993,0.048416197,0.016960197299957347
16756,-0.007613000000000092,-0.012259085,-0.004646084731340316,11.805680000000002,10.514538,-1.2911421887207055,9.805150000000001,7.638642,-2.166508165740968,0.09145599999999998,0.030978074,-0.06047792570269106
16761,0.07763999999999993,0.08581038,0.008170378193855354,16.353350000000002,14.463135,-1.8902152343750025,16.680770000000003,15.624856,-1.0559140048217799,0.12271939999999992,0.13232052,0.009601123262024003
16762,0.08826400000000001,0.08495528,-0.0033087174906730743,8.05084,9.612924,1.5620836221313468,9.480569999999998,10.530075,1.0495050732421891,0.12744659999999997,0.12394341,-0.0035031891861915243
16763,0.20370399999999989,0.19160801,-0.012095988277435188,13.32169,13.420453,0.09876307159423803,14.786100000000001,14.682872,-0.10322818145752066,0.20708840000000006,0.14037672,-0.06671168314781195
16861,-0.057613000000000136,0.03534401,0.09295700835633292,8.575680000000002,9.227275,0.6515948947143535,4.995150000000001,7.4857907,2.4906407295227044,-0.008543999999999996,0.04701343,0.05555743178749084
16893,-0.057613000000000136,0.021333922,0.07894692170071616,7.2156800000000025,9.773878,2.558198097534177,2.895150000000001,7.92869,5.033539956665038,-0.04854400000000003,0.05378075,0.10232474944019321
17144,0.06851399999999996,0.04342612,-0.0250878812088966,9.263110000000001,8.497244,-0.7658661187744151,9.882830000000002,8.728392,-1.1544383526611348,0.10898579999999991,0.12735882,0.018373024014663786
17145,0.06851399999999996,0.04342612,-0.0250878812088966,9.363110000000002,8.497244,-0.8658661187744165,10.382830000000002,8.728392,-1.6544383526611348,0.13898579999999994,0.12735882,-0.011626975985336241
17146,0.10851399999999989,0.04342612,-0.06508788120889653,10.763110000000001,8.497244,-2.265866118774415,11.882830000000002,8.728392,-3.154438352661135,0.16898579999999996,0.12735882,-0.04162697598533627
17147,0.13851399999999991,0.04342612,-0.09508788120889655,12.263110000000001,8.497244,-3.765866118774415,13.582830000000001,8.728392,-4.854438352661134,0.2189857999999999,0.12735882,-0.0916269759853362
17255,0.01638699999999993,0.03534401,0.01895700835633285,8.205680000000001,9.227275,1.0215948947143545,7.10515,7.4857907,0.380640729522705,0.05345599999999995,0.04701343,-0.006442568212509103
17258,-0.0036130000000000884,0.03534401,0.03895700835633287,7.605680000000003,9.227275,1.6215948947143524,5.50515,7.4857907,1.9806407295227046,0.007455999999999907,0.04701343,0.03955743178749094
17259,0.024386999999999937,0.03534401,0.010957008356332842,18.60568,9.227275,-9.378405105285644,7.805150000000001,7.4857907,-0.31935927047729606,0.06645599999999996,0.04701343,-0.019442568212509115
17716,-0.028828000000000076,-0.028281163,0.000546836575746612,7.57076,7.4378753,-0.13288472915649407,4.408440000000002,4.603017,0.19457685333251717,-0.03592989999999996,-0.04708718,-0.011157281359529536
17768,0.02883199999999997,0.06361911,0.03478710700798038,13.28245,13.203373,-0.07907704467773513,14.54456,15.931839,1.387278989257812,0.23287709999999995,0.2714899,0.038612788429641776
17769,0.08244399999999996,0.13069761,0.04825360799407963,22.99146,20.270695,-2.7207652673339844,21.34637,20.92416,-0.4222099963378909,0.22879779999999994,0.29723844,0.068440639321518
17770,0.14180099999999995,0.12720042,-0.01460057532882686,18.17923,18.27472,0.09548923828124956,20.27234,19.818134,-0.4542056921386717,0.3519151,0.31070852,-0.04120657720336912
17869,0.332387,0.029290143,-0.3030968565995693,13.755680000000002,9.92325,-3.832429801635744,15.38515,7.8154764,-7.5696735824584955,0.32545599999999997,0.048416197,-0.2770398027000427
17870,0.20238699999999998,0.029290143,-0.1730968565995693,12.74568,9.92325,-2.8224298016357423,12.97515,7.8154764,-5.159673582458495,0.16945599999999994,0.048416197,-0.12103980270004266
17871,0.14238699999999993,0.029290143,-0.11309685659956925,9.235680000000002,9.92325,0.6875701983642557,11.70515,7.8154764,-3.889673582458496,0.19045599999999996,0.048416197,-0.14203980270004268
17872,0.06238699999999997,0.029290143,-0.03309685659956929,8.675680000000003,9.92325,1.2475701983642544,7.09515,7.8154764,0.7203264175415036,-0.009543999999999997,0.048416197,0.05796019729995727
17873,0.04238699999999995,0.029290143,-0.013096856599569273,8.705680000000001,9.92325,1.2175701983642568,6.555150000000001,7.8154764,1.2603264175415028,-0.009543999999999997,0.048416197,0.05796019729995727
17874,0.05238699999999996,0.029290143,-0.023096856599569282,8.095680000000002,9.92325,1.8275701983642563,6.305150000000001,7.8154764,1.5103264175415028,-0.009543999999999997,0.048416197,0.05796019729995727
17875,-0.057613000000000136,0.029290143,0.08690314340043082,6.675680000000003,9.92325,3.2475701983642544,3.355150000000002,7.8154764,4.460326417541502,-0.05054400000000003,0.048416197,0.09896019729995731
17886,0.08238699999999999,0.029290143,-0.05309685659956931,6.045680000000001,9.92325,3.877570198364257,8.65515,7.8154764,-0.8396735824584969,0.15445599999999993,0.048416197,-0.10603980270004265
17888,-0.0176130000000001,0.029290143,0.04690314340043078,7.945680000000003,9.92325,1.9775701983642548,2.815149999999999,7.8154764,5.000326417541505,-0.05454400000000004,0.048416197,0.10296019729995731
17889,-0.03761300000000012,0.029290143,0.0669031434004308,6.935680000000001,9.92325,2.9875701983642564,1.765150000000002,7.8154764,6.050326417541502,-0.06854400000000005,0.048416197,0.11696019729995732
17890,-0.057613000000000136,-0.0609702,-0.0033571983630655833,5.83568,7.466939,1.6312589724731446,3.4451500000000017,3.6033673,0.15821732864379712,0.006455999999999906,-0.009627553,-0.016083552703022863
18010,-0.1215885000000001,-0.08929051,0.03229799286222468,4.4962800000000005,5.3051972,0.8089172389221186,4.447769999999999,5.820472,1.3727017636108405,0.2022463,0.23202957,0.029783272129249583
18012,-0.11025920000000011,-0.12071119,-0.010451992488670236,9.80107,9.188853,-0.6122167361450188,9.688480000000002,8.545009,-1.143471340637209,0.21003019999999994,0.20183533,-0.008194865699005072
18013,-0.07761300000000015,0.0453138,0.12292680161643044,11.005680000000002,8.179137,-2.826542770080568,6.70515,7.578051,0.8729010902404788,-0.008543999999999996,0.085561596,0.0941055958571434
18064,0.24319900000000005,0.23161162,-0.01158737563991552,9.202200000000001,9.198241,-0.003958766174317674,11.37851,11.215085,-0.16342497039794956,0.1828033,0.17400503,-0.008798268414306643
18065,0.2174060000000001,0.17756674,-0.039839263063430885,19.635419999999996,17.70788,-1.9275399798583948,22.652050000000003,20.51222,-2.139829617309573,0.3120335000000001,0.275728,-0.036305512710571364
18066,0.011300000000000088,0.06683365,0.05553365255594245,5.734930000000002,7.7816877,2.0467577365112284,5.584589999999999,7.889693,2.3051027833557143,0.052723500000000034,0.09252937,0.039805871380805935
18068,-0.00869999999999993,-0.008398209,0.0003017912328242556,6.784930000000003,6.3638783,-0.4210517498779325,6.51459,6.8044896,0.2898996125793456,0.06272350000000004,0.069537446,0.006813945902824359
18069,0.031300000000000106,0.02371504,-0.007584960284829245,7.0949300000000015,7.348834,0.2539040377807602,7.744589999999999,8.055903,0.3113134347534192,0.08272350000000006,0.0943879,0.011664396358966767
18113,0.09931900000000005,0.034049124,-0.06526987647438054,13.32357,11.287907,-2.0356633532714845,10.85186,9.274749,-1.5771111978149417,0.014126400000000094,0.030568698,0.01644229842112055
18131,-0.08801000000000014,0.058758132,0.14676813215971007,7.241590000000002,10.493826,3.2522359124755837,1.9550800000000024,7.8686914,5.91361144439697,-0.07651640000000004,0.03289069,0.10940708862795834
18133,0.09483520000000001,0.06855162,-0.026283577668857583,4.545310000000001,6.0382814,1.4929714407348627,4.38747,4.9043145,0.5168445179748531,0.00031400000000003647,-0.028993245,-0.029307245214223898
18134,0.08993849999999992,0.07915819,-0.0107803130874633,10.15651,9.306797,-0.8497129724121102,8.46425,7.80627,-0.6579798774719237,0.02050989999999997,0.039038867,0.018528966758346588
18136,0.12098799999999998,0.017789423,-0.10319857653427122,8.40156,7.972056,-0.42950408798217765,8.894659999999998,6.8787155,-2.0159444848632795,0.08722530000000006,0.05604141,-0.03118389166979796
18166,0.11662500000000009,0.090856776,-0.025768224358558744,14.891109999999998,13.236625,-1.6544852822875953,18.15246,14.905301,-3.2471589059448256,0.4045896,0.29101,-0.11357960763893127
18171,0.013999000000000095,0.011535269,-0.0024637307917476647,11.477609999999999,11.5728855,0.09527551330566553,10.325389999999999,10.098688,-0.22670187438964717,0.06059910000000002,0.051348176,-0.009250924146509187
18172,0.013999000000000095,0.011535269,-0.0024637307917476647,11.677610000000001,11.5728855,-0.10472448669433732,10.92539,10.098688,-0.8267018743896486,0.08059909999999992,0.051348176,-0.029250924146509094
18173,-0.02600099999999994,0.011535269,0.03753626920825237,10.87761,11.5728855,0.6952755133056634,8.325389999999999,10.098688,1.7732981256103528,0.010599099999999972,0.051348176,0.04074907585349086
18174,0.013999000000000095,0.011535269,-0.0024637307917476647,11.27761,11.5728855,0.2952755133056648,9.42539,10.098688,0.6732981256103514,0.03059909999999999,0.051348176,0.02074907585349084
18175,0.17600300000000013,0.1239719,-0.052031098165989054,10.59808,6.0291524,-4.568927606658935,14.029720000000001,8.782412,-5.247308424682618,0.46269989999999994,0.25979888,-0.20290101560821527
18177,0.10600300000000007,0.1239719,0.01796890183401101,2.998079999999998,6.0291524,3.0310723933410664,6.40972,8.782412,2.3726915753173827,0.1526999,0.25979888,0.10709898439178467
18191,0.07698099999999997,0.08143191,0.004450910395622287,15.224429999999998,12.658271,-2.5661591641235333,12.501209999999999,11.189489,-1.3117206353759752,0.0384814,0.05220138,0.013719979090547563
18233,0.0014879999999999338,-0.011673739,-0.013161739179968768,9.901820000000004,8.513663,-1.388156708068852,5.716439999999999,5.0343814,-0.6820586103820787,-0.05369219999999997,-0.015034287,0.03865791276336905
18235,0.03148799999999996,-0.011673739,-0.043161739179968794,8.851820000000004,8.513663,-0.33815670806885123,5.616439999999999,5.0343814,-0.5820586103820791,-0.04369219999999996,-0.015034287,0.028657912763369042
18358,0.3223218,0.3139433,-0.008378503329086295,16.41386,16.474712,0.0608523718261722,16.14024,16.399986,0.25974626708984516,0.15182680000000004,0.15040874,-0.0014180551879883208
18360,0.09738699999999989,0.20281582,0.10542881580638896,16.225680000000004,19.680151,3.4544709857177693,13.34515,16.799843,3.454692834472656,0.08145599999999997,0.23289578,0.15143977662944796
18361,0.332387,0.20281582,-0.12957118419361113,20.60568,19.680151,-0.9255290142822261,18.40515,16.799843,-1.6053071655273428,0.32145599999999996,0.23289578,-0.08856022337055203
18364,0.20238699999999998,0.20281582,0.0004288158063888714,19.70568,19.680151,-0.025529014282227536,17.105150000000002,16.799843,-0.3053071655273456,0.25145599999999996,0.23289578,-0.01856022337055202
18365,0.19238699999999997,0.20281582,0.01042881580638888,19.10568,19.680151,0.5744709857177739,16.50515,16.799843,0.2946928344726558,0.21145599999999998,0.23289578,0.02143977662944796
18366,0.20238699999999998,0.20281582,0.0004288158063888714,20.50568,19.680151,-0.8255290142822282,17.30515,16.799843,-0.5053071655273449,0.25145599999999996,0.23289578,-0.01856022337055202
18367,0.21238699999999988,0.20281582,-0.009571184193611026,22.20568,19.680151,-2.5255290142822275,18.20515,16.799843,-1.4053071655273435,0.281456,0.23289578,-0.04856022337055205
18368,0.18538699999999986,0.20281582,0.017428815806388998,19.06568,19.680151,0.614470985717773,16.52515,16.799843,0.27469283447265624,0.21045599999999998,0.23289578,0.02243977662944796
18456,0.31199,0.058758132,-0.25323186784029006,15.421590000000002,10.493826,-4.927764087524416,16.08508,7.8686914,-8.216388555603029,0.24348359999999997,0.03289069,-0.21059291137204167
18457,0.05198999999999998,0.058758132,0.00676813215970995,10.721590000000003,10.493826,-0.22776408752441668,8.085080000000001,7.8686914,-0.21638855560302872,-0.006516399999999978,0.03289069,0.039407088627958275
18458,0.30199,0.058758132,-0.24323186784029005,20.921590000000002,10.493826,-10.427764087524416,17.98508,7.8686914,-10.116388555603027,0.2534836,0.03289069,-0.22059291137204168
18459,0.13198999999999994,0.058758132,-0.07323186784029001,15.521590000000002,10.493826,-5.027764087524416,12.48508,7.8686914,-4.616388555603027,0.10348360000000001,0.03289069,-0.07059291137204171
18548,-0.04830000000000001,-0.017378751,0.030921248811483393,9.92342,8.38284,-1.5405798434448243,3.321159999999999,6.6798463,3.3586862867736826,0.08136260000000006,0.115617834,0.034255234031581816
18591,0.032215000000000105,0.05310775,0.020892749670743838,6.708349999999999,7.914872,1.2065221694946295,4.807250000000002,5.6707706,0.8635206451416,-0.01973590000000003,-0.030500695,-0.010764795109367342
18593,-0.007784999999999931,0.05310775,0.06089274967074387,7.038349999999998,7.914872,0.8765221694946312,3.707250000000002,5.6707706,1.9635206451415996,-0.049735899999999944,-0.030500695,0.019235204890632573
18897,0.16680000000000006,0.15897936,-0.007820643711090147,11.438210000000002,11.475045,0.036835204162596114,12.883309999999998,12.558609,-0.32470099121093554,0.1945831,0.1816064,-0.012976702967262277
18972,0.045600000000000085,0.028271906,-0.0173280939221383,11.082550000000001,11.3471365,0.26458649749755736,12.354080000000002,11.848017,-0.5060632611083999,0.12870480000000006,0.11183061,-0.016874192943382327
18973,0.04060000000000008,0.028271906,-0.012328093922138295,10.062550000000002,11.3471365,1.284586497497557,11.31408,11.848017,0.533936738891601,0.11470479999999994,0.11183061,-0.0028741929433822033
18974,0.03160000000000007,0.028271906,-0.0033280939221382866,9.832550000000001,11.3471365,1.5145864974975574,10.074080000000002,11.848017,1.7739367388915994,0.07070480000000001,0.11183061,0.041125807056617725
18975,0.035600000000000076,0.028271906,-0.00732809392213829,9.992550000000001,11.3471365,1.3545864974975572,10.404080000000002,11.848017,1.4439367388915993,0.07770479999999991,0.11183061,0.03412580705661783
19092,0.022386999999999935,-0.017445277,-0.039832277422666484,13.715680000000003,13.081996,-0.6336840359497096,11.305150000000001,10.186263,-1.11888691558838,0.09145599999999998,0.07676914,-0.01468685665702818
19093,-0.06261300000000003,-0.017445277,0.04516772257733348,13.445680000000001,13.081996,-0.3636840359497082,9.70515,10.186263,0.4811130844116214,0.051455999999999946,0.07676914,0.025313143342971856
19094,-0.04161300000000012,-0.017445277,0.024167722577333572,13.305680000000002,13.081996,-0.22368403594970943,9.70515,10.186263,0.4811130844116214,0.051455999999999946,0.07676914,0.025313143342971856
19198,0.011009000000000047,-0.00741991,-0.01842890981623535,7.177890000000001,6.7747407,-0.4031493040466323,7.068549999999998,6.4347177,-0.6338323448181136,0.08476320000000004,0.04449738,-0.040265821829509774
19202,-0.003775000000000084,0.0071416125,0.010916612470150078,16.696040000000004,13.208748,-3.4872921362304723,16.12153,13.141774,-2.9797558224487304,0.1615088,0.14342591,-0.01808288833503724
19244,-0.03878499999999985,0.008290422,0.0470754221490024,7.8783499999999975,7.1225457,-0.755804280853269,4.807250000000002,4.9433384,0.13608839416503749,-0.011735900000000021,0.014994452,0.02673035177614691
19291,-0.07923600000000008,-0.046888545,0.03234745484447488,2.3797200000000025,2.3648398,-0.014880207748415586,-0.20638999999999896,0.44611394,0.6525039440536489,-0.030698899999999973,0.008987141,0.039686040841782066
19342,0.006939600000000046,-0.04362637,-0.05056597177109723,11.826110000000002,11.168031,-0.6580792611694353,12.053180000000001,9.832898,-2.220281860046388,0.39010999999999996,0.25479677,-0.13531322680473323
19344,-0.11306040000000006,-0.04362637,0.06943402822890288,10.526110000000001,11.168031,0.6419207388305654,7.85318,9.832898,1.9797181399536132,0.12010999999999994,0.25479677,0.13468677319526678
19346,0.021525999999999934,-0.045823663,-0.0673496634731292,13.160549999999999,10.920598,-2.239951969909667,13.2034,9.25179,-3.9516099533081057,0.3717889,0.18530035,-0.186488549810791
19348,-0.06847400000000015,-0.045823663,0.022650336526870873,10.260549999999999,10.920598,0.6600480300903335,7.7034,9.25179,1.5483900466918943,0.11178889999999997,0.18530035,0.07351145018920902
19349,-0.08847400000000016,-0.045823663,0.04265033652687089,9.56055,10.920598,1.3600480300903328,6.9033999999999995,9.25179,2.348390046691895,0.08178890000000005,0.18530035,0.10351145018920893
19455,-0.04820599999999997,-0.046723716,0.0014822840390205094,15.4158,10.767716,-4.648083592224122,12.249519999999999,8.413278,-3.836242373962401,0.013294299999999981,0.038015068,0.02472076757736208
19456,-0.05820599999999998,-0.046723716,0.011482284039020518,7.6158,10.767716,3.151916407775879,6.049519999999998,8.413278,2.3637576260376,0.0342943,0.038015068,0.0037207675773620608
19467,-0.03778499999999996,0.012230162,0.05001516157746311,7.8683499999999995,9.490152,1.6218023590087896,4.847250000000001,6.389459,1.5422091331481926,-0.007735899999999907,-0.008734726,-0.0009988263470293024
19468,-0.07778499999999999,0.012230162,0.09001516157746314,7.678349999999998,9.490152,1.8118023590087908,2.247250000000001,6.389459,4.142209133148192,-0.08773589999999998,-0.008734726,0.07900117365297077
19551,0.00021500000000007624,0.010517094,0.01030209428429596,7.178349999999998,7.327993,0.1496429161071795,4.8572500000000005,5.944769,1.087518905639648,-0.00973590000000002,0.037662677,0.047398577466869374
19552,-0.007784999999999931,0.010517094,0.018302094284295967,7.538349999999998,7.327993,-0.21035708389281993,5.207250000000002,5.944769,0.7375189056396465,0.002264100000000102,0.037662677,0.03539857746686925
19592,0.10985100000000003,0.025995439,-0.0838555610815287,12.987359999999999,11.991738,-0.9956216806030262,16.128130000000002,13.134161,-2.993969004516604,0.1979033,0.13146016,-0.06644313998298645
19594,0.019851000000000063,0.025995439,0.006144438918471273,12.637360000000001,11.991738,-0.6456216806030284,13.728130000000002,13.134161,-0.5939690045166035,0.14690329999999996,0.13146016,-0.015443139982986409
19595,-0.010148999999999964,0.025995439,0.0361444389184713,11.62736,11.991738,0.3643783193969732,11.11813,13.134161,2.0160309954833977,0.0799032999999999,0.13146016,0.05155686001701365
19616,-0.008010000000000073,0.056968596,0.06497859583258636,7.221590000000003,9.650413,2.4288225595092747,3.7850800000000007,7.1089263,3.32384629623413,-0.05451640000000002,-0.0062653655,0.04825103448137047
19617,-0.008010000000000073,0.056968596,0.06497859583258636,4.121590000000001,9.650413,5.528822559509276,1.0850800000000014,7.1089263,6.0238462962341295,-0.06551640000000003,-0.0062653655,0.05925103448137048
19820,-0.007784999999999931,0.015184919,0.022969919349849155,9.558349999999997,8.889474,-0.6688760848998996,6.507250000000001,6.4854293,-0.021820713043213757,-0.007735899999999907,0.018019283,0.025755183190369513
19827,0.3305867,0.16440806,-0.16617864207191468,16.26598,15.564551,-0.7014286465454092,17.0024,15.749466,-1.252934057617189,0.4321154,0.37125853,-0.060856872959518415
19829,0.04058670000000009,0.16440806,0.12382135792808524,14.465979999999998,15.564551,1.0985713534545916,14.6024,15.749466,1.1470659423828131,0.3321154,0.37125853,0.03914312704048156
19830,0.26058670000000006,0.16440806,-0.09617864207191473,15.865979999999999,15.564551,-0.3014286465454088,16.5024,15.749466,-0.752934057617189,0.4021154,0.37125853,-0.030856872959518444
19831,0.02058670000000007,0.16440806,0.14382135792808526,14.165979999999998,15.564551,1.3985713534545923,14.5024,15.749466,1.2470659423828128,0.3421154,0.37125853,0.029143127040481553
19832,0.12058670000000005,0.16440806,0.04382135792808528,15.165979999999998,15.564551,0.39857135345459227,15.1024,15.749466,0.6470659423828131,0.3221154,0.37125853,0.04914312704048157
19833,0.18244399999999994,0.13069761,-0.05174639200592035,18.99146,20.270695,1.2792347326660156,20.746370000000002,20.92416,0.17779000366210695,0.2987978,0.29723844,-0.001559360678482058
19834,0.1324439999999999,0.13069761,-0.0017463920059203053,19.99146,20.270695,0.2792347326660156,21.14637,20.92416,-0.22220999633789162,0.3187978,0.29723844,-0.021559360678482076
19835,0.02883199999999997,0.06361911,0.03478710700798038,13.28245,13.203373,-0.07907704467773513,14.54456,15.931839,1.387278989257812,0.23287709999999995,0.2714899,0.038612788429641776
19837,0.12883199999999995,0.06361911,-0.0652128929920196,13.68245,13.203373,-0.4790770446777337,18.74456,15.931839,-2.8127210107421874,0.3528771,0.2714899,-0.08138721157035828
19839,0.1324439999999999,0.13069761,-0.0017463920059203053,20.891460000000002,20.270695,-0.6207652673339865,21.64637,20.92416,-0.7222099963378916,0.3287978,0.29723844,-0.03155936067848203
19841,0.16180099999999997,0.12720042,-0.03460057532882688,19.37923,18.27472,-1.1045107617187497,20.572339999999997,19.818134,-0.7542056921386688,0.3219151,0.31070852,-0.01120657720336915
19843,0.027392000000000083,0.056015406,0.028623405803918756,11.94256,12.586158,0.6435977987670896,13.118670000000002,15.547091,2.428420530395506,0.16386619999999996,0.27232862,0.10846241518859867
19844,0.06739200000000012,0.056015406,-0.01137659419608128,11.742560000000001,12.586158,0.8435977987670888,17.61867,15.547091,-2.071579469604494,0.3838662,0.27232862,-0.11153758481140136
19858,0.03698999999999997,0.047865596,0.010875595668554339,14.081590000000002,12.458219,-1.6233714254760763,11.665080000000001,10.728305,-0.9367751370239272,0.0914836,0.07939711,-0.012086487868881224
19861,0.13698999999999995,0.047865596,-0.08912440433144564,14.06159,12.458219,-1.603371425476075,13.27508,10.728305,-2.5467751370239267,0.14648359999999994,0.07939711,-0.06708648786888116
19914,0.274602,0.14374034,-0.13086165893268586,12.0003,10.840723,-1.1595769622802727,16.577130000000004,14.165607,-2.411522547607426,0.21550750000000007,0.21342166,-0.002085842318534925
19915,0.38466199999999995,0.2535545,-0.13110750681114192,13.29973,13.620961,0.32123118927001926,18.62511,16.619852,-2.0052579339599603,0.21319050000000006,0.21859077,0.0054002661914824834
19916,0.10460199999999997,0.14374034,0.039138341067314175,11.860299999999999,10.840723,-1.0195769622802722,13.547130000000001,14.165607,0.6184774523925771,0.16550750000000003,0.21342166,0.04791415768146512
19917,0.05460200000000004,0.14374034,0.08913834106731411,10.770299999999999,10.840723,0.07042303771972769,12.997130000000002,14.165607,1.168477452392576,0.19550750000000006,0.21342166,0.017914157681465093
19918,0.20460200000000006,0.14374034,-0.060861658932685914,11.9603,10.840723,-1.1195769622802736,16.75713,14.165607,-2.591522547607422,0.2755075,0.21342166,-0.06208584231853487
19919,0.19460200000000005,0.14374034,-0.050861658932685905,11.8403,10.840723,-0.9995769622802726,17.12713,14.165607,-2.961522547607423,0.31550750000000005,0.21342166,-0.1020858423185349
19920,0.05460200000000004,0.14374034,0.08913834106731411,8.200299999999999,10.840723,2.640423037719728,10.39713,14.165607,3.7684774523925775,0.21950749999999997,0.21342166,-0.006085842318534818
19921,0.039602000000000026,0.14374034,0.10413834106731412,7.970300000000002,10.840723,2.870423037719725,10.05713,14.165607,4.108477452392577,0.1435075,0.21342166,0.06991415768146514
19928,0.07221500000000014,0.049454384,-0.022760616447925708,8.478349999999999,7.774341,-0.704008893585204,8.51725,7.474743,-1.0425071105957038,0.09126410000000007,0.07134814,-0.01991596184644706
19929,0.022215000000000096,0.049454384,0.027239383552074337,7.27835,7.774341,0.49599110641479527,6.957250000000002,7.474743,0.5174928894042949,0.07026410000000005,0.07134814,0.0010840381535529575
20127,6.000000000017103e-05,-0.009495378,-0.00955537754058855,8.103659999999998,7.67504,-0.4286202317810037,7.350839999999998,8.181301,0.8304611169433613,0.05278970000000005,0.11848168,0.06569198075084681
20129,-0.009939999999999838,-0.009495378,0.00044462245941145895,7.59366,7.67504,0.08137976821899429,7.890839999999999,8.181301,0.2904611169433604,0.11278969999999999,0.11848168,0.00569198075084687
20131,-0.018939999999999957,-0.009495378,0.009444622459411578,7.813659999999999,7.67504,-0.13862023178100458,8.20084,8.181301,-0.01953888305664009,0.1227897,0.11848168,-0.004308019249153139
20132,0.049868000000000134,0.03993821,-0.009929788558960095,11.199940000000002,10.537377,-0.6625626425170914,12.994439999999999,11.695097,-1.299343030395507,0.17442990000000003,0.146558,-0.027871898362541225
20133,0.001060000000000061,-0.009495378,-0.01055537754058844,8.29366,7.67504,-0.618620231781005,8.62084,8.181301,-0.43953888305664,0.1227897,0.11848168,-0.004308019249153139
20134,-0.01193999999999984,-0.009495378,0.0024446224594114607,8.173659999999998,7.67504,-0.498620231781004,7.640839999999999,8.181301,0.5404611169433604,0.07278970000000007,0.11848168,0.045691980750846795
20137,0.0040600000000000636,-0.009495378,-0.013555377540588442,8.32366,7.67504,-0.6486202317810061,9.62084,8.181301,-1.43953888305664,0.16278970000000004,0.11848168,-0.044308019249153174
20347,-0.03920199999999996,-0.022356918,0.016845081918358762,7.93967,8.664013,0.7243429089355473,7.769459999999999,8.095797,0.3263365850830091,0.07593260000000002,0.094674625,0.018742024502658827
20348,-0.03920199999999996,-0.022356918,0.016845081918358762,7.93967,8.664013,0.7243429089355473,8.06946,8.095797,0.0263365850830084,0.08793260000000003,0.094674625,0.006742024502658817
20371,0.081488,-0.016714465,-0.09820246487307549,11.241820000000004,7.8196692,-3.42215075332642,15.116439999999999,4.82604,-10.290400208892821,0.39630780000000004,0.006693949,-0.38961385100840334
20448,0.002215000000000078,0.015184919,0.012969919349849146,8.43835,8.889474,0.45112391510009786,6.907250000000001,6.4854293,-0.4218207130432141,0.03226410000000002,0.018019283,-0.014244816809630412
20449,-0.03778499999999996,0.015184919,0.05296991934984918,7.638349999999999,8.889474,1.2511239151000986,5.1072500000000005,6.4854293,1.3781792869567866,0.0122641,0.018019283,0.005755183190369606
20456,-0.05698500000000006,-0.05195121,0.005033789054155413,5.447780000000002,6.7658796,1.3180996310424788,3.874769999999998,3.601836,-0.27293403388976856,0.023006299999999924,0.026665568,0.0036592683517456814
20459,-0.07121500000000003,-0.051815007,0.019399993118047743,3.3977000000000004,4.446755,1.049054932403564,0.01576999999999984,1.8715583,1.8557883086013796,-0.0007619000000000931,0.010471872,0.011233772054040525
20460,-0.07721500000000003,-0.051815007,0.025399993118047748,2.8176999999999985,4.446755,1.629054932403566,-0.38422999999999874,1.8715583,2.255788308601378,-0.03076190000000001,0.010471872,0.04123377205404044
20461,-0.039215,-0.051815007,-0.012600006881952286,3.457699999999999,4.446755,0.9890549324035653,0.4757700000000007,1.8715583,1.3957883086013787,0.004238099999999911,0.010471872,0.006233772054040521
20462,-0.035214999999999996,-0.051815007,-0.01660000688195229,4.6777000000000015,4.446755,-0.23094506759643707,1.0057699999999983,1.8715583,0.8657883086013811,0.03823810000000005,0.010471872,-0.02776622794595962
20464,-0.05321500000000001,-0.051815007,0.0013999931180477265,5.447700000000001,4.446755,-1.0009450675964366,3.4957700000000003,1.8715583,-1.6242116913986209,0.01423809999999992,0.010471872,-0.0037662279459594883
20466,-0.06721500000000002,-0.051815007,0.015399993118047739,4.517700000000001,4.446755,-0.07094506759643693,2.2457700000000003,1.8715583,-0.37421169139862087,-0.0007619000000000931,0.010471872,0.011233772054040525
20467,-0.07121500000000003,-0.051815007,0.019399993118047743,3.3977000000000004,4.446755,1.049054932403564,1.4057700000000004,1.8715583,0.465788308601379,-0.0007619000000000931,0.010471872,0.011233772054040525
20468,-0.07721500000000003,-0.051815007,0.025399993118047748,2.8176999999999985,4.446755,1.629054932403566,0.11577000000000126,1.8715583,1.7557883086013781,-0.03076190000000001,0.010471872,0.04123377205404044
20469,-0.039215,-0.051815007,-0.012600006881952286,3.457699999999999,4.446755,0.9890549324035653,1.9657699999999991,1.8715583,-0.09421169139861973,0.004238099999999911,0.010471872,0.006233772054040521
20470,-0.035214999999999996,-0.051815007,-0.01660000688195229,4.6777000000000015,4.446755,-0.23094506759643707,3.6557700000000004,1.8715583,-1.784211691398621,0.03823810000000005,0.010471872,-0.02776622794595962
20471,-0.01821499999999987,-0.051815007,-0.033600006881952416,5.367699999999999,4.446755,-0.9209450675964348,5.17577,1.8715583,-3.3042116913986206,0.07523809999999997,0.010471872,-0.06476622794595954
20473,-0.05321500000000001,-0.051815007,0.0013999931180477265,4.357700000000001,4.446755,0.08905493240356321,1.3657700000000013,1.8715583,0.5057883086013781,0.05023809999999995,0.010471872,-0.03976622794595952
20474,-0.058214999999999906,-0.051815007,0.00639999311804762,4.457699999999999,4.446755,-0.010945067596434654,2.135769999999999,1.8715583,-0.26421169139861966,0.010238099999999917,0.010471872,0.00023377205404051526
20475,-0.057215000000000016,-0.051815007,0.00539999311804773,4.9277000000000015,4.446755,-0.48094506759643707,1.7157699999999991,1.8715583,0.15578830860138027,0.011238100000000029,0.010471872,-0.0007662279459595966
20477,-0.0542149999999999,-0.051815007,0.0023999931180476164,4.747700000000002,4.446755,-0.30094506759643735,1.1457699999999988,1.8715583,0.7257883086013805,-0.0007619000000000931,0.010471872,0.011233772054040525
20478,-0.057215000000000016,-0.051815007,0.00539999311804773,4.637699999999999,4.446755,-0.19094506759643437,1.555769999999999,1.8715583,0.3157883086013804,0.01323810000000003,0.010471872,-0.0027662279459595984
20479,-0.05321500000000001,-0.051815007,0.0013999931180477265,4.7377,4.446755,-0.2909450675964358,2.1957699999999996,1.8715583,-0.32421169139862016,0.006238100000000024,0.010471872,0.004233772054040408
20480,-0.058214999999999906,-0.051815007,0.00639999311804762,4.9177,4.446755,-0.4709450675964355,1.6957699999999996,1.8715583,0.17578830860137984,-0.002761900000000095,0.010471872,0.013233772054040527
20481,-0.057215000000000016,-0.051815007,0.00539999311804773,4.6677,4.446755,-0.2209450675964355,1.7957699999999992,1.8715583,0.0757883086013802,0.00023809999999990783,0.010471872,0.010233772054040524
20482,-0.05321500000000001,-0.051815007,0.0013999931180477265,4.997700000000002,4.446755,-0.5509450675964374,2.41577,1.8715583,-0.5442116913986208,0.010238099999999917,0.010471872,0.00023377205404051526
20483,-0.05121500000000001,-0.051815007,-0.0006000068819522753,5.247700000000002,4.446755,-0.8009450675964374,2.26577,1.8715583,-0.39421169139862045,-0.0037618999999999847,0.010471872,0.014233772054040417
20485,-0.057215000000000016,-0.051815007,0.00539999311804773,5.1777000000000015,4.446755,-0.7309450675964371,1.8257700000000003,1.8715583,0.04578830860137906,0.0012381000000000197,0.010471872,0.009233772054040412
20506,-0.00828300000000004,-0.006167284,0.002115715786993544,8.960720000000002,9.594585,0.6338654187011699,5.5389,6.5648212,1.0259212432861329,-0.0449948,0.0038237893,0.048818589302259685
20507,0.07171700000000003,-0.006167284,-0.07788428421300653,8.960720000000002,9.594585,0.6338654187011699,8.0389,6.5648212,-1.4740787567138671,0.04500519999999997,0.0038237893,-0.041181410697740284
20508,0.0017169999999999686,-0.006167284,-0.007884284213006465,9.660720000000001,9.594585,-0.06613458129882943,6.6389,6.5648212,-0.07407875671386677,-0.004994799999999966,0.0038237893,0.00881858930225965
20511,-0.00828300000000004,-0.006167284,0.002115715786993544,8.76072,9.594585,0.8338654187011727,5.4389,6.5648212,1.1259212432861325,-0.024994799999999984,0.0038237893,0.028818589302259667
20512,-0.03828300000000007,-0.006167284,0.03211571578699357,8.160720000000001,9.594585,1.4338654187011706,4.738899999999999,6.5648212,1.8259212432861336,-0.014994799999999975,0.0038237893,0.01881858930225966
20513,-0.00828300000000004,-0.006167284,0.002115715786993544,10.160720000000001,9.594585,-0.5661345812988294,7.1389,6.5648212,-0.5740787567138668,0.005005200000000043,0.0038237893,-0.0011814106977403593
20514,-0.01828300000000005,-0.006167284,0.012115715786993553,10.460720000000002,9.594585,-0.8661345812988301,6.738899999999999,6.5648212,-0.1740787567138664,-0.014994799999999975,0.0038237893,0.01881858930225966
20515,-0.01828300000000005,-0.006167284,0.012115715786993553,10.960720000000002,9.594585,-1.3661345812988301,7.338899999999999,6.5648212,-0.7740787567138661,-0.004994799999999966,0.0038237893,0.00881858930225965
20516,-0.01828300000000005,-0.006167284,0.012115715786993553,9.86072,9.594585,-0.2661345812988287,6.6389,6.5648212,-0.07407875671386677,-0.004994799999999966,0.0038237893,0.00881858930225965
20726,-0.09030999999999989,-0.045721207,0.044588793185949216,6.975769999999997,7.7915945,0.8158245053100615,2.147680000000001,4.731219,2.5835388148498524,-0.05907969999999996,0.016698802,0.07577850189001556
20730,-0.09030999999999989,-0.045721207,0.044588793185949216,8.275769999999998,7.7915945,-0.48417549468993926,3.1676800000000007,4.731219,1.5635388148498528,-0.06207969999999985,0.016698802,0.07877850189001545
20787,0.07238699999999998,0.029290143,-0.0430968565995693,9.805680000000002,9.92325,0.11757019836425542,8.70515,7.8154764,-0.8896735824584958,0.04145599999999994,0.048416197,0.006960197299957338
20797,0.16537299999999988,0.15773556,-0.007637443635940433,15.113229999999998,14.833775,-0.2794554333496073,16.23133,16.001247,-0.23008259399414044,0.1098519,0.11979563,0.009943727892017362
20828,0.06369200000000008,0.14903359,0.0853415911512374,8.862210000000001,10.431446,1.569236075439452,8.45159,10.722365,2.2707753793334966,0.06840489999999999,0.11611864,0.04771373970756532
20830,0.100692,0.14903359,0.048341591151237484,9.362210000000001,10.431446,1.069236075439452,10.251589999999998,10.722365,0.47077537933349767,0.12840490000000004,0.11611864,-0.012286260292434736
20831,0.3036920000000001,0.14903359,-0.15465840884876259,13.362210000000001,10.431446,-2.930763924560548,14.55159,10.722365,-3.829224620666503,0.16840489999999997,0.11611864,-0.05228626029243466
20850,0.045135999999999954,0.03439275,-0.010743248246669723,12.838170000000002,12.447237,-0.3909329852294938,14.01048,13.923187,-0.08729274414062438,0.1413118000000001,0.1418101,0.0004983042509077995
20870,-0.07888399999999995,-0.077589594,0.0012944061722754974,4.708970000000001,5.5266185,0.8176484806823723,0.7002500000000005,1.8136461,1.1133960781097407,-0.06649400000000005,-0.025868755,0.04062524516606336
20873,-0.07888399999999995,-0.077589594,0.0012944061722754974,5.288969999999999,5.5266185,0.23764848068237399,1.2902500000000003,1.8136461,0.5233960781097409,-0.04849400000000004,-0.025868755,0.022625245166063346
20874,-0.07788400000000006,-0.077589594,0.0002944061722756075,5.67897,5.5266185,-0.15235151931762658,2.000250000000001,1.8136461,-0.18660392189025998,-0.032494000000000134,-0.025868755,0.006625245166063443
20889,0.04969000000000012,-0.0005185188,-0.05020851879106847,9.67577,8.892772,-0.7829982791137695,7.987680000000001,5.799582,-2.188097995452882,0.021920300000000004,-0.01423389,-0.036154189989554886
20890,-0.050309999999999855,-0.0005185188,0.04979148120893151,8.555769999999999,8.892772,0.3370017208862315,4.127680000000002,5.799582,1.6719020045471176,-0.058079699999999956,-0.01423389,0.043845810010445074
20891,-0.015309999999999935,-0.0005185188,0.01479148120893159,8.10577,8.892772,0.7870017208862308,5.087680000000001,5.799582,0.7119020045471185,-0.022079699999999924,-0.01423389,0.007845810010445042
20910,0.021373000000000086,0.024746984,0.003373984243392858,5.603180000000002,6.6099133,1.0067333491516095,6.535700000000002,8.385833,1.8501327865600565,0.040985200000000055,0.09975464,0.05876943896989817
20911,0.05137300000000011,0.024746984,-0.02662601575660717,7.18318,6.6099133,-0.5732666508483888,9.6857,8.385833,-1.299867213439942,0.15098520000000004,0.09975464,-0.05123056103010182
20935,-0.006610000000000005,-0.01711563,-0.010505630209445949,4.164940000000001,5.321185,1.1562451119995103,4.508869999999998,5.3170137,0.8081437405395526,0.06232340000000003,0.05794532,-0.0043780814799309065
21027,0.10821500000000006,0.010517094,-0.09769790571570403,7.068349999999999,7.327993,0.25964291610717893,8.137250000000002,5.944769,-2.192481094360353,0.07226410000000005,0.037662677,-0.0346014225331307
21029,0.012215000000000087,0.010517094,-0.0016979057157040511,7.038349999999998,7.327993,0.28964291610718007,4.3472500000000025,5.944769,1.597518905639646,-0.03773589999999993,0.037662677,0.07539857746686929
21060,-0.0176130000000001,0.0712462,0.088859199309826,10.325680000000002,13.868597,3.5429170306396465,6.67515,10.376055,3.700904763793945,-0.021544000000000008,0.04383232,0.06537632071995736
21157,-0.028512000000000093,0.14683548,0.17534747616004953,9.241820000000004,9.902863,0.6610425488281209,5.296439999999999,9.774815,4.478374605712892,-0.04369219999999996,0.04682701,0.09051921081037517
21167,-0.08869900000000008,-0.03471978,0.053979219912529075,5.276620000000001,7.3490825,2.0724624699401843,2.726200000000002,6.1995106,3.473310574340818,0.016723800000000066,0.070532694,0.05380889445896142
21168,-0.06869900000000007,-0.03471978,0.03397921991252906,8.006620000000002,7.3490825,-0.6575375300598161,5.966200000000002,6.1995106,0.23331057434081792,0.059723799999999994,0.070532694,0.010808894458961493
21191,0.0025340000000000362,6.4707856e-05,-0.0024692921440732096,7.186149999999998,8.511024,1.3248744750976584,5.388349999999999,6.280838,0.8924880126953134,-0.06918380000000002,0.006085342,0.07526914179627897
21192,0.14238699999999993,0.03534401,-0.10704299164366715,11.40568,9.227275,-2.178405105285645,12.20515,7.4857907,-4.719359270477295,0.15145599999999992,0.04701343,-0.10444256821250908
21193,0.13238699999999992,0.03534401,-0.09704299164366714,10.605680000000003,9.227275,-1.3784051052856476,10.50515,7.4857907,-3.0193592704772954,0.08145599999999997,0.04701343,-0.03444256821250913
21214,0.012386999999999926,0.03534401,0.022957008356332853,6.90568,9.227275,2.321594894714355,5.95515,7.4857907,1.5306407295227054,0.03145599999999993,0.04701343,0.015557431787490916
21316,-0.06251200000000012,-0.011673739,0.05083826082003129,7.111820000000002,8.513663,1.4018432919311508,2.8464399999999976,5.0343814,2.1879413896179223,-0.05669219999999997,-0.015034287,0.041657912763369054
21319,-0.07951200000000003,-0.011673739,0.0678382608200312,6.821820000000002,8.513663,1.69184329193115,1.81644,5.0343814,3.21794138961792,-0.07869219999999999,-0.015034287,0.06365791276336907
21320,-0.07651200000000014,-0.011673739,0.0648382608200313,6.261820000000004,8.513663,2.2518432919311486,1.686440000000001,5.0343814,3.347941389617919,-0.06669219999999998,-0.015034287,0.05165791276336906
21321,-0.07251200000000013,-0.011673739,0.0608382608200313,6.391820000000003,8.513663,2.1218432919311496,1.7564399999999978,5.0343814,3.277941389617922,-0.07069219999999998,-0.015034287,0.055657912763369066
21322,-0.07651200000000014,-0.011673739,0.0648382608200313,7.181820000000002,8.513663,1.3318432919311505,2.1264399999999988,5.0343814,2.907941389617921,-0.08069219999999999,-0.015034287,0.06565791276336908
21345,-0.031843000000000066,-0.06402532,-0.032182320112705165,1.7864700000000013,4.79811,3.0116400082397448,2.054759999999998,4.0735373,2.0187773497009296,0.056093200000000065,0.06254361,0.00645040824823373
21347,-0.09184300000000012,-0.06402532,0.02781767988729489,6.886469999999999,4.79811,-2.088359991760253,5.48476,4.0735373,-1.411222650299072,0.06809320000000008,0.06254361,-0.005549591751766281
21348,-0.0718430000000001,-0.06402532,0.00781767988729487,4.766470000000002,4.79811,0.03164000823974433,4.21476,4.0735373,-0.14122265029907233,0.07209320000000008,0.06254361,-0.009549591751766284
21349,-0.041843000000000075,-0.06402532,-0.022182320112705156,2.676470000000002,4.79811,2.121640008239744,2.6547599999999996,4.0735373,1.4187773497009282,0.05409319999999995,0.06254361,0.008450408248233843
21351,-0.08184300000000011,-0.06402532,0.01781767988729488,6.996470000000002,4.79811,-2.198359991760256,5.5747599999999995,4.0735373,-1.5012226502990718,0.05909319999999996,0.06254361,0.0034504082482338383
21396,0.22109299999999998,0.21856703,-0.0025259713582992394,18.196640000000002,16.025696,-2.170944199218752,16.14937,14.905654,-1.243716046447755,0.1900231,0.18841329,-0.0016098078304290775
21397,0.217395,0.16113731,-0.05625768734931946,13.36081,11.478559,-1.8822514596557625,15.50918,13.949881,-1.5592994000244147,0.2641566,0.21601993,-0.048136671544647236
21399,0.2106800000000001,0.22033067,0.009650670475959688,8.716399999999997,7.045333,-1.6710670913696255,13.025250000000002,11.3090515,-1.7161984863281265,0.2683918,0.25353366,-0.01485813863449098
21400,0.21094499999999994,0.25212973,0.041184733562469544,4.971860000000003,8.166349,3.194489411010739,9.39506,11.658926,2.263866010131835,0.2319057,0.24538462,0.013478918639945991
21401,0.32094500000000004,0.25212973,-0.06881526643753055,9.451860000000002,8.166349,-1.2855105889892595,13.055060000000001,11.658926,-1.396133989868165,0.2919057,0.24538462,-0.046521081360054006
21521,0.05140100000000003,0.07416536,0.022764359139442414,12.44652,10.597487,-1.8490325503540035,9.666570000000002,7.5080376,-2.15853243286133,0.05663830000000003,0.01941969,-0.03721860940592292
21524,0.04061500000000007,0.041038033,0.0004230326211451807,10.528690000000001,9.653793,-0.8748966650390635,7.86889,7.4957695,-0.3731204992675785,0.05409549999999996,0.015687885,-0.03840761523711678
21525,-0.019930000000000003,0.028618844,0.048548844226002696,5.722109999999997,6.7880325,1.065922531738284,3.2874300000000005,4.3496423,1.0622122767639155,-0.029368599999999967,-0.008877179,0.020491421345925298
21526,0.060975,0.045927912,-0.01504708800315857,7.18599,7.610729,0.42473921752929655,5.810269999999999,5.9575105,0.14724047134399498,0.024944900000000048,0.0030802481,-0.021864651865789342
21541,-0.03588900000000006,-0.04328435,-0.007395349143505037,10.36213,9.801096,-0.5610340374755864,9.77854,8.813885,-0.9646552648925777,0.09059139999999999,0.069119446,-0.021471954020404804
21542,-0.05588900000000008,-0.04328435,0.012604650856494981,9.68213,9.801096,0.11896596252441327,8.70854,8.813885,0.1053447351074226,0.08059139999999998,0.069119446,-0.011471954020404795
21543,-0.05588900000000008,-0.04328435,0.012604650856494981,8.79213,9.801096,1.0089659625244138,7.498539999999998,8.813885,1.3153447351074234,0.05059139999999995,0.069119446,0.01852804597959523
21544,-0.03588900000000006,-0.04328435,-0.007395349143505037,10.11213,9.801096,-0.31103403747558644,9.54854,8.813885,-0.7346552648925773,0.08059139999999998,0.069119446,-0.011471954020404795
21545,-0.06588900000000009,-0.04328435,0.02260465085649499,9.302130000000002,9.801096,0.4989659625244123,7.48854,8.813885,1.3253447351074215,0.040591399999999944,0.069119446,0.02852804597959524
21546,-0.02588900000000005,-0.04328435,-0.017395349143505046,9.942130000000002,9.801096,-0.1410340374755883,9.38854,8.813885,-0.5746552648925789,0.07059139999999997,0.069119446,-0.0014719540204047865
21567,0.19313999999999998,0.14198983,-0.051150172843933084,16.58115,15.190243,-1.3909072326660166,13.638750000000002,12.612112,-1.0266379547119158,0.03882269999999999,0.08942141,0.05059870638828279
21568,0.043139999999999956,0.14198983,0.09884982715606694,11.931149999999999,15.190243,3.2590927673339856,9.078750000000001,12.612112,3.5333620452880847,0.01882269999999997,0.08942141,0.0705987063882828
21570,0.17313999999999996,0.14198983,-0.031150172843933066,15.841149999999999,15.190243,-0.6509072326660146,14.028750000000002,12.612112,-1.4166379547119163,0.11882269999999995,0.08942141,-0.029401293611717172
21571,0.26313999999999993,0.14198983,-0.12115017284393303,18.531149999999997,15.190243,-3.3409072326660123,16.76875,12.612112,-4.156637954711915,0.21882269999999998,0.08942141,-0.1294012936117172
21572,0.17313999999999996,0.14198983,-0.031150172843933066,17.19115,15.190243,-2.000907232666016,14.888750000000002,12.612112,-2.2766379547119158,0.11882269999999995,0.08942141,-0.029401293611717172
21573,0.07313999999999998,0.14198983,0.06884982715606691,11.32115,15.190243,3.869092767333985,9.59875,12.612112,3.013362045288085,0.0488227,0.08942141,0.04059870638828278
21574,0.0031399999999999206,0.14198983,0.13884982715606697,9.96115,15.190243,5.229092767333984,5.298750000000002,12.612112,7.313362045288084,-0.0711773,0.08942141,0.16059870638828277
21575,0.18313999999999997,0.14198983,-0.041150172843933075,16.37115,15.190243,-1.1809072326660157,14.598750000000003,12.612112,-1.9866379547119166,0.13882269999999997,0.08942141,-0.04940129361171719
21576,0.26313999999999993,0.14198983,-0.12115017284393303,20.531149999999997,15.190243,-5.340907232666012,17.558750000000003,12.612112,-4.9466379547119175,0.2288227,0.08942141,-0.13940129361171721
21579,-0.04211930000000008,0.061433587,0.10355288722329148,1.4563799999999993,5.4285517,3.972171673889161,1.4218700000000002,6.348347,4.926477187042236,0.04652119999999993,0.13428938,0.0877681838882447
21581,0.07788069999999991,0.061433587,-0.016447112776708517,6.356379999999998,5.4285517,-0.9278283261108378,7.85187,6.348347,-1.5035228129577636,0.16652119999999992,0.13428938,-0.032231816111755296
21582,0.13788069999999997,0.061433587,-0.07644711277670857,7.686379999999998,5.4285517,-2.257828326110838,9.371870000000001,6.348347,-3.023522812957765,0.19652119999999995,0.13428938,-0.06223181611175532
21640,0.205488,0.09173934,-0.11374865838336945,14.441820000000003,14.663016,0.2211963192748989,14.91644,13.121377,-1.795063008728027,0.24630780000000002,0.16299595,-0.08331185061244967
21642,0.025487999999999955,0.09173934,0.0662513416166306,13.741820000000002,14.663016,0.9211963192749,11.716439999999999,13.121377,1.404936991271974,0.11630780000000007,0.16299595,0.04668814938755028
21643,-0.007511999999999963,0.09173934,0.09925134161663052,14.641820000000003,14.663016,0.021196319274899622,11.216439999999999,13.121377,1.904936991271974,0.06630780000000003,0.16299595,0.09668814938755033
21644,-0.010512000000000077,0.09173934,0.10225134161663063,15.541820000000003,14.663016,-0.8788036807251007,11.01644,13.121377,2.1049369912719733,0.0063078000000000856,0.16299595,0.15668814938755027
21645,0.06348799999999999,0.09173934,0.028251341616630565,17.04182,14.663016,-2.378803680725099,15.31644,13.121377,-2.1950630087280274,0.25630780000000003,0.16299595,-0.09331185061244968
21646,0.18948799999999988,0.09173934,-0.09774865838336932,14.641820000000003,14.663016,0.021196319274899622,15.01644,13.121377,-1.8950630087280267,0.24630780000000002,0.16299595,-0.08331185061244967
21647,0.210488,0.09173934,-0.11874865838336945,17.441820000000003,14.663016,-2.778803680725101,16.51644,13.121377,-3.3950630087280267,0.2963078,0.16299595,-0.13331185061244966
21725,0.1522150000000001,0.012230162,-0.13998483842253695,17.07835,9.490152,-7.588197640991211,13.837250000000001,6.389459,-7.447790866851808,0.052264100000000036,-0.008734726,-0.060998826347029245
21726,0.11221500000000006,0.012230162,-0.09998483842253691,16.278349999999996,9.490152,-6.788197640991207,13.527250000000002,6.389459,-7.137790866851809,0.09226410000000007,-0.008734726,-0.10099882634702928
21727,0.23221500000000006,0.012230162,-0.2199848384225369,15.368349999999998,9.490152,-5.878197640991209,13.617250000000002,6.389459,-7.227790866851809,0.052264100000000036,-0.008734726,-0.060998826347029245
21728,0.08221500000000015,0.012230162,-0.069984838422537,10.52835,9.490152,-1.0381976409912106,9.587250000000001,6.389459,-3.1977908668518076,0.062264100000000044,-0.008734726,-0.07099882634702925
21729,0.012215000000000087,0.012230162,1.5161577463063125e-05,9.518349999999998,9.490152,-0.028197640991209028,6.267250000000001,6.389459,0.1222091331481927,-0.03773589999999993,-0.008734726,0.029001173652970724
21730,0.032215000000000105,0.012230162,-0.019984838422536955,8.68835,9.490152,0.8018023590087893,6.2272500000000015,6.389459,0.16220913314819185,-0.017735899999999916,-0.008734726,0.009001173652970706
21731,0.012215000000000087,0.012230162,1.5161577463063125e-05,8.588349999999998,9.490152,0.9018023590087907,6.007250000000001,6.389459,0.3822091331481925,-0.007735899999999907,-0.008734726,-0.0009988263470293024
21732,-0.007784999999999931,0.012230162,0.02001516157746308,8.668349999999997,9.490152,0.8218023590087924,5.557250000000002,6.389459,0.8322091331481918,-0.027735899999999925,-0.008734726,0.019001173652970715
21735,0.21221500000000004,0.012230162,-0.1999848384225369,19.81835,9.490152,-10.32819764099121,15.21725,6.389459,-8.827790866851807,-0.017735899999999916,-0.008734726,0.009001173652970706
21736,0.21221500000000004,0.012230162,-0.1999848384225369,19.74835,9.490152,-10.25819764099121,14.547250000000002,6.389459,-8.157790866851808,-0.09773589999999999,-0.008734726,0.08900117365297078
21737,0.08221500000000015,0.012230162,-0.069984838422537,17.448349999999998,9.490152,-7.958197640991209,12.69725,6.389459,-6.307790866851807,-0.027735899999999925,-0.008734726,0.019001173652970715
21738,0.042215000000000114,0.012230162,-0.029984838422536964,15.108349999999998,9.490152,-5.618197640991209,10.747250000000001,6.389459,-4.357790866851808,-0.027735899999999925,-0.008734726,0.019001173652970715
21739,0.032215000000000105,0.012230162,-0.019984838422536955,11.908349999999999,9.490152,-2.4181976409912096,8.047250000000002,6.389459,-1.6577908668518084,-0.04773589999999994,-0.008734726,0.03900117365297073
21779,-0.07001000000000013,0.058758132,0.12876813215971006,7.657590000000003,10.493826,2.8362359124755834,4.98508,7.8686914,2.8836114443969727,0.023483599999999938,0.03289069,0.00940708862795836
21816,0.1430530000000001,0.12115932,-0.02189367744016657,8.984370000000002,10.466975,1.482605212097166,10.41232,11.15862,0.7462998806762702,0.026765299999999992,0.029894024,0.003128724133682259
22052,0.06238699999999997,0.021333922,-0.04105307829928395,9.935680000000001,9.773878,-0.1618019024658217,8.33515,7.92869,-0.40646004333496144,0.026455999999999924,0.05378075,0.027324749440193252
22053,-0.0176130000000001,0.021333922,0.03894692170071612,7.635680000000001,9.773878,2.138198097534179,4.895150000000001,7.92869,3.033539956665038,-0.010544000000000109,0.05378075,0.06432474944019329
22070,-0.057784999999999975,0.015184919,0.0729699193498492,4.458349999999999,8.889474,4.431123915100098,0.5772500000000029,6.4854293,5.908179286956784,-0.06773589999999996,0.018019283,0.08575518319036957
22071,-0.02778499999999995,0.015184919,0.04296991934984917,4.708349999999999,8.889474,4.181123915100098,1.9072500000000012,6.4854293,4.578179286956786,-0.03773589999999993,0.018019283,0.05575518319036954
22072,-0.02778499999999995,0.015184919,0.04296991934984917,5.448349999999998,8.889474,3.4411239151001,2.957250000000002,6.4854293,3.528179286956785,-0.017735899999999916,0.018019283,0.03575518319036952
22073,-0.02778499999999995,0.015184919,0.04296991934984917,5.6283499999999975,8.889474,3.2611239151001,2.7672500000000007,6.4854293,3.7181792869567865,-0.027735899999999925,0.018019283,0.04575518319036953
22074,-0.057784999999999975,0.015184919,0.0729699193498492,4.548349999999999,8.889474,4.341123915100098,0.7872500000000002,6.4854293,5.698179286956787,-0.05773589999999995,0.018019283,0.07575518319036956
22111,0.1093869999999999,0.06350485,-0.04588214764547338,11.185680000000001,9.057861,-2.1278186718750014,9.20515,7.158365,-2.046785227203369,0.0014560000000000128,0.005638016,0.004182015922158944
22112,0.09738699999999989,0.06350485,-0.03388214764547337,9.965680000000003,9.057861,-0.9078186718750025,7.575150000000001,7.158365,-0.41678522720336986,-0.03854400000000002,0.005638016,0.04418201592215898
22113,0.1123869999999999,0.06350485,-0.048882147645473384,11.705680000000001,9.057861,-2.647818671875001,9.07515,7.158365,-1.9167852272033699,-0.03854400000000002,0.005638016,0.04418201592215898
22114,0.11938699999999991,0.06350485,-0.05588214764547339,11.805680000000002,9.057861,-2.7478186718750024,9.395150000000001,7.158365,-2.23678522720337,-0.028544000000000014,0.005638016,0.03418201592215897
22115,0.13238699999999992,0.06350485,-0.0688821476454734,12.435680000000001,9.057861,-3.3778186718750014,10.33515,7.158365,-3.1767852272033696,0.0014560000000000128,0.005638016,0.004182015922158944
22116,0.025386999999999937,0.06350485,0.03811785235452658,8.435680000000001,9.057861,0.6221813281249986,6.18515,7.158365,0.9732147727966307,-0.008543999999999996,0.005638016,0.014182015922158953
22118,0.09938699999999989,0.06350485,-0.03588214764547337,10.185680000000001,9.057861,-1.1278186718750014,8.17515,7.158365,-1.0167852272033695,-0.018544000000000005,0.005638016,0.02418201592215896
22120,0.025386999999999937,0.06350485,0.03811785235452658,8.435680000000001,9.057861,0.6221813281249986,6.18515,7.158365,0.9732147727966307,-0.008543999999999996,0.005638016,0.014182015922158953
22121,0.023386999999999936,0.06350485,0.040117852354526584,9.075680000000002,9.057861,-0.017818671875001968,6.665150000000001,7.158365,0.4932147727966303,-0.008543999999999996,0.005638016,0.014182015922158953
22122,0.2423869999999999,0.06350485,-0.1788821476454734,10.90568,9.057861,-1.8478186718750003,7.825150000000001,7.158365,-0.6667852272033699,-0.028544000000000014,0.005638016,0.03418201592215897
22181,0.07321500000000014,0.015184919,-0.05803008065015092,10.248349999999999,8.889474,-1.3588760848999009,8.467250000000002,6.4854293,-1.9818207130432146,0.02226410000000001,0.018019283,-0.004244816809630403
22182,0.008215000000000083,0.015184919,0.006969919349849141,8.61835,8.889474,0.27112391510009815,4.647250000000001,6.4854293,1.8381792869567857,-0.07773589999999997,0.018019283,0.09575518319036957
22183,0.018215000000000092,0.015184919,-0.003030080650150868,8.198349999999998,8.889474,0.6911239151000999,5.2272500000000015,6.4854293,1.2581792869567856,-0.03773589999999993,0.018019283,0.05575518319036954
22184,0.033215000000000106,0.015184919,-0.01803008065015088,10.690349999999999,8.889474,-1.800876084899901,7.927250000000001,6.4854293,-1.4418207130432137,0.002264100000000102,0.018019283,0.015755183190369504
22185,0.0282150000000001,0.015184919,-0.013030080650150877,9.056349999999998,8.889474,-0.1668760848999007,5.517250000000001,6.4854293,0.9681792869567865,-0.05773589999999995,0.018019283,0.07575518319036956
22186,0.033215000000000106,0.015184919,-0.01803008065015088,7.241349999999997,8.889474,1.6481239151001006,6.02725,6.4854293,0.45817928695678667,0.02226410000000001,0.018019283,-0.004244816809630403
22187,0.06221500000000013,0.015184919,-0.04703008065015091,8.978349999999999,8.889474,-0.08887608489990129,8.18725,6.4854293,-1.7018207130432135,0.062264100000000044,0.018019283,-0.04424481680963044
22188,0.022215000000000096,0.015184919,-0.007030080650150872,7.768349999999998,8.889474,1.1211239151000996,5.157250000000001,6.4854293,1.3281792869567859,-0.017735899999999916,0.018019283,0.03575518319036952
22189,0.022215000000000096,0.015184919,-0.007030080650150872,7.488349999999997,8.889474,1.4011239151001007,5.187250000000001,6.4854293,1.2981792869567865,-0.007735899999999907,0.018019283,0.025755183190369513
22192,0.022213999999999956,0.03241558,0.010201580004453703,13.186860000000003,15.632836,2.4459763418579072,10.55787,11.919179,1.36130896270752,0.05469860000000004,0.03066009,-0.02403851089463238
22193,0.05221399999999998,0.03241558,-0.019798419995546324,18.686860000000003,15.632836,-3.0540236581420928,13.25787,11.919179,-1.338691037292481,0.014698600000000006,0.03066009,0.015961489105367654
22331,0.025202000000000058,0.018221902,-0.006980098270297108,7.936509999999998,8.846633,0.9101229574584977,10.0364,10.821707,0.7853067718505855,0.14513739999999997,0.1631482,0.018010794551467924
22332,0.025202000000000058,0.018221902,-0.006980098270297108,7.936509999999998,8.846633,0.9101229574584977,10.0364,10.821707,0.7853067718505855,0.14513739999999997,0.1631482,0.018010794551467924
22333,0.025202000000000058,0.018221902,-0.006980098270297108,7.936509999999998,8.846633,0.9101229574584977,10.0364,10.821707,0.7853067718505855,0.14513739999999997,0.1631482,0.018010794551467924
22418,0.06238699999999997,0.029290143,-0.03309685659956929,7.40568,9.92325,2.5175701983642575,5.905150000000001,7.8154764,1.9103264175415031,-0.008543999999999996,0.048416197,0.05696019729995727
22487,-0.04631699999999994,-0.053422444,-0.007105443568706571,5.958660000000002,6.3999515,0.4412914579772931,9.058400000000002,8.854592,-0.2038076766967798,0.23238349999999997,0.19137904,-0.04100445952033993
22489,-0.08631699999999998,-0.053422444,0.032894556431293465,6.758659999999999,6.3999515,-0.3587085420227041,9.658400000000002,8.854592,-0.8038076766967794,0.2523835,0.19137904,-0.06100445952033995
22491,-0.016316999999999915,-0.053422444,-0.0371054435687066,7.85866,6.3999515,-1.4587085420227055,10.258400000000002,8.854592,-1.403807676696779,0.21238350000000006,0.19137904,-0.021004459520340024
22502,0.11451500000000003,0.014414201,-0.10010079944074157,10.678439999999998,9.148301,-1.5301388754272445,14.24813,8.853916,-5.394213831787109,0.314724,0.11853454,-0.19618945737981797
22505,-0.07548500000000002,0.014414201,0.08989920055925849,6.228439999999999,9.148301,2.919861124572755,3.4881300000000017,8.853916,5.365786168212889,-0.015275999999999956,0.11853454,0.133810542620182
22633,-0.09498000000000006,-0.08883689,0.006143106560707157,6.551690000000001,7.407053,0.8553629937744134,1.5366199999999992,3.5550754,2.018455407028199,-0.06808219999999998,-0.010113087,0.05796911344857214
22634,-0.10098000000000007,-0.08883689,0.012143106560707162,7.101690000000001,7.407053,0.30536299377441267,2.6866200000000013,3.5550754,0.8684554070281969,-0.03608219999999995,-0.010113087,0.025969113448572112
22636,-0.07098000000000004,-0.08883689,-0.017856893439292865,8.221690000000002,7.407053,-0.8146370062255883,6.39662,3.5550754,-2.841544592971802,0.06991780000000003,-0.010113087,-0.08003088655142787
22679,0.06407600000000002,0.019135984,-0.044940016339182876,6.877839999999999,5.588589,-1.2892508085632315,12.735679999999999,8.606165,-4.129515067749022,0.07218659999999999,0.07027496,-0.0019116434756278888
22680,-0.00592400000000004,0.019135984,0.025059983660817187,6.277839999999998,5.588589,-0.6892508085632301,6.93568,8.606165,1.670484932250977,0.07218659999999999,0.07027496,-0.0019116434756278888
22681,-0.03592400000000007,0.019135984,0.05505998366081721,3.477839999999997,5.588589,2.1107491914367706,5.535679999999999,8.606165,3.0704849322509773,0.032186600000000065,0.07027496,0.038088356524372036
23025,0.21315899999999988,0.13086762,-0.08229138465785968,12.027910000000002,13.085687,1.057776683654783,18.850099999999998,17.96531,-0.8847908569335914,0.44534360000000006,0.3944528,-0.050890789712524476
23026,0.19315899999999997,0.13086762,-0.06229138465785977,12.907910000000005,13.085687,0.1777766836547805,18.8701,17.96531,-0.9047908569335945,0.42534360000000004,0.3944528,-0.030890789712524458
23058,-0.02761300000000011,0.03534401,0.06295700835633289,7.915680000000002,9.227275,1.3115948947143536,4.405149999999999,7.4857907,3.080640729522706,-0.04854400000000003,0.04701343,0.09555743178749088
23104,-0.05910499999999996,-0.033795375,0.02530962462306019,3.57723,3.7634327,0.186202741165161,3.5110600000000005,3.8302135,0.3191535467529292,0.07304710000000003,0.07024154,-0.002805559329605134
23105,-0.05910499999999996,-0.033795375,0.02530962462306019,4.027229999999999,3.7634327,-0.2637972588348383,2.87106,3.8302135,0.9591535467529297,0.033047099999999996,0.07024154,0.0371944406703949
23106,-0.05910499999999996,-0.033795375,0.02530962462306019,4.027229999999999,3.7634327,-0.2637972588348383,2.87106,3.8302135,0.9591535467529297,0.033047099999999996,0.07024154,0.0371944406703949
23107,-0.019104999999999928,-0.033795375,-0.014690375376939846,3.3372300000000017,3.7634327,0.42620274116515944,3.7510600000000025,3.8302135,0.07915354675292718,0.06304710000000002,0.07024154,0.007194440670394875
23108,-0.019104999999999928,-0.033795375,-0.014690375376939846,3.3372300000000017,3.7634327,0.42620274116515944,3.7510600000000025,3.8302135,0.07915354675292718,0.06304710000000002,0.07024154,0.007194440670394875
23109,-0.019104999999999928,-0.033795375,-0.014690375376939846,3.497230000000002,3.7634327,0.2662027411651593,4.831060000000001,3.8302135,-1.000846453247071,0.10304709999999995,0.07024154,-0.03280555932960505
23139,0.1023869999999999,0.047594093,-0.05479290721368779,8.485680000000002,8.74627,0.26059017974853305,8.59515,7.460689,-1.1344609321594241,0.061455999999999955,0.040653188,-0.020802812218427613
23302,-0.09956500000000013,0.099554405,0.19911940461635602,7.203769999999999,11.028707,3.824936550598146,4.556880000000001,10.160641,5.603760716552733,0.051134800000000036,0.12063632,0.06950152160425183
23303,0.014434999999999976,0.099554405,0.08511940461635592,9.373769999999999,11.028707,1.654936550598146,8.486880000000001,10.160641,1.6737607165527333,0.12113479999999999,0.12063632,-0.0004984783957481254
23304,0.23743499999999995,0.099554405,-0.13788059538364406,11.42377,11.028707,-0.3950634494018548,11.326880000000001,10.160641,-1.1662392834472666,0.10213479999999997,0.12063632,0.01850152160425189
23305,0.26143499999999986,0.099554405,-0.16188059538364397,13.00377,11.028707,-1.9750634494018549,13.37688,10.160641,-3.2162392834472655,0.21513479999999996,0.12063632,-0.0944984783957481
23307,0.1347520000000001,0.15520535,0.020453354094505216,23.536230000000003,20.457579,-3.078651340942386,20.24323,17.127842,-3.11538805053711,0.20431639999999995,0.21169277,0.007376365355110215
23338,0.05221500000000012,0.010517094,-0.04169790571570409,7.138349999999999,7.327993,0.18964291610717865,6.1072500000000005,5.944769,-0.16248109436035207,0.0122641,0.037662677,0.025398577466869354
23340,0.25337699999999996,0.23285094,-0.020526060964584314,7.034000000000001,6.7081766,-0.3258233871459968,9.8681,9.713696,-0.15440447387695322,0.2667578,0.26479608,-0.001961721794891347
23341,0.1883769999999999,0.23285094,0.044473939035415744,4.033999999999999,6.7081766,2.674176612854005,7.568099999999999,9.713696,2.1455955261230475,0.17675779999999996,0.26479608,0.08803827820510868
23342,0.19437700000000002,0.23285094,0.03847393903541563,3.1340000000000003,6.7081766,3.5741766128540036,6.9681,9.713696,2.745595526123047,0.16375779999999995,0.26479608,0.10103827820510869
23343,0.24037699999999995,0.23285094,-0.007526060964584302,2.8339999999999996,6.7081766,3.8741766128540043,7.6681,9.713696,2.045595526123047,0.19875779999999998,0.26479608,0.06603827820510866
23355,0.405377,0.23285094,-0.17252606096458434,13.334,6.7081766,-6.625823387145996,13.168099999999999,9.713696,-3.454404473876952,0.3437578,0.26479608,-0.07896172179489136
23356,0.12537699999999996,0.23285094,0.10747393903541569,7.934000000000001,6.7081766,-1.2258233871459971,10.9681,9.713696,-1.2544044738769529,0.3387578,0.26479608,-0.07396172179489136
23357,0.1853769999999999,0.23285094,0.047473939035415746,5.634,6.7081766,1.0741766128540036,10.0681,9.713696,-0.3544044738769525,0.3087578,0.26479608,-0.043961721794891384
23359,0.285377,0.23285094,-0.05252606096458434,10.134,6.7081766,-3.4258233871459964,11.9681,9.713696,-2.254404473876953,0.3387578,0.26479608,-0.07396172179489136
23526,0.12715700000000008,0.112307265,-0.01484973459911354,7.41647,7.1747856,-0.24168438598632846,10.21476,9.406611,-0.8081485574340821,0.16309320000000005,0.14549552,-0.017597680957984974
23646,0.2995052,0.278118,-0.021387185664367703,9.35202,9.569852,0.21783187530517623,8.989729999999998,8.849148,-0.14058220336913863,0.06508250000000004,0.07153142,0.006448922436237292
23647,0.2895052,0.278118,-0.011387185664367694,8.90202,9.569852,0.6678318753051755,8.369729999999999,8.849148,0.4794177966308606,0.055082500000000034,0.07153142,0.0164489224362373
23679,0.054643,0.03905819,-0.015584810160875318,4.84188,4.7738347,-0.06804529464721654,10.898890000000002,9.086684,-1.8122057730102554,0.2975966,0.18853411,-0.10906248921546935
23680,0.0025079999999999547,-0.0045878817,-0.007095881732732012,4.282170000000004,4.4321804,0.1500104046630817,4.037049999999999,4.0689692,0.03191924972534288,0.005777199999999927,0.031296812,0.025519611997890546
23681,0.035414999999999974,0.051082782,0.01566778244733813,5.395870000000002,3.9741023,-1.4217677413177512,2.4469600000000007,1.175241,-1.2717190065002448,-0.045522300000000016,-0.056968283,-0.011445982908201202
23682,0.03423899999999991,0.051082782,0.016843782447338196,2.141490000000001,3.9741023,1.83261225868225,-0.847900000000001,1.175241,2.023140993499757,-0.09972800000000004,-0.056968283,0.04275971709179882
23685,0.11048000000000002,0.1150317,0.0045516968560218585,13.32834,13.642978,0.3146377145385735,5.893020000000002,6.0695367,0.17651668594360181,-0.06188970000000005,-0.061593566,0.0002961339101315019
24010,-0.10612900000000014,-0.0752003,0.030928703061580798,5.761879999999998,5.8884845,0.12660447799682828,0.8259000000000007,1.4156468,0.5897467914581291,-0.07200939999999989,-0.059126537,0.012882862706804166
24011,-0.08095200000000013,-0.042430475,0.038521524645805494,9.71708,8.883383,-0.8336972027587883,5.0513200000000005,4.95842,-0.09290020019531298,-0.027748099999999942,-0.009197399,0.018550700979804935
24012,-0.08095200000000013,-0.042430475,0.038521524645805494,9.22708,8.883383,-0.3436972027587899,3.9613200000000006,4.95842,0.9970997998046869,-0.05574809999999997,-0.009197399,0.04655070097980496
24013,-0.06095200000000012,-0.042430475,0.018521524645805476,9.05708,8.883383,-0.1736972027587882,4.441320000000001,4.95842,0.5170997998046865,-0.04474809999999996,-0.009197399,0.03555070097980495
24126,0.07238699999999998,0.03534401,-0.0370429916436672,8.38568,9.227275,0.8415948947143548,7.70515,7.4857907,-0.21935927047729464,0.04145599999999994,0.04701343,0.005557431787490907
24127,0.022386999999999935,0.03534401,0.012957008356332844,7.4756800000000005,9.227275,1.751594894714355,8.40515,7.4857907,-0.9193592704772957,0.1314559999999999,0.04701343,-0.08444256821250906
24128,0.0063869999999999205,0.03534401,0.02895700835633286,6.665680000000002,9.227275,2.5615948947143536,6.60515,7.4857907,0.880640729522705,0.08145599999999997,0.04701343,-0.03444256821250913
24129,0.002386999999999917,0.03534401,0.03295700835633286,6.265680000000003,9.227275,2.961594894714352,5.50515,7.4857907,1.9806407295227046,0.04145599999999994,0.04701343,0.005557431787490907
24209,-0.07623600000000019,-0.044713523,0.03152247676110287,11.673869999999997,11.4456,-0.22827044403075902,8.162320000000001,9.116014,0.9536935269165028,0.03040010000000004,0.064677045,0.03427694474925991
24285,0.05906000000000011,0.07548462,0.01642461854457844,8.22617,8.33403,0.10786015136718774,10.707510000000001,10.752074,0.04456424163818262,0.13264829999999994,0.1533696,0.020721305541229307
24368,0.03420500000000004,0.03167419,-0.0025308086442947797,1.1225800000000028,2.2690322,1.1464522399139376,3.5851100000000002,4.796869,1.2117588011169431,0.11778159999999993,0.1297594,0.011977801082992623
24369,0.021560000000000024,-0.047291648,-0.0688516476428509,9.41901,10.047738,0.6287280752563476,6.7472400000000015,6.375118,-0.3721222212219253,-0.011720999999999981,-0.018015627,-0.006294626817941684
24370,-0.06844000000000006,-0.047291648,0.02114835235714918,10.609010000000001,10.047738,-0.5612719247436537,8.86724,6.375118,-2.4921222212219245,0.06827899999999998,-0.018015627,-0.08629462681794164
24371,-0.06844000000000006,-0.047291648,0.02114835235714918,10.609010000000001,10.047738,-0.5612719247436537,5.417240000000001,6.375118,0.9578777787780748,-0.04172100000000001,-0.018015627,0.023705373182058342
24372,-0.09844000000000008,-0.047291648,0.05114835235714921,8.70901,10.047738,1.3387280752563484,3.517240000000001,6.375118,2.857877778778075,-0.061721000000000026,-0.018015627,0.04370537318205836
24388,0.2219899999999999,0.058758132,-0.16323186784028998,13.32159,10.493826,-2.8277640875244145,13.585080000000001,7.8686914,-5.716388555603029,0.14348359999999993,0.03289069,-0.11059291137204164
24389,0.15112800000000004,0.13955984,-0.011568164804458658,11.10161,9.946877,-1.1547334741210946,13.13899,11.791189,-1.3478008062744138,0.15830339999999998,0.13051665,-0.02778675170745848
24390,0.13112800000000002,0.13955984,0.00843183519554136,8.30161,9.946877,1.645266525878906,11.03899,11.791189,0.7521991937255859,0.12830339999999996,0.13051665,0.0022132482925415475
24391,0.24346899999999994,0.24073908,-0.0027299226703643154,12.975609999999996,14.5013,1.5256898580932656,8.44803,8.90816,0.46013020965576246,-0.03491660000000002,-0.034423687,0.0004929134360313614
24465,-0.05436799999999997,-0.003473874,0.0508941260513216,8.184450000000002,8.5643215,0.37987151794433416,10.25235,10.707889,0.45553860321044937,0.19939050000000003,0.19134708,-0.008043422511100795
24582,-0.057613000000000136,0.029290143,0.08690314340043082,7.33568,9.92325,2.587570198364258,3.3851499999999994,7.8154764,4.4303264175415045,-0.040544000000000024,0.048416197,0.0889601972999573
24588,-0.057613000000000136,0.029290143,0.08690314340043082,7.33568,9.92325,2.587570198364258,3.3851499999999994,7.8154764,4.4303264175415045,-0.040544000000000024,0.048416197,0.0889601972999573
24704,-0.0176130000000001,-0.02757765,-0.009964649801969427,6.605680000000003,7.150991,0.5453109629821746,3.405149999999999,3.3677876,-0.03736240043640038,-0.03854400000000002,-0.04216986,-0.00362586149549482
24705,-0.02761300000000011,-0.02757765,3.535019803058148e-05,7.205680000000001,7.150991,-0.05468903701782324,3.2051499999999997,3.3677876,0.1626375995635989,-0.06854400000000005,-0.04216986,0.026374138504505207
24706,-0.04761300000000013,-0.02757765,0.0200353501980306,7.605680000000003,7.150991,-0.45468903701782537,2.905149999999999,3.3677876,0.4626375995635996,-0.07854400000000006,-0.04216986,0.036374138504505216
24707,-0.03761300000000012,-0.02757765,0.01003535019803059,7.505680000000002,7.150991,-0.35468903701782395,4.305150000000001,3.3677876,-0.9373624004364025,-0.018544000000000005,-0.04216986,-0.023625861495494838
24709,-0.04761300000000013,-0.02757765,0.0200353501980306,6.205680000000001,7.150991,0.9453109629821768,2.805150000000001,3.3677876,0.5626375995635975,-0.028544000000000014,-0.04216986,-0.013625861495494829
24710,-0.057613000000000136,-0.02757765,0.030035350198030608,6.105680000000003,7.150991,1.0453109629821746,2.605150000000002,3.3677876,0.7626375995635968,-0.03854400000000002,-0.04216986,-0.00362586149549482
24713,-0.02761300000000011,-0.02757765,3.535019803058148e-05,6.505680000000002,7.150991,0.645310962982176,2.805150000000001,3.3677876,0.5626375995635975,-0.05854400000000004,-0.04216986,0.016374138504505198
24714,-0.02761300000000011,-0.02757765,3.535019803058148e-05,6.605680000000003,7.150991,0.5453109629821746,2.605150000000002,3.3677876,0.7626375995635968,-0.06854400000000005,-0.04216986,0.026374138504505207
24717,-0.057613000000000136,-0.02757765,0.030035350198030608,6.205680000000001,7.150991,0.9453109629821768,1.8051500000000011,3.3677876,1.5626375995635975,-0.06854400000000005,-0.04216986,0.026374138504505207
24969,-0.03778499999999996,0.015184919,0.05296991934984918,8.588349999999998,8.889474,0.3011239151000993,6.917250000000001,6.4854293,-0.4318207130432139,0.062264100000000044,0.018019283,-0.04424481680963044
24986,0.0018689999999998985,0.01984316,0.01797415924346457,12.554590000000005,15.206422,2.651831852111812,16.652449999999998,16.112965,-0.5394853698730451,-0.04840769999999994,-0.13999963,-0.09159192806701666
24988,0.0018689999999998985,0.01984316,0.01797415924346457,17.154590000000006,15.206422,-1.9481681478881896,16.652449999999998,16.112965,-0.5394853698730451,-0.2384077,-0.13999963,0.0984080719329834
24990,0.06186899999999995,0.01984316,-0.04202584075653548,16.954590000000003,15.206422,-1.7481681478881868,16.652449999999998,16.112965,-0.5394853698730451,-0.17840769999999995,-0.13999963,0.038408071932983345
25161,0.12238699999999991,0.096363984,-0.026023015951633366,8.90568,9.487591,0.5819107897949216,9.50515,9.439225,-0.06592480316162153,0.10145599999999999,0.07974829,-0.02170771220302581
25162,0.12238699999999991,0.096363984,-0.026023015951633366,8.705680000000001,9.487591,0.7819107897949209,8.50515,9.439225,0.9340751968383785,0.051455999999999946,0.07974829,0.028292287796974236
25230,0.1285139999999999,0.23001005,0.10149604755496988,8.763110000000001,12.109784,3.346674126281737,10.682830000000001,13.477606,2.7947758197021475,0.13898579999999994,0.18513839,0.04615258946819312
25232,0.14851399999999992,0.23001005,0.08149604755496986,10.083110000000001,12.109784,2.026674126281737,11.552830000000002,13.477606,1.9247758197021465,0.15898579999999995,0.18513839,0.0261525894681931
25234,0.21851399999999988,0.23001005,0.011496047554969913,6.833110000000001,12.109784,5.276674126281737,12.242830000000001,13.477606,1.234775819702147,0.2089858,0.18513839,-0.023847410531806945
25291,0.08121500000000015,0.015184919,-0.06603008065015092,7.538349999999998,8.889474,1.3511239151001,7.807250000000002,6.4854293,-1.3218207130432145,0.06426410000000005,0.018019283,-0.04624481680963044
25300,-0.02778499999999995,0.005004477,0.032789477221518704,5.338349999999998,6.0214257,0.6830757240295426,3.1072500000000005,4.6760387,1.5687887420654292,-0.007735899999999907,0.01641454,0.024150439888501074
25301,0.002215000000000078,0.005004477,0.002789477221518677,4.93835,6.0214257,1.0830757240295412,3.6072500000000005,4.6760387,1.0687887420654292,0.002264100000000102,0.01641454,0.014150439888501065
25340,-0.03940300000000008,-0.043772027,-0.004369026896476669,7.961499999999997,8.499044,0.5375444183349636,2.869440000000001,3.6229646,0.7535246205902091,-0.08285969999999998,-0.046023473,0.036836226856422405
25341,-0.04665800000000009,-0.030988783,0.015669217355728238,7.937749999999998,9.048353,1.110603195190432,2.4916199999999975,4.0862064,1.594586436157229,-0.08980929999999998,-0.055284485,0.03452481477909086
25342,-0.05906300000000009,-0.023550998,0.03551200158047685,2.6450500000000012,4.4406395,1.7955894958496081,-0.26829000000000036,2.5551283,2.823418335952759,-0.047492700000000054,-0.05203827,-0.004545570980119651
25345,-0.04665800000000009,-0.030988783,0.015669217355728238,8.037749999999999,9.048353,1.0106031951904306,2.8916199999999996,4.0862064,1.194586436157227,-0.07980929999999997,-0.055284485,0.024524814779090853
25346,-0.04906300000000008,-0.023550998,0.02551200158047684,2.6450500000000012,4.4406395,1.7955894958496081,0.03171000000000035,2.5551283,2.5234183359527584,-0.04049270000000005,-0.05203827,-0.011545570980119657
25673,0.012386999999999926,0.06350485,0.051117852354526594,5.635680000000001,9.057861,3.4221813281249993,5.395150000000001,7.158365,1.7632147727966299,0.051455999999999946,0.005638016,-0.04581798407784099
25675,0.21238699999999988,0.06350485,-0.14888214764547336,6.24568,9.057861,2.812181328125,9.26515,7.158365,-2.1067852272033694,0.08145599999999997,0.005638016,-0.07581798407784102
25844,0.04167900000000002,0.04385025,0.0021712505421638273,7.97982,7.670705,-0.3091151583862306,6.31747,6.7621756,0.44470555999755845,0.0030944000000000527,0.04021954,0.03712514163908953
25845,0.04167900000000002,0.025150517,-0.016528482998251937,8.11982,7.9598045,-0.16001546508789133,6.617470000000001,5.414354,-1.2031161524963387,0.01309439999999995,-0.009744408,-0.02283880760910506
26269,-0.116317,-0.047502503,0.06881449720096589,3.4060699999999997,4.122224,0.7161538540649417,3.3550499999999985,4.8359566,1.4809065734863296,0.10665259999999999,0.10506093,-0.0015916724301338059
26523,-0.06761600000000012,-0.049040057,0.018575943234920622,5.902649999999998,7.1409154,1.238265393829348,5.4033999999999995,6.4010854,0.9976853767395024,-0.0815285,-0.054297797,0.027230702618122105
26524,-0.028615999999999975,-0.049040057,-0.020424056765079524,6.902649999999998,7.1409154,0.23826539382934797,7.4033999999999995,6.4010854,-1.0023146232604976,-0.05852849999999998,-0.054297797,0.004230702618122084
26633,0.018588999999999967,-0.022309449,-0.04089844857001301,5.07254,7.1673903,2.0948503465270996,5.478440000000001,6.903431,1.4249909387207023,0.05888559999999998,0.09585038,0.03696477827491762
26690,0.05171700000000001,0.03003767,-0.02167933053505422,12.760720000000001,10.417607,-2.343112692565919,11.1389,8.212543,-2.926357466125488,0.10500520000000002,0.038883146,-0.06612205410141947
26691,0.011716999999999977,0.03003767,0.018320669464945816,9.460720000000002,10.417607,0.95688730743408,7.1389,8.212543,1.0736425338745121,0.01500519999999994,0.038883146,0.02387794589858061
26950,0.053247000000000044,0.038765285,-0.014481714835882231,9.938460000000003,9.119632,-0.8188282327270535,8.566270000000001,7.770294,-0.7959758105468762,0.043883899999999976,0.022537047,-0.02134685295655725
26951,0.053247000000000044,0.038765285,-0.014481714835882231,8.23846,9.119632,0.8811717672729493,6.906270000000001,7.770294,0.864024189453124,0.01688389999999995,0.022537047,0.005653147043442774
27118,0.05795400000000006,0.12144809,0.06349409216260904,12.4236,13.904419,1.4808189453124996,11.40202,13.588312,2.1862921490478513,0.08247870000000002,0.14221774,0.05973904041652678
27119,0.040954000000000046,0.12144809,0.08049409216260905,10.823599999999999,13.904419,3.080818945312501,9.90202,13.588312,3.6862921490478513,0.0644787,0.14221774,0.0777390404165268
27123,0.03595400000000004,0.12144809,0.08549409216260906,12.823599999999999,13.904419,1.080818945312501,11.60202,13.588312,1.986292149047852,0.08747870000000002,0.14221774,0.054739040416526774
27124,0.250954,0.12144809,-0.1295059078373909,17.0236,13.904419,-3.1191810546874983,18.202019999999997,13.588312,-4.613707850952146,0.29947870000000004,0.14221774,-0.15726095958347325
27125,0.18795400000000007,0.12144809,-0.06650590783739097,17.5236,13.904419,-3.6191810546874983,16.90202,13.588312,-3.3137078509521487,0.1994787,0.14221774,-0.057260959583473214
27126,0.15595400000000004,0.12144809,-0.03450590783739094,13.823599999999999,13.904419,0.080818945312501,14.00202,13.588312,-0.41370785095214835,0.12747870000000006,0.14221774,0.014739040416526739
27416,-0.05053750000000001,-0.050889935,-0.0003524353444576134,9.217019999999998,10.407095,1.190074955444338,9.115,9.998283,0.8832833862304685,0.19051200000000001,0.21691851,0.026406513178825364
27419,-0.06053750000000002,-0.050889935,0.009647564655542396,12.49702,10.407095,-2.089925044555663,11.614999999999998,9.998283,-1.6167166137695297,0.25051199999999996,0.21691851,-0.03359348682117458
27464,-0.01746599999999998,0.10566319,0.1231291878018379,10.74615,12.087875,1.3417253662109374,14.488349999999999,15.421238,0.9328879455566419,-0.029183799999999982,0.045167953,0.07435175277595518
27595,0.1371920000000001,0.08196316,-0.05522884085607538,10.53248,10.050335,-0.48214506958007775,13.36488,11.570434,-1.7944463833618158,0.13369889999999995,0.11492996,-0.018768940822029068
27597,-0.0008079999999999199,0.08196316,0.08277115914392463,10.33248,10.050335,-0.28214506958007846,10.16488,11.570434,1.4055536166381835,0.09369890000000003,0.11492996,0.021231059177970857
27603,-0.03860299999999994,-0.0175281,0.02107490006077284,9.542840000000002,10.945496,1.4026556054687482,10.793209999999998,12.11636,1.323149710693361,0.07798479999999997,0.095955744,0.017970944385719334
27634,0.1023869999999999,0.03534401,-0.06704299164366712,9.805680000000002,9.227275,-0.5784051052856469,10.43515,7.4857907,-2.949359270477295,0.12145600000000001,0.04701343,-0.07444256821250916
27743,0.011622000000000021,-0.008780912,-0.020402911564826987,11.533819999999999,12.174322,0.6405021282958998,9.198,9.294907,0.0969066162109371,0.04237089999999999,0.08076566,0.038394757126903545
27852,0.0040959999999998775,0.095853716,0.09175771613502515,12.546420000000001,16.161623,3.6152030010986316,11.007249999999999,16.389442,5.382192443847657,0.03168329999999997,0.16495915,0.13327584757251743
27853,0.1410959999999999,0.095853716,-0.045242283864974864,17.236420000000003,16.161623,-1.0747969989013697,19.60725,16.389442,-3.2178075561523443,0.24968329999999994,0.16495915,-0.08472415242748255
27854,0.04809599999999992,0.095853716,0.04775771613502511,14.876420000000003,16.161623,1.2852030010986297,17.06725,16.389442,-0.6778075561523451,0.22668329999999992,0.16495915,-0.061724152427482526
27855,0.03709599999999991,0.095853716,0.05875771613502512,14.986420000000003,16.161623,1.1752030010986303,13.78725,16.389442,2.602192443847656,0.0636833,0.16495915,0.1012758475725174
27856,0.3960959999999999,0.095853716,-0.30024228386497487,26.06642,16.161623,-9.904796998901368,25.76725,16.389442,-9.377807556152344,0.40668329999999997,0.16495915,-0.24172415242748257
27859,0.0280959999999999,0.095853716,0.06775771613502513,13.296420000000001,16.161623,2.8652030010986316,12.46725,16.389442,3.9221924438476563,0.0636833,0.16495915,0.1012758475725174
27972,0.111819,0.17059395,0.058774947172164915,8.658890000000003,7.757659,-0.9012310415649445,7.493590000000001,9.483826,1.990235683593749,-0.015581199999999962,0.09179143,0.10737262862558361
27973,0.16181900000000005,0.17059395,0.00877494717216487,8.258890000000005,7.757659,-0.5012310415649459,9.69359,9.483826,-0.20976431640625037,0.09041880000000002,0.09179143,0.0013726286255836273
27974,0.20181900000000008,0.17059395,-0.031225052827835165,8.558890000000005,7.757659,-0.8012310415649466,10.09359,9.483826,-0.6097643164062507,0.07641880000000001,0.09179143,0.01537262862558364
27975,0.251819,0.17059395,-0.0812250528278351,8.658890000000003,7.757659,-0.9012310415649445,12.39359,9.483826,-2.9097643164062497,0.17541879999999999,0.09179143,-0.08362737137441634
27976,0.15181900000000004,0.17059395,0.01877494717216488,6.358890000000002,7.757659,1.3987689584350562,9.493590000000001,9.483826,-0.009764316406251083,0.13941879999999995,0.09179143,-0.047627371374416305
28007,0.07526500000000003,0.07490779,-0.0003572128558159138,16.374029999999998,15.5625515,-0.8114785015869117,16.71821,15.484447,-1.2337634744262687,0.1947512,0.16228893,-0.03246226600761415
28169,-0.028890000000000082,0.0009027124,0.029792712403331034,9.697580000000002,10.004485,0.3069051303100565,5.782359999999999,5.5039597,-0.2784003442382801,-0.02685650000000006,0.018528353,0.045384853422880234
28170,-0.05335040000000002,-0.060224786,-0.006874386400794963,8.755619999999999,6.7672534,-1.988366601104735,6.8767499999999995,5.143965,-1.7327852325439448,0.0871132,0.08915791,0.002044709154891966
28172,-0.036420100000000066,-0.04131706,-0.004896960589790278,2.4810499999999998,4.1320395,1.650989546966553,3.4665,4.196476,0.7299759826660157,0.12689820000000007,0.101370156,-0.025528044188690258
28252,-0.04693000000000014,-0.08019064,-0.033260643668174605,4.508210000000002,4.00884,-0.4993699159240741,3.362689999999997,2.40174,-0.9609499258422822,0.03192879999999987,0.027604884,-0.004323916463303434
28253,-0.09692999999999996,-0.08019064,0.016739356331825217,3.1882100000000015,4.00884,0.8206300840759262,0.5226899999999972,2.40174,1.8790500741577176,-0.019071200000000066,0.027604884,0.0466760835366965
28255,-0.02693000000000012,-0.08019064,-0.05326064366817462,4.778210000000001,4.00884,-0.7693699159240737,5.202689999999999,2.40174,-2.800949925842284,0.08392879999999991,0.027604884,-0.05632391646330348
28256,-0.08693000000000017,-0.08019064,0.00673935633182543,3.6182100000000013,4.00884,0.3906300840759265,1.1726899999999993,2.40174,1.2290500741577155,-0.005071199999999942,0.027604884,0.032676083536696376
28258,-0.06693000000000016,-0.08019064,-0.013260643668174588,4.218210000000003,4.00884,-0.20936991592407495,3.072689999999998,2.40174,-0.6709499258422831,0.037928799999999985,0.027604884,-0.01032391646330355
28259,-0.07993000000000006,-0.08019064,-0.0002606436681746871,4.008210000000002,4.00884,0.0006300840759259074,2.482689999999998,2.40174,-0.08094992584228322,0.028928799999999977,0.027604884,-0.0013239164633035427
28260,-0.09193000000000007,-0.08019064,0.011739356331825324,3.7182100000000027,4.00884,0.29063008407592505,1.6426899999999982,2.40174,0.7590500741577166,0.013928799999999963,0.027604884,0.01367608353669647
28261,-0.10892999999999997,-0.08019064,0.028739356331825228,3.6182100000000013,4.00884,0.3906300840759265,1.3326899999999995,2.40174,1.0690500741577154,0.016928799999999855,0.027604884,0.010676083536696579
28262,-0.09193000000000007,-0.08019064,0.011739356331825324,4.5582100000000025,4.00884,-0.5493699159240748,3.47269,2.40174,-1.0709499258422852,0.05892879999999989,0.027604884,-0.03132391646330346
28263,-0.09193000000000007,-0.08019064,0.011739356331825324,3.7182100000000027,4.00884,0.29063008407592505,1.8926899999999982,2.40174,0.5090500741577166,0.023928799999999972,0.027604884,0.0036760835366964617
28266,-0.10492999999999997,-0.08019064,0.024739356331825224,3.5382099999999994,4.00884,0.4706300840759283,1.5326899999999988,2.40174,0.8690500741577161,0.023928799999999972,0.027604884,0.0036760835366964617
28267,-0.07693000000000016,-0.07324837,0.003681628518104718,1.918210000000002,2.4046693,0.48645928482055467,0.6226899999999986,0.9672775,0.3445875268554701,0.02092879999999997,0.022832062,0.0019032620954037016
28328,-0.07443330000000004,-0.060633022,0.013800277661848104,9.54541,6.750974,-2.7944358216857914,7.7227000000000015,5.736544,-1.9861558677673354,0.0760615,0.08457782,0.008516321195125576
28366,0.05219799999999997,0.022675142,-0.029522858307838407,12.465019999999999,9.260115,-3.2049053302001944,14.2075,9.354024,-4.853476066589355,0.2562481,0.12194664,-0.13430145968732832
28371,-0.007802000000000087,0.022675142,0.030477141692161647,7.665019999999998,9.260115,1.5950946697998063,6.307499999999997,9.354024,3.046523933410647,0.026248099999999996,0.12194664,0.09569854031267166
28403,0.7285619999999999,0.38612217,-0.3424398328895568,24.387880000000003,11.452342,-12.935537966613772,21.16109,15.556522,-5.604567630615236,0.6103661,0.38434792,-0.22601818435058596
28405,0.47856199999999993,0.38612217,-0.09243983288955682,13.387880000000003,11.452342,-1.9355379666137722,20.16109,15.556522,-4.604567630615236,0.6603661,0.38434792,-0.2760181843505859
28406,0.448562,0.38612217,-0.0624398328895569,9.387880000000003,11.452342,2.064462033386228,19.16109,15.556522,-3.604567630615236,0.6103661,0.38434792,-0.22601818435058596
28407,0.328562,0.38612217,0.057560167110443095,7.387880000000003,11.452342,4.064462033386228,13.161090000000002,15.556522,2.395432369384764,0.2103661,0.38434792,0.17398181564941406
28408,0.15856199999999998,0.38612217,0.22756016711044313,9.387880000000003,11.452342,2.064462033386228,11.161090000000002,15.556522,4.395432369384764,0.11036610000000002,0.38434792,0.27398181564941404
28409,0.15856199999999998,0.38612217,0.22756016711044313,4.587880000000002,11.452342,6.8644620333862285,8.36109,15.556522,7.195432369384765,0.10036610000000001,0.38434792,0.28398181564941405
28430,0.386035,0.08286108,-0.30317391923427583,24.1057,20.228102,-3.877598269653319,19.7985,14.837853,-4.9606465682983405,0.43620519999999996,0.18568987,-0.2505153334571838
28432,-0.04996500000000004,0.08286108,0.13282608076572422,25.105700000000002,20.228102,-4.877598269653323,19.198500000000003,14.837853,-4.360646568298343,0.19620519999999997,0.18568987,-0.010515333457183806
28464,-0.07778499999999999,0.015184919,0.09296991934984922,7.708349999999999,8.889474,1.1811239151000983,3.297250000000002,6.4854293,3.1881792869567853,-0.04773589999999994,0.018019283,0.06575518319036955
28465,-0.1177849999999998,0.015184919,0.13296991934984903,6.668349999999997,8.889474,2.221123915100101,2.1572500000000012,6.4854293,4.328179286956786,-0.027735899999999925,0.018019283,0.04575518319036953
28466,0.06221500000000013,0.015184919,-0.04703008065015091,7.50835,8.889474,1.3811239151000976,5.297250000000002,6.4854293,1.1881792869567853,-0.04773589999999994,0.018019283,0.06575518319036955
28467,0.12221500000000007,0.015184919,-0.10703008065015085,11.398349999999997,8.889474,-2.5088760848998994,9.127250000000002,6.4854293,-2.6418207130432148,-0.027735899999999925,0.018019283,0.04575518319036953
28480,-0.02761300000000011,0.029290143,0.05690314340043079,11.215680000000003,9.92325,-1.2924298016357447,8.78515,7.8154764,-0.9696735824584959,0.061455999999999955,0.048416197,-0.01303980270004268
28483,-0.02761300000000011,0.029290143,0.05690314340043079,12.38568,9.92325,-2.462429801635743,9.57515,7.8154764,-1.7596735824584968,0.061455999999999955,0.048416197,-0.01303980270004268
28484,-0.02761300000000011,0.029290143,0.05690314340043079,12.705680000000001,9.92325,-2.782429801635743,10.25515,7.8154764,-2.4396735824584965,0.09145599999999998,0.048416197,-0.043039802700042706
28485,-0.0176130000000001,0.029290143,0.04690314340043078,12.99568,9.92325,-3.0724298016357423,10.645150000000001,7.8154764,-2.829673582458497,0.10145599999999999,0.048416197,-0.053039802700042715
28486,-0.03761300000000012,0.029290143,0.0669031434004308,12.445680000000003,9.92325,-2.522429801635745,10.69515,7.8154764,-2.879673582458496,0.1314559999999999,0.048416197,-0.08303980270004263
28487,-0.03761300000000012,0.029290143,0.0669031434004308,12.705680000000001,9.92325,-2.782429801635743,11.135150000000001,7.8154764,-3.3196735824584973,0.15145599999999992,0.048416197,-0.10303980270004265
28488,-0.02761300000000011,0.029290143,0.05690314340043079,11.985680000000002,9.92325,-2.0624298016357443,10.59515,7.8154764,-2.7796735824584964,0.14145599999999992,0.048416197,-0.09303980270004264
28489,-0.02761300000000011,0.029290143,0.05690314340043079,12.47568,9.92325,-2.5524298016357427,10.76515,7.8154764,-2.9496735824584963,0.1314559999999999,0.048416197,-0.08303980270004263
28491,-0.007613000000000092,0.029290143,0.03690314340043077,13.835680000000002,9.92325,-3.912429801635744,11.555150000000001,7.8154764,-3.7396735824584972,0.12145600000000001,0.048416197,-0.07303980270004273
28580,0.022698000000000107,0.044047873,0.021349873467206848,6.32047,6.3401546,0.019684647827148183,4.49981,5.4758406,0.9760305685424804,-0.009882699999999911,0.032607894,0.04249059439082137
28619,0.06166500000000008,0.036826406,-0.02483859432578095,7.000340000000005,7.668113,0.6677732316589307,4.7813,6.385511,1.6042109214782716,-0.05467719999999998,0.0125375185,0.06721471851618288
28804,0.16148799999999996,0.14683548,-0.014652523839950526,13.831820000000002,9.902863,-3.9289574511718772,11.32644,9.774815,-1.5516253942871092,-0.013692199999999932,0.04682701,0.060519210810375146
28812,0.09340499999999985,0.046879116,-0.04652588355422005,13.18732,8.569536,-4.617783790893554,16.02722,9.900553,-6.126667250366211,0.39421990000000007,0.17163308,-0.22258682035198218
28943,0.023422000000000054,0.05718194,0.03375993948268885,11.055780000000002,10.259998,-0.795781678466799,7.925729999999998,9.655387,1.7296569247436544,-0.01492529999999992,0.10122316,0.11614846330671302
29091,-0.028960399999999886,-0.030551286,-0.0015908864142657464,6.796849999999999,7.0349154,0.23806544723510825,6.732919999999998,6.9531183,0.22019832427978692,0.09652229999999995,0.09909729,0.0025749891449928786
29221,0.12604000000000004,0.03859169,-0.08744830963850025,10.966709999999999,9.788963,-1.1777466821289053,14.504560000000001,10.541848,-3.962711817321779,0.16966769999999998,0.08167452,-0.08799317634840009
29224,0.0640400000000001,0.03859169,-0.02544830963850031,10.056709999999999,9.788963,-0.2677466821289052,11.014560000000001,10.541848,-0.4727118173217786,0.07966770000000001,0.08167452,0.002006823651599876
29225,0.04604000000000008,0.03859169,-0.0074483096385002945,9.88671,9.788963,-0.09774668212890703,10.904560000000002,10.541848,-0.36271181732177915,0.08966770000000002,0.08167452,-0.007993176348400133
29226,0.03404000000000007,0.03859169,0.004551690361499716,9.576709999999999,9.788963,0.21225331787109525,9.674560000000003,10.541848,0.8672881826782195,0.05966769999999999,0.08167452,0.022006823651599894
29227,0.0040400000000000436,0.03859169,0.03455169036149974,9.38671,9.788963,0.402253317871093,9.184560000000001,10.541848,1.3572881826782215,0.0696677,0.08167452,0.012006823651599885
29228,-0.016959999999999864,0.03859169,0.05555169036149965,9.08671,9.788963,0.7022533178710937,8.45456,10.541848,2.087288182678222,0.029667699999999964,0.08167452,0.05200682365159992
29258,0.02986600000000006,0.041368358,0.011502357837200106,4.273130000000002,4.325004,0.051874100799558676,9.69,9.777683,0.08768325805664112,0.29012399999999994,0.29364717,0.0035231700668335586
29268,0.04238699999999995,0.0814712,0.03908419730710988,10.105680000000003,12.595003,2.4893231280517547,10.60515,11.627078,1.0219280563354491,0.16145599999999993,0.13503817,-0.02641783276176446
29271,0.012386999999999926,0.0814712,0.0690841973071099,4.805680000000002,12.595003,7.789323128051755,3.605150000000002,11.627078,8.021928056335447,0.0014560000000000128,0.13503817,0.13358216723823546
29446,-0.10761299999999996,0.021333922,0.12894692170071598,6.005680000000002,9.773878,3.768198097534178,1.1051500000000019,7.92869,6.823539956665037,-0.08154400000000006,0.05378075,0.13532474944019324
29447,-0.007613000000000092,0.021333922,0.02894692170071611,6.385680000000001,9.773878,3.388198097534179,2.925150000000002,7.92869,5.003539956665037,-0.06354400000000004,0.05378075,0.11732474944019322
29449,0.012386999999999926,0.021333922,0.008946921700716093,11.945680000000003,9.773878,-2.1718019024658233,10.70515,7.92869,-2.7764600433349607,0.1244559999999999,0.05378075,-0.07067525055980672
29561,0.04552999999999996,0.051157698,0.005627698035240214,7.5567500000000045,8.011268,0.4545176620483353,13.634519999999998,13.299276,-0.3352436480712875,0.31762270000000004,0.29615682,-0.021465876364898717
29562,0.03452999999999995,0.051157698,0.016627698035240224,7.276750000000003,8.011268,0.7345176620483365,12.734519999999998,13.299276,0.5647563519287129,0.2876227,0.29615682,0.00853412363510131
29564,0.04852999999999996,0.051157698,0.0026276980352402113,8.116750000000003,8.011268,-0.1054823379516634,13.43452,13.299276,-0.1352436480712882,0.2936227,0.29615682,0.002534123635101304
29657,0.012386999999999926,0.03534401,0.022957008356332853,7.90568,9.227275,1.3215948947143552,4.805150000000001,7.4857907,2.680640729522704,-0.04854400000000003,0.04701343,0.09555743178749088
29870,-0.008323999999999998,0.01323941,0.021563409774541853,11.631520000000002,11.19382,-0.43770000030517764,8.739959999999998,10.618817,1.87885732940674,0.031119999999999925,0.11633245,0.0852124490189553
29872,0.07167600000000007,0.01323941,-0.05843659022545822,13.051520000000004,11.19382,-1.8577000003051793,13.899959999999998,10.618817,-3.28114267059326,0.21611999999999998,0.11633245,-0.09978755098104475
30368,0.209387,0.03534401,-0.1740429916436672,25.395680000000002,9.227275,-16.168405105285647,18.66515,7.4857907,-11.179359270477295,0.06345599999999996,0.04701343,-0.016442568212509112
30417,-0.08461300000000005,0.021333922,0.10594692170071607,10.40568,9.773878,-0.6318019024658206,6.60515,7.92869,1.323539956665039,0.02145599999999992,0.05378075,0.03232474944019326
30418,-0.06061300000000003,0.021333922,0.08194692170071605,10.40568,9.773878,-0.6318019024658206,9.805150000000001,7.92869,-1.876460043334962,0.16145599999999993,0.05378075,-0.10767525055980676
30419,-0.08461300000000005,0.021333922,0.10594692170071607,10.40568,9.773878,-0.6318019024658206,6.60515,7.92869,1.323539956665039,0.02145599999999992,0.05378075,0.03232474944019326
30420,-0.034613000000000005,0.021333922,0.055946921700716024,10.605680000000003,9.773878,-0.8318019024658234,8.10515,7.92869,-0.17646004333496101,0.051455999999999946,0.05378075,0.00232474944019323
30456,-0.08961300000000016,0.03534401,0.12495700835633294,6.685680000000001,9.227275,2.541594894714354,0.9951499999999989,7.4857907,6.490640729522706,-0.09454399999999996,0.04701343,0.1415574317874908
30725,0.012386999999999926,0.03534401,0.022957008356332853,12.017680000000002,9.227275,-2.7904051052856467,9.28515,7.4857907,-1.7993592704772947,0.04345599999999994,0.04701343,0.0035574317874909056
31082,0.14207599999999998,0.11279227,-0.02928373160457609,9.5613,9.244286,-0.3170144165039055,9.501460000000002,8.660132,-0.8413275918579117,0.0569056,0.027731974,-0.02917362632212639
31083,0.13207599999999997,0.11279227,-0.019283731604576082,10.8613,9.244286,-1.6170144165039062,10.571460000000002,8.660132,-1.911327591857912,0.08290560000000002,0.027731974,-0.05517362632212641
31084,0.12207599999999996,0.11279227,-0.009283731604576073,9.0613,9.244286,0.1829855834960945,8.401460000000002,8.660132,0.2586724081420879,0.02290559999999997,0.027731974,0.004826373677873641
31085,0.13207599999999997,0.11279227,-0.019283731604576082,10.0613,9.244286,-0.8170144165039055,9.801460000000002,8.660132,-1.1413275918579124,0.0629056,0.027731974,-0.035173626322126395
31087,0.12207599999999996,0.11279227,-0.009283731604576073,8.8613,9.244286,0.3829855834960938,8.001460000000002,8.660132,0.6586724081420883,0.007905599999999957,0.027731974,0.019826373677873654
31088,0.05148799999999998,-0.011673739,-0.06316173917996881,7.941820000000003,8.513663,0.5718432919311489,7.41644,5.0343814,-2.3820586103820798,0.050307800000000125,-0.015034287,-0.06534208723663104
31089,0.08425400000000005,0.10859689,0.024342891164779612,16.183300000000003,13.941757,-2.241542797851565,12.77204,10.798892,-1.9731479788208013,0.023824899999999927,0.039048247,0.015223347039318158
31090,0.09248000000000012,0.08329153,-0.009188469390869258,9.53737,12.511451,2.9740807675170906,9.05409,11.717856,2.663766407165527,0.046650699999999934,0.057074104,0.010423403504419393
31185,-0.08148600000000017,-0.035271887,0.04621411326384561,2.843110000000003,5.5170217,2.673911656036374,3.002830000000003,4.877965,1.875134973449704,0.03698579999999996,0.08385428,0.046868480412197155
31186,-0.09148600000000018,-0.035271887,0.05621411326384562,4.563110000000002,5.5170217,0.9539116560363752,3.2828300000000006,4.877965,1.5951349734497065,0.05498579999999986,0.08385428,0.02886848041219725
31187,-0.08148600000000017,-0.035271887,0.04621411326384561,3.263110000000001,5.5170217,2.253911656036376,2.102830000000001,4.877965,2.775134973449706,0.05098579999999997,0.08385428,0.03286848041219714
31188,-0.07148600000000016,-0.035271887,0.036214113263845604,5.663110000000003,5.5170217,-0.14608834396362624,4.782830000000001,4.877965,0.09513497344970645,0.06798579999999999,0.08385428,0.015868480412197128
31323,0.132343,0.12303624,-0.009306756978511799,8.12414,8.665838,0.5416982415771479,10.47445,10.531434,0.056984059143067256,0.12442659999999994,0.14234611,0.01791951392021185
31324,0.11234299999999997,0.12303624,0.010693243021488219,8.114140000000003,8.665838,0.5516982415771459,9.844449999999998,10.531434,0.686984059143068,0.10442659999999993,0.14234611,0.03791951392021187
31325,0.17143699999999995,0.048991326,-0.12244567375731463,13.098460000000001,8.791598,-4.306861679992677,13.002490000000002,9.838355,-3.164134935607912,0.06453720000000007,0.1424641,0.0779269013145446
31351,0.0019620000000000193,-0.016154503,-0.01811650344979765,6.847160000000002,6.5082064,-0.3389536325073266,9.576139999999999,7.74556,-1.830579830780028,0.22261769999999992,0.14535847,-0.07725922693748466
31355,-0.00803799999999999,-0.016154503,-0.00811650344979764,6.847160000000002,6.5082064,-0.3389536325073266,7.576139999999999,7.74556,0.16942016921997194,0.12961769999999995,0.14535847,0.015740773062515312
31356,0.0019620000000000193,-0.016154503,-0.01811650344979765,6.847160000000002,6.5082064,-0.3389536325073266,6.776139999999998,7.74556,0.9694201692199726,0.0776176999999999,0.14535847,0.06774077306251536
31357,-0.048038000000000025,-0.016154503,0.031883496550202395,6.7471600000000045,6.5082064,-0.2389536325073287,5.076139999999999,7.74556,2.669420169219972,0.03161769999999997,0.14535847,0.11374077306251529
31363,0.0019620000000000193,-0.016154503,-0.01811650344979765,6.447160000000004,6.5082064,0.061046367492672005,9.47614,7.74556,-1.7305798307800284,0.22661769999999992,0.14535847,-0.08125922693748466
31364,-0.028038000000000007,-0.016154503,0.011883496550202377,5.947160000000004,6.5082064,0.561046367492672,8.176139999999998,7.74556,-0.4305798307800277,0.18561769999999989,0.14535847,-0.04025922693748463
31407,0.15521700000000005,0.07385337,-0.0813636264724732,15.765749999999999,12.64022,-3.1255303115844715,14.45087,9.655634,-4.7952360736083985,0.11632389999999992,0.04682503,-0.06949887104406349
31408,-0.03884500000000002,-0.001105881,0.03773911905314775,9.70569,9.882085,0.17639484649658144,5.656550000000001,7.2398267,1.5832766792297353,-0.01597470000000001,0.030838564,0.04681326403827668
31425,0.012799000000000005,0.03855055,0.025751548255443568,18.499760000000002,17.044704,-1.4550555627441426,14.604320000000001,15.626087,1.0217671887207018,0.09750270000000005,0.21490085,0.11739815124969477
31426,0.04279900000000003,0.03855055,-0.0042484517445564585,16.959760000000003,17.044704,0.08494443725585654,17.80432,15.626087,-2.1782328112792975,0.3535027,0.21490085,-0.13860184875030518
31635,0.168883,0.10237334,-0.06650966076421738,13.44771,9.286847,-4.160862885437012,12.76669,9.629982,-3.1367080053710943,0.054355699999999896,0.096865326,0.04250962616615306
31652,-0.022696999999999967,-0.014005457,0.00869154294890162,11.405810000000002,13.876064,2.470254300537107,10.283259999999999,12.997219,2.713959085693361,0.08543459999999992,0.15163602,0.06620141934909829
31653,0.01730300000000007,-0.014005457,-0.031308457051098415,17.30581,13.876064,-3.4297456994628917,18.78326,12.997219,-5.786040914306639,0.3514346,0.15163602,-0.19979858065090178
31654,-0.042696999999999985,-0.014005457,0.028691542948901638,10.50581,13.876064,3.370254300537109,8.18326,12.997219,4.813959085693359,0.03043459999999998,0.15163602,0.12120141934909823
31655,-0.022696999999999967,-0.014005457,0.00869154294890162,15.605810000000002,13.876064,-1.7297456994628924,14.38326,12.997219,-1.3860409143066406,0.13943459999999996,0.15163602,0.012201419349098241
31676,-0.06721500000000002,-0.02977227,0.037442729529142404,4.783239999999999,7.4695663,2.6863263452148445,2.6498100000000004,5.205392,2.555581883850097,0.011713700000000049,0.02665834,0.014944639425921391
31677,-0.057215000000000016,-0.02977227,0.027442729529142396,7.273240000000001,7.4695663,0.1963263452148425,4.9798100000000005,5.205392,0.22558188385009714,0.028713700000000064,0.02665834,-0.002055360574078624
31678,-0.01721499999999998,-0.02977227,-0.01255727047085764,8.483240000000002,7.4695663,-1.0136736547851584,6.0298099999999994,5.205392,-0.8244181161499018,0.016713700000000054,0.02665834,0.009944639425921387
32154,0.04276499999999994,-0.014471557,-0.05723655699133867,6.50046,7.4133997,0.9129396963500973,9.975359999999998,8.5647745,-1.4105854867553695,0.1760887,0.12529616,-0.050792539421272265
32156,0.09238699999999989,0.029290143,-0.0630968565995692,11.605680000000003,9.92325,-1.6824298016357453,9.805150000000001,7.8154764,-1.9896735824584972,0.03045600000000004,0.048416197,0.017960197299957237
32165,0.12253400000000003,0.09736246,-0.025171541294097932,8.26615,8.864603,0.5984530426025394,9.388349999999999,8.775107,-0.6132426162719717,0.035816199999999965,0.040392753,0.004576552736806905
32263,0.06221500000000013,0.012230162,-0.04998483842253698,10.948349999999998,9.490152,-1.4581976409912087,9.797250000000002,6.389459,-3.4077908668518084,0.07226410000000005,-0.008734726,-0.08099882634702926
32940,0.11199999999999999,0.14355521,0.031555209040641796,14.975249999999999,18.587803,3.6125528869628916,16.24622,21.53981,5.2935901806640615,0.13741589999999992,0.376211,0.2387950875679017
32948,0.062000000000000055,0.14355521,0.08155520904064173,17.54525,18.587803,1.0425528869628913,20.58622,21.53981,0.9535901806640616,0.35141589999999995,0.376211,0.024795087567901664
32949,0.132,0.14355521,0.011555209040641778,19.23525,18.587803,-0.64744711303711,23.24622,21.53981,-1.7064098193359385,0.46541589999999994,0.376211,-0.08920491243209833
32951,0.252,0.14355521,-0.10844479095935822,22.16525,18.587803,-3.5774471130371097,25.24622,21.53981,-3.7064098193359385,0.5394159,0.376211,-0.16320491243209834
32991,0.14381300000000008,0.114695765,-0.0291172349219323,9.119610000000002,9.589499,0.4698894735717758,11.65634,9.913441,-1.742899295654297,0.22019530000000015,0.123046264,-0.0971490359476091
32992,0.12339200000000006,0.114695765,-0.008696234921932278,16.77862,12.901784,-3.8768360568237306,10.938329999999999,9.692009,-1.24632102783203,-0.02944000000000002,-0.0033016144,0.02613838557019832
33273,0.11560000000000004,0.028271906,-0.08732809392213825,11.71255,11.3471365,-0.36541350250244164,14.30408,11.848017,-2.4560632611083992,0.16170479999999998,0.11183061,-0.049874192943382245
33274,0.0068749999999999645,0.0052068373,-0.0016681626811623218,14.584729999999997,11.442532,-3.1421984143066375,12.00308,9.523451,-2.479629148559571,0.004812700000000003,0.023914613,0.019101912829685208
33457,0.32095000000000007,0.028845932,-0.2921040676653386,25.99737,13.186056,-12.81131386291504,21.9771,12.877801,-9.099299058532715,0.4454893,0.18144833,-0.2640409744852066
33458,-0.03905000000000003,0.028845932,0.06789593233466151,9.58737,13.186056,3.598686137084961,10.517100000000001,12.877801,2.360700941467284,0.16748929999999995,0.18144833,0.013959025514793444
33459,0.15560000000000007,0.051882595,-0.10371740517616279,26.92255,15.363656,-11.558893955993653,23.18408,14.807223,-8.376856679992677,0.33570479999999997,0.13747148,-0.19823331784229276
33460,0.015600000000000058,0.051882595,0.03628259482383722,12.98255,15.363656,2.381106044006348,13.114080000000001,14.807223,1.693143320007323,0.12570480000000006,0.13747148,0.011766682157707153
33462,0.04682900000000001,0.022364922,-0.024464078132152567,11.92691,10.209583,-1.7173267175292963,12.33834,10.038967,-2.299372867431641,0.11857720000000005,0.0970926,-0.02148460132331853
33465,0.10321500000000006,0.012230162,-0.0909848384225369,24.668349999999997,9.490152,-15.178197640991208,12.907250000000001,6.389459,-6.517790866851808,-0.2267359,-0.008734726,0.21800117365297078
33466,-0.007784999999999931,0.012230162,0.02001516157746308,7.768349999999998,9.490152,1.721802359008791,-1.672749999999997,6.389459,8.06220913314819,-0.29073589999999994,-0.008734726,0.2820011736529707
33772,-0.087785,0.015184919,0.10296991934984923,6.228349999999999,8.889474,2.6611239151000987,0.8872500000000016,6.4854293,5.5981792869567855,-0.08773589999999998,0.018019283,0.10575518319036958
33773,-0.1077849999999998,-0.054094546,0.05369045445680598,6.538349999999998,6.9199257,0.38157568969726796,1.7572500000000026,3.7407074,1.9834573974609349,-0.04773589999999994,-0.0087814,0.03895450042214388
33774,0.1622150000000001,0.015184919,-0.14703008065015089,6.838349999999998,8.889474,2.0511239151000993,8.10725,6.4854293,-1.6218207130432134,0.10226410000000008,0.018019283,-0.08424481680963047
33775,0.1622150000000001,0.029914914,-0.13230008630096923,6.638349999999999,8.859226,2.2208762268066415,8.50725,8.824028,0.3167780151367179,0.062264100000000044,0.075607866,0.013343766048812822
33776,0.08221500000000015,0.10062851,0.018413510117530674,7.738349999999997,7.8478384,0.10948840179443664,9.00725,9.777704,0.7704542388916007,0.18226410000000004,0.1283434,-0.053920696660614054
33777,0.042215000000000114,0.00054731546,-0.041667684540301675,8.138349999999999,7.2681117,-0.8702382942199698,10.50725,6.88576,-3.6214901695251474,0.20226410000000006,0.086362235,-0.11590186475191122
33778,0.042215000000000114,0.013185599,-0.029029401112496966,7.93835,7.3054633,-0.6328866859436033,10.00725,7.3162055,-2.6910444984436044,0.18226410000000004,0.093927585,-0.08833651541147236
33782,0.05221500000000012,0.020704241,-0.03151075853049767,11.138349999999999,10.708651,-0.4296994110107413,13.50725,11.624145,-1.8831054458618173,0.2822641000000001,0.22183551,-0.06042859105739601
33783,0.022215000000000096,0.017797755,-0.004417244922518826,12.638349999999999,10.9635,-1.6748499771118155,14.307250000000002,12.020195,-2.287054992675783,0.2922641,0.2175733,-0.0746907999959946
33784,0.012215000000000087,-0.052261487,-0.06447648664951333,13.838349999999998,12.856462,-0.9818884750366195,15.00725,13.232955,-1.7742950210571298,0.2922641,0.23334506,-0.05891903845939639
33786,-0.07778499999999999,-0.052261487,0.02552351335048675,11.988349999999997,12.856462,0.868111524963382,9.837250000000001,13.232955,3.39570497894287,0.03226410000000002,0.23334506,0.20108096154060362
33787,-0.1077849999999998,-0.052261487,0.05552351335048655,13.248349999999999,12.856462,-0.3918884750366196,15.92725,13.232955,-2.6942950210571297,0.38226410000000005,0.23334506,-0.1489190384593964
33808,0.17521500000000012,0.015184919,-0.1600300806501509,9.108349999999998,8.889474,-0.2188760848999003,10.667250000000001,6.4854293,-4.181820713043214,0.11226410000000009,0.018019283,-0.09424481680963048
33989,0.002215000000000078,0.010517094,0.008302094284295958,6.838349999999998,7.327993,0.48964291610717936,3.707250000000002,5.944769,2.2375189056396465,-0.04773589999999994,0.037662677,0.0853985774668693
33990,0.002215000000000078,0.010517094,0.008302094284295958,6.238349999999997,7.327993,1.0896429161071808,3.4072500000000012,5.944769,2.537518905639647,-0.03773589999999993,0.037662677,0.07539857746686929
33991,-0.02778499999999995,0.010517094,0.038302094284295984,6.238349999999997,7.327993,1.0896429161071808,2.5072500000000026,5.944769,3.437518905639646,-0.06773589999999996,0.037662677,0.10539857746686931
33992,-0.047784999999999966,0.010517094,0.058302094284296,6.238349999999997,7.327993,1.0896429161071808,1.8072499999999998,5.944769,4.137518905639649,-0.07773589999999997,0.037662677,0.11539857746686932
33993,0.002215000000000078,0.010517094,0.008302094284295958,6.93835,7.327993,0.38964291610717794,3.9072500000000012,5.944769,2.037518905639647,-0.03773589999999993,0.037662677,0.07539857746686929
33994,-0.007784999999999931,0.010517094,0.018302094284295967,6.038349999999998,7.327993,1.28964291610718,3.6072500000000005,5.944769,2.337518905639648,-0.017735899999999916,0.037662677,0.05539857746686927
33996,0.022215000000000096,0.010517094,-0.01169790571570406,6.93835,7.327993,0.38964291610717794,5.007250000000001,5.944769,0.9375189056396476,-0.007735899999999907,0.037662677,0.04539857746686926
33998,0.032215000000000105,0.010517094,-0.02169790571570407,8.038349999999998,7.327993,-0.7103570838928199,7.307250000000002,5.944769,-1.3624810943603531,0.052264100000000036,0.037662677,-0.014601422533130681
33999,0.012215000000000087,0.013811585,0.0015965845620631303,8.398349999999997,9.507265,1.1089150909423857,5.257250000000001,7.439095,2.1818450202941886,-0.04173590000000005,0.02665927,0.0683951707484961
34293,-0.04323600000000005,0.020759469,0.0639954688981772,3.6519399999999997,6.953602,3.3016618371582034,4.172889999999999,8.708776,4.535886473999025,0.08703440000000007,0.124336585,0.03730218540248864
34335,-0.011486000000000107,-0.035271887,-0.02378588673615445,8.833110000000001,5.5170217,-3.3160883439636244,7.582830000000001,4.877965,-2.7048650265502943,0.045985799999999966,0.08385428,0.03786848041219715
34336,-0.10148600000000019,-0.035271887,0.06621411326384563,3.9931100000000015,5.5170217,1.5239116560363755,1.7828300000000006,4.877965,3.0951349734497065,0.01898579999999994,0.08385428,0.06486848041219717
34337,-0.041486000000000134,-0.035271887,0.006214113263845578,1.9431100000000008,5.5170217,3.573911656036376,0.9828299999999999,4.877965,3.895134973449707,0.010985799999999935,0.08385428,0.07286848041219718
34338,-0.08148600000000017,-0.035271887,0.04621411326384561,4.313110000000002,5.5170217,1.2039116560363752,1.382830000000002,4.877965,3.495134973449705,-0.03201419999999999,0.08385428,0.1158684804121971
34339,-0.07148600000000016,-0.035271887,0.036214113263845604,3.913110000000003,5.5170217,1.6039116560363738,4.982830000000002,4.877965,-0.10486502655029462,0.13898579999999994,0.08385428,-0.055131519587802824
34341,-0.05148600000000014,-0.035271887,0.016214113263845586,3.353110000000001,5.5170217,2.163911656036376,4.982830000000002,4.877965,-0.10486502655029462,0.13898579999999994,0.08385428,-0.055131519587802824
34456,0.06221500000000013,0.015184919,-0.04703008065015091,7.34835,8.889474,1.5411239151000977,8.787250000000002,6.4854293,-2.301820713043215,0.1232641000000001,0.018019283,-0.10524481680963049
34794,-0.01833499999999999,0.036826406,0.05516140567421912,6.240340000000003,7.668113,1.4277732316589322,3.4712999999999994,6.385511,2.914210921478272,-0.02867720000000007,0.0125375185,0.04121471851618297
34797,0.0016650000000000276,0.036826406,0.035161405674219104,6.130340000000004,7.668113,1.5377732316589316,4.491300000000001,6.385511,1.8942109214782707,0.008322799999999964,0.0125375185,0.004214718516182936
35040,0.1522150000000001,0.015184919,-0.13703008065015088,14.098349999999998,8.889474,-5.2088760848999005,12.407250000000001,6.4854293,-5.921820713043214,0.06426410000000005,0.018019283,-0.04624481680963044
35065,-0.06858900000000001,-0.03662822,0.03196077976965905,6.762549999999997,7.103937,0.34138714904785417,3.3993900000000004,4.344016,0.944626075134277,-0.018535100000000027,0.0006297417,0.01916484169850352
35066,-0.06801500000000016,-0.07303934,-0.005024337992667993,6.057960000000001,5.8306956,-0.2272643708801283,4.529999999999999,3.705281,-0.8247189807891839,0.05212749999999999,0.035767484,-0.016360015543699258
35067,-0.04858899999999999,-0.03662822,0.011960779769659036,5.742549999999998,7.103937,1.3613871490478537,2.6493900000000004,4.344016,1.694626075134277,-0.021535099999999918,0.0006297417,0.022164841698503412
35068,-0.053015000000000034,-0.07303934,-0.020024337992668118,5.657960000000003,5.8306956,0.17273562911987028,3.7699999999999996,3.705281,-0.06471898078918414,0.032127499999999976,0.035767484,0.00363998445630076
35157,-0.030088000000000115,-0.011237157,0.0188508434225918,8.51249,10.094438,1.5819475991821292,6.87125,9.014362,2.1431123352050783,0.027618799999999943,0.058371797,0.030752997204017696
35158,-0.00730199999999992,0.00581748,0.01311947991964213,4.58023,6.5927944,2.0125644183349607,3.8485299999999985,5.1237793,1.2752492968750015,0.045556199999999936,0.029479722,-0.01607647843892568
35159,-0.030088000000000115,-0.011237157,0.0188508434225918,9.152489999999997,10.094438,0.9419475991821322,8.24125,9.014362,0.7731123352050773,0.06761879999999998,0.058371797,-0.00924700279598234
35160,-0.00730199999999992,0.00581748,0.01311947991964213,5.000230000000002,6.5927944,1.592564418334959,4.3085299999999975,5.1237793,0.8152492968750025,0.055556199999999945,0.029479722,-0.026076478438925688
35170,0.16198999999999997,0.058758132,-0.10323186784029004,15.621590000000001,10.493826,-5.127764087524415,13.585080000000001,7.8686914,-5.716388555603029,0.0984836,0.03289069,-0.0655929113720417
35173,-0.01519399999999993,0.023631457,0.03882545723938935,6.253820000000001,7.113494,0.8596739193725575,3.0311700000000013,4.4113326,1.3801626072692859,-0.06198350000000008,-0.007385162,0.05459833782902368
35174,-0.008010000000000073,0.058758132,0.06676813215971,9.621590000000001,10.493826,0.8722359124755847,4.785080000000001,7.8686914,3.083611444396972,-0.09451639999999994,0.03289069,0.12740708862795824
35175,0.001068000000000069,0.030957712,0.02988971186053746,6.827349999999999,9.085759,2.258409162902833,3.19792,5.922667,2.7247470265197755,-0.08850889999999989,-0.032881852,0.055627047760629544
35176,0.021989999999999954,0.058758132,0.036768132159709976,10.721590000000003,10.493826,-0.22776408752441668,6.48508,7.8686914,1.3836114443969727,-0.08351640000000005,0.03289069,0.11640708862795834
35179,0.021230000000000082,0.037524946,0.016294946033954538,12.234470000000002,9.721224,-2.513246168823244,8.585130000000001,7.624763,-0.9603669880676282,-0.014131900000000086,0.018711546,0.03284344643595227
35180,0.15198999999999996,0.058758132,-0.09323186784029003,15.421590000000002,10.493826,-4.927764087524416,11.98508,7.8686914,-4.116388555603027,-0.025516400000000106,0.03289069,0.0584070886279584
35191,-0.07578499999999999,0.016484294,0.09226929408669471,7.84835,8.418355,0.5700049880981446,4.757250000000001,5.9137573,1.1565073242187491,0.013264100000000001,-0.00890576,-0.022169860012567044
35192,-0.06378499999999998,0.016484294,0.0802692940866947,7.928349999999998,8.418355,0.4900049880981463,4.787250000000002,5.9137573,1.126507324218748,0.004264100000000104,-0.00890576,-0.013169860012567147
35317,0.10342200000000001,0.013551957,-0.08987004302603008,11.505780000000001,9.774256,-1.7315242474365249,9.60573,7.928452,-1.6772779850769037,0.005074700000000099,0.039849006,0.03477430563955297
35343,-0.09761300000000017,0.03534401,0.13295700835633295,6.305680000000002,9.227275,2.921594894714353,1.905149999999999,7.4857907,5.580640729522706,-0.06054400000000004,0.04701343,0.10755743178749089
35451,0.06456200000000001,-0.010785137,-0.07534713730317355,7.5484100000000005,7.202947,-0.3454628602600103,8.9207,7.3136344,-1.6070656044006348,0.10024309999999992,0.080699086,-0.0195440138107299
35452,-0.08243800000000001,-0.010785137,0.07165286269682647,7.38841,7.202947,-0.18546286026001013,5.790700000000001,7.3136344,1.5229343955993642,0.060243099999999994,0.080699086,0.020455986189270026
35453,0.3325340000000001,0.19068742,-0.14184658201599132,18.74615,17.136984,-1.6091661285400392,16.288349999999998,14.795512,-1.4928378005981422,0.09081620000000001,0.09135334,0.0005371419370651109
35465,-0.04866900000000007,-0.047552112,0.0011168875100613374,10.021269999999998,9.999344,-0.02192612792968518,8.14544,7.741282,-0.4041580137634284,0.06786820000000005,0.04028855,-0.027579651083421752
35469,-0.04866900000000007,-0.047552112,0.0011168875100613374,10.15127,9.999344,-0.15192612792968774,7.815440000000001,7.741282,-0.07415801376342834,0.04786820000000003,0.04028855,-0.0075796510834217345
35473,-0.04866900000000007,-0.047552112,0.0011168875100613374,10.161269999999998,9.999344,-0.16192612792968575,7.57544,7.741282,0.16584198623657187,0.034868200000000016,0.04028855,0.005420348916578277
35477,-0.04866900000000007,-0.047552112,0.0011168875100613374,10.271269999999998,9.999344,-0.2719261279296852,7.4854400000000005,7.741282,0.25584198623657173,0.024868200000000007,0.04028855,0.015420348916578286
35516,0.18238699999999997,0.03534401,-0.1470429916436672,6.56568,9.227275,2.661594894714355,8.36515,7.4857907,-0.8793592704772948,0.051455999999999946,0.04701343,-0.0044425682125091015
35517,-0.008193000000000117,0.032975867,0.041168867390632746,5.365660000000002,7.9085646,2.542904567565916,5.657000000000002,7.227048,1.570047920227049,0.08552360000000003,0.052614838,-0.03290876211509708
35664,-0.03761300000000012,0.026321458,0.06393445769894135,7.445680000000003,8.709657,1.2639767153930634,5.17515,7.0547805,1.8796304832458492,0.0014560000000000128,0.01671664,0.015260640442609774
35756,0.04238699999999995,0.03534401,-0.0070429916436671736,11.505680000000002,9.227275,-2.278405105285646,14.305150000000001,7.4857907,-6.819359270477296,0.32145599999999996,0.04701343,-0.2744425682125091
35758,-0.009633000000000003,-0.026994152,-0.017361151994585988,9.370070000000002,8.365044,-1.0050263598632831,6.40405,7.2833138,0.8792637512207033,0.07408400000000004,0.0842633,0.010179302385806999
35849,0.002215000000000078,0.020418247,0.01820324720799915,7.25835,10.635026,3.376675978088379,4.017250000000001,7.9611197,3.943869651794433,-0.05273589999999995,0.031062339,0.08379823850121493
35858,0.18359000000000003,0.10182737,-0.08176263185977939,15.457450000000001,13.9837885,-1.4736615097045913,15.389019999999999,11.576868,-3.812151942749022,0.13918299999999995,0.01937083,-0.11981217031347746
35860,0.053590000000000027,0.10182737,0.048237368140220616,11.557450000000003,13.9837885,2.4263384902954073,8.77902,11.576868,2.7978480572509774,-0.010816999999999966,0.01937083,0.03018782968652245
35861,0.07359000000000004,0.10182737,0.028237368140220598,13.757450000000002,13.9837885,0.22633849029540798,10.789019999999999,11.576868,0.7878480572509776,-0.0008170000000000677,0.01937083,0.02018782968652255
35862,0.11358999999999997,0.10182737,-0.011762631859779327,14.65745,13.9837885,-0.6736615097045906,11.879019999999999,11.576868,-0.30215194274902224,0.009182999999999941,0.01937083,0.010187829686522543
35863,0.11358999999999997,0.10182737,-0.011762631859779327,15.057450000000003,13.9837885,-1.0736615097045927,11.619019999999999,11.576868,-0.04215194274902245,-0.030816999999999983,0.01937083,0.05018782968652247
35905,-0.010262999999999911,0.020090206,0.03035320559489718,6.518529999999998,8.032663,1.5141333453369157,3.9046699999999994,5.539995,1.635325193481446,-0.02040580000000003,0.03127759,0.05168338949995044
35984,-0.07778499999999999,0.00054731546,0.07833231545969843,6.1183499999999995,7.2681117,1.1497617057800298,2.12725,6.88576,4.758509830474853,-0.05773589999999995,0.086362235,0.1440981352480888
36100,0.19340499999999994,0.109597676,-0.08380732449769968,7.68732,8.191014,0.5036942898559573,11.22722,10.372384,-0.8548359286499032,0.16421990000000009,0.13223957,-0.031980334746742334
36300,0.041870000000000074,0.07171377,0.029843767945766375,8.20758,8.236282,0.028702348632812402,6.421039999999998,6.8672104,0.4461703881835959,0.00414060000000005,0.012920205,0.008779604550027797
36302,0.011870000000000047,0.07171377,0.0598437679457664,7.20758,8.236282,1.0287023486328124,3.621039999999997,6.8672104,3.2461703881835966,-0.07585940000000002,0.012920205,0.08877960455002787
36303,0.0018700000000000383,0.07171377,0.06984376794576641,7.20758,8.236282,1.0287023486328124,2.5210399999999993,6.8672104,4.3461703881835945,-0.11585940000000006,0.012920205,0.1287796045500279
36304,0.06187000000000009,0.07171377,0.009843767945766357,7.107580000000002,8.236282,1.1287023486328103,5.321039999999998,6.8672104,1.5461703881835955,-0.025859399999999977,0.012920205,0.038779604550027824
36305,0.011870000000000047,0.07171377,0.0598437679457664,7.007580000000001,8.236282,1.2287023486328117,3.121039999999997,6.8672104,3.7461703881835966,-0.09585940000000004,0.012920205,0.10877960455002789
36306,0.11187000000000002,0.07171377,-0.040156232054233576,11.00758,8.236282,-2.7712976513671883,10.621039999999999,6.8672104,-3.753829611816405,0.09414060000000002,0.012920205,-0.08122039544997217
36307,0.13187000000000004,0.07171377,-0.060156232054233594,8.807580000000002,8.236282,-0.571297651367189,10.52104,6.8672104,-3.6538296118164055,0.14414059999999995,0.012920205,-0.1312203954499721
36308,0.12187000000000003,0.07171377,-0.050156232054233585,8.607580000000002,8.236282,-0.37129765136718973,10.52104,6.8672104,-3.6538296118164055,0.15414059999999996,0.012920205,-0.1412203954499721
36309,0.10187000000000002,0.07171377,-0.030156232054233567,8.607580000000002,8.236282,-0.37129765136718973,8.321039999999998,6.8672104,-1.4538296118164045,0.044140599999999974,0.012920205,-0.031220395449972127
36310,0.10187000000000002,0.07171377,-0.030156232054233567,8.40758,8.236282,-0.1712976513671869,5.821039999999998,6.8672104,1.0461703881835955,-0.08585940000000003,0.012920205,0.09877960455002788
36311,0.0718700000000001,0.07171377,-0.0001562320542336515,8.307580000000002,8.236282,-0.07129765136718902,7.521039999999999,6.8672104,-0.6538296118164055,0.034140599999999965,0.012920205,-0.021220395449972118
36386,0.226387,0.0453138,-0.18107319838356972,14.405680000000002,8.179137,-6.2265427700805684,14.945150000000002,7.578051,-7.367098909759523,0.21345599999999998,0.085561596,-0.12789440414285658
36387,0.2543869999999999,0.0453138,-0.20907319838356964,8.205680000000001,8.179137,-0.02654277008056738,13.875150000000001,7.578051,-6.297098909759523,0.275456,0.085561596,-0.18989440414285658
36466,0.0914879999999999,-0.011673739,-0.10316173917996874,9.141820000000003,8.513663,-0.6281567080688504,7.31644,5.0343814,-2.28205861038208,-0.013692199999999932,-0.015034287,-0.0013420872366309844
36564,0.12387999999999999,0.07085946,-0.05302053797721862,4.7515399999999985,6.3068585,1.5553185395813003,7.372200000000001,7.336239,-0.03596113891601682,0.10025010000000001,0.09452523,-0.005724867088890084
36565,-0.02778499999999995,0.015184919,0.04296991934984917,11.388349999999999,8.889474,-2.4988760848999014,7.587250000000001,6.4854293,-1.1018207130432138,-0.007735899999999907,0.018019283,0.025755183190369513
36566,-0.01778499999999994,0.015184919,0.032969919349849164,11.518349999999998,8.889474,-2.6288760848999004,7.987250000000001,6.4854293,-1.5018207130432142,0.002264100000000102,0.018019283,0.015755183190369504
36567,-0.02778499999999995,0.015184919,0.04296991934984917,11.568349999999999,8.889474,-2.678876084899901,8.26725,6.4854293,-1.7818207130432135,0.02226410000000001,0.018019283,-0.004244816809630403
36568,0.012215000000000087,0.015184919,0.002969919349849137,10.86835,8.889474,-1.9788760848999019,7.887250000000002,6.4854293,-1.4018207130432145,0.002264100000000102,0.018019283,0.015755183190369504
36625,0.5223869999999999,0.029290143,-0.49309685659956926,18.50568,9.92325,-8.582429801635744,19.40515,7.8154764,-11.589673582458495,0.48945600000000006,0.048416197,-0.4410398027000428
36626,-0.03761300000000012,0.029290143,0.0669031434004308,8.605680000000003,9.92325,1.3175701983642547,6.405150000000001,7.8154764,1.4103264175415031,0.038455999999999935,0.048416197,0.00996019729995734
36638,0.12253400000000003,0.12536061,0.0028266081008910815,8.546149999999997,7.5689917,-0.9771583389282199,9.088349999999998,8.752815,-0.3355347534179671,0.06081619999999999,0.08070742,0.01989122338895799
36753,-0.04799700000000007,-0.04485411,0.003142891755819388,10.812470000000005,9.269797,-1.5426726748657273,6.864879999999999,4.5944076,-2.2704724415588373,-0.00011470000000002312,-0.039508678,-0.03939397801904676
36754,-0.04999700000000007,-0.04485411,0.00514289175581939,10.602470000000004,9.269797,-1.3326726748657265,5.744879999999998,4.5944076,-1.1504724415588363,-0.04211469999999995,-0.039508678,0.002606021980953166
36755,-0.07199700000000009,-0.04485411,0.02714289175581941,8.092470000000002,9.269797,1.177327325134275,2.3648799999999994,4.5944076,2.2295275584411627,-0.08211469999999987,-0.039508678,0.04260602198095309
36756,-0.06099699999999997,-0.04485411,0.01614289175581929,8.752470000000002,9.269797,0.5173273251342749,3.6548799999999986,4.5944076,0.9395275584411635,-0.061114699999999966,-0.039508678,0.021606021980953183
36757,-0.058996999999999966,-0.04485411,0.014142891755819287,9.432470000000002,9.269797,-0.1626726748657248,3.964880000000001,4.5944076,0.6295275584411613,-0.07211469999999987,-0.039508678,0.03260602198095308
37054,-0.059414999999999996,-0.027021484,0.03239351555049419,5.895590000000002,6.3753624,0.47977239624023227,5.151009999999999,5.954837,0.8038268453979498,0.05871729999999997,0.062043678,0.0033263780154705325
37055,-0.059414999999999996,-0.027021484,0.03239351555049419,6.345590000000001,6.3753624,0.02977239624023298,5.961010000000002,5.954837,-0.0061731546020524775,0.07871729999999999,0.062043678,-0.016673621984529485
37056,-0.04941499999999999,-0.027021484,0.02239351555049418,6.575590000000002,6.3753624,-0.20022760375976745,5.841010000000001,5.954837,0.11382684539794852,0.05871729999999997,0.062043678,0.0033263780154705325
37058,-0.01941499999999996,-0.027021484,-0.007606484449505846,6.67559,6.3753624,-0.3002276037597653,6.38101,5.954837,-0.42617315460205063,0.05871729999999997,0.062043678,0.0033263780154705325
37060,0.020585000000000075,-0.027021484,-0.04760648444950588,5.575590000000002,6.3753624,0.7997723962402326,6.401009999999999,5.954837,-0.4461731546020502,0.06871729999999998,0.062043678,-0.006673621984529476
37061,0.10058500000000004,-0.027021484,-0.12760648444950584,6.735590000000002,6.3753624,-0.3602276037597676,8.07101,5.954837,-2.11617315460205,0.04871729999999996,0.062043678,0.013326378015470541
37062,-0.03941499999999998,-0.027021484,0.012393515550494172,5.97559,6.3753624,0.399772396240234,5.761009999999999,5.954837,0.19382684539795036,0.06871729999999998,0.062043678,-0.006673621984529476
37063,-0.02941499999999997,-0.027021484,0.002393515550494163,6.49559,6.3753624,-0.1202276037597656,6.97101,5.954837,-1.0161731546020505,0.09871730000000001,0.062043678,-0.0366736219845295
37064,-0.03941499999999998,-0.027021484,0.012393515550494172,6.90559,6.3753624,-0.5302276037597657,6.27101,5.954837,-0.3161731546020512,0.05871729999999997,0.062043678,0.0033263780154705325
37065,-0.009414999999999951,-0.027021484,-0.017606484449505855,5.665590000000002,6.3753624,0.7097723962402327,5.321010000000001,5.954837,0.6338268453979481,0.038717299999999955,0.062043678,0.02332637801547055
37066,-0.02941499999999997,-0.027021484,0.002393515550494163,6.805590000000002,6.3753624,-0.4302276037597679,6.331009999999999,5.954837,-0.3761731546020499,0.05871729999999997,0.062043678,0.0033263780154705325
37067,0.0005850000000000577,-0.027021484,-0.027606484449505864,6.795590000000001,6.3753624,-0.4202276037597663,7.62101,5.954837,-1.6661731546020508,0.09871730000000001,0.062043678,-0.0366736219845295
37068,0.010585000000000067,-0.027021484,-0.03760648444950587,6.1255900000000025,6.3753624,0.24977239624023184,6.431010000000001,5.954837,-0.47617315460205134,0.05871729999999997,0.062043678,0.0033263780154705325
37069,-0.01941499999999996,-0.027021484,-0.007606484449505846,6.67559,6.3753624,-0.3002276037597653,6.81101,5.954837,-0.8561731546020503,0.07871729999999999,0.062043678,-0.016673621984529485
37070,0.0005850000000000577,-0.027021484,-0.027606484449505864,6.205590000000001,6.3753624,0.16977239624023355,5.901009999999999,5.954837,0.053826845397949796,0.038717299999999955,0.062043678,0.02332637801547055
37071,-0.02941499999999997,-0.027021484,0.002393515550494163,6.165590000000002,6.3753624,0.2097723962402327,5.61101,5.954837,0.34382684539794894,0.04871729999999996,0.062043678,0.013326378015470541
37072,0.0005850000000000577,-0.027021484,-0.027606484449505864,6.3755900000000025,6.3753624,-0.00022760375976815794,6.46101,5.954837,-0.5061731546020507,0.05871729999999997,0.062043678,0.0033263780154705325
37073,-0.04941499999999999,-0.027021484,0.02239351555049418,6.72559,6.3753624,-0.350227603759766,6.61101,5.954837,-0.6561731546020511,0.0887173,0.062043678,-0.026673621984529494
37075,0.010585000000000067,-0.027021484,-0.03760648444950587,6.345590000000001,6.3753624,0.02977239624023298,6.171009999999999,5.954837,-0.21617315460204978,0.038717299999999955,0.062043678,0.02332637801547055
37077,-0.02941499999999997,-0.027021484,0.002393515550494163,6.42559,6.3753624,-0.050227603759765316,6.47101,5.954837,-0.5161731546020505,0.07871729999999999,0.062043678,-0.016673621984529485
37078,0.010585000000000067,-0.027021484,-0.03760648444950587,6.035590000000003,6.3753624,0.3397723962402317,6.151009999999999,5.954837,-0.1961731546020502,0.04871729999999996,0.062043678,0.013326378015470541
37079,-0.08941500000000002,-0.027021484,0.062393515550494216,6.345590000000001,6.3753624,0.02977239624023298,4.11101,5.954837,1.843826845397949,0.018717299999999937,0.062043678,0.04332637801547057
37080,-0.069415,-0.027021484,0.0423935155504942,5.575590000000002,6.3753624,0.7997723962402326,4.741009999999999,5.954837,1.21382684539795,0.05871729999999997,0.062043678,0.0033263780154705325
37081,-0.04941499999999999,-0.027021484,0.02239351555049418,6.6355900000000005,6.3753624,-0.26022760375976617,5.671009999999999,5.954837,0.2838268453979502,0.04871729999999996,0.062043678,0.013326378015470541
37082,-0.059414999999999996,-0.027021484,0.03239351555049419,5.67559,6.3753624,0.6997723962402347,4.97101,5.954837,0.9838268453979495,0.05871729999999997,0.062043678,0.0033263780154705325
37083,-0.03941499999999998,-0.027021484,0.012393515550494172,6.49559,6.3753624,-0.1202276037597656,5.491009999999999,5.954837,0.46382684539794994,0.038717299999999955,0.062043678,0.02332637801547055
37084,-0.01941499999999996,-0.027021484,-0.007606484449505846,5.575590000000002,6.3753624,0.7997723962402326,5.761009999999999,5.954837,0.19382684539795036,0.06871729999999998,0.062043678,-0.006673621984529476
37085,-0.04941499999999999,-0.027021484,0.02239351555049418,5.6355900000000005,6.3753624,0.7397723962402338,4.871009999999998,5.954837,1.083826845397951,0.04871729999999996,0.062043678,0.013326378015470541
37087,-0.02941499999999997,-0.027021484,0.002393515550494163,6.395590000000002,6.3753624,-0.02022760375976773,5.36101,5.954837,0.5938268453979489,0.028717299999999946,0.062043678,0.03332637801547056
37088,-0.069415,-0.027021484,0.0423935155504942,5.825590000000002,6.3753624,0.5497723962402326,4.461010000000002,5.954837,1.4938268453979475,0.038717299999999955,0.062043678,0.02332637801547055
37089,-0.009414999999999951,-0.027021484,-0.017606484449505855,5.5055900000000015,6.3753624,0.8697723962402328,5.641010000000001,5.954837,0.3138268453979478,0.05871729999999997,0.062043678,0.0033263780154705325
37090,-0.059414999999999996,-0.027021484,0.03239351555049419,6.24559,6.3753624,0.1297723962402344,4.97101,5.954837,0.9838268453979495,0.038717299999999955,0.062043678,0.02332637801547055
37091,0.0005850000000000577,-0.027021484,-0.027606484449505864,5.6255900000000025,6.3753624,0.7497723962402318,6.11101,5.954837,-0.15617315460205106,0.06871729999999998,0.062043678,-0.006673621984529476
37092,-0.02941499999999997,-0.027021484,0.002393515550494163,5.845590000000001,6.3753624,0.529772396240233,4.901009999999999,5.954837,1.0538268453979498,0.028717299999999946,0.062043678,0.03332637801547056
37093,-0.07941500000000001,-0.027021484,0.05239351555049421,5.715590000000002,6.3753624,0.659772396240232,4.931010000000001,5.954837,1.0238268453979487,0.06871729999999998,0.062043678,-0.006673621984529476
37096,-0.069415,-0.027021484,0.0423935155504942,5.765590000000003,6.3753624,0.6097723962402313,4.88101,5.954837,1.0738268453979494,0.05871729999999997,0.062043678,0.0033263780154705325
37097,-0.02941499999999997,-0.027021484,0.002393515550494163,5.855590000000003,6.3753624,0.5197723962402314,5.13101,5.954837,0.8238268453979494,0.038717299999999955,0.062043678,0.02332637801547055
37100,-0.059414999999999996,-0.027021484,0.03239351555049419,5.765590000000003,6.3753624,0.6097723962402313,5.04101,5.954837,0.9138268453979492,0.05871729999999997,0.062043678,0.0033263780154705325
37102,-0.07941500000000001,-0.027021484,0.05239351555049421,5.665590000000002,6.3753624,0.7097723962402327,4.81101,5.954837,1.1438268453979497,0.06871729999999998,0.062043678,-0.006673621984529476
37214,-0.001742999999999828,-0.007951687,-0.00620868709009903,16.061200000000003,15.42043,-0.6407698165893585,14.73947,14.438731,-0.30073880645752027,0.2246475,0.21059625,-0.014051251492500305
37328,-0.02761300000000011,0.029290143,0.05690314340043079,7.425680000000003,9.92325,2.4975701983642544,5.37515,7.8154764,2.4403264175415043,0.024455999999999922,0.048416197,0.023960197299957353
37408,-0.03474299999999997,-0.004085056,0.03065794398191568,3.5769599999999997,4.3130894,0.7361293707275394,0.7340900000000019,2.2956548,1.5615647737121563,-0.024622699999999997,0.017875798,0.042498498046588895
37600,0.4155380000000001,0.3774313,-0.0381066967372895,16.160790000000002,15.162157,-0.9986329412841819,18.21133,17.994112,-0.21721798522949243,0.4152191,0.40458038,-0.010638715507125862
37601,0.355538,0.3774313,0.02189330326271055,15.06079,15.162157,0.10136705871581952,17.611330000000002,17.994112,0.38278201477050544,0.3952191,0.40458038,0.009361284492874156
37726,0.12238699999999991,0.06350485,-0.05888214764547339,12.805680000000002,9.057861,-3.7478186718750024,10.90515,7.158365,-3.74678522720337,0.03145599999999993,0.005638016,-0.025817984077840972
37727,0.1023869999999999,0.06350485,-0.038882147645473375,9.40568,9.057861,-0.34781867187500026,8.52515,7.158365,-1.3667852272033691,0.03145599999999993,0.005638016,-0.025817984077840972
37789,0.06000899999999998,0.047343653,-0.012665347304582575,14.831130000000002,14.740679,-0.09045121276855639,13.666080000000001,13.520966,-0.1451144238281259,0.0684248999999999,0.10528324,0.036858337993717294
37790,0.09558299999999997,0.08756797,-0.008015029843330357,18.63033,13.607027,-5.023302946166993,17.14777,12.133504,-5.014266086120607,0.1667229,0.068022236,-0.09870066377201081
37890,-0.10817800000000011,-0.1052601,0.002917903509616959,4.8942400000000035,5.0904465,0.19620647216796527,3.090160000000001,3.5953045,0.5051444891357413,0.04883590000000004,0.04652675,-0.0023091513129711583
37898,-0.08817800000000009,-0.1052601,-0.01708209649038306,5.374240000000004,5.0904465,-0.28379352783203515,4.100159999999999,3.5953045,-0.5048555108642567,0.05883590000000005,0.04652675,-0.012309151312971167
37973,0.1333209999999999,0.111728996,-0.021592003961563022,1.439070000000001,3.700264,2.2611939770507803,4.57621,6.730496,2.154285929718018,0.05661309999999997,0.10567348,0.0490603770536423
38487,-0.04363600000000001,-0.030046575,0.013589425228595742,8.26624,10.070596,1.8043557412719728,7.2173099999999994,10.148867,2.9315566534423834,0.06105130000000003,0.12721585,0.0661645473730087
38488,-0.02363599999999999,-0.030046575,-0.006410574771404276,9.566239999999997,10.070596,0.5043557412719757,9.317309999999999,10.148867,0.8315566534423837,0.10405130000000007,0.12721585,0.02316454737300866
38489,0.006364000000000036,-0.030046575,-0.0364105747714043,12.066239999999997,10.070596,-1.9956442587280243,14.017309999999998,10.148867,-3.8684433465576156,0.2590513000000001,0.12721585,-0.13183545262699137
38778,0.030312000000000117,-0.0022467985,-0.03255879848179233,12.867569999999999,9.154059,-3.713510589904784,14.250419999999998,10.968195,-3.2822250384521467,0.24931179999999997,0.14135112,-0.10796068131618497
38780,0.05867700000000009,0.025532367,-0.03314463329207906,10.88559,9.58881,-1.296780032958985,11.42638,8.045679,-3.3807009075927734,0.16388749999999996,0.0504968,-0.11339069826602932
38782,0.0014369999999999106,0.048991326,0.04755432624268541,7.298460000000002,8.791598,1.493138320007322,8.812490000000002,9.838355,1.0258650643920877,0.14453720000000003,0.1424641,-0.0020730986854553546
38810,0.07156600000000013,0.08076054,0.009194538578033318,7.39648,7.6516304,0.25515040161132774,9.906,9.7532425,-0.15275750732421933,0.1392371,0.13763002,-0.001607084388351443
38812,0.07556600000000013,0.08076054,0.005194538578033314,7.606480000000001,7.6516304,0.045150401611326885,9.386000000000001,9.7532425,0.36724249267578024,0.11323710000000009,0.13763002,0.02439291561164847
38826,0.150764,0.07978554,-0.07097845930004121,9.409720000000002,7.1966987,-2.2130213343811054,11.58361,7.3538156,-4.22979444442749,0.2693011,0.15310411,-0.11619698844776155
38827,0.07876399999999995,0.07978554,0.001021540699958856,6.169720000000002,7.1966987,1.0269786656188948,7.94361,7.3538156,-0.5897944444274899,0.15530109999999997,0.15310411,-0.0021969884477615054
38828,0.155764,0.07978554,-0.07597845930004121,10.349720000000001,7.1966987,-3.153021334381105,10.92361,7.3538156,-3.5697944444274903,0.1773011000000001,0.15310411,-0.024196988447761636
38829,0.155764,0.07978554,-0.07597845930004121,10.549720000000002,7.1966987,-3.353021334381106,11.08361,7.3538156,-3.7297944444274904,0.1883011,0.15310411,-0.035196988447761535
38831,0.3477640000000001,0.07978554,-0.26797845930004127,17.16972,7.1966987,-9.973021334381105,15.81361,7.3538156,-8.45979444442749,0.4363011000000001,0.15310411,-0.28319698844776164
38832,0.127764,0.07978554,-0.04797845930004119,4.56972,7.1966987,2.6269786656188963,6.69361,7.3538156,0.6602055555725101,0.10030110000000003,0.15310411,0.05280301155223843
38833,-0.06923600000000008,0.07978554,0.14902154069995888,1.989720000000002,7.1966987,5.2069786656188946,1.7036100000000012,7.3538156,5.650205555572509,0.057301099999999994,0.15310411,0.09580301155223847
38834,-0.059236000000000066,0.07978554,0.13902154069995887,4.3797200000000025,7.1966987,2.816978665618894,3.93361,7.3538156,3.42020555557251,0.07730110000000001,0.15310411,0.07580301155223845
38836,-0.06923600000000008,0.07978554,0.14902154069995888,1.74972,7.1966987,5.4469786656188965,-0.04638999999999882,7.3538156,7.400205555572509,-0.009698899999999955,0.15310411,0.16280301155223842
39141,0.0014879999999999338,-0.016714465,-0.01820246487307542,6.141820000000003,7.8196692,1.6778492466735813,3.2164399999999986,4.82604,1.609599791107179,-0.05369219999999997,0.006693949,0.060386148991596666
39161,0.16622499999999996,0.12836361,-0.03786139068603511,19.096040000000002,15.874239,-3.2218010321044943,19.52153,16.84682,-2.6747091687011704,0.19850879999999993,0.15516573,-0.04334306809310906
39163,0.15622499999999995,0.12836361,-0.027861390686035103,14.906040000000004,15.874239,0.9681989678955034,16.921529999999997,16.84682,-0.07470916870116895,0.17450880000000002,0.15516573,-0.01934306809310915
39222,0.05221500000000012,0.010517094,-0.04169790571570409,7.708349999999999,7.327993,-0.38035708389282163,12.547250000000002,5.944769,-6.602481094360353,0.31226410000000004,0.037662677,-0.2746014225331307
39223,0.042215000000000114,0.010517094,-0.03169790571570408,7.418349999999997,7.327993,-0.09035708389281893,11.797250000000002,5.944769,-5.852481094360353,0.2822641000000001,0.037662677,-0.24460142253313072
39350,-0.09102100000000002,-0.01545,0.07557100016838314,7.105720000000005,10.058638,2.9529176190185495,2.0325399999999973,5.849931,3.8173907632446316,-0.06192249999999999,0.011232594,0.07315509402811526
39392,0.04981499999999994,0.049676757,-0.00013824269413942325,5.8782299999999985,4.8200254,-1.0582045559692368,7.045549999999999,5.9122634,-1.133286606597899,0.11202750000000006,0.07494129,-0.03708620759487158
39393,0.08981499999999987,0.049676757,-0.04013824269413935,5.3782299999999985,4.8200254,-0.5582045559692368,6.525549999999999,5.9122634,-0.6132866065978995,0.07202750000000002,0.07494129,0.002913792405128457
39433,-0.0608820000000001,0.02485112,0.0857331191457511,5.511850000000003,7.3416657,1.8298157447814916,3.8847200000000015,6.017355,2.1326349652099594,-0.0019947999999999633,0.03541422,0.037409018902587854
39700,0.06253400000000009,0.07101287,0.008478869477271944,11.146149999999999,11.116937,-0.029213316345213514,8.488349999999999,8.765699,0.27734938659668096,0.0008162000000000447,0.017803406,0.016987206342863992
39701,0.05253400000000008,0.07101287,0.018478869477271953,10.44615,11.116937,0.6707866836547858,8.388349999999999,8.765699,0.3773493865966806,0.06081619999999999,0.017803406,-0.04301279365713595
39703,0.11253400000000002,0.07101287,-0.04152113052272799,11.346149999999998,11.116937,-0.2292133163452128,9.088349999999998,8.765699,-0.3226506134033187,0.010816199999999943,0.017803406,0.006987206342864094
39887,-0.103707,-0.07220212,0.031504876298427575,1.330490000000001,1.9347552,0.6042652061080922,-1.2855799999999995,0.06989542,1.3554754164981837,-0.01874140000000002,0.008102654,0.02684405354812147
39888,-0.060707000000000066,-0.07220212,-0.011495123701572352,2.4504899999999985,1.9347552,-0.5157347938919052,1.4044199999999982,0.06989542,-1.334524583501814,0.02425860000000002,0.008102654,-0.016155946451878567
39889,-0.06570699999999996,-0.07220212,-0.006495123701572458,1.590489999999999,1.9347552,0.3442652061080942,0.01442000000000121,0.06989542,0.055475416498182994,-0.001741400000000115,0.008102654,0.009844053548121567
40018,0.05502600000000002,-0.024753647,-0.07977964692509176,7.61889,6.302907,-1.3159830099487309,7.265000000000001,5.13592,-2.129079952239991,0.02747069999999996,0.041901022,0.014430322195816081
40019,0.04502600000000001,-0.024753647,-0.06977964692509175,6.218889999999998,6.302907,0.08401699005127128,4.665000000000001,5.13592,0.47092004776000884,-0.0525293,0.041901022,0.09443032219581604
40040,0.02189899999999989,0.024828915,0.0029299145529271264,8.78529,9.130451,0.3451612023925783,9.517610000000001,9.959698,0.44208772338867064,0.09322010000000003,0.10706621,0.01384610663404462
40497,-0.018213000000000035,-0.028059939,-0.009846938922524417,11.620159999999998,10.153239,-1.466920749816893,7.35717,5.002208,-2.3549617671203613,-0.024511999999999978,-0.042239007,-0.017727006608724616
41204,-0.031049000000000104,0.024500068,0.055549068277120695,9.805870000000002,12.229397,2.423526820068357,6.354890000000001,9.306218,2.951328147277831,-0.015150600000000125,0.052844513,0.06799511320767415
41237,-0.009613000000000094,0.0453138,0.054926801616430376,10.505680000000002,8.179137,-2.326542770080568,7.565150000000001,7.578051,0.012901090240477586,0.014455999999999913,0.085561596,0.07110559585714349
41238,0.004386999999999919,0.00904206,0.0046550600026846745,11.49568,11.579993,0.08431324798583972,8.65515,10.428813,1.7736629806518547,0.027455999999999925,0.10868805,0.0812320490183831
41251,0.07950899999999994,0.07524641,-0.004262591418266237,9.851770000000002,9.62859,-0.2231803698730488,9.865739999999999,8.946691,-0.9190494406127918,0.10065210000000002,0.07703991,-0.023612187656974815
41279,0.025386999999999937,0.029290143,0.003903143400430742,13.905680000000002,9.92325,-3.9824298016357442,9.385150000000001,7.8154764,-1.5696735824584973,-0.04754400000000014,0.048416197,0.09596019729995742
41325,-0.047784999999999966,0.010517094,0.058302094284296,7.488349999999997,7.327993,-0.16035708389281922,2.497250000000001,5.944769,3.4475189056396474,-0.08773589999999998,0.037662677,0.12539857746686933
41326,0.15738699999999994,0.03534401,-0.12204299164366716,10.705680000000001,9.227275,-1.4784051052856455,11.50515,7.4857907,-4.019359270477295,0.12145600000000001,0.04701343,-0.07444256821250916
41327,0.28238699999999994,0.03534401,-0.24704299164366716,14.805680000000002,9.227275,-5.578405105285647,14.70515,7.4857907,-7.219359270477295,0.14145599999999992,0.04701343,-0.09444256821250907
41328,0.30238699999999996,0.03534401,-0.2670429916436672,17.405680000000004,9.227275,-8.178405105285648,17.90515,7.4857907,-10.419359270477294,0.38145599999999996,0.04701343,-0.3344425682125091
41350,-0.02761300000000011,0.06350485,0.09111785235452663,7.505680000000002,9.057861,1.5521813281249983,7.805150000000001,7.158365,-0.6467852272033703,0.1314559999999999,0.005638016,-0.12581798407784095
41367,0.30238699999999996,0.03534401,-0.2670429916436672,11.925680000000003,9.227275,-2.698405105285648,12.44515,7.4857907,-4.959359270477295,0.03145599999999993,0.04701343,0.015557431787490916
41538,0.05852900000000005,0.064095974,0.005566973968505806,3.2787599999999983,3.9186213,0.6398613016510026,12.536719999999999,9.451872,-3.084848128051757,0.46920370000000006,0.292175,-0.17702870505447393
41539,0.06852900000000006,0.064095974,-0.004433026031494203,5.278759999999998,3.9186213,-1.3601386983489974,13.92672,9.451872,-4.474848128051757,0.5092037,0.292175,-0.2170287050544739
41540,0.05852900000000005,0.064095974,0.005566973968505806,3.988759999999999,3.9186213,-0.07013869834899822,5.866719999999999,9.451872,3.585151871948243,0.0992037,0.292175,0.19297129494552612
41541,0.08852899999999997,0.064095974,-0.02443302603149411,4.278759999999998,3.9186213,-0.36013869834899737,6.566719999999998,9.451872,2.885151871948244,0.0992037,0.292175,0.19297129494552612
41678,0.3702383,0.24407305,-0.12616525176601412,18.62678,13.283835,-5.342944588928223,15.89093,10.932792,-4.9581382901000985,0.46802509999999997,0.35606897,-0.11195613122711179
41746,-0.038112000000000146,-0.04013836,-0.0020263601129053566,7.97804,5.862093,-2.115947028198242,6.362019999999999,5.2948146,-1.067205413360595,0.06489519999999993,0.044735134,-0.02016006635208123
41747,-0.038112000000000146,-0.04013836,-0.0020263601129053566,5.97804,5.862093,-0.11594702819824221,6.26202,5.2948146,-0.9672054133605954,0.034895199999999904,0.044735134,0.009839933647918797
41748,-0.048112000000000155,-0.04013836,0.007973639887094652,4.97804,5.862093,0.8840529718017578,3.3620199999999993,5.2948146,1.932794586639405,0.024895200000000006,0.044735134,0.019839933647918695
41749,-0.048112000000000155,-0.04013836,0.007973639887094652,4.378040000000002,5.862093,1.4840529718017557,4.362019999999999,5.2948146,0.932794586639405,0.014895199999999997,0.044735134,0.029839933647918704
41823,0.058694000000000135,0.0902692,0.031575200503826006,19.70765,18.353674,-1.3539760650634776,18.1997,17.575504,-0.6241956970214844,0.1525301,0.13291536,-0.01961473728427887
41876,0.06793399999999994,0.06263805,-0.005295948192119537,4.06833,6.5220976,2.4537675875854497,4.240360000000001,5.4831815,1.2428214765930168,0.02952010000000005,0.018400518,-0.011119581776356746
41908,0.009717700000000051,-0.00713426,-0.016851960144084743,8.805240000000001,7.722391,-1.0828488714599622,8.571629999999999,7.5342965,-1.0373334873962392,0.09719449999999996,0.08959172,-0.007602780789852104
42007,-0.08114550000000009,-0.07500788,0.006137621756076905,6.02018,5.244434,-0.7757461201477049,3.5999199999999973,2.85582,-0.7441000594329807,-0.01939920000000006,0.0044521745,0.02385137452943331
42008,-0.10114550000000011,-0.07500788,0.026137621756076923,4.120180000000001,5.244434,1.1242538798522936,0.9499199999999988,2.85582,1.9058999405670178,-0.01939920000000006,0.0044521745,0.02385137452943331
42009,-0.0911455000000001,-0.07500788,0.016137621756076914,4.620180000000001,5.244434,0.6242538798522936,2.4499199999999988,2.85582,0.40589994056701784,0.030600799999999984,0.0044521745,-0.026148625470566733
42123,0.028456000000000037,0.06614674,0.03769073882722851,0.716190000000001,2.6057985,1.8896084828948965,2.4027600000000007,5.0784907,2.675730734100341,0.0694509000000001,0.12059276,0.051141858059501555
42173,0.06238699999999997,0.0814712,0.019084197307109863,26.56568,12.595003,-13.970676871948243,19.40515,11.627078,-7.77807194366455,0.24145599999999995,0.13503817,-0.10641783276176447
42174,0.1023869999999999,0.0814712,-0.020915802692890062,10.38568,12.595003,2.209323128051757,11.40515,11.627078,0.22192805633544843,0.16145599999999993,0.13503817,-0.02641783276176446
42175,0.19238699999999997,0.0814712,-0.11091580269289014,16.77568,12.595003,-4.1806768719482434,15.305150000000001,11.627078,-3.678071943664552,0.18145599999999995,0.13503817,-0.04641783276176448
