Ref_ID,delta_Voc_true,delta_Voc_pred,delta_Voc_error,delta_Jsc_true,delta_Jsc_pred,delta_Jsc_error,delta_PCE_true,delta_PCE_pred,delta_PCE_error,delta_FF_true,delta_FF_pred,delta_FF_error
20,0.10898999999999992,0.054520696,-0.05446930359840385,12.851590000000002,9.96092,-2.890669666137697,10.28508,7.446001,-2.8390789471435554,-0.006516399999999978,0.0022526605,0.008769060458907463
22,-0.041154000000000135,-0.054456286,-0.013302286132335528,13.580079999999999,12.116474,-1.4636058483886707,12.088349999999998,10.148903,-1.9394471069335921,0.10617929999999998,0.07156981,-0.03460949217252729
23,-0.07115400000000016,-0.054456286,0.0166977138676645,11.580079999999999,12.116474,0.5363941516113293,9.18835,10.148903,0.9605528930664065,0.059179300000000046,0.07156981,0.012390507827472641
24,-0.08115400000000017,-0.054456286,0.026697713867664508,11.250079999999997,12.116474,0.8663941516113312,8.18835,10.148903,1.9605528930664065,0.03317930000000002,0.07156981,0.038390507827472664
25,-0.051154000000000144,-0.054456286,-0.003302286132335519,11.70008,12.116474,0.4163941516113283,10.388349999999999,10.148903,-0.23944710693359283,0.09517929999999997,0.07156981,-0.02360949217252728
26,-0.041154000000000135,-0.054456286,-0.013302286132335528,13.580079999999999,12.116474,-1.4636058483886707,12.088349999999998,10.148903,-1.9394471069335921,0.10617929999999998,0.07156981,-0.03460949217252729
27,-0.08115400000000017,-0.054456286,0.026697713867664508,11.250079999999997,12.116474,0.8663941516113312,8.18835,10.148903,1.9605528930664065,0.03317930000000002,0.07156981,0.038390507827472664
72,-0.09866200000000003,-0.03754104,0.06112096071195605,5.228439999999999,8.162058,2.933617876586915,2.2971799999999973,5.443731,3.146550831146243,-0.004401800000000011,0.030986082,0.03538788180880548
89,0.021665000000000045,0.012447464,-0.00921753572016959,8.310340000000004,8.175773,-0.13456733306885127,7.1113,6.918486,-0.19281388168334956,0.045322799999999996,0.055358835,0.010036034564685825
90,-0.07833500000000004,0.012447464,0.0907824642798305,5.310340000000004,8.175773,2.8654326669311487,2.9113000000000007,6.918486,4.00718611831665,0.01532279999999997,0.055358835,0.04003603456468585
91,-0.07833500000000004,0.012447464,0.0907824642798305,6.310340000000004,8.175773,1.8654326669311487,5.1113,6.918486,1.8071861183166504,0.07532280000000002,0.055358835,-0.0199639654353142
169,-0.028512000000000093,-0.012538156,0.015973844459176156,6.381820000000001,8.02479,1.642969810180663,2.5964399999999976,4.952693,2.3562529855346703,-0.06569219999999998,0.005426919,0.07111911908776758
170,-0.008512000000000075,-0.012538156,-0.004026155540823861,7.301820000000003,8.02479,0.7229698101806612,4.096439999999999,4.952693,0.8562529855346686,-0.04369219999999996,0.005426919,0.04911911908776756
171,0.04148799999999997,-0.012538156,-0.054026155540823906,7.151820000000004,8.02479,0.8729698101806598,5.9264399999999995,4.952693,-0.9737470144653315,0.018307800000000096,0.005426919,-0.012880880912232495
267,-0.11485750000000006,-0.07671159,0.03814591239213949,5.84205,6.278338,0.4362879554748531,2.4481800000000007,4.359511,1.9113308985900872,0.0021046999999999594,0.043686777,0.041582077353286784
297,0.012386999999999926,0.028882371,0.016495371261715963,8.535680000000003,9.908062,1.372381981201169,6.09515,7.73757,1.6424198089599606,-0.005544000000000104,0.04604098,0.05158497828269015
391,0.13438699999999992,0.03246558,-0.10192141914916031,5.09768,9.09092,3.9932404483032222,6.34515,7.3753567,1.0302066741943356,0.024455999999999922,0.044359583,0.019903583407640535
411,-0.059236000000000066,-0.030241951,0.028994048653602666,1.2597200000000015,3.088191,1.8284710324096665,0.9736100000000008,1.214252,0.24064199508666917,0.04030109999999998,0.015043688,-0.025257411993300893
412,-0.059236000000000066,-0.030241951,0.028994048653602666,0.8897200000000005,3.088191,2.1984710324096675,-0.37639000000000067,1.214252,1.5906419950866706,0.0003011000000000541,0.015043688,0.014742588006699031
413,-0.08023599999999997,-0.030241951,0.049994048653602574,0.8697200000000009,3.088191,2.218471032409667,-1.6763900000000014,1.214252,2.8906419950866713,-0.03969889999999998,0.015043688,0.05474258800669907
414,-0.09223599999999998,-0.030241951,0.061994048653602585,0.1297200000000025,3.088191,2.9584710324096655,-2.706389999999999,1.214252,3.920641995086669,-0.04969889999999999,0.015043688,0.06474258800669908
415,-0.09023599999999998,-0.030241951,0.05999404865360258,1.149720000000002,3.088191,1.938471032409666,-1.336389999999998,1.214252,2.550641995086668,-0.029698899999999973,0.015043688,0.04474258800669906
475,0.04858899999999999,-0.018846462,-0.06743546154940128,12.73254,7.2295775,-5.502962458648682,13.378440000000001,6.899748,-6.478692151489259,0.23888559999999992,0.097478956,-0.14140664401588432
529,-0.03254800000000002,0.015806455,0.0483544551651478,7.878070000000001,7.537174,-0.3408957751464854,7.11388,8.122279,1.008399167175293,0.07242290000000007,0.11748358,0.04506067862234109
853,-0.007784999999999931,0.013211794,0.020996794197559288,8.338349999999998,9.504966,1.166615782165529,6.567250000000001,6.4335947,-0.13365529632568496,0.06626410000000005,-0.0046091434,-0.07087324336144929
854,-0.03778499999999996,0.013211794,0.050996794197559314,7.43835,9.504966,2.0666157821655275,4.247250000000001,6.4335947,2.1863447036743153,0.009264100000000108,-0.0046091434,-0.01387324336144935
855,0.012215000000000087,0.013211794,0.0009967941975592698,10.338349999999998,9.504966,-0.833384217834471,7.3572500000000005,6.4335947,-0.9236552963256841,0.04126410000000014,-0.0046091434,-0.04587324336144938
919,-0.048904999999999976,-0.0033106264,0.04559437362730501,8.654140000000002,9.671654,1.017513747558592,6.094740000000002,6.7656407,0.6709007356262191,0.005674199999999963,0.035330087,0.029655886946487464
924,0.0955379999999999,0.11844706,0.022909057902813057,11.14883,10.5452175,-0.6036124859619143,12.097650000000002,11.248779,-0.8488707031250016,0.06766990000000006,0.03319178,-0.03447811850895888
925,0.14553799999999995,0.11844706,-0.027090942097186987,10.548830000000002,10.5452175,-0.003612485961916434,12.29765,11.248779,-1.0488707031250009,0.06366989999999995,0.03319178,-0.030478118508958763
926,0.0955379999999999,0.11844706,0.022909057902813057,10.748830000000002,10.5452175,-0.20361248596191572,10.29765,11.248779,0.9511292968749991,0.002669900000000003,0.03319178,0.03052188149104118
927,0.12553799999999993,0.11844706,-0.00709094209718697,10.548830000000002,10.5452175,-0.003612485961916434,11.197650000000001,11.248779,0.051129296874998786,0.027669900000000025,0.03319178,0.0055218814910411584
928,0.08553799999999989,0.11844706,0.032909057902813066,10.64883,10.5452175,-0.1036124859619143,9.49765,11.248779,1.7511292968749999,-0.02433010000000002,0.03319178,0.057521881491041205
929,0.14553799999999995,0.11844706,-0.027090942097186987,10.64883,10.5452175,-0.1036124859619143,12.197650000000001,11.248779,-0.9488707031250012,0.05466990000000005,0.03319178,-0.021478118508958866
930,0.10553799999999991,0.11844706,0.012909057902813048,11.14883,10.5452175,-0.6036124859619143,10.597650000000002,11.248779,0.6511292968749984,-0.009330100000000008,0.03319178,0.04252188149104119
931,0.19553799999999988,0.11844706,-0.07709094209718692,10.548830000000002,10.5452175,-0.003612485961916434,13.79765,11.248779,-2.548870703125001,0.10166989999999998,0.03319178,-0.0684781185089588
932,0.10553799999999991,0.11844706,0.012909057902813048,10.14883,10.5452175,0.3963875140380857,10.89765,11.248779,0.3511292968749995,0.03566990000000003,0.03319178,-0.0024781185089588487
946,0.022823999999999955,0.030328972,0.0075049722651243655,8.532060000000001,7.8468337,-0.6852262940979017,10.913789999999999,9.850573,-1.0632174139404285,0.23265439999999993,0.18596236,-0.046692035922431874
949,0.01682399999999995,0.030328972,0.013504972265124371,6.882059999999999,7.8468337,0.9647737059021004,8.68379,9.850573,1.1667825860595702,0.16165439999999998,0.18596236,0.02430796407756808
950,0.03682399999999997,0.030328972,-0.006495027734875647,7.5720600000000005,7.8468337,0.27477370590209915,9.583789999999999,9.850573,0.2667825860595716,0.1756544,0.18596236,0.010307964077568066
951,0.01682399999999995,0.030328972,0.013504972265124371,6.882059999999999,7.8468337,0.9647737059021004,8.68379,9.850573,1.1667825860595702,0.16165439999999998,0.18596236,0.02430796407756808
952,0.020823999999999954,0.030328972,0.009504972265124367,9.91206,7.8468337,-2.0652262940979007,11.60379,9.850573,-1.7532174139404297,0.2026544,0.18596236,-0.016692035922431958
1145,-0.03778499999999996,0.013211794,0.050996794197559314,7.84835,9.504966,1.6566157821655274,4.317250000000001,6.4335947,2.116344703674315,-0.03173590000000004,-0.0046091434,0.027126756638550797
1147,-0.047784999999999966,0.013211794,0.06099679419755932,7.958349999999999,9.504966,1.546615782165528,4.387250000000002,6.4335947,2.0463447036743148,-0.027735899999999925,-0.0046091434,0.023126756638550683
1148,-0.047784999999999966,0.013211794,0.06099679419755932,7.34835,9.504966,2.1566157821655274,3.827250000000003,6.4335947,2.6063447036743135,-0.029735899999999926,-0.0046091434,0.025126756638550685
1149,-0.047784999999999966,0.013211794,0.06099679419755932,8.11835,9.504966,1.3866157821655278,4.407250000000001,6.4335947,2.026344703674315,-0.036735900000000044,-0.0046091434,0.0321267566385508
1150,-0.047784999999999966,0.013211794,0.06099679419755932,7.948349999999998,9.504966,1.5566157821655295,4.0972500000000025,6.4335947,2.336344703674314,-0.04373589999999994,-0.0046091434,0.0391267566385507
1152,-0.07778499999999999,0.013211794,0.09099679419755935,7.968349999999997,9.504966,1.53661578216553,3.4072500000000012,6.4335947,3.026344703674315,-0.04773589999999994,-0.0046091434,0.0431267566385507
1153,-0.047784999999999966,0.013211794,0.06099679419755932,7.858349999999998,9.504966,1.6466157821655294,4.05725,6.4335947,2.3763447036743166,-0.03373589999999993,-0.0046091434,0.029126756638550688
1166,-0.025123000000000006,-0.005438273,0.019684727158725268,10.868780000000001,10.471659,-0.39712129333496193,8.71107,8.813033,0.10196310394287167,0.07799310000000004,0.08338595,0.005392851817035638
1241,-0.08093600000000001,-0.05574276,0.025193240742445,6.871929999999999,7.86754,0.9956098826599131,4.97016,5.8657374,0.8955774382019044,0.04375220000000002,0.07636456,0.032612361915397625
1242,-0.08093600000000001,-0.05574276,0.025193240742445,6.871929999999999,7.86754,0.9956098826599131,4.97016,5.8657374,0.8955774382019044,0.04375220000000002,0.07636456,0.032612361915397625
1352,0.011989999999999945,0.050766304,0.038776304135322626,5.66159,10.194623,4.533032993469238,3.0350800000000007,7.6128144,4.5777344264221185,-0.04651640000000001,0.03165958,0.0781759807671547
1354,-0.07801000000000013,0.050766304,0.1287763041353227,5.041590000000003,10.194623,5.153032993469235,0.07507999999999981,7.6128144,7.537734426422119,-0.08451640000000005,0.03165958,0.11617598076715474
1356,-0.07951200000000003,-0.0077671423,0.07174485773769024,6.721820000000001,8.693972,1.9721516339111318,3.0164399999999993,5.334768,2.3183278184509284,-0.04269220000000007,-0.009339975,0.03335222480685718
1360,-0.049512,-0.0077671423,0.04174485773769021,11.831820000000004,8.693972,-3.137848366088871,6.716439999999999,5.334768,-1.381672181549071,-0.06469219999999987,-0.009339975,0.055352224806856976
1362,-0.08351200000000003,-0.0077671423,0.07574485773769024,6.031820000000003,8.693972,2.6621516339111295,1.0964399999999976,5.334768,4.23832781845093,-0.07769219999999999,-0.009339975,0.0683522248068571
1363,-0.08051200000000014,-0.0077671423,0.07274485773769035,5.791820000000001,8.693972,2.9021516339111315,1.326439999999998,5.334768,4.00832781845093,-0.06269219999999998,-0.009339975,0.053352224806857085
1365,-0.08851200000000015,-0.0077671423,0.08074485773769036,6.421820000000004,8.693972,2.272151633911129,1.6164400000000008,5.334768,3.718327818450927,-0.06669219999999998,-0.009339975,0.05735222480685709
1507,0.012513999999999914,0.032751903,0.020237902937889185,9.17998,8.398562,-0.7814175686645513,6.937480000000001,7.3665614,0.42908141281127854,0.013848599999999989,0.039242852,0.025394252479219448
1612,-0.12320760000000008,-0.086389795,0.036817805054283226,6.627849999999999,6.6728525,0.04500251617431772,6.314879999999999,6.421587,0.1067069903564466,0.16362789999999994,0.16098833,-0.002639569158935484
1613,0.025188999999999906,0.019927114,-0.005261885751724149,7.72472,5.53735,-2.187369822235107,2.6573899999999995,2.5062518,-0.1511381880187983,-0.13557419999999998,-0.05862803,0.07694616987867353
1614,-0.019187000000000065,0.018053034,0.037240034320473736,1.9827999999999992,2.7041373,0.721337325286866,0.860557,2.5449855,1.68442853276062,-0.01110600000000006,0.112318605,0.12342460518455511
1615,-0.09141730000000003,-0.082701996,0.00871530403118137,3.299900000000001,4.830405,1.5305052352905264,2.9269100000000012,4.0312486,1.1043385694885242,0.09641650000000002,0.081355944,-0.015060555724143998
1616,0.10381299999999993,0.018053034,-0.08575996567952626,2.912799999999999,2.7041373,-0.2086626747131337,5.190557,2.5449855,-2.64557146723938,0.32689400000000013,0.112318605,-0.21457539481544508
1821,0.0823830000000001,0.081205115,-0.001177885277748203,14.43186,13.52102,-0.9108400643920902,14.66864,13.24203,-1.426609856262207,0.12868599999999997,0.11591937,-0.012766633521079984
1822,0.07238300000000009,0.081205115,0.008822114722251806,12.731859999999998,13.52102,0.7891599356079126,12.71864,13.24203,0.5233901437377924,0.09768599999999994,0.11591937,0.018233366478920043
2024,0.031665000000000054,0.03186548,0.00020048128724092784,7.300340000000002,7.741092,0.44075220504760537,6.0013000000000005,6.448393,0.44709286804199166,0.01532279999999997,0.016618274,0.0012954741522789304
2025,0.031665000000000054,0.03186548,0.00020048128724092784,7.410340000000005,7.741092,0.3307522050476024,5.0113,6.448393,1.4370928680419919,-0.034677199999999964,0.016618274,0.051295474152278864
2026,-0.04833500000000002,0.03186548,0.080200481287241,7.190340000000003,7.741092,0.5507522050476048,2.7113000000000014,6.448393,3.737092868041991,-0.0746772,0.016618274,0.0912954741522789
2027,0.18166500000000008,0.03186548,-0.1497995187127591,8.710340000000002,7.741092,-0.9692477949523948,8.8613,6.448393,-2.4129071319580078,0.01532279999999997,0.016618274,0.0012954741522789304
2028,0.05166500000000007,0.03186548,-0.01979951871275909,8.910340000000005,7.741092,-1.1692477949523976,7.2113,6.448393,-0.7629071319580074,0.017322800000000083,0.016618274,-0.0007045258477211824
2029,0.0776650000000001,0.03186548,-0.04579951871275911,7.110340000000004,7.741092,0.6307522050476031,6.901299999999999,6.448393,-0.4529071319580069,0.03532279999999999,0.016618274,-0.018704525847721087
2030,0.0766650000000001,0.03186548,-0.04479951871275911,7.110340000000004,7.741092,0.6307522050476031,6.331300000000001,6.448393,0.1170928680419916,0.007322800000000074,0.016618274,0.009295474152278826
2031,0.04666500000000007,0.03186548,-0.014799518712759085,7.110340000000004,7.741092,0.6307522050476031,4.401299999999999,6.448393,2.047092868041993,-0.06467719999999999,0.016618274,0.08129547415227889
2032,0.2016650000000001,0.03186548,-0.1697995187127591,8.810340000000004,7.741092,-1.0692477949523962,9.7913,6.448393,-3.3429071319580075,0.0503228,0.016618274,-0.0337045258477211
2039,0.9943960000000001,0.8216555,-0.17274048814392096,31.257279999999994,29.152115,-2.105165131835932,13.1925,13.343539,0.15103923797607344,0.16212749999999998,0.16943128,0.007303784070014974
2078,0.13155400000000006,0.10014532,-0.03140868238592154,25.90036,21.11782,-4.782539260253905,20.512600000000003,16.308735,-4.2038651062011745,0.23002840000000002,0.13420875,-0.0958196462949753
2085,-0.0890740000000001,-0.05581502,0.033258981286525824,5.194769999999998,5.8958745,0.7011045002746599,10.043779999999998,8.092866,-1.9509140560913067,0.23568959999999994,0.17302062,-0.06266898382625574
2086,-0.04907400000000006,-0.05581502,-0.006741018713474212,5.894769999999998,5.8958745,0.0011045002746605803,7.473779999999998,8.092866,0.6190859439086935,0.1626896,0.17302062,0.010331016173744212
2087,-0.019074000000000035,-0.05581502,-0.03674101871347424,7.694769999999998,5.8958745,-1.7988954997253401,9.503779999999999,8.092866,-1.4109140560913076,0.1876896,0.17302062,-0.01466898382625581
2099,-0.04815400000000003,0.0353344,0.08348840083265308,4.81475,7.480449,2.6656991996765136,4.805869999999999,7.788091,2.9822211827087415,0.07766270000000008,0.10146563,0.023802927551078712
2115,-0.07377500000000015,-0.0040629157,0.06971208431348219,9.246040000000004,11.277173,2.031133042297359,8.62153,10.854559,2.2330289447021485,0.09850879999999995,0.10192449,0.0034156864583015922
2699,0.20542700000000003,0.17957316,-0.02585383660984042,17.65475,16.124743,-1.5300074920654296,18.11934,17.243744,-0.8755961035156261,0.08701829999999988,0.13148053,0.04446222990436566
2757,-0.03398239999999997,-0.02096016,0.013022240400218932,10.1113,10.220251,0.10895108337402348,7.798629999999999,7.7626495,-0.035980463867186785,0.026508100000000034,0.04961243,0.023104328992986645
2837,-0.009128000000000025,0.016164271,0.025292271160960222,7.0259300000000025,8.215824,1.1898941271972632,5.4815000000000005,6.666041,1.1845408973693843,0.025827899999999904,0.042109776,0.016281876288271047
2844,0.20542700000000003,0.17957316,-0.02585383660984042,18.69475,16.124743,-2.570007492065429,18.849339999999998,17.243744,-1.605596103515623,0.0990183,0.13148053,0.032462229904365536
2874,-8.900000000000574e-05,0.03594495,0.03603394983553887,7.625859999999999,9.033555,1.4076950308227545,5.19356,8.968233,3.774673108520508,-0.01323350000000001,0.121244505,0.13447800504779817
2875,0.06991100000000006,0.03594495,-0.03396605016446119,7.835859999999997,9.033555,1.1976950308227572,9.743559999999999,8.968233,-0.7753268914794909,0.18676649999999995,0.121244505,-0.06552199495220179
2876,0.08991099999999996,0.03594495,-0.0539660501644611,9.85586,9.033555,-0.8223049691772459,12.00356,8.968233,-3.0353268914794924,0.2367665,0.121244505,-0.11552199495220183
2877,-0.057613000000000136,0.028882371,0.08649537126171603,6.955680000000001,9.908062,2.952381981201171,2.9451500000000017,7.73757,4.792419808959959,-0.04854400000000003,0.04604098,0.09458497828269008
2900,0.03198999999999996,0.0055723535,-0.026417646510302983,7.4415900000000015,7.8255405,0.3839505426025376,6.205080000000001,5.9663887,-0.23869129760742247,0.021483599999999936,0.024116723,0.0026331228668928786
2901,-0.04801000000000011,0.0055723535,0.05358235348969709,7.0615900000000025,7.8255405,0.7639505426025366,3.9550800000000024,5.9663887,2.0113087023925758,-0.014516399999999985,0.024116723,0.0386331228668928
3218,0.012386999999999926,0.03246558,0.02007858085083969,9.58568,9.09092,-0.4947595516967773,6.12515,7.3753567,1.2502066741943363,-0.041544000000000025,0.044359583,0.08590358340764048
3384,-0.007613000000000092,0.03246558,0.04007858085083971,9.075680000000002,9.09092,0.015240448303220688,6.92515,7.3753567,0.4502066741943356,0.03145599999999993,0.044359583,0.012903583407640529
3385,-0.007613000000000092,0.03246558,0.04007858085083971,6.74568,9.09092,2.3452404483032225,5.50515,7.3753567,1.8702066741943355,0.04145599999999994,0.044359583,0.00290358340764052
3415,0.002386999999999917,0.03246558,0.030078580850839698,7.2256800000000005,9.09092,1.865240448303222,10.00515,7.3753567,-2.6297933258056645,0.221456,0.044359583,-0.17709641659235953
3499,-0.022612999999999994,0.028882371,0.05149537126171588,8.705680000000001,9.908062,1.202381981201171,6.10515,7.73757,1.6324198089599609,0.014455999999999913,0.04604098,0.031584978282690135
3503,0.055593399999999904,0.07005529,0.014461891056633092,10.060030000000001,9.690183,-0.36984731414795036,8.46496,9.099932,0.6349717169189457,0.033296800000000015,0.06273433,0.029437528210353836
3504,0.06326029999999994,0.09728726,0.03402695999593741,10.113310000000002,9.90336,-0.20994963317871296,8.83856,9.090722,0.25216208404541085,0.0494325000000001,0.10055565,0.0511231508898734
3505,0.11307089999999997,0.11491131,0.0018404103747368117,7.685870000000001,7.0674577,-0.6184123240661634,8.282560000000002,8.130197,-0.15236342864990426,0.07635189999999992,0.06837847,-0.007973429161930001
3506,0.1269038,0.10759533,-0.019308468033123027,6.469799999999999,8.405065,1.9352645828247077,9.61413,8.821158,-0.792971590881347,0.1857726999999999,0.120951764,-0.06482093571443548
3552,-0.071075,-0.011118842,0.05995615771114826,3.4377199999999988,5.6304564,2.1927364476013196,4.935819999999998,6.657785,1.721964938812258,0.14329009999999998,0.12611924,-0.017170858881568885
3553,-0.10107500000000003,-0.011118842,0.08995615771114829,2.887719999999998,5.6304564,2.7427364476013203,2.9458199999999977,6.657785,3.711964938812258,0.09829009999999994,0.12611924,0.027829141118431155
3554,-0.11107500000000003,-0.011118842,0.0999561577111483,3.257719999999999,5.6304564,2.3727364476013193,3.9958199999999984,6.657785,2.6619649388122575,0.13129009999999997,0.12611924,-0.005170858881568874
3568,-0.07761300000000015,0.03246558,0.11007858085083977,8.63568,9.09092,0.45524044830322197,4.60515,7.3753567,2.770206674194336,-0.018544000000000005,0.044359583,0.06290358340764046
3655,0.14238699999999993,0.028882371,-0.11350462873828404,11.075680000000002,9.908062,-1.16761801879883,11.82515,7.73757,-4.08758019104004,0.14445599999999992,0.04604098,-0.09841502171730987
3697,0.04356000000000004,0.07821705,0.03465705192327495,9.923950000000001,9.810087,-0.1138627960205092,13.021430000000002,11.163205,-1.8582248532104515,0.2727328,0.18193717,-0.09079562699108124
3698,0.06256000000000006,0.07821705,0.015657051923274934,7.32395,9.810087,2.4861372039794922,10.021430000000002,11.163205,1.1417751467895485,0.1657328,0.18193717,0.01620437300891875
3699,0.04156000000000004,0.07821705,0.03665705192327495,8.223950000000002,9.810087,1.58613720397949,9.521430000000002,11.163205,1.6417751467895485,0.1377328,0.18193717,0.044204373008918774
3700,0.06056000000000006,0.07821705,0.017657051923274936,10.52395,9.810087,-0.7138627960205071,12.221430000000002,11.163205,-1.0582248532104508,0.22373279999999995,0.18193717,-0.04179562699108119
3701,0.04856000000000005,0.07821705,0.029657051923274946,8.423950000000001,9.810087,1.3861372039794908,8.021430000000002,11.163205,3.1417751467895485,0.1417328,0.18193717,0.04020437300891877
3709,-0.06148600000000015,-0.027673945,0.03381205516910568,8.263110000000001,5.9607444,-2.3023656190490733,9.182830000000001,5.456642,-3.7261878491210947,0.18898579999999998,0.09121225,-0.0977735497076988
3789,-0.047784999999999966,0.015626702,0.06341170245766636,4.338349999999998,8.811799,4.473449049377443,1.707250000000002,6.419039,4.711788772583006,-0.07773589999999997,0.016558826,0.09429472596969601
3822,0.12687400000000004,0.14125587,0.014381870461463886,13.205739999999999,13.668245,0.4625053155517591,11.694909999999998,12.64044,0.9455299871826188,0.06629810000000003,0.08140507,0.015106973404312107
3823,0.21777599999999997,0.17107877,-0.046697228647232025,13.50573,13.6186495,0.11291948272705099,13.27467,12.763423,-0.5112470339965824,0.10399120000000006,0.083407074,-0.020584125786972107
3824,0.23875599999999997,0.20088618,-0.03786982496356961,14.405720000000004,13.538828,-0.86689210388184,13.698649999999997,11.7251,-1.9735504364013643,0.09943730000000006,0.071843036,-0.027594264480876984
3825,0.26937999999999995,0.19617896,-0.0732010421800613,14.555710000000001,13.941438,-0.6142722787475599,13.9799,13.295788,-0.6841121887207038,0.0853756,0.08861766,0.003242060105228428
3826,0.260035,0.16063263,-0.0994023747777939,14.725700000000002,13.38573,-1.3399702102661148,14.618500000000001,13.227518,-1.3909819183349619,0.14720520000000004,0.12771302,-0.01949217538375858
3827,0.3823869999999999,0.027583275,-0.3548037250096797,19.805680000000002,9.78511,-10.02056952636719,17.21515,7.9799986,-9.23515141143799,0.13345600000000002,0.05252378,-0.08093221938586237
3903,-0.04657800000000001,0.014361422,0.060939421577632436,8.36578,9.814565,1.4487847048950186,6.605729999999999,7.9127812,1.3070512385559088,0.05507470000000003,0.04176652,-0.01330817941040996
3953,-0.08910499999999999,-0.04535338,0.04375162089943885,4.127230000000001,5.256389,1.1291591410827628,2.9410600000000002,6.23073,3.289670056762695,0.053047100000000014,0.11589318,0.06284607768812178
3955,-0.019104999999999928,-0.04535338,-0.026248379100561214,5.227229999999999,5.256389,0.02915914108276496,15.251060000000003,6.23073,-9.020329943237307,0.5230471,0.11589318,-0.4071539223118782
4012,0.003422000000000036,-0.02366793,-0.027089929694056547,8.035780000000003,8.472661,0.43688101837157944,8.10573,7.4761662,-0.6295637516784662,0.10707470000000008,0.04190956,-0.06516513943881996
4028,0.05238699999999996,0.059867132,0.0074801324551105886,8.105680000000003,9.073113,0.967433441467282,6.00515,7.2932005,1.2880504928588863,-0.028544000000000014,0.009468745,0.03801274544024469
4076,0.16574499999999992,0.08098099,-0.08476401364326469,8.708979999999997,9.489695,0.7807145953369172,10.226890000000001,8.057598,-2.169291885986329,0.14256879999999994,0.07103597,-0.07153283372287744
4101,-0.007613000000000092,0.027583275,0.0351962749903203,5.4756800000000005,9.78511,4.309430473632812,6.03515,7.9799986,1.944848588562012,0.09445599999999998,0.05252378,-0.041932219385862335
4102,-0.057613000000000136,0.027583275,0.08519627499032034,4.625680000000003,9.78511,5.15943047363281,3.235150000000001,7.9799986,4.744848588562011,0.03545600000000004,0.05252378,0.017067780614137606
4172,-0.07761300000000015,0.027583275,0.10519627499032036,5.805680000000002,9.78511,3.97943047363281,4.70515,7.9799986,3.274848588562012,0.07145599999999996,0.05252378,-0.018932219385862314
4174,-0.0176130000000001,0.027583275,0.045196274990320306,7.605680000000003,9.78511,2.1794304736328094,8.805150000000001,7.9799986,-0.8251514114379894,0.16345599999999993,0.05252378,-0.11093221938586229
4200,-0.08910499999999999,-0.06758343,0.02152157316684722,9.36723,8.947728,-0.41950184295654225,9.181060000000002,7.9665,-1.2145601945495628,0.1630471,0.13720338,-0.025843719534492493
4237,0.05238699999999996,0.03246558,-0.019921419149160347,9.29568,9.09092,-0.20475955169677817,9.225150000000001,7.3753567,-1.8497933258056651,0.10145599999999999,0.044359583,-0.057096416592359533
4239,0.2423869999999999,0.03246558,-0.2099214191491603,15.365680000000001,9.09092,-6.2747595516967785,16.04515,7.3753567,-8.669793325805664,0.271456,0.044359583,-0.22709641659235952
4300,0.08238699999999999,0.03246558,-0.04992141914916037,11.125680000000003,9.09092,-2.03475955169678,9.24515,7.3753567,-1.8697933258056647,0.02145599999999992,0.044359583,0.022903583407640538
4301,0.05181100000000005,0.06364794,0.01183694075489039,10.29099,9.574611,-0.7163792898559578,7.8813200000000005,7.8361616,-0.04515838653564508,-0.003105399999999925,0.025443591,0.028548991177463456
4302,0.03376000000000001,0.051863033,0.018103033324480045,16.820030000000003,14.197236,-2.6227939389038113,12.043650000000001,10.540369,-1.5032809661865247,-0.013672399999999918,0.012474535,0.026146935033106722
4303,0.02191199999999993,0.009637968,-0.01227403231662505,7.332460000000001,7.331445,-0.0010147828674327286,5.6569,5.885024,0.22812407073974583,0.0072030000000000705,0.022294614,0.0150916144640445
4304,0.04074400000000011,0.057313927,0.016569926517963296,7.22297,7.3499103,0.12694025924682606,5.793099999999999,6.4482727,0.655172705078126,0.0024186000000000485,0.028465748,0.026047147833251905
4305,0.11630800000000008,0.08039151,-0.03591648867893227,12.079360000000001,9.304921,-2.7744388497924817,10.468879999999999,8.024795,-2.4440854214477525,0.037999499999999964,0.044648495,0.006648994571447409
4306,0.1023869999999999,0.03246558,-0.06992141914916028,12.785680000000003,9.09092,-3.69475955169678,10.62515,7.3753567,-3.2497933258056637,0.03145599999999993,0.044359583,0.012903583407640529
4307,0.07181100000000007,0.06364794,-0.008163059245109627,11.090990000000001,9.574611,-1.5163792898559585,8.781320000000001,7.8361616,-0.9451583865356454,0.0368946,0.025443591,-0.011451008822536468
4310,0.08574400000000004,0.057313927,-0.028430073482036633,7.7029700000000005,7.3499103,-0.35305974075317437,7.363099999999999,6.4482727,-0.9148272949218743,0.05241859999999998,0.028465748,-0.02395285216674803
4311,-0.047784999999999966,0.014763911,0.06254891125470396,6.738349999999997,7.537286,0.7989358047485382,4.30725,6.169963,1.8627128829956057,0.02226410000000001,0.03967462,0.01741052107539176
4376,0.15238699999999994,0.027583275,-0.12480372500967973,12.285680000000003,9.78511,-2.5005695263671903,13.86515,7.9799986,-5.885151411437988,0.23145599999999994,0.05252378,-0.1789322193858623
4377,0.06238699999999997,0.027583275,-0.034803725009679765,10.955680000000001,9.78511,-1.1705695263671885,8.50515,7.9799986,-0.5251514114379887,0.0014560000000000128,0.05252378,0.05106778061413764
4378,0.1023869999999999,0.027583275,-0.07480372500967969,11.355680000000003,9.78511,-1.5705695263671906,9.91515,7.9799986,-1.9351514114379889,0.04145599999999994,0.05252378,0.011067780614137712
4380,0.06181900000000007,0.06260675,0.0007877519187926563,8.358890000000002,8.519796,0.16090637145995856,10.89359,8.758751,-2.134839084472656,0.21441880000000002,0.104919754,-0.10949904603128435
4381,0.011819000000000024,0.06260675,0.0507877519187927,8.158890000000003,8.519796,0.36090637145995785,8.493590000000001,8.758751,0.26516091552734267,0.12441880000000005,0.104919754,-0.019499046031284384
4382,0.04181900000000005,0.06260675,0.020787751918792674,7.7588900000000045,8.519796,0.7609063714599564,8.09359,8.758751,0.665160915527343,0.10441880000000003,0.104919754,0.0005009539687156339
4384,0.03181900000000004,0.06260675,0.030787751918792683,6.658890000000003,8.519796,1.8609063714599579,6.19359,8.758751,2.5651609155273434,0.05441879999999999,0.104919754,0.05050095396871568
4490,0.17257899999999993,0.13015245,-0.042426550988197254,5.286369999999998,7.261159,1.9747889431762715,6.121339999999998,6.6759567,0.5546167260742205,0.02713410000000005,0.019177424,-0.007956676209902813
4513,0.08238699999999999,0.028882371,-0.0535046287382841,14.005680000000002,9.908062,-4.09761801879883,14.465150000000001,7.73757,-6.72758019104004,0.26145599999999997,0.04604098,-0.21541502171730992
4586,-0.02746599999999999,0.011202262,0.03866826178318261,8.646149999999999,8.849214,0.20306360015869274,6.688349999999998,6.6721063,-0.016243733978269503,0.06081619999999999,0.0089973295,-0.0518188704892516
4587,-0.06746600000000003,0.011202262,0.07866826178318265,6.446149999999999,8.849214,2.403063600158692,3.7883499999999977,6.6721063,2.883756266021731,0.02081619999999995,0.0089973295,-0.011818870489251565
4813,-0.05746600000000002,0.011202262,0.06866826178318264,6.436149999999998,8.849214,2.4130636001586936,3.1283499999999975,6.6721063,3.543756266021731,-0.021183800000000086,0.0089973295,0.030181129510748472
4914,-0.10148600000000019,-0.027673945,0.07381205516910572,2.14311,5.9607444,3.8176343809509277,0.5528300000000002,5.456642,4.903812150878906,0.02698579999999995,0.09121225,0.06422645029230123
4915,-0.131486,-0.027673945,0.10381205516910552,1.4631100000000004,5.9607444,4.497634380950927,-1.2271699999999974,5.456642,6.683812150878904,0.0029858000000000384,0.09121225,0.08822645029230114
5029,0.10914599999999985,0.105243556,-0.003902443798541877,10.6694,12.385841,1.7164413696289067,13.840419999999998,15.911303,2.070882566528322,0.1722325,0.26271215,0.09047965081214904
5037,0.09914599999999985,0.105243556,0.006097556201458132,11.049399999999999,12.385841,1.3364413696289077,13.520419999999998,15.911303,2.3908825665283224,0.14223249999999998,0.26271215,0.12047965081214906
5041,0.09914599999999985,0.105243556,0.006097556201458132,11.4494,12.385841,0.9364413696289056,13.800419999999999,15.911303,2.1108825665283213,0.1522325,0.26271215,0.11047965081214906
5045,0.10914599999999985,0.105243556,-0.003902443798541877,12.0594,12.385841,0.32644136962890613,15.240419999999999,15.911303,0.6708825665283218,0.20223250000000004,0.26271215,0.06047965081214901
5049,0.12914599999999987,0.105243556,-0.023902443798541895,12.139399999999998,12.385841,0.24644136962890784,18.19042,15.911303,-2.2791174334716793,0.3622325,0.26271215,-0.09952034918785096
5053,0.1491459999999999,0.105243556,-0.04390244379854191,18.449399999999997,12.385841,-6.063558630371091,22.94042,15.911303,-7.029117433471679,0.5522325,0.26271215,-0.28952034918785097
5351,0.09038699999999988,0.03810387,-0.05228312895250309,11.90568,9.46548,-2.4402001492309573,10.305150000000001,7.9053946,-2.3997554458618175,0.051455999999999946,0.035051517,-0.016404482811450904
5560,-0.03778499999999996,0.013211794,0.050996794197559314,7.1183499999999995,9.504966,2.386615782165528,3.337250000000001,6.4335947,3.0963447036743155,-0.04873589999999994,-0.0046091434,0.0441267566385507
5676,0.9728413,0.7431625,-0.22967878722076418,23.72903,19.984234,-3.7447961437988297,3.978679999999999,5.9856524,2.0069724467468273,0.03912840000000006,0.051602587,0.012474187103843626
5682,0.030245000000000077,0.045009892,0.014764892433881682,3.5702,8.314378,4.744177784729004,7.330859999999998,9.097769,1.7669087835693382,0.20142719999999992,0.14056899,-0.06085821346492759
5683,0.050245000000000095,0.045009892,-0.0052351075661183355,7.670200000000001,8.314378,0.6441777847290027,7.730859999999998,9.097769,1.3669087835693379,0.07142720000000002,0.14056899,0.0691417865350723
5686,0.050245000000000095,0.045009892,-0.0052351075661183355,7.3702000000000005,8.314378,0.9441777847290034,9.330859999999998,9.097769,-0.23309121643066177,0.1714272,0.14056899,-0.030858213464927675
5760,0.09701499999999996,0.11177602,0.014761016652584114,6.271419999999999,10.77124,4.499820234375001,8.98863,12.643701,3.6550705996704096,0.09765030000000008,0.13053255,0.03288224783153526
5848,0.09221500000000005,0.056629263,-0.035585737135410356,19.43835,16.756975,-2.6813748260498045,15.407250000000001,13.903642,-1.5036082992553723,0.1222641000000001,0.03670298,-0.0855611206439496
5849,0.09221500000000005,0.056629263,-0.035585737135410356,17.43835,16.756975,-0.6813748260498045,13.807250000000002,13.903642,0.09639170074462733,0.062264100000000044,0.03670298,-0.025561120643949553
5850,0.032215000000000105,0.056629263,0.024414262864589586,12.338349999999998,16.756975,4.418625173950197,9.50725,13.903642,4.396391700744628,0.02226410000000001,0.03670298,0.014438879356050482
5852,0.07221500000000014,0.056629263,-0.015585737135410449,16.238349999999997,16.756975,0.5186251739501984,13.307250000000002,13.903642,0.5963917007446273,-0.05773589999999995,0.03670298,0.09443887935605044
5854,0.05221500000000012,0.056629263,0.004414262864589569,15.538349999999998,16.756975,1.2186251739501976,17.507250000000003,13.903642,-3.6036082992553737,-0.14773589999999992,0.03670298,0.1844388793560504
5862,-0.03778499999999996,0.056629263,0.09441426286458965,24.81835,16.756975,-8.061374826049803,17.297250000000002,13.903642,-3.393608299255373,-0.03773589999999993,0.03670298,0.07443887935605042
5934,0.03198999999999996,0.050766304,0.018776304135322608,6.221590000000003,10.194623,3.9730329934692357,5.07508,7.6128144,2.5377344264221193,0.007483600000000035,0.03165958,0.02417598076715466
6211,-0.023965000000000014,0.035797935,0.05976293497920038,7.505700000000001,13.416382,5.910681835937499,4.698500000000001,9.694213,4.995712913513183,-0.013794799999999996,0.08194331,0.0957381107972145
6522,0.4982519999999999,0.19069181,-0.30756018617343894,10.35528,9.757032,-0.5982476055908208,17.42244,13.423781,-3.9986586050415056,0.3693009,0.23666982,-0.13263107647266387
6523,0.14825199999999994,0.19069181,0.042439813826561035,10.25528,9.757032,-0.49824760559082115,14.122440000000001,13.423781,-0.6986586050415049,0.34930089999999997,0.23666982,-0.11263107647266385
6524,0.40825199999999995,0.19069181,-0.21756018617343897,10.55528,9.757032,-0.7982476055908201,13.622440000000001,13.423781,-0.1986586050415049,0.27930089999999996,0.23666982,-0.04263107647266384
6526,0.15825199999999995,0.19069181,0.032439813826561026,10.05528,9.757032,-0.2982476055908201,13.122440000000001,13.423781,0.3013413949584951,0.25930089999999995,0.23666982,-0.022631076472663825
6527,0.2282519999999999,0.19069181,-0.037560186173438925,10.25528,9.757032,-0.49824760559082115,14.422440000000002,13.423781,-0.9986586050415056,0.22930089999999992,0.23666982,0.007368923527336202
6529,-0.02074799999999999,0.19069181,0.21143981382656096,9.75528,9.757032,0.001752394409178848,9.022440000000001,13.423781,4.401341394958495,0.09930089999999991,0.23666982,0.1373689235273362
6530,-0.0027479999999999727,0.19069181,0.19343981382656095,9.995280000000001,9.757032,-0.23824760559082137,14.622440000000001,13.423781,-1.198658605041505,0.13630089999999995,0.23666982,0.10036892352733617
6752,0.4248790000000001,0.1766309,-0.24824810068988812,14.211459999999999,14.57796,0.36650001434326285,18.91837,16.56804,-2.350329152221679,0.24892409999999998,0.29496685,0.04604274670448305
6753,0.20487900000000014,0.1766309,-0.028248100689888145,9.211459999999999,14.57796,5.366500014343263,16.91837,16.56804,-0.35032915222167915,0.37892410000000004,0.29496685,-0.08395725329551701
6755,-0.02512099999999995,0.1766309,0.20175189931011195,12.211459999999999,14.57796,2.366500014343263,14.71837,16.56804,1.8496708477783201,0.2789241,0.29496685,0.016042746704483024
6756,0.24487900000000007,0.1766309,-0.06824810068988807,29.21146,14.57796,-14.633499985656737,23.91837,16.56804,-7.350329152221679,0.5789241,0.29496685,-0.283957253295517
6757,0.4348790000000001,0.1766309,-0.2582481006898881,17.21146,14.57796,-2.633499985656737,20.71837,16.56804,-4.15032915222168,0.31892410000000004,0.29496685,-0.02395725329551701
6758,0.1548790000000001,0.1766309,0.0217518993101119,16.71146,14.57796,-2.133499985656737,18.21837,16.56804,-1.6503291522216799,0.2989241,0.29496685,-0.003957253295516994
6760,0.024879000000000095,0.1766309,0.1517518993101119,11.711459999999999,14.57796,2.866500014343263,13.41837,16.56804,3.149670847778321,0.21892410000000007,0.29496685,0.07604274670448297
6762,0.05487900000000012,0.1766309,0.12175189931011188,12.31146,14.57796,2.2665000143432614,11.21837,16.56804,5.34967084777832,0.10392410000000007,0.29496685,0.19104274670448296
6891,-0.0752130000000002,-0.06473649,0.010476507068157392,8.432690000000001,18.127834,9.695144320068358,8.211599999999997,8.6950865,0.4834864791870146,0.11239939999999993,0.11618569,0.003786287482357098
6892,-0.06521300000000019,-0.06473649,0.00047650706815738353,28.762690000000003,18.127834,-10.634855679931643,9.851599999999998,8.6950865,-1.156513520812986,0.14139940000000006,0.11618569,-0.02521371251764304
6919,0.09238699999999989,0.028882371,-0.063504628738284,8.40568,9.908062,1.5023819812011716,7.805150000000001,7.73757,-0.0675801910400402,0.027455999999999925,0.04604098,0.018584978282690123
6920,0.1123869999999999,0.028882371,-0.08350462873828401,6.705680000000001,9.908062,3.202381981201171,6.50515,7.73757,1.2324198089599605,0.0034560000000000146,0.04604098,0.042584978282690034
6921,0.12238699999999991,0.028882371,-0.09350462873828402,10.505680000000002,9.908062,-0.5976180187988298,9.40515,7.73757,-1.6675801910400398,0.024455999999999922,0.04604098,0.021584978282690126
7018,0.198005,0.057982843,-0.14002215663075446,11.089310000000001,6.731615,-4.357694933471681,11.917390000000001,7.3006887,-4.6167012564086924,0.14189190000000007,0.1148296,-0.02706230014266975
7019,0.15400499999999984,0.057982843,-0.09602215663075431,8.869309999999999,6.731615,-2.1376949334716784,11.217390000000002,7.3006887,-3.916701256408693,0.1988919,0.1148296,-0.08406230014266969
7022,0.010005000000000042,0.057982843,0.04797784336924549,2.139310000000002,6.731615,4.5923050665283185,4.607390000000002,7.3006887,2.6932987435913063,0.12489190000000006,0.1148296,-0.010062300142669733
7023,0.004005000000000036,0.057982843,0.05397784336924549,2.1193099999999987,6.731615,4.612305066528322,2.0973900000000008,7.3006887,5.203298743591308,0.01789190000000007,0.1148296,0.09693769985733025
7024,0.04500499999999996,0.057982843,0.012977843369245567,3.05931,6.731615,3.6723050665283203,4.307390000000002,7.3006887,2.993298743591307,0.0608919,0.1148296,0.05393769985733032
7135,0.052458000000000005,0.13091178,0.07845378238391876,19.98927,21.76378,1.774510593872069,18.55426,19.576511,1.0222513830566413,0.1795405,0.17720574,-0.0023347585945129312
7137,0.25945799999999997,0.13091178,-0.1285462176160812,25.98927,21.76378,-4.225489406127931,22.65426,19.576511,-3.07774861694336,0.21954050000000003,0.17720574,-0.04233475859451297
7145,-0.02778499999999995,0.1300531,0.15783810297012324,6.808349999999997,16.557951,9.749600973510745,4.14725,12.457496,8.31024568939209,-0.01073589999999991,0.17326215,0.1839980490955352
7146,0.042215000000000114,0.1300531,0.08783810297012318,7.698349999999998,16.557951,8.859600973510744,7.7272500000000015,12.457496,4.730245689392088,0.07726410000000006,0.17326215,0.09599804909553522
7147,0.07221500000000014,0.1300531,0.05783810297012315,9.628349999999998,16.557951,6.929600973510745,11.417250000000001,12.457496,1.0402456893920888,0.20026410000000006,0.17326215,-0.027001950904464778
7148,0.11221500000000006,0.1300531,0.017838102970123226,21.06835,16.557951,-4.510399026489257,17.457250000000002,12.457496,-4.999754310607912,0.27426410000000007,0.17326215,-0.10100195090446479
7149,0.1522150000000001,0.1300531,-0.02216189702987681,28.43835,16.557951,-11.880399026489258,20.277250000000002,12.457496,-7.819754310607912,0.32526410000000006,0.17326215,-0.15200195090446478
7150,0.33221500000000015,0.1300531,-0.20216189702987686,28.668349999999997,16.557951,-12.110399026489254,20.367250000000002,12.457496,-7.909754310607912,0.38726410000000006,0.17326215,-0.21400195090446478
7203,0.09221500000000005,0.020858826,-0.07135617388427262,17.83835,11.288855,-6.549495401000975,15.10725,9.210438,-5.896812225341797,0.19226410000000005,0.053898346,-0.13836575432095533
7204,0.08421500000000015,0.020858826,-0.06335617388427273,17.038349999999998,11.288855,-5.749495401000974,13.407250000000001,9.210438,-4.196812225341798,0.062264100000000044,0.053898346,-0.008365754320955321
7226,-0.07351200000000002,-0.012538156,0.060973844459176085,5.481820000000003,8.02479,2.5429698101806615,1.40644,4.952693,3.546252985534668,-0.05369219999999997,0.005426919,0.05911911908776757
7227,-0.08951200000000004,-0.012538156,0.0769738444591761,5.031820000000003,8.02479,2.9929698101806608,0.3064399999999985,4.952693,4.6462529855346695,-0.07169219999999998,0.005426919,0.07711911908776758
7480,0.09468699999999985,0.08012693,-0.014560073697090004,23.459100000000003,22.415972,-1.0431282440185576,20.52853,19.105255,-1.423274873046875,0.3218311,0.28222233,-0.039608769429779034
7481,0.07468699999999995,0.08012693,0.005439926302909903,25.1691,22.415972,-2.753128244018555,21.25853,19.105255,-2.1532748730468754,0.3348311,0.28222233,-0.052608769429779045
7482,0.06730300000000011,-0.018519554,-0.08582255428719532,20.00581,11.425253,-8.58055708557129,19.58326,9.838997,-9.744263112792968,0.2944346,0.081815995,-0.21261860472402572
7483,-0.032696999999999976,-0.018519554,0.01417744571280477,12.905810000000002,11.425253,-1.4805570855712915,10.08326,9.838997,-0.24426311279296797,0.014434599999999964,0.081815995,0.06738139527597431
7484,-0.012696999999999958,-0.018519554,-0.005822554287195247,10.20581,11.425253,1.2194429144287113,9.683259999999999,9.838997,0.15573688720703238,0.08443460000000003,0.081815995,-0.0026186047240257526
7487,-0.042696999999999985,-0.018519554,0.02417744571280478,11.20581,11.425253,0.21944291442871133,9.183259999999999,9.838997,0.6557368872070324,0.04443459999999999,0.081815995,0.03738139527597428
7489,-0.0026969999999999494,-0.018519554,-0.015822554287195256,9.805810000000001,11.425253,1.61944291442871,8.18326,9.838997,1.6557368872070306,0.024434599999999973,0.081815995,0.0573813952759743
7490,-0.032696999999999976,-0.018519554,0.01417744571280477,8.605810000000002,11.425253,2.819442914428709,7.083259999999999,9.838997,2.755736887207032,0.03443459999999998,0.081815995,0.04738139527597429
7498,0.074847,0.063768074,-0.011078926083564755,5.09113,6.3767657,1.2856357279968265,6.153739999999999,6.267235,0.11349480224609465,0.06595679999999993,0.038934372,-0.027022427634525226
7548,0.10630499999999998,0.118237995,0.011932994611263292,10.098029999999998,11.847559,1.7495289752197287,12.352540000000001,13.973163,1.6206226510620105,0.11033899999999996,0.1284824,0.018143401371002232
7550,0.136305,0.118237995,-0.018067005388736734,10.438029999999998,11.847559,1.4095289752197289,12.64254,13.973163,1.3306226510620114,0.09033900000000006,0.1284824,0.03814340137100214
7552,0.06630500000000006,0.118237995,0.05193299461126322,13.968029999999999,11.847559,-2.1204710247802723,15.34254,13.973163,-1.369377348937988,0.17033900000000002,0.1284824,-0.04185659862899782
7644,0.37889000000000006,0.26481667,-0.11407332839012152,10.965449999999999,11.406091,0.44064073638916135,15.82344,14.460929,-1.3625110830688474,0.30043050000000004,0.22790654,-0.07252395996379857
7645,0.29489,0.26481667,-0.030073328390121445,14.565449999999998,11.406091,-3.1593592636108383,15.77344,14.460929,-1.3125110830688484,0.21243049999999997,0.22790654,0.01547604003620151
7762,-0.03761300000000012,0.03246558,0.07007858085083973,7.435680000000001,9.09092,1.6552404483032213,3.8851499999999994,7.3753567,3.4902066741943365,-0.03254400000000013,0.044359583,0.07690358340764059
7763,-0.02761300000000011,0.03246558,0.060078580850839725,8.035680000000003,9.09092,1.0552404483032198,3.895150000000001,7.3753567,3.480206674194335,-0.06154400000000004,0.044359583,0.1059035834076405
7764,-0.03761300000000012,0.03246558,0.07007858085083973,7.985680000000002,9.09092,1.1052404483032205,3.815149999999999,7.3753567,3.560206674194337,-0.06654400000000005,0.044359583,0.1109035834076405
7766,-0.02761300000000011,0.03246558,0.060078580850839725,11.125680000000003,9.09092,-2.03475955169678,8.11515,7.3753567,-0.7397933258056639,0.04145599999999994,0.044359583,0.00290358340764052
7767,-0.02761300000000011,0.03246558,0.060078580850839725,17.95568,9.09092,-8.864759551696778,13.195150000000002,7.3753567,-5.819793325805666,0.07145599999999996,0.044359583,-0.027096416592359507
7768,-0.04761300000000013,0.03246558,0.08007858085083974,5.3456800000000015,9.09092,3.745240448303221,1.265150000000002,7.3753567,6.110206674194334,-0.08454399999999995,0.044359583,0.1289035834076404
7946,-0.09579500000000007,-0.052920647,0.04287435303449638,3.6104699999999994,4.507584,0.8971140950012213,1.0476099999999988,2.5943632,1.5467532125854504,0.0007224000000000119,0.052110814,0.05138841355810164
8023,0.04838699999999996,0.03246558,-0.015921419149160343,5.99568,9.09092,3.0952404483032225,7.78515,7.3753567,-0.40979332580566386,0.1314559999999999,0.044359583,-0.08709641659235945
8032,0.00044200000000005346,0.028886985,0.02844498503375048,7.178659999999997,8.387465,1.2088045233154325,7.678690000000001,10.672817,2.994127230224608,0.0050736000000000114,0.06542015,0.060346550756835926
8034,0.04044200000000009,0.028886985,-0.011555014966249555,9.298659999999998,8.387465,-0.9111954766845685,12.72869,10.672817,-2.055872769775391,0.10007359999999998,0.06542015,-0.03465344924316405
8057,0.0542450000000001,0.04431975,-0.009925251121521095,4.586269999999999,7.7356634,3.149393414001466,7.649840000000001,8.778441,1.1286014291381825,0.16017380000000003,0.13914256,-0.021031242021369967
8058,0.012959000000000165,0.0484922,0.03553320067262633,10.168589999999998,10.293313,0.12472302642822441,9.86852,11.387559,1.5190389370727537,0.06296540000000006,0.14263764,0.07967224023780817
8086,-0.030613,0.059867132,0.09048013245511055,6.105680000000003,9.073113,2.967433441467282,2.305150000000001,7.2932005,4.988050492858886,-0.06354400000000004,0.009468745,0.07301274544024472
8087,-0.014612999999999987,0.059867132,0.07448013245511054,6.705680000000001,9.073113,2.367433441467284,3.605150000000002,7.2932005,3.688050492858885,-0.03554400000000002,0.009468745,0.045012745440244695
8088,-0.023613000000000106,0.059867132,0.08348013245511066,6.105680000000003,9.073113,2.967433441467282,2.905149999999999,7.2932005,4.388050492858888,-0.04354400000000003,0.009468745,0.0530127454402447
8167,0.2214879999999999,0.1337636,-0.08772440358448019,8.641820000000003,9.711188,1.0693683163452121,11.51644,9.688635,-1.827805127563476,0.10030780000000006,0.04675599,-0.05355181184916502
8168,0.3414879999999999,0.1337636,-0.2077244035844802,9.041820000000001,9.711188,0.6693683163452135,13.01644,9.688635,-3.327805127563476,0.16330780000000011,0.04675599,-0.11655181184916508
8169,0.2214879999999999,0.1337636,-0.08772440358448019,12.641820000000003,9.711188,-2.930631683654788,12.51644,9.688635,-2.827805127563476,0.041307800000000006,0.04675599,0.005448188150835032
8177,-0.03899000000000008,0.012056932,0.05104693185329445,8.26493,11.4479,3.1829698184204105,5.796899999999999,7.8619485,2.065048490142823,0.019842499999999985,-0.04601432,-0.06585682010531424
8178,0.16101,0.012056932,-0.14895306814670561,23.96493,11.4479,-12.517030181579589,16.596899999999998,7.8619485,-8.734951509857176,-0.3101575,-0.04601432,0.2641431798946857
8179,0.06101000000000001,0.012056932,-0.048953068146705636,15.00493,11.4479,-3.5570301815795897,10.306899999999999,7.8619485,-2.4449515098571766,-0.07015749999999998,-0.04601432,0.02414317989468573
8181,-0.03899000000000008,0.012056932,0.05104693185329445,7.08493,11.4479,4.36296981842041,5.286899999999999,7.8619485,2.575048490142823,0.0398425,-0.04601432,-0.08585682010531426
8182,-0.03899000000000008,0.012056932,0.05104693185329445,7.124929999999999,11.4479,4.322969818420411,5.4169,7.8619485,2.445048490142822,0.0398425,-0.04601432,-0.08585682010531426
8199,-0.05008900000000005,0.03594495,0.08603394983553891,9.17586,9.033555,-0.14230496917724622,7.67356,8.968233,1.2946731085205077,0.08676649999999997,0.121244505,0.03447800504779819
8201,0.09991099999999997,0.03594495,-0.06396605016446111,10.69586,9.033555,-1.6623049691772458,12.54356,8.968233,-3.5753268914794916,0.21676649999999997,0.121244505,-0.09552199495220182
8247,0.002386999999999917,0.028882371,0.026495371261715972,9.105680000000003,9.908062,0.8023819812011688,6.805150000000001,7.73757,0.9324198089599598,0.016455999999999915,0.04604098,0.029584978282690133
8254,0.032386999999999944,0.028882371,-0.0035046287382840546,9.605680000000003,9.908062,0.30238198120116877,8.70515,7.73757,-0.9675801910400388,0.08145599999999997,0.04604098,-0.035415021717309925
8329,0.06221500000000013,0.013211794,-0.049003205802440775,6.3683499999999995,9.504966,3.136615782165528,7.907250000000001,6.4335947,-1.4736552963256848,0.11326410000000009,-0.0046091434,-0.11787324336144933
8330,-0.047784999999999966,0.013211794,0.06099679419755932,5.958349999999999,9.504966,3.546615782165528,6.207250000000002,6.4335947,0.22634470367431447,0.11226410000000009,-0.0046091434,-0.11687324336144933
8647,-0.015009999999999968,0.007161839,0.02217183893382546,10.32159,12.930568,2.6089777413940425,7.48508,9.694856,2.2097756900024415,0.019483599999999934,0.03637809,0.016894489338541097
8700,-0.09778500000000001,0.013211794,0.11099679419755937,7.898349999999997,9.504966,1.6066157821655302,3.6072500000000005,6.4335947,2.826344703674316,-0.02273589999999992,-0.0046091434,0.01812675663855068
8701,-0.09778500000000001,0.013211794,0.11099679419755937,6.958349999999999,9.504966,2.546615782165528,1.9072500000000012,6.4335947,4.526344703674315,-0.06373589999999985,-0.0046091434,0.059126756638550604
8755,0.06088300000000002,-0.0026368834,-0.06351988340783121,5.277709999999999,6.5212913,1.2435812559509287,6.316690000000001,7.007814,0.6911239305114734,0.0613556999999999,0.10212958,0.040773878590393164
8756,0.002215000000000078,0.015626702,0.013411702457666319,6.43835,8.811799,2.3734490493774416,3.497250000000001,6.419039,2.9217887725830067,-0.04773589999999994,0.016558826,0.06429472596969599
8757,-0.01778499999999994,0.015626702,0.03341170245766634,9.828349999999997,8.811799,-1.0165509506225554,6.567250000000001,6.419039,-0.14821122741699355,-0.007735899999999907,0.016558826,0.02429472596969595
8766,0.12303000000000008,0.101970755,-0.021059245436191643,17.38507,15.218624,-2.1664458850097645,16.80032,15.146709,-1.6536105578613274,0.15565819999999997,0.12231994,-0.03333826324768063
8767,0.09303000000000006,0.101970755,0.008940754563808384,16.48507,15.218624,-1.266445885009766,15.900319999999999,15.146709,-0.753610557861327,0.12565819999999994,0.12231994,-0.0033382632476806062
8768,0.08303000000000016,0.101970755,0.018940754563808282,15.285070000000001,15.218624,-0.06644588500976667,15.000319999999999,15.146709,0.14638944213867333,0.10565820000000004,0.12231994,0.0166617367523193
8769,0.07303000000000015,0.101970755,0.02894075456380829,14.48507,15.218624,0.733554114990234,14.30032,15.146709,0.8463894421386726,0.09565820000000003,0.12231994,0.02666173675231931
8773,0.08303000000000016,0.101970755,0.018940754563808282,14.68507,15.218624,0.5335541149902348,14.30032,15.146709,0.8463894421386726,0.09565820000000003,0.12231994,0.02666173675231931
8774,0.06303000000000014,0.101970755,0.0389407545638083,13.68507,15.218624,1.5335541149902348,13.400319999999999,15.146709,1.746389442138673,0.09565820000000003,0.12231994,0.02666173675231931
8775,0.09303000000000006,0.101970755,0.008940754563808384,14.98507,15.218624,0.23355411499023404,14.700319999999998,15.146709,0.44638944213867404,0.10565820000000004,0.12231994,0.0166617367523193
8819,-0.0717620000000001,-0.0762145,-0.004452499771594898,9.75629,7.993458,-1.7628322058105468,8.558089999999998,6.4002905,-2.157799510803221,0.08970110000000009,0.055459425,-0.0342416751466752
8831,0.03707080000000007,0.02049593,-0.016574869313407015,7.439170000000004,7.6182714,0.17910135086059142,8.10021,7.893312,-0.20689802261352597,0.10348449999999998,0.10194174,-0.0015427579970359595
8833,0.007070800000000044,0.02049593,0.013425130686593012,6.939170000000004,7.6182714,0.6791013508605914,7.340210000000001,7.893312,0.5531019773864738,0.10048450000000009,0.10194174,0.0014572420029639321
8849,-0.004813999999999874,-0.051668383,-0.04685438318109525,17.73925,14.543553,-3.1956966476440414,16.73725,13.976537,-2.7607132492065425,0.1379144,0.11724816,-0.02066623737277984
8850,-0.023217699999999897,-0.02290829,0.00030940915186394857,10.888630000000003,11.174443,0.28581324493407934,9.35089,9.634246,0.2833558724975589,0.06411140000000004,0.10115864,0.0370472412787437
8851,-0.027660999999999936,-0.0019421359,0.02571886414071911,10.336780000000001,11.007714,0.6709342715454092,8.704699999999999,10.15334,1.4486403396606455,0.04876780000000003,0.06859429,0.01982649180622098
8852,-0.010661000000000032,-0.0019421359,0.008718864140719207,11.746780000000001,11.007714,-0.739065728454591,10.3547,10.15334,-0.20135966033935482,0.05876780000000004,0.06859429,0.009826491806220972
8853,-0.04739899999999997,-0.010039831,0.03735916941964623,11.47148,11.337951,-0.13352929351806608,9.756269999999999,10.640377,0.8841070446777355,0.0933676,0.13821137,0.04484376951446534
9062,0.21238699999999988,0.10921717,-0.10316983309936512,25.805680000000002,18.163908,-7.64177199523926,19.80515,15.601868,-4.203282324218751,0.42145599999999994,0.26518086,-0.15627514401054377
9063,0.09238699999999989,0.10921717,0.01683016690063488,13.805680000000002,18.163908,4.35822800476074,12.10515,15.601868,3.49671767578125,0.10145599999999999,0.26518086,0.1637248559894562
9064,0.2223869999999999,0.10921717,-0.11316983309936512,23.405680000000004,18.163908,-5.241771995239262,18.40515,15.601868,-2.803282324218749,0.221456,0.26518086,0.04372485598945619
9065,0.09238699999999989,0.10921717,0.01683016690063488,13.605680000000001,18.163908,4.558228004760741,15.305150000000001,15.601868,0.29671767578124886,0.331456,0.26518086,-0.0662751440105438
9066,0.05238699999999996,0.10921717,0.056830166900634804,12.505680000000002,18.163908,5.6582280047607405,13.20515,15.601868,2.3967176757812503,0.23145599999999994,0.26518086,0.03372485598945624
9080,-0.03761300000000012,0.028882371,0.06649537126171601,6.525680000000001,9.908062,3.3823819812011706,5.3351500000000005,7.73757,2.4024198089599604,0.051455999999999946,0.04604098,-0.005415021717309898
9090,0.12148799999999993,-0.0077671423,-0.12925514226230972,13.471820000000003,8.693972,-4.77784836608887,13.72644,5.334768,-8.391672181549072,0.19930780000000003,-0.009339975,-0.20864777519314293
9093,0.012386999999999926,0.03246558,0.02007858085083969,12.645680000000002,9.09092,-3.5547595516967796,10.635150000000001,7.3753567,-3.2597933258056653,0.09645599999999999,0.044359583,-0.05209641659235953
9094,0.012386999999999926,0.03246558,0.02007858085083969,12.325680000000002,9.09092,-3.2347595516967793,9.645150000000001,7.3753567,-2.269793325805665,0.04345599999999994,0.044359583,0.000903583407640518
9097,-0.028512000000000093,-0.012538156,0.015973844459176156,7.221820000000001,8.02479,0.802969810180663,5.696439999999999,4.952693,-0.7437470144653311,0.04630780000000001,0.005426919,-0.04088088091223241
9099,-0.05851200000000012,-0.012538156,0.04597384445917618,5.671820000000004,8.02479,2.35296981018066,1.9864399999999982,4.952693,2.9662529855346698,-0.04369219999999996,0.005426919,0.04911911908776756
9100,-0.05851200000000012,-0.012538156,0.04597384445917618,6.641820000000003,8.02479,1.3829698101806613,3.0864399999999996,4.952693,1.8662529855346683,-0.03369219999999995,0.005426919,0.03911911908776755
9101,-0.04851200000000011,-0.012538156,0.035973844459176174,7.031820000000003,8.02479,0.9929698101806608,3.5964399999999976,4.952693,1.3562529855346703,-0.03169219999999995,0.005426919,0.03711911908776755
9106,-0.03761300000000012,-0.012086864,0.02552613637048018,6.33568,6.8224063,0.48672629196166994,1.8051500000000011,3.1527789,1.3476288639068592,-0.08854400000000007,-0.04615287,0.04239112889790542
9107,-0.057613000000000136,-0.012086864,0.0455261363704802,7.425680000000003,6.8224063,-0.6032737080383335,2.805150000000001,3.1527789,0.3476288639068592,-0.06854400000000005,-0.04615287,0.0223911288979054
9108,0.04238699999999995,-0.012086864,-0.05447386362951989,6.705680000000001,6.8224063,0.11672629196166895,4.305150000000001,3.1527789,-1.1523711360931408,-0.04854400000000003,-0.04615287,0.0023911288979053813
9109,0.002386999999999917,-0.012086864,-0.014473863629519856,6.505680000000002,6.8224063,0.31672629196166824,3.7051499999999997,3.1527789,-0.5523711360931394,-0.03854400000000002,-0.04615287,-0.007608871102094628
9110,-0.03761300000000012,-0.012086864,0.02552613637048018,6.505680000000002,6.8224063,0.31672629196166824,3.305150000000001,3.1527789,-0.1523711360931408,-0.028544000000000014,-0.04615287,-0.017608871102094636
9111,-0.0176130000000001,-0.012086864,0.005526136370480161,6.505680000000002,6.8224063,0.31672629196166824,3.2051499999999997,3.1527789,-0.05237113609313937,-0.04854400000000003,-0.04615287,0.0023911288979053813
9113,-0.04761300000000013,-0.012086864,0.03552613637048019,5.305680000000002,6.8224063,1.5167262919616675,0.7051499999999997,3.1527789,2.4476288639068606,-0.08854400000000007,-0.04615287,0.04239112889790542
9114,-0.06761300000000015,-0.012086864,0.055526136370480206,6.105680000000003,6.8224063,0.7167262919616668,1.5051500000000004,3.1527789,1.64762886390686,-0.06854400000000005,-0.04615287,0.0223911288979054
9138,-0.044613000000000014,-0.009779336,0.034833664069056525,6.235680000000002,7.2141995,0.9785195429992655,2.675150000000002,4.369343,1.694192803955076,-0.041544000000000025,-0.010130087,0.03141391308629515
9224,-0.0782830000000001,0.00019935038,0.07848235038289997,7.660720000000001,9.624393,1.9636734631347643,3.738900000000001,6.7662044,3.027304357147216,-0.024994799999999984,0.006586704,0.0315815039375007
9226,-0.048283000000000076,0.00019935038,0.04848235038289994,8.160720000000001,9.624393,1.4636734631347643,4.238899999999999,6.7662044,2.5273043571472176,-0.0449948,0.006586704,0.05158150393750072
9783,-0.057613000000000136,0.043755915,0.10136891501593603,7.305680000000002,8.234579,0.9288990863037085,2.5051500000000004,7.5297413,5.024591287231445,-0.07854400000000006,0.08335623,0.1619002314510346
9785,-0.11761299999999997,-0.05163032,0.06598268183517453,6.805680000000002,7.659982,0.8543022044372535,1.0051500000000004,4.04071,3.0355599723815914,-0.07854400000000006,-0.0062072235,0.07233677648404246
9787,-0.09761300000000017,0.043755915,0.14136891501593607,6.805680000000002,8.234579,1.4288990863037085,1.6051500000000019,7.5297413,5.9245912872314435,-0.06854400000000005,0.08335623,0.1519002314510346
9867,0.14238699999999993,0.028882371,-0.11350462873828404,11.72568,9.908062,-1.8176180187988287,10.03515,7.73757,-2.297580191040039,0.20145599999999997,0.04604098,-0.15541502171730992
9916,-0.06761300000000015,0.03246558,0.10007858085083976,5.33568,9.09092,3.7552404483032227,2.805150000000001,7.3753567,4.570206674194335,0.005456000000000016,0.044359583,0.03890358340764044
9918,-0.04761300000000013,0.03246558,0.08007858085083974,5.705680000000001,9.09092,3.3852404483032217,3.105150000000002,7.3753567,4.270206674194334,0.0014560000000000128,0.044359583,0.042903583407640444
9919,-0.03761300000000012,0.03246558,0.07007858085083973,5.285680000000003,9.09092,3.80524044830322,4.20515,7.3753567,3.170206674194336,0.04345599999999994,0.044359583,0.000903583407640518
9955,-0.08901000000000003,-0.030640695,0.058369304755926166,6.16159,8.784322,2.622731784973144,1.775079999999999,4.668838,2.893758024139405,-0.048516400000000015,0.009376481,0.057892881175422684
9956,-0.11600999999999995,-0.030640695,0.08536930475592608,7.261590000000002,8.784322,1.5227317849731428,2.2050800000000024,4.668838,2.463758024139402,-0.05051640000000013,0.009376481,0.059892881175422796
10212,-0.03761300000000012,0.028882371,0.06649537126171601,7.935680000000001,9.908062,1.9723819812011705,3.8451500000000003,7.73757,3.8924198089599606,-0.05554400000000004,0.04604098,0.10158497828269009
10237,-0.02761300000000011,0.028882371,0.056495371261716,8.185680000000001,9.908062,1.7223819812011705,5.03515,7.73757,2.702419808959961,-0.006543999999999994,0.04604098,0.05258497828269004
10243,-0.06761300000000015,0.028882371,0.09649537126171603,7.855680000000003,9.908062,2.0523819812011688,3.5451499999999996,7.73757,4.192419808959961,-0.04654400000000003,0.04604098,0.09258497828269008
10248,-0.06761300000000015,0.028882371,0.09649537126171603,7.855680000000003,9.908062,2.0523819812011688,3.5451499999999996,7.73757,4.192419808959961,-0.04654400000000003,0.04604098,0.09258497828269008
10596,0.13920299999999997,0.081703946,-0.05749905400562283,4.226890000000001,3.8774097,-0.34948030342102143,9.69497,7.8841095,-1.8108605029296871,0.20916060000000003,0.17070022,-0.03846037774620059
10597,0.16020299999999998,0.081703946,-0.07849905400562285,4.3768899999999995,3.8774097,-0.49948030342102,11.15497,7.8841095,-3.270860502929688,0.26916059999999997,0.17070022,-0.09846037774620053
10598,0.11620299999999995,0.081703946,-0.03449905400562281,3.7868899999999996,3.8774097,0.09051969657897985,7.76497,7.8841095,0.11913949707031257,0.13816060000000008,0.17070022,0.03253962225379936
10599,0.13920299999999997,0.081703946,-0.05749905400562283,3.8768899999999995,3.8774097,0.000519696578979989,8.77497,7.8841095,-0.8908605029296872,0.1691606,0.17070022,0.0015396222537994442
10600,-0.009797000000000056,0.081703946,0.09150094599437719,2.7768900000000016,3.8774097,1.1005196965789779,3.8249700000000004,7.8841095,4.059139497070312,0.07716059999999991,0.17070022,0.09353962225379953
10601,0.00020299999999995322,0.081703946,0.08150094599437718,3.046890000000001,3.8774097,0.8305196965789783,5.394970000000001,7.8841095,2.489139497070312,0.12916059999999996,0.17070022,0.04153962225379948
10602,0.00020299999999995322,0.081703946,0.08150094599437718,4.01689,3.8774097,-0.13948030342102058,6.02497,7.8841095,1.8591394970703128,0.12916059999999996,0.17070022,0.04153962225379948
10603,0.14020299999999997,0.081703946,-0.05849905400562283,4.986889999999999,3.8774097,-1.1094803034210194,11.00497,7.8841095,-3.1208605029296876,0.25916059999999996,0.17070022,-0.08846037774620052
10628,0.07325700000000013,0.05684347,-0.016413529217958578,10.961200000000003,9.642954,-1.3182461273193393,11.059470000000001,10.404299,-0.6551712176513682,0.12064750000000002,0.14830904,0.02766153708934782
10667,-0.07778499999999999,0.015626702,0.09341170245766639,6.238349999999997,8.811799,2.5734490493774445,1.5072500000000026,6.419039,4.911788772583005,-0.06773589999999996,0.016558826,0.084294725969696
10923,-0.00012699999999998823,-0.0025020405,-0.00237504047188164,3.0378700000000016,5.1365013,2.0986313122558578,3.4859299999999998,5.4145746,1.9286446231079104,0.08053949999999999,0.06354942,-0.016990078272342668
11012,-0.02761300000000011,0.056103323,0.08371632265496265,7.805680000000002,10.029114,2.2234337695312476,4.20515,9.359614,5.154464372253418,-0.03854400000000002,0.09419841,0.13274241319322588
11140,-0.08963300000000007,-0.024543233,0.0650897667841912,7.340070000000001,8.341536,1.001465568237304,3.934049999999999,7.1390057,3.204955661010743,0.0040840000000000876,0.08310314,0.07901914267873755
11141,-0.03963300000000003,-0.024543233,0.015089766784191161,7.6400700000000015,8.341536,0.7014655682373032,5.63405,7.1390057,1.504955661010742,0.04408400000000001,0.08310314,0.03901914267873763
11142,-0.06963300000000006,-0.024543233,0.04508976678419119,7.54007,8.341536,0.8014655682373046,6.13405,7.1390057,1.004955661010742,0.04408400000000001,0.08310314,0.03901914267873763
11143,-0.03963300000000003,-0.024543233,0.015089766784191161,7.840070000000001,8.341536,0.5014655682373039,7.73405,7.1390057,-0.5950443389892577,0.13408399999999998,0.08310314,-0.05098085732126234
11144,0.10036699999999998,-0.024543233,-0.12491023321580885,8.640070000000001,8.341536,-0.2985344317626968,13.23405,7.1390057,-6.095044338989258,0.28408400000000006,0.08310314,-0.20098085732126242
11236,-0.02761300000000011,0.026938874,0.054551874274492373,10.105680000000003,9.644756,-0.46092368286133123,6.805150000000001,8.9243555,2.1192055068969715,0.0014560000000000128,0.08760486,0.08614885798120497
11258,-0.031074999999999964,-0.042474497,-0.011399497109651602,4.4877199999999995,4.447042,-0.04067801162719675,4.945819999999998,5.173077,0.22725710647583242,0.08829010000000004,0.11077768,0.022487583556079827
11259,-0.031074999999999964,-0.042474497,-0.011399497109651602,4.637719999999998,4.447042,-0.19067801162719533,5.215819999999999,5.173077,-0.042742893524168935,0.09829009999999994,0.11077768,0.012487583556079929
11260,-0.031074999999999964,-0.042474497,-0.011399497109651602,4.53772,4.447042,-0.09067801162719746,6.015819999999998,5.173077,-0.8427428935241679,0.14829009999999998,0.11077768,-0.037512416443920116
11269,0.1522150000000001,0.015626702,-0.1365882975423337,17.63835,8.811799,-8.826550950622558,16.39725,6.419039,-9.978211227416992,0.2922641,0.016558826,-0.275705274030304
11270,0.13221500000000008,0.015626702,-0.11658829754233369,16.13835,8.811799,-7.326550950622558,14.437250000000002,6.419039,-8.018211227416995,0.16226410000000002,0.016558826,-0.14570527403030398
11271,0.08221500000000015,0.015626702,-0.06658829754233375,15.138349999999999,8.811799,-6.326550950622558,12.847250000000003,6.419039,-6.428211227416995,0.10226410000000008,0.016558826,-0.08570527403030404
11273,0.032215000000000105,0.015626702,-0.016588297542333708,13.338349999999998,8.811799,-4.526550950622557,10.43725,6.419039,-4.018211227416993,0.04226410000000003,0.016558826,-0.02570527403030398
11274,0.022215000000000096,0.015626702,-0.006588297542333699,11.238349999999997,8.811799,-2.4265509506225555,8.087250000000001,6.419039,-1.6682112274169931,-0.007735899999999907,0.016558826,0.02429472596969595
11275,0.08221500000000015,0.015626702,-0.06658829754233375,15.438349999999998,8.811799,-6.626550950622557,14.35725,6.419039,-7.938211227416993,0.21226410000000007,0.016558826,-0.19570527403030402
11312,0.05221500000000012,0.013211794,-0.039003205802440766,7.8683499999999995,9.504966,1.6366157821655278,6.747250000000001,6.4335947,-0.3136552963256847,0.02226410000000001,-0.0046091434,-0.02687324336144925
11313,0.07221500000000014,0.013211794,-0.059003205802440784,6.34835,9.504966,3.1566157821655274,6.177250000000001,6.4335947,0.2563447036743156,0.0122641,-0.0046091434,-0.01687324336144924
11397,-0.10716480000000006,-0.062172987,0.044991813432979644,6.7603100000000005,6.309186,-0.4511240182495122,2.82747,4.4707284,1.6432583973693848,-0.05968600000000002,-0.03506756,0.024618441711425798
11399,-0.005665999999999949,0.028501188,0.03416718838250632,12.34627,11.456497,-0.889772807617188,9.28789,9.16268,-0.12521032775878993,0.025034400000000012,0.014525314,-0.010509086138331902
11400,-0.003174999999999928,0.013679239,0.016854238967597412,3.362940000000002,5.3781424,2.0152023568725568,2.7921299999999984,4.873386,2.081255906219484,0.019739300000000015,0.03549794,0.01575864107675551
11733,0.07214300000000007,0.08976476,0.017621758944511345,10.011790000000001,10.0994425,0.0876524819946276,9.760409999999998,10.05604,0.2956298101806656,0.06292330000000002,0.09048691,0.02756360646886824
11736,0.03214300000000003,0.08976476,0.05762175894451138,10.191790000000001,10.0994425,-0.09234751800537211,9.27041,10.05604,0.785629810180664,0.0429233,0.09048691,0.04756360646886826
11737,0.08214299999999997,0.08976476,0.0076217589445114475,9.98179,10.0994425,0.11765248199462874,10.170409999999999,10.05604,-0.11437018981933456,0.07292330000000002,0.09048691,0.01756360646886823
11738,0.11214299999999999,0.08976476,-0.02237824105548858,9.721789999999999,10.0994425,0.3776524819946303,10.39041,10.05604,-0.3343701898193352,0.07292330000000002,0.09048691,0.01756360646886823
11739,0.03214300000000003,0.08976476,0.05762175894451138,10.191790000000001,10.0994425,-0.09234751800537211,9.27041,10.05604,0.785629810180664,0.0429233,0.09048691,0.04756360646886826
11740,0.07214300000000007,0.08976476,0.017621758944511345,9.46179,10.0994425,0.6376524819946283,9.31041,10.05604,0.7456298101806649,0.06292330000000002,0.09048691,0.02756360646886824
11741,0.08214299999999997,0.08976476,0.0076217589445114475,9.201789999999999,10.0994425,0.8976524819946299,9.98041,10.05604,0.07562981018066495,0.09292329999999993,0.09048691,-0.0024363935311316753
11765,0.03621500000000011,0.014763911,-0.02145108874529611,7.8683499999999995,7.537286,-0.33106419525146435,8.407250000000001,6.169963,-2.2372871170043958,0.11226410000000009,0.03967462,-0.07258947892460832
11773,-0.07377500000000015,0.048293196,0.1220681956648828,10.026040000000002,15.02248,4.996440010986326,7.631529999999998,14.686798,7.055268095703127,0.030508800000000003,0.14203253,0.11152373388404846
11800,-0.0330410000000001,-0.016947212,0.01609378830230246,7.41066,7.1882396,-0.22242042556762698,10.69454,10.047156,-0.6473836660766601,0.23754930000000007,0.19177186,-0.04577743510894783
11801,-0.008383999999999947,-0.017705753,-0.009321753445625358,6.91039,7.7429338,0.8325437501525883,8.588189999999999,9.325894,0.7377043557739267,0.1426423,0.17098017,0.028337870369148255
11802,-0.038383999999999974,-0.017705753,0.02067824655437467,6.91039,7.7429338,0.8325437501525883,7.9881899999999995,9.325894,1.3377043557739263,0.1326423,0.17098017,0.038337870369148264
11803,-0.068384,-0.017705753,0.050678246554374695,6.110389999999999,7.7429338,1.632543750152589,6.688189999999999,9.325894,2.637704355773927,0.12364229999999998,0.17098017,0.04733787036914827
11804,-0.028383999999999965,-0.017705753,0.01067824655437466,7.21039,7.7429338,0.5325437501525876,9.28819,9.325894,0.03770435577392561,0.17664230000000003,0.17098017,-0.0056621296308517755
11805,0.01161600000000007,-0.017705753,-0.029321753445625376,8.71039,7.7429338,-0.9674562498474124,12.28819,9.325894,-2.9622956442260744,0.2546423000000001,0.17098017,-0.08366212963085184
11981,0.07238699999999998,0.08044626,0.008059258187294027,13.175680000000002,11.4217615,-1.753918487243654,13.54515,12.09213,-1.4530202926635738,0.22845600000000005,0.18606767,-0.04238832941627507
11982,0.08238699999999999,0.08044626,-0.0019407418127059817,14.605680000000001,11.4217615,-3.1839184872436537,14.20515,12.09213,-2.113020292663574,0.26545599999999997,0.18606767,-0.079388329416275
12001,0.03315899999999994,0.13233633,0.09917733339405066,12.967910000000003,13.060787,0.092877200927731,16.3201,17.902826,1.5827263092041015,0.3273436000000001,0.38724682,0.05990321735038745
12002,0.04315899999999995,0.13233633,0.08917733339405065,13.667910000000003,13.060787,-0.6071227990722683,17.5601,17.902826,0.3427263092041031,0.37834360000000006,0.38724682,0.008903217350387516
12032,0.12238699999999991,0.08044626,-0.041940741812705906,11.40568,11.4217615,0.016081512756347394,12.215150000000001,12.09213,-0.1230202926635755,0.17145599999999994,0.18606767,0.014611670583725034
12033,0.1123869999999999,0.08044626,-0.0319407418127059,6.425680000000003,11.4217615,4.996081512756344,10.01515,12.09213,2.0769797073364256,0.18145599999999995,0.18606767,0.004611670583725025
12054,-0.008027000000000006,0.013892004,0.02191900426638127,11.822220000000002,13.112068,1.2898481762695297,8.515290000000002,9.9791975,1.4639075021362284,0.009383700000000106,0.029224958,0.019841258270788087
12055,-0.01693699999999998,-0.021554148,-0.004617147824645063,18.31426,15.514349,-2.7999110162353524,12.347019999999999,10.278508,-2.0685118136596667,-0.007008199999999909,-0.0063043474,0.0007038525780259652
12056,-0.062287800000000004,-0.02542353,0.03686426951079369,6.872430000000001,7.509066,0.6366361048889146,4.446389999999999,6.03749,1.591099891052247,0.010692499999999883,0.028338065,0.017645565370917438
12454,0.6049899999999999,0.07782517,-0.5271648337149619,19.72159,11.780815,-7.94077487548828,19.26508,9.468522,-9.796557928161622,0.42248359999999996,0.059681855,-0.3628017448578834
12455,0.27498999999999996,0.07782517,-0.19716483371496196,17.19159,11.780815,-5.410774875488283,18.19508,9.468522,-8.726557928161622,0.4554836,0.059681855,-0.39580174485788344
12499,-0.07901000000000002,0.07782517,0.15683516628503802,11.851590000000002,11.780815,-0.07077487548828287,8.05508,9.468522,1.4134420718383787,0.030483600000000055,0.059681855,0.02919825514211649
12501,-0.022010000000000085,0.07782517,0.09983516628503808,16.32159,11.780815,-4.540774875488282,11.28508,9.468522,-1.8165579281616218,-0.007516399999999979,0.059681855,0.06719825514211653
12639,0.3685139999999999,0.21538924,-0.15312476319217672,14.963110000000002,12.116716,-2.846393615112307,16.182830000000003,13.21041,-2.9724198818969754,0.23898579999999991,0.17975649,-0.0592293076236724
12640,0.3685139999999999,0.21538924,-0.15312476319217672,16.46311,12.116716,-4.346393615112305,15.882830000000002,13.21041,-2.6724198818969747,0.23898579999999991,0.17975649,-0.0592293076236724
12641,-0.007784999999999931,0.022938572,0.030723571870326927,10.238349999999997,8.950257,-1.2880926986694305,11.387250000000002,8.744949,-2.642300659179689,0.22226410000000008,0.06961808,-0.15264601646337517
12818,0.14238699999999993,0.043755915,-0.09863108498406403,7.205680000000001,8.234579,1.02889908630371,12.40515,7.5297413,-4.8754087127685555,0.273456,0.08335623,-0.19009976854896543
12820,0.006215000000000082,0.015626702,0.009411702457666316,6.488349999999997,8.811799,2.3234490493774445,5.007250000000001,6.419039,1.411788772583007,0.0122641,0.016558826,0.004294725969696045
12912,0.02049000000000012,-0.010937304,-0.031427304235994935,6.282160000000001,6.573981,0.29182080825805556,6.083500000000001,6.0859385,0.0024384536743156104,0.048228600000000066,0.0446337,-0.0035948985563278857
13148,-0.03778499999999996,0.015626702,0.053411702457666355,12.52835,8.811799,-3.7165509506225582,12.997250000000001,6.419039,-6.578211227416993,0.26726410000000006,0.016558826,-0.250705274030304
13200,0.33618000000000003,0.30457583,-0.03160416930198673,9.416830000000001,10.022717,0.6058874758911124,12.889339999999999,12.348185,-0.5411554144287098,0.24011690000000002,0.18585421,-0.054262688550376914
13202,0.26217999999999997,0.30457583,0.04239583069801334,8.47683,10.022717,1.5458874758911136,12.17934,12.348185,0.16884458557128923,0.1671169,0.18585421,0.018737311449623095
13203,0.3081800000000001,0.30457583,-0.003604169301986815,9.40683,10.022717,0.6158874758911139,12.17934,12.348185,0.16884458557128923,0.2071169,0.18585421,-0.021262688550376885
13205,0.2961800000000001,0.30457583,0.008395830698013196,11.99683,10.022717,-1.974112524108886,12.37934,12.348185,-0.03115541442871006,0.1451169,0.18585421,0.040737311449623115
13246,-0.04996500000000004,0.04488826,0.09485326170563702,10.0657,11.515905,1.4502053802490238,7.368500000000001,9.555398,2.1868979873657217,0.046205199999999946,0.11776777,0.07156257356863027
13310,0.08238699999999999,0.13904035,0.05665335091400148,26.56568,17.070364,-9.495316001586914,19.00515,13.954139,-5.051011244201661,0.061455999999999955,0.09350051,0.032044509858131454
13312,0.19238699999999997,0.13904035,-0.05334664908599851,16.77568,17.070364,0.2946839984130847,15.305150000000001,13.954139,-1.3510112442016613,0.18145599999999995,0.09350051,-0.08795549014186854
13411,-0.009613000000000094,0.03454367,0.04415667071390161,9.205680000000001,9.46548,0.259799850769042,8.50515,7.73422,-0.7709299720764164,-0.03854400000000002,0.006970327,0.04551432688185575
13412,0.035386999999999946,0.03454367,-0.0008433292860984265,10.205680000000001,9.46548,-0.740200149230958,7.20515,7.73422,0.5290700279235843,-0.018544000000000005,0.006970327,0.02551432688185573
13456,-0.03168099999999985,-0.011789371,0.01989162874048933,13.923570000000002,14.305398,0.3818279873657211,6.96186,8.331506,1.3696457754516604,-0.11187360000000002,-0.047711622,0.06416197803006174
13457,0.003319000000000072,-0.011789371,-0.015108371259510589,14.32357,14.305398,-0.01817201263427748,9.35186,8.331506,-1.0203542245483401,-0.0028736000000000317,-0.047711622,-0.044838021969938247
13458,0.0073190000000000754,-0.011789371,-0.019108371259510593,14.11357,14.305398,0.19182798736572337,9.00186,8.331506,-0.6703542245483405,-0.04487359999999996,-0.047711622,-0.0028380219699383202
13460,-0.0836809999999999,-0.011789371,0.07189162874048938,12.563570000000002,14.305398,1.7418279873657205,5.391860000000001,8.331506,2.939645775451659,-0.09387359999999989,-0.047711622,0.04616197803006161
13461,-0.04668099999999997,-0.011789371,0.034891628740489455,13.62357,14.305398,0.6818279873657218,7.251860000000001,8.331506,1.0796457754516595,-0.042873599999999956,-0.047711622,-0.004838021969938322
13464,-0.05568099999999987,-0.011789371,0.04389162874048935,18.60357,14.305398,-4.298172012634279,10.72186,8.331506,-2.3903542245483393,-0.1038735999999999,-0.047711622,0.05616197803006162
13500,-0.07701100000000016,-0.043056887,0.03395411335682885,5.6616,6.459623,0.798022859954834,4.678630000000002,5.778547,1.0999168101501446,0.06455220000000006,0.10537247,0.04082027359752649
13506,0.081488,0.06977291,-0.01171509339857102,7.041820000000001,10.54111,3.499290038757323,5.616439999999999,7.910348,2.2939079385375987,-0.028692199999999946,-0.018467221,0.010224978590917533
13507,0.11148799999999992,0.06977291,-0.041715093398570935,14.341820000000002,10.54111,-3.800709961242678,11.216439999999999,7.910348,-3.306092061462401,-0.0026922000000000335,-0.018467221,-0.01577502140908238
13917,0.0016650000000000276,0.012447464,0.010782464279830428,9.707340000000002,8.175773,-1.5315673330688497,16.0613,6.918486,-9.142813881683349,0.3153228,0.055358835,-0.2599639654353142
13918,-0.03733500000000012,0.012447464,0.049782464279830574,8.006340000000005,8.175773,0.16943266693114722,9.9613,6.918486,-3.042813881683349,0.14132280000000008,0.055358835,-0.08596396543531426
13919,-0.04433499999999979,0.012447464,0.05678246427983025,7.1973400000000005,8.175773,0.9784326669311518,4.561299999999999,6.918486,2.357186118316651,-0.002677199999999935,0.055358835,0.05803603456468576
14030,-0.0014199999999999768,0.002565897,0.0039858970698714025,11.15417,11.125016,-0.029153787536621678,9.649430000000002,9.759608,0.11017826873779057,0.027506600000000048,0.034032702,0.006526102445983839
14038,-0.0014199999999999768,0.002565897,0.0039858970698714025,11.15417,11.125016,-0.029153787536621678,9.649430000000002,9.759608,0.11017826873779057,0.027506600000000048,0.034032702,0.006526102445983839
14042,-0.0014199999999999768,0.002565897,0.0039858970698714025,11.15417,11.125016,-0.029153787536621678,9.649430000000002,9.759608,0.11017826873779057,0.027506600000000048,0.034032702,0.006526102445983839
14092,0.08162799999999992,0.07523416,-0.006393840172767562,4.74099,6.095478,1.354488057861328,6.13702,6.695504,0.558484188537598,0.049590800000000046,0.075653404,0.02606260399742122
14102,0.271717,0.22389758,-0.0478194236679077,6.360720000000001,8.111946,1.7512261059570307,14.838899999999999,12.717832,-2.121068388366698,0.3750052,0.32202506,-0.05298013934631346
14156,0.04011589999999998,0.11920104,0.07908514175806047,4.493789999999997,6.5979347,2.1041447229003936,5.065109999999999,5.156242,0.09113189376831166,0.05518109999999998,0.04730207,-0.00787902899489401
14222,0.04642499999999994,0.044814035,-0.001610964703559814,3.9513099999999994,6.9708233,3.0195132879638678,4.79749,6.4183626,1.620872617492676,0.052842899999999915,0.05115881,-0.0016840918282508
14298,-0.04761300000000013,0.028882371,0.07649537126171602,10.855680000000003,9.908062,-0.9476180187988312,5.905150000000001,7.73757,1.8324198089599602,-0.05854400000000004,0.04604098,0.10458497828269009
14299,-0.06761300000000015,0.028882371,0.09649537126171603,7.505680000000002,9.908062,2.40238198120117,2.0051500000000004,7.73757,5.7324198089599605,-0.09854400000000008,0.04604098,0.14458497828269012
14842,-0.04365400000000008,-0.00929134,0.03436266033434876,6.4251400000000025,8.599915,2.1747745507812475,5.555130000000002,6.4374633,0.8823332835388165,0.04789370000000004,0.056990467,0.00909676701192852
14981,0.06538699999999997,0.043755915,-0.021631084984064075,2.295680000000001,8.234579,5.93889908630371,9.03515,7.5297413,-1.5054087127685545,0.24845600000000007,0.08335623,-0.16509976854896552
15048,0.03638699999999995,0.03454367,-0.0018433292860984274,9.785680000000003,9.46548,-0.32020014923095985,8.67515,7.73422,-0.9409299720764164,0.0044559999999999045,0.006970327,0.0025143268818558218
15049,0.013387000000000038,0.03454367,0.021156670713901482,9.805680000000002,9.46548,-0.3402001492309594,7.135150000000001,7.73422,0.5990700279235828,0.0024559999999999027,0.006970327,0.0045143268818558235
15050,0.03838699999999995,0.03454367,-0.003843329286098429,10.105680000000003,9.46548,-0.6402001492309601,8.17515,7.73422,-0.4409299720764164,0.028456000000000037,0.006970327,-0.02148567311814431
15051,0.08938699999999988,0.03454367,-0.05484332928609836,9.88568,9.46548,-0.4202001492309577,7.385150000000001,7.73422,0.34907002792358277,0.00045600000000001195,0.006970327,0.006514326881855714
15052,0.03138699999999994,0.03454367,0.003156670713901577,9.81568,9.46548,-0.35020014923095744,7.42515,7.73422,0.3090700279235836,0.0034560000000000146,0.006970327,0.0035143268818557116
15094,-0.04814300000000005,-0.014061331,0.03408166918236022,8.716320000000003,9.735088,1.0187683483886687,7.351320000000001,8.990835,1.6395151898193348,0.047267599999999965,0.11532712,0.06805951982727054
15096,-0.04814300000000005,-0.014061331,0.03408166918236022,8.316320000000005,9.735088,1.4187683483886673,7.341320000000001,8.990835,1.6495151898193345,0.06726759999999998,0.11532712,0.048059519827270525
15097,0.19216200000000005,0.0472857,-0.14487630164575582,19.21571,12.366205,-6.8495047845459,16.382050000000003,9.13181,-7.250239811706546,0.21253600000000006,0.051770017,-0.1607659834489823
15098,-0.007838000000000012,0.0472857,0.055123698354244244,9.115710000000004,12.366205,3.250495215454098,5.082050000000002,9.13181,4.049760188293455,-0.05846399999999996,0.051770017,0.11023401655101772
15105,-0.00583800000000001,0.021064727,0.026902726635813723,8.115710000000004,9.954984,1.8392737112426722,6.082050000000002,7.3823867,1.3003366844177222,0.023536,0.01359024,-0.009945760080277921
15107,-0.010837999999999903,0.017385634,0.02822363366234293,9.115710000000004,10.5783825,1.4626724920654262,6.082050000000002,7.938139,1.8560889617919898,-0.006463999999999914,0.046929784,0.053393784119129095
15108,0.012162000000000006,-0.003254147,-0.01541614701364935,10.115710000000004,9.245902,-0.8698079385376012,7.782050000000002,5.901778,-1.8802717788696306,0.03153600000000001,0.008408296,-0.023127704078018674
15179,-0.008820999999999968,-0.020937523,-0.012116522873282465,3.33315,4.4109817,1.0778316551208498,3.6633700000000005,4.38343,0.7200600041198726,0.060435600000000034,0.07613162,0.015696019513034787
15180,-0.028820999999999986,-0.020937523,0.007883477126717553,2.6231500000000025,4.4109817,1.787831655120847,2.7833700000000015,4.38343,1.6000600041198716,0.05643560000000014,0.07613162,0.01969601951303468
15182,-0.028820999999999986,-0.020937523,0.007883477126717553,3.1231500000000025,4.4109817,1.287831655120847,3.933370000000002,4.38343,0.45006000411987124,0.08943560000000006,0.07613162,-0.013303980486965239
15183,-0.018820999999999977,-0.020937523,-0.002116522873282456,5.49315,4.4109817,-1.0821683448791504,6.133370000000001,4.38343,-1.749939995880128,0.11743560000000008,0.07613162,-0.041303980486965264
15184,-0.048821,-0.020937523,0.02788347712671757,4.83315,4.4109817,-0.4221683448791502,4.403370000000001,4.38343,-0.019939995880127626,0.07743560000000005,0.07613162,-0.0013039804869652283
15185,-0.048821,-0.020937523,0.02788347712671757,4.0131499999999996,4.4109817,0.39783165512085006,3.503370000000002,4.38343,0.880060004119871,0.05743560000000003,0.07613162,0.01869601951303479
15186,-0.048821,-0.020937523,0.02788347712671757,4.81315,4.4109817,-0.40216834487915065,4.713370000000001,4.38343,-0.3299399958801281,0.08743560000000006,0.07613162,-0.011303980486965237
15187,-0.048821,-0.020937523,0.02788347712671757,5.2631499999999996,4.4109817,-0.8521683448791499,5.2433700000000005,4.38343,-0.8599399958801275,0.09743560000000007,0.07613162,-0.021303980486965246
15189,0.01117900000000005,-0.020937523,-0.03211652287328248,3.9231499999999997,4.4109817,0.4878316551208499,5.323370000000001,4.38343,-0.9399399958801276,0.10743560000000008,0.07613162,-0.031303980486965255
15190,-0.018820999999999977,-0.020937523,-0.002116522873282456,4.65315,4.4109817,-0.2421683448791505,5.153370000000001,4.38343,-0.7699399958801276,0.09743560000000007,0.07613162,-0.021303980486965246
15191,-0.038820999999999994,-0.020937523,0.017883477126717562,4.17315,4.4109817,0.23783165512084992,3.423370000000002,4.38343,0.960060004119871,0.04743560000000002,0.07613162,0.0286960195130348
15194,0.01117900000000005,-0.020937523,-0.03211652287328248,3.9731500000000004,4.4109817,0.4378316551208492,5.393370000000001,4.38343,-1.0099399958801278,0.10743560000000008,0.07613162,-0.031303980486965255
15195,-0.008820999999999968,-0.020937523,-0.012116522873282465,3.453150000000001,4.4109817,0.9578316551208488,3.813370000000001,4.38343,0.5700600041198722,0.06743560000000004,0.07613162,0.00869601951303478
15196,-0.038820999999999994,-0.020937523,0.017883477126717562,3.393150000000002,4.4109817,1.0178316551208475,2.8233700000000006,4.38343,1.5600600041198724,0.04743560000000002,0.07613162,0.0286960195130348
15832,0.16282600000000003,0.249863,0.08703699872398374,16.43832,16.707907,0.26958672302246,13.98673,15.270599,1.2838693652343753,0.07779709999999995,0.1199292,0.04213210190095906
15833,0.142826,0.249863,0.10703699872398376,16.338320000000003,16.707907,0.3695867230224579,13.88673,15.270599,1.383869365234375,0.09779709999999997,0.1199292,0.022132101900959045
15834,0.252826,0.249863,-0.0029630012760162305,13.238320000000002,16.707907,3.4695867230224593,13.48673,15.270599,1.7838693652343753,0.09779709999999997,0.1199292,0.022132101900959045
15835,0.31282600000000005,0.249863,-0.06296300127601628,17.03832,16.707907,-0.33041327697753786,15.38673,15.270599,-0.11613063476562502,0.08779709999999996,0.1199292,0.032132101900959054
15836,0.30282600000000004,0.249863,-0.052963001276016275,18.838320000000003,16.707907,-2.130413276977542,16.28673,15.270599,-1.0161306347656236,0.09779709999999997,0.1199292,0.022132101900959045
15837,0.30282600000000004,0.249863,-0.052963001276016275,20.338320000000003,16.707907,-3.630413276977542,16.88673,15.270599,-1.616130634765625,0.09779709999999997,0.1199292,0.022132101900959045
15843,0.21282599999999996,0.249863,0.037036998723983805,13.63832,16.707907,3.0695867230224607,14.18673,15.270599,1.0838693652343743,0.1477970999999999,0.1199292,-0.02786789809904089
15844,0.262826,0.249863,-0.01296300127601624,15.13832,16.707907,1.5695867230224607,15.78673,15.270599,-0.5161306347656254,0.17779709999999993,0.1199292,-0.057867898099040915
15845,0.29282600000000003,0.249863,-0.042963001276016266,18.73832,16.707907,-2.0304132769775407,17.48673,15.270599,-2.2161306347656264,0.23779709999999998,0.1199292,-0.11786789809904097
15846,0.252826,0.249863,-0.0029630012760162305,18.73832,16.707907,-2.0304132769775407,16.48673,15.270599,-1.2161306347656264,0.10779709999999998,0.1199292,0.012132101900959036
16106,0.0015540000000000553,0.031266812,0.029712812235116903,8.90036,11.605237,2.704877007141114,5.6126000000000005,8.126825,2.514225332641601,-0.037971599999999994,-0.0043080836,0.03366351643968224
16107,0.0015540000000000553,0.031266812,0.029712812235116903,11.50036,11.605237,0.1048770071411127,7.6126000000000005,8.126825,0.5142253326416011,-0.037971599999999994,-0.0043080836,0.03366351643968224
16109,0.03155400000000008,0.031266812,-0.00028718776488312336,10.600360000000002,11.605237,1.0048770071411113,8.632600000000002,8.126825,-0.5057746673584003,0.019028400000000056,-0.0043080836,-0.02333648356031781
16140,-0.007784999999999931,-0.052744277,-0.04495927682161338,6.738349999999997,7.068163,0.32981291809082336,4.637250000000002,3.9826064,-0.654643589019777,0.002264100000000102,-0.008045902,-0.010310001544392211
16141,-0.007784999999999931,0.013211794,0.020996794197559288,4.788349999999998,9.504966,4.71661578216553,2.3972499999999997,6.4335947,4.036344703674317,-0.03773589999999993,-0.0046091434,0.03312675663855069
16142,0.002215000000000078,0.013211794,0.010996794197559279,5.658349999999999,9.504966,3.8466157821655287,4.2272500000000015,6.4335947,2.206344703674315,0.002264100000000102,-0.0046091434,-0.006873243361449344
16143,0.002215000000000078,0.013211794,0.010996794197559279,4.77835,9.504966,4.726615782165528,3.1472499999999997,6.4335947,3.2863447036743167,-0.007735899999999907,-0.0046091434,0.003126756638550665
16144,0.002215000000000078,0.013211794,0.010996794197559279,4.77835,9.504966,4.726615782165528,3.1472499999999997,6.4335947,3.2863447036743167,-0.007735899999999907,-0.0046091434,0.003126756638550665
16145,-0.007784999999999931,0.013211794,0.020996794197559288,4.788349999999998,9.504966,4.71661578216553,2.327250000000003,6.4335947,4.1063447036743135,-0.03773589999999993,-0.0046091434,0.03312675663855069
16147,0.002215000000000078,0.013211794,0.010996794197559279,5.18835,9.504966,4.3166157821655275,3.05725,6.4335947,3.3763447036743166,-0.027735899999999925,-0.0046091434,0.023126756638550683
16148,-0.007784999999999931,0.013211794,0.020996794197559288,4.798349999999999,9.504966,4.706615782165528,2.3472500000000025,6.4335947,4.086344703674314,-0.03773589999999993,-0.0046091434,0.03312675663855069
16346,0.012386999999999926,0.033620372,0.021233372414589002,6.505680000000002,9.274722,2.7690420993041975,6.805150000000001,7.833644,1.0284939132690418,0.09145599999999998,0.035051517,-0.05640448281145094
16355,0.022386999999999935,0.24364872,0.22126172276782996,12.505680000000002,15.9085,3.4028197177124007,11.50515,13.880959,2.375808557128906,0.14145599999999992,0.16699989,0.025543891400337304
16356,0.022386999999999935,0.24364872,0.22126172276782996,12.505680000000002,15.9085,3.4028197177124007,11.50515,13.880959,2.375808557128906,0.14145599999999992,0.16699989,0.025543891400337304
16357,0.07238699999999998,0.24364872,0.17126172276782992,12.005680000000002,15.9085,3.9028197177124007,11.50515,13.880959,2.375808557128906,0.14145599999999992,0.16699989,0.025543891400337304
16358,0.3723869999999999,0.24364872,-0.12873827723217002,13.005680000000002,15.9085,2.9028197177124007,15.50515,13.880959,-1.6241914428710942,0.19145599999999996,0.16699989,-0.02445610859966274
16360,0.822387,0.24364872,-0.5787382772321701,29.00568,15.9085,-13.0971802822876,20.50515,13.880959,-6.624191442871094,0.44145599999999996,0.16699989,-0.27445610859966274
16382,-0.057784999999999975,0.015626702,0.07341170245766637,6.388349999999999,8.811799,2.4234490493774423,2.9472500000000004,6.419039,3.4717887725830074,-0.027735899999999925,0.016558826,0.04429472596969597
16383,-0.06778499999999998,0.015626702,0.08341170245766638,6.218349999999997,8.811799,2.593449049377444,1.8872500000000016,6.419039,4.531788772583006,-0.05773589999999995,0.016558826,0.074294725969696
16384,-0.06778499999999998,0.015626702,0.08341170245766638,5.268349999999998,8.811799,3.5434490493774433,0.2872500000000002,6.419039,6.131788772583008,-0.08973589999999998,0.016558826,0.10629472596969602
16399,-0.012589300000000025,-0.029096892,-0.016507592103552793,7.345469999999999,7.810443,0.4649729244995129,6.052990000000001,6.446598,0.3936080529785144,0.03577780000000008,0.07648673,0.04070892908544532
16400,-0.04258930000000005,-0.029096892,0.013492407896447234,7.205470000000002,7.810443,0.6049729244995099,5.93299,6.446598,0.5136080529785154,0.0557778000000001,0.07648673,0.020708929085445305
16401,-0.03258930000000004,-0.029096892,0.003492407896447225,6.725470000000001,7.810443,1.0849729244995103,5.722990000000001,6.446598,0.7236080529785145,0.0557778000000001,0.07648673,0.020708929085445305
16402,-0.08258930000000009,-0.029096892,0.05349240789644727,7.165469999999999,7.810443,0.6449729244995126,5.36299,6.446598,1.0836080529785157,0.0557778000000001,0.07648673,0.020708929085445305
16403,-0.05125869999999999,0.042104367,0.09336306716675757,6.4666999999999994,8.978222,2.5115218933105474,5.704930000000001,7.673475,1.9685447886657705,0.09579910000000003,0.14802253,0.052223432463073705
16487,0.05927900000000008,0.05776453,-0.001514469818115316,7.8967600000000004,8.875364,0.9786043035888667,11.47757,11.963892,0.4863219830322265,0.26938680000000004,0.1995707,-0.06981609947376255
16540,-0.02723500000000012,-0.0062311143,0.021003885731697203,7.75046,7.562432,-0.1880281877136234,7.6053599999999975,8.95106,1.345700295104983,0.08608870000000002,0.13356914,0.047480436261939984
16541,-0.04823500000000003,-0.0062311143,0.04200388573169711,7.4104600000000005,7.562432,0.15197181228637646,6.675359999999998,8.95106,2.2757002951049827,0.0660887,0.13356914,0.06748043626194
16551,0.022386999999999935,0.073110536,0.05072353574085242,11.65568,13.937199,2.2815186389160154,8.40515,10.312774,1.9076237045288078,-0.05854400000000004,0.04654983,0.1050938305857182
16629,0.11544300000000007,0.084743306,-0.03069969395923622,6.32394,6.6157317,0.2917917161560055,9.718829999999999,9.593274,-0.12555588348388547,0.14842279999999997,0.13480036,-0.013622440393257107
16630,0.10144300000000006,0.084743306,-0.016699693959236206,6.123940000000001,6.6157317,0.4917917161560048,9.018829999999998,9.593274,0.5744441165161156,0.13842279999999996,0.13480036,-0.003622440393257098
16650,0.05253400000000008,0.054945394,0.0024113943967818408,10.846149999999998,11.164973,0.31882325897217,11.288349999999998,9.593361,-1.6949890991210914,0.16681619999999997,0.025981836,-0.14083436397905347
16654,0.002215000000000078,0.0011943763,-0.001020623734369952,7.958349999999999,10.604354,2.6460039047241217,6.397250000000001,9.836688,3.4394380416870103,0.04226410000000003,0.111418836,0.06915473581876752
16755,-0.0176130000000001,0.028882371,0.04649537126171599,8.805680000000002,9.908062,1.1023819812011695,6.405150000000001,7.73757,1.3324198089599602,0.03145599999999993,0.04604098,0.01458497828269012
16756,-0.007613000000000092,-0.007859048,-0.0002460484336017643,11.805680000000002,10.426324,-1.3793561093139672,9.805150000000001,7.62457,-2.1805801071167004,0.09145599999999998,0.026158908,-0.06529709161794184
16761,0.07763999999999993,0.08852484,0.010884840772152016,16.353350000000002,14.039058,-2.3142922683715845,16.680770000000003,15.556824,-1.1239462695312525,0.12271939999999992,0.13299729,0.010277889299964982
16762,0.08826400000000001,0.088058524,-0.00020547616624833065,8.05084,10.099265,2.0484250985717765,9.480569999999998,11.080157,1.5995872799682633,0.12744659999999997,0.12625211,-0.0011944852272033346
16763,0.20370399999999989,0.18617865,-0.017525345567703132,13.32169,13.140789,-0.18090096801757838,14.786100000000001,14.547586,-0.23851355895996207,0.20708840000000006,0.13387929,-0.07320911096897131
16861,-0.057613000000000136,0.03246558,0.09007858085083975,8.575680000000002,9.09092,0.5152404483032207,4.995150000000001,7.3753567,2.3802066741943353,-0.008543999999999996,0.044359583,0.05290358340764045
16893,-0.057613000000000136,0.027583275,0.08519627499032034,7.2156800000000025,9.78511,2.56943047363281,2.895150000000001,7.9799986,5.084848588562011,-0.04854400000000003,0.05252378,0.10106778061413768
17144,0.06851399999999996,0.03907096,-0.029443039865732157,9.263110000000001,8.38103,-0.8820799172973643,9.882830000000002,8.478412,-1.4044183255004903,0.10898579999999991,0.12556909,0.016583290247154325
17145,0.06851399999999996,0.03907096,-0.029443039865732157,9.363110000000002,8.38103,-0.9820799172973658,10.382830000000002,8.478412,-1.9044183255004903,0.13898579999999994,0.12556909,-0.013416709752845701
17146,0.10851399999999989,0.03907096,-0.06944303986573208,10.763110000000001,8.38103,-2.3820799172973643,11.882830000000002,8.478412,-3.4044183255004903,0.16898579999999996,0.12556909,-0.04341670975284573
17147,0.13851399999999991,0.03907096,-0.09944303986573211,12.263110000000001,8.38103,-3.8820799172973643,13.582830000000001,8.478412,-5.10441832550049,0.2189857999999999,0.12556909,-0.09341670975284566
17255,0.01638699999999993,0.03246558,0.016078580850839685,8.205680000000001,9.09092,0.8852404483032217,7.10515,7.3753567,0.27020667419433586,0.05345599999999995,0.044359583,-0.00909641659235949
17258,-0.0036130000000000884,0.03246558,0.0360785808508397,7.605680000000003,9.09092,1.4852404483032196,5.50515,7.3753567,1.8702066741943355,0.007455999999999907,0.044359583,0.03690358340764055
17259,0.024386999999999937,0.03246558,0.008078580850839678,18.60568,9.09092,-9.514759551696777,7.805150000000001,7.3753567,-0.4297933258056652,0.06645599999999996,0.044359583,-0.022096416592359502
17716,-0.028828000000000076,-0.031767372,-0.0029393720419406133,7.57076,7.3167834,-0.25397657180786126,4.408440000000002,4.745036,0.3365961251831031,-0.03592989999999996,-0.047715724,-0.011785823514556926
17768,0.02883199999999997,0.06601507,0.03718307216691974,13.28245,13.097118,-0.18533162231445388,14.54456,15.982838,1.4382776770019525,0.23287709999999995,0.27356106,0.04068396042861944
17769,0.08244399999999996,0.12264051,0.040196512883663216,22.99146,19.950792,-3.0406676873779297,21.34637,20.684671,-0.6616985980224612,0.22879779999999994,0.29308778,0.06428998047561651
17770,0.14180099999999995,0.1187518,-0.02304919844961162,18.17923,18.118172,-0.061058308105469195,20.27234,19.748161,-0.524178684082031,0.3519151,0.30157343,-0.05034167446861265
17869,0.332387,0.028882371,-0.3035046287382841,13.755680000000002,9.908062,-3.84761801879883,15.38515,7.73757,-7.6475801910400385,0.32545599999999997,0.04604098,-0.2794150217173099
17870,0.20238699999999998,0.028882371,-0.1735046287382841,12.74568,9.908062,-2.8376180187988282,12.97515,7.73757,-5.237580191040038,0.16945599999999994,0.04604098,-0.12341502171730989
17871,0.14238699999999993,0.028882371,-0.11350462873828404,9.235680000000002,9.908062,0.6723819812011698,11.70515,7.73757,-3.967580191040039,0.19045599999999996,0.04604098,-0.1444150217173099
17872,0.06238699999999997,0.028882371,-0.03350462873828408,8.675680000000003,9.908062,1.2323819812011685,7.09515,7.73757,0.6424198089599606,-0.009543999999999997,0.04604098,0.055584978282690045
17873,0.04238699999999995,0.028882371,-0.013504628738284064,8.705680000000001,9.908062,1.202381981201171,6.555150000000001,7.73757,1.1824198089599598,-0.009543999999999997,0.04604098,0.055584978282690045
17874,0.05238699999999996,0.028882371,-0.023504628738284072,8.095680000000002,9.908062,1.8123819812011703,6.305150000000001,7.73757,1.4324198089599598,-0.009543999999999997,0.04604098,0.055584978282690045
17875,-0.057613000000000136,0.028882371,0.08649537126171603,6.675680000000003,9.908062,3.2323819812011685,3.355150000000002,7.73757,4.382419808959959,-0.05054400000000003,0.04604098,0.09658497828269008
17886,0.08238699999999999,0.028882371,-0.0535046287382841,6.045680000000001,9.908062,3.862381981201171,8.65515,7.73757,-0.9175801910400398,0.15445599999999993,0.04604098,-0.10841502171730988
17888,-0.0176130000000001,0.028882371,0.04649537126171599,7.945680000000003,9.908062,1.962381981201169,2.815149999999999,7.73757,4.922419808959962,-0.05454400000000004,0.04604098,0.10058497828269009
17889,-0.03761300000000012,0.028882371,0.06649537126171601,6.935680000000001,9.908062,2.9723819812011705,1.765150000000002,7.73757,5.972419808959959,-0.06854400000000005,0.04604098,0.1145849782826901
17890,-0.057613000000000136,-0.05163032,0.005982681835174697,5.83568,7.659982,1.8243022044372559,3.4451500000000017,4.04071,0.5955599723815901,0.006455999999999906,-0.0062072235,-0.0126632235159575
18010,-0.1215885000000001,-0.075499415,0.046089084602356056,4.4962800000000005,5.7262316,1.2299515750122065,4.447769999999999,5.984091,1.5363208050537116,0.2022463,0.22610965,0.02386335371131898
18012,-0.11025920000000011,-0.11163146,-0.0013722604878424471,9.80107,9.209249,-0.5918214572143548,9.688480000000002,8.322769,-1.3657108349609395,0.21003019999999994,0.19817951,-0.011850686783981268
18013,-0.07761300000000015,0.043755915,0.12136891501593605,11.005680000000002,8.234579,-2.7711009136962907,6.70515,7.5297413,0.8245912872314456,-0.008543999999999996,0.08335623,0.09190023145103454
18064,0.24319900000000005,0.22276671,-0.02043228769207006,9.202200000000001,9.153282,-0.04891783447265752,11.37851,11.053489,-0.325021268615723,0.1828033,0.17180125,-0.011002045846748354
18065,0.2174060000000001,0.16684875,-0.05055725107765208,19.635419999999996,17.30735,-2.32806984130859,22.652050000000003,19.856926,-2.795124035644534,0.3120335000000001,0.2663255,-0.045707996412277296
18066,0.011300000000000088,0.06964465,0.05834465230703345,5.734930000000002,7.916401,2.181470909423826,5.584589999999999,8.109322,2.5247315942382826,0.052723500000000034,0.09822266,0.04549915803813931
18068,-0.00869999999999993,-0.003743185,0.0049568150367587105,6.784930000000003,6.6177983,-0.1671316716003446,6.51459,7.186301,0.6717112313842772,0.06272350000000004,0.07523426,0.012510756684780078
18069,0.031300000000000106,0.02659647,-0.004703530195355521,7.0949300000000015,7.3844547,0.28952472717285005,7.744589999999999,8.1970825,0.45249251953125125,0.08272350000000006,0.09467749,0.011953992976188599
18113,0.09931900000000005,0.027645783,-0.0716732165011168,13.32357,10.904807,-2.418762909240723,10.85186,8.788786,-2.063074065551758,0.014126400000000094,0.029965436,0.015839036086058522
18131,-0.08801000000000014,0.050766304,0.13877630413532271,7.241590000000002,10.194623,2.953032993469236,1.9550800000000024,7.6128144,5.657734426422117,-0.07651640000000004,0.03165958,0.10817598076715473
18133,0.09483520000000001,0.062046956,-0.03278824372906686,4.545310000000001,6.2620883,1.7167782987976068,4.38747,5.192005,0.8045351574707027,0.00031400000000003647,-0.027968125,-0.028282125417828596
18134,0.08993849999999992,0.070350245,-0.019588255358695905,10.15651,9.264927,-0.8915830895996102,8.46425,7.503407,-0.9608429985046385,0.02050989999999997,0.041473053,0.02096315339574817
18136,0.12098799999999998,0.007859933,-0.11312806680995224,8.40156,8.085998,-0.3155624185180663,8.894659999999998,6.7640676,-2.1305923501586896,0.08722530000000006,0.055544235,-0.03168106518774039
18166,0.11662500000000009,0.08042729,-0.03619771099090585,14.891109999999998,13.090465,-1.8006454080200172,18.15246,14.293064,-3.8593958825683607,0.4045896,0.2696102,-0.134979403647995
18171,0.013999000000000095,0.017245201,0.0032462013939618117,11.477609999999999,11.720903,0.24329339660644678,10.325389999999999,10.134502,-0.19088758911132686,0.06059910000000002,0.055999123,-0.004599977439975755
18172,0.013999000000000095,0.017245201,0.0032462013939618117,11.677610000000001,11.720903,0.043293396606443935,10.92539,10.134502,-0.7908875891113283,0.08059909999999992,0.055999123,-0.024599977439975662
18173,-0.02600099999999994,0.017245201,0.04324620139396185,10.87761,11.720903,0.8432933966064446,8.325389999999999,10.134502,1.8091124108886731,0.010599099999999972,0.055999123,0.04540002256002429
18174,0.013999000000000095,0.017245201,0.0032462013939618117,11.27761,11.720903,0.44329339660644607,9.42539,10.134502,0.7091124108886717,0.03059909999999999,0.055999123,0.02540002256002427
18175,0.17600300000000013,0.11113108,-0.06487192050504698,10.59808,6.1650543,-4.433025678710937,14.029720000000001,8.477397,-5.552323034973146,0.46269989999999994,0.24762511,-0.2150747874664306
18177,0.10600300000000007,0.11113108,0.005128079494953086,2.998079999999998,6.1650543,3.1669743212890644,6.40972,8.477397,2.0676769650268554,0.1526999,0.24762511,0.09492521253356934
18191,0.07698099999999997,0.07626126,-0.000719740384578671,15.224429999999998,12.22978,-2.9946498028564434,12.501209999999999,11.162984,-1.338226105651854,0.0384814,0.06720243,0.028721026493167878
18233,0.0014879999999999338,-0.0077671423,-0.009255142262309723,9.901820000000004,8.693972,-1.2078483660888715,5.716439999999999,5.334768,-0.3816721815490709,-0.05369219999999997,-0.009339975,0.04435222480685708
18235,0.03148799999999996,-0.0077671423,-0.03925514226230975,8.851820000000004,8.693972,-0.15784836608887076,5.616439999999999,5.334768,-0.28167218154907125,-0.04369219999999996,-0.009339975,0.03435222480685707
18358,0.3223218,0.30638093,-0.01594087243728637,16.41386,16.382275,-0.0315853723144528,16.14024,16.302456,0.1622159020996108,0.15182680000000004,0.15549515,0.0036683518774032198
18360,0.09738699999999989,0.20410012,0.1067131170873643,16.225680000000004,19.705837,3.4801572497558553,13.34515,16.763365,3.418214791870117,0.08145599999999997,0.23487663,0.15342063269042971
18361,0.332387,0.20410012,-0.1282868829126358,20.60568,19.705837,-0.8998427502441402,18.40515,16.763365,-1.6417852081298818,0.32145599999999996,0.23487663,-0.08657936730957028
18364,0.20238699999999998,0.20410012,0.0017131170873642132,19.70568,19.705837,0.00015724975585840184,17.105150000000002,16.763365,-0.34178520812988467,0.25145599999999996,0.23487663,-0.01657936730957027
18365,0.19238699999999997,0.20410012,0.011713117087364222,19.10568,19.705837,0.6001572497558598,16.50515,16.763365,0.25821479187011676,0.21145599999999998,0.23487663,0.02342063269042971
18366,0.20238699999999998,0.20410012,0.0017131170873642132,20.50568,19.705837,-0.7998427502441423,17.30515,16.763365,-0.541785208129884,0.25145599999999996,0.23487663,-0.01657936730957027
18367,0.21238699999999988,0.20410012,-0.008286882912635685,22.20568,19.705837,-2.4998427502441416,18.20515,16.763365,-1.4417852081298825,0.281456,0.23487663,-0.046579367309570296
18368,0.18538699999999986,0.20410012,0.01871311708736434,19.06568,19.705837,0.640157249755859,16.52515,16.763365,0.23821479187011718,0.21045599999999998,0.23487663,0.02442063269042971
18456,0.31199,0.050766304,-0.2612236958646774,15.421590000000002,10.194623,-5.226967006530764,16.08508,7.6128144,-8.472265573577882,0.24348359999999997,0.03165958,-0.21182401923284527
18457,0.05198999999999998,0.050766304,-0.0012236958646774099,10.721590000000003,10.194623,-0.5269670065307643,8.085080000000001,7.6128144,-0.47226557357788224,-0.006516399999999978,0.03165958,0.03817598076715467
18458,0.30199,0.050766304,-0.2512236958646774,20.921590000000002,10.194623,-10.726967006530764,17.98508,7.6128144,-10.37226557357788,0.2534836,0.03165958,-0.22182401923284528
18459,0.13198999999999994,0.050766304,-0.08122369586467737,15.521590000000002,10.194623,-5.326967006530763,12.48508,7.6128144,-4.872265573577881,0.10348360000000001,0.03165958,-0.07182401923284532
18548,-0.04830000000000001,-0.021455267,0.026844732555747042,9.92342,8.232224,-1.6911955355834962,3.321159999999999,6.7699122,3.4487522428894053,0.08136260000000006,0.11611845,0.03475585344305032
18591,0.032215000000000105,0.05475922,0.022544219288825884,6.708349999999999,8.190896,1.4825460342407233,4.807250000000002,5.8623295,1.055079483032225,-0.01973590000000003,-0.024540884,-0.00480498442027566
18593,-0.007784999999999931,0.05475922,0.06254421928882592,7.038349999999998,8.190896,1.152546034240725,3.707250000000002,5.8623295,2.1550794830322246,-0.049735899999999944,-0.024540884,0.025195015579724256
18897,0.16680000000000006,0.16223621,-0.004563786315918028,11.438210000000002,11.514357,0.07614661315917814,12.883309999999998,12.497457,-0.3858534494018535,0.1945831,0.16733651,-0.02724659136829377
18972,0.045600000000000085,0.024372155,-0.021227845153212632,11.082550000000001,11.457714,0.37516408081054564,12.354080000000002,11.861085,-0.4929950619506851,0.12870480000000006,0.11263665,-0.016068151881504122
18973,0.04060000000000008,0.024372155,-0.016227845153212628,10.062550000000002,11.457714,1.3951640808105452,11.31408,11.861085,0.5470049380493158,0.11470479999999994,0.11263665,-0.002068151881503999
18974,0.03160000000000007,0.024372155,-0.00722784515321262,9.832550000000001,11.457714,1.6251640808105456,10.074080000000002,11.861085,1.7870049380493143,0.07070480000000001,0.11263665,0.04193184811849593
18975,0.035600000000000076,0.024372155,-0.011227845153212623,9.992550000000001,11.457714,1.4651640808105455,10.404080000000002,11.861085,1.4570049380493142,0.07770479999999991,0.11263665,0.034931848118496034
19092,0.022386999999999935,-0.0050355797,-0.027422579670220548,13.715680000000003,12.884113,-0.8315666882324244,11.305150000000001,10.287296,-1.0178537048339855,0.09145599999999998,0.08393671,-0.0075192863640785035
19093,-0.06261300000000003,-0.0050355797,0.057577420329779416,13.445680000000001,12.884113,-0.5615666882324231,9.70515,10.287296,0.5821462951660159,0.051455999999999946,0.08393671,0.03248071363592153
19094,-0.04161300000000012,-0.0050355797,0.03657742032977951,13.305680000000002,12.884113,-0.42156668823242427,9.70515,10.287296,0.5821462951660159,0.051455999999999946,0.08393671,0.03248071363592153
19198,0.011009000000000047,-0.011855059,-0.022864059303343343,7.177890000000001,6.843341,-0.3345491262817397,7.068549999999998,6.539965,-0.5285848472595198,0.08476320000000004,0.037402514,-0.04736068563170437
19202,-0.003775000000000084,0.018970495,0.022745495089888657,16.696040000000004,12.745516,-3.9505241766357457,16.12153,13.038099,-3.0834307110595702,0.1615088,0.14536062,-0.016148181170272835
19244,-0.03878499999999985,0.017535925,0.05632092491149887,7.8783499999999975,7.319745,-0.5586049362182592,4.807250000000002,5.212163,0.40491297149658045,-0.011735900000000021,0.02333949,0.03507538947489264
19291,-0.07923600000000008,-0.030241951,0.048994048653602684,2.3797200000000025,3.088191,0.7084710324096655,-0.20638999999999896,1.214252,1.4206419950866689,-0.030698899999999973,0.015043688,0.04574258800669906
19342,0.006939600000000046,-0.044202805,-0.05114240456542973,11.826110000000002,11.323606,-0.5025044625854509,12.053180000000001,9.773244,-2.2799360958862316,0.39010999999999996,0.25066346,-0.13944654069900508
19344,-0.11306040000000006,-0.044202805,0.06885759543457037,10.526110000000001,11.323606,0.7974955374145498,7.85318,9.773244,1.9200639041137695,0.12010999999999994,0.25066346,0.13055345930099493
19346,0.021525999999999934,-0.044883363,-0.06640936294889443,13.160549999999999,10.852266,-2.308283688354491,13.2034,9.350031,-3.8533691009521487,0.3717889,0.18501566,-0.18677323649539945
19348,-0.06847400000000015,-0.044883363,0.023590637051105645,10.260549999999999,10.852266,0.5917163116455093,7.7034,9.350031,1.6466308990478513,0.11178889999999997,0.18501566,0.07322676350460056
19349,-0.08847400000000016,-0.044883363,0.04359063705110566,9.56055,10.852266,1.2917163116455086,6.9033999999999995,9.350031,2.446630899047852,0.08178890000000005,0.18501566,0.10322676350460047
19455,-0.04820599999999997,-0.041169196,0.007036803632736177,15.4158,10.422089,-4.993711376953126,12.249519999999999,8.355296,-3.894223865051268,0.013294299999999981,0.054861944,0.041567644168806095
19456,-0.05820599999999998,-0.041169196,0.017036803632736186,7.6158,10.422089,2.806288623046875,6.049519999999998,8.355296,2.305776134948733,0.0342943,0.054861944,0.020567644168806076
19467,-0.03778499999999996,0.013211794,0.050996794197559314,7.8683499999999995,9.504966,1.6366157821655278,4.847250000000001,6.4335947,1.5863447036743157,-0.007735899999999907,-0.0046091434,0.003126756638550665
19468,-0.07778499999999999,0.013211794,0.09099679419755935,7.678349999999998,9.504966,1.8266157821655291,2.247250000000001,6.4335947,4.186344703674315,-0.08773589999999998,-0.0046091434,0.08312675663855074
19551,0.00021500000000007624,0.014763911,0.014548911254703922,7.178349999999998,7.537286,0.3589358047485369,4.8572500000000005,6.169963,1.312712882995605,-0.00973590000000002,0.03967462,0.04941052107539179
19552,-0.007784999999999931,0.014763911,0.02254891125470393,7.538349999999998,7.537286,-0.0010641952514625075,5.207250000000002,6.169963,0.9627128829956035,0.002264100000000102,0.03967462,0.03741052107539167
19592,0.10985100000000003,0.020212166,-0.08963883398866657,12.987359999999999,11.879867,-1.1074933999633778,16.128130000000002,12.957454,-3.1706762722778343,0.1979033,0.12960391,-0.06829939253406525
19594,0.019851000000000063,0.020212166,0.00036116601133340254,12.637360000000001,11.879867,-0.7574933999633799,13.728130000000002,12.957454,-0.770676272277834,0.14690329999999996,0.12960391,-0.017299392534065205
19595,-0.010148999999999964,0.020212166,0.03036116601133343,11.62736,11.879867,0.2525066000366216,11.11813,12.957454,1.8393237277221672,0.0799032999999999,0.12960391,0.049700607465934854
19616,-0.008010000000000073,0.054520696,0.06253069640159614,7.221590000000003,9.96092,2.739330333862302,3.7850800000000007,7.446001,3.6609210528564446,-0.05451640000000002,0.0022526605,0.056769060458907505
19617,-0.008010000000000073,0.054520696,0.06253069640159614,4.121590000000001,9.96092,5.8393303338623035,1.0850800000000014,7.446001,6.360921052856444,-0.06551640000000003,0.0022526605,0.06776906045890752
19820,-0.007784999999999931,0.015626702,0.023411702457666328,9.558349999999997,8.811799,-0.7465509506225558,6.507250000000001,6.419039,-0.08821122741699305,-0.007735899999999907,0.016558826,0.02429472596969595
19827,0.3305867,0.1635851,-0.1670016034023285,16.26598,15.563803,-0.7021772808837881,17.0024,15.879111,-1.1232887100219742,0.4321154,0.37242684,-0.059688562317275984
19829,0.04058670000000009,0.1635851,0.12299839659767142,14.465979999999998,15.563803,1.0978227191162127,14.6024,15.879111,1.276711289978028,0.3321154,0.37242684,0.040311437682723994
19830,0.26058670000000006,0.1635851,-0.09700160340232855,15.865979999999999,15.563803,-0.3021772808837877,16.5024,15.879111,-0.6232887100219742,0.4021154,0.37242684,-0.029688562317276013
19831,0.02058670000000007,0.1635851,0.14299839659767144,14.165979999999998,15.563803,1.3978227191162134,14.5024,15.879111,1.3767112899780276,0.3421154,0.37242684,0.030311437682723985
19832,0.12058670000000005,0.1635851,0.04299839659767146,15.165979999999998,15.563803,0.39782271911621336,15.1024,15.879111,0.776711289978028,0.3221154,0.37242684,0.050311437682724
19833,0.18244399999999994,0.12264051,-0.05980348711633676,18.99146,19.950792,0.9593323126220703,20.746370000000002,20.684671,-0.06169859802246336,0.2987978,0.29308778,-0.005710019524383547
19834,0.1324439999999999,0.12264051,-0.009803487116336718,19.99146,19.950792,-0.040667687377929695,21.14637,20.684671,-0.46169859802246194,0.3187978,0.29308778,-0.025710019524383565
19835,0.02883199999999997,0.06601507,0.03718307216691974,13.28245,13.097118,-0.18533162231445388,14.54456,15.982838,1.4382776770019525,0.23287709999999995,0.27356106,0.04068396042861944
19837,0.12883199999999995,0.06601507,-0.06281692783308024,13.68245,13.097118,-0.5853316223144525,18.74456,15.982838,-2.7617223229980468,0.3528771,0.27356106,-0.07931603957138061
19839,0.1324439999999999,0.12264051,-0.009803487116336718,20.891460000000002,19.950792,-0.9406676873779318,21.64637,20.684671,-0.9616985980224619,0.3287978,0.29308778,-0.03571001952438352
19841,0.16180099999999997,0.1187518,-0.043049198449611636,19.37923,18.118172,-1.2610583081054685,20.572339999999997,19.748161,-0.8241786840820282,0.3219151,0.30157343,-0.02034167446861268
19843,0.027392000000000083,0.057159968,0.029767967720508492,11.94256,12.572587,0.6300270132446286,13.118670000000002,15.590496,2.4718260632324203,0.16386619999999996,0.2702037,0.106337509602356
19844,0.06739200000000012,0.057159968,-0.010232032279491543,11.742560000000001,12.572587,0.8300270132446279,17.61867,15.590496,-2.0281739367675797,0.3838662,0.2702037,-0.11366249039764403
19858,0.03698999999999997,0.044771124,0.007781123677492174,14.081590000000002,11.957111,-2.124478641357424,11.665080000000001,10.274413,-1.3906668911743179,0.0914836,0.06902804,-0.022455557743167875
19861,0.13698999999999995,0.044771124,-0.0922188763225078,14.06159,11.957111,-2.1044786413574226,13.27508,10.274413,-3.0006668911743173,0.14648359999999994,0.06902804,-0.07745555774316781
19914,0.274602,0.148992,-0.12560999798965455,12.0003,10.8091,-1.1911998489379876,16.577130000000004,14.256584,-2.320545832519535,0.21550750000000007,0.2145476,-0.0009598956775666023
19915,0.38466199999999995,0.21355376,-0.17110824352455134,13.29973,13.656956,0.35722571899414035,18.62511,16.451168,-2.173941939697265,0.21319050000000006,0.22294505,0.009754549405097901
19916,0.10460199999999997,0.148992,0.044390002010345486,11.860299999999999,10.8091,-1.051199848937987,13.547130000000001,14.256584,0.7094541674804677,0.16550750000000003,0.2145476,0.04904010432243344
19917,0.05460200000000004,0.148992,0.09439000201034542,10.770299999999999,10.8091,0.038800151062012844,12.997130000000002,14.256584,1.2594541674804667,0.19550750000000006,0.2145476,0.019040104322433415
19918,0.20460200000000006,0.148992,-0.0556099979896546,11.9603,10.8091,-1.1511998489379884,16.75713,14.256584,-2.5005458325195313,0.2755075,0.2145476,-0.060959895677566545
19919,0.19460200000000005,0.148992,-0.045609997989654594,11.8403,10.8091,-1.0311998489379874,17.12713,14.256584,-2.8705458325195323,0.31550750000000005,0.2145476,-0.10095989567756658
19920,0.05460200000000004,0.148992,0.09439000201034542,8.200299999999999,10.8091,2.608800151062013,10.39713,14.256584,3.859454167480468,0.21950749999999997,0.2145476,-0.004959895677566495
19921,0.039602000000000026,0.148992,0.10939000201034543,7.970300000000002,10.8091,2.83880015106201,10.05713,14.256584,4.199454167480468,0.1435075,0.2145476,0.07104010432243346
19928,0.07221500000000014,0.056110796,-0.016104204412698886,8.478349999999999,7.9693246,-0.5090254112243642,8.51725,7.4986234,-1.018626628875733,0.09126410000000007,0.07312442,-0.018139676376915048
19929,0.022215000000000096,0.056110796,0.03389579558730116,7.27835,7.9693246,0.6909745887756351,6.957250000000002,7.4986234,0.5413733711242656,0.07026410000000005,0.07312442,0.0028603236230849705
20127,6.000000000017103e-05,-0.007165323,-0.0072253230115773,8.103659999999998,7.5532055,-0.5504545098876932,7.350839999999998,8.040827,0.6899867974853535,0.05278970000000005,0.12173081,0.06894111189393992
20129,-0.009939999999999838,-0.007165323,0.0027746769884227085,7.59366,7.5532055,-0.04045450988769517,7.890839999999999,8.040827,0.1499867974853526,0.11278969999999999,0.12173081,0.00894111189393998
20131,-0.018939999999999957,-0.007165323,0.011774676988422828,7.813659999999999,7.5532055,-0.26045450988769403,8.20084,8.040827,-0.1600132025146479,0.1227897,0.12173081,-0.0010588881060600297
20132,0.049868000000000134,0.026279185,-0.0235888150327207,11.199940000000002,10.668568,-0.5313723425292984,12.994439999999999,11.573605,-1.4208354162597647,0.17442990000000003,0.15258074,-0.021849161932373073
20133,0.001060000000000061,-0.007165323,-0.00822532301157719,8.29366,7.5532055,-0.7404545098876945,8.62084,8.040827,-0.5800132025146478,0.1227897,0.12173081,-0.0010588881060600297
20134,-0.01193999999999984,-0.007165323,0.00477467698842271,8.173659999999998,7.5532055,-0.6204545098876935,7.640839999999999,8.040827,0.3999867974853526,0.07278970000000007,0.12173081,0.048941111893939904
20137,0.0040600000000000636,-0.007165323,-0.011225323011577193,8.32366,7.5532055,-0.7704545098876956,9.62084,8.040827,-1.5800132025146478,0.16278970000000004,0.12173081,-0.041058888106060065
20347,-0.03920199999999996,-0.014134547,0.025067453258156736,7.93967,9.012139,1.0724693203735356,7.769459999999999,8.147977,0.3785168753051771,0.07593260000000002,0.09882521,0.022892608842754347
20348,-0.03920199999999996,-0.014134547,0.025067453258156736,7.93967,9.012139,1.0724693203735356,8.06946,8.147977,0.07851687530517637,0.08793260000000003,0.09882521,0.010892608842754337
20371,0.081488,-0.012538156,-0.09402615554082394,11.241820000000004,8.02479,-3.21703018981934,15.116439999999999,4.952693,-10.163747014465331,0.39630780000000004,0.005426919,-0.39088088091223244
20448,0.002215000000000078,0.015626702,0.013411702457666319,8.43835,8.811799,0.3734490493774416,6.907250000000001,6.419039,-0.4882112274169934,0.03226410000000002,0.016558826,-0.015705274030303973
20449,-0.03778499999999996,0.015626702,0.053411702457666355,7.638349999999999,8.811799,1.1734490493774423,5.1072500000000005,6.419039,1.3117887725830073,0.0122641,0.016558826,0.004294725969696045
20456,-0.05698500000000006,-0.05021826,0.006766738221645419,5.447780000000002,6.8678207,1.4200407397460921,3.874769999999998,3.6370957,-0.23767431022643848,0.023006299999999924,0.027399221,0.004392921435189323
20459,-0.07121500000000003,-0.050082058,0.021132942285537748,3.3977000000000004,4.543714,1.146014046478271,0.01576999999999984,1.9702266,1.9544566454696657,-0.0007619000000000931,0.012518065,0.013279965050244424
20460,-0.07721500000000003,-0.050082058,0.027132942285537753,2.8176999999999985,4.543714,1.726014046478273,-0.38422999999999874,1.9702266,2.3544566454696643,-0.03076190000000001,0.012518065,0.04327996505024434
20461,-0.039215,-0.050082058,-0.01086705771446228,3.457699999999999,4.543714,1.0860140464782724,0.4757700000000007,1.9702266,1.4944566454696648,0.004238099999999911,0.012518065,0.00827996505024442
20462,-0.035214999999999996,-0.050082058,-0.014867057714462284,4.6777000000000015,4.543714,-0.13398595352173004,1.0057699999999983,1.9702266,0.9644566454696673,0.03823810000000005,0.012518065,-0.02572003494975572
20464,-0.05321500000000001,-0.050082058,0.003132942285537732,5.447700000000001,4.543714,-0.9039859535217296,3.4957700000000003,1.9702266,-1.5255433545303347,0.01423809999999992,0.012518065,-0.001720034949755589
20466,-0.06721500000000002,-0.050082058,0.017132942285537744,4.517700000000001,4.543714,0.026014046478270103,2.2457700000000003,1.9702266,-0.27554335453033474,-0.0007619000000000931,0.012518065,0.013279965050244424
20467,-0.07121500000000003,-0.050082058,0.021132942285537748,3.3977000000000004,4.543714,1.146014046478271,1.4057700000000004,1.9702266,0.5644566454696651,-0.0007619000000000931,0.012518065,0.013279965050244424
20468,-0.07721500000000003,-0.050082058,0.027132942285537753,2.8176999999999985,4.543714,1.726014046478273,0.11577000000000126,1.9702266,1.8544566454696643,-0.03076190000000001,0.012518065,0.04327996505024434
20469,-0.039215,-0.050082058,-0.01086705771446228,3.457699999999999,4.543714,1.0860140464782724,1.9657699999999991,1.9702266,0.004456645469666398,0.004238099999999911,0.012518065,0.00827996505024442
20470,-0.035214999999999996,-0.050082058,-0.014867057714462284,4.6777000000000015,4.543714,-0.13398595352173004,3.6557700000000004,1.9702266,-1.6855433545303349,0.03823810000000005,0.012518065,-0.02572003494975572
20471,-0.01821499999999987,-0.050082058,-0.03186705771446241,5.367699999999999,4.543714,-0.8239859535217278,5.17577,1.9702266,-3.2055433545303345,0.07523809999999997,0.012518065,-0.06272003494975564
20473,-0.05321500000000001,-0.050082058,0.003132942285537732,4.357700000000001,4.543714,0.18601404647827025,1.3657700000000013,1.9702266,0.6044566454696643,0.05023809999999995,0.012518065,-0.03772003494975562
20474,-0.058214999999999906,-0.050082058,0.008132942285537625,4.457699999999999,4.543714,0.08601404647827238,2.135769999999999,1.9702266,-0.16554335453033353,0.010238099999999917,0.012518065,0.0022799650502444146
20475,-0.057215000000000016,-0.050082058,0.007132942285537736,4.9277000000000015,4.543714,-0.38398595352173004,1.7157699999999991,1.9702266,0.2544566454696664,0.011238100000000029,0.012518065,0.0012799650502443027
20477,-0.0542149999999999,-0.050082058,0.004132942285537622,4.747700000000002,4.543714,-0.20398595352173032,1.1457699999999988,1.9702266,0.8244566454696667,-0.0007619000000000931,0.012518065,0.013279965050244424
20478,-0.057215000000000016,-0.050082058,0.007132942285537736,4.637699999999999,4.543714,-0.09398595352172734,1.555769999999999,1.9702266,0.41445664546966654,0.01323810000000003,0.012518065,-0.000720034949755699
20479,-0.05321500000000001,-0.050082058,0.003132942285537732,4.7377,4.543714,-0.19398595352172876,2.1957699999999996,1.9702266,-0.22554335453033403,0.006238100000000024,0.012518065,0.006279965050244307
20480,-0.058214999999999906,-0.050082058,0.008132942285537625,4.9177,4.543714,-0.3739859535217285,1.6957699999999996,1.9702266,0.27445664546966597,-0.002761900000000095,0.012518065,0.015279965050244426
20481,-0.057215000000000016,-0.050082058,0.007132942285537736,4.6677,4.543714,-0.12398595352172848,1.7957699999999992,1.9702266,0.17445664546966633,0.00023809999999990783,0.012518065,0.012279965050244424
20482,-0.05321500000000001,-0.050082058,0.003132942285537732,4.997700000000002,4.543714,-0.4539859535217303,2.41577,1.9702266,-0.44554335453033467,0.010238099999999917,0.012518065,0.0022799650502444146
20483,-0.05121500000000001,-0.050082058,0.0011329422855377302,5.247700000000002,4.543714,-0.7039859535217303,2.26577,1.9702266,-0.2955433545303343,-0.0037618999999999847,0.012518065,0.016279965050244316
20485,-0.057215000000000016,-0.050082058,0.007132942285537736,5.1777000000000015,4.543714,-0.63398595352173,1.8257700000000003,1.9702266,0.1444566454696652,0.0012381000000000197,0.012518065,0.011279965050244312
20506,-0.00828300000000004,0.00019935038,0.008482350382899906,8.960720000000002,9.624393,0.6636734631347636,5.5389,6.7662044,1.2273043571472169,-0.0449948,0.006586704,0.05158150393750072
20507,0.07171700000000003,0.00019935038,-0.07151764961710017,8.960720000000002,9.624393,0.6636734631347636,8.0389,6.7662044,-1.2726956428527831,0.04500519999999997,0.006586704,-0.03841849606249925
20508,0.0017169999999999686,0.00019935038,-0.001517649617100103,9.660720000000001,9.624393,-0.03632653686523568,6.6389,6.7662044,0.12730435714721722,-0.004994799999999966,0.006586704,0.011581503937500681
20511,-0.00828300000000004,0.00019935038,0.008482350382899906,8.76072,9.624393,0.8636734631347665,5.4389,6.7662044,1.3273043571472165,-0.024994799999999984,0.006586704,0.0315815039375007
20512,-0.03828300000000007,0.00019935038,0.03848235038289993,8.160720000000001,9.624393,1.4636734631347643,4.738899999999999,6.7662044,2.0273043571472176,-0.014994799999999975,0.006586704,0.02158150393750069
20513,-0.00828300000000004,0.00019935038,0.008482350382899906,10.160720000000001,9.624393,-0.5363265368652357,7.1389,6.7662044,-0.3726956428527828,0.005005200000000043,0.006586704,0.0015815039375006723
20514,-0.01828300000000005,0.00019935038,0.018482350382899915,10.460720000000002,9.624393,-0.8363265368652364,6.738899999999999,6.7662044,0.027304357147217573,-0.014994799999999975,0.006586704,0.02158150393750069
20515,-0.01828300000000005,0.00019935038,0.018482350382899915,10.960720000000002,9.624393,-1.3363265368652364,7.338899999999999,6.7662044,-0.5726956428527821,-0.004994799999999966,0.006586704,0.011581503937500681
20516,-0.01828300000000005,0.00019935038,0.018482350382899915,9.86072,9.624393,-0.23632653686523497,6.6389,6.7662044,0.12730435714721722,-0.004994799999999966,0.006586704,0.011581503937500681
20726,-0.09030999999999989,-0.042775203,0.04753479745745648,6.975769999999997,7.7713013,0.7955312695312529,2.147680000000001,4.866504,2.718824192352294,-0.05907969999999996,0.019455383,0.07853508260042663
20730,-0.09030999999999989,-0.042775203,0.04753479745745648,8.275769999999998,7.7713013,-0.5044687304687479,3.1676800000000007,4.866504,1.6988241923522942,-0.06207969999999985,0.019455383,0.08153508260042652
20787,0.07238699999999998,0.028882371,-0.04350462873828409,9.805680000000002,9.908062,0.10238198120116948,8.70515,7.73757,-0.9675801910400388,0.04145599999999994,0.04604098,0.004584978282690111
20797,0.16537299999999988,0.15082636,-0.014546635244369388,15.113229999999998,14.624265,-0.48896528289794716,16.23133,15.575679,-0.6556511746215818,0.1098519,0.113170035,0.0033181351834297157
20828,0.06369200000000008,0.15197618,0.08828418305683128,8.862210000000001,10.413951,1.5517409201049794,8.45159,10.726464,2.2748742715454107,0.06840489999999999,0.1139605,0.045555597081279764
20830,0.100692,0.15197618,0.051284183056831356,9.362210000000001,10.413951,1.0517409201049794,10.251589999999998,10.726464,0.47487427154541173,0.12840490000000004,0.1139605,-0.01444440291872029
20831,0.3036920000000001,0.15197618,-0.1517158169431687,13.362210000000001,10.413951,-2.9482590798950206,14.55159,10.726464,-3.825125728454589,0.16840489999999997,0.1139605,-0.054444402918720214
20850,0.045135999999999954,0.03295569,-0.012180308781623794,12.838170000000002,12.509854,-0.32831568328857585,14.01048,13.980726,-0.02975375793456969,0.1413118000000001,0.1389633,-0.00234850299053202
20870,-0.07888399999999995,-0.07297071,0.005913289305210068,4.708970000000001,5.914506,1.2055359585571281,0.7002500000000005,2.2170236,1.516773611068725,-0.06649400000000005,-0.015801262,0.05069273788952833
20873,-0.07888399999999995,-0.07297071,0.005913289305210068,5.288969999999999,5.914506,0.6255359585571298,1.2902500000000003,2.2170236,0.9267736110687252,-0.04849400000000004,-0.015801262,0.03269273788952831
20874,-0.07788400000000006,-0.07297071,0.004913289305210178,5.67897,5.914506,0.23553595855712928,2.000250000000001,2.2170236,0.2167736110687244,-0.032494000000000134,-0.015801262,0.01669273788952841
20889,0.04969000000000012,-0.00067202817,-0.05036202816717339,9.67577,8.989886,-0.6858837161254883,7.987680000000001,5.88533,-2.1023497998046885,0.021920300000000004,-0.013021997,-0.03494229717611075
20890,-0.050309999999999855,-0.00067202817,0.04963797183282659,8.555769999999999,8.989886,0.43411628387451273,4.127680000000002,5.88533,1.757650200195311,-0.058079699999999956,-0.013021997,0.04505770282388921
20891,-0.015309999999999935,-0.00067202817,0.014637971832826668,8.10577,8.989886,0.884116283874512,5.087680000000001,5.88533,0.7976502001953119,-0.022079699999999924,-0.013021997,0.00905770282388918
20910,0.021373000000000086,0.026712954,0.005339954044341955,5.603180000000002,6.6320415,1.0288614543151837,6.535700000000002,8.601301,2.0656011932373026,0.040985200000000055,0.11296736,0.07198215703945154
20911,0.05137300000000011,0.026712954,-0.024660045955658072,7.18318,6.6320415,-0.5511385456848146,9.6857,8.601301,-1.084398806762696,0.15098520000000004,0.11296736,-0.03801784296054844
20935,-0.006610000000000005,-0.004159593,0.0024504069766402292,4.164940000000001,6.2157483,2.05080831008911,4.508869999999998,6.595672,2.0868021305847186,0.06232340000000003,0.07846971,0.01614630856189725
21027,0.10821500000000006,0.014763911,-0.09345108874529606,7.068349999999999,7.537286,0.46893580474853636,8.137250000000002,6.169963,-1.9672871170043962,0.07226410000000005,0.03967462,-0.032589478924608284
21029,0.012215000000000087,0.014763911,0.0025489112547039117,7.038349999999998,7.537286,0.4989358047485375,4.3472500000000025,6.169963,1.822712882995603,-0.03773589999999993,0.03967462,0.0774105210753917
21060,-0.0176130000000001,0.073110536,0.09072353574085246,10.325680000000002,13.937199,3.6115186389160137,6.67515,10.312774,3.6376237045288082,-0.021544000000000008,0.04654983,0.06809383058571816
21157,-0.028512000000000093,0.1337636,0.1622755964155198,9.241820000000004,9.711188,0.4693683163452107,5.296439999999999,9.688635,4.392194872436525,-0.04369219999999996,0.04675599,0.090448188150835
21167,-0.08869900000000008,-0.02733383,0.06136517044806489,5.276620000000001,7.410742,2.1341218060302722,2.726200000000002,6.3759813,3.64978133087158,0.016723800000000066,0.070748016,0.05402421623821252
21168,-0.06869900000000007,-0.02733383,0.04136517044806487,8.006620000000002,7.410742,-0.5958781939697282,5.966200000000002,6.3759813,0.40978133087157964,0.059723799999999994,0.070748016,0.011024216238212592
21191,0.0025340000000000362,0.011202262,0.008668261783182585,7.186149999999998,8.849214,1.6630636001586936,5.388349999999999,6.6721063,1.2837562660217294,-0.06918380000000002,0.0089973295,0.0781811295107484
21192,0.14238699999999993,0.03246558,-0.10992141914916032,11.40568,9.09092,-2.3147595516967776,12.20515,7.3753567,-4.829793325805664,0.15145599999999992,0.044359583,-0.10709641659235947
21193,0.13238699999999992,0.03246558,-0.0999214191491603,10.605680000000003,9.09092,-1.5147595516967804,10.50515,7.3753567,-3.1297933258056645,0.08145599999999997,0.044359583,-0.037096416592359516
21214,0.012386999999999926,0.03246558,0.02007858085083969,6.90568,9.09092,2.1852404483032224,5.95515,7.3753567,1.4202066741943362,0.03145599999999993,0.044359583,0.012903583407640529
21316,-0.06251200000000012,-0.0077671423,0.05474485773769033,7.111820000000002,8.693972,1.5821516339111312,2.8464399999999976,5.334768,2.48832781845093,-0.05669219999999997,-0.009339975,0.04735222480685708
21319,-0.07951200000000003,-0.0077671423,0.07174485773769024,6.821820000000002,8.693972,1.8721516339111304,1.81644,5.334768,3.5183278184509277,-0.07869219999999999,-0.009339975,0.0693522248068571
21320,-0.07651200000000014,-0.0077671423,0.06874485773769035,6.261820000000004,8.693972,2.432151633911129,1.686440000000001,5.334768,3.6483278184509267,-0.06669219999999998,-0.009339975,0.05735222480685709
21321,-0.07251200000000013,-0.0077671423,0.06474485773769034,6.391820000000003,8.693972,2.30215163391113,1.7564399999999978,5.334768,3.57832781845093,-0.07069219999999998,-0.009339975,0.06135222480685709
21322,-0.07651200000000014,-0.0077671423,0.06874485773769035,7.181820000000002,8.693972,1.512151633911131,2.1264399999999988,5.334768,3.208327818450929,-0.08069219999999999,-0.009339975,0.0713522248068571
21345,-0.031843000000000066,-0.06061588,-0.028772878552198344,1.7864700000000013,4.6881495,2.9016794522094713,2.054759999999998,4.0988946,2.0441345960998554,0.056093200000000065,0.06507262,0.00897941842489236
21347,-0.09184300000000012,-0.06061588,0.03122712144780171,6.886469999999999,4.6881495,-2.1983205477905265,5.48476,4.0988946,-1.3858654039001461,0.06809320000000008,0.06507262,-0.0030205815751076504
21348,-0.0718430000000001,-0.06061588,0.011227121447801691,4.766470000000002,4.6881495,-0.0783205477905291,4.21476,4.0988946,-0.11586540390014655,0.07209320000000008,0.06507262,-0.007020581575107654
21349,-0.041843000000000075,-0.06061588,-0.018772878552198335,2.676470000000002,4.6881495,2.0116794522094708,2.6547599999999996,4.0988946,1.444134596099854,0.05409319999999995,0.06507262,0.010979418424892473
21351,-0.08184300000000011,-0.06061588,0.0212271214478017,6.996470000000002,4.6881495,-2.3083205477905295,5.5747599999999995,4.0988946,-1.475865403900146,0.05909319999999996,0.06507262,0.005979418424892469
21396,0.22109299999999998,0.21309124,-0.008001760666847213,18.196640000000002,15.000648,-3.1959924551391623,16.14937,13.945953,-2.203416630859376,0.1900231,0.17605034,-0.0139727648311615
21397,0.217395,0.15187696,-0.06551804377555848,13.36081,10.69887,-2.6619402947998054,15.50918,13.123003,-2.3861769940185553,0.2641566,0.19897771,-0.0651788911834717
21399,0.2106800000000001,0.21618368,0.005503677315711886,8.716399999999997,6.5679607,-2.1484392608642544,13.025250000000002,10.818724,-2.2065263214111344,0.2683918,0.24624471,-0.022147086335945143
21400,0.21094499999999994,0.24668576,0.035740758233070435,4.971860000000003,8.196426,3.2245663916015594,9.39506,11.632482,2.237421575012206,0.2319057,0.23270907,0.0008033650796890335
21401,0.32094500000000004,0.24668576,-0.07425924176692966,9.451860000000002,8.196426,-1.2554336083984392,13.055060000000001,11.632482,-1.422578424987794,0.2919057,0.23270907,-0.059196634920310964
21521,0.05140100000000003,0.075595215,0.02419421496295926,12.44652,10.308566,-2.1379539065551754,9.666570000000002,7.222542,-2.4440281909179706,0.05663830000000003,0.013020264,-0.043618036015200645
21524,0.04061500000000007,0.03907612,-0.001538880338668891,10.528690000000001,9.461799,-1.0668913320922861,7.86889,7.327838,-0.5410520559692387,0.05409549999999996,0.012740662,-0.04135483767855164
21525,-0.019930000000000003,0.032554023,0.0524840229678154,5.722109999999997,6.976424,1.254314217224124,3.2874300000000005,4.723977,1.4365470889282221,-0.029368599999999967,-0.0018202097,0.02754839033105072
21526,0.060975,0.045092635,-0.015882365143299104,7.18599,7.6048985,0.41890845275878874,5.810269999999999,6.0866055,0.2763355488586434,0.024944900000000048,0.002649992,-0.0222949079941005
21541,-0.03588900000000006,-0.04194373,-0.006054728923797548,10.36213,9.849925,-0.51220495880127,9.77854,8.930857,-0.8476832952880855,0.09059139999999999,0.06970542,-0.02088598075761794
21542,-0.05588900000000008,-0.04194373,0.01394527107620247,9.68213,9.849925,0.16779504119872968,8.70854,8.930857,0.22231670471191478,0.08059139999999998,0.06970542,-0.01088598075761793
21543,-0.05588900000000008,-0.04194373,0.01394527107620247,8.79213,9.849925,1.0577950411987302,7.498539999999998,8.930857,1.4323167047119156,0.05059139999999995,0.06970542,0.019114019242382096
21544,-0.03588900000000006,-0.04194373,-0.006054728923797548,10.11213,9.849925,-0.26220495880127004,9.54854,8.930857,-0.6176832952880851,0.08059139999999998,0.06970542,-0.01088598075761793
21545,-0.06588900000000009,-0.04194373,0.02394527107620248,9.302130000000002,9.849925,0.5477950411987287,7.48854,8.930857,1.4423167047119136,0.040591399999999944,0.06970542,0.029114019242382105
21546,-0.02588900000000005,-0.04194373,-0.016054728923797557,9.942130000000002,9.849925,-0.09220495880127189,9.38854,8.930857,-0.4576832952880867,0.07059139999999997,0.06970542,-0.0008859807576179213
21567,0.19313999999999998,0.13798301,-0.05515699078083036,16.58115,15.118708,-1.4624423431396494,13.638750000000002,12.508838,-1.129912300109865,0.03882269999999999,0.08474139,0.04591869124155046
21568,0.043139999999999956,0.13798301,0.09484300921916966,11.931149999999999,15.118708,3.1875576568603528,9.078750000000001,12.508838,3.4300876998901355,0.01882269999999997,0.08474139,0.06591869124155048
21570,0.17313999999999996,0.13798301,-0.035156990780830344,15.841149999999999,15.118708,-0.7224423431396474,14.028750000000002,12.508838,-1.5199123001098656,0.11882269999999995,0.08474139,-0.0340813087584495
21571,0.26313999999999993,0.13798301,-0.1251569907808303,18.531149999999997,15.118708,-3.412442343139645,16.76875,12.508838,-4.259912300109864,0.21882269999999998,0.08474139,-0.13408130875844954
21572,0.17313999999999996,0.13798301,-0.035156990780830344,17.19115,15.118708,-2.072442343139649,14.888750000000002,12.508838,-2.379912300109865,0.11882269999999995,0.08474139,-0.0340813087584495
21573,0.07313999999999998,0.13798301,0.06484300921916963,11.32115,15.118708,3.797557656860352,9.59875,12.508838,2.910087699890136,0.0488227,0.08474139,0.03591869124155045
21574,0.0031399999999999206,0.13798301,0.1348430092191697,9.96115,15.118708,5.157557656860352,5.298750000000002,12.508838,7.210087699890135,-0.0711773,0.08474139,0.15591869124155044
21575,0.18313999999999997,0.13798301,-0.04515699078083035,16.37115,15.118708,-1.2524423431396485,14.598750000000003,12.508838,-2.089912300109866,0.13882269999999997,0.08474139,-0.05408130875844952
21576,0.26313999999999993,0.13798301,-0.1251569907808303,20.531149999999997,15.118708,-5.412442343139645,17.558750000000003,12.508838,-5.049912300109867,0.2288227,0.08474139,-0.14408130875844954
21579,-0.04211930000000008,0.062948726,0.10506802611761101,1.4563799999999993,5.7877235,4.331343541259766,1.4218700000000002,6.5459566,5.124086611633301,0.04652119999999993,0.13248482,0.08596362346534736
21581,0.07788069999999991,0.062948726,-0.014931973882388982,6.356379999999998,5.7877235,-0.5686564587402323,7.85187,6.5459566,-1.3059133883666991,0.16652119999999992,0.13248482,-0.034036376534652635
21582,0.13788069999999997,0.062948726,-0.07493197388238904,7.686379999999998,5.7877235,-1.8986564587402324,9.371870000000001,6.5459566,-2.8259133883667005,0.19652119999999995,0.13248482,-0.06403637653465266
21640,0.205488,0.08784651,-0.11764148988771439,14.441820000000003,14.302955,-0.1388653262329136,14.91644,12.685184,-2.2312564749145505,0.24630780000000002,0.15085359,-0.09545421082286837
21642,0.025487999999999955,0.08784651,0.06235851011228566,13.741820000000002,14.302955,0.5611346737670875,11.716439999999999,12.685184,0.9687435250854506,0.11630780000000007,0.15085359,0.03454578917713158
21643,-0.007511999999999963,0.08784651,0.09535851011228558,14.641820000000003,14.302955,-0.3388653262329129,11.216439999999999,12.685184,1.4687435250854506,0.06630780000000003,0.15085359,0.08454578917713163
21644,-0.010512000000000077,0.08784651,0.09835851011228569,15.541820000000003,14.302955,-1.2388653262329132,11.01644,12.685184,1.6687435250854499,0.0063078000000000856,0.15085359,0.14454578917713157
21645,0.06348799999999999,0.08784651,0.024358510112285625,17.04182,14.302955,-2.7388653262329115,15.31644,12.685184,-2.631256474914551,0.25630780000000003,0.15085359,-0.10545421082286838
21646,0.18948799999999988,0.08784651,-0.10164148988771426,14.641820000000003,14.302955,-0.3388653262329129,15.01644,12.685184,-2.33125647491455,0.24630780000000002,0.15085359,-0.09545421082286837
21647,0.210488,0.08784651,-0.1226414898877144,17.441820000000003,14.302955,-3.1388653262329136,16.51644,12.685184,-3.83125647491455,0.2963078,0.15085359,-0.14545421082286836
21725,0.1522150000000001,0.013211794,-0.13900320580244074,17.07835,9.504966,-7.573384217834473,13.837250000000001,6.4335947,-7.4036552963256845,0.052264100000000036,-0.0046091434,-0.05687324336144928
21726,0.11221500000000006,0.013211794,-0.09900320580244071,16.278349999999996,9.504966,-6.773384217834469,13.527250000000002,6.4335947,-7.093655296325686,0.09226410000000007,-0.0046091434,-0.09687324336144931
21727,0.23221500000000006,0.013211794,-0.2190032058024407,15.368349999999998,9.504966,-5.86338421783447,13.617250000000002,6.4335947,-7.183655296325686,0.052264100000000036,-0.0046091434,-0.05687324336144928
21728,0.08221500000000015,0.013211794,-0.06900320580244079,10.52835,9.504966,-1.0233842178344723,9.587250000000001,6.4335947,-3.1536552963256845,0.062264100000000044,-0.0046091434,-0.06687324336144929
21729,0.012215000000000087,0.013211794,0.0009967941975592698,9.518349999999998,9.504966,-0.013384217834470746,6.267250000000001,6.4335947,0.16634470367431575,-0.03773589999999993,-0.0046091434,0.03312675663855069
21730,0.032215000000000105,0.013211794,-0.019003205802440748,8.68835,9.504966,0.8166157821655275,6.2272500000000015,6.4335947,0.2063447036743149,-0.017735899999999916,-0.0046091434,0.013126756638550674
21731,0.012215000000000087,0.013211794,0.0009967941975592698,8.588349999999998,9.504966,0.916615782165529,6.007250000000001,6.4335947,0.42634470367431554,-0.007735899999999907,-0.0046091434,0.003126756638550665
21732,-0.007784999999999931,0.013211794,0.020996794197559288,8.668349999999997,9.504966,0.8366157821655307,5.557250000000002,6.4335947,0.8763447036743148,-0.027735899999999925,-0.0046091434,0.023126756638550683
21735,0.21221500000000004,0.013211794,-0.19900320580244069,19.81835,9.504966,-10.313384217834471,15.21725,6.4335947,-8.783655296325684,-0.017735899999999916,-0.0046091434,0.013126756638550674
21736,0.21221500000000004,0.013211794,-0.19900320580244069,19.74835,9.504966,-10.243384217834471,14.547250000000002,6.4335947,-8.113655296325685,-0.09773589999999999,-0.0046091434,0.09312675663855075
21737,0.08221500000000015,0.013211794,-0.06900320580244079,17.448349999999998,9.504966,-7.9433842178344705,12.69725,6.4335947,-6.263655296325684,-0.027735899999999925,-0.0046091434,0.023126756638550683
21738,0.042215000000000114,0.013211794,-0.029003205802440757,15.108349999999998,9.504966,-5.603384217834471,10.747250000000001,6.4335947,-4.313655296325685,-0.027735899999999925,-0.0046091434,0.023126756638550683
21739,0.032215000000000105,0.013211794,-0.019003205802440748,11.908349999999999,9.504966,-2.4033842178344713,8.047250000000002,6.4335947,-1.6136552963256854,-0.04773589999999994,-0.0046091434,0.0431267566385507
21779,-0.07001000000000013,0.050766304,0.1207763041353227,7.657590000000003,10.194623,2.5370329934692357,4.98508,7.6128144,2.627734426422119,0.023483599999999938,0.03165958,0.008175980767154756
21816,0.1430530000000001,0.11062579,-0.03242721143054972,8.984370000000002,10.646151,1.6617805889892558,10.41232,11.110776,0.6984559475708014,0.026765299999999992,0.03476384,0.007998539095830925
22052,0.06238699999999997,0.027583275,-0.034803725009679765,9.935680000000001,9.78511,-0.1505695263671889,8.33515,7.9799986,-0.3551514114379888,0.026455999999999924,0.05252378,0.026067780614137726
22053,-0.0176130000000001,0.027583275,0.045196274990320306,7.635680000000001,9.78511,2.149430473632812,4.895150000000001,7.9799986,3.0848485885620107,-0.010544000000000109,0.05252378,0.06306778061413776
22070,-0.057784999999999975,0.015626702,0.07341170245766637,4.458349999999999,8.811799,4.353449049377442,0.5772500000000029,6.419039,5.841788772583005,-0.06773589999999996,0.016558826,0.084294725969696
22071,-0.02778499999999995,0.015626702,0.043411702457666346,4.708349999999999,8.811799,4.103449049377442,1.9072500000000012,6.419039,4.511788772583007,-0.03773589999999993,0.016558826,0.05429472596969598
22072,-0.02778499999999995,0.015626702,0.043411702457666346,5.448349999999998,8.811799,3.3634490493774436,2.957250000000002,6.419039,3.461788772583006,-0.017735899999999916,0.016558826,0.03429472596969596
22073,-0.02778499999999995,0.015626702,0.043411702457666346,5.6283499999999975,8.811799,3.183449049377444,2.7672500000000007,6.419039,3.651788772583007,-0.027735899999999925,0.016558826,0.04429472596969597
22074,-0.057784999999999975,0.015626702,0.07341170245766637,4.548349999999999,8.811799,4.263449049377442,0.7872500000000002,6.419039,5.631788772583008,-0.05773589999999995,0.016558826,0.074294725969696
22111,0.1093869999999999,0.059867132,-0.04951986754488935,11.185680000000001,9.073113,-2.1125665585327162,9.20515,7.2932005,-1.911949507141113,0.0014560000000000128,0.009468745,0.008012745440244662
22112,0.09738699999999989,0.059867132,-0.03751986754488934,9.965680000000003,9.073113,-0.8925665585327174,7.575150000000001,7.2932005,-0.281949507141114,-0.03854400000000002,0.009468745,0.0480127454402447
22113,0.1123869999999999,0.059867132,-0.052519867544889354,11.705680000000001,9.073113,-2.632566558532716,9.07515,7.2932005,-1.781949507141114,-0.03854400000000002,0.009468745,0.0480127454402447
22114,0.11938699999999991,0.059867132,-0.05951986754488936,11.805680000000002,9.073113,-2.7325665585327172,9.395150000000001,7.2932005,-2.1019495071411143,-0.028544000000000014,0.009468745,0.03801274544024469
22115,0.13238699999999992,0.059867132,-0.07251986754488937,12.435680000000001,9.073113,-3.3625665585327162,10.33515,7.2932005,-3.041949507141114,0.0014560000000000128,0.009468745,0.008012745440244662
22116,0.025386999999999937,0.059867132,0.03448013245511061,8.435680000000001,9.073113,0.6374334414672838,6.18515,7.2932005,1.1080504928588866,-0.008543999999999996,0.009468745,0.01801274544024467
22118,0.09938699999999989,0.059867132,-0.03951986754488934,10.185680000000001,9.073113,-1.1125665585327162,8.17515,7.2932005,-0.8819495071411136,-0.018544000000000005,0.009468745,0.02801274544024468
22120,0.025386999999999937,0.059867132,0.03448013245511061,8.435680000000001,9.073113,0.6374334414672838,6.18515,7.2932005,1.1080504928588866,-0.008543999999999996,0.009468745,0.01801274544024467
22121,0.023386999999999936,0.059867132,0.036480132455110614,9.075680000000002,9.073113,-0.0025665585327168117,6.665150000000001,7.2932005,0.6280504928588861,-0.008543999999999996,0.009468745,0.01801274544024467
22122,0.2423869999999999,0.059867132,-0.18251986754488936,10.90568,9.073113,-1.832566558532715,7.825150000000001,7.2932005,-0.531949507141114,-0.028544000000000014,0.009468745,0.03801274544024469
22181,0.07321500000000014,0.015626702,-0.057588297542333744,10.248349999999999,8.811799,-1.436550950622557,8.467250000000002,6.419039,-2.048211227416994,0.02226410000000001,0.016558826,-0.005705274030303964
22182,0.008215000000000083,0.015626702,0.007411702457666314,8.61835,8.811799,0.1934490493774419,4.647250000000001,6.419039,1.7717887725830064,-0.07773589999999997,0.016558826,0.09429472596969601
22183,0.018215000000000092,0.015626702,-0.002588297542333695,8.198349999999998,8.811799,0.6134490493774436,5.2272500000000015,6.419039,1.1917887725830063,-0.03773589999999993,0.016558826,0.05429472596969598
22184,0.033215000000000106,0.015626702,-0.01758829754233371,10.690349999999999,8.811799,-1.8785509506225573,7.927250000000001,6.419039,-1.508211227416993,0.002264100000000102,0.016558826,0.014294725969695943
22185,0.0282150000000001,0.015626702,-0.012588297542333704,9.056349999999998,8.811799,-0.24455095062255694,5.517250000000001,6.419039,0.9017887725830072,-0.05773589999999995,0.016558826,0.074294725969696
22186,0.033215000000000106,0.015626702,-0.01758829754233371,7.241349999999997,8.811799,1.5704490493774443,6.02725,6.419039,0.39178877258300737,0.02226410000000001,0.016558826,-0.005705274030303964
22187,0.06221500000000013,0.015626702,-0.046588297542333734,8.978349999999999,8.811799,-0.16655095062255754,8.18725,6.419039,-1.7682112274169928,0.062264100000000044,0.016558826,-0.045705274030304
22188,0.022215000000000096,0.015626702,-0.006588297542333699,7.768349999999998,8.811799,1.0434490493774433,5.157250000000001,6.419039,1.2617887725830066,-0.017735899999999916,0.016558826,0.03429472596969596
22189,0.022215000000000096,0.015626702,-0.006588297542333699,7.488349999999997,8.811799,1.3234490493774445,5.187250000000001,6.419039,1.2317887725830072,-0.007735899999999907,0.016558826,0.02429472596969595
22192,0.022213999999999956,0.029326193,0.007112193034648939,13.186860000000003,15.004377,1.8175173651123018,10.55787,11.8736925,1.3158225125122076,0.05469860000000004,0.029852245,-0.02484635499701504
22193,0.05221399999999998,0.029326193,-0.022887806965351087,18.686860000000003,15.004377,-3.6824826348876982,13.25787,11.8736925,-1.3841774874877935,0.014698600000000006,0.029852245,0.015153645002984995
22331,0.025202000000000058,0.013679066,-0.011522934258401452,7.936509999999998,9.14659,1.2100802328491227,10.0364,10.956132,0.9197319351196285,0.14513739999999997,0.16268918,0.01755177918205264
22332,0.025202000000000058,0.013679066,-0.011522934258401452,7.936509999999998,9.14659,1.2100802328491227,10.0364,10.956132,0.9197319351196285,0.14513739999999997,0.16268918,0.01755177918205264
22333,0.025202000000000058,0.013679066,-0.011522934258401452,7.936509999999998,9.14659,1.2100802328491227,10.0364,10.956132,0.9197319351196285,0.14513739999999997,0.16268918,0.01755177918205264
22418,0.06238699999999997,0.028882371,-0.03350462873828408,7.40568,9.908062,2.5023819812011716,5.905150000000001,7.73757,1.8324198089599602,-0.008543999999999996,0.04604098,0.054584978282690044
22487,-0.04631699999999994,-0.05207098,-0.005753979028940259,5.958660000000002,6.4666104,0.5079504316711407,9.058400000000002,8.610429,-0.44797118988037354,0.23238349999999997,0.17974885,-0.052634651919364894
22489,-0.08631699999999998,-0.05207098,0.034246020971059776,6.758659999999999,6.4666104,-0.2920495683288564,9.658400000000002,8.610429,-1.0479711898803732,0.2523835,0.17974885,-0.07263465191936491
22491,-0.016316999999999915,-0.05207098,-0.035753979028940286,7.85866,6.4666104,-1.3920495683288578,10.258400000000002,8.610429,-1.6479711898803728,0.21238350000000006,0.17974885,-0.03263465191936499
22502,0.11451500000000003,0.008083719,-0.10643128117114309,10.678439999999998,9.007134,-1.6713055624389632,14.24813,8.097278,-6.150852358703613,0.314724,0.108407356,-0.20631664415502549
22505,-0.07548500000000002,0.008083719,0.08356871882885697,6.228439999999999,9.007134,2.778694437561036,3.4881300000000017,8.097278,4.609147641296385,-0.015275999999999956,0.108407356,0.12368335584497447
22633,-0.09498000000000006,-0.08455084,0.010429157357215946,6.551690000000001,7.638961,1.0872708383178704,1.5366199999999992,3.699057,2.16243710220337,-0.06808219999999998,-0.0038975875,0.06418461246409712
22634,-0.10098000000000007,-0.08455084,0.01642915735721595,7.101690000000001,7.638961,0.5372708383178697,2.6866200000000013,3.699057,1.0124371022033678,-0.03608219999999995,-0.0038975875,0.032184612464097095
22636,-0.07098000000000004,-0.08455084,-0.013570842642784076,8.221690000000002,7.638961,-0.5827291616821313,6.39662,3.699057,-2.6975628977966313,0.06991780000000003,-0.0038975875,-0.07381538753590289
22679,0.06407600000000002,0.027996771,-0.03607922896242144,6.877839999999999,5.9986143,-0.8792256887817373,12.735679999999999,8.8672,-3.8684801022338853,0.07218659999999999,0.074726574,0.0025399741229057415
22680,-0.00592400000000004,0.027996771,0.03392077103757862,6.277839999999998,5.9986143,-0.2792256887817359,6.93568,8.8672,1.9315198977661137,0.07218659999999999,0.074726574,0.0025399741229057415
22681,-0.03592400000000007,0.027996771,0.06392077103757865,3.477839999999997,5.9986143,2.520774311218265,5.535679999999999,8.8672,3.331519897766114,0.032186600000000065,0.074726574,0.042539974122905666
23025,0.21315899999999988,0.13233633,-0.08082266660594928,12.027910000000002,13.060787,1.0328772009277323,18.850099999999998,17.902826,-0.9472736907958961,0.44534360000000006,0.38724682,-0.05809678264961249
23026,0.19315899999999997,0.13233633,-0.06082266660594937,12.907910000000005,13.060787,0.15287720092772972,18.8701,17.902826,-0.9672736907958992,0.42534360000000004,0.38724682,-0.03809678264961247
23058,-0.02761300000000011,0.03246558,0.060078580850839725,7.915680000000002,9.09092,1.1752404483032208,4.405149999999999,7.3753567,2.970206674194337,-0.04854400000000003,0.044359583,0.09290358340764049
23104,-0.05910499999999996,-0.0302343,0.028870700399875604,3.57723,3.8758996,0.29866955329895006,3.5110600000000005,3.9218044,0.4107444281005854,0.07304710000000003,0.073121004,7.390380659100249e-05
23105,-0.05910499999999996,-0.0302343,0.028870700399875604,4.027229999999999,3.8758996,-0.15133044670104923,2.87106,3.9218044,1.050744428100586,0.033047099999999996,0.073121004,0.04007390380659104
23106,-0.05910499999999996,-0.0302343,0.028870700399875604,4.027229999999999,3.8758996,-0.15133044670104923,2.87106,3.9218044,1.050744428100586,0.033047099999999996,0.073121004,0.04007390380659104
23107,-0.019104999999999928,-0.0302343,-0.011129299600124432,3.3372300000000017,3.8758996,0.5386695532989485,3.7510600000000025,3.9218044,0.17074442810058343,0.06304710000000002,0.073121004,0.010073903806591011
23108,-0.019104999999999928,-0.0302343,-0.011129299600124432,3.3372300000000017,3.8758996,0.5386695532989485,3.7510600000000025,3.9218044,0.17074442810058343,0.06304710000000002,0.073121004,0.010073903806591011
23109,-0.019104999999999928,-0.0302343,-0.011129299600124432,3.497230000000002,3.8758996,0.37866955329894836,4.831060000000001,3.9218044,-0.9092555718994149,0.10304709999999995,0.073121004,-0.029926096193408913
23139,0.1023869999999999,0.042339705,-0.06004729506921758,8.485680000000002,8.960789,0.4751087268066385,8.59515,7.413623,-1.1815271438598636,0.061455999999999955,0.03781487,-0.023641129523277238
23302,-0.09956500000000013,0.09986879,0.19943378931522382,7.203769999999999,11.301131,4.097361248474122,4.556880000000001,10.400015,5.843134877319335,0.051134800000000036,0.12053681,0.06940201164979931
23303,0.014434999999999976,0.09986879,0.08543378931522372,9.373769999999999,11.301131,1.9273612484741225,8.486880000000001,10.400015,1.9131348773193348,0.12113479999999999,0.12053681,-0.00059798835020064
23304,0.23743499999999995,0.09986879,-0.13756621068477626,11.42377,11.301131,-0.12263875152587822,11.326880000000001,10.400015,-0.926865122680665,0.10213479999999997,0.12053681,0.018402011649799377
23305,0.26143499999999986,0.09986879,-0.16156621068477617,13.00377,11.301131,-1.7026387515258783,13.37688,10.400015,-2.976865122680664,0.21513479999999996,0.12053681,-0.09459798835020061
23307,0.1347520000000001,0.15330197,0.01854996917057028,23.536230000000003,19.319912,-4.216318043212894,20.24323,15.96943,-4.273800030212403,0.20431639999999995,0.2024591,-0.0018573030914306177
23338,0.05221500000000012,0.014763911,-0.037451088745296124,7.138349999999999,7.537286,0.39893580474853607,6.1072500000000005,6.169963,0.06271288299560496,0.0122641,0.03967462,0.02741052107539177
23340,0.25337699999999996,0.23228388,-0.021093124653816187,7.034000000000001,6.7729025,-0.2610975112915046,9.8681,9.701571,-0.16652853546142588,0.2667578,0.26622635,-0.0005314487388610734
23341,0.1883769999999999,0.23228388,0.04390687534618387,4.033999999999999,6.7729025,2.738902488708497,7.568099999999999,9.701571,2.133471464538575,0.17675779999999996,0.26622635,0.08946855126113895
23342,0.19437700000000002,0.23228388,0.037906875346183755,3.1340000000000003,6.7729025,3.6389024887084958,6.9681,9.701571,2.7334714645385745,0.16375779999999995,0.26622635,0.10246855126113896
23343,0.24037699999999995,0.23228388,-0.008093124653816175,2.8339999999999996,6.7729025,3.9389024887084965,7.6681,9.701571,2.0334714645385743,0.19875779999999998,0.26622635,0.06746855126113893
23355,0.405377,0.23228388,-0.1730931246538162,13.334,6.7729025,-6.5610975112915035,13.168099999999999,9.701571,-3.466528535461425,0.3437578,0.26622635,-0.07753144873886109
23356,0.12537699999999996,0.23228388,0.10690687534618382,7.934000000000001,6.7729025,-1.161097511291505,10.9681,9.701571,-1.2665285354614255,0.3387578,0.26622635,-0.07253144873886108
23357,0.1853769999999999,0.23228388,0.046906875346183874,5.634,6.7729025,1.1389024887084958,10.0681,9.701571,-0.36652853546142516,0.3087578,0.26622635,-0.04253144873886111
23359,0.285377,0.23228388,-0.053093124653816215,10.134,6.7729025,-3.3610975112915042,11.9681,9.701571,-2.2665285354614255,0.3387578,0.26622635,-0.07253144873886108
23526,0.12715700000000008,0.10691909,-0.020237912530422286,7.41647,7.00946,-0.40701002761840854,10.21476,9.084432,-1.1303283517456055,0.16309320000000005,0.1397312,-0.02336200145072942
23646,0.2995052,0.26903865,-0.030466552586746243,9.35202,9.542861,0.19084098480224654,8.989729999999998,8.941228,-0.04850208709716597,0.06508250000000004,0.07672899,0.011646492164134936
23647,0.2895052,0.26903865,-0.020466552586746234,8.90202,9.542861,0.6408409848022458,8.369729999999999,8.941228,0.5714979129028332,0.055082500000000034,0.07672899,0.021646492164134945
23679,0.054643,0.04001393,-0.014629068308353421,4.84188,4.8330336,-0.008846438293456771,10.898890000000002,8.68136,-2.217529755249025,0.2975966,0.17376444,-0.1238321625629425
23680,0.0025079999999999547,-0.00095556414,-0.0034635641445330823,4.282170000000004,4.7112203,0.4290502644348102,4.037049999999999,4.5636773,0.5266273109436046,0.005777199999999927,0.03707923,0.03130202995090492
23681,0.035414999999999974,0.054055065,0.018640064916610743,5.395870000000002,4.2506633,-1.1452067195129416,2.4469600000000007,1.6157036,-0.8312564172363288,-0.045522300000000016,-0.048170164,-0.002647864227485641
23682,0.03423899999999991,0.054055065,0.01981606491661081,2.141490000000001,4.2506633,2.1091732804870595,-0.847900000000001,1.6157036,2.463603582763673,-0.09972800000000004,-0.048170164,0.05155783577251438
23685,0.11048000000000002,0.11507197,0.004591967244148232,13.32834,13.72567,0.397329860839843,5.893020000000002,6.209313,0.31629291580200025,-0.06188970000000005,-0.056667913,0.005221787248563814
24010,-0.10612900000000014,-0.0555186,0.05061039891028418,5.761879999999998,6.1952853,0.43340532028198453,0.8259000000000007,1.9962566,1.1703565898895256,-0.07200939999999989,-0.049593765,0.022415634711408505
24011,-0.08095200000000013,-0.038140185,0.04281181482267393,9.71708,8.839089,-0.8779906063842766,5.0513200000000005,5.216621,0.16530092208862257,-0.027748099999999942,-0.0042745797,0.023473520303642692
24012,-0.08095200000000013,-0.038140185,0.04281181482267393,9.22708,8.839089,-0.3879906063842782,3.9613200000000006,5.216621,1.2553009220886224,-0.05574809999999997,-0.0042745797,0.05147352030364272
24013,-0.06095200000000012,-0.038140185,0.022811814822673915,9.05708,8.839089,-0.21799060638427648,4.441320000000001,5.216621,0.775300922088622,-0.04474809999999996,-0.0042745797,0.04047352030364271
24126,0.07238699999999998,0.03246558,-0.039921419149160364,8.38568,9.09092,0.705240448303222,7.70515,7.3753567,-0.3297933258056638,0.04145599999999994,0.044359583,0.00290358340764052
24127,0.022386999999999935,0.03246558,0.01007858085083968,7.4756800000000005,9.09092,1.615240448303222,8.40515,7.3753567,-1.0297933258056648,0.1314559999999999,0.044359583,-0.08709641659235945
24128,0.0063869999999999205,0.03246558,0.026078580850839694,6.665680000000002,9.09092,2.425240448303221,6.60515,7.3753567,0.7702066741943359,0.08145599999999997,0.044359583,-0.037096416592359516
24129,0.002386999999999917,0.03246558,0.030078580850839698,6.265680000000003,9.09092,2.8252404483032194,5.50515,7.3753567,1.8702066741943355,0.04145599999999994,0.044359583,0.00290358340764052
24209,-0.07623600000000019,-0.035646703,0.04058929690575619,11.673869999999997,11.137544,-0.5363263217163059,8.162320000000001,9.380134,1.2178136288452137,0.03040010000000004,0.07828146,0.04788136219253536
24285,0.05906000000000011,0.07622316,0.017163157346248514,8.22617,8.710955,0.48478466613769555,10.707510000000001,11.13757,0.4300603811645498,0.13264829999999994,0.16792038,0.03527208083076483
24368,0.03420500000000004,0.03206182,-0.002143181012868922,1.1225800000000028,2.9112115,1.7886314906311007,3.5851100000000002,5.2545547,1.669444748535156,0.11778159999999993,0.12929334,0.01151173746433265
24369,0.021560000000000024,-0.047724765,-0.06928476479411128,9.41901,10.207041,0.788030786743164,6.7472400000000015,6.4919777,-0.25526230834961083,-0.011720999999999981,-0.02097182,-0.00925081975841524
24370,-0.06844000000000006,-0.047724765,0.020715235205888805,10.609010000000001,10.207041,-0.4019692132568373,8.86724,6.4919777,-2.37526230834961,0.06827899999999998,-0.02097182,-0.0892508197584152
24371,-0.06844000000000006,-0.047724765,0.020715235205888805,10.609010000000001,10.207041,-0.4019692132568373,5.417240000000001,6.4919777,1.0747376916503892,-0.04172100000000001,-0.02097182,0.020749180241584786
24372,-0.09844000000000008,-0.047724765,0.05071523520588883,8.70901,10.207041,1.4980307867431648,3.517240000000001,6.4919777,2.9747376916503896,-0.061721000000000026,-0.02097182,0.040749180241584804
24388,0.2219899999999999,0.050766304,-0.17122369586467734,13.32159,10.194623,-3.126967006530762,13.585080000000001,7.6128144,-5.972265573577882,0.14348359999999993,0.03165958,-0.11182401923284524
24389,0.15112800000000004,0.14143157,-0.009696429946899454,11.10161,9.921112,-1.1804979394531259,13.13899,11.810269,-1.328720644226074,0.15830339999999998,0.13142385,-0.02687955411281584
24390,0.13112800000000002,0.14143157,0.010303570053100564,8.30161,9.921112,1.6195020605468748,11.03899,11.810269,0.7712793557739257,0.12830339999999996,0.13142385,0.0031204458871841867
24391,0.24346899999999994,0.23155057,-0.011918425697326596,12.975609999999996,14.57729,1.601679581298832,8.44803,8.91173,0.46369981262207105,-0.03491660000000002,-0.03159371,0.00332288981590273
24465,-0.05436799999999997,0.008563604,0.06293160420584676,8.184450000000002,8.738263,0.5538131301879865,10.25235,11.003582,0.751232000732422,0.19939050000000003,0.19513899,-0.004251509120941188
24582,-0.057613000000000136,0.028882371,0.08649537126171603,7.33568,9.908062,2.572381981201172,3.3851499999999994,7.73757,4.3524198089599615,-0.040544000000000024,0.04604098,0.08658497828269007
24588,-0.057613000000000136,0.028882371,0.08649537126171603,7.33568,9.908062,2.572381981201172,3.3851499999999994,7.73757,4.3524198089599615,-0.040544000000000024,0.04604098,0.08658497828269007
24704,-0.0176130000000001,-0.023953097,-0.006340096941113371,6.605680000000003,7.3460846,0.7404045947265594,3.405149999999999,3.6703534,0.2652034126281748,-0.03854400000000002,-0.035396423,0.0031475768091678846
24705,-0.02761300000000011,-0.023953097,0.0036599030588866377,7.205680000000001,7.3460846,0.14040459472656153,3.2051499999999997,3.6703534,0.4652034126281741,-0.06854400000000005,-0.035396423,0.03314757680916791
24706,-0.04761300000000013,-0.023953097,0.023659903058886655,7.605680000000003,7.3460846,-0.2595954052734406,2.905149999999999,3.6703534,0.7652034126281748,-0.07854400000000006,-0.035396423,0.04314757680916792
24707,-0.03761300000000012,-0.023953097,0.013659903058886647,7.505680000000002,7.3460846,-0.15959540527343918,4.305150000000001,3.6703534,-0.6347965873718273,-0.018544000000000005,-0.035396423,-0.016852423190832133
24709,-0.04761300000000013,-0.023953097,0.023659903058886655,6.205680000000001,7.3460846,1.1404045947265615,2.805150000000001,3.6703534,0.8652034126281727,-0.028544000000000014,-0.035396423,-0.006852423190832124
24710,-0.057613000000000136,-0.023953097,0.033659903058886664,6.105680000000003,7.3460846,1.2404045947265594,2.605150000000002,3.6703534,1.065203412628172,-0.03854400000000002,-0.035396423,0.0031475768091678846
24713,-0.02761300000000011,-0.023953097,0.0036599030588866377,6.505680000000002,7.3460846,0.8404045947265608,2.805150000000001,3.6703534,0.8652034126281727,-0.05854400000000004,-0.035396423,0.023147576809167902
24714,-0.02761300000000011,-0.023953097,0.0036599030588866377,6.605680000000003,7.3460846,0.7404045947265594,2.605150000000002,3.6703534,1.065203412628172,-0.06854400000000005,-0.035396423,0.03314757680916791
24717,-0.057613000000000136,-0.023953097,0.033659903058886664,6.205680000000001,7.3460846,1.1404045947265615,1.8051500000000011,3.6703534,1.8652034126281727,-0.06854400000000005,-0.035396423,0.03314757680916791
24969,-0.03778499999999996,0.015626702,0.053411702457666355,8.588349999999998,8.811799,0.22344904937744303,6.917250000000001,6.419039,-0.4982112274169932,0.062264100000000044,0.016558826,-0.045705274030304
24986,0.0018689999999998985,0.01300028,0.011131279664993388,12.554590000000005,14.780723,2.2261326181030228,16.652449999999998,15.548021,-1.1044286834716779,-0.04840769999999994,-0.12950832,-0.08110061651687628
24988,0.0018689999999998985,0.01300028,0.011131279664993388,17.154590000000006,14.780723,-2.3738673818969787,16.652449999999998,15.548021,-1.1044286834716779,-0.2384077,-0.12950832,0.10889938348312378
24990,0.06186899999999995,0.01300028,-0.048868720335006666,16.954590000000003,14.780723,-2.173867381896976,16.652449999999998,15.548021,-1.1044286834716779,-0.17840769999999995,-0.12950832,0.048899383483123726
25161,0.12238699999999991,0.089849524,-0.0325374758000373,8.90568,9.882155,0.9764754183959958,9.50515,9.326112,-0.17903820648193403,0.10145599999999999,0.07716905,-0.024286946743488302
25162,0.12238699999999991,0.089849524,-0.0325374758000373,8.705680000000001,9.882155,1.1764754183959951,8.50515,9.326112,0.820961793518066,0.051455999999999946,0.07716905,0.025713053256511742
25230,0.1285139999999999,0.21538924,0.08687523680782328,8.763110000000001,12.116716,3.3536063848876942,10.682830000000001,13.21041,2.5275801181030264,0.13898579999999994,0.17975649,0.04077069237632758
25232,0.14851399999999992,0.21538924,0.06687523680782326,10.083110000000001,12.116716,2.033606384887694,11.552830000000002,13.21041,1.6575801181030254,0.15898579999999995,0.17975649,0.02077069237632756
25234,0.21851399999999988,0.21538924,-0.003124763192176694,6.833110000000001,12.116716,5.283606384887694,12.242830000000001,13.21041,0.9675801181030259,0.2089858,0.17975649,-0.029229307623672485
25291,0.08121500000000015,0.015626702,-0.06558829754233375,7.538349999999998,8.811799,1.2734490493774437,7.807250000000002,6.419039,-1.3882112274169938,0.06426410000000005,0.016558826,-0.047705274030304
25300,-0.02778499999999995,0.015185578,0.042970577794909426,5.338349999999998,6.4683895,1.1300395111084,3.1072500000000005,5.0934143,1.9861643066406245,-0.007735899999999907,0.026069252,0.03380515182044497
25301,0.002215000000000078,0.015185578,0.0129705777949094,4.93835,6.4683895,1.5300395111083986,3.6072500000000005,5.0934143,1.4861643066406245,0.002264100000000102,0.026069252,0.02380515182044496
25340,-0.03940300000000008,-0.03787506,0.0015279400079251104,7.961499999999997,8.362916,0.40141599273681905,2.869440000000001,4.0577073,1.1882673097228995,-0.08285969999999998,-0.03885003,0.04400966820688246
25341,-0.04665800000000009,-0.027192703,0.019465297483086674,7.937749999999998,9.174039,1.2362888870239281,2.4916199999999975,4.3422546,1.8506346386718775,-0.08980929999999998,-0.04704127,0.04276802911810873
25342,-0.05906300000000009,-0.011274067,0.04778893324631461,2.6450500000000012,5.002554,2.3575039398193347,-0.26829000000000036,3.5715268,3.8398167658233646,-0.047492700000000054,-0.049253196,-0.001760495524215644
25345,-0.04665800000000009,-0.027192703,0.019465297483086674,8.037749999999999,9.174039,1.1362888870239267,2.8916199999999996,4.3422546,1.4506346386718754,-0.07980929999999997,-0.04704127,0.03276802911810872
25346,-0.04906300000000008,-0.011274067,0.037788933246314604,2.6450500000000012,5.002554,2.3575039398193347,0.03171000000000035,3.5715268,3.539816765823364,-0.04049270000000005,-0.049253196,-0.00876049552421565
25673,0.012386999999999926,0.059867132,0.047480132455110624,5.635680000000001,9.073113,3.4374334414672845,5.395150000000001,7.2932005,1.8980504928588857,0.051455999999999946,0.009468745,-0.04198725455975527
25675,0.21238699999999988,0.059867132,-0.15251986754488933,6.24568,9.073113,2.827433441467285,9.26515,7.2932005,-1.9719495071411135,0.08145599999999997,0.009468745,-0.0719872545597553
25844,0.04167900000000002,0.039886314,-0.0017926855781078554,7.97982,7.777366,-0.2024538386535646,6.31747,6.700366,0.3828960202026366,0.0030944000000000527,0.039136946,0.03604254620132441
25845,0.04167900000000002,0.020135297,-0.02154370349133017,8.11982,8.120547,0.000727294616698515,6.617470000000001,5.4082956,-1.2091743685913094,0.01309439999999995,-0.0065115537,-0.019605953656309794
26269,-0.116317,-0.040503006,0.07581399357151986,3.4060699999999997,4.50601,1.0999400555419925,3.3550499999999985,5.084285,1.7292347824096694,0.10665259999999999,0.10459594,-0.002056663165187822
26523,-0.06761600000000012,-0.047253206,0.020362793627739073,5.902649999999998,7.4217334,1.519083379364016,5.4033999999999995,6.51278,1.1093801895141606,-0.0815285,-0.044200737,0.03732776297068596
26524,-0.028615999999999975,-0.047253206,-0.018637206372261073,6.902649999999998,7.4217334,0.5190833793640159,7.4033999999999995,6.51278,-0.8906198104858394,-0.05852849999999998,-0.044200737,0.014327762970685942
26633,0.018588999999999967,-0.018846462,-0.03743546154940125,5.07254,7.2295775,2.1570375413513183,5.478440000000001,6.899748,1.4213078485107413,0.05888559999999998,0.097478956,0.03859335598411562
26690,0.05171700000000001,0.02699621,-0.024720789782524122,12.760720000000001,10.531827,-2.228893027038575,11.1389,8.220351,-2.9185487808227535,0.10500520000000002,0.03277852,-0.07222667986292841
26691,0.011716999999999977,0.02699621,0.015279210217475914,9.460720000000002,10.531827,1.0711069729614238,7.1389,8.220351,1.0814512191772465,0.01500519999999994,0.03277852,0.01777332013707167
26950,0.053247000000000044,0.03916529,-0.014081711790084883,9.938460000000003,9.325258,-0.6132017449951199,8.566270000000001,7.951014,-0.6152559580993664,0.043883899999999976,0.03370164,-0.0101822603775501
26951,0.053247000000000044,0.03916529,-0.014081711790084883,8.23846,9.325258,1.086798255004883,6.906270000000001,7.951014,1.0447440419006337,0.01688389999999995,0.03370164,0.016817739622449923
27118,0.05795400000000006,0.11934103,0.061387030716895996,12.4236,13.734429,1.3108293594360347,11.40202,13.391436,1.989415623168945,0.08247870000000002,0.14111899,0.05864028839473723
27119,0.040954000000000046,0.11934103,0.07838703071689601,10.823599999999999,13.734429,2.910829359436036,9.90202,13.391436,3.489415623168945,0.0644787,0.14111899,0.07664028839473724
27123,0.03595400000000004,0.11934103,0.08338703071689602,12.823599999999999,13.734429,0.9108293594360362,11.60202,13.391436,1.7894156231689458,0.08747870000000002,0.14111899,0.05364028839473722
27124,0.250954,0.11934103,-0.13161296928310395,17.0236,13.734429,-3.289170640563963,18.202019999999997,13.391436,-4.810584376831052,0.29947870000000004,0.14111899,-0.1583597116052628
27125,0.18795400000000007,0.11934103,-0.06861296928310401,17.5236,13.734429,-3.789170640563963,16.90202,13.391436,-3.510584376831055,0.1994787,0.14111899,-0.058359711605262765
27126,0.15595400000000004,0.11934103,-0.03661296928310398,13.823599999999999,13.734429,-0.08917064056396384,14.00202,13.391436,-0.6105843768310546,0.12747870000000006,0.14111899,0.013640288394737188
27416,-0.05053750000000001,-0.05193301,-0.0013955091774463524,9.217019999999998,10.361588,1.1445675244140645,9.115,9.932278,0.8172776794433592,0.19051200000000001,0.21086697,0.020354972804069504
27419,-0.06053750000000002,-0.05193301,0.008604490822553656,12.49702,10.361588,-2.1354324755859366,11.614999999999998,9.932278,-1.682722320556639,0.25051199999999996,0.21086697,-0.03964502719593044
27464,-0.01746599999999998,0.11710361,0.13456960646247862,10.74615,11.744198,0.9980478454589843,14.488349999999999,14.86622,0.37787047424316533,-0.029183799999999982,0.04437062,0.07355442144279478
27595,0.1371920000000001,0.08800574,-0.04918626352977762,10.53248,9.773633,-0.7588469967651363,13.36488,11.428572,-1.9363082989501947,0.13369889999999995,0.11482293,-0.01887596841230388
27597,-0.0008079999999999199,0.08800574,0.08881373647022239,10.33248,9.773633,-0.558846996765137,10.16488,11.428572,1.2636917010498045,0.09369890000000003,0.11482293,0.021124031587696046
27603,-0.03860299999999994,-0.017463991,0.02113900858151907,9.542840000000002,11.529847,1.9870071450805646,10.793209999999998,12.396318,1.603108435668947,0.07798479999999997,0.09804119,0.0200563916971207
27634,0.1023869999999999,0.03246558,-0.06992141914916028,9.805680000000002,9.09092,-0.7147595516967797,10.43515,7.3753567,-3.059793325805664,0.12145600000000001,0.044359583,-0.07709641659235955
27743,0.011622000000000021,-0.016054718,-0.02767671782386305,11.533819999999999,11.805736,0.27191558807373184,9.198,9.146631,-0.051368759155273835,0.04237089999999999,0.08876021,0.04638931206378938
27852,0.0040959999999998775,0.09901203,0.09491603215122235,12.546420000000001,16.481836,3.9354163189697253,11.007249999999999,16.479713,5.472463439941407,0.03168329999999997,0.17023769,0.13855439021034244
27853,0.1410959999999999,0.09901203,-0.04208396784877766,17.236420000000003,16.481836,-0.754583681030276,19.60725,16.479713,-3.1275365600585943,0.24968329999999994,0.17023769,-0.07944560978965753
27854,0.04809599999999992,0.09901203,0.05091603215122231,14.876420000000003,16.481836,1.6054163189697235,17.06725,16.479713,-0.5875365600585951,0.22668329999999992,0.17023769,-0.056445609789657514
27855,0.03709599999999991,0.09901203,0.06191603215122232,14.986420000000003,16.481836,1.495416318969724,13.78725,16.479713,2.692463439941406,0.0636833,0.17023769,0.10655439021034241
27856,0.3960959999999999,0.09901203,-0.29708396784877766,26.06642,16.481836,-9.584583681030274,25.76725,16.479713,-9.287536560058594,0.40668329999999997,0.17023769,-0.23644560978965756
27859,0.0280959999999999,0.09901203,0.07091603215122233,13.296420000000001,16.481836,3.1854163189697253,12.46725,16.479713,4.012463439941406,0.0636833,0.17023769,0.10655439021034241
27972,0.111819,0.16618212,0.05436311567401886,8.658890000000003,7.753651,-0.9052388578796418,7.493590000000001,9.5051775,2.0115874978637684,-0.015581199999999962,0.092562586,0.10814378606910702
27973,0.16181900000000005,0.16618212,0.004363115674018814,8.258890000000005,7.753651,-0.5052388578796432,9.69359,9.5051775,-0.18841250213623084,0.09041880000000002,0.092562586,0.0021437860691070343
27974,0.20181900000000008,0.16618212,-0.03563688432598122,8.558890000000005,7.753651,-0.8052388578796439,10.09359,9.5051775,-0.5884125021362312,0.07641880000000001,0.092562586,0.016143786069107047
27975,0.251819,0.16618212,-0.08563688432598116,8.658890000000003,7.753651,-0.9052388578796418,12.39359,9.5051775,-2.88841250213623,0.17541879999999999,0.092562586,-0.08285621393089293
27976,0.15181900000000004,0.16618212,0.014363115674018823,6.358890000000002,7.753651,1.394761142120359,9.493590000000001,9.5051775,0.011587497863768448,0.13941879999999995,0.092562586,-0.0468562139308929
28007,0.07526500000000003,0.074218646,-0.0010463543081283833,16.374029999999998,15.201139,-1.1728905499267555,16.71821,14.919108,-1.7991016091918937,0.1947512,0.15246244,-0.04228876225109102
28169,-0.028890000000000082,0.013705109,0.042595109246075236,9.697580000000002,9.95154,0.2539599932861307,5.782359999999999,5.5254445,-0.2569154924011219,-0.02685650000000006,0.026731981,0.053588480964541496
28170,-0.05335040000000002,-0.049418982,0.003931417881631871,8.755619999999999,6.2149496,-2.5406703921508775,6.8767499999999995,4.859714,-2.017035968780517,0.0871132,0.08706868,-4.452305145263846e-05
28172,-0.036420100000000066,-0.034467973,0.0019521271849632926,2.4810499999999998,4.5698442,2.0887942459106448,3.4665,4.3166394,0.8501394233703614,0.12689820000000007,0.092963316,-0.03393488445348747
28252,-0.04693000000000014,-0.079914376,-0.03298437613964067,4.508210000000002,3.9982045,-0.5100055303192157,3.362689999999997,2.3756125,-0.9870775026702852,0.03192879999999987,0.026425138,-0.005503661884116995
28253,-0.09692999999999996,-0.079914376,0.017015623860359153,3.1882100000000015,3.9982045,0.8099944696807846,0.5226899999999972,2.3756125,1.8529224973297147,-0.019071200000000066,0.026425138,0.04549633811588294
28255,-0.02693000000000012,-0.079914376,-0.05298437613964069,4.778210000000001,3.9982045,-0.7800055303192153,5.202689999999999,2.3756125,-2.827077502670287,0.08392879999999991,0.026425138,-0.05750366188411704
28256,-0.08693000000000017,-0.079914376,0.007015623860359366,3.6182100000000013,3.9982045,0.3799944696807849,1.1726899999999993,2.3756125,1.2029224973297126,-0.005071199999999942,0.026425138,0.031496338115882816
28258,-0.06693000000000016,-0.079914376,-0.012984376139640652,4.218210000000003,3.9982045,-0.22000553031921655,3.072689999999998,2.3756125,-0.697077502670286,0.037928799999999985,0.026425138,-0.011503661884117111
28259,-0.07993000000000006,-0.079914376,1.5623860359248454e-05,4.008210000000002,3.9982045,-0.010005530319215694,2.482689999999998,2.3756125,-0.10707750267028615,0.028928799999999977,0.026425138,-0.0025036618841171032
28260,-0.09193000000000007,-0.079914376,0.012015623860359259,3.7182100000000027,3.9982045,0.27999446968078345,1.6426899999999982,2.3756125,0.7329224973297137,0.013928799999999963,0.026425138,0.01249633811588291
28261,-0.10892999999999997,-0.079914376,0.029015623860359163,3.6182100000000013,3.9982045,0.3799944696807849,1.3326899999999995,2.3756125,1.0429224973297124,0.016928799999999855,0.026425138,0.009496338115883018
28262,-0.09193000000000007,-0.079914376,0.012015623860359259,4.5582100000000025,3.9982045,-0.5600055303192164,3.47269,2.3756125,-1.0970775026702881,0.05892879999999989,0.026425138,-0.03250366188411702
28263,-0.09193000000000007,-0.079914376,0.012015623860359259,3.7182100000000027,3.9982045,0.27999446968078345,1.8926899999999982,2.3756125,0.4829224973297137,0.023928799999999972,0.026425138,0.0024963381158829012
28266,-0.10492999999999997,-0.079914376,0.02501562386035916,3.5382099999999994,3.9982045,0.4599944696807867,1.5326899999999988,2.3756125,0.8429224973297131,0.023928799999999972,0.026425138,0.0024963381158829012
28267,-0.07693000000000016,-0.07222562,0.004704377167225049,1.918210000000002,2.6942942,0.7760842142486553,0.6226899999999986,1.0822668,0.4595768075561537,0.02092879999999997,0.024349473,0.0034206734168052977
28328,-0.07443330000000004,-0.05360535,0.02082794840292934,9.54541,6.8539333,-2.6914766656494145,7.7227000000000015,5.5954967,-2.1272033454895034,0.0760615,0.089925304,0.013863804055213924
28366,0.05219799999999997,0.017535493,-0.034662507222175565,12.465019999999999,9.020975,-3.44404488708496,14.2075,8.793105,-5.4143948745727535,0.2562481,0.11502789,-0.14122021039066313
28371,-0.007802000000000087,0.017535493,0.02533749277782449,7.665019999999998,9.020975,1.3559551129150407,6.307499999999997,8.793105,2.4856051254272487,0.026248099999999996,0.11502789,0.08877978960933686
28403,0.7285619999999999,0.38371083,-0.34485116859626763,24.387880000000003,11.332205,-13.055675181274417,21.16109,15.551173,-5.6099167898559585,0.6103661,0.3796856,-0.2306804894672394
28405,0.47856199999999993,0.38371083,-0.09485116859626763,13.387880000000003,11.332205,-2.0556751812744167,20.16109,15.551173,-4.6099167898559585,0.6603661,0.3796856,-0.28068048946723934
28406,0.448562,0.38371083,-0.06485116859626772,9.387880000000003,11.332205,1.9443248187255833,19.16109,15.551173,-3.6099167898559585,0.6103661,0.3796856,-0.2306804894672394
28407,0.328562,0.38371083,0.05514883140373228,7.387880000000003,11.332205,3.9443248187255833,13.161090000000002,15.551173,2.3900832101440415,0.2103661,0.3796856,0.16931951053276062
28408,0.15856199999999998,0.38371083,0.22514883140373232,9.387880000000003,11.332205,1.9443248187255833,11.161090000000002,15.551173,4.3900832101440415,0.11036610000000002,0.3796856,0.2693195105327606
28409,0.15856199999999998,0.38371083,0.22514883140373232,4.587880000000002,11.332205,6.744324818725584,8.36109,15.551173,7.190083210144042,0.10036610000000001,0.3796856,0.2793195105327606
28430,0.386035,0.09017396,-0.29586104026794435,24.1057,19.100552,-5.005148394775389,19.7985,14.057414,-5.741085945129395,0.43620519999999996,0.17941579,-0.2567894077732086
28432,-0.04996500000000004,0.09017396,0.1401389597320557,25.105700000000002,19.100552,-6.005148394775393,19.198500000000003,14.057414,-5.141085945129397,0.19620519999999997,0.17941579,-0.016789407773208587
28464,-0.07778499999999999,0.015626702,0.09341170245766639,7.708349999999999,8.811799,1.103449049377442,3.297250000000002,6.419039,3.121788772583006,-0.04773589999999994,0.016558826,0.06429472596969599
28465,-0.1177849999999998,0.015626702,0.1334117024576662,6.668349999999997,8.811799,2.1434490493774447,2.1572500000000012,6.419039,4.261788772583007,-0.027735899999999925,0.016558826,0.04429472596969597
28466,0.06221500000000013,0.015626702,-0.046588297542333734,7.50835,8.811799,1.3034490493774413,5.297250000000002,6.419039,1.121788772583006,-0.04773589999999994,0.016558826,0.06429472596969599
28467,0.12221500000000007,0.015626702,-0.10658829754233368,11.398349999999997,8.811799,-2.5865509506225557,9.127250000000002,6.419039,-2.708211227416994,-0.027735899999999925,0.016558826,0.04429472596969597
28480,-0.02761300000000011,0.028882371,0.056495371261716,11.215680000000003,9.908062,-1.3076180187988307,8.78515,7.73757,-1.0475801910400389,0.061455999999999955,0.04604098,-0.015415021717309907
28483,-0.02761300000000011,0.028882371,0.056495371261716,12.38568,9.908062,-2.477618018798829,9.57515,7.73757,-1.8375801910400398,0.061455999999999955,0.04604098,-0.015415021717309907
28484,-0.02761300000000011,0.028882371,0.056495371261716,12.705680000000001,9.908062,-2.797618018798829,10.25515,7.73757,-2.5175801910400395,0.09145599999999998,0.04604098,-0.045415021717309934
28485,-0.0176130000000001,0.028882371,0.04649537126171599,12.99568,9.908062,-3.0876180187988282,10.645150000000001,7.73757,-2.90758019104004,0.10145599999999999,0.04604098,-0.05541502171730994
28486,-0.03761300000000012,0.028882371,0.06649537126171601,12.445680000000003,9.908062,-2.537618018798831,10.69515,7.73757,-2.957580191040039,0.1314559999999999,0.04604098,-0.08541502171730986
28487,-0.03761300000000012,0.028882371,0.06649537126171601,12.705680000000001,9.908062,-2.797618018798829,11.135150000000001,7.73757,-3.3975801910400403,0.15145599999999992,0.04604098,-0.10541502171730988
28488,-0.02761300000000011,0.028882371,0.056495371261716,11.985680000000002,9.908062,-2.0776180187988302,10.59515,7.73757,-2.8575801910400394,0.14145599999999992,0.04604098,-0.09541502171730987
28489,-0.02761300000000011,0.028882371,0.056495371261716,12.47568,9.908062,-2.5676180187988287,10.76515,7.73757,-3.0275801910400393,0.1314559999999999,0.04604098,-0.08541502171730986
28491,-0.007613000000000092,0.028882371,0.03649537126171598,13.835680000000002,9.908062,-3.92761801879883,11.555150000000001,7.73757,-3.81758019104004,0.12145600000000001,0.04604098,-0.07541502171730996
28580,0.022698000000000107,0.048620384,0.025922384186506164,6.32047,6.6836596,0.3631895535278318,4.49981,6.2714624,1.7716524404907226,-0.009882699999999911,0.04438819,0.05427088991184226
28619,0.06166500000000008,0.03186548,-0.0297995187127591,7.000340000000005,7.741092,0.7407522050476025,4.7813,6.448393,1.6670928680419923,-0.05467719999999998,0.016618274,0.07129547415227888
28804,0.16148799999999996,0.1337636,-0.02772440358448025,13.831820000000002,9.711188,-4.120631683654787,11.32644,9.688635,-1.6378051275634764,-0.013692199999999932,0.04675599,0.06044818815083497
28812,0.09340499999999985,0.043631375,-0.04977362516403183,13.18732,8.378642,-4.808677917785644,16.02722,9.3118305,-6.715389479370117,0.39421990000000007,0.15769097,-0.2365289279102326
28943,0.023422000000000054,0.052037604,0.028615604153156227,11.055780000000002,10.150619,-0.9051614468383811,7.925729999999998,9.71987,1.794139613647463,-0.01492529999999992,0.10823158,0.12315688174753181
29091,-0.028960399999999886,-0.029239187,-0.0002787870170832818,6.796849999999999,6.8957353,0.09888526382446372,6.732919999999998,6.938914,0.20599382217407403,0.09652229999999995,0.09881219,0.0022898926784515883
29221,0.12604000000000004,0.037535273,-0.08850472746133808,10.966709999999999,9.818539,-1.1481713342285147,14.504560000000001,10.444267,-4.060292727050783,0.16966769999999998,0.082680285,-0.08698741502304075
29224,0.0640400000000001,0.037535273,-0.02650472746133814,10.056709999999999,9.818539,-0.23817133422851455,11.014560000000001,10.444267,-0.5702927270507825,0.07966770000000001,0.082680285,0.0030125849769592206
29225,0.04604000000000008,0.037535273,-0.008504727461338124,9.88671,9.818539,-0.0681713342285164,10.904560000000002,10.444267,-0.46029272705078306,0.08966770000000002,0.082680285,-0.006987415023040788
29226,0.03404000000000007,0.037535273,0.0034952725386618866,9.576709999999999,9.818539,0.24182866577148587,9.674560000000003,10.444267,0.7697072729492156,0.05966769999999999,0.082680285,0.02301258497695924
29227,0.0040400000000000436,0.037535273,0.03349527253866191,9.38671,9.818539,0.4318286657714836,9.184560000000001,10.444267,1.2597072729492176,0.0696677,0.082680285,0.01301258497695923
29228,-0.016959999999999864,0.037535273,0.05449527253866182,9.08671,9.818539,0.7318286657714843,8.45456,10.444267,1.989707272949218,0.029667699999999964,0.082680285,0.053012584976959265
29258,0.02986600000000006,0.03511241,0.005246410783767641,4.273130000000002,4.265575,-0.007555067901613199,9.69,9.683698,-0.006302299499511221,0.29012399999999994,0.29943705,0.009313046051025453
29268,0.04238699999999995,0.08108614,0.03869913640069966,10.105680000000003,12.786181,2.6805014498901336,10.60515,11.786968,1.1818182312011718,0.16145599999999993,0.1346293,-0.026826705723762445
29271,0.012386999999999926,0.08108614,0.06869913640069969,4.805680000000002,12.786181,7.980501449890134,3.605150000000002,11.786968,8.18181823120117,0.0014560000000000128,0.1346293,0.13317329427623747
29446,-0.10761299999999996,0.027583275,0.13519627499032016,6.005680000000002,9.78511,3.779430473632811,1.1051500000000019,7.9799986,6.87484858856201,-0.08154400000000006,0.05252378,0.1340677806141377
29447,-0.007613000000000092,0.027583275,0.0351962749903203,6.385680000000001,9.78511,3.399430473632812,2.925150000000002,7.9799986,5.05484858856201,-0.06354400000000004,0.05252378,0.1160677806141377
29449,0.012386999999999926,0.027583275,0.01519627499032028,11.945680000000003,9.78511,-2.1605695263671905,10.70515,7.9799986,-2.725151411437988,0.1244559999999999,0.05252378,-0.07193221938586225
29561,0.04552999999999996,0.06354185,0.018011851937770884,7.5567500000000045,8.359182,0.8024323577880814,13.634519999999998,13.572038,-0.06248230316161951,0.31762270000000004,0.28990653,-0.027716168427658117
29562,0.03452999999999995,0.06354185,0.029011851937770894,7.276750000000003,8.359182,1.0824323577880826,12.734519999999998,13.572038,0.8375176968383808,0.2876227,0.28990653,0.00228383157234191
29564,0.04852999999999996,0.06354185,0.015011851937770881,8.116750000000003,8.359182,0.2424323577880827,13.43452,13.572038,0.13751769683837978,0.2936227,0.28990653,-0.0037161684276580953
29657,0.012386999999999926,0.03246558,0.02007858085083969,7.90568,9.09092,1.1852404483032224,4.805150000000001,7.3753567,2.570206674194335,-0.04854400000000003,0.044359583,0.09290358340764049
29870,-0.008323999999999998,0.008363111,0.016687110944628714,11.631520000000002,10.642911,-0.9886090426635761,8.739959999999998,10.119216,1.379255965270998,0.031119999999999925,0.11630408,0.08518407720804222
29872,0.07167600000000007,0.008363111,-0.06331288905537136,13.051520000000004,10.642911,-2.408609042663578,13.899959999999998,10.119216,-3.7807440347290022,0.21611999999999998,0.11630408,-0.09981592279195783
30368,0.209387,0.03246558,-0.17692141914916037,25.395680000000002,9.09092,-16.30475955169678,18.66515,7.3753567,-11.289793325805665,0.06345599999999996,0.044359583,-0.0190964165923595
30417,-0.08461300000000005,0.027583275,0.11219627499032025,10.40568,9.78511,-0.6205695263671878,6.60515,7.9799986,1.3748485885620116,0.02145599999999992,0.05252378,0.03106778061413773
30418,-0.06061300000000003,0.027583275,0.08819627499032023,10.40568,9.78511,-0.6205695263671878,9.805150000000001,7.9799986,-1.8251514114379894,0.16145599999999993,0.05252378,-0.10893221938586228
30419,-0.08461300000000005,0.027583275,0.11219627499032025,10.40568,9.78511,-0.6205695263671878,6.60515,7.9799986,1.3748485885620116,0.02145599999999992,0.05252378,0.03106778061413773
30420,-0.034613000000000005,0.027583275,0.06219627499032021,10.605680000000003,9.78511,-0.8205695263671906,8.10515,7.9799986,-0.12515141143798836,0.051455999999999946,0.05252378,0.0010677806141377033
30456,-0.08961300000000016,0.03246558,0.12207858085083978,6.685680000000001,9.09092,2.4052404483032213,0.9951499999999989,7.3753567,6.380206674194337,-0.09454399999999996,0.044359583,0.13890358340764042
30725,0.012386999999999926,0.03246558,0.02007858085083969,12.017680000000002,9.09092,-2.9267595516967795,9.28515,7.3753567,-1.9097933258056639,0.04345599999999994,0.044359583,0.000903583407640518
31082,0.14207599999999998,0.1079029,-0.034173100615501384,9.5613,9.295136,-0.26616354827880784,9.501460000000002,8.410252,-1.091208382568361,0.0569056,0.02097046,-0.03593513997254372
31083,0.13207599999999997,0.1079029,-0.024173100615501375,10.8613,9.295136,-1.5661635482788085,10.571460000000002,8.410252,-2.1612083825683612,0.08290560000000002,0.02097046,-0.06193513997254374
31084,0.12207599999999996,0.1079029,-0.014173100615501366,9.0613,9.295136,0.23383645172119216,8.401460000000002,8.410252,0.008791617431638699,0.02290559999999997,0.02097046,-0.0019351399725436869
31085,0.13207599999999997,0.1079029,-0.024173100615501375,10.0613,9.295136,-0.7661635482788078,9.801460000000002,8.410252,-1.3912083825683617,0.0629056,0.02097046,-0.04193513997254372
31087,0.12207599999999996,0.1079029,-0.014173100615501366,8.8613,9.295136,0.43383645172119145,8.001460000000002,8.410252,0.40879161743163905,0.007905599999999957,0.02097046,0.013064860027456326
31088,0.05148799999999998,-0.0077671423,-0.05925514226230977,7.941820000000003,8.693972,0.7521516339111294,7.41644,5.334768,-2.081672181549072,0.050307800000000125,-0.009339975,-0.059647775193143016
31089,0.08425400000000005,0.10507745,0.020823452957630106,16.183300000000003,13.674758,-2.5085420425415066,12.77204,10.596341,-2.1756988668823247,0.023824899999999927,0.036235955,0.012411054612493588
31090,0.09248000000000012,0.08190848,-0.010571520667076229,9.53737,13.278865,3.7414948605346687,9.05409,11.952613,2.8985228768920894,0.046650699999999934,0.054728847,0.008078146997022695
31185,-0.08148600000000017,-0.027673945,0.0538120551691057,2.843110000000003,5.9607444,3.117634380950925,3.002830000000003,5.456642,2.4538121508789033,0.03698579999999996,0.09121225,0.05422645029230122
31186,-0.09148600000000018,-0.027673945,0.06381205516910571,4.563110000000002,5.9607444,1.397634380950926,3.2828300000000006,5.456642,2.1738121508789057,0.05498579999999986,0.09121225,0.036226450292301315
31187,-0.08148600000000017,-0.027673945,0.0538120551691057,3.263110000000001,5.9607444,2.6976343809509267,2.102830000000001,5.456642,3.3538121508789054,0.05098579999999997,0.09121225,0.04022645029230121
31188,-0.07148600000000016,-0.027673945,0.04381205516910569,5.663110000000003,5.9607444,0.29763438095092454,4.782830000000001,5.456642,0.6738121508789057,0.06798579999999999,0.09121225,0.023226450292301193
31323,0.132343,0.11825987,-0.014083130484104145,8.12414,8.654524,0.5303838494873041,10.47445,10.431698,-0.042752154541014775,0.12442659999999994,0.13894984,0.014523241260910091
31324,0.11234299999999997,0.11825987,0.005916869515895873,8.114140000000003,8.654524,0.5403838494873021,9.844449999999998,10.431698,0.587247845458986,0.10442659999999993,0.13894984,0.03452324126091011
31325,0.17143699999999995,0.046524864,-0.12491213630986209,13.098460000000001,8.704562,-4.393897812805177,13.002490000000002,9.580183,-3.422306970825197,0.06453720000000007,0.1396683,0.07513110074787133
31351,0.0019620000000000193,-0.018850146,-0.02081214586150648,6.847160000000002,6.4733353,-0.3738247338867211,9.576139999999999,7.5999155,-1.9762244955444324,0.22261769999999992,0.14204186,-0.08057583798904411
31355,-0.00803799999999999,-0.018850146,-0.010812145861506472,6.847160000000002,6.4733353,-0.3738247338867211,7.576139999999999,7.5999155,0.023775504455567642,0.12961769999999995,0.14204186,0.012424162010955864
31356,0.0019620000000000193,-0.018850146,-0.02081214586150648,6.847160000000002,6.4733353,-0.3738247338867211,6.776139999999998,7.5999155,0.8237755044555684,0.0776176999999999,0.14204186,0.06442416201095591
31357,-0.048038000000000025,-0.018850146,0.029187854138493563,6.7471600000000045,6.4733353,-0.27382473388672324,5.076139999999999,7.5999155,2.5237755044555676,0.03161769999999997,0.14204186,0.11042416201095584
31363,0.0019620000000000193,-0.018850146,-0.02081214586150648,6.447160000000004,6.4733353,0.026175266113277473,9.47614,7.5999155,-1.8762244955444327,0.22661769999999992,0.14204186,-0.08457583798904411
31364,-0.028038000000000007,-0.018850146,0.009187854138493545,5.947160000000004,6.4733353,0.5261752661132775,8.176139999999998,7.5999155,-0.576224495544432,0.18561769999999989,0.14204186,-0.043575837989044075
31407,0.15521700000000005,0.06858073,-0.08663626825046544,15.765749999999999,12.118865,-3.6468849868774402,14.45087,9.315261,-5.135609112854004,0.11632389999999992,0.045685288,-0.07063861243500702
31408,-0.03884500000000002,0.016679574,0.05552457380414011,9.70569,9.769047,0.06335678344726503,5.656550000000001,7.283733,1.6271828910827626,-0.01597470000000001,0.036957517,0.05293221726627351
31425,0.012799000000000005,0.040068652,0.027269652480840678,18.499760000000002,16.599371,-1.9003890435791035,14.604320000000001,15.374566,0.7702460781860339,0.09750270000000005,0.20717229,0.10966958949069971
31426,0.04279900000000003,0.040068652,-0.0027303475191593485,16.959760000000003,16.599371,-0.3603890435791044,17.80432,15.374566,-2.4297539218139654,0.3535027,0.20717229,-0.14633041050930023
31635,0.168883,0.09637438,-0.07250862239170075,13.44771,9.094986,-4.352724038085938,12.76669,9.469869,-3.296821340026856,0.054355699999999896,0.09931571,0.04496001036577235
31652,-0.022696999999999967,-0.012078657,0.01061834318500754,11.405810000000002,13.960884,2.555074094238279,10.283259999999999,13.02134,2.738080370178224,0.08543459999999992,0.14907917,0.06364457380332955
31653,0.01730300000000007,-0.012078657,-0.029381656814992496,17.30581,13.960884,-3.3449259057617198,18.78326,13.02134,-5.761919629821776,0.3514346,0.14907917,-0.20235542619667052
31654,-0.042696999999999985,-0.012078657,0.030618343185007557,10.50581,13.960884,3.455074094238281,8.18326,13.02134,4.838080370178222,0.03043459999999998,0.14907917,0.11864457380332949
31655,-0.022696999999999967,-0.012078657,0.01061834318500754,15.605810000000002,13.960884,-1.6449259057617205,14.38326,13.02134,-1.3619196298217773,0.13943459999999996,0.14907917,0.009644573803329504
31676,-0.06721500000000002,-0.019541025,0.04767397483825686,4.783239999999999,7.6789784,2.8957384431457527,2.6498100000000004,5.4540534,2.804243401947021,0.011713700000000049,0.028493712,0.01678001172487731
31677,-0.057215000000000016,-0.019541025,0.03767397483825685,7.273240000000001,7.6789784,0.4057384431457507,4.9798100000000005,5.4540534,0.47424340194702097,0.028713700000000064,0.028493712,-0.0002199882751227067
31678,-0.01721499999999998,-0.019541025,-0.0023260251617431837,8.483240000000002,7.6789784,-0.8042615568542502,6.0298099999999994,5.4540534,-0.575756598052978,0.016713700000000054,0.028493712,0.011780011724877304
32154,0.04276499999999994,-0.0062311143,-0.04899611426830286,6.50046,7.562432,1.0619718122863766,9.975359999999998,8.95106,-1.024299704895018,0.1760887,0.13356914,-0.042519563738059984
32156,0.09238699999999989,0.028882371,-0.063504628738284,11.605680000000003,9.908062,-1.6976180187988312,9.805150000000001,7.73757,-2.06758019104004,0.03045600000000004,0.04604098,0.01558497828269001
32165,0.12253400000000003,0.08579746,-0.03673654111289981,8.26615,9.074413,0.8082632995605472,9.388349999999999,8.784951,-0.6033987899780264,0.035816199999999965,0.04256673,0.006750531572151219
32263,0.06221500000000013,0.013211794,-0.049003205802440775,10.948349999999998,9.504966,-1.4433842178344705,9.797250000000002,6.4335947,-3.3636552963256854,0.07226410000000005,-0.0046091434,-0.0768732433614493
32940,0.11199999999999999,0.14622472,0.034224722266197216,14.975249999999999,18.821316,3.8460657653808603,16.24622,21.478958,5.2327381298828115,0.13741589999999992,0.37665436,0.23923845671806343
32948,0.062000000000000055,0.14622472,0.08422472226619715,17.54525,18.821316,1.27606576538086,20.58622,21.478958,0.8927381298828116,0.35141589999999995,0.37665436,0.025238456718063407
32949,0.132,0.14622472,0.014224722266197198,19.23525,18.821316,-0.41393423461914125,23.24622,21.478958,-1.7672618701171885,0.46541589999999994,0.37665436,-0.08876154328193658
32951,0.252,0.14622472,-0.1057752777338028,22.16525,18.821316,-3.343934234619141,25.24622,21.478958,-3.7672618701171885,0.5394159,0.37665436,-0.1627615432819366
32991,0.14381300000000008,0.11087951,-0.03293348935890206,9.119610000000002,9.506439,0.38682920898437345,11.65634,9.46213,-2.1942104071044923,0.22019530000000015,0.11042127,-0.10977402986793533
32992,0.12339200000000006,0.11087951,-0.012512489358902035,16.77862,11.9589,-4.819719548339844,10.938329999999999,9.240698,-1.6976321392822253,-0.02944000000000002,-0.0043896735,0.025050326528549216
33273,0.11560000000000004,0.024372155,-0.09122784515321258,11.71255,11.457714,-0.25483591918945336,14.30408,11.861085,-2.4429950619506844,0.16170479999999998,0.11263665,-0.04906815188150404
33274,0.0068749999999999645,0.0018683234,-0.005006676577031577,14.584729999999997,11.196722,-3.3880079693603484,12.00308,9.336425,-2.666655172424317,0.004812700000000003,0.027689047,0.02287634715776443
33457,0.32095000000000007,0.016834678,-0.30411532187163837,25.99737,12.587593,-13.409776921386719,21.9771,12.588873,-9.388227090454102,0.4454893,0.1721411,-0.27334819506340025
33458,-0.03905000000000003,0.016834678,0.05588467812836173,9.58737,12.587593,3.0002230786132813,10.517100000000001,12.588873,2.0717729095458974,0.16748929999999995,0.1721411,0.004651804936599779
33459,0.15560000000000007,0.046084423,-0.10951557738184936,26.92255,15.024229,-11.898320950317384,23.18408,14.5447235,-8.639356489257814,0.33570479999999997,0.13442355,-0.20128124605636594
33460,0.015600000000000058,0.046084423,0.030484422618150653,12.98255,15.024229,2.0416790496826174,13.114080000000001,14.5447235,1.4306435107421862,0.12570480000000006,0.13442355,0.008718753943633972
33462,0.04682900000000001,0.02098457,-0.0258444304355383,11.92691,9.92965,-1.9972596932983393,12.33834,9.829182,-2.5091583288574224,0.11857720000000005,0.09797764,-0.020599561755371143
33465,0.10321500000000006,0.013211794,-0.0900032058024407,24.668349999999997,9.504966,-15.16338421783447,12.907250000000001,6.4335947,-6.473655296325685,-0.2267359,-0.0046091434,0.22212675663855075
33466,-0.007784999999999931,0.013211794,0.020996794197559288,7.768349999999998,9.504966,1.7366157821655293,-1.672749999999997,6.4335947,8.106344703674313,-0.29073589999999994,-0.0046091434,0.2861267566385507
33772,-0.087785,0.015626702,0.1034117024576664,6.228349999999999,8.811799,2.5834490493774425,0.8872500000000016,6.419039,5.531788772583006,-0.08773589999999998,0.016558826,0.10429472596969602
33773,-0.1077849999999998,-0.052744277,0.055040723178386486,6.538349999999998,7.068163,0.5298129180908226,1.7572500000000026,3.9826064,2.225356410980222,-0.04773589999999994,-0.008045902,0.03968999845560783
33774,0.1622150000000001,0.015626702,-0.1465882975423337,6.838349999999998,8.811799,1.973449049377443,8.10725,6.419039,-1.6882112274169927,0.10226410000000008,0.016558826,-0.08570527403030404
33775,0.1622150000000001,0.022938572,-0.1392764281296731,6.638349999999999,8.950257,2.3119073013305673,8.50725,8.744949,0.23769934082031163,0.062264100000000044,0.06961808,0.007353983536624864
33776,0.08221500000000015,0.10756024,0.025345239732265323,7.738349999999997,7.9181046,0.17975464859009094,9.00725,9.854881,0.8476312866210929,0.18226410000000004,0.12068913,-0.06157496868047718
33777,0.042215000000000114,0.004423928,-0.03779107201859366,8.138349999999999,7.3665466,-0.7718033691406241,10.50725,6.8084116,-3.6988384017944345,0.20226410000000006,0.08252344,-0.11974065719518667
33778,0.042215000000000114,0.0092944205,-0.032920579519271964,7.93835,7.354433,-0.583916940307617,10.00725,7.0105033,-2.9967467079162606,0.18226410000000004,0.07846833,-0.10379576979551319
33782,0.05221500000000012,0.011388606,-0.04082639360815299,11.138349999999999,10.7211075,-0.41724251708984283,13.50725,11.25915,-2.2481004486083993,0.2822641000000001,0.19987495,-0.0823891475645066
33783,0.022215000000000096,0.009579302,-0.012635698188245392,12.638349999999999,10.931521,-1.7068285842895499,14.307250000000002,11.707315,-2.5999345550537125,0.2922641,0.19988309,-0.09238101153049472
33784,0.012215000000000087,-0.050701763,-0.0629167634809018,13.838349999999998,13.011866,-0.8264843841552718,15.00725,13.281093,-1.726157356262208,0.2922641,0.2338533,-0.05841080455455783
33786,-0.07778499999999999,-0.050701763,0.027083236519098275,11.988349999999997,13.011866,1.0235156158447296,9.837250000000001,13.281093,3.443842643737792,0.03226410000000002,0.2338533,0.20158919544544218
33787,-0.1077849999999998,-0.050701763,0.05708323651909808,13.248349999999999,13.011866,-0.23648438415527195,15.92725,13.281093,-2.646157356262208,0.38226410000000005,0.2338533,-0.14841080455455785
33808,0.17521500000000012,0.015626702,-0.15958829754233372,9.108349999999998,8.811799,-0.29655095062255654,10.667250000000001,6.419039,-4.248211227416993,0.11226410000000009,0.016558826,-0.09570527403030404
33989,0.002215000000000078,0.014763911,0.01254891125470392,6.838349999999998,7.537286,0.6989358047485368,3.707250000000002,6.169963,2.4627128829956035,-0.04773589999999994,0.03967462,0.08741052107539171
33990,0.002215000000000078,0.014763911,0.01254891125470392,6.238349999999997,7.537286,1.2989358047485382,3.4072500000000012,6.169963,2.7627128829956042,-0.03773589999999993,0.03967462,0.0774105210753917
33991,-0.02778499999999995,0.014763911,0.04254891125470395,6.238349999999997,7.537286,1.2989358047485382,2.5072500000000026,6.169963,3.662712882995603,-0.06773589999999996,0.03967462,0.10741052107539173
33992,-0.047784999999999966,0.014763911,0.06254891125470396,6.238349999999997,7.537286,1.2989358047485382,1.8072499999999998,6.169963,4.362712882995606,-0.07773589999999997,0.03967462,0.11741052107539174
33993,0.002215000000000078,0.014763911,0.01254891125470392,6.93835,7.537286,0.5989358047485354,3.9072500000000012,6.169963,2.2627128829956042,-0.03773589999999993,0.03967462,0.0774105210753917
33994,-0.007784999999999931,0.014763911,0.02254891125470393,6.038349999999998,7.537286,1.4989358047485375,3.6072500000000005,6.169963,2.562712882995605,-0.017735899999999916,0.03967462,0.057410521075391685
33996,0.022215000000000096,0.014763911,-0.007451088745296097,6.93835,7.537286,0.5989358047485354,5.007250000000001,6.169963,1.1627128829956046,-0.007735899999999907,0.03967462,0.047410521075391676
33998,0.032215000000000105,0.014763911,-0.017451088745296106,8.038349999999998,7.537286,-0.5010641952514625,7.307250000000002,6.169963,-1.137287117004396,0.052264100000000036,0.03967462,-0.012589478924608266
33999,0.012215000000000087,0.0096389325,-0.0025760674664379035,8.398349999999997,9.537533,1.1391828063964873,5.257250000000001,7.4347615,2.1775115242004386,-0.04173590000000005,0.02873107,0.07046697045888906
34293,-0.04323600000000005,0.02680233,0.07003832934653764,3.6519399999999997,7.4915295,3.83958946472168,4.172889999999999,9.344226,5.171335883483888,0.08703440000000007,0.12783147,0.04079707394657128
34335,-0.011486000000000107,-0.027673945,-0.016187944830894363,8.833110000000001,5.9607444,-2.8723656190490736,7.582830000000001,5.456642,-2.126187849121095,0.045985799999999966,0.09121225,0.04522645029230121
34336,-0.10148600000000019,-0.027673945,0.07381205516910572,3.9931100000000015,5.9607444,1.9676343809509262,1.7828300000000006,5.456642,3.6738121508789057,0.01898579999999994,0.09121225,0.07222645029230124
34337,-0.041486000000000134,-0.027673945,0.013812055169105664,1.9431100000000008,5.9607444,4.017634380950927,0.9828299999999999,5.456642,4.473812150878906,0.010985799999999935,0.09121225,0.08022645029230124
34338,-0.08148600000000017,-0.027673945,0.0538120551691057,4.313110000000002,5.9607444,1.647634380950926,1.382830000000002,5.456642,4.073812150878904,-0.03201419999999999,0.09121225,0.12322645029230117
34339,-0.07148600000000016,-0.027673945,0.04381205516910569,3.913110000000003,5.9607444,2.0476343809509245,4.982830000000002,5.456642,0.4738121508789046,0.13898579999999994,0.09121225,-0.04777354970769876
34341,-0.05148600000000014,-0.027673945,0.023812055169105673,3.353110000000001,5.9607444,2.607634380950927,4.982830000000002,5.456642,0.4738121508789046,0.13898579999999994,0.09121225,-0.04777354970769876
34456,0.06221500000000013,0.015626702,-0.046588297542333734,7.34835,8.811799,1.4634490493774415,8.787250000000002,6.419039,-2.368211227416994,0.1232641000000001,0.016558826,-0.10670527403030405
34794,-0.01833499999999999,0.03186548,0.05020048128724097,6.240340000000003,7.741092,1.500752205047604,3.4712999999999994,6.448393,2.977092868041993,-0.02867720000000007,0.016618274,0.04529547415227897
34797,0.0016650000000000276,0.03186548,0.030200481287240954,6.130340000000004,7.741092,1.6107522050476035,4.491300000000001,6.448393,1.9570928680419915,0.008322799999999964,0.016618274,0.008295474152278937
35040,0.1522150000000001,0.015626702,-0.1365882975423337,14.098349999999998,8.811799,-5.286550950622557,12.407250000000001,6.419039,-5.988211227416993,0.06426410000000005,0.016558826,-0.047705274030304
35065,-0.06858900000000001,-0.03223043,0.03635857064867021,6.762549999999997,7.173394,0.41084420318603776,3.3993900000000004,4.6036053,1.2042152703857418,-0.018535100000000027,0.0057155723,0.024250672275221374
35066,-0.06801500000000016,-0.068641536,-0.0006265359377859436,6.057960000000001,5.9240465,-0.1339134835815443,4.529999999999999,3.827179,-0.7028210449218744,0.05212749999999999,0.030549273,-0.02157822710514068
35067,-0.04858899999999999,-0.03223043,0.01635857064867019,5.742549999999998,7.173394,1.4308442031860373,2.6493900000000004,4.6036053,1.9542152703857418,-0.021535099999999918,0.0057155723,0.027250672275221266
35068,-0.053015000000000034,-0.068641536,-0.015626535937786068,5.657960000000003,5.9240465,0.26608651641845427,3.7699999999999996,3.827179,0.057178955078125426,0.032127499999999976,0.030549273,-0.0015782271051406616
35157,-0.030088000000000115,-0.008544962,0.021543038078129406,8.51249,10.399656,1.8871662957763675,6.87125,9.399839,2.5285894012451173,0.027618799999999943,0.06437818,0.0367593796097756
35158,-0.00730199999999992,0.004720156,0.012022156081020752,4.58023,7.1772203,2.596990344543457,3.8485299999999985,5.509482,1.6609519068908707,0.045556199999999936,0.026801566,-0.01875463433797353
35159,-0.030088000000000115,-0.008544962,0.021543038078129406,9.152489999999997,10.399656,1.2471662957763705,8.24125,9.399839,1.1585894012451163,0.06761879999999998,0.06437818,-0.0032406203902244357
35160,-0.00730199999999992,0.004720156,0.012022156081020752,5.000230000000002,7.1772203,2.176990344543455,4.3085299999999975,5.509482,1.2009519068908716,0.055556199999999945,0.026801566,-0.02875463433797354
35170,0.16198999999999997,0.050766304,-0.1112236958646774,15.621590000000001,10.194623,-5.426967006530763,13.585080000000001,7.6128144,-5.972265573577882,0.0984836,0.03165958,-0.06682401923284531
35173,-0.01519399999999993,0.027935188,0.04312918826365464,6.253820000000001,7.279933,1.026112975769042,3.0311700000000013,4.779378,1.7482079373168933,-0.06198350000000008,0.0008613838,0.06284488379992925
35174,-0.008010000000000073,0.050766304,0.05877630413532264,9.621590000000001,10.194623,0.5730329934692371,4.785080000000001,7.6128144,2.8277344264221185,-0.09451639999999994,0.03165958,0.12617598076715464
35175,0.001068000000000069,0.03031528,0.029247279960632255,6.827349999999999,8.921699,2.0943485702514657,3.19792,5.9909487,2.7930286770629884,-0.08850889999999989,-0.028701594,0.05980730590059746
35176,0.021989999999999954,0.050766304,0.028776304135322617,10.721590000000003,10.194623,-0.5269670065307643,6.48508,7.6128144,1.1277344264221192,-0.08351640000000005,0.03165958,0.11517598076715474
35179,0.021230000000000082,0.037918836,0.01668883587837211,12.234470000000002,9.552785,-2.681685080261232,8.585130000000001,7.3557963,-1.2293336628723157,-0.014131900000000086,0.016654229,0.03078612879159459
35180,0.15198999999999996,0.050766304,-0.10122369586467739,15.421590000000002,10.194623,-5.226967006530764,11.98508,7.6128144,-4.372265573577881,-0.025516400000000106,0.03165958,0.0571759807671548
35191,-0.07578499999999999,0.024880173,0.1006651726847887,7.84835,8.554718,0.7063680175781251,4.757250000000001,6.149108,1.3918579330444327,0.013264100000000001,-0.006768066,-0.020032165970391036
35192,-0.06378499999999998,0.024880173,0.08866517268478868,7.928349999999998,8.554718,0.6263680175781268,4.787250000000002,6.149108,1.3618579330444316,0.004264100000000104,-0.006768066,-0.011032165970391139
35317,0.10342200000000001,0.014361422,-0.08906057842236759,11.505780000000001,9.814565,-1.691215295104982,9.60573,7.9127812,-1.6929487614440912,0.005074700000000099,0.04176652,0.036691820589589974
35343,-0.09761300000000017,0.03246558,0.1300785808508398,6.305680000000002,9.09092,2.7852404483032203,1.905149999999999,7.3753567,5.470206674194337,-0.06054400000000004,0.044359583,0.1049035834076405
35451,0.06456200000000001,-0.004824672,-0.06938667189431191,7.5484100000000005,7.2601237,-0.28828627029418996,8.9207,7.5669556,-1.35374443359375,0.10024309999999992,0.08732761,-0.012915493023967661
35452,-0.08243800000000001,-0.004824672,0.0776133281056881,7.38841,7.2601237,-0.12828627029418982,5.790700000000001,7.5669556,1.776255566406249,0.060243099999999994,0.08732761,0.027084506976032263
35453,0.3325340000000001,0.16571115,-0.166822850426674,18.74615,16.343864,-2.4022855590820313,16.288349999999998,14.153788,-2.1345623870849586,0.09081620000000001,0.093839765,0.0030235645950317247
35465,-0.04866900000000007,-0.047851447,0.0008175529839993256,10.021269999999998,9.654842,-0.3664276232910133,8.14544,7.674863,-0.4705771383666999,0.06786820000000005,0.040132403,-0.027735796626281783
35469,-0.04866900000000007,-0.047851447,0.0008175529839993256,10.15127,9.654842,-0.49642762329101586,7.815440000000001,7.674863,-0.14057713836669983,0.04786820000000003,0.040132403,-0.007735796626281766
35473,-0.04866900000000007,-0.047851447,0.0008175529839993256,10.161269999999998,9.654842,-0.5064276232910139,7.57544,7.674863,0.09942286163330039,0.034868200000000016,0.040132403,0.005264203373718246
35477,-0.04866900000000007,-0.047851447,0.0008175529839993256,10.271269999999998,9.654842,-0.6164276232910133,7.4854400000000005,7.674863,0.18942286163330024,0.024868200000000007,0.040132403,0.015264203373718255
35516,0.18238699999999997,0.03246558,-0.14992141914916035,6.56568,9.09092,2.5252404483032223,8.36515,7.3753567,-0.9897933258056639,0.051455999999999946,0.044359583,-0.007096416592359489
35517,-0.008193000000000117,0.0310436,0.039236600291013835,5.365660000000002,7.943404,2.577744197692869,5.657000000000002,7.290967,1.6339669876098615,0.08552360000000003,0.049324248,-0.03619935201392177
35664,-0.03761300000000012,0.03373136,0.07134435998845112,7.445680000000003,8.984052,1.5383717044067353,5.17515,7.2782273,2.10307732925415,0.0014560000000000128,0.018320393,0.016864392817258822
35756,0.04238699999999995,0.03246558,-0.009921419149160338,11.505680000000002,9.09092,-2.414759551696779,14.305150000000001,7.3753567,-6.929793325805665,0.32145599999999996,0.044359583,-0.2770964165923595
35758,-0.009633000000000003,-0.024543233,-0.014910233215808866,9.370070000000002,8.341536,-1.0285344317626972,6.40405,7.1390057,0.7349556610107424,0.07408400000000004,0.08310314,0.009019142678737602
35849,0.002215000000000078,0.02217723,0.019962230566739958,7.25835,10.420091,3.161740675354004,4.017250000000001,7.9414554,3.9242053642272943,-0.05273589999999995,0.027103193,0.07983909310426707
35858,0.18359000000000003,0.09459773,-0.08899227293968204,15.457450000000001,13.887356,-1.570094195556642,15.389019999999999,11.310061,-4.078958545227049,0.13918299999999995,0.015749138,-0.1234338621513843
35860,0.053590000000000027,0.09459773,0.04100772706031797,11.557450000000003,13.887356,2.3299058044433565,8.77902,11.310061,2.53104145477295,-0.010816999999999966,0.015749138,0.026566137848615612
35861,0.07359000000000004,0.09459773,0.02100772706031795,13.757450000000002,13.887356,0.1299058044433572,10.789019999999999,11.310061,0.5210414547729503,-0.0008170000000000677,0.015749138,0.016566137848615714
35862,0.11358999999999997,0.09459773,-0.018992272939681976,14.65745,13.887356,-0.7700941955566414,11.879019999999999,11.310061,-0.5689585452270496,0.009182999999999941,0.015749138,0.006566137848615705
35863,0.11358999999999997,0.09459773,-0.018992272939681976,15.057450000000003,13.887356,-1.1700941955566435,11.619019999999999,11.310061,-0.3089585452270498,-0.030816999999999983,0.015749138,0.04656613784861563
35905,-0.010262999999999911,0.028503107,0.03876610690700999,6.518529999999998,8.277879,1.7593487612915055,3.9046699999999994,5.843238,1.9385678768920904,-0.02040580000000003,0.03432118,0.05472698147611621
35984,-0.07778499999999999,0.004423928,0.08220892798140644,6.1183499999999995,7.3665466,1.2481966308593755,2.12725,6.8084116,4.681161598205566,-0.05773589999999995,0.08252344,0.14025934280481334
36100,0.19340499999999994,0.10239506,-0.09100994232177728,7.68732,8.160298,0.4729783474731448,11.22722,9.887417,-1.3398031604003915,0.16421990000000009,0.13051966,-0.033700241672897424
36300,0.041870000000000074,0.0710446,0.02917460150003426,8.20758,8.370271,0.1626907290649413,6.421039999999998,6.93347,0.5124297723388693,0.00414060000000005,0.013578642,0.009438042159700344
36302,0.011870000000000047,0.0710446,0.059174601500034285,7.20758,8.370271,1.1626907290649413,3.621039999999997,6.93347,3.31242977233887,-0.07585940000000002,0.013578642,0.08943804215970041
36303,0.0018700000000000383,0.0710446,0.0691746015000343,7.20758,8.370271,1.1626907290649413,2.5210399999999993,6.93347,4.412429772338868,-0.11585940000000006,0.013578642,0.12943804215970045
36304,0.06187000000000009,0.0710446,0.00917460150003424,7.107580000000002,8.370271,1.2626907290649392,5.321039999999998,6.93347,1.612429772338869,-0.025859399999999977,0.013578642,0.03943804215970037
36305,0.011870000000000047,0.0710446,0.059174601500034285,7.007580000000001,8.370271,1.3626907290649406,3.121039999999997,6.93347,3.81242977233887,-0.09585940000000004,0.013578642,0.10943804215970043
36306,0.11187000000000002,0.0710446,-0.04082539849996569,11.00758,8.370271,-2.6373092709350594,10.621039999999999,6.93347,-3.6875702276611317,0.09414060000000002,0.013578642,-0.08056195784029963
36307,0.13187000000000004,0.0710446,-0.06082539849996571,8.807580000000002,8.370271,-0.4373092709350601,10.52104,6.93347,-3.587570227661132,0.14414059999999995,0.013578642,-0.13056195784029956
36308,0.12187000000000003,0.0710446,-0.0508253984999657,8.607580000000002,8.370271,-0.23730927093506082,10.52104,6.93347,-3.587570227661132,0.15414059999999996,0.013578642,-0.14056195784029957
36309,0.10187000000000002,0.0710446,-0.030825398499965684,8.607580000000002,8.370271,-0.23730927093506082,8.321039999999998,6.93347,-1.387570227661131,0.044140599999999974,0.013578642,-0.03056195784029958
36310,0.10187000000000002,0.0710446,-0.030825398499965684,8.40758,8.370271,-0.03730927093505798,5.821039999999998,6.93347,1.112429772338869,-0.08585940000000003,0.013578642,0.09943804215970042
36311,0.0718700000000001,0.0710446,-0.0008253984999657682,8.307580000000002,8.370271,0.06269072906493989,7.521039999999999,6.93347,-0.5875702276611321,0.034140599999999965,0.013578642,-0.020561957840299572
36386,0.226387,0.043755915,-0.1826310849840641,14.405680000000002,8.234579,-6.171100913696291,14.945150000000002,7.5297413,-7.415408712768556,0.21345599999999998,0.08335623,-0.13009976854896543
36387,0.2543869999999999,0.043755915,-0.21063108498406402,8.205680000000001,8.234579,0.028899086303709964,13.875150000000001,7.5297413,-6.345408712768556,0.275456,0.08335623,-0.19209976854896543
36466,0.0914879999999999,-0.0077671423,-0.09925514226230969,9.141820000000003,8.693972,-0.4478483660888699,7.31644,5.334768,-1.9816721815490723,-0.013692199999999932,-0.009339975,0.004352224806857041
36564,0.12387999999999999,0.055898257,-0.06798174340009688,4.7515399999999985,6.52721,1.7756702355957046,7.372200000000001,7.3320336,-0.04016636581421018,0.10025010000000001,0.089428484,-0.010821615560150155
36565,-0.02778499999999995,0.015626702,0.043411702457666346,11.388349999999999,8.811799,-2.5765509506225577,7.587250000000001,6.419039,-1.1682112274169931,-0.007735899999999907,0.016558826,0.02429472596969595
36566,-0.01778499999999994,0.015626702,0.03341170245766634,11.518349999999998,8.811799,-2.7065509506225567,7.987250000000001,6.419039,-1.5682112274169935,0.002264100000000102,0.016558826,0.014294725969695943
36567,-0.02778499999999995,0.015626702,0.043411702457666346,11.568349999999999,8.811799,-2.7565509506225574,8.26725,6.419039,-1.8482112274169928,0.02226410000000001,0.016558826,-0.005705274030303964
36568,0.012215000000000087,0.015626702,0.00341170245766631,10.86835,8.811799,-2.056550950622558,7.887250000000002,6.419039,-1.4682112274169938,0.002264100000000102,0.016558826,0.014294725969695943
36625,0.5223869999999999,0.028882371,-0.49350462873828405,18.50568,9.908062,-8.59761801879883,19.40515,7.73757,-11.667580191040038,0.48945600000000006,0.04604098,-0.44341502171731
36626,-0.03761300000000012,0.028882371,0.06649537126171601,8.605680000000003,9.908062,1.3023819812011688,6.405150000000001,7.73757,1.3324198089599602,0.038455999999999935,0.04604098,0.0075849782826901135
36638,0.12253400000000003,0.11785846,-0.0046755379643440564,8.546149999999997,7.68785,-0.8583000015258762,9.088349999999998,8.878459,-0.2098910232543929,0.06081619999999999,0.07996926,0.019153057116317762
36753,-0.04799700000000007,-0.038820982,0.00917601802062995,10.812470000000005,9.275241,-1.5372291018676805,6.864879999999999,4.809345,-2.0555352314758295,-0.00011470000000002312,-0.033959564,-0.03384486382155416
36754,-0.04999700000000007,-0.038820982,0.011176018020629952,10.602470000000004,9.275241,-1.3272291018676796,5.744879999999998,4.809345,-0.9355352314758285,-0.04211469999999995,-0.033959564,0.008155136178445765
36755,-0.07199700000000009,-0.038820982,0.03317601802062997,8.092470000000002,9.275241,1.182770898132322,2.3648799999999994,4.809345,2.4444647685241705,-0.08211469999999987,-0.033959564,0.04815513617844569
36756,-0.06099699999999997,-0.038820982,0.02217601802062985,8.752470000000002,9.275241,0.5227708981323218,3.6548799999999986,4.809345,1.1544647685241713,-0.061114699999999966,-0.033959564,0.027155136178445782
36757,-0.058996999999999966,-0.038820982,0.02017601802062985,9.432470000000002,9.275241,-0.1572291018676779,3.964880000000001,4.809345,0.8444647685241691,-0.07211469999999987,-0.033959564,0.03815513617844568
37054,-0.059414999999999996,-0.025596265,0.0338187352502346,5.895590000000002,6.4329853,0.5373953057861307,5.151009999999999,6.0400825,0.8890724546813971,0.05871729999999997,0.06374361,0.0050263136603355685
37055,-0.059414999999999996,-0.025596265,0.0338187352502346,6.345590000000001,6.4329853,0.08739530578613142,5.961010000000002,6.0400825,0.07907245468139479,0.07871729999999999,0.06374361,-0.01497368633966445
37056,-0.04941499999999999,-0.025596265,0.02381873525023459,6.575590000000002,6.4329853,-0.142604694213869,5.841010000000001,6.0400825,0.19907245468139578,0.05871729999999997,0.06374361,0.0050263136603355685
37058,-0.01941499999999996,-0.025596265,-0.006181264749765436,6.67559,6.4329853,-0.24260469421386688,6.38101,6.0400825,-0.34092754531860336,0.05871729999999997,0.06374361,0.0050263136603355685
37060,0.020585000000000075,-0.025596265,-0.04618126474976547,5.575590000000002,6.4329853,0.857395305786131,6.401009999999999,6.0400825,-0.36092754531860294,0.06871729999999998,0.06374361,-0.00497368633966444
37061,0.10058500000000004,-0.025596265,-0.12618126474976543,6.735590000000002,6.4329853,-0.30260469421386915,8.07101,6.0400825,-2.030927545318603,0.04871729999999996,0.06374361,0.015026313660335577
37062,-0.03941499999999998,-0.025596265,0.013818735250234582,5.97559,6.4329853,0.4573953057861324,5.761009999999999,6.0400825,0.27907245468139763,0.06871729999999998,0.06374361,-0.00497368633966444
37063,-0.02941499999999997,-0.025596265,0.003818735250234573,6.49559,6.4329853,-0.06260469421386716,6.97101,6.0400825,-0.9309275453186032,0.09871730000000001,0.06374361,-0.03497368633966447
37064,-0.03941499999999998,-0.025596265,0.013818735250234582,6.90559,6.4329853,-0.4726046942138673,6.27101,6.0400825,-0.23092754531860393,0.05871729999999997,0.06374361,0.0050263136603355685
37065,-0.009414999999999951,-0.025596265,-0.016181264749765445,5.665590000000002,6.4329853,0.7673953057861311,5.321010000000001,6.0400825,0.7190724546813954,0.038717299999999955,0.06374361,0.025026313660335586
37066,-0.02941499999999997,-0.025596265,0.003818735250234573,6.805590000000002,6.4329853,-0.37260469421386944,6.331009999999999,6.0400825,-0.29092754531860265,0.05871729999999997,0.06374361,0.0050263136603355685
37067,0.0005850000000000577,-0.025596265,-0.026181264749765454,6.795590000000001,6.4329853,-0.3626046942138679,7.62101,6.0400825,-1.5809275453186036,0.09871730000000001,0.06374361,-0.03497368633966447
37068,0.010585000000000067,-0.025596265,-0.03618126474976546,6.1255900000000025,6.4329853,0.3073953057861303,6.431010000000001,6.0400825,-0.3909275453186041,0.05871729999999997,0.06374361,0.0050263136603355685
37069,-0.01941499999999996,-0.025596265,-0.006181264749765436,6.67559,6.4329853,-0.24260469421386688,6.81101,6.0400825,-0.7709275453186031,0.07871729999999999,0.06374361,-0.01497368633966445
37070,0.0005850000000000577,-0.025596265,-0.026181264749765454,6.205590000000001,6.4329853,0.22739530578613198,5.901009999999999,6.0400825,0.13907245468139706,0.038717299999999955,0.06374361,0.025026313660335586
37071,-0.02941499999999997,-0.025596265,0.003818735250234573,6.165590000000002,6.4329853,0.26739530578613113,5.61101,6.0400825,0.4290724546813962,0.04871729999999996,0.06374361,0.015026313660335577
37072,0.0005850000000000577,-0.025596265,-0.026181264749765454,6.3755900000000025,6.4329853,0.05739530578613028,6.46101,6.0400825,-0.42092754531860344,0.05871729999999997,0.06374361,0.0050263136603355685
37073,-0.04941499999999999,-0.025596265,0.02381873525023459,6.72559,6.4329853,-0.2926046942138676,6.61101,6.0400825,-0.5709275453186038,0.0887173,0.06374361,-0.024973686339664458
37075,0.010585000000000067,-0.025596265,-0.03618126474976546,6.345590000000001,6.4329853,0.08739530578613142,6.171009999999999,6.0400825,-0.1309275453186025,0.038717299999999955,0.06374361,0.025026313660335586
37077,-0.02941499999999997,-0.025596265,0.003818735250234573,6.42559,6.4329853,0.007395305786133122,6.47101,6.0400825,-0.4309275453186032,0.07871729999999999,0.06374361,-0.01497368633966445
37078,0.010585000000000067,-0.025596265,-0.03618126474976546,6.035590000000003,6.4329853,0.39739530578613014,6.151009999999999,6.0400825,-0.11092754531860294,0.04871729999999996,0.06374361,0.015026313660335577
37079,-0.08941500000000002,-0.025596265,0.06381873525023463,6.345590000000001,6.4329853,0.08739530578613142,4.11101,6.0400825,1.9290724546813962,0.018717299999999937,0.06374361,0.045026313660335604
37080,-0.069415,-0.025596265,0.04381873525023461,5.575590000000002,6.4329853,0.857395305786131,4.741009999999999,6.0400825,1.2990724546813972,0.05871729999999997,0.06374361,0.0050263136603355685
37081,-0.04941499999999999,-0.025596265,0.02381873525023459,6.6355900000000005,6.4329853,-0.20260469421386773,5.671009999999999,6.0400825,0.3690724546813975,0.04871729999999996,0.06374361,0.015026313660335577
37082,-0.059414999999999996,-0.025596265,0.0338187352502346,5.67559,6.4329853,0.7573953057861331,4.97101,6.0400825,1.0690724546813968,0.05871729999999997,0.06374361,0.0050263136603355685
37083,-0.03941499999999998,-0.025596265,0.013818735250234582,6.49559,6.4329853,-0.06260469421386716,5.491009999999999,6.0400825,0.5490724546813972,0.038717299999999955,0.06374361,0.025026313660335586
37084,-0.01941499999999996,-0.025596265,-0.006181264749765436,5.575590000000002,6.4329853,0.857395305786131,5.761009999999999,6.0400825,0.27907245468139763,0.06871729999999998,0.06374361,-0.00497368633966444
37085,-0.04941499999999999,-0.025596265,0.02381873525023459,5.6355900000000005,6.4329853,0.7973953057861323,4.871009999999998,6.0400825,1.1690724546813982,0.04871729999999996,0.06374361,0.015026313660335577
37087,-0.02941499999999997,-0.025596265,0.003818735250234573,6.395590000000002,6.4329853,0.037395305786130706,5.36101,6.0400825,0.6790724546813962,0.028717299999999946,0.06374361,0.035026313660335595
37088,-0.069415,-0.025596265,0.04381873525023461,5.825590000000002,6.4329853,0.607395305786131,4.461010000000002,6.0400825,1.5790724546813948,0.038717299999999955,0.06374361,0.025026313660335586
37089,-0.009414999999999951,-0.025596265,-0.016181264749765445,5.5055900000000015,6.4329853,0.9273953057861313,5.641010000000001,6.0400825,0.3990724546813951,0.05871729999999997,0.06374361,0.0050263136603355685
37090,-0.059414999999999996,-0.025596265,0.0338187352502346,6.24559,6.4329853,0.18739530578613284,4.97101,6.0400825,1.0690724546813968,0.038717299999999955,0.06374361,0.025026313660335586
37091,0.0005850000000000577,-0.025596265,-0.026181264749765454,5.6255900000000025,6.4329853,0.8073953057861303,6.11101,6.0400825,-0.07092754531860379,0.06871729999999998,0.06374361,-0.00497368633966444
37092,-0.02941499999999997,-0.025596265,0.003818735250234573,5.845590000000001,6.4329853,0.5873953057861314,4.901009999999999,6.0400825,1.139072454681397,0.028717299999999946,0.06374361,0.035026313660335595
37093,-0.07941500000000001,-0.025596265,0.05381873525023462,5.715590000000002,6.4329853,0.7173953057861304,4.931010000000001,6.0400825,1.109072454681396,0.06871729999999998,0.06374361,-0.00497368633966444
37096,-0.069415,-0.025596265,0.04381873525023461,5.765590000000003,6.4329853,0.6673953057861297,4.88101,6.0400825,1.1590724546813966,0.05871729999999997,0.06374361,0.0050263136603355685
37097,-0.02941499999999997,-0.025596265,0.003818735250234573,5.855590000000003,6.4329853,0.5773953057861299,5.13101,6.0400825,0.9090724546813966,0.038717299999999955,0.06374361,0.025026313660335586
37100,-0.059414999999999996,-0.025596265,0.0338187352502346,5.765590000000003,6.4329853,0.6673953057861297,5.04101,6.0400825,0.9990724546813965,0.05871729999999997,0.06374361,0.0050263136603355685
37102,-0.07941500000000001,-0.025596265,0.05381873525023462,5.665590000000002,6.4329853,0.7673953057861311,4.81101,6.0400825,1.229072454681397,0.06871729999999998,0.06374361,-0.00497368633966444
37214,-0.001742999999999828,-0.006118032,-0.0043750321499707034,16.061200000000003,14.752949,-1.308251239013675,14.73947,14.047831,-0.6916394183349617,0.2246475,0.20814934,-0.016498156270980835
37328,-0.02761300000000011,0.028882371,0.056495371261716,7.425680000000003,9.908062,2.4823819812011685,5.37515,7.73757,2.3624198089599613,0.024455999999999922,0.04604098,0.021584978282690126
37408,-0.03474299999999997,0.007251495,0.04199449502977726,3.5769599999999997,4.785513,1.2085529241943362,0.7340900000000019,2.9176733,2.1835833493804913,-0.024622699999999997,0.021090416,0.045713116237711904
37600,0.4155380000000001,0.3717171,-0.04382090462493904,16.160790000000002,14.872259,-1.2885308599853538,18.21133,17.826569,-0.38476139648437524,0.4152191,0.3940943,-0.021124811650848396
37601,0.355538,0.3717171,0.016179095375061014,15.06079,14.872259,-0.18853085998535235,17.611330000000002,17.826569,0.21523860351562263,0.3952191,0.3940943,-0.0011248116508483785
37726,0.12238699999999991,0.059867132,-0.06251986754488936,12.805680000000002,9.073113,-3.7325665585327172,10.90515,7.2932005,-3.611949507141114,0.03145599999999993,0.009468745,-0.021987254559755254
37727,0.1023869999999999,0.059867132,-0.042519867544889345,9.40568,9.073113,-0.3325665585327151,8.52515,7.2932005,-1.2319495071411133,0.03145599999999993,0.009468745,-0.021987254559755254
37789,0.06000899999999998,0.051092893,-0.00891610711479185,14.831130000000002,14.501627,-0.32950303161621264,13.666080000000001,13.4321375,-0.23394251068115324,0.0684248999999999,0.11283531,0.04441041039953242
37790,0.09558299999999997,0.0862744,-0.009308599646568272,18.63033,12.580542,-6.049788389282227,17.14777,11.016161,-6.131609035034181,0.1667229,0.059160113,-0.10756278666534425
37890,-0.10817800000000011,-0.1010602,0.007117803242683518,4.8942400000000035,5.5669103,0.6726702668762172,3.090160000000001,3.7726328,0.6824728372955313,0.04883590000000004,0.050119106,0.0012832057264804408
37898,-0.08817800000000009,-0.1010602,-0.0128821967573165,5.374240000000004,5.5669103,0.1926702668762168,4.100159999999999,3.7726328,-0.3275271627044667,0.05883590000000005,0.050119106,-0.008716794273519568
37973,0.1333209999999999,0.10820007,-0.025120926757812412,1.439070000000001,4.696088,3.2570178372192373,4.57621,7.6532063,3.07699634841919,0.05661309999999997,0.111648925,0.05503582464876178
38487,-0.04363600000000001,-0.034767505,0.008868495218515404,8.26624,10.063159,1.796918988952637,7.2173099999999994,9.713363,2.4960526937866216,0.06105130000000003,0.1232136,0.062162296642017334
38488,-0.02363599999999999,-0.034767505,-0.011131504781484614,9.566239999999997,10.063159,0.49691898895263975,9.317309999999999,9.713363,0.396052693786622,0.10405130000000007,0.1232136,0.019162296642017296
38489,0.006364000000000036,-0.034767505,-0.04113150478148464,12.066239999999997,10.063159,-2.0030810110473602,14.017309999999998,9.713363,-4.303947306213377,0.2590513000000001,0.1232136,-0.13583770335798273
38778,0.030312000000000117,-0.008431649,-0.038743648835539934,12.867569999999999,8.835816,-4.031753616638182,14.250419999999998,10.504194,-3.7462257403564436,0.24931179999999997,0.13078049,-0.1185313117473602
38780,0.05867700000000009,0.026581982,-0.032095017849326224,10.88559,9.554332,-1.33125822052002,11.42638,7.8937135,-3.5326665257263183,0.16388749999999996,0.0463285,-0.11755900008678433
38782,0.0014369999999999106,0.046524864,0.04508786369013795,7.298460000000002,8.704562,1.406102187194822,8.812490000000002,9.580183,0.7676930291748025,0.14453720000000003,0.1396683,-0.004868899252128633
38810,0.07156600000000013,0.08404094,0.012474939807891716,7.39648,7.7411456,0.3446656108093258,9.906,9.805571,-0.1004293975830084,0.1392371,0.13485709,-0.004380011672592166
38812,0.07556600000000013,0.08404094,0.008474939807891713,7.606480000000001,7.7411456,0.13466561080932493,9.386000000000001,9.805571,0.4195706024169912,0.11323710000000009,0.13485709,0.021619988327407746
38826,0.150764,0.0750835,-0.07568049836301805,9.409720000000002,6.7931514,-2.61656862136841,11.58361,7.122268,-4.461341800079346,0.2693011,0.1505926,-0.1187085046611786
38827,0.07876399999999995,0.0750835,-0.003680498363017981,6.169720000000002,6.7931514,0.6234313786315901,7.94361,7.122268,-0.8213418000793453,0.15530109999999997,0.1505926,-0.004708504661178559
38828,0.155764,0.0750835,-0.08068049836301805,10.349720000000001,6.7931514,-3.5565686213684096,10.92361,7.122268,-3.8013418000793457,0.1773011000000001,0.1505926,-0.02670850466117869
38829,0.155764,0.0750835,-0.08068049836301805,10.549720000000002,6.7931514,-3.7565686213684106,11.08361,7.122268,-3.961341800079346,0.1883011,0.1505926,-0.03770850466117859
38831,0.3477640000000001,0.0750835,-0.2726804983630181,17.16972,6.7931514,-10.37656862136841,15.81361,7.122268,-8.691341800079346,0.4363011000000001,0.1505926,-0.2857085046611787
38832,0.127764,0.0750835,-0.052680498363018025,4.56972,6.7931514,2.2234313786315916,6.69361,7.122268,0.4286581999206547,0.10030110000000003,0.1505926,0.05029149533882138
38833,-0.06923600000000008,0.0750835,0.14431950163698204,1.989720000000002,6.7931514,4.80343137863159,1.7036100000000012,7.122268,5.418658199920653,0.057301099999999994,0.1505926,0.09329149533882142
38834,-0.059236000000000066,0.0750835,0.13431950163698203,4.3797200000000025,6.7931514,2.4134313786315893,3.93361,7.122268,3.1886581999206545,0.07730110000000001,0.1505926,0.0732914953388214
38836,-0.06923600000000008,0.0750835,0.14431950163698204,1.74972,6.7931514,5.043431378631592,-0.04638999999999882,7.122268,7.168658199920653,-0.009698899999999955,0.1505926,0.16029149533882137
39141,0.0014879999999999338,-0.012538156,-0.01402615554082387,6.141820000000003,8.02479,1.8829698101806613,3.2164399999999986,4.952693,1.7362529855346693,-0.05369219999999997,0.005426919,0.05911911908776757
39161,0.16622499999999996,0.12497521,-0.04124978808164592,19.096040000000002,15.605464,-3.490576018371584,19.52153,16.478865,-3.042665330200194,0.19850879999999993,0.15131189,-0.0471969107091903
39163,0.15622499999999995,0.12497521,-0.031249788081645913,14.906040000000004,15.605464,0.6994239816284136,16.921529999999997,16.478865,-0.4426653302001924,0.17450880000000002,0.15131189,-0.023196910709190388
39222,0.05221500000000012,0.014763911,-0.037451088745296124,7.708349999999999,7.537286,-0.1710641952514642,12.547250000000002,6.169963,-6.377287117004396,0.31226410000000004,0.03967462,-0.2725894789246083
39223,0.042215000000000114,0.014763911,-0.027451088745296115,7.418349999999997,7.537286,0.11893580474853849,11.797250000000002,6.169963,-5.627287117004396,0.2822641000000001,0.03967462,-0.2425894789246083
39350,-0.09102100000000002,0.017716788,0.10873778775548937,7.105720000000005,10.440196,3.3344760372924753,2.0325399999999973,6.565245,4.532705151519778,-0.06192249999999999,0.024065245,0.08598774494290351
39392,0.04981499999999994,0.053467862,0.0036528623080254174,5.8782299999999985,5.0045915,-0.8736385350036606,7.045549999999999,6.2027073,-0.8428427093505846,0.11202750000000006,0.06910174,-0.042925756599903164
39393,0.08981499999999987,0.053467862,-0.03634713769197451,5.3782299999999985,5.0045915,-0.3736385350036606,6.525549999999999,6.2027073,-0.322842709350585,0.07202750000000002,0.06910174,-0.0029257565999031288
39433,-0.0608820000000001,0.04863522,0.10951721829247485,5.511850000000003,7.90053,2.3886798614501927,3.8847200000000015,6.7990594,2.914339391021727,-0.0019947999999999633,0.041623212,0.043618012397098505
39700,0.06253400000000009,0.06780071,0.005266708115100771,11.146149999999999,10.891975,-0.2541745971679674,8.488349999999999,8.643523,0.15517321624755986,0.0008162000000000447,0.019449828,0.018633628192591623
39701,0.05253400000000008,0.06780071,0.01526670811510078,10.44615,10.891975,0.44582540283203187,8.388349999999999,8.643523,0.2551732162475595,0.06081619999999999,0.019449828,-0.04136637180740832
39703,0.11253400000000002,0.06780071,-0.04473329188489916,11.346149999999998,10.891975,-0.4541745971679667,9.088349999999998,8.643523,-0.4448267837524398,0.010816199999999943,0.019449828,0.008633628192591725
39887,-0.103707,-0.06699415,0.036712847036838525,1.330490000000001,2.1800704,0.849580400238036,-1.2855799999999995,0.22779317,1.5133731720018382,-0.01874140000000002,0.007624364,0.026365763992363234
39888,-0.060707000000000066,-0.06699415,-0.006287152963161402,2.4504899999999985,2.1800704,-0.2704195997619614,1.4044199999999982,0.22779317,-1.1766268279981595,0.02425860000000002,0.007624364,-0.016634236007636805
39889,-0.06570699999999996,-0.06699415,-0.0012871529631615086,1.590489999999999,2.1800704,0.589580400238038,0.01442000000000121,0.22779317,0.21337317200183747,-0.001741400000000115,0.007624364,0.00936576399236333
40018,0.05502600000000002,-0.025745096,-0.08077109568512442,7.61889,6.530644,-1.0882460600280766,7.265000000000001,5.417507,-1.8474928283691412,0.02747069999999996,0.053061135,0.02559043511323933
40019,0.04502600000000001,-0.025745096,-0.07077109568512441,6.218889999999998,6.530644,0.3117539399719256,4.665000000000001,5.417507,0.7525071716308585,-0.0525293,0.053061135,0.10559043511323929
40040,0.02189899999999989,0.029770032,0.007871031571388354,8.78529,9.166254,0.38096404357910174,9.517610000000001,10.452136,0.9345260397338855,0.09322010000000003,0.11580474,0.022584639296436282
40497,-0.018213000000000035,-0.025547246,-0.00733424551737305,11.620159999999998,10.208085,-1.4120749398803696,7.35717,5.104145,-2.253024949951172,-0.024511999999999978,-0.03701054,-0.012498539323091529
41204,-0.031049000000000104,0.05073437,0.08178337094688426,9.805870000000002,12.458584,2.652713831787107,6.354890000000001,9.844389,3.489498961791991,-0.015150600000000125,0.055890847,0.07104144699749959
41237,-0.009613000000000094,0.043755915,0.05336891501593599,10.505680000000002,8.234579,-2.2711009136962907,7.565150000000001,7.5297413,-0.03540871276855562,0.014455999999999913,0.08335623,0.06890023145103463
41238,0.004386999999999919,0.007727669,0.0033406690863073685,11.49568,11.481733,-0.013946677856445433,8.65515,10.570627,1.9154772125244133,0.027455999999999925,0.11403074,0.08657474115514763
41251,0.07950899999999994,0.07317418,-0.0063348213996886615,9.851770000000002,9.491788,-0.35998208953857613,9.865739999999999,8.694297,-1.1714431631469715,0.10065210000000002,0.07527469,-0.025377409014320396
41279,0.025386999999999937,0.028882371,0.0034953712617159516,13.905680000000002,9.908062,-3.99761801879883,9.385150000000001,7.73757,-1.6475801910400403,-0.04754400000000014,0.04604098,0.09358497828269019
41325,-0.047784999999999966,0.014763911,0.06254891125470396,7.488349999999997,7.537286,0.0489358047485382,2.497250000000001,6.169963,3.6727128829956044,-0.08773589999999998,0.03967462,0.12741052107539175
41326,0.15738699999999994,0.03246558,-0.12492141914916033,10.705680000000001,9.09092,-1.6147595516967783,11.50515,7.3753567,-4.1297933258056645,0.12145600000000001,0.044359583,-0.07709641659235955
41327,0.28238699999999994,0.03246558,-0.24992141914916033,14.805680000000002,9.09092,-5.71475955169678,14.70515,7.3753567,-7.329793325805664,0.14145599999999992,0.044359583,-0.09709641659235946
41328,0.30238699999999996,0.03246558,-0.26992141914916035,17.405680000000004,9.09092,-8.314759551696781,17.90515,7.3753567,-10.529793325805663,0.38145599999999996,0.044359583,-0.3370964165923595
41350,-0.02761300000000011,0.059867132,0.08748013245511066,7.505680000000002,9.073113,1.5674334414672835,7.805150000000001,7.2932005,-0.5119495071411144,0.1314559999999999,0.009468745,-0.12198725455975523
41367,0.30238699999999996,0.03246558,-0.26992141914916035,11.925680000000003,9.09092,-2.8347595516967807,12.44515,7.3753567,-5.069793325805664,0.03145599999999993,0.044359583,0.012903583407640529
41538,0.05852900000000005,0.06645015,0.007921148820877022,3.2787599999999983,4.013572,0.7348122160339372,12.536719999999999,9.226627,-3.3100926501464834,0.46920370000000006,0.28668892,-0.18251477616424566
41539,0.06852900000000006,0.06645015,-0.002078851179122987,5.278759999999998,4.013572,-1.2651877839660628,13.92672,9.226627,-4.700092650146484,0.5092037,0.28668892,-0.22251477616424564
41540,0.05852900000000005,0.06645015,0.007921148820877022,3.988759999999999,4.013572,0.024812216033936352,5.866719999999999,9.226627,3.3599073498535166,0.0992037,0.28668892,0.1874852238357544
41541,0.08852899999999997,0.06645015,-0.022078851179122894,4.278759999999998,4.013572,-0.2651877839660628,6.566719999999998,9.226627,2.6599073498535173,0.0992037,0.28668892,0.1874852238357544
41678,0.3702383,0.20497322,-0.1652650791748047,18.62678,11.670084,-6.956696000366211,15.89093,9.705662,-6.18526822631836,0.46802509999999997,0.3267816,-0.1412434992862701
41746,-0.038112000000000146,-0.040077582,-0.0019655820016859504,7.97804,5.9995356,-1.9785044393920899,6.362019999999999,5.5108767,-0.8511433444213861,0.06489519999999993,0.049000036,-0.01589516402859681
41747,-0.038112000000000146,-0.040077582,-0.0019655820016859504,5.97804,5.9995356,0.021495560607910136,6.26202,5.5108767,-0.7511433444213864,0.034895199999999904,0.049000036,0.014104835971403218
41748,-0.048112000000000155,-0.040077582,0.008034417998314058,4.97804,5.9995356,1.0214955606079101,3.3620199999999993,5.5108767,2.148856655578614,0.024895200000000006,0.049000036,0.024104835971403116
41749,-0.048112000000000155,-0.040077582,0.008034417998314058,4.378040000000002,5.9995356,1.621495560607908,4.362019999999999,5.5108767,1.148856655578614,0.014895199999999997,0.049000036,0.034104835971403125
41823,0.058694000000000135,0.11170914,0.05301514024114595,19.70765,17.360159,-2.347491079711915,18.1997,17.014076,-1.1856237670898437,0.1525301,0.12852302,-0.024007078063583376
41876,0.06793399999999994,0.062300954,-0.005633045985937057,4.06833,6.8035173,2.73518734161377,4.240360000000001,5.6495194,1.409159443511962,0.02952010000000005,0.011602998,-0.017917102220153858
41908,0.009717700000000051,-0.011910674,-0.021628374162209085,8.805240000000001,7.3503876,-1.4548524267578138,8.571629999999999,7.1194816,-1.4521484364318837,0.09719449999999996,0.09032315,-0.006871349842071495
42007,-0.08114550000000009,-0.07432517,0.0068203333573342295,6.02018,5.6612735,-0.35890652053832994,3.5999199999999973,3.386605,-0.2133149756622288,-0.01939920000000006,0.0114889555,0.030888155467939438
42008,-0.10114550000000011,-0.07432517,0.026820333357334247,4.120180000000001,5.6612735,1.5410934794616686,0.9499199999999988,3.386605,2.43668502433777,-0.01939920000000006,0.0114889555,0.030888155467939438
42009,-0.0911455000000001,-0.07432517,0.01682033335733424,4.620180000000001,5.6612735,1.0410934794616686,2.4499199999999988,3.386605,0.9366850243377698,0.030600799999999984,0.0114889555,-0.019111844532060607
42123,0.028456000000000037,0.07332228,0.044866281241416894,0.716190000000001,3.1318886,2.4156986280059805,2.4027600000000007,5.992012,3.5892520239257806,0.0694509000000001,0.12290989,0.053458988625144865
42173,0.06238699999999997,0.08108614,0.018699136400699645,26.56568,12.786181,-13.779498550109864,19.40515,11.786968,-7.618181768798827,0.24145599999999995,0.1346293,-0.10682670572376246
42174,0.1023869999999999,0.08108614,-0.02130086359930028,10.38568,12.786181,2.400501449890136,11.40515,11.786968,0.3818182312011711,0.16145599999999993,0.1346293,-0.026826705723762445
42175,0.19238699999999997,0.08108614,-0.11130086359930036,16.77568,12.786181,-3.9894985501098645,15.305150000000001,11.786968,-3.5181817687988293,0.18145599999999995,0.1346293,-0.04682670572376246
