Ref_ID,delta_Voc_true,delta_Voc_pred,delta_Voc_error,delta_Jsc_true,delta_Jsc_pred,delta_Jsc_error,delta_PCE_true,delta_PCE_pred,delta_PCE_error,delta_FF_true,delta_FF_pred,delta_FF_error
20,0.10898999999999992,0.052572772,-0.0564172280931472,12.851590000000002,10.093335,-2.7582548483276383,10.28508,7.8654623,-2.4196176968383796,-0.006516399999999978,0.012310074,0.01882647371097801
22,-0.041154000000000135,-0.048858855,-0.007704854919671877,13.580079999999999,12.04959,-1.5304898892211902,12.088349999999998,10.237318,-1.8510319610595687,0.10617929999999998,0.07387297,-0.03230633144550321
23,-0.07115400000000016,-0.048858855,0.02229514508032815,11.580079999999999,12.04959,0.4695101107788098,9.18835,10.237318,1.04896803894043,0.059179300000000046,0.07387297,0.01469366855449672
24,-0.08115400000000017,-0.048858855,0.03229514508032816,11.250079999999997,12.04959,0.7995101107788116,8.18835,10.237318,2.04896803894043,0.03317930000000002,0.07387297,0.04069366855449674
25,-0.051154000000000144,-0.048858855,0.0022951450803281315,11.70008,12.04959,0.3495101107788088,10.388349999999999,10.237318,-0.1510319610595694,0.09517929999999997,0.07387297,-0.0213063314455032
26,-0.041154000000000135,-0.048858855,-0.007704854919671877,13.580079999999999,12.04959,-1.5304898892211902,12.088349999999998,10.237318,-1.8510319610595687,0.10617929999999998,0.07387297,-0.03230633144550321
27,-0.08115400000000017,-0.048858855,0.03229514508032816,11.250079999999997,12.04959,0.7995101107788116,8.18835,10.237318,2.04896803894043,0.03317930000000002,0.07387297,0.04069366855449674
72,-0.09866200000000003,-0.021542564,0.07711943596553805,5.228439999999999,8.471661,3.243220614013673,2.2971799999999973,6.051148,3.753967937774661,-0.004401800000000011,0.03685281,0.04125461053185464
89,0.021665000000000045,0.018860191,-0.0028048088932037807,8.310340000000004,8.514386,0.20404617706298467,7.1113,6.8230624,-0.28823758010864253,0.045322799999999996,0.04205841,-0.0032643917396545374
90,-0.07833500000000004,0.018860191,0.09719519110679631,5.310340000000004,8.514386,3.2040461770629847,2.9113000000000007,6.8230624,3.9117624198913568,0.01532279999999997,0.04205841,0.02673560826034549
91,-0.07833500000000004,0.018860191,0.09719519110679631,6.310340000000004,8.514386,2.2040461770629847,5.1113,6.8230624,1.7117624198913575,0.07532280000000002,0.04205841,-0.033264391739654564
169,-0.028512000000000093,-0.00719788,0.021314119813859556,6.381820000000001,8.231236,1.8494164578247059,2.5964399999999976,5.157879,2.5614388757324242,-0.06569219999999998,0.007048855,0.07274105507002471
170,-0.008512000000000075,-0.00719788,0.0013141198138595378,7.301820000000003,8.231236,0.9294164578247042,4.096439999999999,5.157879,1.0614388757324225,-0.04369219999999996,0.007048855,0.05074105507002469
171,0.04148799999999997,-0.00719788,-0.04868588018614051,7.151820000000004,8.231236,1.0794164578247027,5.9264399999999995,5.157879,-0.7685611242675776,0.018307800000000096,0.007048855,-0.011258944929975367
267,-0.11485750000000006,-0.053774036,0.06108346353292471,5.84205,6.31281,0.4707599441528316,2.4481800000000007,4.925709,2.4775287707519524,0.0021046999999999594,0.04894196,0.04683725869565014
297,0.012386999999999926,0.028373338,0.01598633828210838,8.535680000000003,9.791809,1.2561290820312472,6.09515,7.5606647,1.4655146537780759,-0.005544000000000104,0.04217111,0.04771510946774493
391,0.13438699999999992,0.028964328,-0.10542267235171787,5.09768,8.942326,3.844645592041015,6.34515,7.24157,0.8964199958801267,0.024455999999999922,0.041560274,0.017104273617506105
411,-0.059236000000000066,-0.017509196,0.04172680404639251,1.2597200000000015,3.9265745,2.6668544686126694,0.9736100000000008,2.1577091,1.1840991217041008,0.04030109999999998,0.017089268,-0.02321183180735109
412,-0.059236000000000066,-0.017509196,0.04172680404639251,0.8897200000000005,3.9265745,3.0368544686126704,-0.37639000000000067,2.1577091,2.5340991217041022,0.0003011000000000541,0.017089268,0.016788168192648834
413,-0.08023599999999997,-0.017509196,0.06272680404639241,0.8697200000000009,3.9265745,3.05685446861267,-1.6763900000000014,2.1577091,3.834099121704103,-0.03969889999999998,0.017089268,0.05678816819264887
414,-0.09223599999999998,-0.017509196,0.07472680404639243,0.1297200000000025,3.9265745,3.7968544686126684,-2.706389999999999,2.1577091,4.8640991217041005,-0.04969889999999999,0.017089268,0.06678816819264888
415,-0.09023599999999998,-0.017509196,0.07272680404639242,1.149720000000002,3.9265745,2.776854468612669,-1.336389999999998,2.1577091,3.4940991217040995,-0.029698899999999973,0.017089268,0.04678816819264886
475,0.04858899999999999,-0.013508849,-0.0620978488459587,12.73254,7.458582,-5.273958075561524,13.378440000000001,7.0232778,-6.355162240447999,0.23888559999999992,0.098157905,-0.14072769495782844
529,-0.03254800000000002,0.020149074,0.052697074494838736,7.878070000000001,7.116862,-0.7612081797790538,7.11388,8.02959,0.9157096530151367,0.07242290000000007,0.121762045,0.04933914472780221
853,-0.007784999999999931,0.015714234,0.02349923374116414,8.338349999999998,9.463941,1.125590620422365,6.567250000000001,6.5400095,-0.027240501403809958,0.06626410000000005,-3.1544514e-06,-0.06626725445140591
854,-0.03778499999999996,0.015714234,0.053499233741164165,7.43835,9.463941,2.0255906204223635,4.247250000000001,6.5400095,2.2927594985961903,0.009264100000000108,-3.1544514e-06,-0.00926725445140597
855,0.012215000000000087,0.015714234,0.0034992337411641206,10.338349999999998,9.463941,-0.8744093795776351,7.3572500000000005,6.5400095,-0.8172405014038091,0.04126410000000014,-3.1544514e-06,-0.041267254451406
919,-0.048904999999999976,0.015835486,0.06474048635244367,8.654140000000002,9.818314,1.1641735986328108,6.094740000000002,7.2602334,1.1654934022521957,0.005674199999999963,0.04430268,0.03862847959833149
924,0.0955379999999999,0.11518531,0.019647312926769356,11.14883,10.459397,-0.6894326840209963,12.097650000000002,11.192295,-0.9053549255371109,0.06766990000000006,0.034887847,-0.03278205344071394
925,0.14553799999999995,0.11518531,-0.03035268707323069,10.548830000000002,10.459397,-0.08943268402099847,12.29765,11.192295,-1.1053549255371102,0.06366989999999995,0.034887847,-0.02878205344071383
926,0.0955379999999999,0.11518531,0.019647312926769356,10.748830000000002,10.459397,-0.28943268402099775,10.29765,11.192295,0.8946450744628898,0.002669900000000003,0.034887847,0.032217946559286115
927,0.12553799999999993,0.11518531,-0.01035268707323067,10.548830000000002,10.459397,-0.08943268402099847,11.197650000000001,11.192295,-0.005354925537110589,0.027669900000000025,0.034887847,0.0072179465592860925
928,0.08553799999999989,0.11518531,0.029647312926769365,10.64883,10.459397,-0.18943268402099633,9.49765,11.192295,1.6946450744628905,-0.02433010000000002,0.034887847,0.05921794655928614
929,0.14553799999999995,0.11518531,-0.03035268707323069,10.64883,10.459397,-0.18943268402099633,12.197650000000001,11.192295,-1.0053549255371106,0.05466990000000005,0.034887847,-0.01978205344071393
930,0.10553799999999991,0.11518531,0.009647312926769347,11.14883,10.459397,-0.6894326840209963,10.597650000000002,11.192295,0.5946450744628891,-0.009330100000000008,0.034887847,0.044217946559286125
931,0.19553799999999988,0.11518531,-0.08035268707323062,10.548830000000002,10.459397,-0.08943268402099847,13.79765,11.192295,-2.6053549255371102,0.10166989999999998,0.034887847,-0.06678205344071386
932,0.10553799999999991,0.11518531,0.009647312926769347,10.14883,10.459397,0.31056731597900367,10.89765,11.192295,0.2946450744628901,0.03566990000000003,0.034887847,-0.0007820534407139146
946,0.022823999999999955,0.030513568,0.00768956784999375,8.532060000000001,7.7329597,-0.7991002526855482,10.913789999999999,9.853988,-1.0598023062133777,0.23265439999999993,0.18334578,-0.04930862022342675
949,0.01682399999999995,0.030513568,0.013689567849993756,6.882059999999999,7.7329597,0.850899747314454,8.68379,9.853988,1.170197693786621,0.16165439999999998,0.18334578,0.021691379776573205
950,0.03682399999999997,0.030513568,-0.006310432150006262,7.5720600000000005,7.7329597,0.16089974731445267,9.583789999999999,9.853988,0.2701976937866224,0.1756544,0.18334578,0.007691379776573193
951,0.01682399999999995,0.030513568,0.013689567849993756,6.882059999999999,7.7329597,0.850899747314454,8.68379,9.853988,1.170197693786621,0.16165439999999998,0.18334578,0.021691379776573205
952,0.020823999999999954,0.030513568,0.009689567849993752,9.91206,7.7329597,-2.179100252685547,11.60379,9.853988,-1.749802306213379,0.2026544,0.18334578,-0.01930862022342683
1145,-0.03778499999999996,0.015714234,0.053499233741164165,7.84835,9.463941,1.6155906204223633,4.317250000000001,6.5400095,2.22275949859619,-0.03173590000000004,-3.1544514e-06,0.03173274554859418
1147,-0.047784999999999966,0.015714234,0.06349923374116417,7.958349999999999,9.463941,1.505590620422364,4.387250000000002,6.5400095,2.1527594985961898,-0.027735899999999925,-3.1544514e-06,0.027732745548594062
1148,-0.047784999999999966,0.015714234,0.06349923374116417,7.34835,9.463941,2.1155906204223633,3.827250000000003,6.5400095,2.7127594985961885,-0.029735899999999926,-3.1544514e-06,0.029732745548594064
1149,-0.047784999999999966,0.015714234,0.06349923374116417,8.11835,9.463941,1.3455906204223638,4.407250000000001,6.5400095,2.13275949859619,-0.036735900000000044,-3.1544514e-06,0.03673274554859418
1150,-0.047784999999999966,0.015714234,0.06349923374116417,7.948349999999998,9.463941,1.5155906204223655,4.0972500000000025,6.5400095,2.442759498596189,-0.04373589999999994,-3.1544514e-06,0.043732745548594076
1152,-0.07778499999999999,0.015714234,0.0934992337411642,7.968349999999997,9.463941,1.495590620422366,3.4072500000000012,6.5400095,3.13275949859619,-0.04773589999999994,-3.1544514e-06,0.04773274554859408
1153,-0.047784999999999966,0.015714234,0.06349923374116417,7.858349999999998,9.463941,1.6055906204223653,4.05725,6.5400095,2.4827594985961916,-0.03373589999999993,-3.1544514e-06,0.03373274554859407
1166,-0.025123000000000006,-0.0016699475,0.0234530524763763,10.868780000000001,10.608171,-0.2606085369873057,8.71107,8.823207,0.11213690155029354,0.07799310000000004,0.08234899,0.004355887460136376
1241,-0.08093600000000001,-0.02759904,0.05333695958113671,6.871929999999999,7.8787084,1.0067783625793467,4.97016,6.304871,1.3347110823059083,0.04375220000000002,0.091808215,0.0480560147836685
1242,-0.08093600000000001,-0.02759904,0.05333695958113671,6.871929999999999,7.8787084,1.0067783625793467,4.97016,6.304871,1.3347110823059083,0.04375220000000002,0.091808215,0.0480560147836685
1352,0.011989999999999945,0.043764476,0.03177447573304182,5.66159,10.031666,4.370075802001953,3.0350800000000007,7.4743314,4.439251378936767,-0.04651640000000001,0.031244464,0.0777608642186165
1354,-0.07801000000000013,0.043764476,0.1217744757330419,5.041590000000003,10.031666,4.99007580200195,0.07507999999999981,7.4743314,7.399251378936768,-0.08451640000000005,0.031244464,0.11576086421861653
1356,-0.07951200000000003,-0.0013897072,0.07812229279418292,6.721820000000001,8.945329,2.223508712463378,3.0164399999999993,5.644999,2.628559027252198,-0.04269220000000007,-0.0036002325,0.03909196746402688
1360,-0.049512,-0.0013897072,0.0481222927941829,11.831820000000004,8.945329,-2.886491287536625,6.716439999999999,5.644999,-1.0714409727478014,-0.06469219999999987,-0.0036002325,0.061091967464026675
1362,-0.08351200000000003,-0.0013897072,0.08212229279418293,6.031820000000003,8.945329,2.9135087124633756,1.0964399999999976,5.644999,4.5485590272522,-0.07769219999999999,-0.0036002325,0.0740919674640268
1363,-0.08051200000000014,-0.0013897072,0.07912229279418304,5.791820000000001,8.945329,3.1535087124633776,1.326439999999998,5.644999,4.318559027252199,-0.06269219999999998,-0.0036002325,0.059091967464026784
1365,-0.08851200000000015,-0.0013897072,0.08712229279418304,6.421820000000004,8.945329,2.523508712463375,1.6164400000000008,5.644999,4.0285590272521965,-0.06669219999999998,-0.0036002325,0.06309196746402679
1507,0.012513999999999914,0.029558875,0.017044874666690912,9.17998,8.425415,-0.7545649609375005,6.937480000000001,7.271033,0.3335528102111809,0.013848599999999989,0.041878555,0.028029954970026028
1612,-0.12320760000000008,-0.060252424,0.06295517567048081,6.627849999999999,6.5915203,-0.0363296905517565,6.314879999999999,6.319493,0.004612816925050112,0.16362789999999994,0.15883453,-0.0047933680967330305
1613,0.025188999999999906,0.0089784805,-0.016210519526839162,7.72472,5.2417674,-2.4829525935363765,2.6573899999999995,2.685485,0.02809488616943412,-0.13557419999999998,-0.025143337,0.11043086349530218
1614,-0.019187000000000065,0.011532496,0.03071949572962529,1.9827999999999992,3.0823436,1.0995435783386238,0.860557,2.7376702,1.8771131831817627,-0.01110600000000006,0.11484802,0.12595401769256598
1615,-0.09141730000000003,-0.077511966,0.013905333771514927,3.299900000000001,5.037063,1.7371631217956534,2.9269100000000012,4.263401,1.3364910314941394,0.09641650000000002,0.083913624,-0.012502875713348405
1616,0.10381299999999993,0.011532496,-0.09228050427037471,2.912799999999999,3.0823436,0.1695435783386241,5.190557,2.7376702,-2.4528868168182374,0.32689400000000013,0.11484802,-0.2120459823074342
1821,0.0823830000000001,0.08170154,-0.0006814605431557652,14.43186,12.984164,-1.4476957620239261,14.66864,13.11192,-1.5567196432495116,0.12868599999999997,0.11314626,-0.015539739619255033
1822,0.07238300000000009,0.08170154,0.009318539456844244,12.731859999999998,12.984164,0.2523042379760767,12.71864,13.11192,0.39328035675048767,0.09768599999999994,0.11314626,0.015460260380744995
2024,0.031665000000000054,0.02686969,-0.004795309954285676,7.300340000000002,7.9424844,0.6421443788146952,6.0013000000000005,6.4512205,0.4499205123901362,0.01532279999999997,0.02247254,0.00714973991663459
2025,0.031665000000000054,0.02686969,-0.004795309954285676,7.410340000000005,7.9424844,0.5321443788146922,5.0113,6.4512205,1.4399205123901364,-0.034677199999999964,0.02247254,0.05714973991663452
2026,-0.04833500000000002,0.02686969,0.0752046900457144,7.190340000000003,7.9424844,0.7521443788146946,2.7113000000000014,6.4512205,3.7399205123901353,-0.0746772,0.02247254,0.09714973991663456
2027,0.18166500000000008,0.02686969,-0.1547953099542857,8.710340000000002,7.9424844,-0.7678556211853049,8.8613,6.4512205,-2.4100794876098632,0.01532279999999997,0.02247254,0.00714973991663459
2028,0.05166500000000007,0.02686969,-0.024795309954285694,8.910340000000005,7.9424844,-0.9678556211853078,7.2113,6.4512205,-0.7600794876098629,0.017322800000000083,0.02247254,0.005149739916634477
2029,0.0776650000000001,0.02686969,-0.05079530995428572,7.110340000000004,7.9424844,0.8321443788146929,6.901299999999999,6.4512205,-0.4500794876098624,0.03532279999999999,0.02247254,-0.012850260083365428
2030,0.0766650000000001,0.02686969,-0.049795309954285716,7.110340000000004,7.9424844,0.8321443788146929,6.331300000000001,6.4512205,0.11992051239013612,0.007322800000000074,0.02247254,0.015149739916634486
2031,0.04666500000000007,0.02686969,-0.01979530995428569,7.110340000000004,7.9424844,0.8321443788146929,4.401299999999999,6.4512205,2.0499205123901376,-0.06467719999999999,0.02247254,0.08714973991663455
2032,0.2016650000000001,0.02686969,-0.17479530995428572,8.810340000000004,7.9424844,-0.8678556211853063,9.7913,6.4512205,-3.340079487609863,0.0503228,0.02247254,-0.02785026008336544
2039,0.9943960000000001,0.720503,-0.2738930273971558,31.257279999999994,27.884054,-3.3732258160400335,13.1925,13.436777,0.24427711486816328,0.16212749999999998,0.16662042,0.004492918429374715
2078,0.13155400000000006,0.098457076,-0.0330969243445397,25.90036,19.62004,-6.280319106445312,20.512600000000003,14.904145,-5.608454759216311,0.23002840000000002,0.10963678,-0.1203916164001465
2085,-0.0890740000000001,-0.04754213,0.04153187128806124,5.194769999999998,6.2741313,1.0793612980651872,10.043779999999998,7.7705035,-2.273276479034422,0.23568959999999994,0.16535516,-0.07033443916759485
2086,-0.04907400000000006,-0.04754213,0.001531871288061204,5.894769999999998,6.2741313,0.3793612980651879,7.473779999999998,7.7705035,0.2967235209655783,0.1626896,0.16535516,0.0026655608324051006
2087,-0.019074000000000035,-0.04754213,-0.028468128711938823,7.694769999999998,6.2741313,-1.4206387019348128,9.503779999999999,7.7705035,-1.7332764790344228,0.1876896,0.16535516,-0.02233443916759492
2099,-0.04815400000000003,0.04860153,0.09675553049230579,4.81475,8.051448,3.236697868347168,4.805869999999999,8.515748,3.7098780239868177,0.07766270000000008,0.1124799,0.03481720280389777
2115,-0.07377500000000015,0.007340529,0.08111552900224939,9.246040000000004,11.301899,2.055858956298824,8.62153,11.302749,2.681218680114746,0.09850879999999995,0.106211826,0.007703026205253649
2699,0.20542700000000003,0.16503374,-0.04039325721454623,17.65475,15.229754,-2.4249955520629882,18.11934,16.598495,-1.5208445166015636,0.08701829999999988,0.14152615,0.054507847723198055
2757,-0.03398239999999997,-0.013934661,0.020047739297056166,10.1113,10.352211,0.2409109985351563,7.798629999999999,7.6508155,-0.1478145130920403,0.026508100000000034,0.06113031,0.03462221134009358
2837,-0.009128000000000025,0.022128586,0.031256585726022745,7.0259300000000025,8.563596,1.5376657717895483,5.4815000000000005,7.0246687,1.54316869354248,0.025827899999999904,0.05169308,0.025865181855774022
2844,0.20542700000000003,0.16503374,-0.04039325721454623,18.69475,15.229754,-3.4649955520629874,18.849339999999998,16.598495,-2.2508445166015605,0.0990183,0.14152615,0.042507847723197933
2874,-8.900000000000574e-05,0.038524434,0.03861343397045136,7.625859999999999,8.929478,1.3036176916503912,5.19356,8.7288685,3.5353084844970706,-0.01323350000000001,0.10455614,0.117789643283844
2875,0.06991100000000006,0.038524434,-0.0313865660295487,7.835859999999997,8.929478,1.093617691650394,9.743559999999999,8.7288685,-1.0146915155029284,0.18676649999999995,0.10455614,-0.08221035671615595
2876,0.08991099999999996,0.038524434,-0.05138656602954861,9.85586,8.929478,-0.9263823083496092,12.00356,8.7288685,-3.27469151550293,0.2367665,0.10455614,-0.132210356716156
2877,-0.057613000000000136,0.028373338,0.08598633828210844,6.955680000000001,9.791809,2.836129082031249,2.9451500000000017,7.5606647,4.6155146537780745,-0.04854400000000003,0.04217111,0.09071510946774486
2900,0.03198999999999996,0.0014746011,-0.03051539889980104,7.4415900000000015,8.034664,0.5930741540527329,6.205080000000001,6.2350364,0.02995637313842714,0.021483599999999936,0.029394194,0.007910594483757083
2901,-0.04801000000000011,0.0014746011,0.04948460110019903,7.0615900000000025,8.034664,0.9730741540527319,3.9550800000000024,6.2350364,2.2799563731384254,-0.014516399999999985,0.029394194,0.043910594483757004
3218,0.012386999999999926,0.028964328,0.016577327648282125,9.58568,8.942326,-0.6433544079589844,6.12515,7.24157,1.1164199958801273,-0.041544000000000025,0.041560274,0.08310427361750605
3384,-0.007613000000000092,0.028964328,0.03657732764828214,9.075680000000002,8.942326,-0.13335440795898634,6.92515,7.24157,0.3164199958801266,0.03145599999999993,0.041560274,0.010104273617506099
3385,-0.007613000000000092,0.028964328,0.03657732764828214,6.74568,8.942326,2.1966455920410155,5.50515,7.24157,1.7364199958801265,0.04145599999999994,0.041560274,0.00010427361750608988
3415,0.002386999999999917,0.028964328,0.026577327648282134,7.2256800000000005,8.942326,1.716645592041015,10.00515,7.24157,-2.7635800041198735,0.221456,0.041560274,-0.17989572638249396
3499,-0.022612999999999994,0.028373338,0.0509863382821083,8.705680000000001,9.791809,1.086129082031249,6.10515,7.5606647,1.455514653778076,0.014455999999999913,0.04217111,0.027715109467744914
3503,0.055593399999999904,0.084023766,0.028430366219616032,10.060030000000001,9.616984,-0.44304563262939567,8.46496,9.076429,0.6114693670654301,0.033296800000000015,0.07351491,0.040218108552169785
3504,0.06326029999999994,0.10383561,0.04057531253547675,10.113310000000002,9.500063,-0.6132470574951192,8.83856,9.103811,0.26525126403808663,0.0494325000000001,0.1070377,0.057605200712680715
3505,0.11307089999999997,0.10829246,-0.004778439558410619,7.685870000000001,7.1670985,-0.518771477813722,8.282560000000002,8.257328,-0.025231966552736296,0.07635189999999992,0.073445804,-0.0029060955828665858
3506,0.1269038,0.09698467,-0.02991913043384553,6.469799999999999,8.637943,2.1681432678222663,9.61413,8.580666,-1.0334644116210931,0.1857726999999999,0.11843502,-0.06733768223543157
3552,-0.071075,0.00692391,0.07799891023039818,3.4377199999999988,6.277564,2.839844048767091,4.935819999999998,7.1135087,2.177688701324465,0.14329009999999998,0.12664445,-0.01664565255413053
3553,-0.10107500000000003,0.00692391,0.1079989102303982,2.887719999999998,6.277564,3.3898440487670918,2.9458199999999977,7.1135087,4.167688701324465,0.09829009999999994,0.12664445,0.02835434744586951
3554,-0.11107500000000003,0.00692391,0.11799891023039821,3.257719999999999,6.277564,3.019844048767091,3.9958199999999984,7.1135087,3.1176887013244645,0.13129009999999997,0.12664445,-0.004645652554130519
3568,-0.07761300000000015,0.028964328,0.1065773276482822,8.63568,8.942326,0.30664559204101494,4.60515,7.24157,2.636419995880127,-0.018544000000000005,0.041560274,0.06010427361750603
3655,0.14238699999999993,0.028373338,-0.11401366171789162,11.075680000000002,9.791809,-1.283870917968752,11.82515,7.5606647,-4.2644853462219245,0.14445599999999992,0.04217111,-0.10228489053225509
3697,0.04356000000000004,0.07153378,0.02797377681970592,9.923950000000001,9.881813,-0.04213695068359513,13.021430000000002,10.807224,-2.2142057263183617,0.2727328,0.17104964,-0.10168316041736603
3698,0.06256000000000006,0.07153378,0.008973776819705903,7.32395,9.881813,2.5578630493164063,10.021430000000002,10.807224,0.7857942736816383,0.1657328,0.17104964,0.005316839582633959
3699,0.04156000000000004,0.07153378,0.029973776819705922,8.223950000000002,9.881813,1.6578630493164042,9.521430000000002,10.807224,1.2857942736816383,0.1377328,0.17104964,0.033316839582633984
3700,0.06056000000000006,0.07153378,0.010973776819705905,10.52395,9.881813,-0.642136950683593,12.221430000000002,10.807224,-1.414205726318361,0.22373279999999995,0.17104964,-0.05268316041736598
3701,0.04856000000000005,0.07153378,0.022973776819705916,8.423950000000001,9.881813,1.4578630493164049,8.021430000000002,10.807224,2.7857942736816383,0.1417328,0.17104964,0.02931683958263398
3709,-0.06148600000000015,-0.011539879,0.049946120745003375,8.263110000000001,6.664108,-1.5990022004699718,9.182830000000001,6.3509135,-2.8319164753723154,0.18898579999999998,0.09750998,-0.09147581979827879
3789,-0.047784999999999966,0.015799765,0.06358476454377171,4.338349999999998,8.737159,4.3988087753295915,1.707250000000002,6.4156303,4.70838034057617,-0.07773589999999997,0.01711016,0.09484605962064263
3822,0.12687400000000004,0.13695434,0.01008033735847469,13.205739999999999,13.455329,0.24958894134521614,11.694909999999998,12.594764,0.8998537557983415,0.06629810000000003,0.081537455,0.01523935532035825
3823,0.21777599999999997,0.16003157,-0.05774442801570889,13.50573,13.441235,-0.06449541137695292,13.27467,12.7515545,-0.5231155108642582,0.10399120000000006,0.083539456,-0.020451743870925965
3824,0.23875599999999997,0.18981476,-0.04894123871898648,14.405720000000004,13.598606,-0.8071138903808635,13.698649999999997,12.054659,-1.6439911102294893,0.09943730000000006,0.07849835,-0.02093895140628821
3825,0.26937999999999995,0.18151648,-0.0878635165739059,14.555710000000001,13.405253,-1.1504565896606458,13.9799,12.790699,-1.1892009948730475,0.0853756,0.0931042,0.0077285985750198405
3826,0.260035,0.14703579,-0.11299920753002168,14.725700000000002,12.791672,-1.934028247070314,14.618500000000001,12.722429,-1.8960707244873056,0.14720520000000004,0.12581465,-0.021390553517532385
3827,0.3823869999999999,0.028646853,-0.35374014717888824,19.805680000000002,9.680725,-10.124954902343752,17.21515,7.8817463,-9.333403707885743,0.13345600000000002,0.050982974,-0.0824730255303383
3903,-0.04657800000000001,0.009875989,0.05645398858773709,8.36578,9.70078,1.3349999148559561,6.605729999999999,7.919688,1.313958224792481,0.05507470000000003,0.046454653,-0.00862004685611728
3953,-0.08910499999999999,-0.039199885,0.04990511501908301,4.127230000000001,5.4514847,1.3242546801757804,2.9410600000000002,6.201561,3.2605009741210935,0.053047100000000014,0.10867128,0.05562417776145934
3955,-0.019104999999999928,-0.039199885,-0.02009488498091705,5.227229999999999,5.4514847,0.22425468017578254,15.251060000000003,6.201561,-9.049499025878909,0.5230471,0.10867128,-0.41437582223854064
4012,0.003422000000000036,-0.025287697,-0.028709697091698683,8.035780000000003,8.382279,0.3464993960571263,8.10573,7.4449716,-0.6607584385681147,0.10707470000000008,0.04573662,-0.06133808165998467
4028,0.05238699999999996,0.05337205,0.0009850515668392568,8.105680000000003,9.06156,0.9558796771240203,6.00515,7.310949,1.3057988487243648,-0.028544000000000014,0.012121661,0.04066566063487531
4076,0.16574499999999992,0.068046875,-0.0976981247019767,8.708979999999997,9.825244,1.1162639498901399,10.226890000000001,7.597568,-2.6293219648742685,0.14256879999999994,0.059139542,-0.08342925771837228
4101,-0.007613000000000092,0.028646853,0.03625985282111177,5.4756800000000005,9.680725,4.2050450976562495,6.03515,7.8817463,1.846596292114258,0.09445599999999998,0.050982974,-0.04347302553033827
4102,-0.057613000000000136,0.028646853,0.08625985282111182,4.625680000000003,9.680725,5.055045097656247,3.235150000000001,7.8817463,4.646596292114257,0.03545600000000004,0.050982974,0.01552697446966167
4172,-0.07761300000000015,0.028646853,0.10625985282111183,5.805680000000002,9.680725,3.8750450976562476,4.70515,7.8817463,3.176596292114258,0.07145599999999996,0.050982974,-0.02047302553033825
4174,-0.0176130000000001,0.028646853,0.04625985282111178,7.605680000000003,9.680725,2.075045097656247,8.805150000000001,7.8817463,-0.9234037078857433,0.16345599999999993,0.050982974,-0.11247302553033822
4200,-0.08910499999999999,-0.06172965,0.02737534905552863,9.36723,8.781641,-0.5855889935302727,9.181060000000002,7.5223246,-1.6587354379272483,0.1630471,0.12810408,-0.0349430242105484
4237,0.05238699999999996,0.028964328,-0.02342267235171791,9.29568,8.942326,-0.3533544079589852,9.225150000000001,7.24157,-1.9835800041198741,0.10145599999999999,0.041560274,-0.05989572638249396
4239,0.2423869999999999,0.028964328,-0.21342267235171786,15.365680000000001,8.942326,-6.4233544079589855,16.04515,7.24157,-8.803580004119873,0.271456,0.041560274,-0.22989572638249395
4300,0.08238699999999999,0.028964328,-0.05342267235171794,11.125680000000003,8.942326,-2.183354407958987,9.24515,7.24157,-2.0035800041198737,0.02145599999999992,0.041560274,0.020104273617506108
4301,0.05181100000000005,0.058653884,0.006842883635997721,10.29099,9.237605,-1.0533849050903328,7.8813200000000005,7.5245957,-0.35672426254272516,-0.003105399999999925,0.02676662,0.029872020576381608
4302,0.03376000000000001,0.060110576,0.026350576450824725,16.820030000000003,13.361429,-3.4586007855224636,12.043650000000001,9.913704,-2.12994608154297,-0.013672399999999918,0.02388893,0.03756133067836753
4303,0.02191199999999993,0.012875097,-0.00903690312755101,7.332460000000001,7.511844,0.17938415817260633,5.6569,6.1143994,0.45749943313598607,0.0072030000000000705,0.026005734,0.018802733758211065
4304,0.04074400000000011,0.058688626,0.017944625693321115,7.22297,7.530309,0.3073392002868651,5.793099999999999,6.4942827,0.7011827224731455,0.0024186000000000485,0.030004147,0.027585547440195035
4305,0.11630800000000008,0.071745455,-0.04456254473495491,12.079360000000001,9.026634,-3.0527257836914075,10.468879999999999,7.685768,-2.7831118725585924,0.037999499999999964,0.041613936,0.0036144364242554072
4306,0.1023869999999999,0.028964328,-0.07342267235171784,12.785680000000003,8.942326,-3.843354407958987,10.62515,7.24157,-3.3835800041198727,0.03145599999999993,0.041560274,0.010104273617506099
4307,0.07181100000000007,0.058653884,-0.013157116364002297,11.090990000000001,9.237605,-1.8533849050903335,8.781320000000001,7.5245957,-1.2567242625427255,0.0368946,0.02676662,-0.010127979423618316
4310,0.08574400000000004,0.058688626,-0.027055374306678814,7.7029700000000005,7.530309,-0.1726607997131353,7.363099999999999,6.4942827,-0.8688172775268548,0.05241859999999998,0.030004147,-0.022414452559804898
4311,-0.047784999999999966,0.02135329,0.06913828948497769,6.738349999999997,7.758737,1.020387087249759,4.30725,6.401522,2.094272159576416,0.02226410000000001,0.04194296,0.019678861513996115
4376,0.15238699999999994,0.028646853,-0.12374014717888826,12.285680000000003,9.680725,-2.604954902343753,13.86515,7.8817463,-5.983403707885742,0.23145599999999994,0.050982974,-0.18047302553033823
4377,0.06238699999999997,0.028646853,-0.03374014717888829,10.955680000000001,9.680725,-1.274954902343751,8.50515,7.8817463,-0.6234037078857426,0.0014560000000000128,0.050982974,0.0495269744696617
4378,0.1023869999999999,0.028646853,-0.07374014717888822,11.355680000000003,9.680725,-1.674954902343753,9.91515,7.8817463,-2.0334037078857428,0.04145599999999994,0.050982974,0.009526974469661775
4380,0.06181900000000007,0.07249633,0.010677332228183678,8.358890000000002,8.916066,0.5571761697387672,10.89359,8.707836,-2.185753848876953,0.21441880000000002,0.10203721,-0.11238159370784762
4381,0.011819000000000024,0.07249633,0.06067733222818372,8.158890000000003,8.916066,0.7571761697387664,8.493590000000001,8.707836,0.2142461511230458,0.12441880000000005,0.10203721,-0.022381593707847647
4382,0.04181900000000005,0.07249633,0.030677332228183696,7.7588900000000045,8.916066,1.157176169738765,8.09359,8.707836,0.6142461511230461,0.10441880000000003,0.10203721,-0.002381593707847629
4384,0.03181900000000004,0.07249633,0.040677332228183705,6.658890000000003,8.916066,2.2571761697387664,6.19359,8.707836,2.5142461511230465,0.05441879999999999,0.10203721,0.047618406292152415
4490,0.17257899999999993,0.12168796,-0.050891036395072864,5.286369999999998,7.6931973,2.406827250366213,6.121339999999998,7.1195498,0.99820975128174,0.02713410000000005,0.01897748,-0.008156619990801861
4513,0.08238699999999999,0.028373338,-0.05401366171789168,14.005680000000002,9.791809,-4.213870917968752,14.465150000000001,7.5606647,-6.904485346221925,0.26145599999999997,0.04217111,-0.21928489053225514
4586,-0.02746599999999999,0.020577613,0.04804361326432227,8.646149999999999,9.322106,0.6759563613891615,6.688349999999998,7.0226893,0.3343393424987813,0.06081619999999999,0.011428683,-0.049387516935122
4587,-0.06746600000000003,0.020577613,0.0880436132643223,6.446149999999999,9.322106,2.8759563613891608,3.7883499999999977,7.0226893,3.2343393424987816,0.02081619999999995,0.011428683,-0.009387516935121965
4813,-0.05746600000000002,0.020577613,0.0780436132643223,6.436149999999998,9.322106,2.8859563613891623,3.1283499999999975,7.0226893,3.8943393424987818,-0.021183800000000086,0.011428683,0.03261248306487807
4914,-0.10148600000000019,-0.011539879,0.08994612074500341,2.14311,6.664108,4.520997799530029,0.5528300000000002,6.3509135,5.798083524627685,0.02698579999999995,0.09750998,0.07052418020172124
4915,-0.131486,-0.011539879,0.11994612074500322,1.4631100000000004,6.664108,5.200997799530029,-1.2271699999999974,6.3509135,7.578083524627683,0.0029858000000000384,0.09750998,0.09452418020172115
5029,0.10914599999999985,0.09973295,-0.009413049670219276,10.6694,12.302342,1.6329424148559575,13.840419999999998,15.695193,1.854773290710451,0.1722325,0.2590683,0.0868358102607727
5037,0.09914599999999985,0.09973295,0.0005869503297807332,11.049399999999999,12.302342,1.2529424148559585,13.520419999999998,15.695193,2.1747732907104513,0.14223249999999998,0.2590683,0.11683581026077272
5041,0.09914599999999985,0.09973295,0.0005869503297807332,11.4494,12.302342,0.8529424148559563,13.800419999999999,15.695193,1.8947732907104502,0.1522325,0.2590683,0.10683581026077271
5045,0.10914599999999985,0.09973295,-0.009413049670219276,12.0594,12.302342,0.2429424148559569,15.240419999999999,15.695193,0.4547732907104507,0.20223250000000004,0.2590683,0.05683581026077267
5049,0.12914599999999987,0.09973295,-0.029413049670219293,12.139399999999998,12.302342,0.16294241485595862,18.19042,15.695193,-2.4952267092895504,0.3622325,0.2590683,-0.10316418973922731
5053,0.1491459999999999,0.09973295,-0.04941304967021931,18.449399999999997,12.302342,-6.14705758514404,22.94042,15.695193,-7.24522670928955,0.5522325,0.2590683,-0.2931641897392273
5351,0.09038699999999988,0.037218582,-0.05316841811490047,11.90568,9.360862,-2.544818221740723,10.305150000000001,7.688913,-2.6162371315002453,0.051455999999999946,0.034380395,-0.017075605034589714
5560,-0.03778499999999996,0.015714234,0.053499233741164165,7.1183499999999995,9.463941,2.3455906204223638,3.337250000000001,6.5400095,3.2027594985961905,-0.04873589999999994,-3.1544514e-06,0.04873274554859408
5676,0.9728413,0.62319815,-0.3496431484115601,23.72903,18.13027,-5.598759995727541,3.978679999999999,6.460678,2.4819981005859386,0.03912840000000006,0.059438333,0.020309932915306028
5682,0.030245000000000077,0.04410427,0.013859270637035292,3.5702,8.467047,4.896846737670899,7.330859999999998,9.104948,1.7740880438232445,0.20142719999999992,0.1351404,-0.06628679589481346
5683,0.050245000000000095,0.04410427,-0.006140729362964725,7.670200000000001,8.467047,0.7968467376708972,7.730859999999998,9.104948,1.3740880438232441,0.07142720000000002,0.1351404,0.06371320410518644
5686,0.050245000000000095,0.04410427,-0.006140729362964725,7.3702000000000005,8.467047,1.096846737670898,9.330859999999998,9.104948,-0.22591195617675552,0.1714272,0.1351404,-0.03628679589481354
5760,0.09701499999999996,0.10067778,0.0036627808070183177,6.271419999999999,11.659537,5.388117315368653,8.98863,13.305668,4.317037877197265,0.09765030000000008,0.1336373,0.03598699417324058
5848,0.09221500000000005,0.053068686,-0.039146313723325776,19.43835,16.286575,-3.1517746826171873,15.407250000000001,13.516934,-1.8903156051635754,0.1222641000000001,0.044273116,-0.07799098430547724
5849,0.09221500000000005,0.053068686,-0.039146313723325776,17.43835,16.286575,-1.1517746826171873,13.807250000000002,13.516934,-0.2903156051635758,0.062264100000000044,0.044273116,-0.017990984305477187
5850,0.032215000000000105,0.053068686,0.020853686276674166,12.338349999999998,16.286575,3.948225317382814,9.50725,13.516934,4.009684394836425,0.02226410000000001,0.044273116,0.02200901569452285
5852,0.07221500000000014,0.053068686,-0.01914631372332587,16.238349999999997,16.286575,0.04822531738281555,13.307250000000002,13.516934,0.2096843948364242,-0.05773589999999995,0.044273116,0.10200901569452281
5854,0.05221500000000012,0.053068686,0.0008536862766741482,15.538349999999998,16.286575,0.7482253173828148,17.507250000000003,13.516934,-3.990315605163577,-0.14773589999999992,0.044273116,0.19200901569452278
5862,-0.03778499999999996,0.053068686,0.09085368627667423,24.81835,16.286575,-8.531774682617186,17.297250000000002,13.516934,-3.780315605163576,-0.03773589999999993,0.044273116,0.08200901569452279
5934,0.03198999999999996,0.043764476,0.0117744757330418,6.221590000000003,10.031666,3.8100758020019505,5.07508,7.4743314,2.3992513789367678,0.007483600000000035,0.031244464,0.02376086421861645
6211,-0.023965000000000014,0.04946263,0.07342763134479524,7.505700000000001,13.117454,5.611753575134276,4.698500000000001,9.625712,4.9272123947143545,-0.013794799999999996,0.07493527,0.08873007233600616
6522,0.4982519999999999,0.19068897,-0.30756303229522697,10.35528,9.598026,-0.7572537243652349,17.42244,13.22008,-4.202359624328615,0.3693009,0.2346694,-0.13463149775829314
6523,0.14825199999999994,0.19068897,0.04243696770477301,10.25528,9.598026,-0.6572537243652352,14.122440000000001,13.22008,-0.9023596243286143,0.34930089999999997,0.2346694,-0.11463149775829312
6524,0.40825199999999995,0.19068897,-0.217563032295227,10.55528,9.598026,-0.9572537243652341,13.622440000000001,13.22008,-0.4023596243286143,0.27930089999999996,0.2346694,-0.044631497758293115
6526,0.15825199999999995,0.19068897,0.032436967704773,10.05528,9.598026,-0.45725372436523415,13.122440000000001,13.22008,0.09764037567138573,0.25930089999999995,0.2346694,-0.024631497758293097
6527,0.2282519999999999,0.19068897,-0.03756303229522695,10.25528,9.598026,-0.6572537243652352,14.422440000000002,13.22008,-1.202359624328615,0.22930089999999992,0.2346694,0.0053685022417069295
6529,-0.02074799999999999,0.19068897,0.21143696770477294,9.75528,9.598026,-0.15725372436523521,9.022440000000001,13.22008,4.197640375671385,0.09930089999999991,0.2346694,0.13536850224170693
6530,-0.0027479999999999727,0.19068897,0.19343696770477292,9.995280000000001,9.598026,-0.3972537243652354,14.622440000000001,13.22008,-1.4023596243286143,0.13630089999999995,0.2346694,0.0983685022417069
6752,0.4248790000000001,0.16325016,-0.2616288368024827,14.211459999999999,14.384426,0.1729661169433605,18.91837,16.199162,-2.719208470458984,0.24892409999999998,0.2961274,0.04720330874290468
6753,0.20487900000000014,0.16325016,-0.04162883680248275,9.211459999999999,14.384426,5.1729661169433605,16.91837,16.199162,-0.7192084704589838,0.37892410000000004,0.2961274,-0.08279669125709538
6755,-0.02512099999999995,0.16325016,0.18837116319751734,12.211459999999999,14.384426,2.1729661169433605,14.71837,16.199162,1.4807915295410154,0.2789241,0.2961274,0.017203308742904655
6756,0.24487900000000007,0.16325016,-0.08162883680248267,29.21146,14.384426,-14.82703388305664,23.91837,16.199162,-7.719208470458984,0.5789241,0.2961274,-0.2827966912570954
6757,0.4348790000000001,0.16325016,-0.27162883680248273,17.21146,14.384426,-2.8270338830566395,20.71837,16.199162,-4.5192084704589846,0.31892410000000004,0.2961274,-0.02279669125709538
6758,0.1548790000000001,0.16325016,0.008371163197517295,16.71146,14.384426,-2.3270338830566395,18.21837,16.199162,-2.0192084704589846,0.2989241,0.2961274,-0.002796691257095363
6760,0.024879000000000095,0.16325016,0.1383711631975173,11.711459999999999,14.384426,2.6729661169433605,13.41837,16.199162,2.780791529541016,0.21892410000000007,0.2961274,0.0772033087429046
6762,0.05487900000000012,0.16325016,0.10837116319751727,12.31146,14.384426,2.072966116943359,11.21837,16.199162,4.9807915295410154,0.10392410000000007,0.2961274,0.1922033087429046
6891,-0.0752130000000002,-0.058103263,0.017109736621856886,8.432690000000001,17.61125,9.178559923706054,8.211599999999997,8.695878,0.4842780288696318,0.11239939999999993,0.11224244,-0.00015696210088722573
6892,-0.06521300000000019,-0.058103263,0.007109736621856877,28.762690000000003,17.61125,-11.151440076293948,9.851599999999998,8.695878,-1.1557219711303688,0.14139940000000006,0.11224244,-0.029156962100887363
6919,0.09238699999999989,0.028373338,-0.06401366171789158,8.40568,9.791809,1.3861290820312497,7.805150000000001,7.5606647,-0.24448534622192497,0.027455999999999925,0.04217111,0.014715109467744902
6920,0.1123869999999999,0.028373338,-0.0840136617178916,6.705680000000001,9.791809,3.086129082031249,6.50515,7.5606647,1.0555146537780757,0.0034560000000000146,0.04217111,0.03871510946774481
6921,0.12238699999999991,0.028373338,-0.0940136617178916,10.505680000000002,9.791809,-0.7138709179687517,9.40515,7.5606647,-1.8444853462219246,0.024455999999999922,0.04217111,0.017715109467744905
7018,0.198005,0.048376784,-0.14962821627140044,11.089310000000001,7.420315,-3.6689952111816417,11.917390000000001,7.281638,-4.635751854553224,0.14189190000000007,0.11247606,-0.029415841695690226
7019,0.15400499999999984,0.048376784,-0.10562821627140029,8.869309999999999,7.420315,-1.4489952111816393,11.217390000000002,7.281638,-3.9357518545532244,0.1988919,0.11247606,-0.08641584169569017
7022,0.010005000000000042,0.048376784,0.03837178372859951,2.139310000000002,7.420315,5.2810047888183576,4.607390000000002,7.281638,2.674248145446775,0.12489190000000006,0.11247606,-0.01241584169569021
7023,0.004005000000000036,0.048376784,0.04437178372859951,2.1193099999999987,7.420315,5.301004788818361,2.0973900000000008,7.281638,5.184248145446777,0.01789190000000007,0.11247606,0.09458415830430977
7024,0.04500499999999996,0.048376784,0.0033717837285995866,3.05931,7.420315,4.361004788818359,4.307390000000002,7.281638,2.9742481454467757,0.0608919,0.11247606,0.051584158304309846
7135,0.052458000000000005,0.12034909,0.06789108682107925,19.98927,20.933834,0.9445640759277332,18.55426,18.745367,0.19110705017089913,0.1795405,0.17202286,-0.0075176357774734415
7137,0.25945799999999997,0.12034909,-0.1391089131789207,25.98927,20.933834,-5.055435924072267,22.65426,18.745367,-3.9088929498291023,0.21954050000000003,0.17202286,-0.04751763577747348
7145,-0.02778499999999995,0.11093433,0.13871933201313014,6.808349999999997,16.148159,9.339809027099612,4.14725,11.610242,7.462991889953614,-0.01073589999999991,0.15432927,0.16506517012443533
7146,0.042215000000000114,0.11093433,0.06871933201313007,7.698349999999998,16.148159,8.449809027099612,7.7272500000000015,11.610242,3.8829918899536118,0.07726410000000006,0.15432927,0.07706517012443537
7147,0.07221500000000014,0.11093433,0.03871933201313005,9.628349999999998,16.148159,6.519809027099612,11.417250000000001,11.610242,0.19299188995361227,0.20026410000000006,0.15432927,-0.04593482987556463
7148,0.11221500000000006,0.11093433,-0.0012806679868698767,21.06835,16.148159,-4.920190972900389,17.457250000000002,11.610242,-5.847008110046389,0.27426410000000007,0.15432927,-0.11993482987556464
7149,0.1522150000000001,0.11093433,-0.04128066798686991,28.43835,16.148159,-12.29019097290039,20.277250000000002,11.610242,-8.667008110046389,0.32526410000000006,0.15432927,-0.17093482987556463
7150,0.33221500000000015,0.11093433,-0.22128066798686996,28.668349999999997,16.148159,-12.520190972900387,20.367250000000002,11.610242,-8.757008110046389,0.38726410000000006,0.15432927,-0.23293482987556463
7203,0.09221500000000005,0.020541057,-0.07167394300937657,17.83835,10.903305,-6.935044946289061,15.10725,8.902063,-6.205186630249024,0.19226410000000005,0.052630316,-0.13963378353390699
7204,0.08421500000000015,0.020541057,-0.06367394300937668,17.038349999999998,10.903305,-6.13504494628906,13.407250000000001,8.902063,-4.505186630249025,0.062264100000000044,0.052630316,-0.009633783533906981
7226,-0.07351200000000002,-0.00719788,0.06631411981385948,5.481820000000003,8.231236,2.7494164578247045,1.40644,5.157879,3.751438875732422,-0.05369219999999997,0.007048855,0.060741055070024697
7227,-0.08951200000000004,-0.00719788,0.0823141198138595,5.031820000000003,8.231236,3.1994164578247037,0.3064399999999985,5.157879,4.851438875732423,-0.07169219999999998,0.007048855,0.07874105507002471
7480,0.09468699999999985,0.07124018,-0.023446820759296272,23.459100000000003,21.425156,-2.0339443603515655,20.52853,17.971123,-2.557407258300781,0.3218311,0.26469493,-0.057136170877075176
7481,0.07468699999999995,0.07124018,-0.003446820759296365,25.1691,21.425156,-3.7439443603515628,21.25853,17.971123,-3.2874072583007816,0.3348311,0.26469493,-0.07013617087707519
7482,0.06730300000000011,-0.021147676,-0.08845067581224453,20.00581,11.225335,-8.780474878845215,19.58326,9.772873,-9.810387075195312,0.2944346,0.08251337,-0.21192123038015365
7483,-0.032696999999999976,-0.021147676,0.01154932418775556,12.905810000000002,11.225335,-1.6804748788452173,10.08326,9.772873,-0.3103870751953117,0.014434599999999964,0.08251337,0.06807876961984638
7484,-0.012696999999999958,-0.021147676,-0.008450675812244457,10.20581,11.225335,1.0195251211547856,9.683259999999999,9.772873,0.08961292480468863,0.08443460000000003,0.08251337,-0.0019212303801536823
7487,-0.042696999999999985,-0.021147676,0.02154932418775557,11.20581,11.225335,0.019525121154785552,9.183259999999999,9.772873,0.5896129248046886,0.04443459999999999,0.08251337,0.03807876961984635
7489,-0.0026969999999999494,-0.021147676,-0.018450675812244466,9.805810000000001,11.225335,1.4195251211547841,8.18326,9.772873,1.5896129248046869,0.024434599999999973,0.08251337,0.05807876961984637
7490,-0.032696999999999976,-0.021147676,0.01154932418775556,8.605810000000002,11.225335,2.6195251211547834,7.083259999999999,9.772873,2.6896129248046883,0.03443459999999998,0.08251337,0.04807876961984636
7498,0.074847,0.058317546,-0.01652945419859886,5.09113,6.7644725,1.6733424845886233,6.153739999999999,6.404116,0.2503761537170419,0.06595679999999993,0.036006182,-0.029950617567825244
7548,0.10630499999999998,0.11105128,0.0047462763261795216,10.098029999999998,11.967356,1.8693257281494162,12.352540000000001,14.078962,1.7264223260498035,0.11033899999999996,0.12990735,0.019568354712486302
7550,0.136305,0.11105128,-0.025253723673820505,10.438029999999998,11.967356,1.5293257281494164,12.64254,14.078962,1.4364223260498044,0.09033900000000006,0.12990735,0.03956835471248621
7552,0.06630500000000006,0.11105128,0.044746276326179446,13.968029999999999,11.967356,-2.0006742718505848,15.34254,14.078962,-1.263577673950195,0.17033900000000002,0.12990735,-0.04043164528751375
7644,0.37889000000000006,0.24629852,-0.1325914782428742,10.965449999999999,11.03896,0.07351045684814572,15.82344,14.09506,-1.7283796514892575,0.30043050000000004,0.22718371,-0.07324678549098973
7645,0.29489,0.24629852,-0.04859147824287413,14.565449999999998,11.03896,-3.526489543151854,15.77344,14.09506,-1.6783796514892586,0.21243049999999997,0.22718371,0.014753214509010348
7762,-0.03761300000000012,0.028964328,0.06657732764828217,7.435680000000001,8.942326,1.5066455920410142,3.8851499999999994,7.24157,3.3564199958801275,-0.03254400000000013,0.041560274,0.07410427361750616
7763,-0.02761300000000011,0.028964328,0.05657732764828216,8.035680000000003,8.942326,0.9066455920410128,3.895150000000001,7.24157,3.346419995880126,-0.06154400000000004,0.041560274,0.10310427361750607
7764,-0.03761300000000012,0.028964328,0.06657732764828217,7.985680000000002,8.942326,0.9566455920410135,3.815149999999999,7.24157,3.426419995880128,-0.06654400000000005,0.041560274,0.10810427361750607
7766,-0.02761300000000011,0.028964328,0.05657732764828216,11.125680000000003,8.942326,-2.183354407958987,8.11515,7.24157,-0.8735800041198729,0.04145599999999994,0.041560274,0.00010427361750608988
7767,-0.02761300000000011,0.028964328,0.05657732764828216,17.95568,8.942326,-9.013354407958985,13.195150000000002,7.24157,-5.953580004119875,0.07145599999999996,0.041560274,-0.029895726382493937
7768,-0.04761300000000013,0.028964328,0.07657732764828218,5.3456800000000015,8.942326,3.596645592041014,1.265150000000002,7.24157,5.976419995880125,-0.08454399999999995,0.041560274,0.12610427361750598
7946,-0.09579500000000007,-0.037674654,0.058120345724821165,3.6104699999999994,5.0473924,1.436922368316651,1.0476099999999988,3.5823298,2.5347197500610363,0.0007224000000000119,0.066330194,0.06560779447326659
8023,0.04838699999999996,0.028964328,-0.019422672351717907,5.99568,8.942326,2.9466455920410155,7.78515,7.24157,-0.5435800041198728,0.1314559999999999,0.041560274,-0.08989572638249388
8032,0.00044200000000005346,0.034785047,0.03434304717350001,7.178659999999997,8.6423235,1.4636634939575224,7.678690000000001,10.620239,2.9415492578124987,0.0050736000000000114,0.06218567,0.05711207118048667
8034,0.04044200000000009,0.034785047,-0.005656952826500028,9.298659999999998,8.6423235,-0.6563365060424786,12.72869,10.620239,-2.1084507421875003,0.10007359999999998,0.06218567,-0.037887928819513306
8057,0.0542450000000001,0.04730404,-0.00694095831632624,4.586269999999999,8.086579,3.5003093228149424,7.649840000000001,8.941885,1.2920449945068349,0.16017380000000003,0.14152302,-0.018650781520652804
8058,0.012959000000000165,0.055364147,0.04240514682865126,10.168589999999998,10.5961075,0.427517482910158,9.86852,11.655686,1.7871663784790037,0.06296540000000006,0.14697888,0.08401348493537897
8086,-0.030613,0.05337205,0.08398505156683922,6.105680000000003,9.06156,2.9558796771240203,2.305150000000001,7.310949,5.005798848724364,-0.06354400000000004,0.012121661,0.07566566063487534
8087,-0.014612999999999987,0.05337205,0.0679850515668392,6.705680000000001,9.06156,2.3558796771240225,3.605150000000002,7.310949,3.7057988487243634,-0.03554400000000002,0.012121661,0.04766566063487532
8088,-0.023613000000000106,0.05337205,0.07698505156683932,6.105680000000003,9.06156,2.9558796771240203,2.905149999999999,7.310949,4.405798848724366,-0.04354400000000003,0.012121661,0.055665660634875325
8167,0.2214879999999999,0.117427684,-0.10406031563329687,8.641820000000003,9.56714,0.9253196255493137,11.51644,9.295527,-2.2209125418090814,0.10030780000000006,0.04790556,-0.05240223941712385
8168,0.3414879999999999,0.117427684,-0.22406031563329687,9.041820000000001,9.56714,0.5253196255493151,13.01644,9.295527,-3.7209125418090814,0.16330780000000011,0.04790556,-0.11540223941712391
8169,0.2214879999999999,0.117427684,-0.10406031563329687,12.641820000000003,9.56714,-3.0746803744506863,12.51644,9.295527,-3.2209125418090814,0.041307800000000006,0.04790556,0.0065977605828762
8177,-0.03899000000000008,0.0105787935,0.04956879347354182,8.26493,11.204376,2.9394462207031253,5.796899999999999,7.5736957,1.7767956596374521,0.019842499999999985,-0.04585431,-0.0656968114364147
8178,0.16101,0.0105787935,-0.15043120652645825,23.96493,11.204376,-12.760553779296874,16.596899999999998,7.5736957,-9.023204340362547,-0.3101575,-0.04585431,0.26430318856358526
8179,0.06101000000000001,0.0105787935,-0.05043120652645827,15.00493,11.204376,-3.800553779296875,10.306899999999999,7.5736957,-2.7332043403625477,-0.07015749999999998,-0.04585431,0.024303188563585265
8181,-0.03899000000000008,0.0105787935,0.04956879347354182,7.08493,11.204376,4.119446220703125,5.286899999999999,7.5736957,2.286795659637452,0.0398425,-0.04585431,-0.08569681143641472
8182,-0.03899000000000008,0.0105787935,0.04956879347354182,7.124929999999999,11.204376,4.079446220703126,5.4169,7.5736957,2.156795659637451,0.0398425,-0.04585431,-0.08569681143641472
8199,-0.05008900000000005,0.038524434,0.0886134339704514,9.17586,8.929478,-0.2463823083496095,7.67356,8.7288685,1.0553084844970702,0.08676649999999997,0.10455614,0.017789643283844025
8201,0.09991099999999997,0.038524434,-0.06138656602954862,10.69586,8.929478,-1.766382308349609,12.54356,8.7288685,-3.814691515502929,0.21676649999999997,0.10455614,-0.11221035671615598
8247,0.002386999999999917,0.028373338,0.02598633828210839,9.105680000000003,9.791809,0.6861290820312469,6.805150000000001,7.5606647,0.755514653778075,0.016455999999999915,0.04217111,0.025715109467744912
8254,0.032386999999999944,0.028373338,-0.004013661717891637,9.605680000000003,9.791809,0.1861290820312469,8.70515,7.5606647,-1.1444853462219235,0.08145599999999997,0.04217111,-0.039284890532255146
8329,0.06221500000000013,0.015714234,-0.046500766258835924,6.3683499999999995,9.463941,3.0955906204223638,7.907250000000001,6.5400095,-1.3672405014038098,0.11326410000000009,-3.1544514e-06,-0.11326725445140595
8330,-0.047784999999999966,0.015714234,0.06349923374116417,5.958349999999999,9.463941,3.505590620422364,6.207250000000002,6.5400095,0.3327594985961895,0.11226410000000009,-3.1544514e-06,-0.11226725445140595
8647,-0.015009999999999968,0.011684573,0.026694573255479304,10.32159,12.835671,2.514081424865722,7.48508,9.769767,2.2846868075561524,0.019483599999999934,0.03771531,0.01823170836820609
8700,-0.09778500000000001,0.015714234,0.11349923374116422,7.898349999999997,9.463941,1.5655906204223662,3.6072500000000005,6.5400095,2.932759498596191,-0.02273589999999992,-3.1544514e-06,0.022732745548594058
8701,-0.09778500000000001,0.015714234,0.11349923374116422,6.958349999999999,9.463941,2.505590620422364,1.9072500000000012,6.5400095,4.63275949859619,-0.06373589999999985,-3.1544514e-06,0.06373274554859398
8755,0.06088300000000002,0.0023987286,-0.05848427137415113,5.277709999999999,6.929808,1.6520981398010264,6.316690000000001,7.2162013,0.899511305389403,0.0613556999999999,0.10295362,0.04159792025499354
8756,0.002215000000000078,0.015799765,0.013584764543771666,6.43835,8.737159,2.29880877532959,3.497250000000001,6.4156303,2.918380340576171,-0.04773589999999994,0.01711016,0.0648460596206426
8757,-0.01778499999999994,0.015799765,0.033584764543771684,9.828349999999997,8.737159,-1.091191224670407,6.567250000000001,6.4156303,-0.1516196594238295,-0.007735899999999907,0.01711016,0.02484605962064257
8766,0.12303000000000008,0.100358464,-0.022671536176204765,17.38507,15.103402,-2.2816678622436513,16.80032,14.934785,-1.8655351107788078,0.15565819999999997,0.12697113,-0.0286870743972778
8767,0.09303000000000006,0.100358464,0.0073284638237952615,16.48507,15.103402,-1.3816678622436527,15.900319999999999,14.934785,-0.9655351107788075,0.12565819999999994,0.12697113,0.0013129256027222258
8768,0.08303000000000016,0.100358464,0.01732846382379516,15.285070000000001,15.103402,-0.1816678622436534,15.000319999999999,14.934785,-0.06553511077880714,0.10565820000000004,0.12697113,0.021312925602722133
8769,0.07303000000000015,0.100358464,0.027328463823795168,14.48507,15.103402,0.6183321377563473,14.30032,14.934785,0.6344648892211922,0.09565820000000003,0.12697113,0.03131292560272214
8773,0.08303000000000016,0.100358464,0.01732846382379516,14.68507,15.103402,0.41833213775634803,14.30032,14.934785,0.6344648892211922,0.09565820000000003,0.12697113,0.03131292560272214
8774,0.06303000000000014,0.100358464,0.03732846382379518,13.68507,15.103402,1.418332137756348,13.400319999999999,14.934785,1.5344648892211925,0.09565820000000003,0.12697113,0.03131292560272214
8775,0.09303000000000006,0.100358464,0.0073284638237952615,14.98507,15.103402,0.11833213775634732,14.700319999999998,14.934785,0.23446488922119357,0.10565820000000004,0.12697113,0.021312925602722133
8819,-0.0717620000000001,-0.07001765,0.001744349276542767,9.75629,7.3911557,-2.36513428024292,8.558089999999998,6.0933485,-2.4647414968872052,0.08970110000000009,0.05394685,-0.03575425104126939
8831,0.03707080000000007,0.019403229,-0.017667571463751863,7.439170000000004,7.7638326,0.3246625691223102,8.10021,7.9985814,-0.10162859054565487,0.10348449999999998,0.10028119,-0.0032033135981559546
8833,0.007070800000000044,0.019403229,0.012332428536248163,6.939170000000004,7.7638326,0.8246625691223102,7.340210000000001,7.9985814,0.6583714094543449,0.10048450000000009,0.10028119,-0.00020331359815606298
8849,-0.004813999999999874,-0.049076736,-0.04426273597335828,17.73925,14.117256,-3.621993835449217,16.73725,13.82937,-2.9078804550170894,0.1379144,0.11457526,-0.02333914061250686
8850,-0.023217699999999897,-0.02161249,0.0016052104039906423,10.888630000000003,11.20912,0.320489796752927,9.35089,9.581171,0.23028103576660186,0.06411140000000004,0.11283803,0.048726629861450155
8851,-0.027660999999999936,-0.001047517,0.026613482943423028,10.336780000000001,10.882878,0.5460983035278311,8.704699999999999,10.2063465,1.5016465118408213,0.04876780000000003,0.07996856,0.03120075676174161
8852,-0.010661000000000032,-0.001047517,0.009613482943423124,11.746780000000001,10.882878,-0.8639016964721691,10.3547,10.2063465,-0.14835348815917904,0.05876780000000004,0.07996856,0.0212007567617416
8853,-0.04739899999999997,0.0009871768,0.04838617678338286,11.47148,11.147319,-0.3241611599731442,9.756269999999999,10.616771,0.8605007443237316,0.0933676,0.1403158,0.046948200905227666
9062,0.21238699999999988,0.10054305,-0.11184394804191577,25.805680000000002,18.208693,-7.596987449340823,19.80515,15.440631,-4.364519087219239,0.42145599999999994,0.2586951,-0.16276090422248835
9063,0.09238699999999989,0.10054305,0.00815605195808422,13.805680000000002,18.208693,4.403012550659177,12.10515,15.440631,3.3354809127807616,0.10145599999999999,0.2586951,0.1572390957775116
9064,0.2223869999999999,0.10054305,-0.12184394804191578,23.405680000000004,18.208693,-5.196987449340824,18.40515,15.440631,-2.9645190872192373,0.221456,0.2586951,0.03723909577751161
9065,0.09238699999999989,0.10054305,0.00815605195808422,13.605680000000001,18.208693,4.603012550659178,15.305150000000001,15.440631,0.13548091278076058,0.331456,0.2586951,-0.07276090422248838
9066,0.05238699999999996,0.10054305,0.048156051958084145,12.505680000000002,18.208693,5.703012550659178,13.20515,15.440631,2.235480912780762,0.23145599999999994,0.2586951,0.027239095777511657
9080,-0.03761300000000012,0.028373338,0.06598633828210843,6.525680000000001,9.791809,3.2661290820312487,5.3351500000000005,7.5606647,2.2255146537780757,0.051455999999999946,0.04217111,-0.009284890532255119
9090,0.12148799999999993,-0.0013897072,-0.12287770720581703,13.471820000000003,8.945329,-4.526491287536624,13.72644,5.644999,-8.081440972747803,0.19930780000000003,-0.0036002325,-0.20290803253597323
9093,0.012386999999999926,0.028964328,0.016577327648282125,12.645680000000002,8.942326,-3.7033544079589866,10.635150000000001,7.24157,-3.3935800041198743,0.09645599999999999,0.041560274,-0.05489572638249396
9094,0.012386999999999926,0.028964328,0.016577327648282125,12.325680000000002,8.942326,-3.3833544079589863,9.645150000000001,7.24157,-2.403580004119874,0.04345599999999994,0.041560274,-0.001895726382493912
9097,-0.028512000000000093,-0.00719788,0.021314119813859556,7.221820000000001,8.231236,1.009416457824706,5.696439999999999,5.157879,-0.5385611242675772,0.04630780000000001,0.007048855,-0.03925894492997528
9099,-0.05851200000000012,-0.00719788,0.05131411981385958,5.671820000000004,8.231236,2.559416457824703,1.9864399999999982,5.157879,3.1714388757324237,-0.04369219999999996,0.007048855,0.05074105507002469
9100,-0.05851200000000012,-0.00719788,0.05131411981385958,6.641820000000003,8.231236,1.5894164578247043,3.0864399999999996,5.157879,2.0714388757324222,-0.03369219999999995,0.007048855,0.04074105507002468
9101,-0.04851200000000011,-0.00719788,0.04131411981385957,7.031820000000003,8.231236,1.1994164578247037,3.5964399999999976,5.157879,1.5614388757324242,-0.03169219999999995,0.007048855,0.03874105507002468
9106,-0.03761300000000012,-0.0035959135,0.03401708647246671,6.33568,7.077049,0.7413687785339356,1.8051500000000011,3.4263926,1.6212425552368153,-0.08854400000000007,-0.042682882,0.04586111760163314
9107,-0.057613000000000136,-0.0035959135,0.054017086472466724,7.425680000000003,7.077049,-0.34863122146606784,2.805150000000001,3.4263926,0.6212425552368153,-0.06854400000000005,-0.042682882,0.02586111760163312
9108,0.04238699999999995,-0.0035959135,-0.045982913527533364,6.705680000000001,7.077049,0.3713687785339346,4.305150000000001,3.4263926,-0.8787574447631847,-0.04854400000000003,-0.042682882,0.0058611176016331035
9109,0.002386999999999917,-0.0035959135,-0.005982913527533329,6.505680000000002,7.077049,0.5713687785339339,3.7051499999999997,3.4263926,-0.2787574447631833,-0.03854400000000002,-0.042682882,-0.004138882398366905
9110,-0.03761300000000012,-0.0035959135,0.03401708647246671,6.505680000000002,7.077049,0.5713687785339339,3.305150000000001,3.4263926,0.12124255523681526,-0.028544000000000014,-0.042682882,-0.014138882398366914
9111,-0.0176130000000001,-0.0035959135,0.014017086472466689,6.505680000000002,7.077049,0.5713687785339339,3.2051499999999997,3.4263926,0.22124255523681668,-0.04854400000000003,-0.042682882,0.0058611176016331035
9113,-0.04761300000000013,-0.0035959135,0.044017086472466715,5.305680000000002,7.077049,1.7713687785339332,0.7051499999999997,3.4263926,2.7212425552368167,-0.08854400000000007,-0.042682882,0.04586111760163314
9114,-0.06761300000000015,-0.0035959135,0.06401708647246673,6.105680000000003,7.077049,0.9713687785339324,1.5051500000000004,3.4263926,1.921242555236816,-0.06854400000000005,-0.042682882,0.02586111760163312
9138,-0.044613000000000014,0.005205313,0.0498183132094443,6.235680000000002,7.4636836,1.2280036051940897,2.675150000000002,4.8705244,2.1953744064331033,-0.041544000000000025,0.0007701116,0.0423141116264798
9224,-0.0782830000000001,0.009924736,0.08820773587393771,7.660720000000001,9.741168,2.0804480221557604,3.738900000000001,7.1575985,3.4186984954833974,-0.024994799999999984,0.015830074,0.040824873505640014
9226,-0.048283000000000076,0.009924736,0.05820773587393768,8.160720000000001,9.741168,1.5804480221557604,4.238899999999999,7.1575985,2.918698495483399,-0.0449948,0.015830074,0.06082487350564003
9783,-0.057613000000000136,0.042460836,0.10007383647012724,7.305680000000002,8.323146,1.0174658663940406,2.5051500000000004,7.391649,4.886498769378662,-0.07854400000000006,0.07651507,0.15505907109403616
9785,-0.11761299999999997,-0.040236883,0.07737611713457104,6.805680000000002,7.789701,0.9840209849548316,1.0051500000000004,4.4015303,3.396380265808105,-0.07854400000000006,0.0011449107,0.07968891069689399
9787,-0.09761300000000017,0.042460836,0.14007383647012728,6.805680000000002,8.323146,1.5174658663940406,1.6051500000000019,7.391649,5.78649876937866,-0.06854400000000005,0.07651507,0.14505907109403615
9867,0.14238699999999993,0.028373338,-0.11401366171789162,11.72568,9.791809,-1.9338709179687505,10.03515,7.5606647,-2.4744853462219236,0.20145599999999997,0.04217111,-0.15928489053225514
9916,-0.06761300000000015,0.028964328,0.0965773276482822,5.33568,8.942326,3.6066455920410156,2.805150000000001,7.24157,4.436419995880126,0.005456000000000016,0.041560274,0.03610427361750601
9918,-0.04761300000000013,0.028964328,0.07657732764828218,5.705680000000001,8.942326,3.2366455920410147,3.105150000000002,7.24157,4.136419995880125,0.0014560000000000128,0.041560274,0.040104273617506014
9919,-0.03761300000000012,0.028964328,0.06657732764828217,5.285680000000003,8.942326,3.656645592041013,4.20515,7.24157,3.0364199958801272,0.04345599999999994,0.041560274,-0.001895726382493912
9955,-0.08901000000000003,-0.016692132,0.07231786824226383,6.16159,8.735692,2.5741020242309567,1.775079999999999,4.919103,3.144023145599366,-0.048516400000000015,0.01392757,0.062443969612860695
9956,-0.11600999999999995,-0.016692132,0.09931786824226374,7.261590000000002,8.735692,1.4741020242309553,2.2050800000000024,4.919103,2.714023145599363,-0.05051640000000013,0.01392757,0.06444396961286081
10212,-0.03761300000000012,0.028373338,0.06598633828210843,7.935680000000001,9.791809,1.8561290820312486,3.8451500000000003,7.5606647,3.715514653778076,-0.05554400000000004,0.04217111,0.09771510946774487
10237,-0.02761300000000011,0.028373338,0.05598633828210842,8.185680000000001,9.791809,1.6061290820312486,5.03515,7.5606647,2.5255146537780764,-0.006543999999999994,0.04217111,0.04871510946774482
10243,-0.06761300000000015,0.028373338,0.09598633828210845,7.855680000000003,9.791809,1.936129082031247,3.5451499999999996,7.5606647,4.015514653778077,-0.04654400000000003,0.04217111,0.08871510946774486
10248,-0.06761300000000015,0.028373338,0.09598633828210845,7.855680000000003,9.791809,1.936129082031247,3.5451499999999996,7.5606647,4.015514653778077,-0.04654400000000003,0.04217111,0.08871510946774486
10596,0.13920299999999997,0.081970565,-0.05723243497896191,4.226890000000001,3.908231,-0.31865898002624604,9.69497,7.823231,-1.8717387797546383,0.20916060000000003,0.16976462,-0.039395976954078704
10597,0.16020299999999998,0.081970565,-0.07823243497896193,4.3768899999999995,3.908231,-0.4686589800262446,11.15497,7.823231,-3.331738779754639,0.26916059999999997,0.16976462,-0.09939597695407865
10598,0.11620299999999995,0.081970565,-0.03423243497896189,3.7868899999999996,3.908231,0.12134101997375524,7.76497,7.823231,0.0582612202453614,0.13816060000000008,0.16976462,0.03160402304592125
10599,0.13920299999999997,0.081970565,-0.05723243497896191,3.8768899999999995,3.908231,0.03134101997375538,8.77497,7.823231,-0.9517387797546384,0.1691606,0.16976462,0.0006040230459213314
10600,-0.009797000000000056,0.081970565,0.09176756502103811,2.7768900000000016,3.908231,1.1313410199737532,3.8249700000000004,7.823231,3.998261220245361,0.07716059999999991,0.16976462,0.09260402304592141
10601,0.00020299999999995322,0.081970565,0.0817675650210381,3.046890000000001,3.908231,0.8613410199737537,5.394970000000001,7.823231,2.4282612202453606,0.12916059999999996,0.16976462,0.04060402304592137
10602,0.00020299999999995322,0.081970565,0.0817675650210381,4.01689,3.908231,-0.10865898002624519,6.02497,7.823231,1.7982612202453616,0.12916059999999996,0.16976462,0.04060402304592137
10603,0.14020299999999997,0.081970565,-0.05823243497896191,4.986889999999999,3.908231,-1.078658980026244,11.00497,7.823231,-3.181738779754639,0.25916059999999996,0.16976462,-0.08939597695407864
10628,0.07325700000000013,0.04965617,-0.02360082864832891,10.961200000000003,9.5610285,-1.4001715194702182,11.059470000000001,10.108913,-0.9505565783691416,0.12064750000000002,0.14217095,0.021523450770378094
10667,-0.07778499999999999,0.015799765,0.09358476454377174,6.238349999999997,8.737159,2.498808775329593,1.5072500000000026,6.4156303,4.908380340576169,-0.06773589999999996,0.01711016,0.08484605962064262
10923,-0.00012699999999998823,-0.0026542603,-0.002527260257259023,3.0378700000000016,5.9160976,2.8782276409912093,3.4859299999999998,5.911195,2.4252648013305667,0.08053949999999999,0.0643802,-0.016159301282882677
11012,-0.02761300000000011,0.067581736,0.09519473555135738,7.805680000000002,10.450979,2.6452992327880835,4.20515,10.275285,6.070134767150879,-0.03854400000000002,0.10455322,0.14309722265625002
11140,-0.08963300000000007,-0.022360753,0.06727224673199661,7.340070000000001,8.060442,0.7203719708251946,3.934049999999999,6.8546705,2.920620524597169,0.0040840000000000876,0.079762265,0.07567826508617392
11141,-0.03963300000000003,-0.022360753,0.017272246731996566,7.6400700000000015,8.060442,0.42037197082519384,5.63405,6.8546705,1.2206205245971677,0.04408400000000001,0.079762265,0.035678265086174
11142,-0.06963300000000006,-0.022360753,0.04727224673199659,7.54007,8.060442,0.5203719708251953,6.13405,6.8546705,0.7206205245971677,0.04408400000000001,0.079762265,0.035678265086174
11143,-0.03963300000000003,-0.022360753,0.017272246731996566,7.840070000000001,8.060442,0.22037197082519455,7.73405,6.8546705,-0.8793794754028319,0.13408399999999998,0.079762265,-0.05432173491382597
11144,0.10036699999999998,-0.022360753,-0.12272775326800345,8.640070000000001,8.060442,-0.5796280291748062,13.23405,6.8546705,-6.379379475402832,0.28408400000000006,0.079762265,-0.20432173491382605
11236,-0.02761300000000011,0.029508144,0.05712114366340648,10.105680000000003,9.514806,-0.5908742062377961,6.805150000000001,8.904965,2.0998154006957996,0.0014560000000000128,0.09054039,0.08908438673639296
11258,-0.031074999999999964,-0.043555234,-0.01248023362755779,4.4877199999999995,4.903839,0.4161191113281255,4.945819999999998,5.2661986,0.3203786351013207,0.08829010000000004,0.11046862,0.022178518571758232
11259,-0.031074999999999964,-0.043555234,-0.01248023362755779,4.637719999999998,4.903839,0.26611911132812693,5.215819999999999,5.2661986,0.05037863510131935,0.09829009999999994,0.11046862,0.012178518571758334
11260,-0.031074999999999964,-0.043555234,-0.01248023362755779,4.53772,4.903839,0.3661191113281248,6.015819999999998,5.2661986,-0.7496213648986796,0.14829009999999998,0.11046862,-0.03782148142824171
11269,0.1522150000000001,0.015799765,-0.13641523545622836,17.63835,8.737159,-8.90119122467041,16.39725,6.4156303,-9.981619659423828,0.2922641,0.01711016,-0.27515394037935736
11270,0.13221500000000008,0.015799765,-0.11641523545622834,16.13835,8.737159,-7.401191224670409,14.437250000000002,6.4156303,-8.02161965942383,0.16226410000000002,0.01711016,-0.14515394037935736
11271,0.08221500000000015,0.015799765,-0.0664152354562284,15.138349999999999,8.737159,-6.401191224670409,12.847250000000003,6.4156303,-6.431619659423831,0.10226410000000008,0.01711016,-0.08515394037935742
11273,0.032215000000000105,0.015799765,-0.01641523545622836,13.338349999999998,8.737159,-4.6011912246704085,10.43725,6.4156303,-4.021619659423829,0.04226410000000003,0.01711016,-0.025153940379357365
11274,0.022215000000000096,0.015799765,-0.006415235456228352,11.238349999999997,8.737159,-2.501191224670407,8.087250000000001,6.4156303,-1.671619659423829,-0.007735899999999907,0.01711016,0.02484605962064257
11275,0.08221500000000015,0.015799765,-0.0664152354562284,15.438349999999998,8.737159,-6.701191224670408,14.35725,6.4156303,-7.941619659423829,0.21226410000000007,0.01711016,-0.1951539403793574
11312,0.05221500000000012,0.015714234,-0.036500766258835915,7.8683499999999995,9.463941,1.5955906204223638,6.747250000000001,6.5400095,-0.20724050140380967,0.02226410000000001,-3.1544514e-06,-0.02226725445140587
11313,0.07221500000000014,0.015714234,-0.05650076625883593,6.34835,9.463941,3.1155906204223633,6.177250000000001,6.5400095,0.3627594985961906,0.0122641,-3.1544514e-06,-0.012267254451405862
11397,-0.10716480000000006,-0.039451316,0.067713484000969,6.7603100000000005,6.358882,-0.4014280496215825,2.82747,4.811879,1.9844091580200196,-0.05968600000000002,-0.024164554,0.0355214462683201
11399,-0.005665999999999949,0.04591797,0.051583969197034785,12.34627,11.475545,-0.870725070495606,9.28789,9.129687,-0.15820269073486415,0.025034400000000012,0.017969744,-0.007064655720019353
11400,-0.003174999999999928,0.031751886,0.03492688601016991,3.362940000000002,5.540529,2.177588774261473,2.7921299999999984,5.084744,2.292613976593019,0.019739300000000015,0.039141398,0.01940209792323111
11733,0.07214300000000007,0.086841494,0.014698493844985894,10.011790000000001,10.0817,0.06991032501220573,9.760409999999998,9.995069,0.2346585501098648,0.06292330000000002,0.092867084,0.02994378384752272
11736,0.03214300000000003,0.086841494,0.05469849384498593,10.191790000000001,10.0817,-0.11008967498779398,9.27041,9.995069,0.7246585501098632,0.0429233,0.092867084,0.04994378384752274
11737,0.08214299999999997,0.086841494,0.004698493844985996,9.98179,10.0817,0.09991032501220687,10.170409999999999,9.995069,-0.17534144989013534,0.07292330000000002,0.092867084,0.01994378384752271
11738,0.11214299999999999,0.086841494,-0.02530150615501403,9.721789999999999,10.0817,0.35991032501220843,10.39041,9.995069,-0.395341449890136,0.07292330000000002,0.092867084,0.01994378384752271
11739,0.03214300000000003,0.086841494,0.05469849384498593,10.191790000000001,10.0817,-0.11008967498779398,9.27041,9.995069,0.7246585501098632,0.0429233,0.092867084,0.04994378384752274
11740,0.07214300000000007,0.086841494,0.014698493844985894,9.46179,10.0817,0.6199103250122064,9.31041,9.995069,0.6846585501098641,0.06292330000000002,0.092867084,0.02994378384752272
11741,0.08214299999999997,0.086841494,0.004698493844985996,9.201789999999999,10.0817,0.879910325012208,9.98041,9.995069,0.014658550109864166,0.09292329999999993,0.092867084,-5.621615247719536e-05
11765,0.03621500000000011,0.02135329,-0.014861710515022386,7.8683499999999995,7.758737,-0.10961291275024365,8.407250000000001,6.401522,-2.005727840423585,0.11226410000000009,0.04194296,-0.07032113848600396
11773,-0.07377500000000015,0.04048833,0.11426332878470435,10.026040000000002,14.380329,4.354289132080076,7.631529999999998,14.515026,6.883496092529299,0.030508800000000003,0.13861303,0.10810423031444549
11800,-0.0330410000000001,-0.016248541,0.016792459047198394,7.41066,7.643603,0.2329428480529785,10.69454,9.901055,-0.7934846640014648,0.23754930000000007,0.17587432,-0.0616749773471833
11801,-0.008383999999999947,-0.013585811,-0.005201810549557262,6.91039,8.05198,1.141590018615723,8.588189999999999,9.400078,0.8118878198242196,0.1426423,0.1624203,0.019778002629470826
11802,-0.038383999999999974,-0.013585811,0.024798189450442765,6.91039,8.05198,1.141590018615723,7.9881899999999995,9.400078,1.4118878198242193,0.1326423,0.1624203,0.029778002629470834
11803,-0.068384,-0.013585811,0.05479818945044279,6.110389999999999,8.05198,1.9415900186157238,6.688189999999999,9.400078,2.71188781982422,0.12364229999999998,0.1624203,0.03877800262947084
11804,-0.028383999999999965,-0.013585811,0.014798189450442756,7.21039,8.05198,0.8415900186157224,9.28819,9.400078,0.11188781982421858,0.17664230000000003,0.1624203,-0.014221997370529205
11805,0.01161600000000007,-0.013585811,-0.02520181054955728,8.71039,8.05198,-0.6584099813842776,12.28819,9.400078,-2.8881121801757814,0.2546423000000001,0.1624203,-0.09222199737052927
11981,0.07238699999999998,0.07612705,0.003740052307128927,13.175680000000002,11.404602,-1.7710779492187516,13.54515,12.035446,-1.509703833007812,0.22845600000000005,0.18241906,-0.046036938339233446
11982,0.08238699999999999,0.07612705,-0.006259947692871082,14.605680000000001,11.404602,-3.2010779492187513,14.20515,12.035446,-2.169703833007812,0.26545599999999997,0.18241906,-0.08303693833923337
12001,0.03315899999999994,0.13530028,0.10214127866363532,12.967910000000003,13.220176,0.25226574310302396,16.3201,17.896658,1.5765579437255859,0.3273436000000001,0.3795719,0.05222831467285144
12002,0.04315899999999995,0.13530028,0.0921412786636353,13.667910000000003,13.220176,-0.4477342568969753,17.5601,17.896658,0.33655794372558745,0.37834360000000006,0.3795719,0.0012283146728515049
12032,0.12238699999999991,0.07612705,-0.046259947692871006,11.40568,11.404602,-0.0010779492187502626,12.215150000000001,12.035446,-0.17970383300781378,0.17145599999999994,0.18241906,0.01096306166076666
12033,0.1123869999999999,0.07612705,-0.036259947692871,6.425680000000003,11.404602,4.978922050781247,10.01515,12.035446,2.0202961669921873,0.18145599999999995,0.18241906,0.0009630616607666509
12054,-0.008027000000000006,0.018842397,0.026869397257685668,11.822220000000002,13.153753,1.331533280639647,8.515290000000002,9.913211,1.3979208688354472,0.009383700000000106,0.03342908,0.024045378757762803
12055,-0.01693699999999998,-0.013694843,0.003242156722664813,18.31426,14.621791,-3.692469114074708,12.347019999999999,9.860769,-2.486250728149413,-0.007008199999999909,0.001949982,0.008958182019141225
12056,-0.062287800000000004,-0.007880346,0.05440745408176184,6.872430000000001,8.063577,1.1911466983032213,4.446389999999999,6.7207017,2.274311694488526,0.010692499999999883,0.03685542,0.02616291823506367
12454,0.6049899999999999,0.059417598,-0.5455724020504951,19.72159,11.42188,-8.299710231628417,19.26508,8.672994,-10.592086340026857,0.42248359999999996,0.047278643,-0.375204957345581
12455,0.27498999999999996,0.059417598,-0.2155724020504951,17.19159,11.42188,-5.7697102316284195,18.19508,8.672994,-9.522086340026856,0.4554836,0.047278643,-0.40820495734558104
12499,-0.07901000000000002,0.059417598,0.13842759794950488,11.851590000000002,11.42188,-0.4297102316284196,8.05508,8.672994,0.6179136599731443,0.030483600000000055,0.047278643,0.01679504265441889
12501,-0.022010000000000085,0.059417598,0.08142759794950494,16.32159,11.42188,-4.8997102316284185,11.28508,8.672994,-2.612086340026856,-0.007516399999999979,0.047278643,0.054795042654418924
12639,0.3685139999999999,0.20037541,-0.16813859206581105,14.963110000000002,11.950684,-3.012426406250002,16.182830000000003,12.948579,-3.2342511654663113,0.23898579999999991,0.17297442,-0.06601137742595664
12640,0.3685139999999999,0.20037541,-0.16813859206581105,16.46311,11.950684,-4.51242640625,15.882830000000002,12.948579,-2.9342511654663106,0.23898579999999991,0.17297442,-0.06601137742595664
12641,-0.007784999999999931,0.021160668,0.028945667762160232,10.238349999999997,8.944071,-1.294279183959958,11.387250000000002,8.568444,-2.8188057479858415,0.22226410000000008,0.06332346,-0.15894063948068626
12818,0.14238699999999993,0.042460836,-0.09992616352987282,7.205680000000001,8.323146,1.117465866394042,12.40515,7.391649,-5.013501230621339,0.273456,0.07651507,-0.19694092890596387
12820,0.006215000000000082,0.015799765,0.009584764543771662,6.488349999999997,8.737159,2.248808775329593,5.007250000000001,6.4156303,1.408380340576171,0.0122641,0.01711016,0.004846059620642662
12912,0.02049000000000012,-0.011153977,-0.0316439773643018,6.282160000000001,6.8675165,0.5853565176391591,6.083500000000001,6.2509985,0.16749849700927655,0.048228600000000066,0.04364262,-0.004585978512620992
13148,-0.03778499999999996,0.015799765,0.0535847645437717,12.52835,8.737159,-3.79119122467041,12.997250000000001,6.4156303,-6.581619659423829,0.26726410000000006,0.01711016,-0.2501539403793574
13200,0.33618000000000003,0.30800286,-0.02817714064598087,9.416830000000001,10.030254,0.613424364013671,12.889339999999999,12.369107,-0.5202327536010731,0.24011690000000002,0.18726656,-0.05285034159126284
13202,0.26217999999999997,0.30800286,0.045822859354019196,8.47683,10.030254,1.5534243640136722,12.17934,12.369107,0.18976724639892595,0.1671169,0.18726656,0.02014965840873717
13203,0.3081800000000001,0.30800286,-0.00017714064598095547,9.40683,10.030254,0.6234243640136725,12.17934,12.369107,0.18976724639892595,0.2071169,0.18726656,-0.01985034159126281
13205,0.2961800000000001,0.30800286,0.011822859354019055,11.99683,10.030254,-1.9665756359863273,12.37934,12.369107,-0.010232753601073341,0.1451169,0.18726656,0.04214965840873719
13246,-0.04996500000000004,0.04483556,0.09480056002378467,10.0657,10.924369,0.8586688583374027,7.368500000000001,9.074146,1.7056462707519522,0.046205199999999946,0.11842432,0.0722191187308312
13310,0.08238699999999999,0.1380632,0.05567620726871492,26.56568,15.695004,-10.8706755368042,19.00515,13.44034,-5.564809957885743,0.061455999999999955,0.092619136,0.031163135975837752
13312,0.19238699999999997,0.1380632,-0.05432379273128507,16.77568,15.695004,-1.0806755368042005,15.305150000000001,13.44034,-1.8648099578857433,0.18145599999999995,0.092619136,-0.08883686402416224
13411,-0.009613000000000094,0.035271093,0.04488409324932108,9.205680000000001,9.360862,0.15518177825927637,8.50515,7.6362023,-0.8689476646423344,-0.03854400000000002,0.009129494,0.047673494428634666
13412,0.035386999999999946,0.035271093,-0.00011590675067896239,10.205680000000001,9.360862,-0.8448182217407236,7.20515,7.6362023,0.4310523353576663,-0.018544000000000005,0.009129494,0.02767349442863465
13456,-0.03168099999999985,-0.00221658,0.02946441990895554,13.923570000000002,13.942234,0.01866403930663907,6.96186,8.160062,1.198201836242676,-0.11187360000000002,-0.04027282,0.07160077925906183
13457,0.003319000000000072,-0.00221658,-0.005535580091044379,14.32357,13.942234,-0.3813359606933595,9.35186,8.160062,-1.1917981637573245,-0.0028736000000000317,-0.04027282,-0.037399220740938155
13458,0.0073190000000000754,-0.00221658,-0.009535580091044382,14.11357,13.942234,-0.17133596069335866,9.00186,8.160062,-0.8417981637573249,-0.04487359999999996,-0.04027282,0.004600779259061771
13460,-0.0836809999999999,-0.00221658,0.08146441990895559,12.563570000000002,13.942234,1.3786640393066385,5.391860000000001,8.160062,2.7682018362426746,-0.09387359999999989,-0.04027282,0.053600779259061704
13461,-0.04668099999999997,-0.00221658,0.044464419908955666,13.62357,13.942234,0.3186640393066398,7.251860000000001,8.160062,0.9082018362426751,-0.042873599999999956,-0.04027282,0.0026007792590617695
13464,-0.05568099999999987,-0.00221658,0.05346441990895556,18.60357,13.942234,-4.661335960693361,10.72186,8.160062,-2.5617981637573237,-0.1038735999999999,-0.04027282,0.06360077925906171
13500,-0.07701100000000016,-0.028434042,0.04857695811247842,5.6616,6.650513,0.9889131721496582,4.678630000000002,6.3043323,1.6257022563171368,0.06455220000000006,0.114485204,0.049933004219818056
13506,0.081488,0.055504587,-0.02598341345238686,7.041820000000001,10.533017,3.4911971585082995,5.616439999999999,8.0449705,2.4285305123901377,-0.028692199999999946,-0.012488522,0.016203678364467566
13507,0.11148799999999992,0.055504587,-0.05598341345238678,14.341820000000002,10.533017,-3.8088028414917012,11.216439999999999,8.0449705,-3.171469487609862,-0.0026922000000000335,-0.012488522,-0.009796321635532346
13917,0.0016650000000000276,0.018860191,0.017195191106796237,9.707340000000002,8.514386,-1.1929538229370138,16.0613,6.8230624,-9.238237580108642,0.3153228,0.04205841,-0.27326439173965456
13918,-0.03733500000000012,0.018860191,0.05619519110679638,8.006340000000005,8.514386,0.5080461770629832,9.9613,6.8230624,-3.138237580108642,0.14132280000000008,0.04205841,-0.09926439173965462
13919,-0.04433499999999979,0.018860191,0.06319519110679606,7.1973400000000005,8.514386,1.3170461770629878,4.561299999999999,6.8230624,2.261762419891358,-0.002677199999999935,0.04205841,0.044735608260345394
14030,-0.0014199999999999768,0.001968063,0.003388062948435522,11.15417,11.083201,-0.07096859161377012,9.649430000000002,9.683888,0.03445843536376714,0.027506600000000048,0.03815367,0.010647070728206587
14038,-0.0014199999999999768,0.001968063,0.003388062948435522,11.15417,11.083201,-0.07096859161377012,9.649430000000002,9.683888,0.03445843536376714,0.027506600000000048,0.03815367,0.010647070728206587
14042,-0.0014199999999999768,0.001968063,0.003388062948435522,11.15417,11.083201,-0.07096859161377012,9.649430000000002,9.683888,0.03445843536376714,0.027506600000000048,0.03815367,0.010647070728206587
14092,0.08162799999999992,0.07521868,-0.00640932247924797,4.74099,6.7460275,2.0050374696350097,6.13702,7.3127,1.1756797947692874,0.049590800000000046,0.090964556,0.0413737557403564
14102,0.271717,0.21159753,-0.0601194679660797,6.360720000000001,8.521205,2.1604849484252924,14.838899999999999,12.576411,-2.262488752746581,0.3750052,0.3099994,-0.06500579366226195
14156,0.04011589999999998,0.14506786,0.10495195571575167,4.493789999999997,7.2035117,2.7097217149353057,5.065109999999999,5.460146,0.3950359503173839,0.05518109999999998,0.048341572,-0.006839527715301497
14222,0.04642499999999994,0.04038612,-0.006038878279924331,3.9513099999999994,8.110019,4.158708730163575,4.79749,6.978013,2.180523038635254,0.052842899999999915,0.044342756,-0.00850014372863761
14298,-0.04761300000000013,0.028373338,0.07598633828210843,10.855680000000003,9.791809,-1.063870917968753,5.905150000000001,7.5606647,1.6555146537780754,-0.05854400000000004,0.04217111,0.10071510946774487
14299,-0.06761300000000015,0.028373338,0.09598633828210845,7.505680000000002,9.791809,2.2861290820312483,2.0051500000000004,7.5606647,5.555514653778076,-0.09854400000000008,0.04217111,0.1407151094677449
14842,-0.04365400000000008,0.0032339925,0.046887992494642816,6.4251400000000025,8.739526,2.3143857949829076,5.555130000000002,7.010822,1.455691819305418,0.04789370000000004,0.0680462,0.020152497295188865
14981,0.06538699999999997,0.042460836,-0.022926163529872867,2.295680000000001,8.323146,6.027465866394042,9.03515,7.391649,-1.6435012306213377,0.24845600000000007,0.07651507,-0.17194092890596396
15048,0.03638699999999995,0.035271093,-0.0011159067506789633,9.785680000000003,9.360862,-0.4248182217407255,8.67515,7.6362023,-1.0389476646423343,0.0044559999999999045,0.009129494,0.004673494428634739
15049,0.013387000000000038,0.035271093,0.021884093249320946,9.805680000000002,9.360862,-0.44481822174072505,7.135150000000001,7.6362023,0.5010523353576648,0.0024559999999999027,0.009129494,0.006673494428634741
15050,0.03838699999999995,0.035271093,-0.003115906750678965,10.105680000000003,9.360862,-0.7448182217407258,8.17515,7.6362023,-0.5389476646423343,0.028456000000000037,0.009129494,-0.019326505571365393
15051,0.08938699999999988,0.035271093,-0.0541159067506789,9.88568,9.360862,-0.5248182217407233,7.385150000000001,7.6362023,0.2510523353576648,0.00045600000000001195,0.009129494,0.008673494428634632
15052,0.03138699999999994,0.035271093,0.003884093249321041,9.81568,9.360862,-0.45481822174072306,7.42515,7.6362023,0.21105233535766565,0.0034560000000000146,0.009129494,0.005673494428634629
15094,-0.04814300000000005,-0.0052704187,0.042872581288993405,8.716320000000003,9.767047,1.0507269284057585,7.351320000000001,9.133838,1.7825176998901355,0.047267599999999965,0.12721218,0.07994458168735508
15096,-0.04814300000000005,-0.0052704187,0.042872581288993405,8.316320000000005,9.767047,1.4507269284057571,7.341320000000001,9.133838,1.7925176998901353,0.06726759999999998,0.12721218,0.05994458168735506
15097,0.19216200000000005,0.03226849,-0.15989350935769087,19.21571,11.828506,-7.387203530273439,16.382050000000003,8.5990925,-7.782957516479495,0.21253600000000006,0.043478735,-0.16905726520872122
15098,-0.007838000000000012,0.03226849,0.0401064906423092,9.115710000000004,11.828506,2.712796469726559,5.082050000000002,8.5990925,3.5170424835205054,-0.05846399999999996,0.043478735,0.1019427347912788
15105,-0.00583800000000001,0.029542854,0.0353808540557623,8.115710000000004,9.909346,1.7936356268310512,6.082050000000002,7.5428276,1.4607776062011695,0.023536,0.013810507,-0.009725492978155614
15107,-0.010837999999999903,0.025563246,0.03640124563920488,9.115710000000004,10.41156,1.2958500585937465,6.082050000000002,7.9708357,1.888785685729978,-0.006463999999999914,0.046100147,0.05256414706850043
15108,0.012162000000000006,0.00031168008,-0.011850319920096553,10.115710000000004,9.274928,-0.8407819070434606,7.782050000000002,5.8765097,-1.9055403335571306,0.03153600000000001,0.009237515,-0.022298485191226014
15179,-0.008820999999999968,-0.017653495,-0.008832495073318514,3.33315,4.615853,1.2827028327941896,3.6633700000000005,4.5898676,0.9264975918579097,0.060435600000000034,0.07637917,0.015943572503948178
15180,-0.028820999999999986,-0.017653495,0.011167504926681504,2.6231500000000025,4.615853,1.992702832794187,2.7833700000000015,4.5898676,1.8064975918579087,0.05643560000000014,0.07637917,0.01994357250394807
15182,-0.028820999999999986,-0.017653495,0.011167504926681504,3.1231500000000025,4.615853,1.492702832794187,3.933370000000002,4.5898676,0.6564975918579083,0.08943560000000006,0.07637917,-0.013056427496051848
15183,-0.018820999999999977,-0.017653495,0.0011675049266814952,5.49315,4.615853,-0.8772971672058105,6.133370000000001,4.5898676,-1.543502408142091,0.11743560000000008,0.07637917,-0.04105642749605187
15184,-0.048821,-0.017653495,0.031167504926681522,4.83315,4.615853,-0.21729716720581038,4.403370000000001,4.5898676,0.18649759185790948,0.07743560000000005,0.07637917,-0.0010564274960518372
15185,-0.048821,-0.017653495,0.031167504926681522,4.0131499999999996,4.615853,0.6027028327941899,3.503370000000002,4.5898676,1.086497591857908,0.05743560000000003,0.07637917,0.01894357250394818
15186,-0.048821,-0.017653495,0.031167504926681522,4.81315,4.615853,-0.1972971672058108,4.713370000000001,4.5898676,-0.12350240814209101,0.08743560000000006,0.07637917,-0.011056427496051846
15187,-0.048821,-0.017653495,0.031167504926681522,5.2631499999999996,4.615853,-0.6472971672058101,5.2433700000000005,4.5898676,-0.6535024081420904,0.09743560000000007,0.07637917,-0.021056427496051855
15189,0.01117900000000005,-0.017653495,-0.02883249507331853,3.9231499999999997,4.615853,0.6927028327941898,5.323370000000001,4.5898676,-0.7335024081420904,0.10743560000000008,0.07637917,-0.031056427496051864
15190,-0.018820999999999977,-0.017653495,0.0011675049266814952,4.65315,4.615853,-0.037297167205810666,5.153370000000001,4.5898676,-0.5635024081420905,0.09743560000000007,0.07637917,-0.021056427496051855
15191,-0.038820999999999994,-0.017653495,0.021167504926681513,4.17315,4.615853,0.44270283279418976,3.423370000000002,4.5898676,1.1664975918579081,0.04743560000000002,0.07637917,0.02894357250394819
15194,0.01117900000000005,-0.017653495,-0.02883249507331853,3.9731500000000004,4.615853,0.642702832794189,5.393370000000001,4.5898676,-0.8035024081420907,0.10743560000000008,0.07637917,-0.031056427496051864
15195,-0.008820999999999968,-0.017653495,-0.008832495073318514,3.453150000000001,4.615853,1.1627028327941886,3.813370000000001,4.5898676,0.7764975918579093,0.06743560000000004,0.07637917,0.008943572503948172
15196,-0.038820999999999994,-0.017653495,0.021167504926681513,3.393150000000002,4.615853,1.2227028327941873,2.8233700000000006,4.5898676,1.7664975918579096,0.04743560000000002,0.07637917,0.02894357250394819
15832,0.16282600000000003,0.24819133,0.08536532685661313,16.43832,16.641657,0.20333687561035063,13.98673,15.140798,1.1540676150512699,0.07779709999999995,0.11915305,0.04135595256843572
15833,0.142826,0.24819133,0.10536532685661315,16.338320000000003,16.641657,0.3033368756103485,13.88673,15.140798,1.2540676150512695,0.09779709999999997,0.11915305,0.0213559525684357
15834,0.252826,0.24819133,-0.004634673143386836,13.238320000000002,16.641657,3.40333687561035,13.48673,15.140798,1.6540676150512699,0.09779709999999997,0.11915305,0.0213559525684357
15835,0.31282600000000005,0.24819133,-0.06463467314338689,17.03832,16.641657,-0.39666312438964724,15.38673,15.140798,-0.2459323849487305,0.08779709999999996,0.11915305,0.03135595256843571
15836,0.30282600000000004,0.24819133,-0.05463467314338688,18.838320000000003,16.641657,-2.1966631243896515,16.28673,15.140798,-1.145932384948729,0.09779709999999997,0.11915305,0.0213559525684357
15837,0.30282600000000004,0.24819133,-0.05463467314338688,20.338320000000003,16.641657,-3.6966631243896515,16.88673,15.140798,-1.7459323849487305,0.09779709999999997,0.11915305,0.0213559525684357
15843,0.21282599999999996,0.24819133,0.0353653268566132,13.63832,16.641657,3.0033368756103513,14.18673,15.140798,0.9540676150512688,0.1477970999999999,0.11915305,-0.028644047431564235
15844,0.262826,0.24819133,-0.014634673143386845,15.13832,16.641657,1.5033368756103513,15.78673,15.140798,-0.6459323849487308,0.17779709999999993,0.11915305,-0.05864404743156426
15845,0.29282600000000003,0.24819133,-0.04463467314338687,18.73832,16.641657,-2.09666312438965,17.48673,15.140798,-2.345932384948732,0.23779709999999998,0.11915305,-0.11864404743156431
15846,0.252826,0.24819133,-0.004634673143386836,18.73832,16.641657,-2.09666312438965,16.48673,15.140798,-1.345932384948732,0.10779709999999998,0.11915305,0.01135595256843569
16106,0.0015540000000000553,0.039444838,0.037890837719201986,8.90036,11.885389,2.9850293280029305,5.6126000000000005,8.378308,2.765708296203613,-0.037971599999999994,0.0056823464,0.04365394641104936
16107,0.0015540000000000553,0.039444838,0.037890837719201986,11.50036,11.885389,0.3850293280029291,7.6126000000000005,8.378308,0.7657082962036128,-0.037971599999999994,0.0056823464,0.04365394641104936
16109,0.03155400000000008,0.039444838,0.00789083771920196,10.600360000000002,11.885389,1.2850293280029277,8.632600000000002,8.378308,-0.25429170379638855,0.019028400000000056,0.0056823464,-0.01334605358895069
16140,-0.007784999999999931,-0.04863919,-0.040854189451932976,6.738349999999997,7.2319336,0.49358359375000305,4.637250000000002,4.1428146,-0.4944353637695329,0.002264100000000102,-0.007672592,-0.009936692066228492
16141,-0.007784999999999931,0.015714234,0.02349923374116414,4.788349999999998,9.463941,4.675590620422366,2.3972499999999997,6.5400095,4.142759498596192,-0.03773589999999993,-3.1544514e-06,0.03773274554859407
16142,0.002215000000000078,0.015714234,0.01349923374116413,5.658349999999999,9.463941,3.8055906204223646,4.2272500000000015,6.5400095,2.31275949859619,0.002264100000000102,-3.1544514e-06,-0.0022672544514059645
16143,0.002215000000000078,0.015714234,0.01349923374116413,4.77835,9.463941,4.685590620422364,3.1472499999999997,6.5400095,3.3927594985961917,-0.007735899999999907,-3.1544514e-06,0.007732745548594044
16144,0.002215000000000078,0.015714234,0.01349923374116413,4.77835,9.463941,4.685590620422364,3.1472499999999997,6.5400095,3.3927594985961917,-0.007735899999999907,-3.1544514e-06,0.007732745548594044
16145,-0.007784999999999931,0.015714234,0.02349923374116414,4.788349999999998,9.463941,4.675590620422366,2.327250000000003,6.5400095,4.2127594985961885,-0.03773589999999993,-3.1544514e-06,0.03773274554859407
16147,0.002215000000000078,0.015714234,0.01349923374116413,5.18835,9.463941,4.2755906204223635,3.05725,6.5400095,3.4827594985961916,-0.027735899999999925,-3.1544514e-06,0.027732745548594062
16148,-0.007784999999999931,0.015714234,0.02349923374116414,4.798349999999999,9.463941,4.665590620422364,2.3472500000000025,6.5400095,4.192759498596189,-0.03773589999999993,-3.1544514e-06,0.03773274554859407
16346,0.012386999999999926,0.035847057,0.023460056657075956,6.505680000000002,9.224122,2.7184420474243147,6.805150000000001,7.634963,0.829813035583495,0.09145599999999998,0.034380395,-0.05707560503458975
16355,0.022386999999999935,0.21961956,0.19723255726146705,12.505680000000002,15.967514,3.461834038085936,11.50515,13.701632,2.1964815460205074,0.14145599999999992,0.15002671,0.008570708841323937
16356,0.022386999999999935,0.21961956,0.19723255726146705,12.505680000000002,15.967514,3.461834038085936,11.50515,13.701632,2.1964815460205074,0.14145599999999992,0.15002671,0.008570708841323937
16357,0.07238699999999998,0.21961956,0.147232557261467,12.005680000000002,15.967514,3.961834038085936,11.50515,13.701632,2.1964815460205074,0.14145599999999992,0.15002671,0.008570708841323937
16358,0.3723869999999999,0.21961956,-0.15276744273853293,13.005680000000002,15.967514,2.961834038085936,15.50515,13.701632,-1.8035184539794926,0.19145599999999996,0.15002671,-0.04142929115867611
16360,0.822387,0.21961956,-0.602767442738533,29.00568,15.967514,-13.038165961914064,20.50515,13.701632,-6.803518453979493,0.44145599999999996,0.15002671,-0.2914292911586761
16382,-0.057784999999999975,0.015799765,0.07358476454377172,6.388349999999999,8.737159,2.3488087753295908,2.9472500000000004,6.4156303,3.4683803405761715,-0.027735899999999925,0.01711016,0.04484605962064259
16383,-0.06778499999999998,0.015799765,0.08358476454377173,6.218349999999997,8.737159,2.5188087753295925,1.8872500000000016,6.4156303,4.52838034057617,-0.05773589999999995,0.01711016,0.07484605962064261
16384,-0.06778499999999998,0.015799765,0.08358476454377173,5.268349999999998,8.737159,3.4688087753295918,0.2872500000000002,6.4156303,6.128380340576172,-0.08973589999999998,0.01711016,0.10684605962064264
16399,-0.012589300000000025,-0.026052458,-0.013463158211779569,7.345469999999999,7.871679,0.5262088291931164,6.052990000000001,6.737078,0.6840881898498523,0.03577780000000008,0.08297105,0.047193251335334696
16400,-0.04258930000000005,-0.026052458,0.016536841788220458,7.205470000000002,7.871679,0.6662088291931134,5.93299,6.737078,0.8040881898498533,0.0557778000000001,0.08297105,0.02719325133533468
16401,-0.03258930000000004,-0.026052458,0.006536841788220449,6.725470000000001,7.871679,1.1462088291931138,5.722990000000001,6.737078,1.0140881898498524,0.0557778000000001,0.08297105,0.02719325133533468
16402,-0.08258930000000009,-0.026052458,0.05653684178822049,7.165469999999999,7.871679,0.7062088291931161,5.36299,6.737078,1.3740881898498536,0.0557778000000001,0.08297105,0.02719325133533468
16403,-0.05125869999999999,0.045444146,0.09670284579868316,6.4666999999999994,8.924971,2.4582706268310552,5.704930000000001,7.5315223,1.826592274017333,0.09579910000000003,0.14715508,0.05135597626533506
16487,0.05927900000000008,0.056772415,-0.0025065854051113945,7.8967600000000004,9.27995,1.3831901419067378,11.47757,11.96639,0.4888196560668945,0.26938680000000004,0.1844993,-0.08488750643424992
16540,-0.02723500000000012,0.005710712,0.03294571216836584,7.75046,8.170456,0.41999593261718715,7.6053599999999975,9.395282,1.7899217916870143,0.08608870000000002,0.13999133,0.05390262812023161
16541,-0.04823500000000003,0.005710712,0.053945712168365745,7.4104600000000005,8.170456,0.759995932617187,6.675359999999998,9.395282,2.719921791687014,0.0660887,0.13999133,0.07390262812023163
16551,0.022386999999999935,0.06160716,0.0392201596741677,11.65568,13.561439,1.9057585604858396,8.40515,9.99596,1.5908102355957023,-0.05854400000000004,0.047150694,0.10569469383382801
16629,0.11544300000000007,0.075671755,-0.039771245222568585,6.32394,6.6908937,0.3669536500549313,9.718829999999999,9.560033,-0.15879715545654172,0.14842279999999997,0.1325163,-0.01590650528221127
16630,0.10144300000000006,0.075671755,-0.025771245222568573,6.123940000000001,6.6908937,0.5669536500549306,9.018829999999998,9.560033,0.5412028445434593,0.13842279999999996,0.1325163,-0.005906505282211261
16650,0.05253400000000008,0.051587094,-0.0009469063785076948,10.846149999999998,11.195254,0.34910432586670126,11.288349999999998,9.39236,-1.8959902664184547,0.16681619999999997,0.02105036,-0.14576583994622228
16654,0.002215000000000078,-0.0035015512,-0.005716551225781519,7.958349999999999,10.637456,2.6791059402465827,6.397250000000001,10.219253,3.8220025863647447,0.04226410000000003,0.13106038,0.08879627676334378
16755,-0.0176130000000001,0.028373338,0.04598633828210841,8.805680000000002,9.791809,0.9861290820312476,6.405150000000001,7.5606647,1.1555146537780754,0.03145599999999993,0.04217111,0.010715109467744899
16756,-0.007613000000000092,-0.005569463,0.0020435368699134315,11.805680000000002,10.378778,-1.4269015423584008,9.805150000000001,7.558124,-2.247025934600831,0.09145599999999998,0.027993565,-0.06346243457472323
16761,0.07763999999999993,0.09649821,0.018858213708400795,16.353350000000002,13.526163,-2.8271868988037134,16.680770000000003,15.436716,-1.2440539202880885,0.12271939999999992,0.13843997,0.015720568228340226
16762,0.08826400000000001,0.09764633,0.009382333277225485,8.05084,10.662791,2.6119512521362296,9.480569999999998,11.792775,2.312205154113771,0.12744659999999997,0.13465302,0.007206416924858128
16763,0.20370399999999989,0.17552006,-0.028183937553405647,13.32169,12.533814,-0.7878755697631838,14.786100000000001,14.018966,-0.76713427886963,0.20708840000000006,0.12445499,-0.08263340997066504
16861,-0.057613000000000136,0.028964328,0.08657732764828219,8.575680000000002,8.942326,0.36664559204101366,4.995150000000001,7.24157,2.2464199958801263,-0.008543999999999996,0.041560274,0.05010427361750602
16893,-0.057613000000000136,0.028646853,0.08625985282111182,7.2156800000000025,9.680725,2.4650450976562475,2.895150000000001,7.8817463,4.986596292114257,-0.04854400000000003,0.050982974,0.09952697446966174
17144,0.06851399999999996,0.030433135,-0.03808086489284035,9.263110000000001,8.386865,-0.8762453378295909,9.882830000000002,8.422103,-1.460727071838381,0.10898579999999991,0.1245978,0.015612002758216947
17145,0.06851399999999996,0.030433135,-0.03808086489284035,9.363110000000002,8.386865,-0.9762453378295923,10.382830000000002,8.422103,-1.960727071838381,0.13898579999999994,0.1245978,-0.01438799724178308
17146,0.10851399999999989,0.030433135,-0.07808086489284027,10.763110000000001,8.386865,-2.376245337829591,11.882830000000002,8.422103,-3.460727071838381,0.16898579999999996,0.1245978,-0.044387997241783106
17147,0.13851399999999991,0.030433135,-0.1080808648928403,12.263110000000001,8.386865,-3.876245337829591,13.582830000000001,8.422103,-5.16072707183838,0.2189857999999999,0.1245978,-0.09438799724178304
17255,0.01638699999999993,0.028964328,0.012577327648282122,8.205680000000001,8.942326,0.7366455920410147,7.10515,7.24157,0.13641999588012688,0.05345599999999995,0.041560274,-0.01189572638249392
17258,-0.0036130000000000884,0.028964328,0.03257732764828214,7.605680000000003,8.942326,1.3366455920410125,5.50515,7.24157,1.7364199958801265,0.007455999999999907,0.041560274,0.03410427361750612
17259,0.024386999999999937,0.028964328,0.004577327648282115,18.60568,8.942326,-9.663354407958984,7.805150000000001,7.24157,-0.5635800041198742,0.06645599999999996,0.041560274,-0.024895726382493932
17716,-0.028828000000000076,-0.030979825,-0.002151825183749123,7.57076,7.372045,-0.1987149598693847,4.408440000000002,5.07336,0.6649199662780738,-0.03592989999999996,-0.042067483,-0.006137583067512553
17768,0.02883199999999997,0.0697912,0.040959197776794465,13.28245,13.000064,-0.28238610382080154,14.54456,16.012884,1.4683241400146478,0.23287709999999995,0.27038693,0.03750983428039556
17769,0.08244399999999996,0.11244861,0.030004610365390816,22.99146,19.333916,-3.6575442895507813,21.34637,20.201035,-1.1453354541015628,0.22879779999999994,0.286343,0.057545208279800475
17770,0.14180099999999995,0.11072392,-0.031077079833507493,18.17923,17.780901,-0.39832904479980513,20.27234,19.376213,-0.896126926269531,0.3519151,0.2931288,-0.05878631152877806
17869,0.332387,0.028373338,-0.3040136617178917,13.755680000000002,9.791809,-3.9638709179687517,15.38515,7.5606647,-7.824485346221923,0.32545599999999997,0.04217111,-0.28328489053225514
17870,0.20238699999999998,0.028373338,-0.17401366171789168,12.74568,9.791809,-2.95387091796875,12.97515,7.5606647,-5.414485346221923,0.16945599999999994,0.04217111,-0.1272848905322551
17871,0.14238699999999993,0.028373338,-0.11401366171789162,9.235680000000002,9.791809,0.5561290820312479,11.70515,7.5606647,-4.1444853462219235,0.19045599999999996,0.04217111,-0.14828489053225513
17872,0.06238699999999997,0.028373338,-0.03401366171789166,8.675680000000003,9.791809,1.1161290820312466,7.09515,7.5606647,0.4655146537780759,-0.009543999999999997,0.04217111,0.051715109467744824
17873,0.04238699999999995,0.028373338,-0.014013661717891646,8.705680000000001,9.791809,1.086129082031249,6.555150000000001,7.5606647,1.005514653778075,-0.009543999999999997,0.04217111,0.051715109467744824
17874,0.05238699999999996,0.028373338,-0.024013661717891654,8.095680000000002,9.791809,1.6961290820312485,6.305150000000001,7.5606647,1.255514653778075,-0.009543999999999997,0.04217111,0.051715109467744824
17875,-0.057613000000000136,0.028373338,0.08598633828210844,6.675680000000003,9.791809,3.1161290820312466,3.355150000000002,7.5606647,4.205514653778074,-0.05054400000000003,0.04217111,0.09271510946774486
17886,0.08238699999999999,0.028373338,-0.05401366171789168,6.045680000000001,9.791809,3.746129082031249,8.65515,7.5606647,-1.0944853462219246,0.15445599999999993,0.04217111,-0.1122848905322551
17888,-0.0176130000000001,0.028373338,0.04598633828210841,7.945680000000003,9.791809,1.846129082031247,2.815149999999999,7.5606647,4.745514653778077,-0.05454400000000004,0.04217111,0.09671510946774486
17889,-0.03761300000000012,0.028373338,0.06598633828210843,6.935680000000001,9.791809,2.8561290820312486,1.765150000000002,7.5606647,5.795514653778074,-0.06854400000000005,0.04217111,0.11071510946774488
17890,-0.057613000000000136,-0.040236883,0.017376117134571212,5.83568,7.789701,1.954020984954834,3.4451500000000017,4.4015303,0.9563802658081038,0.006455999999999906,0.0011449107,-0.005311089303105976
18010,-0.1215885000000001,-0.064668395,0.05692010537481318,4.4962800000000005,5.8519826,1.3557025935363765,4.447769999999999,6.2813587,1.833588718872071,0.2022463,0.22768895,0.025442653280448924
18012,-0.11025920000000011,-0.100635335,0.009623865150642508,9.80107,8.899834,-0.9012363208007805,9.688480000000002,8.397536,-1.2909437222290059,0.21003019999999994,0.19627015,-0.013760047073554937
18013,-0.07761300000000015,0.042460836,0.12007383647012726,11.005680000000002,8.323146,-2.6825341336059587,6.70515,7.391649,0.6864987693786624,-0.008543999999999996,0.07651507,0.0850590710940361
18064,0.24319900000000005,0.20616125,-0.03703775429630285,9.202200000000001,9.128358,-0.07384211273193486,11.37851,10.915785,-0.46272516418457066,0.1828033,0.16792,-0.014883306599426271
18065,0.2174060000000001,0.16264367,-0.0547623289642335,19.635419999999996,16.510078,-3.125341569824215,22.652050000000003,18.959873,-3.692176800537112,0.3120335000000001,0.25272867,-0.05930482916450508
18066,0.011300000000000088,0.07352527,0.06222527230978003,5.734930000000002,8.214251,2.4793205645751932,5.584589999999999,8.498638,2.9140481530761733,0.052723500000000034,0.10611512,0.053391617669105496
18068,-0.00869999999999993,0.0065009827,0.0152009826794266,6.784930000000003,7.088998,0.30406784088134486,6.51459,7.5305567,1.0159666787719726,0.06272350000000004,0.08275727,0.0200337718262672
18069,0.031300000000000106,0.032940906,0.0016409055411814588,7.0949300000000015,7.7020426,0.6071125796508774,7.744589999999999,8.654048,0.9094579660034192,0.08272350000000006,0.10306273,0.02033922655725473
18113,0.09931900000000005,0.018984642,-0.08033435812020306,13.32357,10.489352,-2.834217773742676,10.85186,8.378421,-2.473439170227051,0.014126400000000094,0.028892364,0.014765964352941419
18131,-0.08801000000000014,0.043764476,0.1317744757330419,7.241590000000002,10.031666,2.790075802001951,1.9550800000000024,7.4743314,5.519251378936765,-0.07651640000000004,0.031244464,0.10776086421861653
18133,0.09483520000000001,0.041698866,-0.0531363344075203,4.545310000000001,6.594619,2.0493087973022455,4.38747,5.2663155,0.8788454602050777,0.00031400000000003647,-0.012846601,-0.013160601195633448
18134,0.08993849999999992,0.051515818,-0.03842268235778801,10.15651,9.196211,-0.9602991387939461,8.46425,7.1594157,-1.3048342781066893,0.02050989999999997,0.047873784,0.027363883856630355
18136,0.12098799999999998,-0.0050532836,-0.12604128364670275,8.40156,8.070089,-0.331470659790039,8.894659999999998,6.651145,-2.243515018615721,0.08722530000000006,0.05428585,-0.03293944962410933
18166,0.11662500000000009,0.06385744,-0.05276755636930475,14.891109999999998,12.18915,-2.701960143432615,18.15246,12.902403,-5.250057122192384,0.4045896,0.2450577,-0.15953189793548583
18171,0.013999000000000095,0.020497875,0.006498875288128758,11.477609999999999,11.762678,0.28506814636230615,10.325389999999999,10.26347,-0.06192030395507686,0.06059910000000002,0.061792403,0.0011933034595489334
18172,0.013999000000000095,0.020497875,0.006498875288128758,11.677610000000001,11.762678,0.08506814636230331,10.92539,10.26347,-0.6619203039550783,0.08059909999999992,0.061792403,-0.018806696540450973
18173,-0.02600099999999994,0.020497875,0.046498875288128794,10.87761,11.762678,0.885068146362304,8.325389999999999,10.26347,1.9380796960449231,0.010599099999999972,0.061792403,0.05119330345954898
18174,0.013999000000000095,0.020497875,0.006498875288128758,11.27761,11.762678,0.48506814636230544,9.42539,10.26347,0.8380796960449217,0.03059909999999999,0.061792403,0.03119330345954896
18175,0.17600300000000013,0.100233,-0.07576999650287641,10.59808,6.291288,-4.3067921009826655,14.029720000000001,8.222175,-5.807545355529786,0.46269989999999994,0.22412102,-0.2385788807558059
18177,0.10600300000000007,0.100233,-0.005769996502876351,2.998079999999998,6.291288,3.293207899017336,6.40972,8.222175,1.8124546444702148,0.1526999,0.22412102,0.07142111924419403
18191,0.07698099999999997,0.07865838,0.0016773796143532138,15.224429999999998,11.730902,-3.4935282818603497,12.501209999999999,11.051897,-1.4493129510498033,0.0384814,0.076565154,0.038083753896808625
18233,0.0014879999999999338,-0.0013897072,-0.002877707205817037,9.901820000000004,8.945329,-0.9564912875366254,5.716439999999999,5.644999,-0.07144097274780137,-0.05369219999999997,-0.0036002325,0.050091967464026776
18235,0.03148799999999996,-0.0013897072,-0.032877707205817064,8.851820000000004,8.945329,0.09350871246337533,5.616439999999999,5.644999,0.028559027252198277,-0.04369219999999996,-0.0036002325,0.04009196746402677
18358,0.3223218,0.30290404,-0.019417760378646842,16.41386,15.827854,-0.586005843505859,16.14024,16.026205,-0.11403493713378765,0.15182680000000004,0.15818913,0.0063623328096389375
18360,0.09738699999999989,0.19969422,0.1023072162513734,16.225680000000004,19.487118,3.2614377673339803,13.34515,16.652815,3.3076648651123044,0.08145599999999997,0.2338973,0.15244129857444766
18361,0.332387,0.19969422,-0.1326927837486267,20.60568,19.487118,-1.1185622326660152,18.40515,16.652815,-1.7523351348876943,0.32145599999999996,0.2338973,-0.08755870142555233
18364,0.20238699999999998,0.19969422,-0.0026927837486266926,19.70568,19.487118,-0.2185622326660166,17.105150000000002,16.652815,-0.45233513488769717,0.25145599999999996,0.2338973,-0.017558701425552325
18365,0.19238699999999997,0.19969422,0.007307216251373316,19.10568,19.487118,0.3814377673339848,16.50515,16.652815,0.14766486511230426,0.21145599999999998,0.2338973,0.022441298574447655
18366,0.20238699999999998,0.19969422,-0.0026927837486266926,20.50568,19.487118,-1.0185622326660173,17.30515,16.652815,-0.6523351348876965,0.25145599999999996,0.2338973,-0.017558701425552325
18367,0.21238699999999988,0.19969422,-0.01269278374862659,22.20568,19.487118,-2.7185622326660166,18.20515,16.652815,-1.552335134887695,0.281456,0.2338973,-0.04755870142555235
18368,0.18538699999999986,0.19969422,0.014307216251373434,19.06568,19.487118,0.42143776733398397,16.52515,16.652815,0.12766486511230468,0.21045599999999998,0.2338973,0.023441298574447655
18456,0.31199,0.043764476,-0.2682255242669582,15.421590000000002,10.031666,-5.389924197998049,16.08508,7.4743314,-8.610748621063234,0.24348359999999997,0.031244464,-0.21223913578138348
18457,0.05198999999999998,0.043764476,-0.008225524266958217,10.721590000000003,10.031666,-0.6899241979980495,8.085080000000001,7.4743314,-0.6107486210632338,-0.006516399999999978,0.031244464,0.03776086421861646
18458,0.30199,0.043764476,-0.2582255242669582,20.921590000000002,10.031666,-10.889924197998049,17.98508,7.4743314,-10.510748621063232,0.2534836,0.031244464,-0.2222391357813835
18459,0.13198999999999994,0.043764476,-0.08822552426695818,15.521590000000002,10.031666,-5.489924197998048,12.48508,7.4743314,-5.010748621063232,0.10348360000000001,0.031244464,-0.07223913578138352
18548,-0.04830000000000001,-0.021278495,0.027021505030989657,9.92342,8.01466,-1.9087601184082033,3.321159999999999,6.9049087,3.5837486570739756,0.08136260000000006,0.116438046,0.03507544609775537
18591,0.032215000000000105,0.057119537,0.024904537144899264,6.708349999999999,8.565091,1.8567411331176764,4.807250000000002,6.24074,1.4334898223876937,-0.01973590000000003,-0.018154096,0.0015818041416645334
18593,-0.007784999999999931,0.057119537,0.0649045371448993,7.038349999999998,8.565091,1.5267411331176781,3.707250000000002,6.24074,2.5334898223876934,-0.049735899999999944,-0.018154096,0.03158180414166445
18897,0.16680000000000006,0.15769121,-0.009108789491653502,11.438210000000002,11.689152,0.2509417639160141,12.883309999999998,12.700937,-0.18237272888183398,0.1945831,0.1586677,-0.03591540149745942
18972,0.045600000000000085,0.023424352,-0.022175648412108506,11.082550000000001,11.476719,0.3941689025878894,12.354080000000002,11.84815,-0.5059297467041031,0.12870480000000006,0.11305531,-0.01564948885660178
18973,0.04060000000000008,0.023424352,-0.017175648412108502,10.062550000000002,11.476719,1.414168902587889,11.31408,11.84815,0.5340702532958979,0.11470479999999994,0.11305531,-0.0016494888566016552
18974,0.03160000000000007,0.023424352,-0.008175648412108494,9.832550000000001,11.476719,1.6441689025878894,10.074080000000002,11.84815,1.7740702532958963,0.07070480000000001,0.11305531,0.04235051114339827
18975,0.035600000000000076,0.023424352,-0.012175648412108497,9.992550000000001,11.476719,1.4841689025878892,10.404080000000002,11.84815,1.4440702532958962,0.07770479999999991,0.11305531,0.03535051114339838
19092,0.022386999999999935,0.0047493507,-0.017637649284571344,13.715680000000003,12.642782,-1.0728977886962916,11.305150000000001,10.271751,-1.0333985961914074,0.09145599999999998,0.08840483,-0.0030511731801032838
19093,-0.06261300000000003,0.0047493507,0.06736235071542862,13.445680000000001,12.642782,-0.8028977886962902,9.70515,10.271751,0.566601403808594,0.051455999999999946,0.08840483,0.03694882681989675
19094,-0.04161300000000012,0.0047493507,0.04636235071542871,13.305680000000002,12.642782,-0.6628977886962915,9.70515,10.271751,0.566601403808594,0.051455999999999946,0.08840483,0.03694882681989675
19198,0.011009000000000047,-0.010882584,-0.02189158437812333,7.177890000000001,6.9211864,-0.25670355285644675,7.068549999999998,6.512942,-0.5556081626892073,0.08476320000000004,0.030130632,-0.05463256777830128
19202,-0.003775000000000084,0.029892161,0.033667161488533104,16.696040000000004,12.278933,-4.417107428588871,16.12153,12.792181,-3.3293489849853515,0.1615088,0.14101224,-0.02049656352405549
19244,-0.03878499999999985,0.023540601,0.06232560113430008,7.8783499999999975,7.6292257,-0.24912426910400143,4.807250000000002,5.570787,0.7635369529724105,-0.011735900000000021,0.02753198,0.039267879605555556
19291,-0.07923600000000008,-0.017509196,0.061726804046392525,2.3797200000000025,3.9265745,1.5468544686126684,-0.20638999999999896,2.1577091,2.3640991217041005,-0.030698899999999973,0.017089268,0.04778816819264886
19342,0.006939600000000046,-0.046178795,-0.05311839539728169,11.826110000000002,11.368899,-0.45721065460205246,12.053180000000001,9.637253,-2.4159271923828136,0.39010999999999996,0.24316393,-0.1469460716104507
19344,-0.11306040000000006,-0.046178795,0.06688160460271841,10.526110000000001,11.368899,0.8427893453979483,7.85318,9.637253,1.7840728076171875,0.12010999999999994,0.24316393,0.12305392838954932
19346,0.021525999999999934,-0.049057245,-0.07058324525451654,13.160549999999999,10.715862,-2.444687725830077,13.2034,9.160896,-4.042503698730469,0.3717889,0.18202023,-0.1897686679185867
19348,-0.06847400000000015,-0.049057245,0.019416754745483544,10.260549999999999,10.715862,0.45531227416992337,7.7034,9.160896,1.457496301269531,0.11178889999999997,0.18202023,0.0702313320814133
19349,-0.08847400000000016,-0.049057245,0.03941675474548356,9.56055,10.715862,1.1553122741699227,6.9033999999999995,9.160896,2.2574963012695317,0.08178890000000005,0.18202023,0.10023133208141322
19455,-0.04820599999999997,-0.029727388,0.01847861182665822,15.4158,10.360991,-5.054809475708009,12.249519999999999,8.446585,-3.8029352984619127,0.013294299999999981,0.071888246,0.05859394564218523
19456,-0.05820599999999998,-0.029727388,0.02847861182665823,7.6158,10.360991,2.745190524291992,6.049519999999998,8.446585,2.3970647015380884,0.0342943,0.071888246,0.03759394564218521
19467,-0.03778499999999996,0.015714234,0.053499233741164165,7.8683499999999995,9.463941,1.5955906204223638,4.847250000000001,6.5400095,1.6927594985961907,-0.007735899999999907,-3.1544514e-06,0.007732745548594044
19468,-0.07778499999999999,0.015714234,0.0934992337411642,7.678349999999998,9.463941,1.785590620422365,2.247250000000001,6.5400095,4.29275949859619,-0.08773589999999998,-3.1544514e-06,0.08773274554859412
19551,0.00021500000000007624,0.02135329,0.021138289484977646,7.178349999999998,7.758737,0.5803870872497576,4.8572500000000005,6.401522,1.5442721595764155,-0.00973590000000002,0.04194296,0.051678861513996144
19552,-0.007784999999999931,0.02135329,0.029138289484977653,7.538349999999998,7.758737,0.2203870872497582,5.207250000000002,6.401522,1.194272159576414,0.002264100000000102,0.04194296,0.03967886151399602
19592,0.10985100000000003,0.02182602,-0.08802498048937324,12.987359999999999,11.459669,-1.5276908868408192,16.128130000000002,12.670072,-3.4580583981323265,0.1979033,0.12978418,-0.06811911828594208
19594,0.019851000000000063,0.02182602,0.00197501951062673,12.637360000000001,11.459669,-1.1776908868408213,13.728130000000002,12.670072,-1.0580583981323262,0.14690329999999996,0.12978418,-0.017119118285942037
19595,-0.010148999999999964,0.02182602,0.031975019510626757,11.62736,11.459669,-0.1676908868408198,11.11813,12.670072,1.551941601867675,0.0799032999999999,0.12978418,0.04988088171405802
19616,-0.008010000000000073,0.052572772,0.060582771906852795,7.221590000000003,10.093335,2.8717451516723607,3.7850800000000007,7.8654623,4.08038230316162,-0.05451640000000002,0.012310074,0.06682647371097805
19617,-0.008010000000000073,0.052572772,0.060582771906852795,4.121590000000001,10.093335,5.971745151672362,1.0850800000000014,7.8654623,6.78038230316162,-0.06551640000000003,0.012310074,0.07782647371097806
19820,-0.007784999999999931,0.015799765,0.023584764543771675,9.558349999999997,8.737159,-0.8211912246704074,6.507250000000001,6.4156303,-0.09161965942382899,-0.007735899999999907,0.01711016,0.02484605962064257
19827,0.3305867,0.16262059,-0.16796611086292268,16.26598,15.55748,-0.7085001416015615,17.0024,15.7769,-1.2254997085571304,0.4321154,0.37182677,-0.06028863207855223
19829,0.04058670000000009,0.16262059,0.12203388913707724,14.465979999999998,15.55748,1.0914998583984392,14.6024,15.7769,1.1745002914428717,0.3321154,0.37182677,0.03971136792144775
19830,0.26058670000000006,0.16262059,-0.09796611086292273,15.865979999999999,15.55748,-0.30850014160156114,16.5024,15.7769,-0.7254997085571304,0.4021154,0.37182677,-0.030288632078552258
19831,0.02058670000000007,0.16262059,0.14203388913707726,14.165979999999998,15.55748,1.39149985839844,14.5024,15.7769,1.2745002914428714,0.3421154,0.37182677,0.02971136792144774
19832,0.12058670000000005,0.16262059,0.042033889137077285,15.165979999999998,15.55748,0.3914998583984399,15.1024,15.7769,0.6745002914428717,0.3221154,0.37182677,0.04971136792144776
19833,0.18244399999999994,0.11244861,-0.06999538963460916,18.99146,19.333916,0.34245571044921874,20.746370000000002,20.201035,-0.5453354541015649,0.2987978,0.286343,-0.012454791720199587
19834,0.1324439999999999,0.11244861,-0.019995389634609118,19.99146,19.333916,-0.6575442895507813,21.14637,20.201035,-0.9453354541015635,0.3187978,0.286343,-0.032454791720199605
19835,0.02883199999999997,0.0697912,0.040959197776794465,13.28245,13.000064,-0.28238610382080154,14.54456,16.012884,1.4683241400146478,0.23287709999999995,0.27038693,0.03750983428039556
19837,0.12883199999999995,0.0697912,-0.05904080222320551,13.68245,13.000064,-0.6823861038208001,18.74456,16.012884,-2.7316758599853515,0.3528771,0.27038693,-0.08249016571960449
19839,0.1324439999999999,0.11244861,-0.019995389634609118,20.891460000000002,19.333916,-1.5575442895507834,21.64637,20.201035,-1.4453354541015635,0.3287978,0.286343,-0.04245479172019956
19841,0.16180099999999997,0.11072392,-0.05107707983350751,19.37923,17.780901,-1.5983290447998044,20.572339999999997,19.376213,-1.1961269262695282,0.3219151,0.2931288,-0.028786311528778086
19843,0.027392000000000083,0.060066212,0.03267421196866027,11.94256,12.615651,0.6730911306762692,13.118670000000002,15.6489105,2.530240522460936,0.16386619999999996,0.2659875,0.10212128564720158
19844,0.06739200000000012,0.060066212,-0.007325788031339764,11.742560000000001,12.615651,0.8730911306762685,17.61867,15.6489105,-1.969759477539064,0.3838662,0.2659875,-0.11787871435279845
19858,0.03698999999999997,0.04276966,0.005779659310579333,14.081590000000002,11.582659,-2.4989312322998067,11.665080000000001,10.101708,-1.5633715878295913,0.0914836,0.066337064,-0.025146536091423033
19861,0.13698999999999995,0.04276966,-0.09422034068942065,14.06159,11.582659,-2.4789312322998054,13.27508,10.101708,-3.1733715878295907,0.14648359999999994,0.066337064,-0.08014653609142297
19914,0.274602,0.14808957,-0.12651242721271516,12.0003,10.737691,-1.2626090744018548,16.577130000000004,14.300792,-2.2763382595825234,0.21550750000000007,0.21223077,-0.003276728219986036
19915,0.38466199999999995,0.17856707,-0.20609493321132655,13.29973,13.654999,0.3552687792968747,18.62511,16.208628,-2.4164822991943353,0.21319050000000006,0.22267626,0.009485762259483277
19916,0.10460199999999997,0.14808957,0.04348757278728488,11.860299999999999,10.737691,-1.1226090744018542,13.547130000000001,14.300792,0.7536617404174795,0.16550750000000003,0.21223077,0.04672327178001401
19917,0.05460200000000004,0.14808957,0.09348757278728481,10.770299999999999,10.737691,-0.03260907440185434,12.997130000000002,14.300792,1.3036617404174784,0.19550750000000006,0.21223077,0.016723271780013982
19918,0.20460200000000006,0.14808957,-0.05651242721271521,11.9603,10.737691,-1.2226090744018556,16.75713,14.300792,-2.4563382595825196,0.2755075,0.21223077,-0.06327672821998598
19919,0.19460200000000005,0.14808957,-0.0465124272127152,11.8403,10.737691,-1.1026090744018546,17.12713,14.300792,-2.8263382595825206,0.31550750000000005,0.21223077,-0.10327672821998601
19920,0.05460200000000004,0.14808957,0.09348757278728481,8.200299999999999,10.737691,2.537390925598146,10.39713,14.300792,3.90366174041748,0.21950749999999997,0.21223077,-0.0072767282199859284
19921,0.039602000000000026,0.14808957,0.10848757278728483,7.970300000000002,10.737691,2.767390925598143,10.05713,14.300792,4.24366174041748,0.1435075,0.21223077,0.06872327178001403
19928,0.07221500000000014,0.062383518,-0.009831482377052447,8.478349999999999,8.358388,-0.11996205291747941,8.51725,7.703262,-0.8139881477355964,0.09126410000000007,0.07173195,-0.019532152637577127
19929,0.022215000000000096,0.062383518,0.0401685176229476,7.27835,8.358388,1.0800379470825199,6.957250000000002,7.703262,0.7460118522644024,0.07026410000000005,0.07173195,0.0014678473624228916
20127,6.000000000017103e-05,-0.0021254823,-0.0021854823077471774,8.103659999999998,7.311987,-0.7916730767822244,7.350839999999998,7.9533806,0.6025405847167988,0.05278970000000005,0.12231066,0.06952096077947612
20129,-0.009939999999999838,-0.0021254823,0.007814517692252831,7.59366,7.311987,-0.2816730767822264,7.890839999999999,7.9533806,0.06254058471679791,0.11278969999999999,0.12231066,0.009520960779476173
20131,-0.018939999999999957,-0.0021254823,0.01681451769225295,7.813659999999999,7.311987,-0.5016730767822253,8.20084,7.9533806,-0.2474594152832026,0.1227897,0.12231066,-0.00047903922052383585
20132,0.049868000000000134,0.023827624,-0.026040376424074307,11.199940000000002,10.676994,-0.5229456762695328,12.994439999999999,11.416565,-1.577875058593749,0.17442990000000003,0.15705764,-0.017372257063293484
20133,0.001060000000000061,-0.0021254823,-0.0031854823077470673,8.29366,7.311987,-0.9816730767822257,8.62084,7.9533806,-0.6674594152832025,0.1227897,0.12231066,-0.00047903922052383585
20134,-0.01193999999999984,-0.0021254823,0.009814517692252833,8.173659999999998,7.311987,-0.8616730767822247,7.640839999999999,7.9533806,0.3125405847167979,0.07278970000000007,0.12231066,0.0495209607794761
20137,0.0040600000000000636,-0.0021254823,-0.00618548230774707,8.32366,7.311987,-1.0116730767822268,9.62084,7.9533806,-1.6674594152832025,0.16278970000000004,0.12231066,-0.04047903922052387
20347,-0.03920199999999996,0.005794539,0.04499653911632295,7.93967,9.298606,1.3589359188842778,7.769459999999999,8.688851,0.919391356506349,0.07593260000000002,0.10705921,0.03112661053886412
20348,-0.03920199999999996,0.005794539,0.04499653911632295,7.93967,9.298606,1.3589359188842778,8.06946,8.688851,0.6193913565063482,0.08793260000000003,0.10705921,0.01912661053886411
20371,0.081488,-0.00719788,-0.08868588018614054,11.241820000000004,8.231236,-3.010583542175297,15.116439999999999,5.157879,-9.958561124267577,0.39630780000000004,0.007048855,-0.3892589449299753
20448,0.002215000000000078,0.015799765,0.013584764543771666,8.43835,8.737159,0.29880877532959005,6.907250000000001,6.4156303,-0.49161965942382935,0.03226410000000002,0.01711016,-0.015153940379357356
20449,-0.03778499999999996,0.015799765,0.0535847645437717,7.638349999999999,8.737159,1.0988087753295908,5.1072500000000005,6.4156303,1.3083803405761714,0.0122641,0.01711016,0.004846059620642662
20456,-0.05698500000000006,-0.04958904,0.007395958379507128,5.447780000000002,6.9451303,1.4973503482055648,3.874769999999998,3.5388734,-0.3358965659332256,0.023006299999999924,0.026037198,0.003030897560072021
20459,-0.07121500000000003,-0.049452838,0.021762162443399458,3.3977000000000004,4.636162,1.2384618041992184,0.01576999999999984,2.0031493,1.9873792710113527,-0.0007619000000000931,0.013294182,0.014056081786477659
20460,-0.07721500000000003,-0.049452838,0.027762162443399463,2.8176999999999985,4.636162,1.8184618041992202,-0.38422999999999874,2.0031493,2.3873792710113513,-0.03076190000000001,0.013294182,0.044056081786477574
20461,-0.039215,-0.049452838,-0.01023783755660057,3.457699999999999,4.636162,1.1784618041992196,0.4757700000000007,2.0031493,1.5273792710113518,0.004238099999999911,0.013294182,0.009056081786477654
20462,-0.035214999999999996,-0.049452838,-0.014237837556600574,4.6777000000000015,4.636162,-0.04153819580078277,1.0057699999999983,2.0031493,0.9973792710113543,0.03823810000000005,0.013294182,-0.024943918213522487
20464,-0.05321500000000001,-0.049452838,0.0037621624433994416,5.447700000000001,4.636162,-0.8115381958007823,3.4957700000000003,2.0031493,-1.4926207289886477,0.01423809999999992,0.013294182,-0.0009439182135223545
20466,-0.06721500000000002,-0.049452838,0.017762162443399454,4.517700000000001,4.636162,0.11846180419921737,2.2457700000000003,2.0031493,-0.24262072898864773,-0.0007619000000000931,0.013294182,0.014056081786477659
20467,-0.07121500000000003,-0.049452838,0.021762162443399458,3.3977000000000004,4.636162,1.2384618041992184,1.4057700000000004,2.0031493,0.5973792710113521,-0.0007619000000000931,0.013294182,0.014056081786477659
20468,-0.07721500000000003,-0.049452838,0.027762162443399463,2.8176999999999985,4.636162,1.8184618041992202,0.11577000000000126,2.0031493,1.8873792710113513,-0.03076190000000001,0.013294182,0.044056081786477574
20469,-0.039215,-0.049452838,-0.01023783755660057,3.457699999999999,4.636162,1.1784618041992196,1.9657699999999991,2.0031493,0.03737927101135341,0.004238099999999911,0.013294182,0.009056081786477654
20470,-0.035214999999999996,-0.049452838,-0.014237837556600574,4.6777000000000015,4.636162,-0.04153819580078277,3.6557700000000004,2.0031493,-1.6526207289886479,0.03823810000000005,0.013294182,-0.024943918213522487
20471,-0.01821499999999987,-0.049452838,-0.0312378375566007,5.367699999999999,4.636162,-0.7315381958007805,5.17577,2.0031493,-3.1726207289886474,0.07523809999999997,0.013294182,-0.06194391821352241
20473,-0.05321500000000001,-0.049452838,0.0037621624433994416,4.357700000000001,4.636162,0.2784618041992175,1.3657700000000013,2.0031493,0.6373792710113513,0.05023809999999995,0.013294182,-0.036943918213522386
20474,-0.058214999999999906,-0.049452838,0.008762162443399335,4.457699999999999,4.636162,0.17846180419921964,2.135769999999999,2.0031493,-0.13262072898864652,0.010238099999999917,0.013294182,0.003056081786477649
20475,-0.057215000000000016,-0.049452838,0.007762162443399445,4.9277000000000015,4.636162,-0.2915381958007828,1.7157699999999991,2.0031493,0.2873792710113534,0.011238100000000029,0.013294182,0.002056081786477537
20477,-0.0542149999999999,-0.049452838,0.0047621624433993315,4.747700000000002,4.636162,-0.11153819580078306,1.1457699999999988,2.0031493,0.8573792710113537,-0.0007619000000000931,0.013294182,0.014056081786477659
20478,-0.057215000000000016,-0.049452838,0.007762162443399445,4.637699999999999,4.636162,-0.0015381958007800733,1.555769999999999,2.0031493,0.44737927101135355,0.01323810000000003,0.013294182,5.608178647753537e-05
20479,-0.05321500000000001,-0.049452838,0.0037621624433994416,4.7377,4.636162,-0.1015381958007815,2.1957699999999996,2.0031493,-0.19262072898864702,0.006238100000000024,0.013294182,0.007056081786477542
20480,-0.058214999999999906,-0.049452838,0.008762162443399335,4.9177,4.636162,-0.2815381958007812,1.6957699999999996,2.0031493,0.307379271011353,-0.002761900000000095,0.013294182,0.01605608178647766
20481,-0.057215000000000016,-0.049452838,0.007762162443399445,4.6677,4.636162,-0.03153819580078121,1.7957699999999992,2.0031493,0.20737927101135334,0.00023809999999990783,0.013294182,0.013056081786477658
20482,-0.05321500000000001,-0.049452838,0.0037621624433994416,4.997700000000002,4.636162,-0.36153819580078306,2.41577,2.0031493,-0.41262072898864766,0.010238099999999917,0.013294182,0.003056081786477649
20483,-0.05121500000000001,-0.049452838,0.0017621624433994398,5.247700000000002,4.636162,-0.6115381958007831,2.26577,2.0031493,-0.2626207289886473,-0.0037618999999999847,0.013294182,0.01705608178647755
20485,-0.057215000000000016,-0.049452838,0.007762162443399445,5.1777000000000015,4.636162,-0.5415381958007828,1.8257700000000003,2.0031493,0.1773792710113522,0.0012381000000000197,0.013294182,0.012056081786477546
20506,-0.00828300000000004,0.009924736,0.018207735873937647,8.960720000000002,9.741168,0.7804480221557597,5.5389,7.1575985,1.6186984954833985,-0.0449948,0.015830074,0.06082487350564003
20507,0.07171700000000003,0.009924736,-0.061792264126062424,8.960720000000002,9.741168,0.7804480221557597,8.0389,7.1575985,-0.8813015045166015,0.04500519999999997,0.015830074,-0.029175126494359938
20508,0.0017169999999999686,0.009924736,0.008207735873937638,9.660720000000001,9.741168,0.08044802215576041,6.6389,7.1575985,0.5186984954833989,-0.004994799999999966,0.015830074,0.020824873505639996
20511,-0.00828300000000004,0.009924736,0.018207735873937647,8.76072,9.741168,0.9804480221557625,5.4389,7.1575985,1.7186984954833981,-0.024994799999999984,0.015830074,0.040824873505640014
20512,-0.03828300000000007,0.009924736,0.048207735873937674,8.160720000000001,9.741168,1.5804480221557604,4.738899999999999,7.1575985,2.418698495483399,-0.014994799999999975,0.015830074,0.030824873505640005
20513,-0.00828300000000004,0.009924736,0.018207735873937647,10.160720000000001,9.741168,-0.4195519778442396,7.1389,7.1575985,0.018698495483398858,0.005005200000000043,0.015830074,0.010824873505639987
20514,-0.01828300000000005,0.009924736,0.028207735873937656,10.460720000000002,9.741168,-0.7195519778442403,6.738899999999999,7.1575985,0.4186984954833992,-0.014994799999999975,0.015830074,0.030824873505640005
20515,-0.01828300000000005,0.009924736,0.028207735873937656,10.960720000000002,9.741168,-1.2195519778442403,7.338899999999999,7.1575985,-0.18130150451660043,-0.004994799999999966,0.015830074,0.020824873505639996
20516,-0.01828300000000005,0.009924736,0.028207735873937656,9.86072,9.741168,-0.11955197784423888,6.6389,7.1575985,0.5186984954833989,-0.004994799999999966,0.015830074,0.020824873505639996
20726,-0.09030999999999989,-0.043778755,0.04653124522924412,6.975769999999997,7.688741,0.7129712071228056,2.147680000000001,5.4042764,3.256596371002196,-0.05907969999999996,0.029780356,0.08886005621345039
20730,-0.09030999999999989,-0.043778755,0.04653124522924412,8.275769999999998,7.688741,-0.5870287928771951,3.1676800000000007,5.4042764,2.2365963710021965,-0.06207969999999985,0.029780356,0.09186005621345028
20787,0.07238699999999998,0.028373338,-0.04401366171789167,9.805680000000002,9.791809,-0.013870917968752394,8.70515,7.5606647,-1.1444853462219235,0.04145599999999994,0.04217111,0.0007151094677448899
20797,0.16537299999999988,0.14234842,-0.023024576399803043,15.113229999999998,14.187072,-0.9261581997680643,16.23133,14.866137,-1.3651934490966795,0.1098519,0.110536195,0.0006842953377723671
20828,0.06369200000000008,0.14944568,0.08575368276405326,8.862210000000001,10.3632145,1.5010044927978505,8.45159,10.69947,2.2478795663452154,0.06840489999999999,0.11160263,0.043197726740932474
20830,0.100692,0.14944568,0.04875368276405334,9.362210000000001,10.3632145,1.0010044927978505,10.251589999999998,10.69947,0.4478795663452164,0.12840490000000004,0.11160263,-0.01680227325906758
20831,0.3036920000000001,0.14944568,-0.15424631723594673,13.362210000000001,10.3632145,-2.9989955072021495,14.55159,10.69947,-3.8521204336547843,0.16840489999999997,0.11160263,-0.056802273259067504
20850,0.045135999999999954,0.032237627,-0.012898373387813522,12.838170000000002,12.527394,-0.3107757052612321,14.01048,13.850992,-0.15948779724121032,0.1413118000000001,0.13862085,-0.002690946575927833
20870,-0.07888399999999995,-0.065760575,0.01312342476510997,4.708970000000001,6.251542,1.5425720913696281,0.7002500000000005,3.1217859,2.4215358791351314,-0.06649400000000005,-0.0029851757,0.06350882430100446
20873,-0.07888399999999995,-0.065760575,0.01312342476510997,5.288969999999999,6.251542,0.9625720913696298,1.2902500000000003,3.1217859,1.8315358791351315,-0.04849400000000004,-0.0029851757,0.04550882430100445
20874,-0.07788400000000006,-0.065760575,0.01212342476511008,5.67897,6.251542,0.5725720913696293,2.000250000000001,3.1217859,1.1215358791351306,-0.032494000000000134,-0.0029851757,0.029508824301004544
20889,0.04969000000000012,-0.0038813301,-0.05357133013620985,9.67577,9.145543,-0.530226901550293,7.987680000000001,6.1481385,-1.8395414768981944,0.021920300000000004,-0.0038395643,-0.025759864276859168
20890,-0.050309999999999855,-0.0038813301,0.04642866986379013,8.555769999999999,9.145543,0.589773098449708,4.127680000000002,6.1481385,2.020458523101805,-0.058079699999999956,-0.0038395643,0.05424013572314079
20891,-0.015309999999999935,-0.0038813301,0.011428669863790208,8.10577,9.145543,1.0397730984497073,5.087680000000001,6.1481385,1.060458523101806,-0.022079699999999924,-0.0038395643,0.01824013572314076
20910,0.021373000000000086,0.019956117,-0.0014168825041056543,5.603180000000002,6.645307,1.0421270640563947,6.535700000000002,8.629027,2.0933273666381815,0.040985200000000055,0.11858723,0.07760203312616343
20911,0.05137300000000011,0.019956117,-0.03141688250410568,7.18318,6.645307,-0.5378729359436036,9.6857,8.629027,-1.056672633361817,0.15098520000000004,0.11858723,-0.03239796687383656
20935,-0.006610000000000005,0.010210348,0.01682034829318524,4.164940000000001,6.787338,2.622397779998778,4.508869999999998,7.621289,3.112418776397707,0.06232340000000003,0.09168992,0.02936652191553113
21027,0.10821500000000006,0.02135329,-0.08686171051502234,7.068349999999999,7.758737,0.6903870872497571,8.137250000000002,6.401522,-1.7357278404235856,0.07226410000000005,0.04194296,-0.03032113848600393
21029,0.012215000000000087,0.02135329,0.009138289484977635,7.038349999999998,7.758737,0.7203870872497582,4.3472500000000025,6.401522,2.0542721595764135,-0.03773589999999993,0.04194296,0.07967886151399606
21060,-0.0176130000000001,0.06160716,0.07922015967416773,10.325680000000002,13.561439,3.235758560485838,6.67515,9.99596,3.3208102355957028,-0.021544000000000008,0.047150694,0.06869469383382798
21157,-0.028512000000000093,0.117427684,0.14593968436670313,9.241820000000004,9.56714,0.32531962554931226,5.296439999999999,9.295527,3.9990874581909193,-0.04369219999999996,0.04790556,0.09159776058287616
21167,-0.08869900000000008,-0.023246553,0.06545244720482835,5.276620000000001,7.37609,2.099470049743651,2.726200000000002,6.30819,3.5819898689269998,0.016723800000000066,0.0694883,0.052764501873207026
21168,-0.06869900000000007,-0.023246553,0.04545244720482833,8.006620000000002,7.37609,-0.6305299502563493,5.966200000000002,6.30819,0.34198986892699956,0.059723799999999994,0.0694883,0.009764501873207099
21191,0.0025340000000000362,0.020577613,0.018043613264322245,7.186149999999998,9.322106,2.1359563613891623,5.388349999999999,7.0226893,1.6343393424987802,-0.06918380000000002,0.011428683,0.080612483064878
21192,0.14238699999999993,0.028964328,-0.11342267235171788,11.40568,8.942326,-2.4633544079589846,12.20515,7.24157,-4.963580004119873,0.15145599999999992,0.041560274,-0.1098957263824939
21193,0.13238699999999992,0.028964328,-0.10342267235171787,10.605680000000003,8.942326,-1.6633544079589875,10.50515,7.24157,-3.2635800041198735,0.08145599999999997,0.041560274,-0.039895726382493946
21214,0.012386999999999926,0.028964328,0.016577327648282125,6.90568,8.942326,2.0366455920410154,5.95515,7.24157,1.2864199958801272,0.03145599999999993,0.041560274,0.010104273617506099
21316,-0.06251200000000012,-0.0013897072,0.06112229279418302,7.111820000000002,8.945329,1.8335087124633773,2.8464399999999976,5.644999,2.7985590272521996,-0.05669219999999997,-0.0036002325,0.05309196746402678
21319,-0.07951200000000003,-0.0013897072,0.07812229279418292,6.821820000000002,8.945329,2.1235087124633765,1.81644,5.644999,3.828559027252197,-0.07869219999999999,-0.0036002325,0.0750919674640268
21320,-0.07651200000000014,-0.0013897072,0.07512229279418303,6.261820000000004,8.945329,2.683508712463375,1.686440000000001,5.644999,3.958559027252196,-0.06669219999999998,-0.0036002325,0.06309196746402679
21321,-0.07251200000000013,-0.0013897072,0.07112229279418303,6.391820000000003,8.945329,2.553508712463376,1.7564399999999978,5.644999,3.8885590272521995,-0.07069219999999998,-0.0036002325,0.06709196746402679
21322,-0.07651200000000014,-0.0013897072,0.07512229279418303,7.181820000000002,8.945329,1.763508712463377,2.1264399999999988,5.644999,3.5185590272521985,-0.08069219999999999,-0.0036002325,0.0770919674640268
21345,-0.031843000000000066,-0.061997008,-0.030154007578611308,1.7864700000000013,4.7057233,2.9192532856750475,2.054759999999998,4.2112017,2.1564416677856464,0.056093200000000065,0.065094516,0.00900131568126672
21347,-0.09184300000000012,-0.061997008,0.029845992421388745,6.886469999999999,4.7057233,-2.1807467143249504,5.48476,4.2112017,-1.273558332214355,0.06809320000000008,0.065094516,-0.0029986843187332912
21348,-0.0718430000000001,-0.061997008,0.009845992421388727,4.766470000000002,4.7057233,-0.06074671432495293,4.21476,4.2112017,-0.0035583322143555307,0.07209320000000008,0.065094516,-0.006998684318733295
21349,-0.041843000000000075,-0.061997008,-0.0201540075786113,2.676470000000002,4.7057233,2.029253285675047,2.6547599999999996,4.2112017,1.556441667785645,0.05409319999999995,0.065094516,0.011001315681266832
21351,-0.08184300000000011,-0.061997008,0.019845992421388736,6.996470000000002,4.7057233,-2.2907467143249534,5.5747599999999995,4.2112017,-1.363558332214355,0.05909319999999996,0.065094516,0.006001315681266828
21396,0.22109299999999998,0.20316355,-0.0179294506959915,18.196640000000002,13.706805,-4.48983477081299,16.14937,12.697287,-3.45208339416504,0.1900231,0.16128314,-0.028739964585876465
21397,0.217395,0.14432587,-0.07306913270473481,13.36081,9.994719,-3.3660914483642586,15.50918,12.507531,-3.0016488339233405,0.2641566,0.18121816,-0.0829384378210068
21399,0.2106800000000001,0.21510032,0.0044203181934355795,8.716399999999997,6.447373,-2.269027086639401,13.025250000000002,10.480343,-2.544907135009767,0.2683918,0.23988743,-0.02850436873607637
21400,0.21094499999999994,0.23953056,0.02858556335449225,4.971860000000003,8.266812,3.2949523245239227,9.39506,11.447058,2.0519977239990226,0.2319057,0.21791829,-0.0139874083120346
21401,0.32094500000000004,0.23953056,-0.08141443664550785,9.451860000000002,8.266812,-1.185047675476076,13.055060000000001,11.447058,-1.6080022760009776,0.2919057,0.21791829,-0.0739874083120346
21521,0.05140100000000003,0.08004865,0.02864765050315854,12.44652,9.915382,-2.5311376147460933,9.666570000000002,6.899618,-2.766951851196291,0.05663830000000003,0.013796898,-0.0428414023949385
21524,0.04061500000000007,0.03191868,-0.00869632156729705,10.528690000000001,9.149221,-1.379468579711915,7.86889,7.064678,-0.8042118078613285,0.05409549999999996,0.01272416,-0.04137133978325125
21525,-0.019930000000000003,0.03404393,0.053973930470943454,5.722109999999997,7.336143,1.6140330168151884,3.2874300000000005,5.0366697,1.7492397311401362,-0.029368599999999967,0.004302103,0.03367070307240483
21526,0.060975,0.041245744,-0.019729256367683412,7.18599,7.852121,0.6661308763122555,5.810269999999999,6.185091,0.37482101867675865,0.024944900000000048,0.0069866753,-0.01795822468166952
21541,-0.03588900000000006,-0.03982365,-0.0039346513137816785,10.36213,9.856117,-0.5060127514648443,9.77854,8.940968,-0.8375724401855464,0.09059139999999999,0.06960401,-0.02098739061012267
21542,-0.05588900000000008,-0.03982365,0.01606534868621834,9.68213,9.856117,0.17398724853515546,8.70854,8.940968,0.23242755981445384,0.08059139999999998,0.06960401,-0.01098739061012266
21543,-0.05588900000000008,-0.03982365,0.01606534868621834,8.79213,9.856117,1.063987248535156,7.498539999999998,8.940968,1.4424275598144547,0.05059139999999995,0.06960401,0.019012609389877366
21544,-0.03588900000000006,-0.03982365,-0.0039346513137816785,10.11213,9.856117,-0.25601275146484426,9.54854,8.940968,-0.607572440185546,0.08059139999999998,0.06960401,-0.01098739061012266
21545,-0.06588900000000009,-0.03982365,0.026065348686218348,9.302130000000002,9.856117,0.5539872485351545,7.48854,8.940968,1.4524275598144527,0.040591399999999944,0.06960401,0.029012609389877375
21546,-0.02588900000000005,-0.03982365,-0.013934651313781687,9.942130000000002,9.856117,-0.0860127514648461,9.38854,8.940968,-0.44757244018554765,0.07059139999999997,0.06960401,-0.0009873906101226515
21567,0.19313999999999998,0.12440454,-0.06873545785188673,16.58115,14.842678,-1.7384719299316416,13.638750000000002,12.17077,-1.4679803085327165,0.03882269999999999,0.08036815,0.04154544630031587
21568,0.043139999999999956,0.12440454,0.0812645421481133,11.931149999999999,14.842678,2.9115280700683606,9.078750000000001,12.17077,3.092019691467284,0.01882269999999997,0.08036815,0.06154544630031589
21570,0.17313999999999996,0.12440454,-0.04873545785188671,15.841149999999999,14.842678,-0.9984719299316396,14.028750000000002,12.17077,-1.8579803085327171,0.11882269999999995,0.08036815,-0.03845455369968409
21571,0.26313999999999993,0.12440454,-0.13873545785188668,18.531149999999997,14.842678,-3.6884719299316373,16.76875,12.17077,-4.5979803085327156,0.21882269999999998,0.08036815,-0.13845455369968412
21572,0.17313999999999996,0.12440454,-0.04873545785188671,17.19115,14.842678,-2.348471929931641,14.888750000000002,12.17077,-2.7179803085327165,0.11882269999999995,0.08036815,-0.03845455369968409
21573,0.07313999999999998,0.12440454,0.05126454214811327,11.32115,14.842678,3.52152807006836,9.59875,12.17077,2.5720196914672844,0.0488227,0.08036815,0.03154544630031586
21574,0.0031399999999999206,0.12440454,0.12126454214811333,9.96115,14.842678,4.881528070068359,5.298750000000002,12.17077,6.872019691467283,-0.0711773,0.08036815,0.15154544630031586
21575,0.18313999999999997,0.12440454,-0.05873545785188672,16.37115,14.842678,-1.5284719299316407,14.598750000000003,12.17077,-2.4279803085327174,0.13882269999999997,0.08036815,-0.05845455369968411
21576,0.26313999999999993,0.12440454,-0.13873545785188668,20.531149999999997,14.842678,-5.688471929931637,17.558750000000003,12.17077,-5.387980308532718,0.2288227,0.08036815,-0.14845455369968413
21579,-0.04211930000000008,0.06187798,0.1039972808282853,1.4563799999999993,6.21034,4.753960023040772,1.4218700000000002,6.423275,5.001404993896484,0.04652119999999993,0.125924,0.07940280610446937
21581,0.07788069999999991,0.06187798,-0.016002719171714697,6.356379999999998,6.21034,-0.14603997695922644,7.85187,6.423275,-1.4285950061035155,0.16652119999999992,0.125924,-0.040597193895530626
21582,0.13788069999999997,0.06187798,-0.07600271917171475,7.686379999999998,6.21034,-1.4760399769592265,9.371870000000001,6.423275,-2.948595006103517,0.19652119999999995,0.125924,-0.07059719389553065
21640,0.205488,0.07808676,-0.12740123637962342,14.441820000000003,13.609838,-0.8319824679565464,14.91644,12.045257,-2.871183385314941,0.24630780000000002,0.13911478,-0.10719301778583529
21642,0.025487999999999955,0.07808676,0.05259876362037663,13.741820000000002,13.609838,-0.13198246795654534,11.716439999999999,12.045257,0.32881661468505996,0.11630780000000007,0.13911478,0.02280698221416466
21643,-0.007511999999999963,0.07808676,0.08559876362037655,14.641820000000003,13.609838,-1.0319824679565457,11.216439999999999,12.045257,0.82881661468506,0.06630780000000003,0.13911478,0.0728069822141647
21644,-0.010512000000000077,0.07808676,0.08859876362037666,15.541820000000003,13.609838,-1.931982467956546,11.01644,12.045257,1.0288166146850592,0.0063078000000000856,0.13911478,0.13280698221416465
21645,0.06348799999999999,0.07808676,0.014598763620376598,17.04182,13.609838,-3.4319824679565443,15.31644,12.045257,-3.2711833853149415,0.25630780000000003,0.13911478,-0.1171930177858353
21646,0.18948799999999988,0.07808676,-0.11140123637962329,14.641820000000003,13.609838,-1.0319824679565457,15.01644,12.045257,-2.9711833853149408,0.24630780000000002,0.13911478,-0.10719301778583529
21647,0.210488,0.07808676,-0.13240123637962342,17.441820000000003,13.609838,-3.8319824679565464,16.51644,12.045257,-4.471183385314941,0.2963078,0.13911478,-0.15719301778583528
21725,0.1522150000000001,0.015714234,-0.1365007662588359,17.07835,9.463941,-7.614409379577637,13.837250000000001,6.5400095,-7.2972405014038095,0.052264100000000036,-3.1544514e-06,-0.0522672544514059
21726,0.11221500000000006,0.015714234,-0.09650076625883586,16.278349999999996,9.463941,-6.814409379577633,13.527250000000002,6.5400095,-6.987240501403811,0.09226410000000007,-3.1544514e-06,-0.09226725445140593
21727,0.23221500000000006,0.015714234,-0.21650076625883585,15.368349999999998,9.463941,-5.9044093795776345,13.617250000000002,6.5400095,-7.077240501403811,0.052264100000000036,-3.1544514e-06,-0.0522672544514059
21728,0.08221500000000015,0.015714234,-0.06650076625883594,10.52835,9.463941,-1.0644093795776364,9.587250000000001,6.5400095,-3.0472405014038095,0.062264100000000044,-3.1544514e-06,-0.06226725445140591
21729,0.012215000000000087,0.015714234,0.0034992337411641206,9.518349999999998,9.463941,-0.05440937957763481,6.267250000000001,6.5400095,0.27275949859619075,-0.03773589999999993,-3.1544514e-06,0.03773274554859407
21730,0.032215000000000105,0.015714234,-0.016500766258835897,8.68835,9.463941,0.7755906204223635,6.2272500000000015,6.5400095,0.3127594985961899,-0.017735899999999916,-3.1544514e-06,0.017732745548594053
21731,0.012215000000000087,0.015714234,0.0034992337411641206,8.588349999999998,9.463941,0.8755906204223649,6.007250000000001,6.5400095,0.5327594985961905,-0.007735899999999907,-3.1544514e-06,0.007732745548594044
21732,-0.007784999999999931,0.015714234,0.02349923374116414,8.668349999999997,9.463941,0.7955906204223666,5.557250000000002,6.5400095,0.9827594985961898,-0.027735899999999925,-3.1544514e-06,0.027732745548594062
21735,0.21221500000000004,0.015714234,-0.19650076625883584,19.81835,9.463941,-10.354409379577636,15.21725,6.5400095,-8.677240501403809,-0.017735899999999916,-3.1544514e-06,0.017732745548594053
21736,0.21221500000000004,0.015714234,-0.19650076625883584,19.74835,9.463941,-10.284409379577635,14.547250000000002,6.5400095,-8.00724050140381,-0.09773589999999999,-3.1544514e-06,0.09773274554859412
21737,0.08221500000000015,0.015714234,-0.06650076625883594,17.448349999999998,9.463941,-7.9844093795776345,12.69725,6.5400095,-6.157240501403809,-0.027735899999999925,-3.1544514e-06,0.027732745548594062
21738,0.042215000000000114,0.015714234,-0.026500766258835906,15.108349999999998,9.463941,-5.644409379577635,10.747250000000001,6.5400095,-4.20724050140381,-0.027735899999999925,-3.1544514e-06,0.027732745548594062
21739,0.032215000000000105,0.015714234,-0.016500766258835897,11.908349999999999,9.463941,-2.4444093795776354,8.047250000000002,6.5400095,-1.5072405014038104,-0.04773589999999994,-3.1544514e-06,0.04773274554859408
21779,-0.07001000000000013,0.043764476,0.11377447573304189,7.657590000000003,10.031666,2.3740758020019506,4.98508,7.4743314,2.4892513789367676,0.023483599999999938,0.031244464,0.007760864218616548
21816,0.1430530000000001,0.10996028,-0.033092719641208745,8.984370000000002,10.417028,1.4326584271240215,10.41232,11.053828,0.6415082394409186,0.026765299999999992,0.03762667,0.01086136881084443
22052,0.06238699999999997,0.028646853,-0.03374014717888829,9.935680000000001,9.680725,-0.2549549023437514,8.33515,7.8817463,-0.4534037078857427,0.026455999999999924,0.050982974,0.02452697446966179
22053,-0.0176130000000001,0.028646853,0.04625985282111178,7.635680000000001,9.680725,2.0450450976562493,4.895150000000001,7.8817463,2.986596292114257,-0.010544000000000109,0.050982974,0.06152697446966182
22070,-0.057784999999999975,0.015799765,0.07358476454377172,4.458349999999999,8.737159,4.2788087753295905,0.5772500000000029,6.4156303,5.838380340576169,-0.06773589999999996,0.01711016,0.08484605962064262
22071,-0.02778499999999995,0.015799765,0.04358476454377169,4.708349999999999,8.737159,4.0288087753295905,1.9072500000000012,6.4156303,4.508380340576171,-0.03773589999999993,0.01711016,0.054846059620642595
22072,-0.02778499999999995,0.015799765,0.04358476454377169,5.448349999999998,8.737159,3.288808775329592,2.957250000000002,6.4156303,3.45838034057617,-0.017735899999999916,0.01711016,0.03484605962064258
22073,-0.02778499999999995,0.015799765,0.04358476454377169,5.6283499999999975,8.737159,3.1088087753295923,2.7672500000000007,6.4156303,3.648380340576171,-0.027735899999999925,0.01711016,0.04484605962064259
22074,-0.057784999999999975,0.015799765,0.07358476454377172,4.548349999999999,8.737159,4.188808775329591,0.7872500000000002,6.4156303,5.628380340576172,-0.05773589999999995,0.01711016,0.07484605962064261
22111,0.1093869999999999,0.05337205,-0.05601494843316068,11.185680000000001,9.06156,-2.124120322875978,9.20515,7.310949,-1.8942011512756345,0.0014560000000000128,0.012121661,0.010665660634875285
22112,0.09738699999999989,0.05337205,-0.04401494843316067,9.965680000000003,9.06156,-0.9041203228759791,7.575150000000001,7.310949,-0.2642011512756355,-0.03854400000000002,0.012121661,0.05066566063487532
22113,0.1123869999999999,0.05337205,-0.059014948433160686,11.705680000000001,9.06156,-2.6441203228759775,9.07515,7.310949,-1.7642011512756355,-0.03854400000000002,0.012121661,0.05066566063487532
22114,0.11938699999999991,0.05337205,-0.06601494843316069,11.805680000000002,9.06156,-2.744120322875979,9.395150000000001,7.310949,-2.0842011512756358,-0.028544000000000014,0.012121661,0.04066566063487531
22115,0.13238699999999992,0.05337205,-0.0790149484331607,12.435680000000001,9.06156,-3.374120322875978,10.33515,7.310949,-3.0242011512756353,0.0014560000000000128,0.012121661,0.010665660634875285
22116,0.025386999999999937,0.05337205,0.02798505156683928,8.435680000000001,9.06156,0.625879677124022,6.18515,7.310949,1.125798848724365,-0.008543999999999996,0.012121661,0.020665660634875294
22118,0.09938699999999989,0.05337205,-0.046014948433160674,10.185680000000001,9.06156,-1.124120322875978,8.17515,7.310949,-0.8642011512756351,-0.018544000000000005,0.012121661,0.030665660634875302
22120,0.025386999999999937,0.05337205,0.02798505156683928,8.435680000000001,9.06156,0.625879677124022,6.18515,7.310949,1.125798848724365,-0.008543999999999996,0.012121661,0.020665660634875294
22121,0.023386999999999936,0.05337205,0.029985051566839283,9.075680000000002,9.06156,-0.01412032287597853,6.665150000000001,7.310949,0.6457988487243647,-0.008543999999999996,0.012121661,0.020665660634875294
22122,0.2423869999999999,0.05337205,-0.1890149484331607,10.90568,9.06156,-1.8441203228759768,7.825150000000001,7.310949,-0.5142011512756355,-0.028544000000000014,0.012121661,0.04066566063487531
22181,0.07321500000000014,0.015799765,-0.0574152354562284,10.248349999999999,8.737159,-1.5111912246704087,8.467250000000002,6.4156303,-2.05161965942383,0.02226410000000001,0.01711016,-0.005153940379357347
22182,0.008215000000000083,0.015799765,0.00758476454377166,8.61835,8.737159,0.11880877532959033,4.647250000000001,6.4156303,1.7683803405761704,-0.07773589999999997,0.01711016,0.09484605962064263
22183,0.018215000000000092,0.015799765,-0.0024152354562283485,8.198349999999998,8.737159,0.538808775329592,5.2272500000000015,6.4156303,1.1883803405761704,-0.03773589999999993,0.01711016,0.054846059620642595
22184,0.033215000000000106,0.015799765,-0.017415235456228362,10.690349999999999,8.737159,-1.9531912246704088,7.927250000000001,6.4156303,-1.511619659423829,0.002264100000000102,0.01711016,0.01484605962064256
22185,0.0282150000000001,0.015799765,-0.012415235456228357,9.056349999999998,8.737159,-0.3191912246704085,5.517250000000001,6.4156303,0.8983803405761712,-0.05773589999999995,0.01711016,0.07484605962064261
22186,0.033215000000000106,0.015799765,-0.017415235456228362,7.241349999999997,8.737159,1.4958087753295928,6.02725,6.4156303,0.38838034057617143,0.02226410000000001,0.01711016,-0.005153940379357347
22187,0.06221500000000013,0.015799765,-0.04641523545622839,8.978349999999999,8.737159,-0.2411912246704091,8.18725,6.4156303,-1.7716196594238287,0.062264100000000044,0.01711016,-0.04515394037935738
22188,0.022215000000000096,0.015799765,-0.006415235456228352,7.768349999999998,8.737159,0.9688087753295918,5.157250000000001,6.4156303,1.2583803405761707,-0.017735899999999916,0.01711016,0.03484605962064258
22189,0.022215000000000096,0.015799765,-0.006415235456228352,7.488349999999997,8.737159,1.248808775329593,5.187250000000001,6.4156303,1.2283803405761713,-0.007735899999999907,0.01711016,0.02484605962064257
22192,0.022213999999999956,0.023997964,0.0017839643374681913,13.186860000000003,14.439826,1.252966011657712,10.55787,11.794166,1.2362956112670904,0.05469860000000004,0.028499389,-0.026199210932707828
22193,0.05221399999999998,0.023997964,-0.028216035662531835,18.686860000000003,14.439826,-4.247033988342288,13.25787,11.794166,-1.4637043887329106,0.014698600000000006,0.028499389,0.013800789067292207
22331,0.025202000000000058,0.0065518348,-0.018650165245354233,7.936509999999998,9.29155,1.355039682617189,10.0364,10.940499,0.9040993057250972,0.14513739999999997,0.1630134,0.017875998647308378
22332,0.025202000000000058,0.0065518348,-0.018650165245354233,7.936509999999998,9.29155,1.355039682617189,10.0364,10.940499,0.9040993057250972,0.14513739999999997,0.1630134,0.017875998647308378
22333,0.025202000000000058,0.0065518348,-0.018650165245354233,7.936509999999998,9.29155,1.355039682617189,10.0364,10.940499,0.9040993057250972,0.14513739999999997,0.1630134,0.017875998647308378
22418,0.06238699999999997,0.028373338,-0.03401366171789166,7.40568,9.791809,2.3861290820312497,5.905150000000001,7.5606647,1.6555146537780754,-0.008543999999999996,0.04217111,0.05071510946774482
22487,-0.04631699999999994,-0.04858444,-0.002267438860416471,5.958660000000002,6.6833386,0.7246786421203595,9.058400000000002,8.2659445,-0.7924555191040064,0.23238349999999997,0.16246377,-0.06991973068332669
22489,-0.08631699999999998,-0.04858444,0.037732561139583565,6.758659999999999,6.6833386,-0.07532135787963767,9.658400000000002,8.2659445,-1.392455519104006,0.2523835,0.16246377,-0.0899197306833267
22491,-0.016316999999999915,-0.04858444,-0.0322674388604165,7.85866,6.6833386,-1.175321357879639,10.258400000000002,8.2659445,-1.9924555191040056,0.21238350000000006,0.16246377,-0.04991973068332678
22502,0.11451500000000003,0.0042756028,-0.11023939724579457,10.678439999999998,8.870312,-1.8081282629394515,14.24813,8.095631,-6.152499354248047,0.314724,0.108671494,-0.20605250617170334
22505,-0.07548500000000002,0.0042756028,0.07976060275420549,6.228439999999999,8.870312,2.641871737060548,3.4881300000000017,8.095631,4.607500645751951,-0.015275999999999956,0.108671494,0.12394749382829662
22633,-0.09498000000000006,-0.073296756,0.021683244447708194,6.551690000000001,7.7257385,1.1740485253906243,1.5366199999999992,3.9627943,2.4261743038940438,-0.06808219999999998,0.007652325,0.07573452509002088
22634,-0.10098000000000007,-0.073296756,0.0276832444477082,7.101690000000001,7.7257385,0.6240485253906236,2.6866200000000013,3.9627943,1.2761743038940416,-0.03608219999999995,0.007652325,0.04373452509002085
22636,-0.07098000000000004,-0.073296756,-0.002316755552291827,8.221690000000002,7.7257385,-0.4959514746093774,6.39662,3.9627943,-2.4338256961059574,0.06991780000000003,0.007652325,-0.062265474909979135
22679,0.06407600000000002,0.0372074,-0.026868601436376593,6.877839999999999,6.600356,-0.27748389801025297,12.735679999999999,9.154192,-3.5814880291748032,0.07218659999999999,0.07800229,0.005815688937568675
22680,-0.00592400000000004,0.0372074,0.04313139856362347,6.277839999999998,6.600356,0.32251610198974845,6.93568,9.154192,2.2185119708251957,0.07218659999999999,0.07800229,0.005815688937568675
22681,-0.03592400000000007,0.0372074,0.0731313985636235,3.477839999999997,6.600356,3.122516101989749,5.535679999999999,9.154192,3.618511970825196,0.032186600000000065,0.07800229,0.0458156889375686
23025,0.21315899999999988,0.13530028,-0.07785872133636462,12.027910000000002,13.220176,1.1922657431030252,18.850099999999998,17.896658,-0.9534420562744117,0.44534360000000006,0.3795719,-0.0657716853271485
23026,0.19315899999999997,0.13530028,-0.057858721336364716,12.907910000000005,13.220176,0.3122657431030227,18.8701,17.896658,-0.9734420562744148,0.42534360000000004,0.3795719,-0.04577168532714848
23058,-0.02761300000000011,0.028964328,0.05657732764828216,7.915680000000002,8.942326,1.0266455920410138,4.405149999999999,7.24157,2.836419995880128,-0.04854400000000003,0.041560274,0.09010427361750606
23104,-0.05910499999999996,-0.027096648,0.03200835223078724,3.57723,4.0041385,0.4269084696960448,3.5110600000000005,4.075346,0.5642859930419917,0.07304710000000003,0.07608195,0.003034846492195098
23105,-0.05910499999999996,-0.027096648,0.03200835223078724,4.027229999999999,4.0041385,-0.0230915303039545,2.87106,4.075346,1.2042859930419922,0.033047099999999996,0.07608195,0.043034846492195133
23106,-0.05910499999999996,-0.027096648,0.03200835223078724,4.027229999999999,4.0041385,-0.0230915303039545,2.87106,4.075346,1.2042859930419922,0.033047099999999996,0.07608195,0.043034846492195133
23107,-0.019104999999999928,-0.027096648,-0.007991647769212795,3.3372300000000017,4.0041385,0.6669084696960432,3.7510600000000025,4.075346,0.3242859930419897,0.06304710000000002,0.07608195,0.013034846492195107
23108,-0.019104999999999928,-0.027096648,-0.007991647769212795,3.3372300000000017,4.0041385,0.6669084696960432,3.7510600000000025,4.075346,0.3242859930419897,0.06304710000000002,0.07608195,0.013034846492195107
23109,-0.019104999999999928,-0.027096648,-0.007991647769212795,3.497230000000002,4.0041385,0.5069084696960431,4.831060000000001,4.075346,-0.7557140069580086,0.10304709999999995,0.07608195,-0.026965153507804818
23139,0.1023869999999999,0.03574084,-0.06664615881991376,8.485680000000002,8.975555,0.4898754199218729,8.59515,7.3526964,-1.2424535812377933,0.061455999999999955,0.037681237,-0.023774763136863664
23302,-0.09956500000000013,0.09355938,0.19312437689542783,7.203769999999999,11.482186,4.278416317443849,4.556880000000001,10.653793,6.096913334960936,0.051134800000000036,0.11901385,0.0678790533711433
23303,0.014434999999999976,0.09355938,0.07912437689542773,9.373769999999999,11.482186,2.108416317443849,8.486880000000001,10.653793,2.1669133349609364,0.12113479999999999,0.11901385,-0.002120946628856646
23304,0.23743499999999995,0.09355938,-0.14387562310457225,11.42377,11.482186,0.05841631744384834,11.326880000000001,10.653793,-0.6730866650390634,0.10213479999999997,0.11901385,0.01687905337114337
23305,0.26143499999999986,0.09355938,-0.16787562310457216,13.00377,11.482186,-1.5215836825561517,13.37688,10.653793,-2.7230866650390624,0.21513479999999996,0.11901385,-0.09612094662885662
23307,0.1347520000000001,0.13786182,0.00310981807517996,23.536230000000003,17.603464,-5.932765873413089,20.24323,14.357384,-5.885846271972657,0.20431639999999995,0.1943831,-0.009933300324821426
23338,0.05221500000000012,0.02135329,-0.0308617105150224,7.138349999999999,7.758737,0.6203870872497568,6.1072500000000005,6.401522,0.2942721595764155,0.0122641,0.04194296,0.029678861513996124
23340,0.25337699999999996,0.23249552,-0.020881483461379968,7.034000000000001,6.7965236,-0.2374764289855964,9.8681,9.74864,-0.1194599395751954,0.2667578,0.26635522,-0.0004025834968566788
23341,0.1883769999999999,0.23249552,0.04411851653862009,4.033999999999999,6.7965236,2.7625235710144054,7.568099999999999,9.74864,2.1805400604248053,0.17675779999999996,0.26635522,0.08959741650314335
23342,0.19437700000000002,0.23249552,0.03811851653861997,3.1340000000000003,6.7965236,3.662523571014404,6.9681,9.74864,2.780540060424805,0.16375779999999995,0.26635522,0.10259741650314336
23343,0.24037699999999995,0.23249552,-0.007881483461379957,2.8339999999999996,6.7965236,3.9625235710144047,7.6681,9.74864,2.0805400604248048,0.19875779999999998,0.26635522,0.06759741650314333
23355,0.405377,0.23249552,-0.17288148346138,13.334,6.7965236,-6.537476428985595,13.168099999999999,9.74864,-3.4194599395751943,0.3437578,0.26635522,-0.07740258349685669
23356,0.12537699999999996,0.23249552,0.10711851653862003,7.934000000000001,6.7965236,-1.1374764289855968,10.9681,9.74864,-1.219459939575195,0.3387578,0.26635522,-0.07240258349685669
23357,0.1853769999999999,0.23249552,0.04711851653862009,5.634,6.7965236,1.162523571014404,10.0681,9.74864,-0.3194599395751947,0.3087578,0.26635522,-0.042402583496856716
23359,0.285377,0.23249552,-0.05288148346138,10.134,6.7965236,-3.337476428985596,11.9681,9.74864,-2.219459939575195,0.3387578,0.26635522,-0.07240258349685669
23526,0.12715700000000008,0.10278694,-0.02437005668354042,7.41647,6.975392,-0.441078135223389,10.21476,8.882278,-1.3324815576171876,0.16309320000000005,0.14055146,-0.022541737230491687
23646,0.2995052,0.23867734,-0.06082786223430636,9.35202,9.34912,-0.0028998599243159617,8.989729999999998,8.945121,-0.044609188537595656,0.06508250000000004,0.081466146,0.016383645813465075
23647,0.2895052,0.23867734,-0.050827862234306354,8.90202,9.34912,0.4471001400756833,8.369729999999999,8.945121,0.5753908114624036,0.055082500000000034,0.081466146,0.026383645813465084
23679,0.054643,0.037101433,-0.017541567318916318,4.84188,5.0024686,0.16058858596801784,10.898890000000002,8.521024,-2.3778662496948257,0.2975966,0.16659936,-0.1309972369113922
23680,0.0025079999999999547,0.0039197444,0.0014117443984449363,4.282170000000004,4.8222237,0.5400536633300739,4.037049999999999,4.7304664,0.6934163658142101,0.005777199999999927,0.03858957,0.032812370671320035
23681,0.035414999999999974,0.05879739,0.023382389268875148,5.395870000000002,4.460216,-0.9356539546203635,2.4469600000000007,2.0869138,-0.3600461759185798,-0.045522300000000016,-0.04145741,0.004064889098215119
23682,0.03423899999999991,0.05879739,0.024558389268875214,2.141490000000001,4.460216,2.3187260453796377,-0.847900000000001,2.0869138,2.934813824081422,-0.09972800000000004,-0.04145741,0.05827058909821514
23685,0.11048000000000002,0.116238035,0.005758035261630989,13.32834,13.745438,0.41709762207031176,5.893020000000002,6.4022136,0.5091935734558088,-0.06188970000000005,-0.055872384,0.006017315541219759
24010,-0.10612900000000014,-0.041872136,0.06425686370515837,5.761879999999998,6.6498313,0.8879512950134298,0.8259000000000007,2.7934887,1.9675887409210198,-0.07200939999999989,-0.031420715,0.040588684846782574
24011,-0.08095200000000013,-0.025531607,0.05542039325129999,9.71708,8.81441,-0.9026697903442376,5.0513200000000005,5.326448,0.27512796371459913,-0.027748099999999942,0.0055077313,0.03325583134455079
24012,-0.08095200000000013,-0.025531607,0.05542039325129999,9.22708,8.81441,-0.4126697903442391,3.9613200000000006,5.326448,1.365127963714599,-0.05574809999999997,0.0055077313,0.061255831344550815
24013,-0.06095200000000012,-0.025531607,0.035420393251299975,9.05708,8.81441,-0.2426697903442374,4.441320000000001,5.326448,0.8851279637145986,-0.04474809999999996,0.0055077313,0.050255831344550805
24126,0.07238699999999998,0.028964328,-0.04342267235171793,8.38568,8.942326,0.5566455920410149,7.70515,7.24157,-0.46358000411987277,0.04145599999999994,0.041560274,0.00010427361750608988
24127,0.022386999999999935,0.028964328,0.006577327648282116,7.4756800000000005,8.942326,1.466645592041015,8.40515,7.24157,-1.1635800041198738,0.1314559999999999,0.041560274,-0.08989572638249388
24128,0.0063869999999999205,0.028964328,0.02257732764828213,6.665680000000002,8.942326,2.276645592041014,6.60515,7.24157,0.6364199958801269,0.08145599999999997,0.041560274,-0.039895726382493946
24129,0.002386999999999917,0.028964328,0.026577327648282134,6.265680000000003,8.942326,2.6766455920410124,5.50515,7.24157,1.7364199958801265,0.04145599999999994,0.041560274,0.00010427361750608988
24209,-0.07623600000000019,-0.022554465,0.05368153536176701,11.673869999999997,10.595299,-1.0785712329101536,8.162320000000001,9.81443,1.6521102368164051,0.03040010000000004,0.08903487,0.05863477026691433
24285,0.05906000000000011,0.0818016,0.022741600754260904,8.22617,9.095022,0.8688522015380862,10.707510000000001,11.515048,0.8075380270385732,0.13264829999999994,0.18051176,0.04786345773143774
24368,0.03420500000000004,0.041420978,0.007215977562665898,1.1225800000000028,3.8603976,2.737817577285764,3.5851100000000002,5.6841683,2.0990583387756345,0.11778159999999993,0.13109802,0.01331641709651954
24369,0.021560000000000024,-0.036592834,-0.05815283369779589,9.41901,10.332149,0.9131385519409179,6.7472400000000015,6.669465,-0.07777493499756005,-0.011720999999999981,-0.022294508,-0.010573508293271083
24370,-0.06844000000000006,-0.036592834,0.03184716630220419,10.609010000000001,10.332149,-0.2768614480590834,8.86724,6.669465,-2.1977749349975593,0.06827899999999998,-0.022294508,-0.09057350829327104
24371,-0.06844000000000006,-0.036592834,0.03184716630220419,10.609010000000001,10.332149,-0.2768614480590834,5.417240000000001,6.669465,1.25222506500244,-0.04172100000000001,-0.022294508,0.019426491706728943
24372,-0.09844000000000008,-0.036592834,0.061847166302204215,8.70901,10.332149,1.6231385519409187,3.517240000000001,6.669465,3.1522250650024404,-0.061721000000000026,-0.022294508,0.03942649170672896
24388,0.2219899999999999,0.043764476,-0.17822552426695815,13.32159,10.031666,-3.2899241979980474,13.585080000000001,7.4743314,-6.110748621063234,0.14348359999999993,0.031244464,-0.11223913578138345
24389,0.15112800000000004,0.13766842,-0.013459584095954935,11.10161,10.367871,-0.7337387155151376,13.13899,11.816709,-1.322281435241699,0.15830339999999998,0.1309604,-0.027342995127105696
24390,0.13112800000000002,0.13766842,0.006540415904045083,8.30161,10.367871,2.066261284484863,11.03899,11.816709,0.7777185647583007,0.12830339999999996,0.1309604,0.0026570048728943307
24391,0.24346899999999994,0.21389996,-0.029569044846534664,12.975609999999996,14.654131,1.6785209356689492,8.44803,8.584204,0.13617372009277418,-0.03491660000000002,-0.031933133,0.0029834674409389694
24465,-0.05436799999999997,0.026535263,0.08090326328504083,8.184450000000002,9.283535,1.0990850036621076,10.25235,11.37274,1.1203897918701173,0.19939050000000003,0.19875488,-0.0006356231479645036
24582,-0.057613000000000136,0.028373338,0.08598633828210844,7.33568,9.791809,2.45612908203125,3.3851499999999994,7.5606647,4.175514653778077,-0.040544000000000024,0.04217111,0.08271510946774485
24588,-0.057613000000000136,0.028373338,0.08598633828210844,7.33568,9.791809,2.45612908203125,3.3851499999999994,7.5606647,4.175514653778077,-0.040544000000000024,0.04217111,0.08271510946774485
24704,-0.0176130000000001,-0.0122729475,0.005340052532136541,6.605680000000003,7.7208586,1.1151785739135711,3.405149999999999,4.1780887,0.7729386650085459,-0.03854400000000002,-0.025039816,0.013504183724761032
24705,-0.02761300000000011,-0.0122729475,0.01534005253213655,7.205680000000001,7.7208586,0.5151785739135732,3.2051499999999997,4.1780887,0.9729386650085452,-0.06854400000000005,-0.025039816,0.04350418372476106
24706,-0.04761300000000013,-0.0122729475,0.03534005253213657,7.605680000000003,7.7208586,0.11517857391357111,2.905149999999999,4.1780887,1.272938665008546,-0.07854400000000006,-0.025039816,0.05350418372476107
24707,-0.03761300000000012,-0.0122729475,0.02534005253213656,7.505680000000002,7.7208586,0.21517857391357254,4.305150000000001,4.1780887,-0.12706133499145622,-0.018544000000000005,-0.025039816,-0.006495816275238986
24709,-0.04761300000000013,-0.0122729475,0.03534005253213657,6.205680000000001,7.7208586,1.5151785739135732,2.805150000000001,4.1780887,1.3729386650085438,-0.028544000000000014,-0.025039816,0.003504183724761023
24710,-0.057613000000000136,-0.0122729475,0.04534005253213658,6.105680000000003,7.7208586,1.6151785739135711,2.605150000000002,4.1780887,1.572938665008543,-0.03854400000000002,-0.025039816,0.013504183724761032
24713,-0.02761300000000011,-0.0122729475,0.01534005253213655,6.505680000000002,7.7208586,1.2151785739135725,2.805150000000001,4.1780887,1.3729386650085438,-0.05854400000000004,-0.025039816,0.03350418372476105
24714,-0.02761300000000011,-0.0122729475,0.01534005253213655,6.605680000000003,7.7208586,1.1151785739135711,2.605150000000002,4.1780887,1.572938665008543,-0.06854400000000005,-0.025039816,0.04350418372476106
24717,-0.057613000000000136,-0.0122729475,0.04534005253213658,6.205680000000001,7.7208586,1.5151785739135732,1.8051500000000011,4.1780887,2.372938665008544,-0.06854400000000005,-0.025039816,0.04350418372476106
24969,-0.03778499999999996,0.015799765,0.0535847645437717,8.588349999999998,8.737159,0.14880877532959147,6.917250000000001,6.4156303,-0.5016196594238291,0.062264100000000044,0.01711016,-0.04515394037935738
24986,0.0018689999999998985,0.011995214,0.010126214037597281,12.554590000000005,14.318044,1.763453708801265,16.652449999999998,15.064764,-1.5876859771728498,-0.04840769999999994,-0.1218114,-0.07340369737367636
24988,0.0018689999999998985,0.011995214,0.010126214037597281,17.154590000000006,14.318044,-2.8365462911987365,16.652449999999998,15.064764,-1.5876859771728498,-0.2384077,-0.1218114,0.1165963026263237
24990,0.06186899999999995,0.011995214,-0.04987378596240277,16.954590000000003,14.318044,-2.6365462911987336,16.652449999999998,15.064764,-1.5876859771728498,-0.17840769999999995,-0.1218114,0.05659630262632365
25161,0.12238699999999991,0.07338445,-0.04900255111408225,8.90568,10.0555725,1.1498925097656247,9.50515,9.139732,-0.3654176391601567,0.10145599999999999,0.06951112,-0.03194487699842452
25162,0.12238699999999991,0.07338445,-0.04900255111408225,8.705680000000001,10.0555725,1.349892509765624,8.50515,9.139732,0.6345823608398433,0.051455999999999946,0.06951112,0.018055123001575524
25230,0.1285139999999999,0.20037541,0.07186140793418894,8.763110000000001,11.950684,3.187573593749999,10.682830000000001,12.948579,2.2657488345336905,0.13898579999999994,0.17297442,0.03398862257404334
25232,0.14851399999999992,0.20037541,0.05186140793418892,10.083110000000001,11.950684,1.8675735937499987,11.552830000000002,12.948579,1.3957488345336895,0.15898579999999995,0.17297442,0.013988622574043319
25234,0.21851399999999988,0.20037541,-0.018138592065811032,6.833110000000001,11.950684,5.117573593749999,12.242830000000001,12.948579,0.70574883453369,0.2089858,0.17297442,-0.036011377425956725
25291,0.08121500000000015,0.015799765,-0.0654152354562284,7.538349999999998,8.737159,1.1988087753295922,7.807250000000002,6.4156303,-1.3916196594238297,0.06426410000000005,0.01711016,-0.047153940379357384
25300,-0.02778499999999995,0.021981131,0.04976613128542895,5.338349999999998,6.9087896,1.5704396347045915,3.1072500000000005,5.534543,2.4272930374145503,-0.007735899999999907,0.030472403,0.03820830339219561
25301,0.002215000000000078,0.021981131,0.019766131285428923,4.93835,6.9087896,1.97043963470459,3.6072500000000005,5.534543,1.9272930374145503,0.002264100000000102,0.030472403,0.0282083033921956
25340,-0.03940300000000008,-0.032026637,0.007376362654447632,7.961499999999997,8.423069,0.46156900024414327,2.869440000000001,4.551161,1.6817208123779288,-0.08285969999999998,-0.028719008,0.05414069203109739
25341,-0.04665800000000009,-0.020776281,0.025881718866705983,7.937749999999998,9.302067,1.364316802978518,2.4916199999999975,4.7086987,2.217078749542239,-0.08980929999999998,-0.035256106,0.05455319359354971
25342,-0.05906300000000009,0.0021783654,0.06124136536467084,2.6450500000000012,5.595511,2.950460959625243,-0.26829000000000036,4.1764445,4.444734530487061,-0.047492700000000054,-0.04497716,0.0025155416919708795
25345,-0.04665800000000009,-0.020776281,0.025881718866705983,8.037749999999999,9.302067,1.2643168029785166,2.8916199999999996,4.7086987,1.8170787495422367,-0.07980929999999997,-0.035256106,0.0445531935935497
25346,-0.04906300000000008,0.0021783654,0.05124136536467083,2.6450500000000012,5.595511,2.950460959625243,0.03171000000000035,4.1764445,4.14473453048706,-0.04049270000000005,-0.04497716,-0.004484458308029127
25673,0.012386999999999926,0.05337205,0.04098505156683929,5.635680000000001,9.06156,3.4258796771240227,5.395150000000001,7.310949,1.9157988487243642,0.051455999999999946,0.012121661,-0.03933433936512465
25675,0.21238699999999988,0.05337205,-0.15901494843316066,6.24568,9.06156,2.8158796771240233,9.26515,7.310949,-1.954201151275635,0.08145599999999997,0.012121661,-0.06933433936512468
25844,0.04167900000000002,0.037559673,-0.004119326809883139,7.97982,7.9516053,-0.028214680023193495,6.31747,6.9315634,0.614093377380371,0.0030944000000000527,0.046650074,0.043555674422359414
25845,0.04167900000000002,0.016658243,-0.025020757208108924,8.11982,8.296206,0.17638647430419852,6.617470000000001,5.5483623,-1.0691077449035653,0.01309439999999995,0.0015156155,-0.011578784501352857
26269,-0.116317,-0.029197669,0.0871193313432932,3.4060699999999997,5.021098,1.6150281369018558,3.3550499999999985,5.5227227,2.167672721099855,0.10665259999999999,0.10170311,-0.00494949264297484
26523,-0.06761600000000012,-0.03995793,0.027658070597410322,5.902649999999998,7.6457634,1.7431133972167991,5.4033999999999995,6.5755296,1.1721295753479009,-0.0815285,-0.0329594,0.048569098392486576
26524,-0.028615999999999975,-0.03995793,-0.011341929402589823,6.902649999999998,7.6457634,0.7431133972167991,7.4033999999999995,6.5755296,-0.8278704246520991,-0.05852849999999998,-0.0329594,0.025569098392486556
26633,0.018588999999999967,-0.013508849,-0.032097848845958676,5.07254,7.458582,2.3860419244384765,5.478440000000001,7.0232778,1.544837759552001,0.05888559999999998,0.098157905,0.039272305042171496
26690,0.05171700000000001,0.026686132,-0.025030868045806898,12.760720000000001,10.517343,-2.2433774325561533,11.1389,8.243342,-2.8955576004028316,0.10500520000000002,0.029394008,-0.07561119178075792
26691,0.011716999999999977,0.026686132,0.014969131954193138,9.460720000000002,10.517343,1.0566225674438456,7.1389,8.243342,1.1044423995971684,0.01500519999999994,0.029394008,0.014388808219242155
26950,0.053247000000000044,0.039639916,-0.013607083729028746,9.938460000000003,9.44574,-0.49272025390625274,8.566270000000001,8.033727,-0.5325433078002941,0.043883899999999976,0.039276488,-0.0046074118746757264
26951,0.053247000000000044,0.039639916,-0.013607083729028746,8.23846,9.44574,1.20727974609375,6.906270000000001,8.033727,1.127456692199706,0.01688389999999995,0.039276488,0.022392588125324298
27118,0.05795400000000006,0.116919056,0.05896505558109277,12.4236,13.568553,1.14495297088623,11.40202,13.2217865,1.8197664990234372,0.08247870000000002,0.14030339,0.05782468823795317
27119,0.040954000000000046,0.116919056,0.07596505558109279,10.823599999999999,13.568553,2.7449529708862315,9.90202,13.2217865,3.3197664990234372,0.0644787,0.14030339,0.07582468823795319
27123,0.03595400000000004,0.116919056,0.08096505558109279,12.823599999999999,13.568553,0.7449529708862315,11.60202,13.2217865,1.619766499023438,0.08747870000000002,0.14030339,0.052824688237953166
27124,0.250954,0.116919056,-0.13403494441890718,17.0236,13.568553,-3.455047029113768,18.202019999999997,13.2217865,-4.98023350097656,0.29947870000000004,0.14030339,-0.15917531176204686
27125,0.18795400000000007,0.116919056,-0.07103494441890723,17.5236,13.568553,-3.955047029113768,16.90202,13.2217865,-3.6802335009765628,0.1994787,0.14030339,-0.05917531176204682
27126,0.15595400000000004,0.116919056,-0.0390349444189072,13.823599999999999,13.568553,-0.25504702911376853,14.00202,13.2217865,-0.7802335009765624,0.12747870000000006,0.14030339,0.01282468823795313
27416,-0.05053750000000001,-0.05268553,-0.0021480289936065544,9.217019999999998,10.134618,0.917597805480959,9.115,9.969419,0.8544185256958006,0.19051200000000001,0.20705162,0.016539619887351975
27419,-0.06053750000000002,-0.05268553,0.007851971006393454,12.49702,10.134618,-2.362402194519042,11.614999999999998,9.969419,-1.6455814743041977,0.25051199999999996,0.20705162,-0.04346038011264797
27464,-0.01746599999999998,0.12543365,0.14289965359306334,10.74615,11.613507,0.8673572708129882,14.488349999999999,14.301929,-0.1864205261230456,-0.029183799999999982,0.044686567,0.07387036703829764
27595,0.1371920000000001,0.08565965,-0.051532347051620575,10.53248,9.375659,-1.156821011047363,13.36488,11.175604,-2.189276133422851,0.13369889999999995,0.11580261,-0.017896291569614364
27597,-0.0008079999999999199,0.08565965,0.08646765294837944,10.33248,9.375659,-0.9568210110473636,10.16488,11.175604,1.0107238665771483,0.09369890000000003,0.11580261,0.02210370843038556
27603,-0.03860299999999994,-0.018131897,0.020471103146552982,9.542840000000002,12.002922,2.460082058105467,10.793209999999998,12.678246,1.8850355444335953,0.07798479999999997,0.10655847,0.028573671918106114
27634,0.1023869999999999,0.028964328,-0.07342267235171784,9.805680000000002,8.942326,-0.8633544079589868,10.43515,7.24157,-3.193580004119873,0.12145600000000001,0.041560274,-0.07989572638249398
27743,0.011622000000000021,-0.017843783,-0.029465782901763937,11.533819999999999,10.78484,-0.7489803698730455,9.198,8.709695,-0.48830513763427774,0.04237089999999999,0.09239597,0.05002506873521806
27852,0.0040959999999998775,0.09377822,0.08968222279930127,12.546420000000001,16.280935,3.7345152874755847,11.007249999999999,16.099836,5.092586349487306,0.03168329999999997,0.16397321,0.1322899122421265
27853,0.1410959999999999,0.09377822,-0.04731777720069874,17.236420000000003,16.280935,-0.9554847125244166,19.60725,16.099836,-3.507413650512696,0.24968329999999994,0.16397321,-0.08571008775787348
27854,0.04809599999999992,0.09377822,0.04568222279930123,14.876420000000003,16.280935,1.4045152874755829,17.06725,16.099836,-0.9674136505126967,0.22668329999999992,0.16397321,-0.06271008775787346
27855,0.03709599999999991,0.09377822,0.05668222279930124,14.986420000000003,16.280935,1.2945152874755834,13.78725,16.099836,2.3125863494873045,0.0636833,0.16397321,0.10028991224212647
27856,0.3960959999999999,0.09377822,-0.30231777720069875,26.06642,16.280935,-9.785484712524415,25.76725,16.099836,-9.667413650512696,0.40668329999999997,0.16397321,-0.2427100877578735
27859,0.0280959999999999,0.09377822,0.06568222279930125,13.296420000000001,16.280935,2.9845152874755847,12.46725,16.099836,3.6325863494873047,0.0636833,0.16397321,0.10028991224212647
27972,0.111819,0.15312311,0.04130411053276062,8.658890000000003,7.7525725,-0.9063174635314972,7.493590000000001,9.33629,1.8427003594970692,-0.015581199999999962,0.08595648,0.10153767662878033
27973,0.16181900000000005,0.15312311,-0.008695889467239426,8.258890000000005,7.7525725,-0.5063174635314986,9.69359,9.33629,-0.35729964050293006,0.09041880000000002,0.08595648,-0.004462323371219656
27974,0.20181900000000008,0.15312311,-0.04869588946723946,8.558890000000005,7.7525725,-0.8063174635314994,10.09359,9.33629,-0.7572996405029304,0.07641880000000001,0.08595648,0.009537676628780356
27975,0.251819,0.15312311,-0.0986958894672394,8.658890000000003,7.7525725,-0.9063174635314972,12.39359,9.33629,-3.0572996405029293,0.17541879999999999,0.08595648,-0.08946232337121962
27976,0.15181900000000004,0.15312311,0.0013041105327605829,6.358890000000002,7.7525725,1.3936825364685035,9.493590000000001,9.33629,-0.15729964050293077,0.13941879999999995,0.08595648,-0.05346232337121959
28007,0.07526500000000003,0.077792756,0.0025277562594413494,16.374029999999998,14.849606,-1.5244244396972633,16.71821,14.062404,-2.655806321105956,0.1947512,0.14148998,-0.053261217395019544
28169,-0.028890000000000082,0.020181268,0.049071268453598105,9.697580000000002,9.751083,0.05350337402343541,5.782359999999999,5.4422708,-0.34008924423217657,-0.02685650000000006,0.034698673,0.061555172592639984
28170,-0.05335040000000002,-0.034142625,0.019207775413179418,8.755619999999999,5.9835396,-2.7720804187011705,6.8767499999999995,4.776668,-2.1000819282531733,0.0871132,0.09363492,0.006521718332099913
28172,-0.036420100000000066,-0.026421502,0.009998597767448492,2.4810499999999998,5.047809,2.56675912399292,3.4665,4.4168706,0.9503705940246583,0.12689820000000007,0.090249196,-0.03664900430507667
28252,-0.04693000000000014,-0.07910646,-0.03217645753145204,4.508210000000002,4.018718,-0.48949223419189636,3.362689999999997,2.442056,-0.9206340593719453,0.03192879999999987,0.027111253,-0.004817547230172026
28253,-0.09692999999999996,-0.07910646,0.01782354246854778,3.1882100000000015,4.018718,0.8305077658081039,0.5226899999999972,2.442056,1.9193659406280545,-0.019071200000000066,0.027111253,0.04618245276982791
28255,-0.02693000000000012,-0.07910646,-0.05217645753145206,4.778210000000001,4.018718,-0.7594922341918959,5.202689999999999,2.442056,-2.760634059371947,0.08392879999999991,0.027111253,-0.05681754723017207
28256,-0.08693000000000017,-0.07910646,0.007823542468547995,3.6182100000000013,4.018718,0.4005077658081042,1.1726899999999993,2.442056,1.2693659406280524,-0.005071199999999942,0.027111253,0.032182452769827785
28258,-0.06693000000000016,-0.07910646,-0.012176457531452023,4.218210000000003,4.018718,-0.1994922341918972,3.072689999999998,2.442056,-0.6306340593719462,0.037928799999999985,0.027111253,-0.010817547230172142
28259,-0.07993000000000006,-0.07910646,0.0008235424685478776,4.008210000000002,4.018718,0.010507765808103642,2.482689999999998,2.442056,-0.04063405937194631,0.028928799999999977,0.027111253,-0.001817547230172134
28260,-0.09193000000000007,-0.07910646,0.012823542468547888,3.7182100000000027,4.018718,0.3005077658081028,1.6426899999999982,2.442056,0.7993659406280536,0.013928799999999963,0.027111253,0.01318245276982788
28261,-0.10892999999999997,-0.07910646,0.029823542468547792,3.6182100000000013,4.018718,0.4005077658081042,1.3326899999999995,2.442056,1.1093659406280523,0.016928799999999855,0.027111253,0.010182452769827988
28262,-0.09193000000000007,-0.07910646,0.012823542468547888,4.5582100000000025,4.018718,-0.5394922341918971,3.47269,2.442056,-1.0306340593719483,0.05892879999999989,0.027111253,-0.03181754723017205
28263,-0.09193000000000007,-0.07910646,0.012823542468547888,3.7182100000000027,4.018718,0.3005077658081028,1.8926899999999982,2.442056,0.5493659406280536,0.023928799999999972,0.027111253,0.0031824527698278704
28266,-0.10492999999999997,-0.07910646,0.02582354246854779,3.5382099999999994,4.018718,0.48050776580810606,1.5326899999999988,2.442056,0.909365940628053,0.023928799999999972,0.027111253,0.0031824527698278704
28267,-0.07693000000000016,-0.060733657,0.016196342669725583,1.918210000000002,3.2485747,1.330364733734129,0.6226899999999986,1.5374974,0.9148074012374892,0.02092879999999997,0.026051775,0.005122974621009857
28328,-0.07443330000000004,-0.037579767,0.03685353259401325,9.54541,6.8285804,-2.7168296205139164,7.7227000000000015,5.85736,-1.8653401138305679,0.0760615,0.09698036,0.020918863130569454
28366,0.05219799999999997,0.015853155,-0.03634484459567067,12.465019999999999,8.910621,-3.5543993106079093,14.2075,8.566544,-5.640956420898437,0.2562481,0.11090471,-0.14534339149532316
28371,-0.007802000000000087,0.015853155,0.023655155404329387,7.665019999999998,8.910621,1.2456006893920915,6.307499999999997,8.566544,2.259043579101565,0.026248099999999996,0.11090471,0.08465660850467682
28403,0.7285619999999999,0.38200203,-0.3465599741573333,24.387880000000003,11.283107,-13.10477319610596,21.16109,15.495554,-5.6655360296630874,0.6103661,0.37692726,-0.23343884341583254
28405,0.47856199999999993,0.38200203,-0.0965599741573333,13.387880000000003,11.283107,-2.1047731961059597,20.16109,15.495554,-4.6655360296630874,0.6603661,0.37692726,-0.2834388434158325
28406,0.448562,0.38200203,-0.06655997415733339,9.387880000000003,11.283107,1.8952268038940403,19.16109,15.495554,-3.6655360296630874,0.6103661,0.37692726,-0.23343884341583254
28407,0.328562,0.38200203,0.053440025842666605,7.387880000000003,11.283107,3.8952268038940403,13.161090000000002,15.495554,2.3344639703369126,0.2103661,0.37692726,0.16656115658416748
28408,0.15856199999999998,0.38200203,0.22344002584266665,9.387880000000003,11.283107,1.8952268038940403,11.161090000000002,15.495554,4.3344639703369126,0.11036610000000002,0.37692726,0.26656115658416746
28409,0.15856199999999998,0.38200203,0.22344002584266665,4.587880000000002,11.283107,6.695226803894041,8.36109,15.495554,7.134463970336913,0.10036610000000001,0.37692726,0.27656115658416747
28430,0.386035,0.07926478,-0.3067702176308632,24.1057,17.63841,-6.467289431762694,19.7985,13.08733,-6.7111701354980475,0.43620519999999996,0.15456806,-0.2816371387674331
28432,-0.04996500000000004,0.07926478,0.12922978236913685,25.105700000000002,17.63841,-7.467289431762698,19.198500000000003,13.08733,-6.11117013549805,0.19620519999999997,0.15456806,-0.041637138767433135
28464,-0.07778499999999999,0.015799765,0.09358476454377174,7.708349999999999,8.737159,1.0288087753295905,3.297250000000002,6.4156303,3.11838034057617,-0.04773589999999994,0.01711016,0.0648460596206426
28465,-0.1177849999999998,0.015799765,0.13358476454377155,6.668349999999997,8.737159,2.068808775329593,2.1572500000000012,6.4156303,4.258380340576171,-0.027735899999999925,0.01711016,0.04484605962064259
28466,0.06221500000000013,0.015799765,-0.04641523545622839,7.50835,8.737159,1.2288087753295898,5.297250000000002,6.4156303,1.11838034057617,-0.04773589999999994,0.01711016,0.0648460596206426
28467,0.12221500000000007,0.015799765,-0.10641523545622833,11.398349999999997,8.737159,-2.6611912246704073,9.127250000000002,6.4156303,-2.71161965942383,-0.027735899999999925,0.01711016,0.04484605962064259
28480,-0.02761300000000011,0.028373338,0.05598633828210842,11.215680000000003,9.791809,-1.4238709179687525,8.78515,7.5606647,-1.2244853462219236,0.061455999999999955,0.04217111,-0.019284890532255128
28483,-0.02761300000000011,0.028373338,0.05598633828210842,12.38568,9.791809,-2.5938709179687507,9.57515,7.5606647,-2.0144853462219245,0.061455999999999955,0.04217111,-0.019284890532255128
28484,-0.02761300000000011,0.028373338,0.05598633828210842,12.705680000000001,9.791809,-2.913870917968751,10.25515,7.5606647,-2.6944853462219243,0.09145599999999998,0.04217111,-0.049284890532255154
28485,-0.0176130000000001,0.028373338,0.04598633828210841,12.99568,9.791809,-3.20387091796875,10.645150000000001,7.5606647,-3.084485346221925,0.10145599999999999,0.04217111,-0.05928489053225516
28486,-0.03761300000000012,0.028373338,0.06598633828210843,12.445680000000003,9.791809,-2.653870917968753,10.69515,7.5606647,-3.1344853462219238,0.1314559999999999,0.04217111,-0.08928489053225508
28487,-0.03761300000000012,0.028373338,0.06598633828210843,12.705680000000001,9.791809,-2.913870917968751,11.135150000000001,7.5606647,-3.574485346221925,0.15145599999999992,0.04217111,-0.1092848905322551
28488,-0.02761300000000011,0.028373338,0.05598633828210842,11.985680000000002,9.791809,-2.193870917968752,10.59515,7.5606647,-3.034485346221924,0.14145599999999992,0.04217111,-0.09928489053225509
28489,-0.02761300000000011,0.028373338,0.05598633828210842,12.47568,9.791809,-2.6838709179687505,10.76515,7.5606647,-3.204485346221924,0.1314559999999999,0.04217111,-0.08928489053225508
28491,-0.007613000000000092,0.028373338,0.0359863382821084,13.835680000000002,9.791809,-4.043870917968752,11.555150000000001,7.5606647,-3.994485346221925,0.12145600000000001,0.04217111,-0.07928489053225518
28580,0.022698000000000107,0.051025804,0.028327804132223022,6.32047,7.7602444,1.4397743695068357,4.49981,6.8877974,2.3879873556518554,-0.009882699999999911,0.051543873,0.06142657280344954
28619,0.06166500000000008,0.02686969,-0.0347953099542857,7.000340000000005,7.9424844,0.9421443788146924,4.7813,6.4512205,1.6699205123901368,-0.05467719999999998,0.02247254,0.07714973991663454
28804,0.16148799999999996,0.117427684,-0.04406031563329693,13.831820000000002,9.56714,-4.264680374450686,11.32644,9.295527,-2.030912541809082,-0.013692199999999932,0.04790556,0.06159776058287614
28812,0.09340499999999985,0.042977657,-0.05042734283089623,13.18732,8.497781,-4.689539200134277,16.02722,9.230899,-6.796321142883301,0.39421990000000007,0.14929608,-0.24492382489433295
28943,0.023422000000000054,0.048428394,0.025006393900394386,11.055780000000002,9.979759,-1.0760207836914084,7.925729999999998,9.448687,1.5229565997314474,-0.01492529999999992,0.11687304,0.13179834079532615
29091,-0.028960399999999886,-0.029943235,-0.0009828352185250466,6.796849999999999,6.764517,-0.03233316955566323,6.732919999999998,7.07346,0.3405401020813006,0.09652229999999995,0.10006966,0.0035473569681168104
29221,0.12604000000000004,0.03632488,-0.08971511898279194,10.966709999999999,9.755788,-1.2109221505737295,14.504560000000001,10.494686,-4.009873873291017,0.16966769999999998,0.08596669,-0.08370100862522123
29224,0.0640400000000001,0.03632488,-0.027715118982791997,10.056709999999999,9.755788,-0.3009221505737294,11.014560000000001,10.494686,-0.5198738732910169,0.07966770000000001,0.08596669,0.00629899137477874
29225,0.04604000000000008,0.03632488,-0.009715118982791981,9.88671,9.755788,-0.13092215057373124,10.904560000000002,10.494686,-0.40987387329101743,0.08966770000000002,0.08596669,-0.0037010086252212693
29226,0.03404000000000007,0.03632488,0.002284881017208029,9.576709999999999,9.755788,0.17907784942627103,9.674560000000003,10.494686,0.8201261267089812,0.05966769999999999,0.08596669,0.026298991374778757
29227,0.0040400000000000436,0.03632488,0.032284881017208056,9.38671,9.755788,0.36907784942626876,9.184560000000001,10.494686,1.3101261267089832,0.0696677,0.08596669,0.01629899137477875
29228,-0.016959999999999864,0.03632488,0.05328488101720796,9.08671,9.755788,0.6690778494262695,8.45456,10.494686,2.0401261267089836,0.029667699999999964,0.08596669,0.056298991374778784
29258,0.02986600000000006,0.046528883,0.016662883278369844,4.273130000000002,4.5770173,0.30388730728149227,9.69,9.827538,0.13753753662109425,0.29012399999999994,0.29964858,0.009524582935333314
29268,0.04238699999999995,0.081136346,0.03874934586334233,10.105680000000003,12.227156,2.1214756854248016,10.60515,11.669736,1.0645859085083007,0.16145599999999993,0.13355061,-0.027905385881423883
29271,0.012386999999999926,0.081136346,0.06874934586334236,4.805680000000002,12.227156,7.421475685424802,3.605150000000002,11.669736,8.064585908508299,0.0014560000000000128,0.13355061,0.13209461411857604
29446,-0.10761299999999996,0.028646853,0.13625985282111164,6.005680000000002,9.680725,3.6750450976562483,1.1051500000000019,7.8817463,6.776596292114256,-0.08154400000000006,0.050982974,0.13252697446966177
29447,-0.007613000000000092,0.028646853,0.03625985282111177,6.385680000000001,9.680725,3.2950450976562493,2.925150000000002,7.8817463,4.956596292114256,-0.06354400000000004,0.050982974,0.11452697446966176
29449,0.012386999999999926,0.028646853,0.016259852821111753,11.945680000000003,9.680725,-2.264954902343753,10.70515,7.8817463,-2.823403707885742,0.1244559999999999,0.050982974,-0.07347302553033819
29561,0.04552999999999996,0.07379175,0.02826174977540974,7.5567500000000045,8.671425,1.1146748657226517,13.634519999999998,13.677814,0.0432935299682633,0.31762270000000004,0.28632885,-0.031293847823333776
29562,0.03452999999999995,0.07379175,0.03926174977540975,7.276750000000003,8.671425,1.3946748657226529,12.734519999999998,13.677814,0.9432935299682637,0.2876227,0.28632885,-0.0012938478233337491
29564,0.04852999999999996,0.07379175,0.025261749775409736,8.116750000000003,8.671425,0.554674865722653,13.43452,13.677814,0.2432935299682626,0.2936227,0.28632885,-0.0072938478233337545
29657,0.012386999999999926,0.028964328,0.016577327648282125,7.90568,8.942326,1.0366455920410154,4.805150000000001,7.24157,2.436419995880126,-0.04854400000000003,0.041560274,0.09010427361750606
29870,-0.008323999999999998,0.006272229,0.014596228900343178,11.631520000000002,10.073475,-1.5580451159667987,8.739959999999998,9.661182,0.921222403564455,0.031119999999999925,0.10798369,0.07686369348049171
29872,0.07167600000000007,0.006272229,-0.0654037710996569,13.051520000000004,10.073475,-2.9780451159668004,13.899959999999998,9.661182,-4.238777596435545,0.21611999999999998,0.10798369,-0.10813630651950834
30368,0.209387,0.028964328,-0.18042267235171794,25.395680000000002,8.942326,-16.453354407958987,18.66515,7.24157,-11.423580004119874,0.06345599999999996,0.041560274,-0.02189572638249393
30417,-0.08461300000000005,0.028646853,0.11325985282111173,10.40568,9.680725,-0.7249549023437503,6.60515,7.8817463,1.2765962921142577,0.02145599999999992,0.050982974,0.029526974469661793
30418,-0.06061300000000003,0.028646853,0.08925985282111171,10.40568,9.680725,-0.7249549023437503,9.805150000000001,7.8817463,-1.9234037078857433,0.16145599999999993,0.050982974,-0.11047302553033822
30419,-0.08461300000000005,0.028646853,0.11325985282111173,10.40568,9.680725,-0.7249549023437503,6.60515,7.8817463,1.2765962921142577,0.02145599999999992,0.050982974,0.029526974469661793
30420,-0.034613000000000005,0.028646853,0.06325985282111168,10.605680000000003,9.680725,-0.9249549023437531,8.10515,7.8817463,-0.22340370788574226,0.051455999999999946,0.050982974,-0.0004730255303382336
30456,-0.08961300000000016,0.028964328,0.11857732764828222,6.685680000000001,8.942326,2.2566455920410142,0.9951499999999989,7.24157,6.246419995880128,-0.09454399999999996,0.041560274,0.136104273617506
30725,0.012386999999999926,0.028964328,0.016577327648282125,12.017680000000002,8.942326,-3.0753544079589865,9.28515,7.24157,-2.043580004119873,0.04345599999999994,0.041560274,-0.001895726382493912
31082,0.14207599999999998,0.09791111,-0.04416488798952101,9.5613,9.29587,-0.26543017272949143,9.501460000000002,8.133498,-1.3679618081665055,0.0569056,0.016466102,-0.04043949836847782
31083,0.13207599999999997,0.09791111,-0.034164887989521,10.8613,9.29587,-1.5654301727294921,10.571460000000002,8.133498,-2.4379618081665058,0.08290560000000002,0.016466102,-0.06643949836847785
31084,0.12207599999999996,0.09791111,-0.02416488798952099,9.0613,9.29587,0.23456982727050857,8.401460000000002,8.133498,-0.26796180816650583,0.02290559999999997,0.016466102,-0.006439498368477792
31085,0.13207599999999997,0.09791111,-0.034164887989521,10.0613,9.29587,-0.7654301727294914,9.801460000000002,8.133498,-1.6679618081665062,0.0629056,0.016466102,-0.04643949836847783
31087,0.12207599999999996,0.09791111,-0.02416488798952099,8.8613,9.29587,0.43456982727050786,8.001460000000002,8.133498,0.13203819183349452,0.007905599999999957,0.016466102,0.008560501631522222
31088,0.05148799999999998,-0.0013897072,-0.05287770720581708,7.941820000000003,8.945329,1.0035087124633755,7.41644,5.644999,-1.7714409727478024,0.050307800000000125,-0.0036002325,-0.053908032535973316
31089,0.08425400000000005,0.09732558,0.013071578331947276,16.183300000000003,13.321007,-2.862293225097659,12.77204,10.090515,-2.6815248632812505,0.023824899999999927,0.03325661,0.009431708992815091
31090,0.09248000000000012,0.077919625,-0.014560375254154323,9.53737,13.616936,4.0795657299804695,9.05409,12.009975,2.955885433349609,0.046650699999999934,0.053601388,0.006950687888193197
31185,-0.08148600000000017,-0.011539879,0.06994612074500339,2.843110000000003,6.664108,3.8209977995300264,3.002830000000003,6.3509135,3.3480835246276826,0.03698579999999996,0.09750998,0.060524180201721234
31186,-0.09148600000000018,-0.011539879,0.0799461207450034,4.563110000000002,6.664108,2.1009977995300275,3.2828300000000006,6.3509135,3.068083524627685,0.05498579999999986,0.09750998,0.04252418020172133
31187,-0.08148600000000017,-0.011539879,0.06994612074500339,3.263110000000001,6.664108,3.4009977995300282,2.102830000000001,6.3509135,4.248083524627685,0.05098579999999997,0.09750998,0.04652418020172122
31188,-0.07148600000000016,-0.011539879,0.059946120745003384,5.663110000000003,6.664108,1.000997799530026,4.782830000000001,6.3509135,1.568083524627685,0.06798579999999999,0.09750998,0.029524180201721206
31323,0.132343,0.106884524,-0.02545847577381133,8.12414,8.6572695,0.5331294778442377,10.47445,10.07394,-0.4005097229003898,0.12442659999999994,0.13325922,0.008832621911430416
31324,0.11234299999999997,0.106884524,-0.005458475773811311,8.114140000000003,8.6572695,0.5431294778442357,9.844449999999998,10.07394,0.229490277099611,0.10442659999999993,0.13325922,0.028832621911430434
31325,0.17143699999999995,0.038321983,-0.1331150169308185,13.098460000000001,8.698207,-4.400253098449708,13.002490000000002,9.28824,-3.714249567260744,0.06453720000000007,0.13492031,0.07038311395435326
31351,0.0019620000000000193,-0.017437205,-0.019399204718589802,6.847160000000002,6.561318,-0.2858420793151879,9.576139999999999,7.5486255,-2.027514530792235,0.22261769999999992,0.13659228,-0.0860254161550521
31355,-0.00803799999999999,-0.017437205,-0.009399204718589793,6.847160000000002,6.561318,-0.2858420793151879,7.576139999999999,7.5486255,-0.027514530792235092,0.12961769999999995,0.13659228,0.006974583844947868
31356,0.0019620000000000193,-0.017437205,-0.019399204718589802,6.847160000000002,6.561318,-0.2858420793151879,6.776139999999998,7.5486255,0.7724854692077656,0.0776176999999999,0.13659228,0.058974583844947914
31357,-0.048038000000000025,-0.017437205,0.030600795281410242,6.7471600000000045,6.561318,-0.18584207931519003,5.076139999999999,7.5486255,2.472485469207765,0.03161769999999997,0.13659228,0.10497458384494784
31363,0.0019620000000000193,-0.017437205,-0.019399204718589802,6.447160000000004,6.561318,0.11415792068481068,9.47614,7.5486255,-1.9275145307922354,0.22661769999999992,0.13659228,-0.09002541615505211
31364,-0.028038000000000007,-0.017437205,0.010600795281410225,5.947160000000004,6.561318,0.6141579206848107,8.176139999999998,7.5486255,-0.6275145307922347,0.18561769999999989,0.13659228,-0.04902541615505207
31407,0.15521700000000005,0.06459799,-0.09061901336145406,15.765749999999999,11.822482,-3.9432678909301746,14.45087,9.017082,-5.433787785644531,0.11632389999999992,0.049283955,-0.06703994475378983
31408,-0.03884500000000002,0.01814254,0.056987540007829685,9.70569,9.620452,-0.085238072814942,5.656550000000001,7.191025,1.5344747802734364,-0.01597470000000001,0.03968724,0.05566193863363267
31425,0.012799000000000005,0.042752665,0.029953664536237712,18.499760000000002,16.247068,-2.252691594848635,14.604320000000001,14.747841,0.14352088134765495,0.09750270000000005,0.19393064,0.09642794081668848
31426,0.04279900000000003,0.042752665,-4.633546376231479e-05,16.959760000000003,16.247068,-0.7126915948486356,17.80432,14.747841,-3.0564791186523443,0.3535027,0.19393064,-0.15957205918331147
31635,0.168883,0.08834988,-0.08053312121200562,13.44771,8.96369,-4.484020195922852,12.76669,9.258875,-3.507815106811524,0.054355699999999896,0.10318878,0.04883308293037425
31652,-0.022696999999999967,-0.008229812,0.01446718832415339,11.405810000000002,14.090485,2.6846746191406226,10.283259999999999,13.178774,2.8955138800048843,0.08543459999999992,0.14808719,0.06265258860149392
31653,0.01730300000000007,-0.008229812,-0.025532811675846645,17.30581,14.090485,-3.215325380859376,18.78326,13.178774,-5.604486119995116,0.3514346,0.14808719,-0.20334741139850615
31654,-0.042696999999999985,-0.008229812,0.03446718832415341,10.50581,14.090485,3.5846746191406247,8.18326,13.178774,4.995513880004882,0.03043459999999998,0.14808719,0.11765258860149386
31655,-0.022696999999999967,-0.008229812,0.01446718832415339,15.605810000000002,14.090485,-1.5153253808593767,14.38326,13.178774,-1.2044861199951171,0.13943459999999996,0.14808719,0.008652588601493871
31676,-0.06721500000000002,-0.006138148,0.061076852213740374,4.783239999999999,8.010663,3.227423032531739,2.6498100000000004,5.697739,3.0479291242980953,0.011713700000000049,0.029924609,0.018210908767032574
31677,-0.057215000000000016,-0.006138148,0.051076852213740365,7.273240000000001,8.010663,0.737423032531737,4.9798100000000005,5.697739,0.7179291242980952,0.028713700000000064,0.029924609,0.0012109087670325591
31678,-0.01721499999999998,-0.006138148,0.01107685221374033,8.483240000000002,8.010663,-0.47257696746826383,6.0298099999999994,5.697739,-0.33207087570190374,0.016713700000000054,0.029924609,0.01321090876703257
32154,0.04276499999999994,0.005710712,-0.037054287831634225,6.50046,8.170456,1.6699959326171872,9.975359999999998,9.395282,-0.5800782083129867,0.1760887,0.13999133,-0.03609737187976836
32156,0.09238699999999989,0.028373338,-0.06401366171789158,11.605680000000003,9.791809,-1.813870917968753,9.805150000000001,7.5606647,-2.244485346221925,0.03045600000000004,0.04217111,0.011715109467744789
32165,0.12253400000000003,0.07580123,-0.0467327690329552,8.26615,9.332111,1.0659613586425785,9.388349999999999,8.76118,-0.6271700759887686,0.035816199999999965,0.04581682,0.010000620114851033
32263,0.06221500000000013,0.015714234,-0.046500766258835924,10.948349999999998,9.463941,-1.4844093795776345,9.797250000000002,6.5400095,-3.2572405014038104,0.07226410000000005,-3.1544514e-06,-0.07226725445140592
32940,0.11199999999999999,0.14208202,0.03008202064037324,14.975249999999999,18.847006,3.871755844116212,16.24622,21.564112,5.317891709594726,0.13741589999999992,0.37082294,0.2334070362964631
32948,0.062000000000000055,0.14208202,0.08008202064037317,17.54525,18.847006,1.3017558441162116,20.58622,21.564112,0.9778917095947257,0.35141589999999995,0.37082294,0.019407036296463065
32949,0.132,0.14208202,0.010082020640373224,19.23525,18.847006,-0.3882441558837897,23.24622,21.564112,-1.6821082904052744,0.46541589999999994,0.37082294,-0.09459296370353693
32951,0.252,0.14208202,-0.10991797935962677,22.16525,18.847006,-3.3182441558837894,25.24622,21.564112,-3.6821082904052744,0.5394159,0.37082294,-0.16859296370353694
32991,0.14381300000000008,0.10452655,-0.03928645042228707,9.119610000000002,9.049184,-0.07042615447998202,11.65634,8.900706,-2.7556337088012697,0.22019530000000015,0.098069735,-0.12212556512861267
32992,0.12339200000000006,0.10452655,-0.018865450422287044,16.77862,10.839736,-5.938884015197754,10.938329999999999,8.77643,-2.161899869995116,-0.02944000000000002,-0.0064695277,0.022970472274869702
33273,0.11560000000000004,0.023424352,-0.09217564841210846,11.71255,11.476719,-0.2358310974121096,14.30408,11.84815,-2.4559297467041024,0.16170479999999998,0.11305531,-0.0486494888566017
33274,0.0068749999999999645,-0.00233167,-0.009206669908016885,14.584729999999997,10.719434,-3.8652962155151336,12.00308,8.961511,-3.0415693417358405,0.004812700000000003,0.030095525,0.025282825085926053
33457,0.32095000000000007,0.010154476,-0.31079552361071117,25.99737,11.830721,-14.166649098510742,21.9771,12.170159,-9.806940660095215,0.4454893,0.16298683,-0.28250247012310026
33458,-0.03905000000000003,0.010154476,0.04920447638928893,9.58737,11.830721,2.243350901489258,10.517100000000001,12.170159,1.6530593399047842,0.16748929999999995,0.16298683,-0.004502470123100233
33459,0.15560000000000007,0.03845724,-0.11714275909066207,26.92255,14.422332,-12.500218190002442,23.18408,14.2757435,-8.908336515502931,0.33570479999999997,0.13191186,-0.20379294108371732
33460,0.015600000000000058,0.03845724,0.02285724090933794,12.98255,14.422332,1.4397818099975588,13.114080000000001,14.2757435,1.161663484497069,0.12570480000000006,0.13191186,0.006207058916282593
33462,0.04682900000000001,0.021929199,-0.024899801123976717,11.92691,9.782819,-2.144091205749511,12.33834,9.621249,-2.7170908010864263,0.11857720000000005,0.10009768,-0.01847952139825826
33465,0.10321500000000006,0.015714234,-0.08750076625883585,24.668349999999997,9.463941,-15.204409379577633,12.907250000000001,6.5400095,-6.36724050140381,-0.2267359,-3.1544514e-06,0.22673274554859413
33466,-0.007784999999999931,0.015714234,0.02349923374116414,7.768349999999998,9.463941,1.6955906204223652,-1.672749999999997,6.5400095,8.212759498596188,-0.29073589999999994,-3.1544514e-06,0.2907327455485941
33772,-0.087785,0.015799765,0.10358476454377175,6.228349999999999,8.737159,2.508808775329591,0.8872500000000016,6.4156303,5.52838034057617,-0.08773589999999998,0.01711016,0.10484605962064264
33773,-0.1077849999999998,-0.04863919,0.05914581054806689,6.538349999999998,7.2319336,0.6935835937500023,1.7572500000000026,4.1428146,2.385564636230466,-0.04773589999999994,-0.007672592,0.04006330793377155
33774,0.1622150000000001,0.015799765,-0.14641523545622837,6.838349999999998,8.737159,1.8988087753295915,8.10725,6.4156303,-1.6916196594238286,0.10226410000000008,0.01711016,-0.08515394037935742
33775,0.1622150000000001,0.021160668,-0.1410543322378398,6.638349999999999,8.944071,2.30572081604004,8.50725,8.568444,0.06119425201415929,0.062264100000000044,0.06332346,0.0010593605193137678
33776,0.08221500000000015,0.11016425,0.02794924745321259,7.738349999999997,7.9181743,0.1798242668151886,9.00725,9.79682,0.7895696868896476,0.18226410000000004,0.104488306,-0.07777579425249104
33777,0.042215000000000114,0.008576329,-0.033638671133816356,8.138349999999999,7.403961,-0.7343888183593741,10.50725,6.8053975,-3.7018524894714364,0.20226410000000006,0.07521066,-0.1270534393039704
33778,0.042215000000000114,0.009049309,-0.03316569058239471,7.93835,7.3918476,-0.546502389526367,10.00725,6.9130754,-3.0941745529174813,0.18226410000000004,0.067330234,-0.11493386624727253
33782,0.05221500000000012,0.0042903167,-0.04792468328043831,11.138349999999999,10.6396265,-0.49872349700927643,13.50725,10.896929,-2.6103212127685556,0.2822641000000001,0.18128462,-0.10097947864208229
33783,0.022215000000000096,0.0029249399,-0.019290060149654842,12.638349999999999,10.777051,-1.8612990280151358,14.307250000000002,11.280759,-3.026491142272951,0.2922641,0.19071032,-0.1015537789312363
33784,0.012215000000000087,-0.04416938,-0.056384381260871974,13.838349999999998,12.919453,-0.9188973327636702,15.00725,13.292479,-1.7147714385986337,0.2922641,0.2325656,-0.059698503300285366
33786,-0.07778499999999999,-0.04416938,0.033615618739128106,11.988349999999997,12.919453,0.9311026672363312,9.837250000000001,13.292479,3.4552285614013662,0.03226410000000002,0.2325656,0.20030149669971464
33787,-0.1077849999999998,-0.04416938,0.06361561873912791,13.248349999999999,12.919453,-0.3288973327636704,15.92725,13.292479,-2.6347714385986336,0.38226410000000005,0.2325656,-0.1496985033002854
33808,0.17521500000000012,0.015799765,-0.15941523545622838,9.108349999999998,8.737159,-0.3711912246704081,10.667250000000001,6.4156303,-4.251619659423829,0.11226410000000009,0.01711016,-0.09515394037935743
33989,0.002215000000000078,0.02135329,0.019138289484977644,6.838349999999998,7.758737,0.9203870872497575,3.707250000000002,6.401522,2.694272159576414,-0.04773589999999994,0.04194296,0.08967886151399607
33990,0.002215000000000078,0.02135329,0.019138289484977644,6.238349999999997,7.758737,1.520387087249759,3.4072500000000012,6.401522,2.994272159576415,-0.03773589999999993,0.04194296,0.07967886151399606
33991,-0.02778499999999995,0.02135329,0.04913828948497767,6.238349999999997,7.758737,1.520387087249759,2.5072500000000026,6.401522,3.8942721595764134,-0.06773589999999996,0.04194296,0.10967886151399608
33992,-0.047784999999999966,0.02135329,0.06913828948497769,6.238349999999997,7.758737,1.520387087249759,1.8072499999999998,6.401522,4.594272159576416,-0.07773589999999997,0.04194296,0.1196788615139961
33993,0.002215000000000078,0.02135329,0.019138289484977644,6.93835,7.758737,0.8203870872497561,3.9072500000000012,6.401522,2.494272159576415,-0.03773589999999993,0.04194296,0.07967886151399606
33994,-0.007784999999999931,0.02135329,0.029138289484977653,6.038349999999998,7.758737,1.7203870872497582,3.6072500000000005,6.401522,2.7942721595764155,-0.017735899999999916,0.04194296,0.05967886151399604
33996,0.022215000000000096,0.02135329,-0.0008617105150223736,6.93835,7.758737,0.8203870872497561,5.007250000000001,6.401522,1.3942721595764151,-0.007735899999999907,0.04194296,0.04967886151399603
33998,0.032215000000000105,0.02135329,-0.010861710515022382,8.038349999999998,7.758737,-0.2796129127502418,7.307250000000002,6.401522,-0.9057278404235856,0.052264100000000036,0.04194296,-0.010321138486003911
33999,0.012215000000000087,0.0042903167,-0.007924683280438272,8.398349999999997,9.567945,1.1695945266723662,5.257250000000001,7.2829003,2.02565033340454,-0.04173590000000005,0.026917102,0.06865300181534295
34293,-0.04323600000000005,0.037958913,0.0811949125514031,3.6519399999999997,8.352242,4.700302469787598,4.172889999999999,9.730932,5.558042235717775,0.08703440000000007,0.13105543,0.044021029577827386
34335,-0.011486000000000107,-0.011539879,-5.3879254996669346e-05,8.833110000000001,6.664108,-2.169002200469972,7.582830000000001,6.3509135,-1.2319164753723157,0.045985799999999966,0.09750998,0.051524180201721226
34336,-0.10148600000000019,-0.011539879,0.08994612074500341,3.9931100000000015,6.664108,2.670997799530028,1.7828300000000006,6.3509135,4.568083524627685,0.01898579999999994,0.09750998,0.07852418020172125
34337,-0.041486000000000134,-0.011539879,0.029946120745003357,1.9431100000000008,6.664108,4.7209977995300285,0.9828299999999999,6.3509135,5.368083524627686,0.010985799999999935,0.09750998,0.08652418020172126
34338,-0.08148600000000017,-0.011539879,0.06994612074500339,4.313110000000002,6.664108,2.3509977995300275,1.382830000000002,6.3509135,4.9680835246276835,-0.03201419999999999,0.09750998,0.12952418020172118
34339,-0.07148600000000016,-0.011539879,0.059946120745003384,3.913110000000003,6.664108,2.750997799530026,4.982830000000002,6.3509135,1.368083524627684,0.13898579999999994,0.09750998,-0.041475819798278746
34341,-0.05148600000000014,-0.011539879,0.039946120745003366,3.353110000000001,6.664108,3.3109977995300284,4.982830000000002,6.3509135,1.368083524627684,0.13898579999999994,0.09750998,-0.041475819798278746
34456,0.06221500000000013,0.015799765,-0.04641523545622839,7.34835,8.737159,1.38880877532959,8.787250000000002,6.4156303,-2.37161965942383,0.1232641000000001,0.01711016,-0.10615394037935744
34794,-0.01833499999999999,0.02686969,0.04520469004571437,6.240340000000003,7.9424844,1.702144378814694,3.4712999999999994,6.4512205,2.9799205123901373,-0.02867720000000007,0.02247254,0.05114973991663463
34797,0.0016650000000000276,0.02686969,0.02520469004571435,6.130340000000004,7.9424844,1.8121443788146934,4.491300000000001,6.4512205,1.959920512390136,0.008322799999999964,0.02247254,0.014149739916634596
35040,0.1522150000000001,0.015799765,-0.13641523545622836,14.098349999999998,8.737159,-5.361191224670408,12.407250000000001,6.4156303,-5.991619659423829,0.06426410000000005,0.01711016,-0.047153940379357384
35065,-0.06858900000000001,-0.027024217,0.04156478305006028,6.762549999999997,7.300228,0.537678118896487,3.3993900000000004,4.8383303,1.438940268859863,-0.018535100000000027,0.01214915,0.030684249551987675
35066,-0.06801500000000016,-0.06392201,0.004092989637851874,6.057960000000001,6.4128127,0.35485270980834827,4.529999999999999,3.8918445,-0.6381554889678949,0.05212749999999999,0.025529822,-0.026597677665352815
35067,-0.04858899999999999,-0.027024217,0.021564783050060266,5.742549999999998,7.300228,1.5576781188964866,2.6493900000000004,4.8383303,2.188940268859863,-0.021535099999999918,0.01214915,0.033684249551987566
35068,-0.053015000000000034,-0.06392201,-0.01090701036214825,5.657960000000003,6.4128127,0.7548527098083468,3.7699999999999996,3.8918445,0.12184451103210492,0.032127499999999976,0.025529822,-0.006597677665352797
35157,-0.030088000000000115,-0.009194104,0.020893895999074097,8.51249,10.71229,2.1997998101806644,6.87125,9.708431,2.8371812438964845,0.027618799999999943,0.07037367,0.0427548692667008
35158,-0.00730199999999992,3.603504e-05,0.0073380350386471616,4.58023,7.565301,2.985070941467285,3.8485299999999985,5.7279463,1.879416281433107,0.045556199999999936,0.02452987,-0.02102632940049165
35159,-0.030088000000000115,-0.009194104,0.020893895999074097,9.152489999999997,10.71229,1.5597998101806674,8.24125,9.708431,1.4671812438964835,0.06761879999999998,0.07037367,0.0027548692667007657
35160,-0.00730199999999992,3.603504e-05,0.0073380350386471616,5.000230000000002,7.565301,2.565070941467283,4.3085299999999975,5.7279463,1.419416281433108,0.055556199999999945,0.02452987,-0.03102632940049166
35170,0.16198999999999997,0.043764476,-0.1182255242669582,15.621590000000001,10.031666,-5.589924197998048,13.585080000000001,7.4743314,-6.110748621063234,0.0984836,0.031244464,-0.06723913578138352
35173,-0.01519399999999993,0.030516094,0.04571009359681599,6.253820000000001,7.6068864,1.3530663868713368,3.0311700000000013,5.114803,2.083632837371825,-0.06198350000000008,0.007196772,0.06918027191227683
35174,-0.008010000000000073,0.043764476,0.051774475733041836,9.621590000000001,10.031666,0.41007580200195193,4.785080000000001,7.4743314,2.689251378936767,-0.09451639999999994,0.031244464,0.12576086421861643
35175,0.001068000000000069,0.026468378,0.025400377560377052,6.827349999999999,8.867642,2.0402924026489266,3.19792,6.060437,2.8625172024536134,-0.08850889999999989,-0.020385776,0.0681231242848872
35176,0.021989999999999954,0.043764476,0.02177447573304181,10.721590000000003,10.031666,-0.6899241979980495,6.48508,7.4743314,0.9892513789367676,-0.08351640000000005,0.031244464,0.11476086421861653
35179,0.021230000000000082,0.034628578,0.013398577530383982,12.234470000000002,9.24683,-2.987640013427736,8.585130000000001,7.1624117,-1.4227183102417005,-0.014131900000000086,0.018179275,0.032311175095462885
35180,0.15198999999999996,0.043764476,-0.1082255242669582,15.421590000000002,10.031666,-5.389924197998049,11.98508,7.4743314,-4.510748621063232,-0.025516400000000106,0.031244464,0.05676086421861659
35191,-0.07578499999999999,0.027927637,0.10371263710021972,7.84835,8.645224,0.796873617553711,4.757250000000001,6.3997555,1.6425054779052726,0.013264100000000001,-0.0018029175,-0.015067017453460396
35192,-0.06378499999999998,0.027927637,0.09171263710021971,7.928349999999998,8.645224,0.7168736175537127,4.787250000000002,6.3997555,1.6125054779052714,0.004264100000000104,-0.0018029175,-0.006067017453460499
35317,0.10342200000000001,0.009875989,-0.09354601141226293,11.505780000000001,9.70078,-1.8050000851440444,9.60573,7.919688,-1.686041775207519,0.005074700000000099,0.046454653,0.04137995314388265
35343,-0.09761300000000017,0.028964328,0.12657732764828222,6.305680000000002,8.942326,2.6366455920410132,1.905149999999999,7.24157,5.336419995880128,-0.06054400000000004,0.041560274,0.10210427361750607
35451,0.06456200000000001,0.0058804844,-0.058681515642523774,7.5484100000000005,7.6005554,0.05214541992187449,8.9207,7.737984,-1.1827158195495606,0.10024309999999992,0.09147914,-0.008763962460136332
35452,-0.08243800000000001,0.0058804844,0.08831848435747625,7.38841,7.6005554,0.21214541992187463,5.790700000000001,7.737984,1.9472841804504384,0.060243099999999994,0.09147914,0.031236037539863593
35453,0.3325340000000001,0.14235744,-0.190176561197281,18.74615,16.126553,-2.6195974182128907,16.288349999999998,13.452466,-2.8358839889526344,0.09081620000000001,0.090062246,-0.0007539542734146254
35465,-0.04866900000000007,-0.04502642,0.003642578453064038,10.021269999999998,9.321319,-0.6999513735961891,8.14544,7.533962,-0.6114782270812995,0.06786820000000005,0.042453412,-0.025414788033437774
35469,-0.04866900000000007,-0.04502642,0.003642578453064038,10.15127,9.321319,-0.8299513735961916,7.815440000000001,7.533962,-0.28147822708129944,0.04786820000000003,0.042453412,-0.005414788033437756
35473,-0.04866900000000007,-0.04502642,0.003642578453064038,10.161269999999998,9.321319,-0.8399513735961897,7.57544,7.533962,-0.041478227081299224,0.034868200000000016,0.042453412,0.007585211966562255
35477,-0.04866900000000007,-0.04502642,0.003642578453064038,10.271269999999998,9.321319,-0.9499513735961891,7.4854400000000005,7.533962,0.048521772918700634,0.024868200000000007,0.042453412,0.017585211966562264
35516,0.18238699999999997,0.028964328,-0.15342267235171791,6.56568,8.942326,2.376645592041015,8.36515,7.24157,-1.123580004119873,0.051455999999999946,0.041560274,-0.009895726382493919
35517,-0.008193000000000117,0.027755443,0.03594844300675404,5.365660000000002,8.09155,2.725889873352049,5.657000000000002,7.2446747,1.5876746826171857,0.08552360000000003,0.046710283,-0.038813317435836825
35664,-0.03761300000000012,0.035847057,0.073460056657076,7.445680000000003,8.980328,1.534647606201169,5.17515,7.310949,2.135798848724365,0.0014560000000000128,0.020118814,0.018662813961744296
35756,0.04238699999999995,0.028964328,-0.013422672351717901,11.505680000000002,8.942326,-2.563354407958986,14.305150000000001,7.24157,-7.063580004119874,0.32145599999999996,0.041560274,-0.27989572638249394
35758,-0.009633000000000003,-0.022360753,-0.012727753268003461,9.370070000000002,8.060442,-1.3096280291748066,6.40405,6.8546705,0.45062052459716817,0.07408400000000004,0.079762265,0.0056782650861739725
35849,0.002215000000000078,0.021810366,0.019595365840792578,7.25835,10.243995,2.9856447128295898,4.017250000000001,8.041898,4.024647773742675,-0.05273589999999995,0.032887824,0.08562372387971873
35858,0.18359000000000003,0.08427996,-0.09931003811597827,15.457450000000001,13.774537,-1.682912913513185,15.389019999999999,11.077854,-4.311165843505858,0.13918299999999995,0.020923488,-0.11825951215791697
35860,0.053590000000000027,0.08427996,0.030689961884021733,11.557450000000003,13.774537,2.2170870864868135,8.77902,11.077854,2.2988341564941415,-0.010816999999999966,0.020923488,0.03174048784208294
35861,0.07359000000000004,0.08427996,0.010689961884021715,13.757450000000002,13.774537,0.01708708648681423,10.789019999999999,11.077854,0.2888341564941417,-0.0008170000000000677,0.020923488,0.021740487842083045
35862,0.11358999999999997,0.08427996,-0.02931003811597821,14.65745,13.774537,-0.8829129135131843,11.879019999999999,11.077854,-0.8011658435058582,0.009182999999999941,0.020923488,0.011740487842083036
35863,0.11358999999999997,0.08427996,-0.02931003811597821,15.057450000000003,13.774537,-1.2829129135131865,11.619019999999999,11.077854,-0.5411658435058584,-0.030816999999999983,0.020923488,0.05174048784208296
35905,-0.010262999999999911,0.047422975,0.057685975301742465,6.518529999999998,8.906727,2.3881968371582047,3.9046699999999994,6.535694,2.6310241223144537,-0.02040580000000003,0.03593852,0.05634431998448375
35984,-0.07778499999999999,0.008576329,0.08636132886618375,6.1183499999999995,7.403961,1.2856111816406255,2.12725,6.8053975,4.678147510528564,-0.05773589999999995,0.07521066,0.13294656069602961
36100,0.19340499999999994,0.09439111,-0.09901389244079584,7.68732,8.47561,0.7882897793579104,11.22722,9.968553,-1.258667410583497,0.16421990000000009,0.12822391,-0.03599598907222756
36300,0.041870000000000074,0.06919062,0.027320621376037524,8.20758,8.518829,0.3112493457031249,6.421039999999998,7.0887313,0.6676912889099142,0.00414060000000005,0.018458081,0.014317481409335087
36302,0.011870000000000047,0.06919062,0.05732062137603755,7.20758,8.518829,1.311249345703125,3.621039999999997,7.0887313,3.467691288909915,-0.07585940000000002,0.018458081,0.09431748140933516
36303,0.0018700000000000383,0.06919062,0.06732062137603756,7.20758,8.518829,1.311249345703125,2.5210399999999993,7.0887313,4.567691288909913,-0.11585940000000006,0.018458081,0.1343174814093352
36304,0.06187000000000009,0.06919062,0.007320621376037506,7.107580000000002,8.518829,1.4112493457031228,5.321039999999998,7.0887313,1.767691288909914,-0.025859399999999977,0.018458081,0.04431748140933511
36305,0.011870000000000047,0.06919062,0.05732062137603755,7.007580000000001,8.518829,1.5112493457031242,3.121039999999997,7.0887313,3.967691288909915,-0.09585940000000004,0.018458081,0.11431748140933518
36306,0.11187000000000002,0.06919062,-0.04267937862396243,11.00758,8.518829,-2.488750654296876,10.621039999999999,7.0887313,-3.532308711090087,0.09414060000000002,0.018458081,-0.07568251859066488
36307,0.13187000000000004,0.06919062,-0.06267937862396245,8.807580000000002,8.518829,-0.2887506542968765,10.52104,7.0887313,-3.432308711090087,0.14414059999999995,0.018458081,-0.12568251859066482
36308,0.12187000000000003,0.06919062,-0.052679378623962436,8.607580000000002,8.518829,-0.08875065429687723,10.52104,7.0887313,-3.432308711090087,0.15414059999999996,0.018458081,-0.13568251859066482
36309,0.10187000000000002,0.06919062,-0.03267937862396242,8.607580000000002,8.518829,-0.08875065429687723,8.321039999999998,7.0887313,-1.232308711090086,0.044140599999999974,0.018458081,-0.025682518590664838
36310,0.10187000000000002,0.06919062,-0.03267937862396242,8.40758,8.518829,0.11124934570312561,5.821039999999998,7.0887313,1.267691288909914,-0.08585940000000003,0.018458081,0.10431748140933517
36311,0.0718700000000001,0.06919062,-0.002679378623962503,8.307580000000002,8.518829,0.21124934570312348,7.521039999999999,7.0887313,-0.43230871109008717,0.034140599999999965,0.018458081,-0.01568251859066483
36386,0.226387,0.042460836,-0.1839261635298729,14.405680000000002,8.323146,-6.082534133605959,14.945150000000002,7.391649,-7.55350123062134,0.21345599999999998,0.07651507,-0.13694092890596388
36387,0.2543869999999999,0.042460836,-0.2119261635298728,8.205680000000001,8.323146,0.117465866394042,13.875150000000001,7.391649,-6.483501230621339,0.275456,0.07651507,-0.19894092890596388
36466,0.0914879999999999,-0.0013897072,-0.092877707205817,9.141820000000003,8.945329,-0.19649128753662382,7.31644,5.644999,-1.6714409727478028,-0.013692199999999932,-0.0036002325,0.010091967464026741
36564,0.12387999999999999,0.03502581,-0.08885419103980063,4.7515399999999985,6.881487,2.1299468927001968,7.372200000000001,6.91643,-0.4557700035095227,0.10025010000000001,0.07800842,-0.022241679234600076
36565,-0.02778499999999995,0.015799765,0.04358476454377169,11.388349999999999,8.737159,-2.6511912246704092,7.587250000000001,6.4156303,-1.171619659423829,-0.007735899999999907,0.01711016,0.02484605962064257
36566,-0.01778499999999994,0.015799765,0.033584764543771684,11.518349999999998,8.737159,-2.7811912246704082,7.987250000000001,6.4156303,-1.5716196594238294,0.002264100000000102,0.01711016,0.01484605962064256
36567,-0.02778499999999995,0.015799765,0.04358476454377169,11.568349999999999,8.737159,-2.831191224670409,8.26725,6.4156303,-1.8516196594238288,0.02226410000000001,0.01711016,-0.005153940379357347
36568,0.012215000000000087,0.015799765,0.003584764543771657,10.86835,8.737159,-2.1311912246704097,7.887250000000002,6.4156303,-1.4716196594238298,0.002264100000000102,0.01711016,0.01484605962064256
36625,0.5223869999999999,0.028373338,-0.49401366171789163,18.50568,9.791809,-8.713870917968752,19.40515,7.5606647,-11.844485346221923,0.48945600000000006,0.04217111,-0.44728489053225523
36626,-0.03761300000000012,0.028373338,0.06598633828210843,8.605680000000003,9.791809,1.186129082031247,6.405150000000001,7.5606647,1.1555146537780754,0.038455999999999935,0.04217111,0.0037151094677448926
36638,0.12253400000000003,0.11874553,-0.0037884718384743055,8.546149999999997,7.949695,-0.5964548896789523,9.088349999999998,8.984778,-0.10357159576415853,0.06081619999999999,0.08321204,0.022395840364742292
36753,-0.04799700000000007,-0.030898292,0.017098708382368155,10.812470000000005,9.176761,-1.6357093264770555,6.864879999999999,4.9842386,-1.8806413754272455,-0.00011470000000002312,-0.027502041,-0.027387341310071922
36754,-0.04999700000000007,-0.030898292,0.019098708382368157,10.602470000000004,9.176761,-1.4257093264770546,5.744879999999998,4.9842386,-0.7606413754272445,-0.04211469999999995,-0.027502041,0.014612658689928004
36755,-0.07199700000000009,-0.030898292,0.041098708382368176,8.092470000000002,9.176761,1.084290673522947,2.3648799999999994,4.9842386,2.6193586245727545,-0.08211469999999987,-0.027502041,0.05461265868992793
36756,-0.06099699999999997,-0.030898292,0.030098708382368056,8.752470000000002,9.176761,0.4242906735229468,3.6548799999999986,4.9842386,1.3293586245727553,-0.061114699999999966,-0.027502041,0.03361265868992802
36757,-0.058996999999999966,-0.030898292,0.028098708382368054,9.432470000000002,9.176761,-0.2557093264770529,3.964880000000001,4.9842386,1.019358624572753,-0.07211469999999987,-0.027502041,0.04461265868992792
37054,-0.059414999999999996,-0.02515594,0.0342590608382225,5.895590000000002,6.494689,0.5990989877319315,5.151009999999999,6.0801797,0.9291696913146978,0.05871729999999997,0.0628611,0.004143799839210538
37055,-0.059414999999999996,-0.02515594,0.0342590608382225,6.345590000000001,6.494689,0.1490989877319322,5.961010000000002,6.0801797,0.11916969131469557,0.07871729999999999,0.0628611,-0.01585620016078948
37056,-0.04941499999999999,-0.02515594,0.02425906083822249,6.575590000000002,6.494689,-0.08090101226806823,5.841010000000001,6.0801797,0.23916969131469656,0.05871729999999997,0.0628611,0.004143799839210538
37058,-0.01941499999999996,-0.02515594,-0.005740939161777536,6.67559,6.494689,-0.1809010122680661,6.38101,6.0801797,-0.3008303086853026,0.05871729999999997,0.0628611,0.004143799839210538
37060,0.020585000000000075,-0.02515594,-0.04574093916177757,5.575590000000002,6.494689,0.9190989877319318,6.401009999999999,6.0801797,-0.32083030868530216,0.06871729999999998,0.0628611,-0.005856200160789471
37061,0.10058500000000004,-0.02515594,-0.12574093916177753,6.735590000000002,6.494689,-0.24090101226806837,8.07101,6.0801797,-1.990830308685302,0.04871729999999996,0.0628611,0.014143799839210547
37062,-0.03941499999999998,-0.02515594,0.014259060838222481,5.97559,6.494689,0.5190989877319332,5.761009999999999,6.0801797,0.3191696913146984,0.06871729999999998,0.0628611,-0.005856200160789471
37063,-0.02941499999999997,-0.02515594,0.004259060838222473,6.49559,6.494689,-0.0009010122680663812,6.97101,6.0801797,-0.8908303086853024,0.09871730000000001,0.0628611,-0.0358562001607895
37064,-0.03941499999999998,-0.02515594,0.014259060838222481,6.90559,6.494689,-0.4109010122680665,6.27101,6.0801797,-0.19083030868530315,0.05871729999999997,0.0628611,0.004143799839210538
37065,-0.009414999999999951,-0.02515594,-0.015740939161777545,5.665590000000002,6.494689,0.8290989877319319,5.321010000000001,6.0801797,0.7591696913146961,0.038717299999999955,0.0628611,0.024143799839210556
37066,-0.02941499999999997,-0.02515594,0.004259060838222473,6.805590000000002,6.494689,-0.31090101226806865,6.331009999999999,6.0801797,-0.2508303086853019,0.05871729999999997,0.0628611,0.004143799839210538
37067,0.0005850000000000577,-0.02515594,-0.025740939161777554,6.795590000000001,6.494689,-0.3009010122680671,7.62101,6.0801797,-1.5408303086853028,0.09871730000000001,0.0628611,-0.0358562001607895
37068,0.010585000000000067,-0.02515594,-0.03574093916177756,6.1255900000000025,6.494689,0.36909898773193106,6.431010000000001,6.0801797,-0.3508303086853033,0.05871729999999997,0.0628611,0.004143799839210538
37069,-0.01941499999999996,-0.02515594,-0.005740939161777536,6.67559,6.494689,-0.1809010122680661,6.81101,6.0801797,-0.7308303086853023,0.07871729999999999,0.0628611,-0.01585620016078948
37070,0.0005850000000000577,-0.02515594,-0.025740939161777554,6.205590000000001,6.494689,0.28909898773193277,5.901009999999999,6.0801797,0.17916969131469784,0.038717299999999955,0.0628611,0.024143799839210556
37071,-0.02941499999999997,-0.02515594,0.004259060838222473,6.165590000000002,6.494689,0.3290989877319319,5.61101,6.0801797,0.469169691314697,0.04871729999999996,0.0628611,0.014143799839210547
37072,0.0005850000000000577,-0.02515594,-0.025740939161777554,6.3755900000000025,6.494689,0.11909898773193106,6.46101,6.0801797,-0.38083030868530265,0.05871729999999997,0.0628611,0.004143799839210538
37073,-0.04941499999999999,-0.02515594,0.02425906083822249,6.72559,6.494689,-0.2309010122680668,6.61101,6.0801797,-0.530830308685303,0.0887173,0.0628611,-0.02585620016078949
37075,0.010585000000000067,-0.02515594,-0.03574093916177756,6.345590000000001,6.494689,0.1490989877319322,6.171009999999999,6.0801797,-0.09083030868530173,0.038717299999999955,0.0628611,0.024143799839210556
37077,-0.02941499999999997,-0.02515594,0.004259060838222473,6.42559,6.494689,0.0690989877319339,6.47101,6.0801797,-0.39083030868530244,0.07871729999999999,0.0628611,-0.01585620016078948
37078,0.010585000000000067,-0.02515594,-0.03574093916177756,6.035590000000003,6.494689,0.4590989877319309,6.151009999999999,6.0801797,-0.07083030868530216,0.04871729999999996,0.0628611,0.014143799839210547
37079,-0.08941500000000002,-0.02515594,0.06425906083822253,6.345590000000001,6.494689,0.1490989877319322,4.11101,6.0801797,1.969169691314697,0.018717299999999937,0.0628611,0.044143799839210573
37080,-0.069415,-0.02515594,0.04425906083822251,5.575590000000002,6.494689,0.9190989877319318,4.741009999999999,6.0801797,1.339169691314698,0.05871729999999997,0.0628611,0.004143799839210538
37081,-0.04941499999999999,-0.02515594,0.02425906083822249,6.6355900000000005,6.494689,-0.14090101226806695,5.671009999999999,6.0801797,0.40916969131469827,0.04871729999999996,0.0628611,0.014143799839210547
37082,-0.059414999999999996,-0.02515594,0.0342590608382225,5.67559,6.494689,0.8190989877319339,4.97101,6.0801797,1.1091696913146976,0.05871729999999997,0.0628611,0.004143799839210538
37083,-0.03941499999999998,-0.02515594,0.014259060838222481,6.49559,6.494689,-0.0009010122680663812,5.491009999999999,6.0801797,0.589169691314698,0.038717299999999955,0.0628611,0.024143799839210556
37084,-0.01941499999999996,-0.02515594,-0.005740939161777536,5.575590000000002,6.494689,0.9190989877319318,5.761009999999999,6.0801797,0.3191696913146984,0.06871729999999998,0.0628611,-0.005856200160789471
37085,-0.04941499999999999,-0.02515594,0.02425906083822249,5.6355900000000005,6.494689,0.859098987731933,4.871009999999998,6.0801797,1.209169691314699,0.04871729999999996,0.0628611,0.014143799839210547
37087,-0.02941499999999997,-0.02515594,0.004259060838222473,6.395590000000002,6.494689,0.09909898773193149,5.36101,6.0801797,0.719169691314697,0.028717299999999946,0.0628611,0.034143799839210565
37088,-0.069415,-0.02515594,0.04425906083822251,5.825590000000002,6.494689,0.6690989877319318,4.461010000000002,6.0801797,1.6191696913146956,0.038717299999999955,0.0628611,0.024143799839210556
37089,-0.009414999999999951,-0.02515594,-0.015740939161777545,5.5055900000000015,6.494689,0.9890989877319321,5.641010000000001,6.0801797,0.43916969131469585,0.05871729999999997,0.0628611,0.004143799839210538
37090,-0.059414999999999996,-0.02515594,0.0342590608382225,6.24559,6.494689,0.24909898773193362,4.97101,6.0801797,1.1091696913146976,0.038717299999999955,0.0628611,0.024143799839210556
37091,0.0005850000000000577,-0.02515594,-0.025740939161777554,5.6255900000000025,6.494689,0.8690989877319311,6.11101,6.0801797,-0.03083030868530301,0.06871729999999998,0.0628611,-0.005856200160789471
37092,-0.02941499999999997,-0.02515594,0.004259060838222473,5.845590000000001,6.494689,0.6490989877319322,4.901009999999999,6.0801797,1.1791696913146978,0.028717299999999946,0.0628611,0.034143799839210565
37093,-0.07941500000000001,-0.02515594,0.05425906083822252,5.715590000000002,6.494689,0.7790989877319312,4.931010000000001,6.0801797,1.1491696913146967,0.06871729999999998,0.0628611,-0.005856200160789471
37096,-0.069415,-0.02515594,0.04425906083822251,5.765590000000003,6.494689,0.7290989877319305,4.88101,6.0801797,1.1991696913146974,0.05871729999999997,0.0628611,0.004143799839210538
37097,-0.02941499999999997,-0.02515594,0.004259060838222473,5.855590000000003,6.494689,0.6390989877319306,5.13101,6.0801797,0.9491696913146974,0.038717299999999955,0.0628611,0.024143799839210556
37100,-0.059414999999999996,-0.02515594,0.0342590608382225,5.765590000000003,6.494689,0.7290989877319305,5.04101,6.0801797,1.0391696913146973,0.05871729999999997,0.0628611,0.004143799839210538
37102,-0.07941500000000001,-0.02515594,0.05425906083822252,5.665590000000002,6.494689,0.8290989877319319,4.81101,6.0801797,1.2691696913146977,0.06871729999999998,0.0628611,-0.005856200160789471
37214,-0.001742999999999828,-0.0019727624,-0.00022976240214722665,16.061200000000003,14.261545,-1.799654818725589,14.73947,13.921837,-0.817633146972657,0.2246475,0.21243237,-0.012215130410194397
37328,-0.02761300000000011,0.028373338,0.05598633828210842,7.425680000000003,9.791809,2.3661290820312466,5.37515,7.5606647,2.1855146537780765,0.024455999999999922,0.04217111,0.017715109467744905
37408,-0.03474299999999997,0.011951849,0.04669484886455533,3.5769599999999997,5.974273,2.397313204803467,0.7340900000000019,3.8870401,3.152950138244627,-0.024622699999999997,0.034762707,0.05938540660758018
37600,0.4155380000000001,0.34762195,-0.06791605247306831,16.160790000000002,14.725548,-1.4352422094726585,18.21133,17.379414,-0.8319163952636721,0.4152191,0.37264687,-0.042572231771087654
37601,0.355538,0.34762195,-0.007916052473068258,15.06079,14.725548,-0.33524220947265704,17.611330000000002,17.379414,-0.23191639526367425,0.3952191,0.37264687,-0.022572231771087636
37726,0.12238699999999991,0.05337205,-0.0690149484331607,12.805680000000002,9.06156,-3.744120322875979,10.90515,7.310949,-3.5942011512756356,0.03145599999999993,0.012121661,-0.01933433936512463
37727,0.1023869999999999,0.05337205,-0.04901494843316068,9.40568,9.06156,-0.3441203228759768,8.52515,7.310949,-1.2142011512756348,0.03145599999999993,0.012121661,-0.01933433936512463
37789,0.06000899999999998,0.05015589,-0.009853110757112482,14.831130000000002,14.34479,-0.4863395413208025,13.666080000000001,13.3175,-0.3485798855590829,0.0684248999999999,0.11732801,0.04890311049947749
37790,0.09558299999999997,0.077429675,-0.01815332543420789,18.63033,11.663562,-6.966768179016114,17.14777,10.21645,-6.931320262451173,0.1667229,0.04982092,-0.11690198141016961
37890,-0.10817800000000011,-0.0924117,0.015766303089141953,4.8942400000000035,5.7643194,0.8700794198608364,3.090160000000001,4.15626,1.0661000135803214,0.04883590000000004,0.051954493,0.003118592926597552
37898,-0.08817800000000009,-0.0924117,-0.004233696910858065,5.374240000000004,5.7643194,0.39007941986083594,4.100159999999999,4.15626,0.05610001358032335,0.05883590000000005,0.051954493,-0.006881407073402457
37973,0.1333209999999999,0.1050395,-0.028281500299930484,1.439070000000001,5.605455,4.166384921722411,4.57621,8.439816,3.863606474914551,0.05661309999999997,0.120078646,0.06346554564657214
38487,-0.04363600000000001,-0.033985108,0.00965089186286927,8.26624,9.87035,1.6041098840332033,7.2173099999999994,9.392726,2.1754159445190435,0.06105130000000003,0.12135152,0.06030021773691174
38488,-0.02363599999999999,-0.033985108,-0.010349108137130747,9.566239999999997,9.87035,0.30410988403320616,9.317309999999999,9.392726,0.07541594451904388,0.10405130000000007,0.12135152,0.017300217736911705
38489,0.006364000000000036,-0.033985108,-0.040349108137130774,12.066239999999997,9.87035,-2.195890115966794,14.017309999999998,9.392726,-4.624584055480955,0.2590513000000001,0.12135152,-0.13769978226308832
38778,0.030312000000000117,-0.013421981,-0.04373398066413414,12.867569999999999,8.444894,-4.422676163024901,14.250419999999998,9.951176,-4.299244310302733,0.24931179999999997,0.12415497,-0.12515682995014188
38780,0.05867700000000009,0.027149644,-0.03152735625100145,10.88559,9.535765,-1.3498253057861334,11.42638,7.6596236,-3.766756377105713,0.16388749999999996,0.043874763,-0.12001273704767224
38782,0.0014369999999999106,0.038321983,0.03688498306918153,7.298460000000002,8.698207,1.3997469015502908,8.812490000000002,9.28824,0.47575043273925566,0.14453720000000003,0.13492031,-0.0096168860456467
38810,0.07156600000000013,0.08949676,0.017930761560439934,7.39648,8.030608,0.6341281771850582,9.906,10.082613,0.17661299133300723,0.1392371,0.13478933,-0.004447767252540591
38812,0.07556600000000013,0.08949676,0.01393076156043993,7.606480000000001,8.030608,0.42412817718505735,9.386000000000001,10.082613,0.6966129913330068,0.11323710000000009,0.13478933,0.02155223274745932
38826,0.150764,0.07552461,-0.07523938673877717,9.409720000000002,6.8084364,-2.601283606262209,11.58361,7.0491076,-4.534502448425293,0.2693011,0.14776082,-0.12154027663097383
38827,0.07876399999999995,0.07552461,-0.003239386738777106,6.169720000000002,6.8084364,0.6387163937377913,7.94361,7.0491076,-0.8945024484252926,0.15530109999999997,0.14776082,-0.007540276630973786
38828,0.155764,0.07552461,-0.08023938673877717,10.349720000000001,6.8084364,-3.5412836062622084,10.92361,7.0491076,-3.874502448425293,0.1773011000000001,0.14776082,-0.029540276630973916
38829,0.155764,0.07552461,-0.08023938673877717,10.549720000000002,6.8084364,-3.7412836062622095,11.08361,7.0491076,-4.034502448425293,0.1883011,0.14776082,-0.040540276630973815
38831,0.3477640000000001,0.07552461,-0.27223938673877723,17.16972,6.8084364,-10.361283606262209,15.81361,7.0491076,-8.764502448425294,0.4363011000000001,0.14776082,-0.2885402766309739
38832,0.127764,0.07552461,-0.05223938673877715,4.56972,6.8084364,2.2387163937377927,6.69361,7.0491076,0.3554975515747074,0.10030110000000003,0.14776082,0.04745972336902615
38833,-0.06923600000000008,0.07552461,0.14476061326122291,1.989720000000002,6.8084364,4.818716393737791,1.7036100000000012,7.0491076,5.345497551574706,0.057301099999999994,0.14776082,0.09045972336902619
38834,-0.059236000000000066,0.07552461,0.1347606132612229,4.3797200000000025,6.8084364,2.4287163937377905,3.93361,7.0491076,3.115497551574707,0.07730110000000001,0.14776082,0.07045972336902617
38836,-0.06923600000000008,0.07552461,0.14476061326122291,1.74972,6.8084364,5.058716393737793,-0.04638999999999882,7.0491076,7.095497551574706,-0.009698899999999955,0.14776082,0.15745972336902614
39141,0.0014879999999999338,-0.00719788,-0.008685880186140471,6.141820000000003,8.231236,2.0894164578247043,3.2164399999999986,5.157879,1.9414388757324232,-0.05369219999999997,0.007048855,0.060741055070024697
39161,0.16622499999999996,0.110278875,-0.055946125364303545,19.096040000000002,15.149783,-3.946256865539553,19.52153,16.077839,-3.4436911022949204,0.19850879999999993,0.14566904,-0.0528397569358825
39163,0.15622499999999995,0.110278875,-0.045946125364303536,14.906040000000004,15.149783,0.24374313446044482,16.921529999999997,16.077839,-0.843691102294919,0.17450880000000002,0.14566904,-0.028839756935882588
39222,0.05221500000000012,0.02135329,-0.0308617105150224,7.708349999999999,7.758737,0.05038708724975649,12.547250000000002,6.401522,-6.145727840423586,0.31226410000000004,0.04194296,-0.2703211384860039
39223,0.042215000000000114,0.02135329,-0.02086171051502239,7.418349999999997,7.758737,0.3403870872497592,11.797250000000002,6.401522,-5.395727840423586,0.2822641000000001,0.04194296,-0.24032113848600395
39350,-0.09102100000000002,0.025050495,0.11607149481987955,7.105720000000005,10.758915,3.6531949475097605,2.0325399999999973,7.36382,5.331280075988772,-0.06192249999999999,0.035067175,0.09698967458367347
39392,0.04981499999999994,0.05417988,0.0043648807680607415,5.8782299999999985,5.344877,-0.5333532337951645,7.045549999999999,6.1116433,-0.9339066856384264,0.11202750000000006,0.06582502,-0.04620247724294668
39393,0.08981499999999987,0.05417988,-0.03563511923193918,5.3782299999999985,5.344877,-0.03335323379516453,6.525549999999999,6.1116433,-0.4139066856384268,0.07202750000000002,0.06582502,-0.006202477242946647
39433,-0.0608820000000001,0.059029117,0.11991111722660075,5.511850000000003,8.295781,2.7839311355590795,3.8847200000000015,6.826655,2.9419349110412583,-0.0019947999999999633,0.042546373,0.04454117286067005
39700,0.06253400000000009,0.068563886,0.006029885986804873,11.146149999999999,10.760856,-0.3852943252563463,8.488349999999999,8.63603,0.14768019714355596,0.0008162000000000447,0.022887405,0.022071205008077577
39701,0.05253400000000008,0.068563886,0.01602988598680488,10.44615,10.760856,0.31470567474365296,8.388349999999999,8.63603,0.2476801971435556,0.06081619999999999,0.022887405,-0.037928794991922365
39703,0.11253400000000002,0.068563886,-0.04397011401319506,11.346149999999998,10.760856,-0.5852943252563456,9.088349999999998,8.63603,-0.4523198028564437,0.010816199999999943,0.022887405,0.012071205008077679
39887,-0.103707,-0.05708291,0.0466240899093151,1.330490000000001,2.835011,1.5045210054016103,-1.2855799999999995,0.7821152,2.067695221023559,-0.01874140000000002,0.009066323,0.027807722818398495
39888,-0.060707000000000066,-0.05708291,0.0036240899093151757,2.4504899999999985,2.835011,0.3845210054016128,1.4044199999999982,0.7821152,-0.6223047789764387,0.02425860000000002,0.009066323,-0.015192277181601543
39889,-0.06570699999999996,-0.05708291,0.00862408990931507,1.590489999999999,2.835011,1.2445210054016123,0.01442000000000121,0.7821152,0.7676952210235584,-0.001741400000000115,0.009066323,0.01080772281839859
40018,0.05502600000000002,-0.019503536,-0.07452953570282461,7.61889,6.9679356,-0.6509544378662113,7.265000000000001,5.886989,-1.3780108833312994,0.02747069999999996,0.06349967,0.0360289667504311
40019,0.04502600000000001,-0.019503536,-0.0645295357028246,6.218889999999998,6.9679356,0.7490455621337908,4.665000000000001,5.886989,1.2219891166687002,-0.0525293,0.06349967,0.11602896675043106
40040,0.02189899999999989,0.032753438,0.010854437757492175,8.78529,9.329893,0.5446031121826174,9.517610000000001,11.060569,1.542958809509276,0.09322010000000003,0.12609714,0.03287704269638059
40497,-0.018213000000000035,-0.01966385,-0.0014508498455285679,11.620159999999998,9.994721,-1.625438587341307,7.35717,5.0628333,-2.294336690826416,-0.024511999999999978,-0.029585645,-0.0050736446027755955
41204,-0.031049000000000104,0.06967144,0.10072043714427958,9.805870000000002,12.853679,3.047808703308103,6.354890000000001,10.452565,4.0976751931762685,-0.015150600000000125,0.060251817,0.07540241710720075
41237,-0.009613000000000094,0.042460836,0.0520738364701272,10.505680000000002,8.323146,-2.1825341336059587,7.565150000000001,7.391649,-0.17350123062133882,0.014455999999999913,0.07651507,0.06205907109403619
41238,0.004386999999999919,0.0056743915,0.0012873915192783691,11.49568,11.336334,-0.15934577148437512,8.65515,10.514257,1.8591074310302727,0.027455999999999925,0.13085978,0.10340377733135231
41251,0.07950899999999994,0.06754247,-0.01196652900838846,9.851770000000002,9.524512,-0.32725770904541207,9.865739999999999,8.460048,-1.4056922781372059,0.10065210000000002,0.06923793,-0.03141416743717196
41279,0.025386999999999937,0.028373338,0.0029863382821083695,13.905680000000002,9.791809,-4.113870917968752,9.385150000000001,7.5606647,-1.824485346221925,-0.04754400000000014,0.04217111,0.08971510946774497
41325,-0.047784999999999966,0.02135329,0.06913828948497769,7.488349999999997,7.758737,0.2703870872497589,2.497250000000001,6.401522,3.904272159576415,-0.08773589999999998,0.04194296,0.1296788615139961
41326,0.15738699999999994,0.028964328,-0.1284226723517179,10.705680000000001,8.942326,-1.7633544079589853,11.50515,7.24157,-4.2635800041198735,0.12145600000000001,0.041560274,-0.07989572638249398
41327,0.28238699999999994,0.028964328,-0.2534226723517179,14.805680000000002,8.942326,-5.863354407958987,14.70515,7.24157,-7.463580004119873,0.14145599999999992,0.041560274,-0.09989572638249389
41328,0.30238699999999996,0.028964328,-0.2734226723517179,17.405680000000004,8.942326,-8.463354407958988,17.90515,7.24157,-10.663580004119872,0.38145599999999996,0.041560274,-0.33989572638249393
41350,-0.02761300000000011,0.05337205,0.08098505156683933,7.505680000000002,9.06156,1.5558796771240218,7.805150000000001,7.310949,-0.4942011512756359,0.1314559999999999,0.012121661,-0.11933433936512461
41367,0.30238699999999996,0.028964328,-0.2734226723517179,11.925680000000003,8.942326,-2.9833544079589878,12.44515,7.24157,-5.203580004119873,0.03145599999999993,0.041560274,0.010104273617506099
41538,0.05852900000000005,0.06829144,0.009762440606117195,3.2787599999999983,4.167217,0.8884567778015153,12.536719999999999,9.163851,-3.372869215698241,0.46920370000000006,0.27950618,-0.18969752328987127
41539,0.06852900000000006,0.06829144,-0.00023755939388281355,5.278759999999998,4.167217,-1.1115432221984847,13.92672,9.163851,-4.762869215698242,0.5092037,0.27950618,-0.22969752328987125
41540,0.05852900000000005,0.06829144,0.009762440606117195,3.988759999999999,4.167217,0.17845677780151448,5.866719999999999,9.163851,3.2971307843017588,0.0992037,0.27950618,0.18030247671012878
41541,0.08852899999999997,0.06829144,-0.02023755939388272,4.278759999999998,4.167217,-0.11154322219848467,6.566719999999998,9.163851,2.5971307843017595,0.0992037,0.27950618,0.18030247671012878
41678,0.3702383,0.16461541,-0.2056228924139023,18.62678,10.474965,-8.15181490447998,15.89093,8.813016,-7.077914062194825,0.46802509999999997,0.303677,-0.16434810734519956
41746,-0.038112000000000146,-0.039048195,-0.0009361948852537605,7.97804,6.1045566,-1.8734834394836426,6.362019999999999,5.6383047,-0.7237152896118157,0.06489519999999993,0.049670342,-0.015224857644033363
41747,-0.038112000000000146,-0.039048195,-0.0009361948852537605,5.97804,6.1045566,0.1265165605163574,6.26202,5.6383047,-0.6237152896118161,0.034895199999999904,0.049670342,0.014775142355966664
41748,-0.048112000000000155,-0.039048195,0.009063805114746248,4.97804,6.1045566,1.1265165605163574,3.3620199999999993,5.6383047,2.2762847103881843,0.024895200000000006,0.049670342,0.024775142355966562
41749,-0.048112000000000155,-0.039048195,0.009063805114746248,4.378040000000002,6.1045566,1.7265165605163553,4.362019999999999,5.6383047,1.2762847103881843,0.014895199999999997,0.049670342,0.03477514235596657
41823,0.058694000000000135,0.12499496,0.06630096340751634,19.70765,16.46402,-3.243630224609376,18.1997,16.432764,-1.7669359466552734,0.1525301,0.12562825,-0.02690185214290619
41876,0.06793399999999994,0.06226392,-0.005670079096794067,4.06833,7.2018743,3.1335442561340336,4.240360000000001,5.8395624,1.5992024160766594,0.02952010000000005,0.011731278,-0.01778882184872632
41908,0.009717700000000051,-0.021927431,-0.031645131225776724,8.805240000000001,6.933398,-1.8718422300720228,8.571629999999999,6.753546,-1.8180837620544423,0.09719449999999996,0.087317094,-0.009877405793189964
42007,-0.08114550000000009,-0.06730348,0.013842021282196137,6.02018,5.7916365,-0.2285435330200194,3.5999199999999973,3.930923,0.33100298507690695,-0.01939920000000006,0.017153153,0.03655235319597727
42008,-0.10114550000000011,-0.06730348,0.033842021282196155,4.120180000000001,5.7916365,1.6714564669799792,0.9499199999999988,3.930923,2.9810029850769055,-0.01939920000000006,0.017153153,0.03655235319597727
42009,-0.0911455000000001,-0.06730348,0.023842021282196146,4.620180000000001,5.7916365,1.1714564669799792,2.4499199999999988,3.930923,1.4810029850769055,0.030600799999999984,0.017153153,-0.013447646804022773
42123,0.028456000000000037,0.07413039,0.045674393564701044,0.716190000000001,3.8320878,3.115897755203246,2.4027600000000007,6.8042283,4.40146830581665,0.0694509000000001,0.12930353,0.05985262985858908
42173,0.06238699999999997,0.081136346,0.018749345863342315,26.56568,12.227156,-14.338524314575196,19.40515,11.669736,-7.735414091491698,0.24145599999999995,0.13355061,-0.1079053858814239
42174,0.1023869999999999,0.081136346,-0.02125065413665761,10.38568,12.227156,1.841475685424804,11.40515,11.669736,0.2645859085083,0.16145599999999993,0.13355061,-0.027905385881423883
42175,0.19238699999999997,0.081136346,-0.11125065413665769,16.77568,12.227156,-4.548524314575197,15.305150000000001,11.669736,-3.6354140914917004,0.18145599999999995,0.13355061,-0.0479053858814239
