Ref_ID,delta_Voc_true,delta_Voc_pred,delta_Voc_error,delta_Jsc_true,delta_Jsc_pred,delta_Jsc_error,delta_PCE_true,delta_PCE_pred,delta_PCE_error,delta_FF_true,delta_FF_pred,delta_FF_error
20,0.10898999999999992,0.050446026,-0.058543973972797314,12.851590000000002,10.029595,-2.8219946249389665,10.28508,7.972355,-2.312725111083985,-0.006516399999999978,0.015885178,0.022401577999734856
22,-0.041154000000000135,-0.040022567,0.0011314330854417243,13.580079999999999,11.781744,-1.7983359967041004,12.088349999999998,10.285334,-1.8030163665771468,0.10617929999999998,0.07586936,-0.030309940923976875
23,-0.07115400000000016,-0.040022567,0.03113143308544175,11.580079999999999,11.781744,0.20166400329589962,9.18835,10.285334,1.0969836334228518,0.059179300000000046,0.07586936,0.016690059076023056
24,-0.08115400000000017,-0.040022567,0.04113143308544176,11.250079999999997,11.781744,0.5316640032959015,8.18835,10.285334,2.0969836334228518,0.03317930000000002,0.07586936,0.04269005907602308
25,-0.051154000000000144,-0.040022567,0.011131433085441733,11.70008,11.781744,0.08166400329589862,10.388349999999999,10.285334,-0.10301636657714752,0.09517929999999997,0.07586936,-0.019309940923976865
26,-0.041154000000000135,-0.040022567,0.0011314330854417243,13.580079999999999,11.781744,-1.7983359967041004,12.088349999999998,10.285334,-1.8030163665771468,0.10617929999999998,0.07586936,-0.030309940923976875
27,-0.08115400000000017,-0.040022567,0.04113143308544176,11.250079999999997,11.781744,0.5316640032959015,8.18835,10.285334,2.0969836334228518,0.03317930000000002,0.07586936,0.04269005907602308
72,-0.09866200000000003,-0.009684416,0.08897758353453877,5.228439999999999,8.627216,3.398776339111329,2.2971799999999973,6.602522,4.305341896362307,-0.004401800000000011,0.039654393,0.04405619274907113
89,0.021665000000000045,0.020924222,-0.000740778275728271,8.310340000000004,8.679547,0.36920730987548467,7.1113,6.814757,-0.29654312973022456,0.045322799999999996,0.035492286,-0.009830513913917538
90,-0.07833500000000004,0.020924222,0.09925922172427182,5.310340000000004,8.679547,3.3692073098754847,2.9113000000000007,6.814757,3.9034568702697747,0.01532279999999997,0.035492286,0.02016948608608249
91,-0.07833500000000004,0.020924222,0.09925922172427182,6.310340000000004,8.679547,2.3692073098754847,5.1113,6.814757,1.7034568702697754,0.07532280000000002,0.035492286,-0.039830513913917565
169,-0.028512000000000093,-0.00059860025,0.02791339974933127,6.381820000000001,8.350031,1.9682108990478504,2.5964399999999976,5.334966,2.7385261827087426,-0.06569219999999998,0.01073434,0.07642654017598627
170,-0.008512000000000075,-0.00059860025,0.007913399749331251,7.301820000000003,8.350031,1.0482108990478487,4.096439999999999,5.334966,1.2385261827087408,-0.04369219999999996,0.01073434,0.05442654017598625
171,0.04148799999999997,-0.00059860025,-0.04208660025066879,7.151820000000004,8.350031,1.1982108990478473,5.9264399999999995,5.334966,-0.5914738172912593,0.018307800000000096,0.01073434,-0.007573459824013806
267,-0.11485750000000006,-0.03933637,0.07552113155841833,5.84205,6.373003,0.5309530059814449,2.4481800000000007,5.376487,2.9283067782592767,0.0021046999999999594,0.05440523,0.05230053102879528
297,0.012386999999999926,0.026505284,0.014118284011364057,8.535680000000003,9.73128,1.195600326843259,6.09515,7.445761,1.3506112037658689,-0.005544000000000104,0.039754253,0.045298252880811796
391,0.13438699999999992,0.025433904,-0.10895309643995754,5.09768,8.891921,3.7942410433959957,6.34515,7.1753144,0.8301644264221189,0.024455999999999922,0.03961228,0.015156278342247087
411,-0.059236000000000066,-0.0064266142,0.05280938575646288,1.2597200000000015,4.4777594,3.2180393612670883,0.9736100000000008,2.9107518,1.937141819610595,0.04030109999999998,0.020220349,-0.02008075138852594
412,-0.059236000000000066,-0.0064266142,0.05280938575646288,0.8897200000000005,4.4777594,3.5880393612670893,-0.37639000000000067,2.9107518,3.2871418196105964,0.0003011000000000541,0.020220349,0.019919248611473983
413,-0.08023599999999997,-0.0064266142,0.07380938575646279,0.8697200000000009,4.4777594,3.608039361267089,-1.6763900000000014,2.9107518,4.587141819610597,-0.03969889999999998,0.020220349,0.05991924861147402
414,-0.09223599999999998,-0.0064266142,0.0858093857564628,0.1297200000000025,4.4777594,4.348039361267087,-2.706389999999999,2.9107518,5.617141819610595,-0.04969889999999999,0.020220349,0.06991924861147403
415,-0.09023599999999998,-0.0064266142,0.0838093857564628,1.149720000000002,4.4777594,3.3280393612670878,-1.336389999999998,2.9107518,4.247141819610594,-0.029698899999999973,0.020220349,0.04991924861147401
475,0.04858899999999999,-0.0054104924,-0.053999492420196527,12.73254,7.647185,-5.0853551512146,13.378440000000001,7.249505,-6.128934956970216,0.23888559999999992,0.101162344,-0.1377232557826995
529,-0.03254800000000002,0.02034198,0.05288997933971884,7.878070000000001,6.884647,-0.9934231074523936,7.11388,7.8711967,0.7573167468261719,0.07242290000000007,0.1234067,0.05098380078992837
853,-0.007784999999999931,0.018176237,0.025961237121224334,8.338349999999998,9.461954,1.1236041168212907,6.567250000000001,6.6275234,0.06027342224120957,0.06626410000000005,0.0030808132,-0.0631832867858172
854,-0.03778499999999996,0.018176237,0.05596123712122436,7.43835,9.461954,2.0236041168212893,4.247250000000001,6.6275234,2.38027342224121,0.009264100000000108,0.0030808132,-0.006183286785817255
855,0.012215000000000087,0.018176237,0.0059612371212243165,10.338349999999998,9.461954,-0.8763958831787093,7.3572500000000005,6.6275234,-0.7297265777587896,0.04126410000000014,0.0030808132,-0.03818328678581728
919,-0.048904999999999976,0.026714928,0.0756199284482002,8.654140000000002,9.829533,1.175392623291014,6.094740000000002,7.633636,1.5388959977722152,0.005674199999999963,0.04704439,0.0413701889498711
924,0.0955379999999999,0.11086565,0.015327652561187843,11.14883,10.382525,-0.7663045559692385,12.097650000000002,11.115675,-0.9819750274658219,0.06766990000000006,0.037229594,-0.030440306156778396
925,0.14553799999999995,0.11086565,-0.0346723474388122,10.548830000000002,10.382525,-0.16630455596924065,12.29765,11.115675,-1.1819750274658212,0.06366989999999995,0.037229594,-0.02644030615677828
926,0.0955379999999999,0.11086565,0.015327652561187843,10.748830000000002,10.382525,-0.36630455596923994,10.29765,11.115675,0.8180249725341788,0.002669900000000003,0.037229594,0.03455969384322166
927,0.12553799999999993,0.11086565,-0.014672347438812183,10.548830000000002,10.382525,-0.16630455596924065,11.197650000000001,11.115675,-0.08197502746582153,0.027669900000000025,0.037229594,0.00955969384322164
928,0.08553799999999989,0.11086565,0.025327652561187852,10.64883,10.382525,-0.2663045559692385,9.49765,11.115675,1.6180249725341795,-0.02433010000000002,0.037229594,0.061559693843221686
929,0.14553799999999995,0.11086565,-0.0346723474388122,10.64883,10.382525,-0.2663045559692385,12.197650000000001,11.115675,-1.0819750274658215,0.05466990000000005,0.037229594,-0.017440306156778385
930,0.10553799999999991,0.11086565,0.0053276525611878345,11.14883,10.382525,-0.7663045559692385,10.597650000000002,11.115675,0.5180249725341781,-0.009330100000000008,0.037229594,0.04655969384322167
931,0.19553799999999988,0.11086565,-0.08467234743881213,10.548830000000002,10.382525,-0.16630455596924065,13.79765,11.115675,-2.681975027465821,0.10166989999999998,0.037229594,-0.06444030615677832
932,0.10553799999999991,0.11086565,0.0053276525611878345,10.14883,10.382525,0.23369544403076148,10.89765,11.115675,0.21802497253417918,0.03566990000000003,0.037229594,0.0015596938432216323
946,0.022823999999999955,0.033435665,0.010611665071010634,8.532060000000001,7.855121,-0.6769388642883314,10.913789999999999,9.979875,-0.9339153890991199,0.23265439999999993,0.17907608,-0.053578324446105885
949,0.01682399999999995,0.033435665,0.01661166507101064,6.882059999999999,7.855121,0.9730611357116707,8.68379,9.979875,1.2960846109008788,0.16165439999999998,0.17907608,0.017421675553894067
950,0.03682399999999997,0.033435665,-0.0033883349289893783,7.5720600000000005,7.855121,0.28306113571166946,9.583789999999999,9.979875,0.3960846109008802,0.1756544,0.17907608,0.0034216755538940546
951,0.01682399999999995,0.033435665,0.01661166507101064,6.882059999999999,7.855121,0.9730611357116707,8.68379,9.979875,1.2960846109008788,0.16165439999999998,0.17907608,0.017421675553894067
952,0.020823999999999954,0.033435665,0.012611665071010636,9.91206,7.855121,-2.0569388642883304,11.60379,9.979875,-1.6239153890991211,0.2026544,0.17907608,-0.02357832444610597
1145,-0.03778499999999996,0.018176237,0.05596123712122436,7.84835,9.461954,1.6136041168212891,4.317250000000001,6.6275234,2.3102734222412096,-0.03173590000000004,0.0030808132,0.03481671321418289
1147,-0.047784999999999966,0.018176237,0.06596123712122437,7.958349999999999,9.461954,1.5036041168212897,4.387250000000002,6.6275234,2.2402734222412093,-0.027735899999999925,0.0030808132,0.030816713214182778
1148,-0.047784999999999966,0.018176237,0.06596123712122437,7.34835,9.461954,2.113604116821289,3.827250000000003,6.6275234,2.800273422241208,-0.029735899999999926,0.0030808132,0.03281671321418278
1149,-0.047784999999999966,0.018176237,0.06596123712122437,8.11835,9.461954,1.3436041168212896,4.407250000000001,6.6275234,2.2202734222412097,-0.036735900000000044,0.0030808132,0.0398167132141829
1150,-0.047784999999999966,0.018176237,0.06596123712122437,7.948349999999998,9.461954,1.5136041168212913,4.0972500000000025,6.6275234,2.5302734222412084,-0.04373589999999994,0.0030808132,0.04681671321418279
1152,-0.07778499999999999,0.018176237,0.0959612371212244,7.968349999999997,9.461954,1.4936041168212917,3.4072500000000012,6.6275234,3.2202734222412097,-0.04773589999999994,0.0030808132,0.050816713214182796
1153,-0.047784999999999966,0.018176237,0.06596123712122437,7.858349999999998,9.461954,1.6036041168212911,4.05725,6.6275234,2.570273422241211,-0.03373589999999993,0.0030808132,0.036816713214182784
1166,-0.025123000000000006,0.0146482065,0.0397712065320015,10.868780000000001,10.400421,-0.468358857421876,8.71107,9.212997,0.5019274365234381,0.07799310000000004,0.08086032,0.0028672167533874138
1241,-0.08093600000000001,-0.008122355,0.07281364525413514,6.871929999999999,7.9330845,1.06115448791504,4.97016,6.4977555,1.527595527496338,0.04375220000000002,0.09604995,0.052297749526786785
1242,-0.08093600000000001,-0.008122355,0.07281364525413514,6.871929999999999,7.9330845,1.06115448791504,4.97016,6.4977555,1.527595527496338,0.04375220000000002,0.09604995,0.052297749526786785
1352,0.011989999999999945,0.03862855,0.026638548383712823,5.66159,9.9835,4.321909526977539,3.0350800000000007,7.397697,4.36261697189331,-0.04651640000000001,0.031193871,0.07771027105107309
1354,-0.07801000000000013,0.03862855,0.1166385483837129,5.041590000000003,9.9835,4.941909526977536,0.07507999999999981,7.397697,7.322616971893311,-0.08451640000000005,0.031193871,0.11571027105107312
1356,-0.07951200000000003,0.0060668816,0.08557888158586624,6.721820000000001,9.068841,2.347020980529784,3.0164399999999993,5.8587556,2.842315588531495,-0.04269220000000007,0.001414735,0.04410693498661078
1360,-0.049512,0.0060668816,0.05557888158586621,11.831820000000004,9.068841,-2.762979019470219,6.716439999999999,5.8587556,-0.8576844114685045,-0.06469219999999987,0.001414735,0.06610693498661058
1362,-0.08351200000000003,0.0060668816,0.08957888158586624,6.031820000000003,9.068841,3.037020980529782,1.0964399999999976,5.8587556,4.7623155885314965,-0.07769219999999999,0.001414735,0.0791069349866107
1363,-0.08051200000000014,0.0060668816,0.08657888158586635,5.791820000000001,9.068841,3.277020980529784,1.326439999999998,5.8587556,4.532315588531496,-0.06269219999999998,0.001414735,0.06410693498661069
1365,-0.08851200000000015,0.0060668816,0.09457888158586636,6.421820000000004,9.068841,2.6470209805297813,1.6164400000000008,5.8587556,4.242315588531493,-0.06669219999999998,0.001414735,0.06810693498661069
1507,0.012513999999999914,0.027237335,0.014723335219979372,9.17998,8.458572,-0.721407612304688,6.937480000000001,7.195175,0.25769517089843674,0.013848599999999989,0.044439264,0.03059066364183427
1612,-0.12320760000000008,-0.0372936,0.08591399821887025,6.627849999999999,6.3989167,-0.22893327865600455,6.314879999999999,5.8257995,-0.48908053482055536,0.16362789999999994,0.15912916,-0.004498742337608275
1613,0.025188999999999906,0.0026431845,-0.02254581549645951,7.72472,5.0019393,-2.7227807032775875,2.6573899999999995,2.8863244,0.22893440567016654,-0.13557419999999998,0.007446505,0.1430207051293373
1614,-0.019187000000000065,0.004310309,0.023497308955609864,1.9827999999999992,3.2691412,1.2863411972045906,0.860557,2.9336178,2.0730608302764892,-0.01110600000000006,0.10783817,0.11894416874027258
1615,-0.09141730000000003,-0.06555963,0.025857666923809086,3.299900000000001,5.390173,2.0902729583740225,2.9269100000000012,4.2432246,1.3163146208190906,0.09641650000000002,0.08534132,-0.011075180558204667
1616,0.10381299999999993,0.004310309,-0.09950269104439013,2.912799999999999,3.2691412,0.3563411972045909,5.190557,2.9336178,-2.256939169723511,0.32689400000000013,0.10783817,-0.2190558312597276
1821,0.0823830000000001,0.08428461,0.0019016110463141445,14.43186,13.069592,-1.362267524108887,14.66864,13.191357,-1.477283341064453,0.12868599999999997,0.11488523,-0.013800766657352415
1822,0.07238300000000009,0.08428461,0.011901611046314153,12.731859999999998,13.069592,0.33773247589111577,12.71864,13.191357,0.47271665893554626,0.09768599999999994,0.11488523,0.017199233342647613
2024,0.031665000000000054,0.02388812,-0.007776879572272355,7.300340000000002,8.027699,0.7273594705200175,6.0013000000000005,6.458393,0.4570930969238276,0.01532279999999997,0.02585705,0.010534249971818954
2025,0.031665000000000054,0.02388812,-0.007776879572272355,7.410340000000005,8.027699,0.6173594705200145,5.0113,6.458393,1.4470930969238278,-0.034677199999999964,0.02585705,0.06053424997181889
2026,-0.04833500000000002,0.02388812,0.07222312042772772,7.190340000000003,8.027699,0.8373594705200169,2.7113000000000014,6.458393,3.7470930969238267,-0.0746772,0.02585705,0.10053424997181892
2027,0.18166500000000008,0.02388812,-0.15777687957227238,8.710340000000002,8.027699,-0.6826405294799827,8.8613,6.458393,-2.402906903076172,0.01532279999999997,0.02585705,0.010534249971818954
2028,0.05166500000000007,0.02388812,-0.027776879572272373,8.910340000000005,8.027699,-0.8826405294799855,7.2113,6.458393,-0.7529069030761715,0.017322800000000083,0.02585705,0.008534249971818841
2029,0.0776650000000001,0.02388812,-0.053776879572272396,7.110340000000004,8.027699,0.9173594705200152,6.901299999999999,6.458393,-0.442906903076171,0.03532279999999999,0.02585705,-0.009465750028181064
2030,0.0766650000000001,0.02388812,-0.052776879572272395,7.110340000000004,8.027699,0.9173594705200152,6.331300000000001,6.458393,0.12709309692382753,0.007322800000000074,0.02585705,0.01853424997181885
2031,0.04666500000000007,0.02388812,-0.022776879572272368,7.110340000000004,8.027699,0.9173594705200152,4.401299999999999,6.458393,2.057093096923829,-0.06467719999999999,0.02585705,0.09053424997181891
2032,0.2016650000000001,0.02388812,-0.1777768795722724,8.810340000000004,8.027699,-0.7826405294799841,9.7913,6.458393,-3.3329069030761715,0.0503228,0.02585705,-0.024465750028181077
2039,0.9943960000000001,0.60143507,-0.39296093473052984,31.257279999999994,26.74992,-4.5073601086425725,13.1925,13.1406,-0.051899795532227344,0.16212749999999998,0.1669998,0.004872301993370076
2078,0.13155400000000006,0.0977058,-0.033848203639030516,25.90036,18.346512,-7.553848159179687,20.512600000000003,14.023862,-6.488738114929202,0.23002840000000002,0.100421995,-0.12960640507545473
2085,-0.0890740000000001,-0.03772045,0.051353550731182196,5.194769999999998,6.5629845,1.368214466552736,10.043779999999998,7.535184,-2.5085960934448224,0.23568959999999994,0.16031209,-0.07537751365623468
2086,-0.04907400000000006,-0.03772045,0.01135355073118216,5.894769999999998,6.5629845,0.6682144665527368,7.473779999999998,7.535184,0.06140390655517791,0.1626896,0.16031209,-0.002377513656234731
2087,-0.019074000000000035,-0.03772045,-0.018646449268817866,7.694769999999998,6.5629845,-1.131785533447264,9.503779999999999,7.535184,-1.9685960934448232,0.1876896,0.16031209,-0.027377513656234753
2099,-0.04815400000000003,0.06306288,0.11121687646293643,4.81475,8.628339,3.813588813781738,4.805869999999999,9.233792,4.427922304992677,0.07766270000000008,0.117831014,0.040168314096736824
2115,-0.07377500000000015,0.015362163,0.08913716307431474,9.246040000000004,11.369565,2.1235250100707965,8.62153,11.558038,2.9365077578735352,0.09850879999999995,0.109683566,0.011174765795421648
2699,0.20542700000000003,0.15161273,-0.053814271165847805,17.65475,14.619011,-3.035739074707031,18.11934,16.14368,-1.9756594274902355,0.08701829999999988,0.14577943,0.05876113086624157
2757,-0.03398239999999997,-0.0073150904,0.026667309608215062,10.1113,10.22936,0.11805962677001958,7.798629999999999,7.5255747,-0.2730553158569329,0.026508100000000034,0.068097815,0.04158971491756436
2837,-0.009128000000000025,0.035944376,0.045072376140832926,7.0259300000000025,8.704659,1.6787294619750952,5.4815000000000005,7.1345506,1.65305057144165,0.025827899999999904,0.057990555,0.03216265472016344
2844,0.20542700000000003,0.15161273,-0.053814271165847805,18.69475,14.619011,-4.07573907470703,18.849339999999998,16.14368,-2.7056594274902324,0.0990183,0.14577943,0.04676113086624145
2874,-8.900000000000574e-05,0.037428323,0.03751732317948342,7.625859999999999,9.078861,1.4530012365722662,5.19356,8.564248,3.370688085021973,-0.01323350000000001,0.0983013,0.11153479891633988
2875,0.06991100000000006,0.037428323,-0.03248267682051664,7.835859999999997,9.078861,1.243001236572269,9.743559999999999,8.564248,-1.179311914978026,0.18676649999999995,0.0983013,-0.08846520108366007
2876,0.08991099999999996,0.037428323,-0.05248267682051655,9.85586,9.078861,-0.7769987634277342,12.00356,8.564248,-3.4393119149780276,0.2367665,0.0983013,-0.13846520108366012
2877,-0.057613000000000136,0.026505284,0.08411828401136412,6.955680000000001,9.73128,2.7756003268432607,2.9451500000000017,7.445761,4.500611203765867,-0.04854400000000003,0.039754253,0.08829825288081172
2900,0.03198999999999996,0.008368607,-0.02362139332085844,7.4415900000000015,8.25918,0.8175900689697251,6.205080000000001,6.6419907,0.43691066162109315,0.021483599999999936,0.033348706,0.011865105619573657
2901,-0.04801000000000011,0.008368607,0.05637860667914163,7.0615900000000025,8.25918,1.197590068969724,3.9550800000000024,6.6419907,2.6869106616210914,-0.014516399999999985,0.033348706,0.04786510561957358
3218,0.012386999999999926,0.025433904,0.013046903560042455,9.58568,8.891921,-0.6937589566040039,6.12515,7.1753144,1.0501644264221195,-0.041544000000000025,0.03961228,0.08115627834224703
3384,-0.007613000000000092,0.025433904,0.03304690356004247,9.075680000000002,8.891921,-0.18375895660400587,6.92515,7.1753144,0.2501644264221188,0.03145599999999993,0.03961228,0.00815627834224708
3385,-0.007613000000000092,0.025433904,0.03304690356004247,6.74568,8.891921,2.146241043395996,5.50515,7.1753144,1.6701644264221187,0.04145599999999994,0.03961228,-0.001843721657752928
3415,0.002386999999999917,0.025433904,0.023046903560042464,7.2256800000000005,8.891921,1.6662410433959955,10.00515,7.1753144,-2.8298355735778813,0.221456,0.03961228,-0.18184372165775298
3499,-0.022612999999999994,0.026505284,0.04911828401136398,8.705680000000001,9.73128,1.0256003268432607,6.10515,7.445761,1.340611203765869,0.014455999999999913,0.039754253,0.025298252880811778
3503,0.055593399999999904,0.073103406,0.017510005535221196,10.060030000000001,9.5132265,-0.5468034909057629,8.46496,8.664828,0.19986830047607462,0.033296800000000015,0.08341504,0.05011823888368605
3504,0.06326029999999994,0.10406737,0.04080707029552466,10.113310000000002,9.206138,-0.9071723428344747,8.83856,8.873703,0.035143002929688194,0.0494325000000001,0.113309816,0.0638773155260085
3505,0.11307089999999997,0.10233666,-0.010734239972496007,7.685870000000001,7.7524686,0.06659858596801627,8.282560000000002,8.367863,0.0853027014160137,0.07635189999999992,0.078667074,0.002315174441909873
3506,0.1269038,0.09023135,-0.03667244844560624,6.469799999999999,8.808131,2.3383312179565436,9.61413,8.314391,-1.2997388638305658,0.1857726999999999,0.116571754,-0.06920094578285207
3552,-0.071075,0.018652339,0.08972733853459358,3.4377199999999988,6.737656,3.299936116485597,4.935819999999998,7.6999865,2.764166457824709,0.14329009999999998,0.12807722,-0.01521287610301969
3553,-0.10107500000000003,0.018652339,0.11972733853459361,2.887719999999998,6.737656,3.8499361164855976,2.9458199999999977,7.6999865,4.754166457824709,0.09829009999999994,0.12807722,0.02978712389698035
3554,-0.11107500000000003,0.018652339,0.12972733853459362,3.257719999999999,6.737656,3.4799361164855966,3.9958199999999984,7.6999865,3.7041664578247087,0.13129009999999997,0.12807722,-0.0032128761030196795
3568,-0.07761300000000015,0.025433904,0.10304690356004254,8.63568,8.891921,0.2562410433959954,4.60515,7.1753144,2.570164426422119,-0.018544000000000005,0.03961228,0.058156278342247014
3655,0.14238699999999993,0.026505284,-0.11588171598863595,11.075680000000002,9.73128,-1.3443996731567402,11.82515,7.445761,-4.379388796234132,0.14445599999999992,0.039754253,-0.10470174711918823
3697,0.04356000000000004,0.06117883,0.017618829520940738,9.923950000000001,10.033077,0.109127239990233,13.021430000000002,10.494698,-2.526732429199221,0.2727328,0.16152593,-0.11120686506538391
3698,0.06256000000000006,0.06117883,-0.0013811704790592794,7.32395,10.033077,2.7091272399902344,10.021430000000002,10.494698,0.47326757080077897,0.1657328,0.16152593,-0.004206865065383925
3699,0.04156000000000004,0.06117883,0.01961882952094074,8.223950000000002,10.033077,1.8091272399902323,9.521430000000002,10.494698,0.973267570800779,0.1377328,0.16152593,0.0237931349346161
3700,0.06056000000000006,0.06117883,0.0006188295209407224,10.52395,10.033077,-0.4908727600097649,12.221430000000002,10.494698,-1.7267324291992203,0.22373279999999995,0.16152593,-0.062206865065383865
3701,0.04856000000000005,0.06117883,0.012618829520940733,8.423950000000001,10.033077,1.609127239990233,8.021430000000002,10.494698,2.473267570800779,0.1417328,0.16152593,0.019793134934616097
3709,-0.06148600000000015,0.0020315885,0.06351758846125022,8.263110000000001,7.019988,-1.2431219400024425,9.182830000000001,6.9373665,-2.245463514404298,0.18898579999999998,0.10126825,-0.08771755323009489
3789,-0.047784999999999966,0.017404469,0.06518946873009202,4.338349999999998,8.725419,4.3870690444946305,1.707250000000002,6.4412956,4.734045623779295,-0.07773589999999997,0.017563289,0.09529918903138634
3822,0.12687400000000004,0.13377784,0.00690384192562099,13.205739999999999,12.989832,-0.21590807556152214,11.694909999999998,12.356681,0.661770870056154,0.06629810000000003,0.08527846,0.018980358893299076
3823,0.21777599999999997,0.14739487,-0.07038113424873349,13.50573,13.026874,-0.47885641143798807,13.27467,12.513472,-0.7611983966064457,0.10399120000000006,0.0861879,-0.017803300887298645
3824,0.23875599999999997,0.16922642,-0.06952957709407803,14.405720000000004,13.229162,-1.1765577838134806,13.698649999999997,11.960666,-1.7379842971801729,0.09943730000000006,0.08079843,-0.01863886776905066
3825,0.26937999999999995,0.14990085,-0.11947914636611934,14.555710000000001,12.934436,-1.6212741555786145,13.9799,12.37769,-1.6022096847534186,0.0853756,0.0907428,0.0053671966594696086
3826,0.260035,0.12327711,-0.13675788715839388,14.725700000000002,12.355757,-2.369943240356447,14.618500000000001,12.29721,-2.3212902603149423,0.14720520000000004,0.119207144,-0.0279980562164307
3827,0.3823869999999999,0.032166477,-0.3502205227072238,19.805680000000002,9.555093,-10.25058718841553,17.21515,7.8591905,-9.355959535980226,0.13345600000000002,0.04909149,-0.08436450815176966
3903,-0.04657800000000001,0.0069166743,0.05349467431965471,8.36578,9.869279,1.503498907775878,6.605729999999999,7.9898157,1.3840857119750982,0.05507470000000003,0.049535718,-0.005538982184839281
3953,-0.08910499999999999,-0.032808617,0.056296383242607106,4.127230000000001,5.593677,1.466447043914794,2.9410600000000002,6.2892623,3.348202294769287,0.053047100000000014,0.1078476,0.054800501175308214
3955,-0.019104999999999928,-0.032808617,-0.013703616757392956,5.227229999999999,5.593677,0.3664470439147962,15.251060000000003,6.2892623,-8.961797705230715,0.5230471,0.1078476,-0.41519949882469176
4012,0.003422000000000036,-0.024894219,-0.02831621889185909,8.035780000000003,8.56027,0.5244903094482396,8.10573,7.4759674,-0.6297625927734369,0.10707470000000008,0.051555913,-0.05551878705830582
4028,0.05238699999999996,0.046644025,-0.005742975449085197,8.105680000000003,9.109655,1.0039753802490203,6.00515,7.4128337,1.4076836906433101,-0.028544000000000014,0.016939482,0.045483481720328345
4076,0.16574499999999992,0.06329154,-0.10245345776796333,8.708979999999997,9.77877,1.069790446777347,10.226890000000001,7.153556,-3.0733341299438486,0.14256879999999994,0.04732839,-0.09524040981893533
4101,-0.007613000000000092,0.032166477,0.0397794772927762,5.4756800000000005,9.555093,4.079412811584472,6.03515,7.8591905,1.8240404640197756,0.09445599999999998,0.04909149,-0.04536450815176962
4102,-0.057613000000000136,0.032166477,0.08977947729277624,4.625680000000003,9.555093,4.92941281158447,3.235150000000001,7.8591905,4.6240404640197745,0.03545600000000004,0.04909149,0.013635491848230319
4172,-0.07761300000000015,0.032166477,0.10977947729277626,5.805680000000002,9.555093,3.7494128115844703,4.70515,7.8591905,3.1540404640197757,0.07145599999999996,0.04909149,-0.022364508151769602
4174,-0.0176130000000001,0.032166477,0.04977947729277621,7.605680000000003,9.555093,1.9494128115844696,8.805150000000001,7.8591905,-0.9459595359802258,0.16345599999999993,0.04909149,-0.11436450815176957
4200,-0.08910499999999999,-0.049815204,0.03928979600548743,9.36723,8.727962,-0.6392684597778313,9.181060000000002,7.196483,-1.9845768647766135,0.1630471,0.12565663,-0.03739046543083191
4237,0.05238699999999996,0.025433904,-0.02695309643995758,9.29568,8.891921,-0.40375895660400474,9.225150000000001,7.1753144,-2.049835573577882,0.10145599999999999,0.03961228,-0.06184372165775298
4239,0.2423869999999999,0.025433904,-0.21695309643995753,15.365680000000001,8.891921,-6.473758956604005,16.04515,7.1753144,-8.86983557357788,0.271456,0.03961228,-0.23184372165775297
4300,0.08238699999999999,0.025433904,-0.05695309643995761,11.125680000000003,8.891921,-2.2337589566040066,9.24515,7.1753144,-2.0698355735778815,0.02145599999999992,0.03961228,0.01815627834224709
4301,0.05181100000000005,0.053536966,0.0017259664430617772,10.29099,9.065713,-1.225277071228028,7.8813200000000005,7.441786,-0.43953418762207086,-0.003105399999999925,0.027741466,0.030846865717554017
4302,0.03376000000000001,0.062107854,0.028347853591442096,16.820030000000003,12.811575,-4.008455064086917,12.043650000000001,9.391502,-2.6521476196289075,-0.013672399999999918,0.02845753,0.042129929842853464
4303,0.02191199999999993,0.011224979,-0.01068702139657729,7.332460000000001,7.648817,0.3163570623779286,5.6569,6.244243,0.5873431449890134,0.0072030000000000705,0.027887752,0.020684752279639174
4304,0.04074400000000011,0.051471908,0.01072790764546383,7.22297,7.648817,0.4258470623779296,5.793099999999999,6.6055655,0.8124655479431162,0.0024186000000000485,0.030009637,0.02759103665544982
4305,0.11630800000000008,0.06469872,-0.05160928151178368,12.079360000000001,8.957338,-3.1220216668701184,10.468879999999999,7.5269375,-2.9419425152587877,0.037999499999999964,0.040185474,0.0021859738593101863
4306,0.1023869999999999,0.025433904,-0.07695309643995751,12.785680000000003,8.891921,-3.8937589566040067,10.62515,7.1753144,-3.4498355735778805,0.03145599999999993,0.03961228,0.00815627834224708
4307,0.07181100000000007,0.053536966,-0.01827403355693824,11.090990000000001,9.065713,-2.025277071228029,8.781320000000001,7.441786,-1.3395341876220712,0.0368946,0.027741466,-0.009153134282445907
4310,0.08574400000000004,0.051471908,-0.0342720923545361,7.7029700000000005,7.648817,-0.05415293762207085,7.363099999999999,6.6055655,-0.7575344520568841,0.05241859999999998,0.030009637,-0.022408963344550115
4311,-0.047784999999999966,0.02791988,0.07570487918317315,6.738349999999997,8.079216,1.3408660034179718,4.30725,6.689999,2.3827491035461428,0.02226410000000001,0.04394614,0.02168203951444625
4376,0.15238699999999994,0.032166477,-0.12022052270722383,12.285680000000003,9.555093,-2.73058718841553,13.86515,7.8591905,-6.0059595359802245,0.23145599999999994,0.04909149,-0.18236450815176958
4377,0.06238699999999997,0.032166477,-0.030220522707223862,10.955680000000001,9.555093,-1.4005871884155283,8.50515,7.8591905,-0.645959535980225,0.0014560000000000128,0.04909149,0.04763549184823035
4378,0.1023869999999999,0.032166477,-0.07022052270722379,11.355680000000003,9.555093,-1.8005871884155304,9.91515,7.8591905,-2.055959535980225,0.04145599999999994,0.04909149,0.007635491848230425
4380,0.06181900000000007,0.07545173,0.013632731681823662,8.358890000000002,9.31806,0.9591699212646461,10.89359,8.771995,-2.1215954092407223,0.21441880000000002,0.10113552,-0.11328327787284853
4381,0.011819000000000024,0.07545173,0.0636327316818237,8.158890000000003,9.31806,1.1591699212646454,8.493590000000001,8.771995,0.27840459075927626,0.12441880000000005,0.10113552,-0.023283277872848562
4382,0.04181900000000005,0.07545173,0.03363273168182368,7.7588900000000045,9.31806,1.559169921264644,8.09359,8.771995,0.6784045907592766,0.10441880000000003,0.10113552,-0.0032832778728485446
4384,0.03181900000000004,0.07545173,0.04363273168182369,6.658890000000003,9.31806,2.6591699212646454,6.19359,8.771995,2.578404590759277,0.05441879999999999,0.10113552,0.0467167221271515
4490,0.17257899999999993,0.11326026,-0.05931873828554146,5.286369999999998,8.318091,3.031721392517092,6.121339999999998,7.099458,0.9781182176208514,0.02713410000000005,0.012847254,-0.014286845947241833
4513,0.08238699999999999,0.026505284,-0.055881715988636005,14.005680000000002,9.73128,-4.27439967315674,14.465150000000001,7.445761,-7.019388796234132,0.26145599999999997,0.039754253,-0.22170174711918827
4586,-0.02746599999999999,0.026823808,0.05428980750775336,8.646149999999999,9.6295395,0.9833894897460951,6.688349999999998,7.2908864,0.6025364021301289,0.06081619999999999,0.01507589,-0.04574030965263842
4587,-0.06746600000000003,0.026823808,0.0942898075077534,6.446149999999999,9.6295395,3.1833894897460944,3.7883499999999977,7.2908864,3.5025364021301293,0.02081619999999995,0.01507589,-0.005740309652638387
4813,-0.05746600000000002,0.026823808,0.08428980750775339,6.436149999999998,9.6295395,3.193389489746096,3.1283499999999975,7.2908864,4.162536402130129,-0.021183800000000086,0.01507589,0.03625969034736165
4914,-0.10148600000000019,0.0020315885,0.10351758846125025,2.14311,7.019988,4.8768780599975585,0.5528300000000002,6.9373665,6.384536485595703,0.02698579999999995,0.10126825,0.07428244676990514
4915,-0.131486,0.0020315885,0.13351758846125006,1.4631100000000004,7.019988,5.556878059997558,-1.2271699999999974,6.9373665,8.1645364855957,0.0029858000000000384,0.10126825,0.09828244676990505
5029,0.10914599999999985,0.09354155,-0.015604452343940589,10.6694,12.213056,1.5436556106567387,13.840419999999998,15.672286,1.831866033630373,0.1722325,0.25815007,0.08591757090568541
5037,0.09914599999999985,0.09354155,-0.00560445234394058,11.049399999999999,12.213056,1.1636556106567397,13.520419999999998,15.672286,2.151866033630373,0.14223249999999998,0.25815007,0.11591757090568544
5041,0.09914599999999985,0.09354155,-0.00560445234394058,11.4494,12.213056,0.7636556106567376,13.800419999999999,15.672286,1.871866033630372,0.1522325,0.25815007,0.10591757090568543
5045,0.10914599999999985,0.09354155,-0.015604452343940589,12.0594,12.213056,0.15365561065673816,15.240419999999999,15.672286,0.43186603363037257,0.20223250000000004,0.25815007,0.05591757090568539
5049,0.12914599999999987,0.09354155,-0.03560445234394061,12.139399999999998,12.213056,0.07365561065673987,18.19042,15.672286,-2.5181339663696285,0.3622325,0.25815007,-0.10408242909431459
5053,0.1491459999999999,0.09354155,-0.055604452343940625,18.449399999999997,12.213056,-6.236344389343259,22.94042,15.672286,-7.2681339663696285,0.5522325,0.25815007,-0.2940824290943146
5351,0.09038699999999988,0.035341136,-0.05504586384248722,11.90568,9.258571,-2.6471093289184573,10.305150000000001,7.5989366,-2.7062134422302258,0.051455999999999946,0.033299964,-0.01815603607869143
5560,-0.03778499999999996,0.018176237,0.05596123712122436,7.1183499999999995,9.461954,2.3436041168212896,3.337250000000001,6.6275234,3.29027342224121,-0.04873589999999994,0.0030808132,0.0518167132141828
5676,0.9728413,0.5139462,-0.4588951244247437,23.72903,16.868692,-6.860337601928713,3.978679999999999,6.950196,2.9715157893371593,0.03912840000000006,0.067738086,0.028609685985183653
5682,0.030245000000000077,0.04111793,0.010872928922176284,3.5702,8.627169,5.056968655395508,7.330859999999998,9.090231,1.7593709417724632,0.20142719999999992,0.13150251,-0.06992469088287345
5683,0.050245000000000095,0.04111793,-0.009127071077823734,7.670200000000001,8.627169,0.9569686553955066,7.730859999999998,9.090231,1.3593709417724629,0.07142720000000002,0.13150251,0.06007530911712644
5686,0.050245000000000095,0.04111793,-0.009127071077823734,7.3702000000000005,8.627169,1.2569686553955073,9.330859999999998,9.090231,-0.24062905822753677,0.1714272,0.13150251,-0.03992469088287354
5760,0.09701499999999996,0.08569565,-0.011319353296756707,6.271419999999999,12.161678,5.890258314208985,8.98863,13.536492,4.547862347717285,0.09765030000000008,0.12929119,0.03164089169712059
5848,0.09221500000000005,0.05929921,-0.032915791776180314,19.43835,15.9780035,-3.46034649810791,15.407250000000001,13.207834,-2.199415756225587,0.1222641000000001,0.051874913,-0.07038918672475825
5849,0.09221500000000005,0.05929921,-0.032915791776180314,17.43835,15.9780035,-1.46034649810791,13.807250000000002,13.207834,-0.5994157562255875,0.062264100000000044,0.051874913,-0.010389186724758193
5850,0.032215000000000105,0.05929921,0.027084208223819628,12.338349999999998,15.9780035,3.6396535018920915,9.50725,13.207834,3.700584243774413,0.02226410000000001,0.051874913,0.029610813275241843
5852,0.07221500000000014,0.05929921,-0.012915791776180408,16.238349999999997,15.9780035,-0.2603464981079071,13.307250000000002,13.207834,-0.09941575622558751,-0.05773589999999995,0.051874913,0.1096108132752418
5854,0.05221500000000012,0.05929921,0.00708420822381961,15.538349999999998,15.9780035,0.4396535018920922,17.507250000000003,13.207834,-4.299415756225589,-0.14773589999999992,0.051874913,0.19961081327524177
5862,-0.03778499999999996,0.05929921,0.09708420822381969,24.81835,15.9780035,-8.840346498107909,17.297250000000002,13.207834,-4.089415756225588,-0.03773589999999993,0.051874913,0.08961081327524179
5934,0.03198999999999996,0.03862855,0.006638548383712806,6.221590000000003,9.9835,3.7619095269775364,5.07508,7.397697,2.3226169718933107,0.007483600000000035,0.031193871,0.02371027105107304
6211,-0.023965000000000014,0.05653484,0.08049984165668489,7.505700000000001,13.503445,5.9977446716308584,4.698500000000001,9.983236,5.28473631286621,-0.013794799999999996,0.076704554,0.09049935425977707
6522,0.4982519999999999,0.19154632,-0.30670567908477775,10.35528,9.278792,-1.0764876187133794,17.42244,13.101987,-4.320453114929201,0.3693009,0.23134278,-0.13795812239017485
6523,0.14825199999999994,0.19154632,0.04329432091522223,10.25528,9.278792,-0.9764876187133797,14.122440000000001,13.101987,-1.0204531149292002,0.34930089999999997,0.23134278,-0.11795812239017484
6524,0.40825199999999995,0.19154632,-0.21670567908477778,10.55528,9.278792,-1.2764876187133787,13.622440000000001,13.101987,-0.5204531149292002,0.27930089999999996,0.23134278,-0.04795812239017483
6526,0.15825199999999995,0.19154632,0.03329432091522222,10.05528,9.278792,-0.7764876187133787,13.122440000000001,13.101987,-0.02045311492920021,0.25930089999999995,0.23134278,-0.02795812239017481
6527,0.2282519999999999,0.19154632,-0.03670567908477773,10.25528,9.278792,-0.9764876187133797,14.422440000000002,13.101987,-1.320453114929201,0.22930089999999992,0.23134278,0.0020418776098252156
6529,-0.02074799999999999,0.19154632,0.21229432091522216,9.75528,9.278792,-0.47648761871337975,9.022440000000001,13.101987,4.079546885070799,0.09930089999999991,0.23134278,0.13204187760982522
6530,-0.0027479999999999727,0.19154632,0.19429432091522214,9.995280000000001,9.278792,-0.71648761871338,14.622440000000001,13.101987,-1.5204531149292002,0.13630089999999995,0.23134278,0.09504187760982519
6752,0.4248790000000001,0.14140373,-0.28347526531600964,14.211459999999999,14.336906,0.12544643310546988,18.91837,16.037212,-2.8811576281738276,0.24892409999999998,0.29245934,0.04353523890342714
6753,0.20487900000000014,0.14140373,-0.06347526531600967,9.211459999999999,14.336906,5.12544643310547,16.91837,16.037212,-0.8811576281738276,0.37892410000000004,0.29245934,-0.08646476109657292
6755,-0.02512099999999995,0.14140373,0.16652473468399043,12.211459999999999,14.336906,2.12544643310547,14.71837,16.037212,1.3188423718261717,0.2789241,0.29245934,0.013535238903427116
6756,0.24487900000000007,0.14140373,-0.10347526531600959,29.21146,14.336906,-14.87455356689453,23.91837,16.037212,-7.881157628173828,0.5789241,0.29245934,-0.28646476109657293
6757,0.4348790000000001,0.14140373,-0.29347526531600965,17.21146,14.336906,-2.87455356689453,20.71837,16.037212,-4.681157628173828,0.31892410000000004,0.29245934,-0.02646476109657292
6758,0.1548790000000001,0.14140373,-0.013475265316009621,16.71146,14.336906,-2.37455356689453,18.21837,16.037212,-2.1811576281738283,0.2989241,0.29245934,-0.006464761096572902
6760,0.024879000000000095,0.14140373,0.11652473468399038,11.711459999999999,14.336906,2.62544643310547,13.41837,16.037212,2.6188423718261724,0.21892410000000007,0.29245934,0.07353523890342706
6762,0.05487900000000012,0.14140373,0.08652473468399036,12.31146,14.336906,2.0254464331054685,11.21837,16.037212,4.818842371826172,0.10392410000000007,0.29245934,0.18853523890342705
6891,-0.0752130000000002,-0.053273674,0.02193932589936276,8.432690000000001,17.534214,9.10152401977539,8.211599999999997,8.70506,0.49346000518799116,0.11239939999999993,0.10943543,-0.002963968340778278
6892,-0.06521300000000019,-0.053273674,0.011939325899362752,28.762690000000003,17.534214,-11.228475980224612,9.851599999999998,8.70506,-1.1465399948120094,0.14139940000000006,0.10943543,-0.031963968340778415
6919,0.09238699999999989,0.026505284,-0.0658817159886359,8.40568,9.73128,1.3256003268432615,7.805150000000001,7.445761,-0.359388796234132,0.027455999999999925,0.039754253,0.012298252880811766
6920,0.1123869999999999,0.026505284,-0.08588171598863592,6.705680000000001,9.73128,3.0256003268432607,6.50515,7.445761,0.9406112037658687,0.0034560000000000146,0.039754253,0.03629825288081168
6921,0.12238699999999991,0.026505284,-0.09588171598863593,10.505680000000002,9.73128,-0.77439967315674,9.40515,7.445761,-1.9593887962341316,0.024455999999999922,0.039754253,0.015298252880811769
7018,0.198005,0.037902,-0.16010299870848654,11.089310000000001,8.106058,-2.983251879272462,11.917390000000001,7.2258315,-4.691558491363526,0.14189190000000007,0.111116655,-0.03077524482908256
7019,0.15400499999999984,0.037902,-0.1161029987084864,8.869309999999999,8.106058,-0.7632518792724596,11.217390000000002,7.2258315,-3.991558491363527,0.1988919,0.111116655,-0.0877752448290825
7022,0.010005000000000042,0.037902,0.0278970012915134,2.139310000000002,8.106058,5.966748120727537,4.607390000000002,7.2258315,2.6184415086364723,0.12489190000000006,0.111116655,-0.013775244829082545
7023,0.004005000000000036,0.037902,0.03389700129151341,2.1193099999999987,8.106058,5.98674812072754,2.0973900000000008,7.2258315,5.128441508636474,0.01789190000000007,0.111116655,0.09322475517091744
7024,0.04500499999999996,0.037902,-0.007102998708486519,3.05931,8.106058,5.046748120727539,4.307390000000002,7.2258315,2.918441508636473,0.0608919,0.111116655,0.05022475517091751
7135,0.052458000000000005,0.11986151,0.06740351337623596,19.98927,20.173975,0.18470499084472536,18.55426,18.21369,-0.34057019592285087,0.1795405,0.17022398,-0.009316518857955924
7137,0.25945799999999997,0.11986151,-0.139596486623764,25.98927,20.173975,-5.815295009155275,22.65426,18.21369,-4.440570195922852,0.21954050000000003,0.17022398,-0.04931651885795596
7145,-0.02778499999999995,0.08233946,0.1101244581675529,6.808349999999997,15.461622,8.653272238159182,4.14725,10.38358,6.236330207824707,-0.01073589999999991,0.1322944,0.14303030152645102
7146,0.042215000000000114,0.08233946,0.040124458167552834,7.698349999999998,15.461622,7.763272238159182,7.7272500000000015,10.38358,2.6563302078247055,0.07726410000000006,0.1322944,0.05503030152645105
7147,0.07221500000000014,0.08233946,0.010124458167552808,9.628349999999998,15.461622,5.833272238159182,11.417250000000001,10.38358,-1.033669792175294,0.20026410000000006,0.1322944,-0.06796969847354895
7148,0.11221500000000006,0.08233946,-0.029875541832447117,21.06835,15.461622,-5.606727761840819,17.457250000000002,10.38358,-7.073669792175295,0.27426410000000007,0.1322944,-0.14196969847354896
7149,0.1522150000000001,0.08233946,-0.06987554183244715,28.43835,15.461622,-12.97672776184082,20.277250000000002,10.38358,-9.893669792175295,0.32526410000000006,0.1322944,-0.19296969847354895
7150,0.33221500000000015,0.08233946,-0.2498755418324472,28.668349999999997,15.461622,-13.206727761840817,20.367250000000002,10.38358,-9.983669792175295,0.38726410000000006,0.1322944,-0.25496969847354894
7203,0.09221500000000005,0.024402184,-0.06781281558811669,17.83835,10.462926,-7.375424089050291,15.10725,8.445433,-6.661817337036133,0.19226410000000005,0.049674936,-0.14258916436109548
7204,0.08421500000000015,0.024402184,-0.0598128155881168,17.038349999999998,10.462926,-6.575424089050291,13.407250000000001,8.445433,-4.961817337036134,0.062264100000000044,0.049674936,-0.012589164361095473
7226,-0.07351200000000002,-0.00059860025,0.0729133997493312,5.481820000000003,8.350031,2.868210899047849,1.40644,5.334966,3.9285261827087403,-0.05369219999999997,0.01073434,0.06442654017598626
7227,-0.08951200000000004,-0.00059860025,0.08891339974933121,5.031820000000003,8.350031,3.3182108990478483,0.3064399999999985,5.334966,5.028526182708742,-0.07169219999999998,0.01073434,0.08242654017598627
7480,0.09468699999999985,0.06440716,-0.030279837631702278,23.459100000000003,20.174448,-3.284651986694339,20.52853,16.730722,-3.797807572631836,0.3218311,0.2523357,-0.06949540258750914
7481,0.07468699999999995,0.06440716,-0.010279837631702371,25.1691,20.174448,-4.994651986694336,21.25853,16.730722,-4.527807572631836,0.3348311,0.2523357,-0.08249540258750915
7482,0.06730300000000011,-0.022636136,-0.08993913604009163,20.00581,11.311279,-8.694530703125,19.58326,9.901035,-9.682224691162109,0.2944346,0.084077284,-0.21035731625995635
7483,-0.032696999999999976,-0.022636136,0.010060863959908461,12.905810000000002,11.311279,-1.5945307031250024,10.08326,9.901035,-0.1822246911621086,0.014434599999999964,0.084077284,0.06964268374004368
7484,-0.012696999999999958,-0.022636136,-0.009939136040091556,10.20581,11.311279,1.1054692968750004,9.683259999999999,9.901035,0.21777530883789176,0.08443460000000003,0.084077284,-0.00035731625995638616
7487,-0.042696999999999985,-0.022636136,0.02006086395990847,11.20581,11.311279,0.1054692968750004,9.183259999999999,9.901035,0.7177753088378918,0.04443459999999999,0.084077284,0.03964268374004365
7489,-0.0026969999999999494,-0.022636136,-0.019939136040091565,9.805810000000001,11.311279,1.505469296874999,8.18326,9.901035,1.71777530883789,0.024434599999999973,0.084077284,0.05964268374004367
7490,-0.032696999999999976,-0.022636136,0.010060863959908461,8.605810000000002,11.311279,2.7054692968749983,7.083259999999999,9.901035,2.8177753088378914,0.03443459999999998,0.084077284,0.04964268374004366
7498,0.074847,0.056994744,-0.017852256354808804,5.09113,7.127602,2.0364721003723147,6.153739999999999,6.4159594,0.26221935821533293,0.06595679999999993,0.03751994,-0.02843686075620644
7548,0.10630499999999998,0.10438236,-0.001922641508579237,10.098029999999998,12.064912,1.9668818423461936,12.352540000000001,14.029854,1.67731382080078,0.11033899999999996,0.13293405,0.02259504877185825
7550,0.136305,0.10438236,-0.031922641508579264,10.438029999999998,12.064912,1.6268818423461937,12.64254,14.029854,1.387313820800781,0.09033900000000006,0.13293405,0.04259504877185816
7552,0.06630500000000006,0.10438236,0.03807735849142069,13.968029999999999,12.064912,-1.9031181576538074,15.34254,14.029854,-1.3126861791992184,0.17033900000000002,0.13293405,-0.0374049512281418
7644,0.37889000000000006,0.22255619,-0.15633381129741675,10.965449999999999,10.835245,-0.13020486755370975,15.82344,13.693541,-2.1298994268798825,0.30043050000000004,0.22743115,-0.07299935170936589
7645,0.29489,0.22255619,-0.07233381129741667,14.565449999999998,10.835245,-3.7302048675537094,15.77344,13.693541,-2.0798994268798836,0.21243049999999997,0.22743115,0.015000648290634189
7762,-0.03761300000000012,0.025433904,0.0630469035600425,7.435680000000001,8.891921,1.4562410433959947,3.8851499999999994,7.1753144,3.2901644264221197,-0.03254400000000013,0.03961228,0.07215627834224714
7763,-0.02761300000000011,0.025433904,0.05304690356004249,8.035680000000003,8.891921,0.8562410433959933,3.895150000000001,7.1753144,3.280164426422118,-0.06154400000000004,0.03961228,0.10115627834224705
7764,-0.03761300000000012,0.025433904,0.0630469035600425,7.985680000000002,8.891921,0.906241043395994,3.815149999999999,7.1753144,3.36016442642212,-0.06654400000000005,0.03961228,0.10615627834224706
7766,-0.02761300000000011,0.025433904,0.05304690356004249,11.125680000000003,8.891921,-2.2337589566040066,8.11515,7.1753144,-0.9398355735778807,0.04145599999999994,0.03961228,-0.001843721657752928
7767,-0.02761300000000011,0.025433904,0.05304690356004249,17.95568,8.891921,-9.063758956604005,13.195150000000002,7.1753144,-6.019835573577883,0.07145599999999996,0.03961228,-0.031843721657752955
7768,-0.04761300000000013,0.025433904,0.07304690356004251,5.3456800000000015,8.891921,3.5462410433959946,1.265150000000002,7.1753144,5.910164426422117,-0.08454399999999995,0.03961228,0.12415627834224696
7946,-0.09579500000000007,-0.033053737,0.0627412628662587,3.6104699999999994,5.099234,1.4887641041564947,1.0476099999999988,4.2537427,3.2061326948547375,0.0007224000000000119,0.07091159,0.07018918628463744
8023,0.04838699999999996,0.025433904,-0.022953096439957577,5.99568,8.891921,2.896241043395996,7.78515,7.1753144,-0.6098355735778807,0.1314559999999999,0.03961228,-0.0918437216577529
8032,0.00044200000000005346,0.03500468,0.03456267911362643,7.178659999999997,8.913501,1.7348407858276396,7.678690000000001,10.613694,2.9350041909790026,0.0050736000000000114,0.058291573,0.05321797307744025
8034,0.04044200000000009,0.03500468,-0.005437320886373609,9.298659999999998,8.913501,-0.38515921417236143,12.72869,10.613694,-2.1149958090209964,0.10007359999999998,0.058291573,-0.04178202692255972
8057,0.0542450000000001,0.04986553,-0.004379471058845619,4.586269999999999,8.221966,3.635695789794923,7.649840000000001,9.105744,1.4559043618774403,0.16017380000000003,0.14619873,-0.013975065358924899
8058,0.012959000000000165,0.056799933,0.04384093331432326,10.168589999999998,10.595742,0.4271522256469744,9.86852,11.834314,1.9657943463134764,0.06296540000000006,0.15201269,0.08904729090175623
8086,-0.030613,0.046644025,0.07725702455091477,6.105680000000003,9.109655,3.0039753802490203,2.305150000000001,7.4128337,5.107683690643309,-0.06354400000000004,0.016939482,0.08048348172032838
8087,-0.014612999999999987,0.046644025,0.06125702455091475,6.705680000000001,9.109655,2.4039753802490225,3.605150000000002,7.4128337,3.8076836906433087,-0.03554400000000002,0.016939482,0.05248348172032835
8088,-0.023613000000000106,0.046644025,0.07025702455091487,6.105680000000003,9.109655,3.0039753802490203,2.905149999999999,7.4128337,4.5076836906433115,-0.04354400000000003,0.016939482,0.06048348172032836
8167,0.2214879999999999,0.107298076,-0.1141899238471984,8.641820000000003,9.475416,0.833596183471677,11.51644,9.224802,-2.2916379827880853,0.10030780000000006,0.050813317,-0.0494944827011109
8168,0.3414879999999999,0.107298076,-0.2341899238471984,9.041820000000001,9.475416,0.4335961834716784,13.01644,9.224802,-3.7916379827880853,0.16330780000000011,0.050813317,-0.11249448270111095
8169,0.2214879999999999,0.107298076,-0.1141899238471984,12.641820000000003,9.475416,-3.166403816528323,12.51644,9.224802,-3.2916379827880853,0.041307800000000006,0.050813317,0.009505517298889155
8177,-0.03899000000000008,0.010175766,0.04916576642334469,8.26493,11.242082,2.9771516421508792,5.796899999999999,7.5624933,1.765593324279786,0.019842499999999985,-0.04333988,-0.06318237832069395
8178,0.16101,0.010175766,-0.15083423357665537,23.96493,11.242082,-12.72284835784912,16.596899999999998,7.5624933,-9.034406675720213,-0.3101575,-0.04333988,0.266817621679306
8179,0.06101000000000001,0.010175766,-0.0508342335766554,15.00493,11.242082,-3.762848357849121,10.306899999999999,7.5624933,-2.7444066757202137,-0.07015749999999998,-0.04333988,0.026817621679306014
8181,-0.03899000000000008,0.010175766,0.04916576642334469,7.08493,11.242082,4.157151642150879,5.286899999999999,7.5624933,2.275593324279786,0.0398425,-0.04333988,-0.08318237832069397
8182,-0.03899000000000008,0.010175766,0.04916576642334469,7.124929999999999,11.242082,4.11715164215088,5.4169,7.5624933,2.145593324279785,0.0398425,-0.04333988,-0.08318237832069397
8199,-0.05008900000000005,0.037428323,0.08751732317948346,9.17586,9.078861,-0.0969987634277345,7.67356,8.564248,0.8906880850219725,0.08676649999999997,0.0983013,0.011534798916339906
8201,0.09991099999999997,0.037428323,-0.06248267682051656,10.69586,9.078861,-1.616998763427734,12.54356,8.564248,-3.9793119149780267,0.21676649999999997,0.0983013,-0.1184652010836601
8247,0.002386999999999917,0.026505284,0.024118284011364066,9.105680000000003,9.73128,0.6256003268432586,6.805150000000001,7.445761,0.640611203765868,0.016455999999999915,0.039754253,0.023298252880811776
8254,0.032386999999999944,0.026505284,-0.0058817159886359605,9.605680000000003,9.73128,0.12560032684325861,8.70515,7.445761,-1.2593887962341306,0.08145599999999997,0.039754253,-0.04170174711918828
8329,0.06221500000000013,0.018176237,-0.04403876287877573,6.3683499999999995,9.461954,3.0936041168212896,7.907250000000001,6.6275234,-1.2797265777587903,0.11326410000000009,0.0030808132,-0.11018328678581724
8330,-0.047784999999999966,0.018176237,0.06596123712122437,5.958349999999999,9.461954,3.5036041168212897,6.207250000000002,6.6275234,0.420273422241209,0.11226410000000009,0.0030808132,-0.10918328678581724
8647,-0.015009999999999968,0.023360344,0.038370343649983374,10.32159,12.692447,2.3708567086791987,7.48508,9.881402,2.396322015686035,0.019483599999999934,0.042385787,0.022902186771774358
8700,-0.09778500000000001,0.018176237,0.11596123712122441,7.898349999999997,9.461954,1.563604116821292,3.6072500000000005,6.6275234,3.0202734222412104,-0.02273589999999992,0.0030808132,0.025816713214182774
8701,-0.09778500000000001,0.018176237,0.11596123712122441,6.958349999999999,9.461954,2.5036041168212897,1.9072500000000012,6.6275234,4.72027342224121,-0.06373589999999985,0.0030808132,0.0668167132141827
8755,0.06088300000000002,0.007432812,-0.05345018810647728,5.277709999999999,7.160347,1.8826369848632822,6.316690000000001,7.500288,1.1835980096435534,0.0613556999999999,0.10426085,0.04290514697246561
8756,0.002215000000000078,0.017404469,0.01518946873009197,6.43835,8.725419,2.287069044494629,3.497250000000001,6.4412956,2.944045623779296,-0.04773589999999994,0.017563289,0.06529918903138632
8757,-0.01778499999999994,0.017404469,0.03518946873009199,9.828349999999997,8.725419,-1.102930955505368,6.567250000000001,6.4412956,-0.1259543762207045,-0.007735899999999907,0.017563289,0.025299189031386282
8766,0.12303000000000008,0.09623328,-0.026796721487045372,17.38507,14.735723,-2.649347458190917,16.80032,14.703153,-2.0971673434448235,0.15565819999999997,0.13107929,-0.024578913663101165
8767,0.09303000000000006,0.09623328,0.003203278512954655,16.48507,14.735723,-1.7493474581909183,15.900319999999999,14.703153,-1.1971673434448231,0.12565819999999994,0.13107929,0.0054210863368988615
8768,0.08303000000000016,0.09623328,0.013203278512954553,15.285070000000001,14.735723,-0.549347458190919,15.000319999999999,14.703153,-0.29716734344482276,0.10565820000000004,0.13107929,0.02542108633689877
8769,0.07303000000000015,0.09623328,0.02320327851295456,14.48507,14.735723,0.2506525418090817,14.30032,14.703153,0.4028326565551765,0.09565820000000003,0.13107929,0.03542108633689878
8773,0.08303000000000016,0.09623328,0.013203278512954553,14.68507,14.735723,0.05065254180908241,14.30032,14.703153,0.4028326565551765,0.09565820000000003,0.13107929,0.03542108633689878
8774,0.06303000000000014,0.09623328,0.03320327851295457,13.68507,14.735723,1.0506525418090824,13.400319999999999,14.703153,1.3028326565551769,0.09565820000000003,0.13107929,0.03542108633689878
8775,0.09303000000000006,0.09623328,0.003203278512954655,14.98507,14.735723,-0.2493474581909183,14.700319999999998,14.703153,0.002832656555177948,0.10565820000000004,0.13107929,0.02542108633689877
8819,-0.0717620000000001,-0.0662469,0.00551510301780711,9.75629,7.3725624,-2.3837275915527343,8.558089999999998,5.989942,-2.5681479261779767,0.08970110000000009,0.053997844,-0.035703255542373746
8831,0.03707080000000007,0.01712171,-0.019949090116787027,7.439170000000004,8.265607,0.826436880187984,8.10021,8.2300625,0.12985248474121036,0.10348449999999998,0.101531796,-0.0019527038426399024
8833,0.007070800000000044,0.01712171,0.010050909883213,6.939170000000004,8.265607,1.326436880187984,7.340210000000001,8.2300625,0.8898524847412101,0.10048450000000009,0.101531796,0.0010472961573599893
8849,-0.004813999999999874,-0.04188309,-0.03706908864831937,17.73925,13.826892,-3.9123581008911117,16.73725,13.774233,-2.9630171356201167,0.1379144,0.11270413,-0.025210271973037712
8850,-0.023217699999999897,-0.014883299,0.00833440064181079,10.888630000000003,10.988333,0.09970274841308324,9.35089,9.685767,0.33487717376709014,0.06411140000000004,0.119350895,0.055239495285606344
8851,-0.027660999999999936,0.0016289942,0.02928999424321943,10.336780000000001,10.712431,0.3756509539794912,8.704699999999999,10.090312,1.3856120040893565,0.04876780000000003,0.086109914,0.037342113885593387
8852,-0.010661000000000032,0.0016289942,0.012289994243219526,11.746780000000001,10.712431,-1.034349046020509,10.3547,10.090312,-0.2643879959106439,0.05876780000000004,0.086109914,0.027342113885593378
8853,-0.04739899999999997,0.0047578006,0.052156800605148046,11.47148,10.913569,-0.5579105496215817,9.756269999999999,10.362882,0.6066116604614269,0.0933676,0.13401558,0.04064797505130768
9062,0.21238699999999988,0.09293811,-0.11944888976764667,25.805680000000002,18.014362,-7.791317664794924,19.80515,15.108934,-4.696215597534181,0.42145599999999994,0.24904883,-0.17240717092132563
9063,0.09238699999999989,0.09293811,0.0005511102323533246,13.805680000000002,18.014362,4.208682335205076,12.10515,15.108934,3.0037844024658202,0.10145599999999999,0.24904883,0.14759282907867433
9064,0.2223869999999999,0.09293811,-0.12944888976764668,23.405680000000004,18.014362,-5.391317664794926,18.40515,15.108934,-3.2962155975341787,0.221456,0.24904883,0.02759282907867433
9065,0.09238699999999989,0.09293811,0.0005511102323533246,13.605680000000001,18.014362,4.408682335205077,15.305150000000001,15.108934,-0.19621559753418083,0.331456,0.24904883,-0.08240717092132566
9066,0.05238699999999996,0.09293811,0.04055111023235325,12.505680000000002,18.014362,5.508682335205076,13.20515,15.108934,1.9037844024658206,0.23145599999999994,0.24904883,0.017592829078674377
9080,-0.03761300000000012,0.026505284,0.0641182840113641,6.525680000000001,9.73128,3.2056003268432605,5.3351500000000005,7.445761,2.1106112037658686,0.051455999999999946,0.039754253,-0.011701747119188255
9090,0.12148799999999993,0.0060668816,-0.11542111841413372,13.471820000000003,9.068841,-4.402979019470218,13.72644,5.8587556,-7.867684411468506,0.19930780000000003,0.001414735,-0.19789306501338932
9093,0.012386999999999926,0.025433904,0.013046903560042455,12.645680000000002,8.891921,-3.753758956604006,10.635150000000001,7.1753144,-3.459835573577882,0.09645599999999999,0.03961228,-0.05684372165775298
9094,0.012386999999999926,0.025433904,0.013046903560042455,12.325680000000002,8.891921,-3.433758956604006,9.645150000000001,7.1753144,-2.469835573577882,0.04345599999999994,0.03961228,-0.00384372165775293
9097,-0.028512000000000093,-0.00059860025,0.02791339974933127,7.221820000000001,8.350031,1.1282108990478505,5.696439999999999,5.334966,-0.3614738172912588,0.04630780000000001,0.01073434,-0.03557345982401372
9099,-0.05851200000000012,-0.00059860025,0.057913399749331296,5.671820000000004,8.350031,2.6782108990478477,1.9864399999999982,5.334966,3.348526182708742,-0.04369219999999996,0.01073434,0.05442654017598625
9100,-0.05851200000000012,-0.00059860025,0.057913399749331296,6.641820000000003,8.350031,1.7082108990478488,3.0864399999999996,5.334966,2.2485261827087406,-0.03369219999999995,0.01073434,0.04442654017598624
9101,-0.04851200000000011,-0.00059860025,0.04791339974933129,7.031820000000003,8.350031,1.3182108990478483,3.5964399999999976,5.334966,1.7385261827087426,-0.03169219999999995,0.01073434,0.04242654017598624
9106,-0.03761300000000012,0.0072581307,0.04487113070312154,6.33568,7.7279267,1.3922467311096192,1.8051500000000011,3.7078393,1.902689250564574,-0.08854400000000007,-0.034746613,0.05379738664650924
9107,-0.057613000000000136,0.0072581307,0.06487113070312156,7.425680000000003,7.7279267,0.30224673110961575,2.805150000000001,3.7078393,0.902689250564574,-0.06854400000000005,-0.034746613,0.03379738664650922
9108,0.04238699999999995,0.0072581307,-0.03512886929687853,6.705680000000001,7.7279267,1.0222467311096182,4.305150000000001,3.7078393,-0.597310749435426,-0.04854400000000003,-0.034746613,0.013797386646509202
9109,0.002386999999999917,0.0072581307,0.004871130703121507,6.505680000000002,7.7279267,1.2222467311096175,3.7051499999999997,3.7078393,0.002689250564575474,-0.03854400000000002,-0.034746613,0.0037973866465091932
9110,-0.03761300000000012,0.0072581307,0.04487113070312154,6.505680000000002,7.7279267,1.2222467311096175,3.305150000000001,3.7078393,0.40268925056457405,-0.028544000000000014,-0.034746613,-0.006202613353490816
9111,-0.0176130000000001,0.0072581307,0.024871130703121525,6.505680000000002,7.7279267,1.2222467311096175,3.2051499999999997,3.7078393,0.5026892505645755,-0.04854400000000003,-0.034746613,0.013797386646509202
9113,-0.04761300000000013,0.0072581307,0.05487113070312155,5.305680000000002,7.7279267,2.4222467311096167,0.7051499999999997,3.7078393,3.0026892505645755,-0.08854400000000007,-0.034746613,0.05379738664650924
9114,-0.06761300000000015,0.0072581307,0.07487113070312157,6.105680000000003,7.7279267,1.622246731109616,1.5051500000000004,3.7078393,2.2026892505645748,-0.06854400000000005,-0.034746613,0.03379738664650922
9138,-0.044613000000000014,0.015602526,0.06021552625495197,6.235680000000002,7.57478,1.339099987335203,2.675150000000002,5.3282995,2.6531495223999,-0.041544000000000025,0.0051426757,0.046686675712704684
9224,-0.0782830000000001,0.017027263,0.09531026259827624,7.660720000000001,9.892956,2.2322357800292956,3.738900000000001,7.306717,3.5678169189453115,-0.024994799999999984,0.01879591,0.04379070936005114
9226,-0.048283000000000076,0.017027263,0.06531026259827621,8.160720000000001,9.892956,1.7322357800292956,4.238899999999999,7.306717,3.0678169189453133,-0.0449948,0.01879591,0.06379070936005116
9783,-0.057613000000000136,0.041200943,0.09881394329118742,7.305680000000002,8.532976,1.227296150512693,2.5051500000000004,7.4501486,4.944998582458496,-0.07854400000000006,0.075258024,0.15380202403688437
9785,-0.11761299999999997,-0.03254028,0.0850727196280956,6.805680000000002,7.9432735,1.137593544311521,1.0051500000000004,4.762016,3.75686581954956,-0.07854400000000006,0.0049363896,0.08348038962507254
9787,-0.09761300000000017,0.041200943,0.13881394329118746,6.805680000000002,8.532976,1.727296150512693,1.6051500000000019,7.4501486,5.844998582458494,-0.06854400000000005,0.075258024,0.14380202403688436
9867,0.14238699999999993,0.026505284,-0.11588171598863595,11.72568,9.73128,-1.9943996731567388,10.03515,7.445761,-2.5893887962341307,0.20145599999999997,0.039754253,-0.16170174711918828
9916,-0.06761300000000015,0.025433904,0.09304690356004253,5.33568,8.891921,3.556241043395996,2.805150000000001,7.1753144,4.370164426422118,0.005456000000000016,0.03961228,0.03415627834224699
9918,-0.04761300000000013,0.025433904,0.07304690356004251,5.705680000000001,8.891921,3.186241043395995,3.105150000000002,7.1753144,4.070164426422117,0.0014560000000000128,0.03961228,0.038156278342246996
9919,-0.03761300000000012,0.025433904,0.0630469035600425,5.285680000000003,8.891921,3.6062410433959933,4.20515,7.1753144,2.9701644264221194,0.04345599999999994,0.03961228,-0.00384372165775293
9955,-0.08901000000000003,-0.0072977445,0.08171225549116734,6.16159,8.850638,2.689048389587402,1.775079999999999,5.2227507,3.447670663757325,-0.048516400000000015,0.014919324,0.06343572384669782
9956,-0.11600999999999995,-0.0072977445,0.10871225549116725,7.261590000000002,8.850638,1.5890483895874006,2.2050800000000024,5.2227507,3.017670663757322,-0.05051640000000013,0.014919324,0.06543572384669794
10212,-0.03761300000000012,0.026505284,0.0641182840113641,7.935680000000001,9.73128,1.7956003268432603,3.8451500000000003,7.445761,3.600611203765869,-0.05554400000000004,0.039754253,0.09529825288081173
10237,-0.02761300000000011,0.026505284,0.05411828401136409,8.185680000000001,9.73128,1.5456003268432603,5.03515,7.445761,2.4106112037658693,-0.006543999999999994,0.039754253,0.046298252880811686
10243,-0.06761300000000015,0.026505284,0.09411828401136413,7.855680000000003,9.73128,1.8756003268432586,3.5451499999999996,7.445761,3.9006112037658696,-0.04654400000000003,0.039754253,0.08629825288081172
10248,-0.06761300000000015,0.026505284,0.09411828401136413,7.855680000000003,9.73128,1.8756003268432586,3.5451499999999996,7.445761,3.9006112037658696,-0.04654400000000003,0.039754253,0.08629825288081172
10596,0.13920299999999997,0.081074074,-0.05812892608928677,4.226890000000001,3.8953574,-0.331532629623414,9.69497,7.8116145,-1.8833554866027828,0.20916060000000003,0.16946822,-0.03969237595138553
10597,0.16020299999999998,0.081074074,-0.07912892608928679,4.3768899999999995,3.8953574,-0.4815326296234126,11.15497,7.8116145,-3.3433554866027837,0.26916059999999997,0.16946822,-0.09969237595138547
10598,0.11620299999999995,0.081074074,-0.03512892608928675,3.7868899999999996,3.8953574,0.10846737037658727,7.76497,7.8116145,0.04664451339721687,0.13816060000000008,0.16946822,0.031307624048614424
10599,0.13920299999999997,0.081074074,-0.05812892608928677,3.8768899999999995,3.8953574,0.01846737037658741,8.77497,7.8116145,-0.9633554866027829,0.1691606,0.16946822,0.00030762404861450765
10600,-0.009797000000000056,0.081074074,0.09087107391071325,2.7768900000000016,3.8953574,1.1184673703765853,3.8249700000000004,7.8116145,3.9866445133972164,0.07716059999999991,0.16946822,0.09230762404861459
10601,0.00020299999999995322,0.081074074,0.08087107391071324,3.046890000000001,3.8953574,0.8484673703765857,5.394970000000001,7.8116145,2.416644513397216,0.12916059999999996,0.16946822,0.04030762404861454
10602,0.00020299999999995322,0.081074074,0.08087107391071324,4.01689,3.8953574,-0.12153262962341316,6.02497,7.8116145,1.786644513397217,0.12916059999999996,0.16946822,0.04030762404861454
10603,0.14020299999999997,0.081074074,-0.05912892608928677,4.986889999999999,3.8953574,-1.091532629623412,11.00497,7.8116145,-3.1933554866027833,0.25916059999999996,0.16946822,-0.08969237595138546
10628,0.07325700000000013,0.042969886,-0.030287113786459097,10.961200000000003,9.595118,-1.3660824310302768,11.059470000000001,9.819128,-1.2403419635009776,0.12064750000000002,0.13901316,0.018365656294822674
10667,-0.07778499999999999,0.017404469,0.09518946873009204,6.238349999999997,8.725419,2.487069044494632,1.5072500000000026,6.4412956,4.934045623779294,-0.06773589999999996,0.017563289,0.08529918903138634
10923,-0.00012699999999998823,-0.0027271048,-0.002600104816585791,3.0378700000000016,6.419775,3.381905009155272,3.4859299999999998,6.3084283,2.8224982875061038,0.08053949999999999,0.06506088,-0.015478623690128313
11012,-0.02761300000000011,0.07557939,0.10319238992977153,7.805680000000002,10.728469,2.9227888949584937,4.20515,10.831902,6.626751550292969,-0.03854400000000002,0.10903562,0.14757961860322955
11140,-0.08963300000000007,-0.017875858,0.0717571423487664,7.340070000000001,7.8706775,0.5306074711608879,3.934049999999999,6.7596517,2.8256016609191903,0.0040840000000000876,0.07517547,0.0710914716038703
11141,-0.03963300000000003,-0.017875858,0.021757142348766356,7.6400700000000015,7.8706775,0.2306074711608872,5.63405,6.7596517,1.1256016609191892,0.04408400000000001,0.07517547,0.03109147160387038
11142,-0.06963300000000006,-0.017875858,0.05175714234876638,7.54007,7.8706775,0.3306074711608886,6.13405,6.7596517,0.6256016609191892,0.04408400000000001,0.07517547,0.03109147160387038
11143,-0.03963300000000003,-0.017875858,0.021757142348766356,7.840070000000001,7.8706775,0.03060747116088791,7.73405,6.7596517,-0.9743983390808104,0.13408399999999998,0.07517547,-0.05890852839612959
11144,0.10036699999999998,-0.017875858,-0.11824285765123366,8.640070000000001,7.8706775,-0.7693925288391128,13.23405,6.7596517,-6.47439833908081,0.28408400000000006,0.07517547,-0.20890852839612967
11236,-0.02761300000000011,0.037096597,0.06470959725427639,10.105680000000003,9.473894,-0.6317858807373078,6.805150000000001,8.837666,2.032515557861327,0.0014560000000000128,0.090508044,0.08905204376602172
11258,-0.031074999999999964,-0.038000826,-0.006925825792551077,4.4877199999999995,5.1930723,0.7053523190307622,4.945819999999998,5.4236407,0.4778207279968285,0.08829010000000004,0.111421585,0.023131485083007775
11259,-0.031074999999999964,-0.038000826,-0.006925825792551077,4.637719999999998,5.1930723,0.5553523190307637,5.215819999999999,5.4236407,0.20782072799682716,0.09829009999999994,0.111421585,0.013131485083007877
11260,-0.031074999999999964,-0.038000826,-0.006925825792551077,4.53772,5.1930723,0.6553523190307615,6.015819999999998,5.4236407,-0.5921792720031718,0.14829009999999998,0.111421585,-0.03686851491699217
11269,0.1522150000000001,0.017404469,-0.13481053126990805,17.63835,8.725419,-8.91293095550537,16.39725,6.4412956,-9.955954376220703,0.2922641,0.017563289,-0.27470081096861365
11270,0.13221500000000008,0.017404469,-0.11481053126990803,16.13835,8.725419,-7.41293095550537,14.437250000000002,6.4412956,-7.9959543762207055,0.16226410000000002,0.017563289,-0.14470081096861365
11271,0.08221500000000015,0.017404469,-0.0648105312699081,15.138349999999999,8.725419,-6.41293095550537,12.847250000000003,6.4412956,-6.405954376220706,0.10226410000000008,0.017563289,-0.0847008109686137
11273,0.032215000000000105,0.017404469,-0.014810531269908056,13.338349999999998,8.725419,-4.6129309555053695,10.43725,6.4412956,-3.9959543762207037,0.04226410000000003,0.017563289,-0.02470081096861365
11274,0.022215000000000096,0.017404469,-0.004810531269908047,11.238349999999997,8.725419,-2.512930955505368,8.087250000000001,6.4412956,-1.645954376220704,-0.007735899999999907,0.017563289,0.025299189031386282
11275,0.08221500000000015,0.017404469,-0.0648105312699081,15.438349999999998,8.725419,-6.712930955505369,14.35725,6.4412956,-7.915954376220704,0.21226410000000007,0.017563289,-0.1947008109686137
11312,0.05221500000000012,0.018176237,-0.03403876287877572,7.8683499999999995,9.461954,1.5936041168212896,6.747250000000001,6.6275234,-0.11972657775879014,0.02226410000000001,0.0030808132,-0.019183286785817155
11313,0.07221500000000014,0.018176237,-0.05403876287877574,6.34835,9.461954,3.113604116821289,6.177250000000001,6.6275234,0.45027342224121014,0.0122641,0.0030808132,-0.009183286785817146
11397,-0.10716480000000006,-0.019699203,0.08746559714953905,6.7603100000000005,6.2622676,-0.4980424104309087,2.82747,5.3715634,2.54409343460083,-0.05968600000000002,-0.006312112,0.053373888141721504
11399,-0.005665999999999949,0.059953846,0.0656198460373878,12.34627,11.448186,-0.8980840792846685,9.28789,9.310361,0.022470908508299914,0.025034400000000012,0.019663466,-0.005370933859372151
11400,-0.003174999999999928,0.04916337,0.05233837132453911,3.362940000000002,5.8792367,2.516296698150633,2.7921299999999984,5.4449162,2.6527862483215348,0.019739300000000015,0.03933273,0.019593428832960114
11733,0.07214300000000007,0.080947496,0.008804495996951989,10.011790000000001,10.078091,0.06630066772460808,9.760409999999998,9.936709,0.17629940399170074,0.06292330000000002,0.09523002,0.03230672058267592
11736,0.03214300000000003,0.080947496,0.048804495996952024,10.191790000000001,10.078091,-0.11369933227539164,9.27041,9.936709,0.6662994039916992,0.0429233,0.09523002,0.052306720582675936
11737,0.08214299999999997,0.080947496,-0.0011955040030479092,9.98179,10.078091,0.09630066772460921,10.170409999999999,9.936709,-0.2337005960082994,0.07292330000000002,0.09523002,0.02230672058267591
11738,0.11214299999999999,0.080947496,-0.031195504003047936,9.721789999999999,10.078091,0.3563006677246108,10.39041,9.936709,-0.45370059600830004,0.07292330000000002,0.09523002,0.02230672058267591
11739,0.03214300000000003,0.080947496,0.048804495996952024,10.191790000000001,10.078091,-0.11369933227539164,9.27041,9.936709,0.6662994039916992,0.0429233,0.09523002,0.052306720582675936
11740,0.07214300000000007,0.080947496,0.008804495996951989,9.46179,10.078091,0.6163006677246088,9.31041,9.936709,0.6262994039917,0.06292330000000002,0.09523002,0.03230672058267592
11741,0.08214299999999997,0.080947496,-0.0011955040030479092,9.201789999999999,10.078091,0.8763006677246103,9.98041,9.936709,-0.0437005960082999,0.09292329999999993,0.09523002,0.002306720582676003
11765,0.03621500000000011,0.02791988,-0.008295120816826929,7.8683499999999995,8.079216,0.21086600341796924,8.407250000000001,6.689999,-1.7172508964538586,0.11226410000000009,0.04394614,-0.06831796048555383
11773,-0.07377500000000015,0.035318486,0.10909348639249816,10.026040000000002,14.103042,4.077001648864744,7.631529999999998,14.188822,6.557291792602541,0.030508800000000003,0.13595271,0.10544391110534668
11800,-0.0330410000000001,-0.0138500715,0.019190928532540896,7.41066,7.9842105,0.5735504911804199,10.69454,9.739266,-0.9552736044311523,0.23754930000000007,0.1683205,-0.0692287931888581
11801,-0.008383999999999947,-0.012210441,-0.00382644082194572,6.91039,8.208155,1.297764678344727,8.588189999999999,9.365995,0.7778054071044931,0.1426423,0.15811321,0.015470911393356324
11802,-0.038383999999999974,-0.012210441,0.026173559178054306,6.91039,8.208155,1.297764678344727,7.9881899999999995,9.365995,1.3778054071044927,0.1326423,0.15811321,0.025470911393356332
11803,-0.068384,-0.012210441,0.05617355917805433,6.110389999999999,8.208155,2.0977646783447277,6.688189999999999,9.365995,2.6778054071044934,0.12364229999999998,0.15811321,0.03447091139335634
11804,-0.028383999999999965,-0.012210441,0.016173559178054298,7.21039,8.208155,0.9977646783447263,9.28819,9.365995,0.07780540710449202,0.17664230000000003,0.15811321,-0.018529088606643707
11805,0.01161600000000007,-0.012210441,-0.023826440821945738,8.71039,8.208155,-0.5022353216552737,12.28819,9.365995,-2.922194592895508,0.2546423000000001,0.15811321,-0.09652908860664378
11981,0.07238699999999998,0.071830966,-0.0005560344214439183,13.175680000000002,11.3115835,-1.864096481018068,13.54515,11.952326,-1.592824179077148,0.22845600000000005,0.17841823,-0.0500377660093308
11982,0.08238699999999999,0.071830966,-0.010556034421443927,14.605680000000001,11.3115835,-3.2940964810180677,14.20515,11.952326,-2.252824179077148,0.26545599999999997,0.17841823,-0.08703776600933072
12001,0.03315899999999994,0.13026375,0.09710474578475958,12.967910000000003,13.105118,0.13720779785155912,16.3201,17.816559,1.496458837890625,0.3273436000000001,0.36805245,0.04070885280265796
12002,0.04315899999999995,0.13026375,0.08710474578475957,13.667910000000003,13.105118,-0.5627922021484402,17.5601,17.816559,0.2564588378906265,0.37834360000000006,0.36805245,-0.010291147197341977
12032,0.12238699999999991,0.071830966,-0.05055603442144385,11.40568,11.3115835,-0.09409648101806667,12.215150000000001,11.952326,-0.2628241790771497,0.17145599999999994,0.17841823,0.006962233990669309
12033,0.1123869999999999,0.071830966,-0.04055603442144384,6.425680000000003,11.3115835,4.88590351898193,10.01515,11.952326,1.9371758209228513,0.18145599999999995,0.17841823,-0.0030377660093307
12054,-0.008027000000000006,0.030693296,0.038720296343088156,11.822220000000002,13.071415,1.2491949475097641,8.515290000000002,10.074351,1.5590613107299784,0.009383700000000106,0.038942087,0.02955838744168271
12055,-0.01693699999999998,0.0016064511,0.01854345111463962,18.31426,14.243714,-4.0705456674194345,12.347019999999999,9.809312,-2.537708133239745,-0.007008199999999909,0.011168056,0.018176256167662053
12056,-0.062287800000000004,0.02038047,0.08266827090172768,6.872430000000001,8.605059,1.732628670043944,4.446389999999999,7.5124226,3.0660325616455086,0.010692499999999883,0.042708978,0.03201647805690777
12454,0.6049899999999999,0.04929794,-0.5556920600140094,19.72159,10.925308,-8.796281772460937,19.26508,8.132805,-11.132275129394532,0.42248359999999996,0.042994414,-0.37948918647513386
12455,0.27498999999999996,0.04929794,-0.22569206001400943,17.19159,10.925308,-6.266281772460939,18.19508,8.132805,-10.062275129394532,0.4554836,0.042994414,-0.4124891864751339
12499,-0.07901000000000002,0.04929794,0.12830793998599055,11.851590000000002,10.925308,-0.9262817724609391,8.05508,8.132805,0.07772487060546851,0.030483600000000055,0.042994414,0.012510813524866049
12501,-0.022010000000000085,0.04929794,0.07130793998599061,16.32159,10.925308,-5.396281772460938,11.28508,8.132805,-3.152275129394532,-0.007516399999999979,0.042994414,0.05051081352486608
12639,0.3685139999999999,0.17740625,-0.19110774856948842,14.963110000000002,11.525812,-3.4372978509521506,16.182830000000003,12.50342,-3.67941012390137,0.23898579999999991,0.164816,-0.07416979298191062
12640,0.3685139999999999,0.17740625,-0.19110774856948842,16.46311,11.525812,-4.937297850952149,15.882830000000002,12.50342,-3.379410123901369,0.23898579999999991,0.164816,-0.07416979298191062
12641,-0.007784999999999931,0.02700662,0.034791620541214874,10.238349999999997,8.998028,-1.240322198486325,11.387250000000002,8.5771885,-2.8100615081787126,0.22226410000000008,0.0641938,-0.1580702999082566
12818,0.14238699999999993,0.041200943,-0.10118605670881264,7.205680000000001,8.532976,1.3272961505126943,12.40515,7.4501486,-4.955001417541505,0.273456,0.075258024,-0.19819797596311567
12820,0.006215000000000082,0.017404469,0.011189468730091967,6.488349999999997,8.725419,2.237069044494632,5.007250000000001,6.4412956,1.434045623779296,0.0122641,0.017563289,0.005299189031386375
12912,0.02049000000000012,-0.003408984,-0.02389898404829216,6.282160000000001,7.1393323,0.8571722944641103,6.083500000000001,6.662886,0.5793861427307121,0.048228600000000066,0.05147234,0.003243739779138499
13148,-0.03778499999999996,0.017404469,0.055189468730092006,12.52835,8.725419,-3.8029309555053707,12.997250000000001,6.4412956,-6.555954376220704,0.26726410000000006,0.017563289,-0.24970081096861368
13200,0.33618000000000003,0.2980945,-0.03808548896789554,9.416830000000001,9.974957,0.5581274661254874,12.889339999999999,12.331095,-0.5582452581787098,0.24011690000000002,0.1880123,-0.05210459807815554
13202,0.26217999999999997,0.2980945,0.035914511032104524,8.47683,9.974957,1.4981274661254886,12.17934,12.331095,0.15175474182128923,0.1671169,0.1880123,0.02089540192184447
13203,0.3081800000000001,0.2980945,-0.010085488967895628,9.40683,9.974957,0.5681274661254889,12.17934,12.331095,0.15175474182128923,0.2071169,0.1880123,-0.01910459807815551
13205,0.2961800000000001,0.2980945,0.0019145110321043823,11.99683,9.974957,-2.021872533874511,12.37934,12.331095,-0.04824525817871006,0.1451169,0.1880123,0.04289540192184449
13246,-0.04996500000000004,0.041581903,0.09154690265297893,10.0657,10.627147,0.5614467208862308,7.368500000000001,8.732979,1.3644788208007803,0.046205199999999946,0.11200461,0.06579940791587835
13310,0.08238699999999999,0.1340346,0.051647603834152234,26.56568,13.773243,-12.792437049560547,19.00515,13.034163,-5.970986524963379,0.061455999999999955,0.09022019,0.02876419058465962
13312,0.19238699999999997,0.1340346,-0.05835239616584775,16.77568,13.773243,-3.002437049560548,15.305150000000001,13.034163,-2.27098652496338,0.18145599999999995,0.09022019,-0.09123580941534037
13411,-0.009613000000000094,0.035341136,0.04495413615751276,9.205680000000001,9.258571,0.052890671081541996,8.50515,7.5989366,-0.906213442230225,-0.03854400000000002,0.012447414,0.05099141398841145
13412,0.035386999999999946,0.035341136,-4.586384248728148e-05,10.205680000000001,9.258571,-0.947109328918458,7.20515,7.5989366,0.39378655776977567,-0.018544000000000005,0.012447414,0.03099141398841143
13456,-0.03168099999999985,0.0022873364,0.03396833639232799,13.923570000000002,13.685883,-0.23768743164062656,6.96186,8.087216,1.125356377258301,-0.11187360000000002,-0.030165656,0.08170794446156027
13457,0.003319000000000072,0.0022873364,-0.0010316636076719288,14.32357,13.685883,-0.6376874316406251,9.35186,8.087216,-1.2646436227416995,-0.0028736000000000317,-0.030165656,-0.02729205553843972
13458,0.0073190000000000754,0.0022873364,-0.005031663607671932,14.11357,13.685883,-0.4276874316406243,9.00186,8.087216,-0.9146436227416999,-0.04487359999999996,-0.030165656,0.014707944461560207
13460,-0.0836809999999999,0.0022873364,0.08596833639232804,12.563570000000002,13.685883,1.1223125683593729,5.391860000000001,8.087216,2.6953563772582996,-0.09387359999999989,-0.030165656,0.06370794446156014
13461,-0.04668099999999997,0.0022873364,0.048968336392328116,13.62357,13.685883,0.062312568359374154,7.251860000000001,8.087216,0.8353563772583001,-0.042873599999999956,-0.030165656,0.012707944461560206
13464,-0.05568099999999987,0.0022873364,0.05796833639232801,18.60357,13.685883,-4.917687431640626,10.72186,8.087216,-2.6346436227416987,-0.1038735999999999,-0.030165656,0.07370794446156015
13500,-0.07701100000000016,-0.016198903,0.060812096677780314,5.6616,6.6343117,0.9727116760253907,4.678630000000002,6.599161,1.9205311480712872,0.06455220000000006,0.11489772,0.05034552051572794
13506,0.081488,0.05209967,-0.02938832878518105,7.041820000000001,10.632916,3.591096450500487,5.616439999999999,8.097811,2.481370745239259,-0.028692199999999946,-0.0042568836,0.024435316363882964
13507,0.11148799999999992,0.05209967,-0.059388328785180966,14.341820000000002,10.632916,-3.7089035494995137,11.216439999999999,8.097811,-3.118629254760741,-0.0026922000000000335,-0.0042568836,-0.001564683636116948
13917,0.0016650000000000276,0.020924222,0.019259221724271747,9.707340000000002,8.679547,-1.0277926901245138,16.0613,6.814757,-9.246543129730224,0.3153228,0.035492286,-0.27983051391391756
13918,-0.03733500000000012,0.020924222,0.05825922172427189,8.006340000000005,8.679547,0.6732073098754832,9.9613,6.814757,-3.146543129730224,0.14132280000000008,0.035492286,-0.10583051391391762
13919,-0.04433499999999979,0.020924222,0.06525922172427157,7.1973400000000005,8.679547,1.4822073098754878,4.561299999999999,6.814757,2.253456870269776,-0.002677199999999935,0.035492286,0.038169486086082394
14030,-0.0014199999999999768,-0.00057895086,0.000841049142256356,11.15417,11.155613,0.0014429455566400406,9.649430000000002,9.701319,0.05188874084472417,0.027506600000000048,0.04509271,0.01758610936250682
14038,-0.0014199999999999768,-0.00057895086,0.000841049142256356,11.15417,11.155613,0.0014429455566400406,9.649430000000002,9.701319,0.05188874084472417,0.027506600000000048,0.04509271,0.01758610936250682
14042,-0.0014199999999999768,-0.00057895086,0.000841049142256356,11.15417,11.155613,0.0014429455566400406,9.649430000000002,9.701319,0.05188874084472417,0.027506600000000048,0.04509271,0.01758610936250682
14092,0.08162799999999992,0.07706103,-0.004566972711563033,4.74099,7.282284,2.5412937829589843,6.13702,7.832048,1.6950279393005374,0.049590800000000046,0.09779041,0.04819961260480876
14102,0.271717,0.18741326,-0.08430373965930937,6.360720000000001,8.854321,2.4936005261230463,14.838899999999999,12.202232,-2.636667639160155,0.3750052,0.29303822,-0.08196698078651427
14156,0.04011589999999998,0.16902038,0.12890448455009462,4.493789999999997,7.386124,2.8923341340637236,5.065109999999999,6.043918,0.9788081327819835,0.05518109999999998,0.052718855,-0.0024622445593833753
14222,0.04642499999999994,0.032424416,-0.014000583606958328,3.9513099999999994,8.993575,5.042265096130372,4.79749,7.206671,2.409181237945557,0.052842899999999915,0.037864633,-0.014978267095470343
14298,-0.04761300000000013,0.026505284,0.07411828401136411,10.855680000000003,9.73128,-1.1243996731567414,5.905150000000001,7.445761,1.5406112037658684,-0.05854400000000004,0.039754253,0.09829825288081173
14299,-0.06761300000000015,0.026505284,0.09411828401136413,7.505680000000002,9.73128,2.22560032684326,2.0051500000000004,7.445761,5.440611203765869,-0.09854400000000008,0.039754253,0.13829825288081177
14842,-0.04365400000000008,0.0031164724,0.046770472391411744,6.4251400000000025,8.688941,2.2638010018920873,5.555130000000002,7.2556024,1.7004723597717266,0.04789370000000004,0.07521512,0.02732142359380718
14981,0.06538699999999997,0.041200943,-0.024186056708812687,2.295680000000001,8.532976,6.2372961505126945,9.03515,7.4501486,-1.5850014175415037,0.24845600000000007,0.075258024,-0.17319797596311576
15048,0.03638699999999995,0.035341136,-0.0010458638424872824,9.785680000000003,9.258571,-0.5271093289184599,8.67515,7.5989366,-1.076213442230225,0.0044559999999999045,0.012447414,0.007991413988411522
15049,0.013387000000000038,0.035341136,0.021954136157512627,9.805680000000002,9.258571,-0.5471093289184594,7.135150000000001,7.5989366,0.4637865577697742,0.0024559999999999027,0.012447414,0.009991413988411524
15050,0.03838699999999995,0.035341136,-0.003045863842487284,10.105680000000003,9.258571,-0.8471093289184601,8.17515,7.5989366,-0.576213442230225,0.028456000000000037,0.012447414,-0.01600858601158861
15051,0.08938699999999988,0.035341136,-0.05404586384248722,9.88568,9.258571,-0.6271093289184577,7.385150000000001,7.5989366,0.21378655776977418,0.00045600000000001195,0.012447414,0.011991413988411415
15052,0.03138699999999994,0.035341136,0.003954136157512722,9.81568,9.258571,-0.5571093289184574,7.42515,7.5989366,0.17378655776977503,0.0034560000000000146,0.012447414,0.008991413988411412
15094,-0.04814300000000005,-0.0022815433,0.045861456666916656,8.716320000000003,9.80004,1.0837202450561492,7.351320000000001,9.305365,1.9540446087646473,0.047267599999999965,0.13178168,0.08451408237209324
15096,-0.04814300000000005,-0.0022815433,0.045861456666916656,8.316320000000005,9.80004,1.4837202450561477,7.341320000000001,9.305365,1.964044608764647,0.06726759999999998,0.13178168,0.06451408237209322
15097,0.19216200000000005,0.027422251,-0.16473974882018572,19.21571,11.495943,-7.719766930541994,16.382050000000003,8.158336,-8.223714314270023,0.21253600000000006,0.03951284,-0.1730231608316899
15098,-0.007838000000000012,0.027422251,0.03526025117981435,9.115710000000004,11.495943,2.3802330694580043,5.082050000000002,8.158336,3.076285685729978,-0.05846399999999996,0.03951284,0.09797683916831013
15105,-0.00583800000000001,0.029711358,0.03554935824918748,8.115710000000004,10.208401,2.092690726318356,6.082050000000002,7.7759595,1.693909491729734,0.023536,0.015260006,-0.008275993698894979
15107,-0.010837999999999903,0.029615283,0.04045328301239004,9.115710000000004,10.472961,1.3572514257812465,6.082050000000002,8.099833,2.0177825347900367,-0.006463999999999914,0.042998943,0.04946294347786895
15108,0.012162000000000006,-0.0025647175,-0.014726717549830681,10.115710000000004,9.537663,-0.5780465402221715,7.782050000000002,6.0093102,-1.7727397544860857,0.03153600000000001,0.0068049724,-0.02473102757862211
15179,-0.008820999999999968,-0.009062108,-0.00024110765242579824,3.33315,4.770747,1.4375971847534181,3.6633700000000005,4.7389145,1.0755444897460933,0.060435600000000034,0.073131934,0.012696333808326687
15180,-0.028820999999999986,-0.009062108,0.01975889234757422,2.6231500000000025,4.770747,2.1475971847534154,2.7833700000000015,4.7389145,1.9555444897460923,0.05643560000000014,0.073131934,0.01669633380832658
15182,-0.028820999999999986,-0.009062108,0.01975889234757422,3.1231500000000025,4.770747,1.6475971847534154,3.933370000000002,4.7389145,0.8055444897460919,0.08943560000000006,0.073131934,-0.01630366619167334
15183,-0.018820999999999977,-0.009062108,0.00975889234757421,5.49315,4.770747,-0.722402815246582,6.133370000000001,4.7389145,-1.3944555102539073,0.11743560000000008,0.073131934,-0.04430366619167336
15184,-0.048821,-0.009062108,0.03975889234757424,4.83315,4.770747,-0.062402815246581866,4.403370000000001,4.7389145,0.3355444897460931,0.07743560000000005,0.073131934,-0.004303666191673328
15185,-0.048821,-0.009062108,0.03975889234757424,4.0131499999999996,4.770747,0.7575971847534184,3.503370000000002,4.7389145,1.2355444897460917,0.05743560000000003,0.073131934,0.01569633380832669
15186,-0.048821,-0.009062108,0.03975889234757424,4.81315,4.770747,-0.04240281524658229,4.713370000000001,4.7389145,0.02554448974609258,0.08743560000000006,0.073131934,-0.014303666191673337
15187,-0.048821,-0.009062108,0.03975889234757424,5.2631499999999996,4.770747,-0.4924028152465816,5.2433700000000005,4.7389145,-0.5044555102539068,0.09743560000000007,0.073131934,-0.024303666191673345
15189,0.01117900000000005,-0.009062108,-0.020241107652425816,3.9231499999999997,4.770747,0.8475971847534183,5.323370000000001,4.7389145,-0.5844555102539069,0.10743560000000008,0.073131934,-0.034303666191673354
15190,-0.018820999999999977,-0.009062108,0.00975889234757421,4.65315,4.770747,0.11759718475341785,5.153370000000001,4.7389145,-0.4144555102539069,0.09743560000000007,0.073131934,-0.024303666191673345
15191,-0.038820999999999994,-0.009062108,0.02975889234757423,4.17315,4.770747,0.5975971847534183,3.423370000000002,4.7389145,1.3155444897460917,0.04743560000000002,0.073131934,0.0256963338083267
15194,0.01117900000000005,-0.009062108,-0.020241107652425816,3.9731500000000004,4.770747,0.7975971847534176,5.393370000000001,4.7389145,-0.6544555102539071,0.10743560000000008,0.073131934,-0.034303666191673354
15195,-0.008820999999999968,-0.009062108,-0.00024110765242579824,3.453150000000001,4.770747,1.3175971847534171,3.813370000000001,4.7389145,0.9255444897460929,0.06743560000000004,0.073131934,0.005696333808326681
15196,-0.038820999999999994,-0.009062108,0.02975889234757423,3.393150000000002,4.770747,1.3775971847534159,2.8233700000000006,4.7389145,1.9155444897460931,0.04743560000000002,0.073131934,0.0256963338083267
15832,0.16282600000000003,0.24336629,0.08054028615856168,16.43832,16.4293,-0.009019691772461869,13.98673,14.953108,0.966377833862305,0.07779709999999995,0.11658884,0.03879173839845662
15833,0.142826,0.24336629,0.1005402861585617,16.338320000000003,16.4293,0.090980308227536,13.88673,14.953108,1.0663778338623047,0.09779709999999997,0.11658884,0.018791738398456603
15834,0.252826,0.24336629,-0.009459713841438289,13.238320000000002,16.4293,3.1909803082275374,13.48673,14.953108,1.466377833862305,0.09779709999999997,0.11658884,0.018791738398456603
15835,0.31282600000000005,0.24336629,-0.06945971384143834,17.03832,16.4293,-0.6090196917724597,15.38673,14.953108,-0.43362216613769533,0.08779709999999996,0.11658884,0.028791738398456612
15836,0.30282600000000004,0.24336629,-0.05945971384143833,18.838320000000003,16.4293,-2.409019691772464,16.28673,14.953108,-1.333622166137694,0.09779709999999997,0.11658884,0.018791738398456603
15837,0.30282600000000004,0.24336629,-0.05945971384143833,20.338320000000003,16.4293,-3.909019691772464,16.88673,14.953108,-1.9336221661376953,0.09779709999999997,0.11658884,0.018791738398456603
15843,0.21282599999999996,0.24336629,0.030540286158561747,13.63832,16.4293,2.790980308227539,14.18673,14.953108,0.766377833862304,0.1477970999999999,0.11658884,-0.03120826160154333
15844,0.262826,0.24336629,-0.019459713841438298,15.13832,16.4293,1.2909803082275388,15.78673,14.953108,-0.8336221661376957,0.17779709999999993,0.11658884,-0.06120826160154336
15845,0.29282600000000003,0.24336629,-0.049459713841438324,18.73832,16.4293,-2.3090196917724626,17.48673,14.953108,-2.5336221661376968,0.23779709999999998,0.11658884,-0.12120826160154341
15846,0.252826,0.24336629,-0.009459713841438289,18.73832,16.4293,-2.3090196917724626,16.48673,14.953108,-1.5336221661376968,0.10779709999999998,0.11658884,0.008791738398456594
16106,0.0015540000000000553,0.048345186,0.04679118581628794,8.90036,12.018134,3.1177741171264657,5.6126000000000005,8.601918,2.989318220520019,-0.037971599999999994,0.017775085,0.055746684823369974
16107,0.0015540000000000553,0.048345186,0.04679118581628794,11.50036,12.018134,0.5177741171264643,7.6126000000000005,8.601918,0.989318220520019,-0.037971599999999994,0.017775085,0.055746684823369974
16109,0.03155400000000008,0.048345186,0.016791185816287912,10.600360000000002,12.018134,1.4177741171264628,8.632600000000002,8.601918,-0.030681779479982296,0.019028400000000056,0.017775085,-0.0012533151766300765
16140,-0.007784999999999931,-0.042773645,-0.03498864537119872,6.738349999999997,7.42507,0.686719808959964,4.637250000000002,4.46353,-0.17371993637085126,0.002264100000000102,-0.006858452,-0.009122552223241431
16141,-0.007784999999999931,0.018176237,0.025961237121224334,4.788349999999998,9.461954,4.673604116821291,2.3972499999999997,6.6275234,4.230273422241211,-0.03773589999999993,0.0030808132,0.04081671321418279
16142,0.002215000000000078,0.018176237,0.015961237121224325,5.658349999999999,9.461954,3.8036041168212904,4.2272500000000015,6.6275234,2.4002734222412094,0.002264100000000102,0.0030808132,0.0008167132141827516
16143,0.002215000000000078,0.018176237,0.015961237121224325,4.77835,9.461954,4.683604116821289,3.1472499999999997,6.6275234,3.4802734222412113,-0.007735899999999907,0.0030808132,0.01081671321418276
16144,0.002215000000000078,0.018176237,0.015961237121224325,4.77835,9.461954,4.683604116821289,3.1472499999999997,6.6275234,3.4802734222412113,-0.007735899999999907,0.0030808132,0.01081671321418276
16145,-0.007784999999999931,0.018176237,0.025961237121224334,4.788349999999998,9.461954,4.673604116821291,2.327250000000003,6.6275234,4.300273422241208,-0.03773589999999993,0.0030808132,0.04081671321418279
16147,0.002215000000000078,0.018176237,0.015961237121224325,5.18835,9.461954,4.273604116821289,3.05725,6.6275234,3.570273422241211,-0.027735899999999925,0.0030808132,0.030816713214182778
16148,-0.007784999999999931,0.018176237,0.025961237121224334,4.798349999999999,9.461954,4.66360411682129,2.3472500000000025,6.6275234,4.280273422241208,-0.03773589999999993,0.0030808132,0.04081671321418279
16346,0.012386999999999926,0.035341136,0.02295413615751274,6.505680000000002,9.258571,2.7528906710815413,6.805150000000001,7.5764112,0.7712612472534168,0.09145599999999998,0.033299964,-0.058156036078691464
16355,0.022386999999999935,0.206663,0.1842759976034165,12.505680000000002,15.806715,3.301035011596678,11.50515,13.364602,1.8594520889282222,0.14145599999999992,0.1394545,-0.0020015011129378424
16356,0.022386999999999935,0.206663,0.1842759976034165,12.505680000000002,15.806715,3.301035011596678,11.50515,13.364602,1.8594520889282222,0.14145599999999992,0.1394545,-0.0020015011129378424
16357,0.07238699999999998,0.206663,0.13427599760341646,12.005680000000002,15.806715,3.801035011596678,11.50515,13.364602,1.8594520889282222,0.14145599999999992,0.1394545,-0.0020015011129378424
16358,0.3723869999999999,0.206663,-0.16572400239658347,13.005680000000002,15.806715,2.801035011596678,15.50515,13.364602,-2.1405479110717778,0.19145599999999996,0.1394545,-0.05200150111293789
16360,0.822387,0.206663,-0.6157240023965835,29.00568,15.806715,-13.198964988403322,20.50515,13.364602,-7.140547911071778,0.44145599999999996,0.1394545,-0.3020015011129379
16382,-0.057784999999999975,0.017404469,0.07518946873009202,6.388349999999999,8.725419,2.33706904449463,2.9472500000000004,6.4412956,3.4940456237792965,-0.027735899999999925,0.017563289,0.0452991890313863
16383,-0.06778499999999998,0.017404469,0.08518946873009203,6.218349999999997,8.725419,2.5070690444946315,1.8872500000000016,6.4412956,4.554045623779295,-0.05773589999999995,0.017563289,0.07529918903138633
16384,-0.06778499999999998,0.017404469,0.08518946873009203,5.268349999999998,8.725419,3.457069044494631,0.2872500000000002,6.4412956,6.154045623779297,-0.08973589999999998,0.017563289,0.10729918903138635
16399,-0.012589300000000025,-0.018449156,-0.005859855613779996,7.345469999999999,7.834487,0.48901696136474726,6.052990000000001,6.7688327,0.7158426835632312,0.03577780000000008,0.08510543,0.04932762660951606
16400,-0.04258930000000005,-0.018449156,0.02414014438622003,7.205470000000002,7.834487,0.6290169613647443,5.93299,6.7688327,0.8358426835632322,0.0557778000000001,0.08510543,0.029327626609516044
16401,-0.03258930000000004,-0.018449156,0.014140144386220022,6.725470000000001,7.834487,1.1090169613647447,5.722990000000001,6.7688327,1.0458426835632313,0.0557778000000001,0.08510543,0.029327626609516044
16402,-0.08258930000000009,-0.018449156,0.06414014438622007,7.165469999999999,7.834487,0.669016961364747,5.36299,6.7688327,1.4058426835632325,0.0557778000000001,0.08510543,0.029327626609516044
16403,-0.05125869999999999,0.030257676,0.0815163757967472,6.4666999999999994,8.766018,2.29931791381836,5.704930000000001,7.0636635,1.3587334826660147,0.09579910000000003,0.14859304,0.052793938320541356
16487,0.05927900000000008,0.064592406,0.005313406153678812,7.8967600000000004,9.371216,1.4744558203124996,11.47757,11.9179945,0.4404244992065429,0.26938680000000004,0.1815851,-0.08780169672660831
16540,-0.02723500000000012,0.016653609,0.04388860853075993,7.75046,8.658276,0.9078156042480465,7.6053599999999975,9.721289,2.115928681030276,0.08608870000000002,0.14414887,0.05806017130260466
16541,-0.04823500000000003,0.016653609,0.06488860853075984,7.4104600000000005,8.658276,1.2478156042480464,6.675359999999998,9.721289,3.0459286810302757,0.0660887,0.14414887,0.07806017130260468
16551,0.022386999999999935,0.053500038,0.03111303764033324,11.65568,12.976476,1.3207957156372068,8.40515,9.699753,1.2946028076171867,-0.05854400000000004,0.039597068,0.09814106798195843
16629,0.11544300000000007,0.07402968,-0.04141332338380821,6.32394,6.755506,0.43156603866577115,9.718829999999999,9.438236,-0.2805937634277331,0.14842279999999997,0.13161321,-0.016809590156364407
16630,0.10144300000000006,0.07402968,-0.027413323383808197,6.123940000000001,6.755506,0.6315660386657704,9.018829999999998,9.438236,0.41940623657226794,0.13842279999999996,0.13161321,-0.006809590156364398
16650,0.05253400000000008,0.04801005,-0.004523948749542317,10.846149999999998,11.023547,0.17739717254638876,11.288349999999998,9.021975,-2.266375436401365,0.16681619999999997,0.021811834,-0.14500436639482972
16654,0.002215000000000078,-0.0031917235,-0.0054067234882713144,7.958349999999999,10.593369,2.635018530273438,6.397250000000001,10.657095,4.2598449554443345,0.04226410000000003,0.15043145,0.10816735418167112
16755,-0.0176130000000001,0.026505284,0.044118284011364084,8.805680000000002,9.73128,0.9256003268432593,6.405150000000001,7.445761,1.0406112037658684,0.03145599999999993,0.039754253,0.008298252880811763
16756,-0.007613000000000092,-0.0022751545,0.005337845539778563,11.805680000000002,10.299342,-1.5063378445434594,9.805150000000001,7.525398,-2.279752222442628,0.09145599999999998,0.024810273,-0.06664572679972647
16761,0.07763999999999993,0.09517138,0.017531377062797615,16.353350000000002,13.231998,-3.121351556396487,16.680770000000003,15.558365,-1.12240513183594,0.12271939999999992,0.13978934,0.0170699428802491
16762,0.08826400000000001,0.09696146,0.008697461007595053,8.05084,10.991082,2.9402421914672843,9.480569999999998,12.3973465,2.916776496582033,0.12744659999999997,0.13711481,0.009668207963371311
16763,0.20370399999999989,0.1640815,-0.03962250101947773,13.32169,12.262121,-1.0595687994384768,14.786100000000001,13.569713,-1.2163873611450207,0.20708840000000006,0.12430306,-0.08278534221019751
16861,-0.057613000000000136,0.025433904,0.08304690356004252,8.575680000000002,8.891921,0.3162410433959941,4.995150000000001,7.1753144,2.1801644264221185,-0.008543999999999996,0.03961228,0.048156278342247005
16893,-0.057613000000000136,0.032166477,0.08977947729277624,7.2156800000000025,9.555093,2.33941281158447,2.895150000000001,7.8591905,4.964040464019774,-0.04854400000000003,0.04909149,0.0976354918482304
17144,0.06851399999999996,0.026511185,-0.04200281512880322,9.263110000000001,8.486679,-0.7764309228515636,9.882830000000002,8.387569,-1.4952605725097676,0.10898579999999991,0.1226898,0.013703998474311918
17145,0.06851399999999996,0.026511185,-0.04200281512880322,9.363110000000002,8.486679,-0.876430922851565,10.382830000000002,8.387569,-1.9952605725097676,0.13898579999999994,0.1226898,-0.01629600152568811
17146,0.10851399999999989,0.026511185,-0.08200281512880314,10.763110000000001,8.486679,-2.2764309228515636,11.882830000000002,8.387569,-3.4952605725097676,0.16898579999999996,0.1226898,-0.046296001525688135
17147,0.13851399999999991,0.026511185,-0.11200281512880317,12.263110000000001,8.486679,-3.7764309228515636,13.582830000000001,8.387569,-5.195260572509767,0.2189857999999999,0.1226898,-0.09629600152568807
17255,0.01638699999999993,0.025433904,0.009046903560042452,8.205680000000001,8.891921,0.6862410433959951,7.10515,7.1753144,0.07016442642211906,0.05345599999999995,0.03961228,-0.013843721657752939
17258,-0.0036130000000000884,0.025433904,0.02904690356004247,7.605680000000003,8.891921,1.286241043395993,5.50515,7.1753144,1.6701644264221187,0.007455999999999907,0.03961228,0.0321562783422471
17259,0.024386999999999937,0.025433904,0.0010469035600424448,18.60568,8.891921,-9.713758956604003,7.805150000000001,7.1753144,-0.629835573577882,0.06645599999999996,0.03961228,-0.02684372165775295
17716,-0.028828000000000076,-0.028453462,0.00037453817415245005,7.57076,7.487373,-0.08338712478637689,4.408440000000002,5.0942297,0.68578969818115,-0.03592989999999996,-0.037189886,-0.0012599859739303998
17768,0.02883199999999997,0.07070074,0.041868742304325135,13.28245,12.957234,-0.3252156173706062,14.54456,16.040672,1.4961123022460932,0.23287709999999995,0.2677622,0.034885113945388846
17769,0.08244399999999996,0.10270704,0.020263043290138283,22.99146,18.765913,-4.225546990356445,21.34637,19.809986,-1.5363838854980472,0.22879779999999994,0.28035316,0.051555358712387145
17770,0.14180099999999995,0.101581186,-0.04021981394386287,18.17923,17.406,-0.7732298626708989,20.27234,19.186104,-1.0862361791992186,0.3519151,0.28470406,-0.06721104063758848
17869,0.332387,0.026505284,-0.305881715988636,13.755680000000002,9.73128,-4.02439967315674,15.38515,7.445761,-7.93938879623413,0.32545599999999997,0.039754253,-0.2857017471191883
17870,0.20238699999999998,0.026505284,-0.175881715988636,12.74568,9.73128,-3.0143996731567384,12.97515,7.445761,-5.52938879623413,0.16945599999999994,0.039754253,-0.12970174711918825
17871,0.14238699999999993,0.026505284,-0.11588171598863595,9.235680000000002,9.73128,0.4956003268432596,11.70515,7.445761,-4.259388796234131,0.19045599999999996,0.039754253,-0.15070174711918827
17872,0.06238699999999997,0.026505284,-0.03588171598863599,8.675680000000003,9.73128,1.0556003268432583,7.09515,7.445761,0.35061120376586885,-0.009543999999999997,0.039754253,0.04929825288081169
17873,0.04238699999999995,0.026505284,-0.01588171598863597,8.705680000000001,9.73128,1.0256003268432607,6.555150000000001,7.445761,0.890611203765868,-0.009543999999999997,0.039754253,0.04929825288081169
17874,0.05238699999999996,0.026505284,-0.025881715988635978,8.095680000000002,9.73128,1.6356003268432602,6.305150000000001,7.445761,1.140611203765868,-0.009543999999999997,0.039754253,0.04929825288081169
17875,-0.057613000000000136,0.026505284,0.08411828401136412,6.675680000000003,9.73128,3.0556003268432583,3.355150000000002,7.445761,4.090611203765867,-0.05054400000000003,0.039754253,0.09029825288081172
17886,0.08238699999999999,0.026505284,-0.055881715988636005,6.045680000000001,9.73128,3.685600326843261,8.65515,7.445761,-1.2093887962341316,0.15445599999999993,0.039754253,-0.11470174711918824
17888,-0.0176130000000001,0.026505284,0.044118284011364084,7.945680000000003,9.73128,1.7856003268432588,2.815149999999999,7.445761,4.63061120376587,-0.05454400000000004,0.039754253,0.09429825288081173
17889,-0.03761300000000012,0.026505284,0.0641182840113641,6.935680000000001,9.73128,2.7956003268432603,1.765150000000002,7.445761,5.680611203765867,-0.06854400000000005,0.039754253,0.10829825288081174
17890,-0.057613000000000136,-0.03254028,0.025072719628095763,5.83568,7.9432735,2.1075935443115235,3.4451500000000017,4.762016,1.3168658195495588,0.006455999999999906,0.0049363896,-0.001519610374927427
18010,-0.1215885000000001,-0.052083924,0.06950457558727274,4.4962800000000005,6.0243707,1.528090670318603,4.447769999999999,6.461965,2.0141950840759284,0.2022463,0.21634324,0.014096938949775706
18012,-0.11025920000000011,-0.07977151,0.03048768874330532,9.80107,9.033212,-0.7678582919311516,9.688480000000002,8.112777,-1.5757032437133809,0.21003019999999994,0.19099751,-0.019032688851547186
18013,-0.07761300000000015,0.041200943,0.11881394329118744,11.005680000000002,8.532976,-2.4727038494873064,6.70515,7.4501486,0.7449985824584964,-0.008543999999999996,0.075258024,0.0838020240368843
18064,0.24319900000000005,0.18841414,-0.05478485846424108,9.202200000000001,9.287786,0.08558553009033076,11.37851,10.587973,-0.7905373590087894,0.1828033,0.17006972,-0.012733575678634645
18065,0.2174060000000001,0.15444598,-0.06296002398109446,19.635419999999996,15.762099,-3.8733207339477502,22.652050000000003,18.17694,-4.475109082031253,0.3120335000000001,0.23748049,-0.07455300860023506
18066,0.011300000000000088,0.07345693,0.06215692813396445,5.734930000000002,8.153323,2.418393173522947,5.584589999999999,8.837173,3.252583461914064,0.052723500000000034,0.10939286,0.05666935904169079
18068,-0.00869999999999993,0.01730044,0.02600043999850743,6.784930000000003,7.412974,0.6280438807678195,6.51459,8.01407,1.4994795571899413,0.06272350000000004,0.08690339,0.024179893268585162
18069,0.031300000000000106,0.0424712,0.011171200227737321,7.0949300000000015,7.661999,0.5670692256164536,7.744589999999999,8.909857,1.1652667962646497,0.08272350000000006,0.10581553,0.023092029823303162
18113,0.09931900000000005,0.017178802,-0.08214019818031792,13.32357,10.265108,-3.0584618914794923,10.85186,8.218154,-2.633706046447754,0.014126400000000094,0.030527174,0.016400774472808743
18131,-0.08801000000000014,0.03862855,0.1266385483837129,7.241590000000002,9.9835,2.741909526977537,1.9550800000000024,7.397697,5.442616971893308,-0.07651640000000004,0.031193871,0.10771027105107311
18133,0.09483520000000001,0.030699797,-0.06413540302534104,4.545310000000001,6.5218673,1.9765572752380365,4.38747,5.4386854,1.0512154171752925,0.00031400000000003647,-0.0043010055,-0.004615005508750714
18134,0.08993849999999992,0.03529439,-0.05464410878515236,10.15651,8.903039,-1.2534710214233407,8.46425,6.610562,-1.8536881523132323,0.02050989999999997,0.0480109,0.027501000616645843
18136,0.12098799999999998,-0.007027357,-0.12801535688537358,8.40156,7.995538,-0.40602176528930656,8.894659999999998,6.6674438,-2.22721624771118,0.08722530000000006,0.051506747,-0.0357185534396649
18166,0.11662500000000009,0.046906646,-0.06971835365891466,14.891109999999998,11.617532,-3.273578223571775,18.15246,11.540856,-6.611603638610841,0.4045896,0.22693382,-0.1776557779642105
18171,0.013999000000000095,0.027965399,0.013966398505329991,11.477609999999999,11.656723,0.17911302246093896,10.325389999999999,10.161781,-0.16360868896484249,0.06059910000000002,0.06779466,0.007195558243656142
18172,0.013999000000000095,0.027965399,0.013966398505329991,11.677610000000001,11.656723,-0.020886977539063878,10.92539,10.161781,-0.7636086889648439,0.08059909999999992,0.06779466,-0.012804441756343765
18173,-0.02600099999999994,0.027965399,0.05396639850533003,10.87761,11.656723,0.7791130224609368,8.325389999999999,10.161781,1.8363913110351575,0.010599099999999972,0.06779466,0.057195558243656186
18174,0.013999000000000095,0.027965399,0.013966398505329991,11.27761,11.656723,0.37911302246093825,9.42539,10.161781,0.7363913110351561,0.03059909999999999,0.06779466,0.03719555824365617
18175,0.17600300000000013,0.093267664,-0.08273533568668379,10.59808,6.6241302,-3.973949750976562,14.029720000000001,8.588879,-5.440841368408204,0.46269989999999994,0.20620038,-0.2564995238470077
18177,0.10600300000000007,0.093267664,-0.012735335686683724,2.998079999999998,6.6241302,3.6260502490234394,6.40972,8.588879,2.179158631591797,0.1526999,0.20620038,0.05350047615299225
18191,0.07698099999999997,0.07350626,-0.003474741571903195,15.224429999999998,11.449175,-3.775255119018553,12.501209999999999,10.769907,-1.7313030023193345,0.0384814,0.07879492,0.04031351895437241
18233,0.0014879999999999338,0.0060668816,0.004578881585866279,9.901820000000004,9.068841,-0.8329790194702191,5.716439999999999,5.8587556,0.1423155885314955,-0.05369219999999997,0.001414735,0.05510693498661068
18235,0.03148799999999996,0.0060668816,-0.025421118414133748,8.851820000000004,9.068841,0.21702098052978158,5.616439999999999,5.8587556,0.24231558853149515,-0.04369219999999996,0.001414735,0.04510693498661067
18358,0.3223218,0.28754738,-0.034774420267868034,16.41386,15.13146,-1.2823998101806637,16.14024,15.654175,-0.4860651953124986,0.15182680000000004,0.1639361,0.01210929344959255
18360,0.09738699999999989,0.19465937,0.09727236720371257,16.225680000000004,19.288755,3.063075416870113,13.34515,16.438446,3.0932960449218747,0.08145599999999997,0.23241697,0.15096097251796725
18361,0.332387,0.19465937,-0.13772763279628752,20.60568,19.288755,-1.3169245831298824,18.40515,16.438446,-1.966703955078124,0.32145599999999996,0.23241697,-0.08903902748203274
18364,0.20238699999999998,0.19465937,-0.00772763279628752,19.70568,19.288755,-0.4169245831298838,17.105150000000002,16.438446,-0.6667039550781269,0.25145599999999996,0.23241697,-0.019039027482032733
18365,0.19238699999999997,0.19465937,0.0022723672037124887,19.10568,19.288755,0.18307541687011764,16.50515,16.438446,-0.06670395507812543,0.21145599999999998,0.23241697,0.020960972517967247
18366,0.20238699999999998,0.19465937,-0.00772763279628752,20.50568,19.288755,-1.2169245831298845,17.30515,16.438446,-0.8667039550781261,0.25145599999999996,0.23241697,-0.019039027482032733
18367,0.21238699999999988,0.19465937,-0.017727632796287418,22.20568,19.288755,-2.916924583129884,18.20515,16.438446,-1.7667039550781247,0.281456,0.23241697,-0.04903902748203276
18368,0.18538699999999986,0.19465937,0.009272367203712606,19.06568,19.288755,0.22307541687011678,16.52515,16.438446,-0.086703955078125,0.21045599999999998,0.23241697,0.021960972517967248
18456,0.31199,0.03862855,-0.2733614516162872,15.421590000000002,9.9835,-5.438090473022463,16.08508,7.397697,-8.68738302810669,0.24348359999999997,0.031193871,-0.2122897289489269
18457,0.05198999999999998,0.03862855,-0.013361451616287212,10.721590000000003,9.9835,-0.7380904730224636,8.085080000000001,7.397697,-0.6873830281066908,-0.006516399999999978,0.031193871,0.03771027105107305
18458,0.30199,0.03862855,-0.2633614516162872,20.921590000000002,9.9835,-10.938090473022463,17.98508,7.397697,-10.58738302810669,0.2534836,0.031193871,-0.2222897289489269
18459,0.13198999999999994,0.03862855,-0.09336145161628717,15.521590000000002,9.9835,-5.5380904730224625,12.48508,7.397697,-5.087383028106689,0.10348360000000001,0.031193871,-0.07228972894892693
18548,-0.04830000000000001,-0.01908025,0.029219750407338152,9.92342,7.9417853,-1.9816346644592286,3.321159999999999,6.977894,3.656733829345704,0.08136260000000006,0.113329254,0.03196665409078592
18591,0.032215000000000105,0.058393676,0.0261786758339404,6.708349999999999,9.086657,2.378306570434571,4.807250000000002,6.4268255,1.6195755233764633,-0.01973590000000003,-0.010998353,0.008737546637916593
18593,-0.007784999999999931,0.058393676,0.06617867583394044,7.038349999999998,9.086657,2.0483065704345726,3.707250000000002,6.4268255,2.719575523376463,-0.049735899999999944,-0.010998353,0.03873754663791651
18897,0.16680000000000006,0.15944314,-0.007356859970092833,11.438210000000002,11.978852,0.5406422720336899,12.883309999999998,12.591817,-0.2914930978393535,0.1945831,0.14910203,-0.04548106781539918
18972,0.045600000000000085,0.023160314,-0.02243968581259259,11.082550000000001,11.419043,0.3364925872802722,12.354080000000002,11.8478565,-0.5062234783935562,0.12870480000000006,0.11407601,-0.014628789117145602
18973,0.04060000000000008,0.023160314,-0.017439685812592587,10.062550000000002,11.419043,1.3564925872802718,11.31408,11.8478565,0.5337765216064447,0.11470479999999994,0.11407601,-0.0006287891171454785
18974,0.03160000000000007,0.023160314,-0.008439685812592579,9.832550000000001,11.419043,1.5864925872802722,10.074080000000002,11.8478565,1.7737765216064432,0.07070480000000001,0.11407601,0.04337121088285445
18975,0.035600000000000076,0.023160314,-0.012439685812592582,9.992550000000001,11.419043,1.426492587280272,10.404080000000002,11.8478565,1.443776521606443,0.07770479999999991,0.11407601,0.036371210882854554
19092,0.022386999999999935,0.021625305,-0.0007616954053639713,13.715680000000003,12.349843,-1.365836974792483,11.305150000000001,10.21714,-1.088009802246095,0.09145599999999998,0.088372484,-0.00308351615047453
19093,-0.06261300000000003,0.021625305,0.084238304594636,13.445680000000001,12.349843,-1.0958369747924817,9.70515,10.21714,0.5119901977539065,0.051455999999999946,0.088372484,0.036916483849525505
19094,-0.04161300000000012,0.021625305,0.06323830459463609,13.305680000000002,12.349843,-0.9558369747924829,9.70515,10.21714,0.5119901977539065,0.051455999999999946,0.088372484,0.036916483849525505
19198,0.011009000000000047,-0.006503611,-0.01751261087173228,7.177890000000001,7.043301,-0.13458889450073386,7.068549999999998,6.666754,-0.4017962310790999,0.08476320000000004,0.031982288,-0.05278091223545078
19202,-0.003775000000000084,0.033724323,0.03749932291507729,16.696040000000004,11.843087,-4.852952803649906,16.12153,12.639714,-3.481815758972168,0.1615088,0.14232644,-0.019182355612564095
19244,-0.03878499999999985,0.03694304,0.07572804078817352,7.8783499999999975,8.0376835,0.15933348693847904,4.807250000000002,6.0258136,1.2185635795593246,-0.011735900000000021,0.03235132,0.04408721874680521
19291,-0.07923600000000008,-0.0064266142,0.0728093857564629,2.3797200000000025,4.4777594,2.0980393612670873,-0.20638999999999896,2.9107518,3.1171418196105947,-0.030698899999999973,0.020220349,0.05091924861147401
19342,0.006939600000000046,-0.034540877,-0.04148047674617772,11.826110000000002,11.289079,-0.5370312875366228,12.053180000000001,9.4189625,-2.634217521362306,0.39010999999999996,0.24294773,-0.14716227255821224
19344,-0.11306040000000006,-0.034540877,0.07851952325382239,10.526110000000001,11.289079,0.7629687124633779,7.85318,9.4189625,1.5657824786376953,0.12010999999999994,0.24294773,0.12283772744178778
19346,0.021525999999999934,-0.044932485,-0.06645848462676995,13.160549999999999,10.757371,-2.403179051208495,13.2034,9.271689,-3.931710585021973,0.3717889,0.18127872,-0.19051017950191496
19348,-0.06847400000000015,-0.044932485,0.023541515373230126,10.260549999999999,10.757371,0.4968209487915054,7.7034,9.271689,1.568289414978027,0.11178889999999997,0.18127872,0.06948982049808505
19349,-0.08847400000000016,-0.044932485,0.043541515373230144,9.56055,10.757371,1.1968209487915047,6.9033999999999995,9.271689,2.368289414978028,0.08178890000000005,0.18127872,0.09948982049808497
19455,-0.04820599999999997,-0.022673355,0.025532644584536524,15.4158,10.230096,-5.185704136657716,12.249519999999999,8.788832,-3.460688289184569,0.013294299999999981,0.08435115,0.07105685218162539
19456,-0.05820599999999998,-0.022673355,0.03553264458453653,7.6158,10.230096,2.614295863342285,6.049519999999998,8.788832,2.739311710815432,0.0342943,0.08435115,0.050056852181625366
19467,-0.03778499999999996,0.018176237,0.05596123712122436,7.8683499999999995,9.461954,1.5936041168212896,4.847250000000001,6.6275234,1.7802734222412102,-0.007735899999999907,0.0030808132,0.01081671321418276
19468,-0.07778499999999999,0.018176237,0.0959612371212244,7.678349999999998,9.461954,1.7836041168212908,2.247250000000001,6.6275234,4.38027342224121,-0.08773589999999998,0.0030808132,0.09081671321418283
19551,0.00021500000000007624,0.02791988,0.027704879183173103,7.178349999999998,8.079216,0.9008660034179705,4.8572500000000005,6.689999,1.832749103546142,-0.00973590000000002,0.04394614,0.05368203951444628
19552,-0.007784999999999931,0.02791988,0.03570487918317311,7.538349999999998,8.079216,0.5408660034179711,5.207250000000002,6.689999,1.4827491035461406,0.002264100000000102,0.04394614,0.041682039514446156
19592,0.10985100000000003,0.020920034,-0.08893096550202373,12.987359999999999,11.386119,-1.6012411111450184,16.128130000000002,12.413275,-3.714855234985354,0.1979033,0.12871799,-0.06918531127052308
19594,0.019851000000000063,0.020920034,0.00106903449797624,12.637360000000001,11.386119,-1.2512411111450206,13.728130000000002,12.413275,-1.3148552349853535,0.14690329999999996,0.12871799,-0.01818531127052303
19595,-0.010148999999999964,0.020920034,0.031069034497976267,11.62736,11.386119,-0.241241111145019,11.11813,12.413275,1.2951447650146477,0.0799032999999999,0.12871799,0.04881468872947703
19616,-0.008010000000000073,0.050446026,0.05845602602720268,7.221590000000003,10.029595,2.8080053750610325,3.7850800000000007,7.972355,4.187274888916015,-0.05451640000000002,0.015885178,0.0704015779997349
19617,-0.008010000000000073,0.050446026,0.05845602602720268,4.121590000000001,10.029595,5.908005375061034,1.0850800000000014,7.972355,6.887274888916014,-0.06551640000000003,0.015885178,0.08140157799973491
19820,-0.007784999999999931,0.017404469,0.02518946873009198,9.558349999999997,8.725419,-0.8329309555053683,6.507250000000001,6.4412956,-0.06595437622070399,-0.007735899999999907,0.017563289,0.025299189031386282
19827,0.3305867,0.16342014,-0.1671665592567444,16.26598,15.598512,-0.6674683041381826,17.0024,15.7224455,-1.2799545120239273,0.4321154,0.3665411,-0.0655743123725891
19829,0.04058670000000009,0.16342014,0.12283344074325553,14.465979999999998,15.598512,1.1325316958618181,14.6024,15.7224455,1.1200454879760748,0.3321154,0.3665411,0.034425687627410884
19830,0.26058670000000006,0.16342014,-0.09716655925674444,15.865979999999999,15.598512,-0.26746830413818223,16.5024,15.7224455,-0.7799545120239273,0.4021154,0.3665411,-0.03557431237258912
19831,0.02058670000000007,0.16342014,0.14283344074325555,14.165979999999998,15.598512,1.4325316958618188,14.5024,15.7224455,1.2200454879760745,0.3421154,0.3665411,0.024425687627410875
19832,0.12058670000000005,0.16342014,0.04283344074325557,15.165979999999998,15.598512,0.43253169586181883,15.1024,15.7224455,0.6200454879760748,0.3221154,0.3665411,0.04442568762741089
19833,0.18244399999999994,0.10270704,-0.0797369567098617,18.99146,18.765913,-0.22554699035644532,20.746370000000002,19.809986,-0.9363838854980493,0.2987978,0.28035316,-0.018444641287612917
19834,0.1324439999999999,0.10270704,-0.02973695670986165,19.99146,18.765913,-1.2255469903564453,21.14637,19.809986,-1.3363838854980479,0.3187978,0.28035316,-0.038444641287612935
19835,0.02883199999999997,0.07070074,0.041868742304325135,13.28245,12.957234,-0.3252156173706062,14.54456,16.040672,1.4961123022460932,0.23287709999999995,0.2677622,0.034885113945388846
19837,0.12883199999999995,0.07070074,-0.05813125769567484,13.68245,12.957234,-0.7252156173706048,18.74456,16.040672,-2.703887697753906,0.3528771,0.2677622,-0.0851148860546112
19839,0.1324439999999999,0.10270704,-0.02973695670986165,20.891460000000002,18.765913,-2.1255469903564475,21.64637,19.809986,-1.8363838854980479,0.3287978,0.28035316,-0.04844464128761289
19841,0.16180099999999997,0.101581186,-0.06021981394386289,19.37923,17.406,-1.9732298626708982,20.572339999999997,19.186104,-1.3862361791992157,0.3219151,0.28470406,-0.03721104063758851
19843,0.027392000000000083,0.05837004,0.030978038866996682,11.94256,12.572822,0.6302616171264646,13.118670000000002,15.788248,2.6695780621337875,0.16386619999999996,0.26250458,0.09863837763671879
19844,0.06739200000000012,0.05837004,-0.009021961133003353,11.742560000000001,12.572822,0.8302616171264638,17.61867,15.788248,-1.8304219378662125,0.3838662,0.26250458,-0.12136162236328124
19858,0.03698999999999997,0.043125305,0.006135305324792895,14.081590000000002,11.187959,-2.8936312826538106,11.665080000000001,9.534823,-2.1302565823364272,0.0914836,0.064998396,-0.026485204259014128
19861,0.13698999999999995,0.043125305,-0.09386469467520708,14.06159,11.187959,-2.8736312826538093,13.27508,9.534823,-3.7402565823364267,0.14648359999999994,0.064998396,-0.08148520425901407
19914,0.274602,0.14309154,-0.131510455491066,12.0003,10.755424,-1.244876454162597,16.577130000000004,14.21733,-2.359800021057133,0.21550750000000007,0.20912951,-0.006377987689971998
19915,0.38466199999999995,0.16354062,-0.22112138336849207,13.29973,13.598031,0.2983010440063474,18.62511,15.993839,-2.6312707360839838,0.21319050000000006,0.2201101,0.006919603487968384
19916,0.10460199999999997,0.14309154,0.03848954450893405,11.860299999999999,10.755424,-1.1048764541625964,13.547130000000001,14.21733,0.6701999789428701,0.16550750000000003,0.20912951,0.04362201231002805
19917,0.05460200000000004,0.14309154,0.08848954450893398,10.770299999999999,10.755424,-0.01487645416259653,12.997130000000002,14.21733,1.220199978942869,0.19550750000000006,0.20912951,0.01362201231002802
19918,0.20460200000000006,0.14309154,-0.06151045549106604,11.9603,10.755424,-1.2048764541625978,16.75713,14.21733,-2.539800021057129,0.2755075,0.20912951,-0.06637798768997194
19919,0.19460200000000005,0.14309154,-0.05151045549106603,11.8403,10.755424,-1.0848764541625968,17.12713,14.21733,-2.90980002105713,0.31550750000000005,0.20912951,-0.10637798768997198
19920,0.05460200000000004,0.14309154,0.08848954450893398,8.200299999999999,10.755424,2.5551235458374038,10.39713,14.21733,3.8201999789428704,0.21950749999999997,0.20912951,-0.01037798768997189
19921,0.039602000000000026,0.14309154,0.103489544508934,7.970300000000002,10.755424,2.7851235458374006,10.05713,14.21733,4.16019997894287,0.1435075,0.20912951,0.06562201231002807
19928,0.07221500000000014,0.07218507,-2.993067741408062e-05,8.478349999999999,8.94087,0.46252028503418074,8.51725,7.797427,-0.7198228225708014,0.09126410000000007,0.076455,-0.014809102937316965
19929,0.022215000000000096,0.07218507,0.049970069322585964,7.27835,8.94087,1.66252028503418,6.957250000000002,7.797427,0.8401771774291973,0.07026410000000005,0.076455,0.006190897062683054
20127,6.000000000017103e-05,0.0059198234,0.005859823423027821,8.103659999999998,7.271903,-0.8317569619750955,7.350839999999998,8.010826,0.6599861108398457,0.05278970000000005,0.12640037,0.07361066642551417
20129,-0.009939999999999838,0.0059198234,0.01585982342302783,7.59366,7.271903,-0.3217569619750975,7.890839999999999,8.010826,0.11998611083984478,0.11278969999999999,0.12640037,0.013610666425514228
20131,-0.018939999999999957,0.0059198234,0.02485982342302795,7.813659999999999,7.271903,-0.5417569619750964,8.20084,8.010826,-0.1900138891601557,0.1227897,0.12640037,0.0036106664255142196
20132,0.049868000000000134,0.02134913,-0.028518869801640645,11.199940000000002,10.720896,-0.4790442327880875,12.994439999999999,11.3190775,-1.6753625082397452,0.17442990000000003,0.16077812,-0.013651779839897182
20133,0.001060000000000061,0.0059198234,0.004859823423027931,8.29366,7.271903,-1.0217569619750968,8.62084,8.010826,-0.6100138891601556,0.1227897,0.12640037,0.0036106664255142196
20134,-0.01193999999999984,0.0059198234,0.017859823423027832,8.173659999999998,7.271903,-0.9017569619750958,7.640839999999999,8.010826,0.3699861108398448,0.07278970000000007,0.12640037,0.05361066642551415
20137,0.0040600000000000636,0.0059198234,0.0018598234230279287,8.32366,7.271903,-1.051756961975098,9.62084,8.010826,-1.6100138891601556,0.16278970000000004,0.12640037,-0.036389333574485816
20347,-0.03920199999999996,0.014722044,0.05392404364836212,7.93967,9.704583,1.7649131680297856,7.769459999999999,8.956269,1.1868092642211927,0.07593260000000002,0.11772084,0.04178824236145018
20348,-0.03920199999999996,0.014722044,0.05392404364836212,7.93967,9.704583,1.7649131680297856,8.06946,8.956269,0.886809264221192,0.08793260000000003,0.11772084,0.029788242361450168
20371,0.081488,-0.00059860025,-0.08208660025066883,11.241820000000004,8.350031,-2.8917891009521526,15.116439999999999,5.334966,-9.781473817291259,0.39630780000000004,0.01073434,-0.38557345982401375
20448,0.002215000000000078,0.017404469,0.01518946873009197,8.43835,8.725419,0.2870690444946291,6.907250000000001,6.4412956,-0.46595437622070435,0.03226410000000002,0.017563289,-0.014700810968613642
20449,-0.03778499999999996,0.017404469,0.055189468730092006,7.638349999999999,8.725419,1.0870690444946298,5.1072500000000005,6.4412956,1.3340456237792964,0.0122641,0.017563289,0.005299189031386375
20456,-0.05698500000000006,-0.048459247,0.008525753245353762,5.447780000000002,7.0682454,1.6204654109191878,3.874769999999998,3.644869,-0.22990091087341114,0.023006299999999924,0.025389222,0.002382922428202705
20459,-0.07121500000000003,-0.048459247,0.022755753245353727,3.3977000000000004,4.759277,1.3615768669128414,0.01576999999999984,2.116758,2.1009881081390382,-0.0007619000000000931,0.013565002,0.014326902009272668
20460,-0.07721500000000003,-0.048459247,0.028755753245353732,2.8176999999999985,4.759277,1.9415768669128433,-0.38422999999999874,2.116758,2.500988108139037,-0.03076190000000001,0.013565002,0.044326902009272584
20461,-0.039215,-0.048459247,-0.009244246754646301,3.457699999999999,4.759277,1.3015768669128427,0.4757700000000007,2.116758,1.6409881081390374,0.004238099999999911,0.013565002,0.009326902009272664
20462,-0.035214999999999996,-0.048459247,-0.013244246754646305,4.6777000000000015,4.759277,0.08157686691284027,1.0057699999999983,2.116758,1.1109881081390398,0.03823810000000005,0.013565002,-0.024673097990727477
20464,-0.05321500000000001,-0.048459247,0.004755753245353711,5.447700000000001,4.759277,-0.6884231330871593,3.4957700000000003,2.116758,-1.3790118918609622,0.01423809999999992,0.013565002,-0.0006730979907273449
20466,-0.06721500000000002,-0.048459247,0.018755753245353723,4.517700000000001,4.759277,0.24157686691284042,2.2457700000000003,2.116758,-0.12901189186096218,-0.0007619000000000931,0.013565002,0.014326902009272668
20467,-0.07121500000000003,-0.048459247,0.022755753245353727,3.3977000000000004,4.759277,1.3615768669128414,1.4057700000000004,2.116758,0.7109881081390377,-0.0007619000000000931,0.013565002,0.014326902009272668
20468,-0.07721500000000003,-0.048459247,0.028755753245353732,2.8176999999999985,4.759277,1.9415768669128433,0.11577000000000126,2.116758,2.000988108139037,-0.03076190000000001,0.013565002,0.044326902009272584
20469,-0.039215,-0.048459247,-0.009244246754646301,3.457699999999999,4.759277,1.3015768669128427,1.9657699999999991,2.116758,0.15098810813903896,0.004238099999999911,0.013565002,0.009326902009272664
20470,-0.035214999999999996,-0.048459247,-0.013244246754646305,4.6777000000000015,4.759277,0.08157686691284027,3.6557700000000004,2.116758,-1.5390118918609623,0.03823810000000005,0.013565002,-0.024673097990727477
20471,-0.01821499999999987,-0.048459247,-0.03024424675464643,5.367699999999999,4.759277,-0.6084231330871575,5.17577,2.116758,-3.059011891860962,0.07523809999999997,0.013565002,-0.0616730979907274
20473,-0.05321500000000001,-0.048459247,0.004755753245353711,4.357700000000001,4.759277,0.40157686691284056,1.3657700000000013,2.116758,0.7509881081390368,0.05023809999999995,0.013565002,-0.03667309799072738
20474,-0.058214999999999906,-0.048459247,0.009755753245353604,4.457699999999999,4.759277,0.3015768669128427,2.135769999999999,2.116758,-0.019011891860960972,0.010238099999999917,0.013565002,0.0033269020092726587
20475,-0.057215000000000016,-0.048459247,0.008755753245353715,4.9277000000000015,4.759277,-0.16842313308715973,1.7157699999999991,2.116758,0.40098810813903896,0.011238100000000029,0.013565002,0.0023269020092725468
20477,-0.0542149999999999,-0.048459247,0.005755753245353601,4.747700000000002,4.759277,0.01157686691283999,1.1457699999999988,2.116758,0.9709881081390392,-0.0007619000000000931,0.013565002,0.014326902009272668
20478,-0.057215000000000016,-0.048459247,0.008755753245353715,4.637699999999999,4.759277,0.12157686691284297,1.555769999999999,2.116758,0.5609881081390391,0.01323810000000003,0.013565002,0.000326902009272545
20479,-0.05321500000000001,-0.048459247,0.004755753245353711,4.7377,4.759277,0.021576866912841552,2.1957699999999996,2.116758,-0.07901189186096147,0.006238100000000024,0.013565002,0.007326902009272551
20480,-0.058214999999999906,-0.048459247,0.009755753245353604,4.9177,4.759277,-0.15842313308715816,1.6957699999999996,2.116758,0.42098810813903853,-0.002761900000000095,0.013565002,0.01632690200927267
20481,-0.057215000000000016,-0.048459247,0.008755753245353715,4.6677,4.759277,0.09157686691284184,1.7957699999999992,2.116758,0.3209881081390389,0.00023809999999990783,0.013565002,0.013326902009272668
20482,-0.05321500000000001,-0.048459247,0.004755753245353711,4.997700000000002,4.759277,-0.23842313308716,2.41577,2.116758,-0.2990118918609621,0.010238099999999917,0.013565002,0.0033269020092726587
20483,-0.05121500000000001,-0.048459247,0.0027557532453537092,5.247700000000002,4.759277,-0.48842313308716,2.26577,2.116758,-0.14901189186096175,-0.0037618999999999847,0.013565002,0.01732690200927256
20485,-0.057215000000000016,-0.048459247,0.008755753245353715,5.1777000000000015,4.759277,-0.4184231330871597,1.8257700000000003,2.116758,0.29098810813903775,0.0012381000000000197,0.013565002,0.012326902009272556
20506,-0.00828300000000004,0.017027263,0.02531026259827618,8.960720000000002,9.892956,0.9322357800292949,5.5389,7.306717,1.7678169189453126,-0.0449948,0.01879591,0.06379070936005116
20507,0.07171700000000003,0.017027263,-0.05468973740172389,8.960720000000002,9.892956,0.9322357800292949,8.0389,7.306717,-0.7321830810546874,0.04500519999999997,0.01879591,-0.026209290639948812
20508,0.0017169999999999686,0.017027263,0.01531026259827617,9.660720000000001,9.892956,0.23223578002929557,6.6389,7.306717,0.6678169189453129,-0.004994799999999966,0.01879591,0.02379070936005112
20511,-0.00828300000000004,0.017027263,0.02531026259827618,8.76072,9.892956,1.1322357800292977,5.4389,7.306717,1.8678169189453122,-0.024994799999999984,0.01879591,0.04379070936005114
20512,-0.03828300000000007,0.017027263,0.055310262598276205,8.160720000000001,9.892956,1.7322357800292956,4.738899999999999,7.306717,2.5678169189453133,-0.014994799999999975,0.01879591,0.03379070936005113
20513,-0.00828300000000004,0.017027263,0.02531026259827618,10.160720000000001,9.892956,-0.26776421997070443,7.1389,7.306717,0.16781691894531292,0.005005200000000043,0.01879591,0.013790709360051112
20514,-0.01828300000000005,0.017027263,0.03531026259827619,10.460720000000002,9.892956,-0.5677642199707051,6.738899999999999,7.306717,0.5678169189453133,-0.014994799999999975,0.01879591,0.03379070936005113
20515,-0.01828300000000005,0.017027263,0.03531026259827619,10.960720000000002,9.892956,-1.0677642199707051,7.338899999999999,7.306717,-0.03218308105468637,-0.004994799999999966,0.01879591,0.02379070936005112
20516,-0.01828300000000005,0.017027263,0.03531026259827619,9.86072,9.892956,0.03223578002929628,6.6389,7.306717,0.6678169189453129,-0.004994799999999966,0.01879591,0.02379070936005112
20726,-0.09030999999999989,-0.040862177,0.049447823432683835,6.975769999999997,7.9658456,0.9900755848693876,2.147680000000001,5.5598526,3.412172600097655,-0.05907969999999996,0.03607021,0.0951499089965343
20730,-0.09030999999999989,-0.040862177,0.049447823432683835,8.275769999999998,7.9658456,-0.3099244151306131,3.1676800000000007,5.5598526,2.3921726000976555,-0.06207969999999985,0.03607021,0.0981499089965342
20787,0.07238699999999998,0.026505284,-0.045881715988635996,9.805680000000002,9.73128,-0.07439967315674068,8.70515,7.445761,-1.2593887962341306,0.04145599999999994,0.039754253,-0.001701747119188246
20797,0.16537299999999988,0.13300414,-0.032368856165885806,15.113229999999998,13.873668,-1.2395622830200175,16.23133,14.328672,-1.9026575909423826,0.1098519,0.108351745,-0.001500155288600924
20828,0.06369200000000008,0.14928909,0.08559708646106712,8.862210000000001,10.454251,1.5920412893676748,8.45159,10.601687,2.1500974313354497,0.06840489999999999,0.1120813,0.04367639674196244
20830,0.100692,0.14928909,0.048597086461067196,9.362210000000001,10.454251,1.0920412893676748,10.251589999999998,10.601687,0.3500974313354508,0.12840490000000004,0.1120813,-0.01632360325803761
20831,0.3036920000000001,0.14928909,-0.15440291353893287,13.362210000000001,10.454251,-2.9079587106323252,14.55159,10.601687,-3.94990256866455,0.16840489999999997,0.1120813,-0.056323603258037536
20850,0.045135999999999954,0.035399348,-0.009736652456283523,12.838170000000002,12.600582,-0.23758787719726726,14.01048,13.70147,-0.3090096249389642,0.1413118000000001,0.1396512,-0.0016606057851792366
20870,-0.07888399999999995,-0.057410978,0.021473022219181015,4.708970000000001,6.7591996,2.050229619293212,0.7002500000000005,3.6941109,2.9938608703613276,-0.06649400000000005,0.009258099,0.0757520989003182
20873,-0.07888399999999995,-0.057410978,0.021473022219181015,5.288969999999999,6.7591996,1.4702296192932138,1.2902500000000003,3.6941109,2.403860870361328,-0.04849400000000004,0.009258099,0.05775209890031818
20874,-0.07788400000000006,-0.057410978,0.020473022219181125,5.67897,6.7591996,1.0802296192932133,2.000250000000001,3.6941109,1.693860870361327,-0.032494000000000134,0.009258099,0.04175209890031828
20889,0.04969000000000012,-0.0019653386,-0.051655338597074274,9.67577,9.711857,0.03608684204101564,7.987680000000001,6.3491063,-1.6385736882019053,0.021920300000000004,0.008520028,-0.013400272377419475
20890,-0.050309999999999855,-0.0019653386,0.048344661402925704,8.555769999999999,9.711857,1.1560868420410166,4.127680000000002,6.3491063,2.221426311798094,-0.058079699999999956,0.008520028,0.06659972762258048
20891,-0.015309999999999935,-0.0019653386,0.013344661402925784,8.10577,9.711857,1.606086842041016,5.087680000000001,6.3491063,1.261426311798095,-0.022079699999999924,0.008520028,0.030599727622580453
20910,0.021373000000000086,0.020284722,-0.0010882783721686273,5.603180000000002,6.7891183,1.185938289947508,6.535700000000002,8.645811,2.110111080932615,0.040985200000000055,0.119688965,0.07870376538019175
20911,0.05137300000000011,0.020284722,-0.031088278372168654,7.18318,6.7891183,-0.39406171005249035,9.6857,8.645811,-1.0398889190673835,0.15098520000000004,0.119688965,-0.03129623461980824
20935,-0.006610000000000005,0.029738424,0.03634842434585095,4.164940000000001,7.753469,3.5885289903259263,4.508869999999998,8.73523,4.226360445861818,0.06232340000000003,0.10810685,0.04578345157775876
21027,0.10821500000000006,0.02791988,-0.08029512081682688,7.068349999999999,8.079216,1.01086600341797,8.137250000000002,6.689999,-1.447250896453859,0.07226410000000005,0.04394614,-0.028317960485553795
21029,0.012215000000000087,0.02791988,0.015704879183173093,7.038349999999998,8.079216,1.040866003417971,4.3472500000000025,6.689999,2.34274910354614,-0.03773589999999993,0.04394614,0.08168203951444619
21060,-0.0176130000000001,0.053500038,0.07111303764033328,10.325680000000002,12.976476,2.650795715637205,6.67515,9.699753,3.024602807617187,-0.021544000000000008,0.039597068,0.0611410679819584
21157,-0.028512000000000093,0.107298076,0.1358100761528016,9.241820000000004,9.475416,0.23359618347167554,5.296439999999999,9.224802,3.9283620172119154,-0.04369219999999996,0.050813317,0.09450551729888912
21167,-0.08869900000000008,-0.018771913,0.06992708709740647,5.276620000000001,7.3868866,2.1102665966796863,2.726200000000002,6.388776,3.662575825500486,0.016723800000000066,0.0660794,0.04935560047979348
21168,-0.06869900000000007,-0.018771913,0.04992708709740645,8.006620000000002,7.3868866,-0.6197334033203141,5.966200000000002,6.388776,0.4225758255004859,0.059723799999999994,0.0660794,0.006355600479793555
21191,0.0025340000000000362,0.026823808,0.024289807507753336,7.186149999999998,9.6295395,2.443389489746096,5.388349999999999,7.2908864,1.9025364021301279,-0.06918380000000002,0.01507589,0.08425969034736158
21192,0.14238699999999993,0.025433904,-0.11695309643995755,11.40568,8.891921,-2.513758956604004,12.20515,7.1753144,-5.029835573577881,0.15145599999999992,0.03961228,-0.11184372165775291
21193,0.13238699999999992,0.025433904,-0.10695309643995754,10.605680000000003,8.891921,-1.713758956604007,10.50515,7.1753144,-3.3298355735778813,0.08145599999999997,0.03961228,-0.041843721657752964
21214,0.012386999999999926,0.025433904,0.013046903560042455,6.90568,8.891921,1.9862410433959958,5.95515,7.1753144,1.2201644264221194,0.03145599999999993,0.03961228,0.00815627834224708
21316,-0.06251200000000012,0.0060668816,0.06857888158586634,7.111820000000002,9.068841,1.9570209805297836,2.8464399999999976,5.8587556,3.0123155885314965,-0.05669219999999997,0.001414735,0.05810693498661068
21319,-0.07951200000000003,0.0060668816,0.08557888158586624,6.821820000000002,9.068841,2.2470209805297827,1.81644,5.8587556,4.042315588531494,-0.07869219999999999,0.001414735,0.0801069349866107
21320,-0.07651200000000014,0.0060668816,0.08257888158586635,6.261820000000004,9.068841,2.8070209805297814,1.686440000000001,5.8587556,4.172315588531493,-0.06669219999999998,0.001414735,0.06810693498661069
21321,-0.07251200000000013,0.0060668816,0.07857888158586634,6.391820000000003,9.068841,2.6770209805297824,1.7564399999999978,5.8587556,4.102315588531496,-0.07069219999999998,0.001414735,0.0721069349866107
21322,-0.07651200000000014,0.0060668816,0.08257888158586635,7.181820000000002,9.068841,1.8870209805297833,2.1264399999999988,5.8587556,3.7323155885314954,-0.08069219999999999,0.001414735,0.0821069349866107
21345,-0.031843000000000066,-0.059395082,-0.027552082294940883,1.7864700000000013,4.7214875,2.935017522125243,2.054759999999998,4.323183,2.2684230596923847,0.056093200000000065,0.069128655,0.013035454897212917
21347,-0.09184300000000012,-0.059395082,0.03244791770505917,6.886469999999999,4.7214875,-2.164982477874755,5.48476,4.323183,-1.1615769403076168,0.06809320000000008,0.069128655,0.0010354548972129063
21348,-0.0718430000000001,-0.059395082,0.012447917705059153,4.766470000000002,4.7214875,-0.04498247787475762,4.21476,4.323183,0.10842305969238275,0.07209320000000008,0.069128655,-0.0029645451027870973
21349,-0.041843000000000075,-0.059395082,-0.017552082294940874,2.676470000000002,4.7214875,2.0450175221252422,2.6547599999999996,4.323183,1.6684230596923832,0.05409319999999995,0.069128655,0.01503545489721303
21351,-0.08184300000000011,-0.059395082,0.02244791770505916,6.996470000000002,4.7214875,-2.274982477874758,5.5747599999999995,4.323183,-1.2515769403076167,0.05909319999999996,0.069128655,0.010035454897213025
21396,0.22109299999999998,0.1794721,-0.04162089628505705,18.196640000000002,12.463179,-5.7334613653564475,16.14937,11.689952,-4.459418103332521,0.1900231,0.1471139,-0.04290919564304352
21397,0.217395,0.13373412,-0.08366087808132172,13.36081,9.527564,-3.833245951232911,15.50918,11.728177,-3.781002929382325,0.2641566,0.15744375,-0.10671285307559969
21399,0.2106800000000001,0.21132557,0.0006455709409712851,8.716399999999997,6.5094447,-2.2069552864074673,13.025250000000002,9.71131,-3.3139396133422867,0.2683918,0.22866954,-0.03972226090602876
21400,0.21094499999999994,0.22897321,0.018028209857940736,4.971860000000003,8.164833,3.192973068847653,9.39506,11.133899,1.7388387350463859,0.2319057,0.20401119,-0.02789451304264068
21401,0.32094500000000004,0.22897321,-0.09197179014205936,9.451860000000002,8.164833,-1.2870269311523455,13.055060000000001,11.133899,-1.9211612649536143,0.2919057,0.20401119,-0.08789451304264068
21521,0.05140100000000003,0.07818394,0.026782941543102234,12.44652,9.477146,-2.969373851318359,9.666570000000002,6.9295955,-2.736974529571535,0.05663830000000003,0.013985306,-0.04265299397544864
21524,0.04061500000000007,0.02669474,-0.013920260762572356,10.528690000000001,9.018268,-1.5104223684692393,7.86889,6.9993124,-0.8695775991821293,0.05409549999999996,0.014253163,-0.03984233722108599
21525,-0.019930000000000003,0.032127976,0.05205797641754151,5.722109999999997,7.546231,1.8241207929992704,3.2874300000000005,5.1852636,1.8978336337280268,-0.029368599999999967,0.008972832,0.03834143200174567
21526,0.060975,0.03564288,-0.02533211905360222,7.18599,8.019794,0.8338044641113278,5.810269999999999,6.1866426,0.3763726467895516,0.024944900000000048,0.009693098,-0.015251801745498228
21541,-0.03588900000000006,-0.03324869,0.002640310974359572,10.36213,9.890149,-0.4719808834838872,9.77854,8.847771,-0.9307693090820308,0.09059139999999999,0.070808046,-0.019783354433917988
21542,-0.05588900000000008,-0.03324869,0.02264031097435959,9.68213,9.890149,0.2080191165161125,8.70854,8.847771,0.13923069091796947,0.08059139999999998,0.070808046,-0.009783354433917979
21543,-0.05588900000000008,-0.03324869,0.02264031097435959,8.79213,9.890149,1.098019116516113,7.498539999999998,8.847771,1.3492306909179703,0.05059139999999995,0.070808046,0.020216645566082048
21544,-0.03588900000000006,-0.03324869,0.002640310974359572,10.11213,9.890149,-0.22198088348388723,9.54854,8.847771,-0.7007693090820304,0.08059139999999998,0.070808046,-0.009783354433917979
21545,-0.06588900000000009,-0.03324869,0.0326403109743596,9.302130000000002,9.890149,0.5880191165161115,7.48854,8.847771,1.3592306909179683,0.040591399999999944,0.070808046,0.030216645566082057
21546,-0.02588900000000005,-0.03324869,-0.007359689025640437,9.942130000000002,9.890149,-0.05198088348388907,9.38854,8.847771,-0.540769309082032,0.07059139999999997,0.070808046,0.0002166455660820299
21567,0.19313999999999998,0.121199235,-0.07194076467990873,16.58115,14.72404,-1.8571099685668955,13.638750000000002,12.036169,-1.6025809478759783,0.03882269999999999,0.076847434,0.03802473404388429
21568,0.043139999999999956,0.121199235,0.07805923532009129,11.931149999999999,14.72404,2.7928900314331067,9.078750000000001,12.036169,2.9574190521240222,0.01882269999999997,0.076847434,0.05802473404388431
21570,0.17313999999999996,0.121199235,-0.05194076467990871,15.841149999999999,14.72404,-1.1171099685668935,14.028750000000002,12.036169,-1.9925809478759788,0.11882269999999995,0.076847434,-0.04197526595611567
21571,0.26313999999999993,0.121199235,-0.14194076467990868,18.531149999999997,14.72404,-3.807109968566891,16.76875,12.036169,-4.732580947875977,0.21882269999999998,0.076847434,-0.1419752659561157
21572,0.17313999999999996,0.121199235,-0.05194076467990871,17.19115,14.72404,-2.467109968566895,14.888750000000002,12.036169,-2.8525809478759783,0.11882269999999995,0.076847434,-0.04197526595611567
21573,0.07313999999999998,0.121199235,0.048059235320091265,11.32115,14.72404,3.402890031433106,9.59875,12.036169,2.4374190521240227,0.0488227,0.076847434,0.02802473404388428
21574,0.0031399999999999206,0.121199235,0.11805923532009133,9.96115,14.72404,4.7628900314331055,5.298750000000002,12.036169,6.737419052124022,-0.0711773,0.076847434,0.14802473404388428
21575,0.18313999999999997,0.121199235,-0.06194076467990872,16.37115,14.72404,-1.6471099685668946,14.598750000000003,12.036169,-2.562580947875979,0.13882269999999997,0.076847434,-0.06197526595611569
21576,0.26313999999999993,0.121199235,-0.14194076467990868,20.531149999999997,14.72404,-5.807109968566891,17.558750000000003,12.036169,-5.52258094787598,0.2288227,0.076847434,-0.1519752659561157
21579,-0.04211930000000008,0.053111482,0.09523078241162308,1.4563799999999993,6.621648,5.165267834777833,1.4218700000000002,6.2693167,4.847446673278808,0.04652119999999993,0.12436358,0.07784237885599143
21581,0.07788069999999991,0.053111482,-0.024769217588376913,6.356379999999998,6.621648,0.2652678347778341,7.85187,6.2693167,-1.5825533267211913,0.16652119999999992,0.12436358,-0.04215762114400856
21582,0.13788069999999997,0.053111482,-0.08476921758837697,7.686379999999998,6.621648,-1.064732165222166,9.371870000000001,6.2693167,-3.1025533267211927,0.19652119999999995,0.12436358,-0.07215762114400859
21640,0.205488,0.0721835,-0.1333045027499199,14.441820000000003,12.917514,-1.5243061526489292,14.91644,11.719098,-3.1973419088745114,0.24630780000000002,0.12520854,-0.12109925824909212
21642,0.025487999999999955,0.0721835,0.046695497250080154,13.741820000000002,12.917514,-0.8243061526489281,11.716439999999999,11.719098,0.0026580911254896478,0.11630780000000007,0.12520854,0.008900741750907826
21643,-0.007511999999999963,0.0721835,0.07969549725008007,14.641820000000003,12.917514,-1.7243061526489285,11.216439999999999,11.719098,0.5026580911254896,0.06630780000000003,0.12520854,0.05890074175090787
21644,-0.010512000000000077,0.0721835,0.08269549725008019,15.541820000000003,12.917514,-2.624306152648929,11.01644,11.719098,0.7026580911254889,0.0063078000000000856,0.12520854,0.11890074175090781
21645,0.06348799999999999,0.0721835,0.00869549725008012,17.04182,12.917514,-4.124306152648927,15.31644,11.719098,-3.5973419088745118,0.25630780000000003,0.12520854,-0.13109925824909213
21646,0.18948799999999988,0.0721835,-0.11730450274991977,14.641820000000003,12.917514,-1.7243061526489285,15.01644,11.719098,-3.297341908874511,0.24630780000000002,0.12520854,-0.12109925824909212
21647,0.210488,0.0721835,-0.1383045027499199,17.441820000000003,12.917514,-4.524306152648929,16.51644,11.719098,-4.797341908874511,0.2963078,0.12520854,-0.1710992582490921
21725,0.1522150000000001,0.018176237,-0.1340387628787757,17.07835,9.461954,-7.616395883178711,13.837250000000001,6.6275234,-7.20972657775879,0.052264100000000036,0.0030808132,-0.04918328678581718
21726,0.11221500000000006,0.018176237,-0.09403876287877566,16.278349999999996,9.461954,-6.816395883178707,13.527250000000002,6.6275234,-6.899726577758791,0.09226410000000007,0.0030808132,-0.08918328678581722
21727,0.23221500000000006,0.018176237,-0.21403876287877566,15.368349999999998,9.461954,-5.906395883178709,13.617250000000002,6.6275234,-6.989726577758791,0.052264100000000036,0.0030808132,-0.04918328678581718
21728,0.08221500000000015,0.018176237,-0.06403876287877575,10.52835,9.461954,-1.0663958831787106,9.587250000000001,6.6275234,-2.95972657775879,0.062264100000000044,0.0030808132,-0.05918328678581719
21729,0.012215000000000087,0.018176237,0.0059612371212243165,9.518349999999998,9.461954,-0.05639588317870903,6.267250000000001,6.6275234,0.3602734222412103,-0.03773589999999993,0.0030808132,0.04081671321418279
21730,0.032215000000000105,0.018176237,-0.014038762878775701,8.68835,9.461954,0.7736041168212893,6.2272500000000015,6.6275234,0.40027342224120943,-0.017735899999999916,0.0030808132,0.02081671321418277
21731,0.012215000000000087,0.018176237,0.0059612371212243165,8.588349999999998,9.461954,0.8736041168212907,6.007250000000001,6.6275234,0.6202734222412101,-0.007735899999999907,0.0030808132,0.01081671321418276
21732,-0.007784999999999931,0.018176237,0.025961237121224334,8.668349999999997,9.461954,0.7936041168212924,5.557250000000002,6.6275234,1.0702734222412094,-0.027735899999999925,0.0030808132,0.030816713214182778
21735,0.21221500000000004,0.018176237,-0.19403876287877564,19.81835,9.461954,-10.35639588317871,15.21725,6.6275234,-8.589726577758789,-0.017735899999999916,0.0030808132,0.02081671321418277
21736,0.21221500000000004,0.018176237,-0.19403876287877564,19.74835,9.461954,-10.28639588317871,14.547250000000002,6.6275234,-7.919726577758791,-0.09773589999999999,0.0030808132,0.10081671321418284
21737,0.08221500000000015,0.018176237,-0.06403876287877575,17.448349999999998,9.461954,-7.986395883178709,12.69725,6.6275234,-6.069726577758789,-0.027735899999999925,0.0030808132,0.030816713214182778
21738,0.042215000000000114,0.018176237,-0.02403876287877571,15.108349999999998,9.461954,-5.646395883178709,10.747250000000001,6.6275234,-4.11972657775879,-0.027735899999999925,0.0030808132,0.030816713214182778
21739,0.032215000000000105,0.018176237,-0.014038762878775701,11.908349999999999,9.461954,-2.4463958831787096,8.047250000000002,6.6275234,-1.4197265777587909,-0.04773589999999994,0.0030808132,0.050816713214182796
21779,-0.07001000000000013,0.03862855,0.1086385483837129,7.657590000000003,9.9835,2.3259095269775365,4.98508,7.397697,2.4126169718933106,0.023483599999999938,0.031193871,0.0077102710510731365
21816,0.1430530000000001,0.10486411,-0.038188886967182256,8.984370000000002,10.12878,1.1444103649902324,10.41232,10.857144,0.4448243557739264,0.026765299999999992,0.041008633,0.014243332630109795
22052,0.06238699999999997,0.032166477,-0.030220522707223862,9.935680000000001,9.555093,-0.38058718841552874,8.33515,7.8591905,-0.4759595359802251,0.026455999999999924,0.04909149,0.022635491848230438
22053,-0.0176130000000001,0.032166477,0.04977947729277621,7.635680000000001,9.555093,1.919412811584472,4.895150000000001,7.8591905,2.9640404640197744,-0.010544000000000109,0.04909149,0.05963549184823047
22070,-0.057784999999999975,0.017404469,0.07518946873009202,4.458349999999999,8.725419,4.2670690444946295,0.5772500000000029,6.4412956,5.864045623779294,-0.06773589999999996,0.017563289,0.08529918903138634
22071,-0.02778499999999995,0.017404469,0.045189468730092,4.708349999999999,8.725419,4.0170690444946295,1.9072500000000012,6.4412956,4.534045623779296,-0.03773589999999993,0.017563289,0.05529918903138631
22072,-0.02778499999999995,0.017404469,0.045189468730092,5.448349999999998,8.725419,3.277069044494631,2.957250000000002,6.4412956,3.484045623779295,-0.017735899999999916,0.017563289,0.03529918903138629
22073,-0.02778499999999995,0.017404469,0.045189468730092,5.6283499999999975,8.725419,3.0970690444946314,2.7672500000000007,6.4412956,3.674045623779296,-0.027735899999999925,0.017563289,0.0452991890313863
22074,-0.057784999999999975,0.017404469,0.07518946873009202,4.548349999999999,8.725419,4.17706904449463,0.7872500000000002,6.4412956,5.654045623779297,-0.05773589999999995,0.017563289,0.07529918903138633
22111,0.1093869999999999,0.046644025,-0.06274297544908514,11.185680000000001,9.109655,-2.076024619750978,9.20515,7.4128337,-1.7923163093566892,0.0014560000000000128,0.016939482,0.015483481720328318
22112,0.09738699999999989,0.046644025,-0.050742975449085126,9.965680000000003,9.109655,-0.8560246197509791,7.575150000000001,7.4128337,-0.16231630935669017,-0.03854400000000002,0.016939482,0.055483481720328354
22113,0.1123869999999999,0.046644025,-0.06574297544908514,11.705680000000001,9.109655,-2.5960246197509775,9.07515,7.4128337,-1.6623163093566902,-0.03854400000000002,0.016939482,0.055483481720328354
22114,0.11938699999999991,0.046644025,-0.07274297544908515,11.805680000000002,9.109655,-2.696024619750979,9.395150000000001,7.4128337,-1.9823163093566905,-0.028544000000000014,0.016939482,0.045483481720328345
22115,0.13238699999999992,0.046644025,-0.08574297544908516,12.435680000000001,9.109655,-3.326024619750978,10.33515,7.4128337,-2.92231630935669,0.0014560000000000128,0.016939482,0.015483481720328318
22116,0.025386999999999937,0.046644025,0.021257024550914827,8.435680000000001,9.109655,0.673975380249022,6.18515,7.4128337,1.2276836906433104,-0.008543999999999996,0.016939482,0.025483481720328327
22118,0.09938699999999989,0.046644025,-0.05274297544908513,10.185680000000001,9.109655,-1.076024619750978,8.17515,7.4128337,-0.7623163093566898,-0.018544000000000005,0.016939482,0.035483481720328336
22120,0.025386999999999937,0.046644025,0.021257024550914827,8.435680000000001,9.109655,0.673975380249022,6.18515,7.4128337,1.2276836906433104,-0.008543999999999996,0.016939482,0.025483481720328327
22121,0.023386999999999936,0.046644025,0.02325702455091483,9.075680000000002,9.109655,0.03397538024902147,6.665150000000001,7.4128337,0.74768369064331,-0.008543999999999996,0.016939482,0.025483481720328327
22122,0.2423869999999999,0.046644025,-0.19574297544908514,10.90568,9.109655,-1.7960246197509768,7.825150000000001,7.4128337,-0.41231630935669017,-0.028544000000000014,0.016939482,0.045483481720328345
22181,0.07321500000000014,0.017404469,-0.05581053126990809,10.248349999999999,8.725419,-1.5229309555053696,8.467250000000002,6.4412956,-2.025954376220705,0.02226410000000001,0.017563289,-0.0047008109686136335
22182,0.008215000000000083,0.017404469,0.009189468730091965,8.61835,8.725419,0.1070690444946294,4.647250000000001,6.4412956,1.7940456237792954,-0.07773589999999997,0.017563289,0.09529918903138634
22183,0.018215000000000092,0.017404469,-0.0008105312699080436,8.198349999999998,8.725419,0.5270690444946311,5.2272500000000015,6.4412956,1.2140456237792954,-0.03773589999999993,0.017563289,0.05529918903138631
22184,0.033215000000000106,0.017404469,-0.015810531269908057,10.690349999999999,8.725419,-1.9649309555053698,7.927250000000001,6.4412956,-1.485954376220704,0.002264100000000102,0.017563289,0.015299189031386273
22185,0.0282150000000001,0.017404469,-0.010810531269908052,9.056349999999998,8.725419,-0.33093095550536944,5.517250000000001,6.4412956,0.9240456237792962,-0.05773589999999995,0.017563289,0.07529918903138633
22186,0.033215000000000106,0.017404469,-0.015810531269908057,7.241349999999997,8.725419,1.4840690444946318,6.02725,6.4412956,0.41404562377929643,0.02226410000000001,0.017563289,-0.0047008109686136335
22187,0.06221500000000013,0.017404469,-0.04481053126990808,8.978349999999999,8.725419,-0.25293095550537004,8.18725,6.4412956,-1.7459543762207037,0.062264100000000044,0.017563289,-0.04470081096861367
22188,0.022215000000000096,0.017404469,-0.004810531269908047,7.768349999999998,8.725419,0.9570690444946308,5.157250000000001,6.4412956,1.2840456237792957,-0.017735899999999916,0.017563289,0.03529918903138629
22189,0.022215000000000096,0.017404469,-0.004810531269908047,7.488349999999997,8.725419,1.237069044494632,5.187250000000001,6.4412956,1.2540456237792963,-0.007735899999999907,0.017563289,0.025299189031386282
22192,0.022213999999999956,0.020032594,-0.0021814060195683993,13.186860000000003,13.984176,0.7973156820678682,10.55787,11.660719,1.1028489178466803,0.05469860000000004,0.025987545,-0.028711054971671146
22193,0.05221399999999998,0.020032594,-0.032181406019568426,18.686860000000003,13.984176,-4.702684317932132,13.25787,11.660719,-1.5971510821533208,0.014698600000000006,0.025987545,0.01128894502832889
22331,0.025202000000000058,0.0048830793,-0.02031892067608243,7.936509999999998,9.44661,1.5101004507446305,10.0364,11.080763,1.0443628631591793,0.14513739999999997,0.16280235,0.017664953501319913
22332,0.025202000000000058,0.0048830793,-0.02031892067608243,7.936509999999998,9.44661,1.5101004507446305,10.0364,11.080763,1.0443628631591793,0.14513739999999997,0.16280235,0.017664953501319913
22333,0.025202000000000058,0.0048830793,-0.02031892067608243,7.936509999999998,9.44661,1.5101004507446305,10.0364,11.080763,1.0443628631591793,0.14513739999999997,0.16280235,0.017664953501319913
22418,0.06238699999999997,0.026505284,-0.03588171598863599,7.40568,9.73128,2.3256003268432615,5.905150000000001,7.445761,1.5406112037658684,-0.008543999999999996,0.039754253,0.04829825288081169
22487,-0.04631699999999994,-0.036628466,0.009688533900499285,5.958660000000002,7.024142,1.0654817884826642,9.058400000000002,8.434812,-0.6235884078979517,0.23238349999999997,0.14872284,-0.08366065766429898
22489,-0.08631699999999998,-0.036628466,0.04968853390049932,6.758659999999999,7.024142,0.265481788482667,9.658400000000002,8.434812,-1.2235884078979513,0.2523835,0.14872284,-0.103660657664299
22491,-0.016316999999999915,-0.036628466,-0.02031146609950074,7.85866,7.024142,-0.8345182115173344,10.258400000000002,8.434812,-1.823588407897951,0.21238350000000006,0.14872284,-0.06366065766429907
22502,0.11451500000000003,0.006732014,-0.10778298599213365,10.678439999999998,8.850008,-1.8284319891357406,14.24813,8.073856,-6.174273646240234,0.314724,0.10829987,-0.2064241336812973
22505,-0.07548500000000002,0.006732014,0.0822170140078664,6.228439999999999,8.850008,2.6215680108642587,3.4881300000000017,8.073856,4.585726353759764,-0.015275999999999956,0.10829987,0.12357586631870265
22633,-0.09498000000000006,-0.066613205,0.02836679522275931,6.551690000000001,8.0253105,1.4736205163574212,1.5366199999999992,4.268239,2.7316190213012703,-0.06808219999999998,0.015656084,0.08373828382225035
22634,-0.10098000000000007,-0.066613205,0.034366795222759317,7.101690000000001,8.0253105,0.9236205163574205,2.6866200000000013,4.268239,1.5816190213012682,-0.03608219999999995,0.015656084,0.05173828382225032
22636,-0.07098000000000004,-0.066613205,0.00436679522275929,8.221690000000002,8.0253105,-0.1963794836425805,6.39662,4.268239,-2.128380978698731,0.06991780000000003,0.015656084,-0.054261716177749664
22679,0.06407600000000002,0.04354039,-0.020535611654281638,6.877839999999999,7.326463,0.44862322250366304,12.735679999999999,9.419952,-3.3157276074218736,0.07218659999999999,0.08473421,0.012547608881855021
22680,-0.00592400000000004,0.04354039,0.049464388345718424,6.277839999999998,7.326463,1.0486232225036645,6.93568,9.419952,2.4842723925781254,0.07218659999999999,0.08473421,0.012547608881855021
22681,-0.03592400000000007,0.04354039,0.07946438834571845,3.477839999999997,7.326463,3.848623222503665,5.535679999999999,9.419952,3.8842723925781257,0.032186600000000065,0.08473421,0.052547608881854946
23025,0.21315899999999988,0.13026375,-0.08289525421524035,12.027910000000002,13.105118,1.0772077978515604,18.850099999999998,17.816559,-1.0335411621093726,0.44534360000000006,0.36805245,-0.07729114719734198
23026,0.19315899999999997,0.13026375,-0.06289525421524045,12.907910000000005,13.105118,0.19720779785155784,18.8701,17.816559,-1.0535411621093758,0.42534360000000004,0.36805245,-0.05729114719734196
23058,-0.02761300000000011,0.025433904,0.05304690356004249,7.915680000000002,8.891921,0.9762410433959943,4.405149999999999,7.1753144,2.77016442642212,-0.04854400000000003,0.03961228,0.08815627834224704
23104,-0.05910499999999996,-0.018858423,0.04024657654345032,3.57723,4.2606564,0.6834263568115233,3.5110600000000005,4.449068,0.9380080694580073,0.07304710000000003,0.085078135,0.01203103513278958
23105,-0.05910499999999996,-0.018858423,0.04024657654345032,4.027229999999999,4.2606564,0.23342635681152402,2.87106,4.449068,1.5780080694580079,0.033047099999999996,0.085078135,0.052031035132789616
23106,-0.05910499999999996,-0.018858423,0.04024657654345032,4.027229999999999,4.2606564,0.23342635681152402,2.87106,4.449068,1.5780080694580079,0.033047099999999996,0.085078135,0.052031035132789616
23107,-0.019104999999999928,-0.018858423,0.0002465765434502831,3.3372300000000017,4.2606564,0.9234263568115217,3.7510600000000025,4.449068,0.6980080694580053,0.06304710000000002,0.085078135,0.02203103513278959
23108,-0.019104999999999928,-0.018858423,0.0002465765434502831,3.3372300000000017,4.2606564,0.9234263568115217,3.7510600000000025,4.449068,0.6980080694580053,0.06304710000000002,0.085078135,0.02203103513278959
23109,-0.019104999999999928,-0.018858423,0.0002465765434502831,3.497230000000002,4.2606564,0.7634263568115216,4.831060000000001,4.449068,-0.381991930541993,0.10304709999999995,0.085078135,-0.017968964867210335
23139,0.1023869999999999,0.027955137,-0.07443186280679692,8.485680000000002,8.92133,0.4356504519653299,8.59515,7.2224865,-1.3726635040283206,0.061455999999999955,0.0368765,-0.024579500347137406
23302,-0.09956500000000013,0.09368557,0.19325056737899793,7.203769999999999,11.662583,4.458813351135255,4.556880000000001,10.7101555,6.1532754870605455,0.051134800000000036,0.113691635,0.06255683542985913
23303,0.014434999999999976,0.09368557,0.07925056737899783,9.373769999999999,11.662583,2.2888133511352553,8.486880000000001,10.7101555,2.223275487060546,0.12113479999999999,0.113691635,-0.0074431645701408256
23304,0.23743499999999995,0.09368557,-0.14374943262100215,11.42377,11.662583,0.2388133511352546,11.326880000000001,10.7101555,-0.6167245129394541,0.10213479999999997,0.113691635,0.011556835429859191
23305,0.26143499999999986,0.09368557,-0.16774943262100206,13.00377,11.662583,-1.3411866488647455,13.37688,10.7101555,-2.666724512939453,0.21513479999999996,0.113691635,-0.1014431645701408
23307,0.1347520000000001,0.12429938,-0.010452622797012423,23.536230000000003,16.435036,-7.101194294433597,20.24323,12.838802,-7.404427662353516,0.20431639999999995,0.18847404,-0.015842355796241714
23338,0.05221500000000012,0.02791988,-0.024295120816826943,7.138349999999999,8.079216,0.9408660034179697,6.1072500000000005,6.689999,0.5827491035461421,0.0122641,0.04394614,0.03168203951444626
23340,0.25337699999999996,0.23146705,-0.02190994670581814,7.034000000000001,6.7625318,-0.27146824264526437,9.8681,9.632241,-0.23585875091552744,0.2667578,0.2636377,-0.003120108263778676
23341,0.1883769999999999,0.23146705,0.04309005329418192,4.033999999999999,6.7625318,2.7285317573547374,7.568099999999999,9.632241,2.0641412490844733,0.17675779999999996,0.2636377,0.08687989173622135
23342,0.19437700000000002,0.23146705,0.0370900532941818,3.1340000000000003,6.7625318,3.628531757354736,6.9681,9.632241,2.664141249084473,0.16375779999999995,0.2636377,0.09987989173622136
23343,0.24037699999999995,0.23146705,-0.008909946705818128,2.8339999999999996,6.7625318,3.9285317573547367,7.6681,9.632241,1.9641412490844727,0.19875779999999998,0.2636377,0.06487989173622133
23355,0.405377,0.23146705,-0.17390994670581816,13.334,6.7625318,-6.571468242645263,13.168099999999999,9.632241,-3.5358587509155264,0.3437578,0.2636377,-0.08012010826377869
23356,0.12537699999999996,0.23146705,0.10609005329418186,7.934000000000001,6.7625318,-1.1714682426452647,10.9681,9.632241,-1.335858750915527,0.3387578,0.2636377,-0.07512010826377868
23357,0.1853769999999999,0.23146705,0.04609005329418192,5.634,6.7625318,1.128531757354736,10.0681,9.632241,-0.4358587509155267,0.3087578,0.2636377,-0.04512010826377871
23359,0.285377,0.23146705,-0.05390994670581817,10.134,6.7625318,-3.371468242645264,11.9681,9.632241,-2.335858750915527,0.3387578,0.2636377,-0.07512010826377868
23526,0.12715700000000008,0.09956021,-0.027596791381359176,7.41647,6.895488,-0.5209822146606449,10.21476,8.796482,-1.4182779138183594,0.16309320000000005,0.14191006,-0.02118313875980382
23646,0.2995052,0.21316418,-0.08634101948280337,9.35202,9.2655945,-0.08642551757812456,8.989729999999998,8.847094,-0.1426364178466777,0.06508250000000004,0.083967626,0.018885126094818072
23647,0.2895052,0.21316418,-0.07634101948280336,8.90202,9.2655945,0.36357448242187473,8.369729999999999,8.847094,0.47736358215332153,0.055082500000000034,0.083967626,0.02888512609481808
23679,0.054643,0.03962635,-0.015016651236295697,4.84188,5.1753516,0.33347161972045924,10.898890000000002,8.498928,-2.399961929931642,0.2975966,0.15774651,-0.13985009128246306
23680,0.0025079999999999547,0.008855406,0.0063474061949253535,4.282170000000004,4.849611,0.5674408055114704,4.037049999999999,4.940333,0.9032828895568858,0.005777199999999927,0.04126484,0.03548763947038658
23681,0.035414999999999974,0.06171387,0.0262988706147671,5.395870000000002,4.8659706,-0.5298993884277365,2.4469600000000007,2.6690066,0.2220465860748284,-0.045522300000000016,-0.032005645,0.013516654665279404
23682,0.03423899999999991,0.06171387,0.027474870614767166,2.141490000000001,4.8659706,2.7244806115722646,-0.847900000000001,2.6690066,3.51690658607483,-0.09972800000000004,-0.032005645,0.06772235466527943
23685,0.11048000000000002,0.11417237,0.003692369241714455,13.32834,13.750265,0.4219251214599602,5.893020000000002,6.4450974,0.5520774464416487,-0.06188970000000005,-0.050870754,0.011018946175289202
24010,-0.10612900000000014,-0.03310165,0.07302734818243994,5.761879999999998,6.8879333,1.1260532542419455,0.8259000000000007,3.4035354,2.577635366058349,-0.07200939999999989,-0.023651335,0.04835806461157788
24011,-0.08095200000000013,-0.020165365,0.060786634810686246,9.71708,8.697134,-1.0199459820556633,5.0513200000000005,5.4892797,0.43795974700927687,-0.027748099999999942,0.010197459,0.0379455587887525
24012,-0.08095200000000013,-0.020165365,0.060786634810686246,9.22708,8.697134,-0.5299459820556649,3.9613200000000006,5.4892797,1.5279597470092767,-0.05574809999999997,0.010197459,0.06594555878875252
24013,-0.06095200000000012,-0.020165365,0.04078663481068623,9.05708,8.697134,-0.3599459820556632,4.441320000000001,5.4892797,1.0479597470092763,-0.04474809999999996,0.010197459,0.05494555878875251
24126,0.07238699999999998,0.025433904,-0.0469530964399576,8.38568,8.891921,0.5062410433959954,7.70515,7.1753144,-0.5298355735778806,0.04145599999999994,0.03961228,-0.001843721657752928
24127,0.022386999999999935,0.025433904,0.0030469035600424466,7.4756800000000005,8.891921,1.4162410433959955,8.40515,7.1753144,-1.2298355735778816,0.1314559999999999,0.03961228,-0.0918437216577529
24128,0.0063869999999999205,0.025433904,0.01904690356004246,6.665680000000002,8.891921,2.2262410433959943,6.60515,7.1753144,0.5701644264221191,0.08145599999999997,0.03961228,-0.041843721657752964
24129,0.002386999999999917,0.025433904,0.023046903560042464,6.265680000000003,8.891921,2.626241043395993,5.50515,7.1753144,1.6701644264221187,0.04145599999999994,0.03961228,-0.001843721657752928
24209,-0.07623600000000019,-0.016972193,0.05926380650556107,11.673869999999997,10.435211,-1.2386588183593723,8.162320000000001,10.165708,2.0033875881957997,0.03040010000000004,0.095215544,0.06481544410457607
24285,0.05906000000000011,0.08254352,0.023483522119521982,8.22617,9.50744,1.2812696133422854,10.707510000000001,11.793048,1.0855379049682607,0.13264829999999994,0.19183925,0.059190947941970884
24368,0.03420500000000004,0.03896149,0.004756488753557164,1.1225800000000028,4.966314,3.8437338389587374,3.5851100000000002,6.0692964,2.484186360015869,0.11778159999999993,0.129656,0.011874401925468514
24369,0.021560000000000024,-0.020333251,-0.041893250984549546,9.41901,10.476217,1.0572072698974608,6.7472400000000015,6.8280125,0.0807724664306626,-0.011720999999999981,-0.021290554,-0.009569553733706493
24370,-0.06844000000000006,-0.020333251,0.048106749015450534,10.609010000000001,10.476217,-0.13279273010254045,8.86724,6.8280125,-2.0392275335693366,0.06827899999999998,-0.021290554,-0.08956955373370645
24371,-0.06844000000000006,-0.020333251,0.048106749015450534,10.609010000000001,10.476217,-0.13279273010254045,5.417240000000001,6.8280125,1.4107724664306627,-0.04172100000000001,-0.021290554,0.020430446266293534
24372,-0.09844000000000008,-0.020333251,0.07810674901545056,8.70901,10.476217,1.7672072698974617,3.517240000000001,6.8280125,3.310772466430663,-0.061721000000000026,-0.021290554,0.04043044626629355
24388,0.2219899999999999,0.03862855,-0.18336145161628714,13.32159,9.9835,-3.3380904730224614,13.585080000000001,7.397697,-6.187383028106691,0.14348359999999993,0.031193871,-0.11228972894892686
24389,0.15112800000000004,0.13177358,-0.019354423859596293,11.10161,10.4463005,-0.655309493408204,13.13899,11.6240015,-1.514988497009277,0.15830339999999998,0.12990299,-0.028400411327743513
24390,0.13112800000000002,0.13177358,0.0006455761404037252,8.30161,10.4463005,2.1446905065917967,11.03899,11.6240015,0.5850115029907226,0.12830339999999996,0.12990299,0.0015995886722565134
24391,0.24346899999999994,0.19385725,-0.0496117474021911,12.975609999999996,14.374802,1.3991916357421914,8.44803,8.101669,-0.34636068847656176,-0.03491660000000002,-0.037526745,-0.0026101453491687576
24465,-0.05436799999999997,0.03825984,0.09262784150171277,8.184450000000002,9.688752,1.5043021743774396,10.25235,11.573945,1.3215950454711916,0.19939050000000003,0.19607632,-0.003314181378364589
24582,-0.057613000000000136,0.026505284,0.08411828401136412,7.33568,9.73128,2.3956003268432617,3.3851499999999994,7.445761,4.06061120376587,-0.040544000000000024,0.039754253,0.08029825288081172
24588,-0.057613000000000136,0.026505284,0.08411828401136412,7.33568,9.73128,2.3956003268432617,3.3851499999999994,7.445761,4.06061120376587,-0.040544000000000024,0.039754253,0.08029825288081172
24704,-0.0176130000000001,-0.0045372164,0.013075783612310987,6.605680000000003,8.168808,1.5631279833984344,3.405149999999999,4.353889,0.948738988494874,-0.03854400000000002,-0.014749548,0.023794451602041744
24705,-0.02761300000000011,-0.0045372164,0.023075783612310996,7.205680000000001,8.168808,0.9631279833984365,3.2051499999999997,4.353889,1.1487389884948733,-0.06854400000000005,-0.014749548,0.05379445160204177
24706,-0.04761300000000013,-0.0045372164,0.043075783612311014,7.605680000000003,8.168808,0.5631279833984344,2.905149999999999,4.353889,1.448738988494874,-0.07854400000000006,-0.014749548,0.06379445160204178
24707,-0.03761300000000012,-0.0045372164,0.033075783612311005,7.505680000000002,8.168808,0.6631279833984358,4.305150000000001,4.353889,0.048738988494871904,-0.018544000000000005,-0.014749548,0.0037944516020417263
24709,-0.04761300000000013,-0.0045372164,0.043075783612311014,6.205680000000001,8.168808,1.9631279833984365,2.805150000000001,4.353889,1.548738988494872,-0.028544000000000014,-0.014749548,0.013794451602041735
24710,-0.057613000000000136,-0.0045372164,0.05307578361231102,6.105680000000003,8.168808,2.0631279833984344,2.605150000000002,4.353889,1.7487389884948712,-0.03854400000000002,-0.014749548,0.023794451602041744
24713,-0.02761300000000011,-0.0045372164,0.023075783612310996,6.505680000000002,8.168808,1.6631279833984358,2.805150000000001,4.353889,1.548738988494872,-0.05854400000000004,-0.014749548,0.04379445160204176
24714,-0.02761300000000011,-0.0045372164,0.023075783612310996,6.605680000000003,8.168808,1.5631279833984344,2.605150000000002,4.353889,1.7487389884948712,-0.06854400000000005,-0.014749548,0.05379445160204177
24717,-0.057613000000000136,-0.0045372164,0.05307578361231102,6.205680000000001,8.168808,1.9631279833984365,1.8051500000000011,4.353889,2.548738988494872,-0.06854400000000005,-0.014749548,0.05379445160204177
24969,-0.03778499999999996,0.017404469,0.055189468730092006,8.588349999999998,8.725419,0.13706904449463053,6.917250000000001,6.4412956,-0.47595437622070413,0.062264100000000044,0.017563289,-0.04470081096861367
24986,0.0018689999999998985,0.012232671,0.010363670560479266,12.554590000000005,13.833156,1.2785656320190384,16.652449999999998,14.397511,-2.254939471435545,-0.04840769999999994,-0.105087616,-0.05667991554956442
24988,0.0018689999999998985,0.012232671,0.010363670560479266,17.154590000000006,13.833156,-3.321434367980963,16.652449999999998,14.397511,-2.254939471435545,-0.2384077,-0.105087616,0.13332008445043564
24990,0.06186899999999995,0.012232671,-0.04963632943952079,16.954590000000003,13.833156,-3.12143436798096,16.652449999999998,14.397511,-2.254939471435545,-0.17840769999999995,-0.105087616,0.07332008445043559
25161,0.12238699999999991,0.06220492,-0.06018208024454108,8.90568,10.001669,1.0959889300537107,9.50515,8.896261,-0.6088887847900395,0.10145599999999999,0.05688135,-0.04457465046620368
25162,0.12238699999999991,0.06220492,-0.06018208024454108,8.705680000000001,10.001669,1.29598893005371,8.50515,8.896261,0.3911112152099605,0.051455999999999946,0.05688135,0.005425349533796364
25230,0.1285139999999999,0.17740625,0.04889225143051157,8.763110000000001,11.525812,2.7627021490478505,10.682830000000001,12.50342,1.8205898760986319,0.13898579999999994,0.164816,0.025830207018089357
25232,0.14851399999999992,0.17740625,0.02889225143051155,10.083110000000001,11.525812,1.4427021490478502,11.552830000000002,12.50342,0.9505898760986309,0.15898579999999995,0.164816,0.0058302070180893395
25234,0.21851399999999988,0.17740625,-0.0411077485694884,6.833110000000001,11.525812,4.69270214904785,12.242830000000001,12.50342,0.2605898760986314,0.2089858,0.164816,-0.044169792981910705
25291,0.08121500000000015,0.017404469,-0.0638105312699081,7.538349999999998,8.725419,1.1870690444946312,7.807250000000002,6.4412956,-1.3659543762207047,0.06426410000000005,0.017563289,-0.04670081096861367
25300,-0.02778499999999995,0.03595265,0.06373765001058573,5.338349999999998,7.4235673,2.0852172950744645,3.1072500000000005,6.017207,2.9099571456909175,-0.007735899999999907,0.035291743,0.043027642533445265
25301,0.002215000000000078,0.03595265,0.03373765001058571,4.93835,7.4235673,2.485217295074463,3.6072500000000005,6.017207,2.4099571456909175,0.002264100000000102,0.035291743,0.033027642533445256
25340,-0.03940300000000008,-0.026399106,0.013003894212722855,7.961499999999997,8.468387,0.5068866500854519,2.869440000000001,4.8573084,1.9878683877563468,-0.08285969999999998,-0.021570364,0.06128933598668573
25341,-0.04665800000000009,-0.016083775,0.030574224911809056,7.937749999999998,9.290595,1.3528450546264672,2.4916199999999975,5.098148,2.60652786911011,-0.08980929999999998,-0.027020747,0.06278855315797327
25342,-0.05906300000000009,0.01196882,0.07103182035583266,2.6450500000000012,5.8820987,3.2370486747741687,-0.26829000000000036,4.8569403,5.125230269470215,-0.047492700000000054,-0.039970245,0.007522454787683541
25345,-0.04665800000000009,-0.016083775,0.030574224911809056,8.037749999999999,9.290595,1.2528450546264658,2.8916199999999996,5.098148,2.206527869110108,-0.07980929999999997,-0.027020747,0.05278855315797326
25346,-0.04906300000000008,0.01196882,0.061031820355832656,2.6450500000000012,5.8820987,3.2370486747741687,0.03171000000000035,4.8569403,4.8252302694702145,-0.04049270000000005,-0.039970245,0.000522454787683535
25673,0.012386999999999926,0.046644025,0.03425702455091484,5.635680000000001,9.109655,3.4739753802490227,5.395150000000001,7.4128337,2.0176836906433095,0.051455999999999946,0.016939482,-0.034516518279671615
25675,0.21238699999999988,0.046644025,-0.16574297544908512,6.24568,9.109655,2.8639753802490233,9.26515,7.4128337,-1.8523163093566897,0.08145599999999997,0.016939482,-0.06451651827967164
25844,0.04167900000000002,0.04103593,-0.0006430684425831057,7.97982,8.028446,0.04862619750976549,6.31747,7.0617914,0.74432141998291,0.0030944000000000527,0.04851651,0.04542210819182391
25845,0.04167900000000002,0.012204567,-0.029474433029532454,8.11982,8.460582,0.34076177947997977,6.617470000000001,5.8118205,-0.8056494929504403,0.01309439999999995,0.0055006347,-0.0075937653334676725
26269,-0.116317,-0.02138616,0.0949308404160738,3.4060699999999997,5.203471,1.7974011837768558,3.3550499999999985,5.7967467,2.441696730804445,0.10665259999999999,0.10116663,-0.00548597169885634
26523,-0.06761600000000012,-0.02679298,0.04082301926946652,5.902649999999998,7.893833,1.991183160400393,5.4033999999999995,6.7847133,1.3813132682800298,-0.0815285,-0.019128522,0.06239997809565068
26524,-0.028615999999999975,-0.02679298,0.001823019269466375,6.902649999999998,7.893833,0.9911831604003929,7.4033999999999995,6.7847133,-0.6186867317199702,-0.05852849999999998,-0.019128522,0.039399978095650656
26633,0.018588999999999967,-0.0054104924,-0.0239994924201965,5.07254,7.647185,2.5746448487854003,5.478440000000001,7.249505,1.7710650430297843,0.05888559999999998,0.101162344,0.04227674421730043
26690,0.05171700000000001,0.027711825,-0.024005174554705633,12.760720000000001,10.502325,-2.2583949420166025,11.1389,8.183668,-2.95523186340332,0.10500520000000002,0.027099745,-0.07790545465190413
26691,0.011716999999999977,0.027711825,0.015994825445294403,9.460720000000002,10.502325,1.0416050579833964,7.1389,8.183668,1.04476813659668,0.01500519999999994,0.027099745,0.012094545348095953
26950,0.053247000000000044,0.04609508,-0.007151919326305434,9.938460000000003,9.506023,-0.43243659301758086,8.566270000000001,8.196382,-0.36988843109130976,0.043883899999999976,0.037621774,-0.006262126220607733
26951,0.053247000000000044,0.04609508,-0.007151919326305434,8.23846,9.506023,1.267563406982422,6.906270000000001,8.196382,1.2901115689086904,0.01688389999999995,0.037621774,0.02073787377939229
27118,0.05795400000000006,0.11242856,0.054474560853004395,12.4236,13.4984665,1.0748664916992183,11.40202,13.055327,1.6533074154663083,0.08247870000000002,0.13793662,0.05545792190437315
27119,0.040954000000000046,0.11242856,0.07147456085300441,10.823599999999999,13.4984665,2.6748664916992198,9.90202,13.055327,3.1533074154663083,0.0644787,0.13793662,0.07345792190437317
27123,0.03595400000000004,0.11242856,0.07647456085300441,12.823599999999999,13.4984665,0.6748664916992198,11.60202,13.055327,1.453307415466309,0.08747870000000002,0.13793662,0.05045792190437315
27124,0.250954,0.11242856,-0.13852543914699555,17.0236,13.4984665,-3.5251335083007795,18.202019999999997,13.055327,-5.146692584533689,0.29947870000000004,0.13793662,-0.16154207809562687
27125,0.18795400000000007,0.11242856,-0.07552543914699561,17.5236,13.4984665,-4.0251335083007795,16.90202,13.055327,-3.8466925845336917,0.1994787,0.13793662,-0.06154207809562684
27126,0.15595400000000004,0.11242856,-0.04352543914699558,13.823599999999999,13.4984665,-0.32513350830078025,14.00202,13.055327,-0.9466925845336913,0.12747870000000006,0.13793662,0.010457921904373113
27416,-0.05053750000000001,-0.04333013,0.007207370764017118,9.217019999999998,10.038784,0.8217640270996114,9.115,10.084716,0.9697158432006834,0.19051200000000001,0.20330569,0.012793691480636582
27419,-0.06053750000000002,-0.04333013,0.017207370764017127,12.49702,10.038784,-2.4582359729003898,11.614999999999998,10.084716,-1.5302841567993148,0.25051199999999996,0.20330569,-0.04720630851936336
27464,-0.01746599999999998,0.12682183,0.144287830868721,10.74615,11.300265,0.5541153121948241,14.488349999999999,13.499288,-0.9890623947143542,-0.029183799999999982,0.046024013,0.07520781331067083
27595,0.1371920000000001,0.09058493,-0.046607073692798706,10.53248,9.1198435,-1.4126365170288082,13.36488,11.043653,-2.321227465515136,0.13369889999999995,0.11992466,-0.013774242953205063
27597,-0.0008079999999999199,0.09058493,0.0913929263072013,10.33248,9.1198435,-1.212636517028809,10.16488,11.043653,0.8787725344848631,0.09369890000000003,0.11992466,0.026225757046794862
27603,-0.03860299999999994,-0.014780675,0.023822324938952866,9.542840000000002,12.2608795,2.7180395166015607,10.793209999999998,12.852312,2.059102088012697,0.07798479999999997,0.109801136,0.03181633595724109
27634,0.1023869999999999,0.025433904,-0.07695309643995751,9.805680000000002,8.891921,-0.9137589566040063,10.43515,7.1753144,-3.259835573577881,0.12145600000000001,0.03961228,-0.081843721657753
27743,0.011622000000000021,-0.023429843,-0.03505184266579153,11.533819999999999,9.981805,-1.5520151522827135,9.198,7.965791,-1.2322087745666508,0.04237089999999999,0.093225375,0.050854474817848216
27852,0.0040959999999998775,0.08467616,0.0805801614084245,12.546420000000001,15.898529,3.3521090527343738,11.007249999999999,15.685371,4.678121398925782,0.03168329999999997,0.15272322,0.12103992297096255
27853,0.1410959999999999,0.08467616,-0.05641983859157551,17.236420000000003,15.898529,-1.3378909472656275,19.60725,15.685371,-3.9218786010742193,0.24968329999999994,0.15272322,-0.09696007702903742
27854,0.04809599999999992,0.08467616,0.03658016140842446,14.876420000000003,15.898529,1.022109052734372,17.06725,15.685371,-1.3818786010742201,0.22668329999999992,0.15272322,-0.0739600770290374
27855,0.03709599999999991,0.08467616,0.04758016140842447,14.986420000000003,15.898529,0.9121090527343725,13.78725,15.685371,1.898121398925781,0.0636833,0.15272322,0.08903992297096253
27856,0.3960959999999999,0.08467616,-0.3114198385915755,26.06642,15.898529,-10.167890947265626,25.76725,15.685371,-10.08187860107422,0.40668329999999997,0.15272322,-0.25396007702903745
27859,0.0280959999999999,0.08467616,0.05658016140842448,13.296420000000001,15.898529,2.6021090527343738,12.46725,15.685371,3.2181213989257813,0.0636833,0.15272322,0.08903992297096253
27972,0.111819,0.1393873,0.027568294650077818,8.658890000000003,7.8897324,-0.7691576391601593,7.493590000000001,9.334349,1.840758678588866,-0.015581199999999962,0.08515468,0.10073588239784237
27973,0.16181900000000005,0.1393873,-0.022431705349922226,8.258890000000005,7.8897324,-0.36915763916016076,9.69359,9.334349,-0.3592413214111332,0.09041880000000002,0.08515468,-0.005264117602157614
27974,0.20181900000000008,0.1393873,-0.06243170534992226,8.558890000000005,7.8897324,-0.6691576391601615,10.09359,9.334349,-0.7592413214111335,0.07641880000000001,0.08515468,0.008735882397842398
27975,0.251819,0.1393873,-0.1124317053499222,8.658890000000003,7.8897324,-0.7691576391601593,12.39359,9.334349,-3.0592413214111325,0.17541879999999999,0.08515468,-0.09026411760215758
27976,0.15181900000000004,0.1393873,-0.012431705349922217,6.358890000000002,7.8897324,1.5308423608398414,9.493590000000001,9.334349,-0.1592413214111339,0.13941879999999995,0.08515468,-0.05426411760215755
28007,0.07526500000000003,0.08133426,0.006069263086318943,16.374029999999998,13.769391,-2.6046389401245094,16.71821,13.3692045,-3.3490054788208,0.1947512,0.13319345,-0.0615577518140793
28169,-0.028890000000000082,0.021330275,0.05022027464151391,9.697580000000002,9.248203,-0.44937672241211146,5.782359999999999,5.7753215,-0.007038516387938287,-0.02685650000000006,0.03579005,0.06264654853963858
28170,-0.05335040000000002,-0.021702887,0.03164751250960829,8.755619999999999,5.841403,-2.9142169924926744,6.8767499999999995,5.0089407,-1.8678093032836909,0.0871132,0.08619444,-0.0009187592775344866
28172,-0.036420100000000066,-0.017781837,0.018638263087964124,2.4810499999999998,5.5511794,3.0701294090271,3.4665,4.9010324,1.4345324478149415,0.12689820000000007,0.08294398,-0.04395421662397392
28252,-0.04693000000000014,-0.07987219,-0.03294219095230089,4.508210000000002,4.0338492,-0.4743607606506366,3.362689999999997,2.4697752,-0.8929148001098604,0.03192879999999987,0.027233891,-0.00469490881090151
28253,-0.09692999999999996,-0.07987219,0.017057809047698935,3.1882100000000015,4.0338492,0.8456392393493637,0.5226899999999972,2.4697752,1.9470851998901395,-0.019071200000000066,0.027233891,0.046305091189098424
28255,-0.02693000000000012,-0.07987219,-0.052942190952300905,4.778210000000001,4.0338492,-0.7443607606506362,5.202689999999999,2.4697752,-2.732914800109862,0.08392879999999991,0.027233891,-0.056694908810901556
28256,-0.08693000000000017,-0.07987219,0.007057809047699148,3.6182100000000013,4.0338492,0.415639239349364,1.1726899999999993,2.4697752,1.2970851998901374,-0.005071199999999942,0.027233891,0.0323050911890983
28258,-0.06693000000000016,-0.07987219,-0.01294219095230087,4.218210000000003,4.0338492,-0.18436076065063745,3.072689999999998,2.4697752,-0.6029148001098612,0.037928799999999985,0.027233891,-0.010694908810901627
28259,-0.07993000000000006,-0.07987219,5.780904769903117e-05,4.008210000000002,4.0338492,0.025639239349363407,2.482689999999998,2.4697752,-0.012914800109861346,0.028928799999999977,0.027233891,-0.0016949088109016186
28260,-0.09193000000000007,-0.07987219,0.012057809047699042,3.7182100000000027,4.0338492,0.31563923934936255,1.6426899999999982,2.4697752,0.8270851998901385,0.013928799999999963,0.027233891,0.013305091189098395
28261,-0.10892999999999997,-0.07987219,0.029057809047698946,3.6182100000000013,4.0338492,0.415639239349364,1.3326899999999995,2.4697752,1.1370851998901372,0.016928799999999855,0.027233891,0.010305091189098503
28262,-0.09193000000000007,-0.07987219,0.012057809047699042,4.5582100000000025,4.0338492,-0.5243607606506373,3.47269,2.4697752,-1.0029148001098633,0.05892879999999989,0.027233891,-0.031694908810901534
28263,-0.09193000000000007,-0.07987219,0.012057809047699042,3.7182100000000027,4.0338492,0.31563923934936255,1.8926899999999982,2.4697752,0.5770851998901385,0.023928799999999972,0.027233891,0.003305091189098386
28266,-0.10492999999999997,-0.07987219,0.025057809047698942,3.5382099999999994,4.0338492,0.4956392393493658,1.5326899999999988,2.4697752,0.9370851998901379,0.023928799999999972,0.027233891,0.003305091189098386
28267,-0.07693000000000016,-0.05357162,0.023358380906582044,1.918210000000002,3.428931,1.5107209978485088,0.6226899999999986,1.9771173,1.3544273000335707,0.02092879999999997,0.02609942,0.005170619221282036
28328,-0.07443330000000004,-0.02499838,0.04943492012875084,9.54541,6.8424773,-2.7029326783752445,7.7227000000000015,6.017206,-1.7054938079834,0.0760615,0.09805466,0.0219931623468399
28366,0.05219799999999997,0.01409649,-0.038101509892523255,12.465019999999999,8.969532,-3.495487987060546,14.2075,8.410158,-5.797341842651367,0.2562481,0.107227094,-0.14902100552854536
28371,-0.007802000000000087,0.01409649,0.021898490107476798,7.665019999999998,8.969532,1.3045120129394547,6.307499999999997,8.410158,2.1026581573486354,0.026248099999999996,0.107227094,0.08097899447145462
28403,0.7285619999999999,0.38193464,-0.3466273572082519,24.387880000000003,11.327595,-13.060285242919925,21.16109,15.542356,-5.618734462585451,0.6103661,0.38132846,-0.2290376364456177
28405,0.47856199999999993,0.38193464,-0.09662735720825189,13.387880000000003,11.327595,-2.0602852429199245,20.16109,15.542356,-4.618734462585451,0.6603661,0.38132846,-0.27903763644561763
28406,0.448562,0.38193464,-0.06662735720825197,9.387880000000003,11.327595,1.9397147570800755,19.16109,15.542356,-3.6187344625854507,0.6103661,0.38132846,-0.2290376364456177
28407,0.328562,0.38193464,0.053372642791748026,7.387880000000003,11.327595,3.9397147570800755,13.161090000000002,15.542356,2.3812655374145493,0.2103661,0.38132846,0.17096236355438232
28408,0.15856199999999998,0.38193464,0.22337264279174807,9.387880000000003,11.327595,1.9397147570800755,11.161090000000002,15.542356,4.381265537414549,0.11036610000000002,0.38132846,0.2709623635543823
28409,0.15856199999999998,0.38193464,0.22337264279174807,4.587880000000002,11.327595,6.739714757080076,8.36109,15.542356,7.18126553741455,0.10036610000000001,0.38132846,0.2809623635543823
28430,0.386035,0.06975955,-0.3162754522895813,24.1057,16.627214,-7.4784855682373035,19.7985,12.45985,-7.338649688720704,0.43620519999999996,0.1345126,-0.3016925967170715
28432,-0.04996500000000004,0.06975955,0.11972454771041874,25.105700000000002,16.627214,-8.478485568237307,19.198500000000003,12.45985,-6.738649688720706,0.19620519999999997,0.1345126,-0.0616925967170715
28464,-0.07778499999999999,0.017404469,0.09518946873009204,7.708349999999999,8.725419,1.0170690444946295,3.297250000000002,6.4412956,3.144045623779295,-0.04773589999999994,0.017563289,0.06529918903138632
28465,-0.1177849999999998,0.017404469,0.13518946873009186,6.668349999999997,8.725419,2.0570690444946322,2.1572500000000012,6.4412956,4.284045623779296,-0.027735899999999925,0.017563289,0.0452991890313863
28466,0.06221500000000013,0.017404469,-0.04481053126990808,7.50835,8.725419,1.2170690444946288,5.297250000000002,6.4412956,1.144045623779295,-0.04773589999999994,0.017563289,0.06529918903138632
28467,0.12221500000000007,0.017404469,-0.10481053126990802,11.398349999999997,8.725419,-2.672930955505368,9.127250000000002,6.4412956,-2.685954376220705,-0.027735899999999925,0.017563289,0.0452991890313863
28480,-0.02761300000000011,0.026505284,0.05411828401136409,11.215680000000003,9.73128,-1.4843996731567408,8.78515,7.445761,-1.3393887962341307,0.061455999999999955,0.039754253,-0.021701747119188264
28483,-0.02761300000000011,0.026505284,0.05411828401136409,12.38568,9.73128,-2.654399673156739,9.57515,7.445761,-2.1293887962341316,0.061455999999999955,0.039754253,-0.021701747119188264
28484,-0.02761300000000011,0.026505284,0.05411828401136409,12.705680000000001,9.73128,-2.9743996731567393,10.25515,7.445761,-2.8093887962341313,0.09145599999999998,0.039754253,-0.05170174711918829
28485,-0.0176130000000001,0.026505284,0.044118284011364084,12.99568,9.73128,-3.2643996731567384,10.645150000000001,7.445761,-3.199388796234132,0.10145599999999999,0.039754253,-0.0617017471191883
28486,-0.03761300000000012,0.026505284,0.0641182840113641,12.445680000000003,9.73128,-2.7143996731567412,10.69515,7.445761,-3.249388796234131,0.1314559999999999,0.039754253,-0.09170174711918821
28487,-0.03761300000000012,0.026505284,0.0641182840113641,12.705680000000001,9.73128,-2.9743996731567393,11.135150000000001,7.445761,-3.689388796234132,0.15145599999999992,0.039754253,-0.11170174711918823
28488,-0.02761300000000011,0.026505284,0.05411828401136409,11.985680000000002,9.73128,-2.2543996731567404,10.59515,7.445761,-3.149388796234131,0.14145599999999992,0.039754253,-0.10170174711918822
28489,-0.02761300000000011,0.026505284,0.05411828401136409,12.47568,9.73128,-2.744399673156739,10.76515,7.445761,-3.319388796234131,0.1314559999999999,0.039754253,-0.09170174711918821
28491,-0.007613000000000092,0.026505284,0.034118284011364075,13.835680000000002,9.73128,-4.10439967315674,11.555150000000001,7.445761,-4.109388796234132,0.12145600000000001,0.039754253,-0.08170174711918832
28580,0.022698000000000107,0.046341073,0.02364307276797284,6.32047,7.9811463,1.6606763356018064,4.49981,6.903362,2.4035517973327636,-0.009882699999999911,0.051062025,0.060944725129794985
28619,0.06166500000000008,0.02388812,-0.03777687957227238,7.000340000000005,8.027699,1.0273594705200146,4.7813,6.458393,1.6770930969238282,-0.05467719999999998,0.02585705,0.0805342499718189
28804,0.16148799999999996,0.107298076,-0.05418992384719845,13.831820000000002,9.475416,-4.3564038165283225,11.32644,9.224802,-2.101637982788086,-0.013692199999999932,0.050813317,0.06450551729888909
28812,0.09340499999999985,0.036598615,-0.05680638465166077,13.18732,8.551306,-4.636014229125976,16.02722,9.076884,-6.950335730285644,0.39421990000000007,0.14113827,-0.253081629502678
28943,0.023422000000000054,0.044391725,0.020969725212335533,11.055780000000002,9.948583,-1.1071973507690451,7.925729999999998,9.49071,1.5649802584838888,-0.01492529999999992,0.11686751,0.13179281246452323
29091,-0.028960399999999886,-0.019670364,0.009290036484384423,6.796849999999999,6.5692024,-0.22764757690429605,6.732919999999998,7.2959094,0.5629894047546404,0.09652229999999995,0.09910765,0.0025853529026031996
29221,0.12604000000000004,0.036112983,-0.08992701722025875,10.966709999999999,9.778745,-1.1879653024291983,14.504560000000001,10.478028,-4.026531702575685,0.16966769999999998,0.088097274,-0.0815704256965637
29224,0.0640400000000001,0.036112983,-0.02792701722025881,10.056709999999999,9.778745,-0.27796530242919815,11.014560000000001,10.478028,-0.5365317025756848,0.07966770000000001,0.088097274,0.008429574303436271
29225,0.04604000000000008,0.036112983,-0.009927017220258794,9.88671,9.778745,-0.1079653024292,10.904560000000002,10.478028,-0.4265317025756854,0.08966770000000002,0.088097274,-0.0015704256965637375
29226,0.03404000000000007,0.036112983,0.002072982779741217,9.576709999999999,9.778745,0.20203469757080228,9.674560000000003,10.478028,0.8034682974243132,0.05966769999999999,0.088097274,0.02842957430343629
29227,0.0040400000000000436,0.036112983,0.032072982779741244,9.38671,9.778745,0.3920346975708,9.184560000000001,10.478028,1.2934682974243152,0.0696677,0.088097274,0.01842957430343628
29228,-0.016959999999999864,0.036112983,0.05307298277974115,9.08671,9.778745,0.6920346975708007,8.45456,10.478028,2.0234682974243157,0.029667699999999964,0.088097274,0.058429574303436316
29258,0.02986600000000006,0.06973961,0.039873609956741274,4.273130000000002,5.1102834,0.8371533747863751,9.69,10.142244,0.4522443389892583,0.29012399999999994,0.3078951,0.01777109415626532
29268,0.04238699999999995,0.0799769,0.03758990141201024,10.105680000000003,11.707212,1.601532448120114,10.60515,11.604625,0.9994747482299804,0.16145599999999993,0.13255465,-0.028901349693298273
29271,0.012386999999999926,0.0799769,0.06758990141201027,4.805680000000002,11.707212,6.901532448120115,3.605150000000002,11.604625,7.999474748229979,0.0014560000000000128,0.13255465,0.13109865030670165
29446,-0.10761299999999996,0.032166477,0.13977947729277607,6.005680000000002,9.555093,3.549412811584471,1.1051500000000019,7.8591905,6.7540404640197735,-0.08154400000000006,0.04909149,0.13063549184823042
29447,-0.007613000000000092,0.032166477,0.0397794772927762,6.385680000000001,9.555093,3.169412811584472,2.925150000000002,7.8591905,4.934040464019773,-0.06354400000000004,0.04909149,0.1126354918482304
29449,0.012386999999999926,0.032166477,0.019779477292776182,11.945680000000003,9.555093,-2.3905871884155303,10.70515,7.8591905,-2.8459595359802243,0.1244559999999999,0.04909149,-0.07536450815176954
29561,0.04552999999999996,0.0841203,0.03859030339241032,7.5567500000000045,8.955961,1.3992112274169877,13.634519999999998,14.0919,0.45737987182617346,0.31762270000000004,0.28253713,-0.03508556749839786
29562,0.03452999999999995,0.0841203,0.04959030339241033,7.276750000000003,8.955961,1.6792112274169888,12.734519999999998,14.0919,1.3573798718261738,0.2876227,0.28253713,-0.005085567498397836
29564,0.04852999999999996,0.0841203,0.035590303392410316,8.116750000000003,8.955961,0.839211227416989,13.43452,14.0919,0.6573798718261727,0.2936227,0.28253713,-0.011085567498397841
29657,0.012386999999999926,0.025433904,0.013046903560042455,7.90568,8.891921,0.9862410433959958,4.805150000000001,7.1753144,2.370164426422118,-0.04854400000000003,0.03961228,0.08815627834224704
29870,-0.008323999999999998,0.010880754,0.019204754329264162,11.631520000000002,9.616063,-2.015456882019045,8.739959999999998,9.482147,0.7421872167968768,0.031119999999999925,0.10208992,0.07096991914987572
29872,0.07167600000000007,0.010880754,-0.06079524567073591,13.051520000000004,9.616063,-3.4354568820190465,13.899959999999998,9.482147,-4.417812783203123,0.21611999999999998,0.10208992,-0.11403008085012434
30368,0.209387,0.025433904,-0.1839530964399576,25.395680000000002,8.891921,-16.503758956604006,18.66515,7.1753144,-11.489835573577881,0.06345599999999996,0.03961228,-0.023843721657752948
30417,-0.08461300000000005,0.032166477,0.11677947729277616,10.40568,9.555093,-0.8505871884155276,6.60515,7.8591905,1.2540404640197753,0.02145599999999992,0.04909149,0.027635491848230442
30418,-0.06061300000000003,0.032166477,0.09277947729277614,10.40568,9.555093,-0.8505871884155276,9.805150000000001,7.8591905,-1.9459595359802258,0.16145599999999993,0.04909149,-0.11236450815176957
30419,-0.08461300000000005,0.032166477,0.11677947729277616,10.40568,9.555093,-0.8505871884155276,6.60515,7.8591905,1.2540404640197753,0.02145599999999992,0.04909149,0.027635491848230442
30420,-0.034613000000000005,0.032166477,0.06677947729277611,10.605680000000003,9.555093,-1.0505871884155304,8.10515,7.8591905,-0.24595953598022469,0.051455999999999946,0.04909149,-0.0023645081517695843
30456,-0.08961300000000016,0.025433904,0.11504690356004255,6.685680000000001,8.891921,2.2062410433959947,0.9951499999999989,7.1753144,6.18016442642212,-0.09454399999999996,0.03961228,0.13415627834224697
30725,0.012386999999999926,0.025433904,0.013046903560042455,12.017680000000002,8.891921,-3.125758956604006,9.28515,7.1753144,-2.1098355735778807,0.04345599999999994,0.03961228,-0.00384372165775293
31082,0.14207599999999998,0.09411273,-0.047963268483638744,9.5613,9.379456,-0.18184443359374924,9.501460000000002,7.8217444,-1.6797155580139176,0.0569056,0.017504208,-0.03940139221010208
31083,0.13207599999999997,0.09411273,-0.037963268483638735,10.8613,9.379456,-1.48184443359375,10.571460000000002,7.8217444,-2.749715558013918,0.08290560000000002,0.017504208,-0.0654013922101021
31084,0.12207599999999996,0.09411273,-0.027963268483638726,9.0613,9.379456,0.31815556640625076,8.401460000000002,7.8217444,-0.5797155580139179,0.02290559999999997,0.017504208,-0.005401392210102052
31085,0.13207599999999997,0.09411273,-0.037963268483638735,10.0613,9.379456,-0.6818444335937492,9.801460000000002,7.8217444,-1.9797155580139183,0.0629056,0.017504208,-0.04540139221010209
31087,0.12207599999999996,0.09411273,-0.027963268483638726,8.8613,9.379456,0.51815556640625,8.001460000000002,7.8217444,-0.1797155580139176,0.007905599999999957,0.017504208,0.009598607789897962
31088,0.05148799999999998,0.0060668816,-0.045421118414133765,7.941820000000003,9.068841,1.1270209805297817,7.41644,5.8587556,-1.5576844114685056,0.050307800000000125,0.001414735,-0.048893065013389414
31089,0.08425400000000005,0.0963511,0.012097101994514414,16.183300000000003,13.267585,-2.915715199279788,12.77204,9.438004,-3.334036459960938,0.023824899999999927,0.02910355,0.005278649197316243
31090,0.09248000000000012,0.07892716,-0.01355284069061291,9.53737,13.504969,3.9675986431884773,9.05409,11.769301,2.7152114144897457,0.046650699999999934,0.05004402,0.0033933187752247518
31185,-0.08148600000000017,0.0020315885,0.08351758846125024,2.843110000000003,7.019988,4.176878059997556,3.002830000000003,6.9373665,3.9345364855957,0.03698579999999996,0.10126825,0.06428244676990513
31186,-0.09148600000000018,0.0020315885,0.09351758846125025,4.563110000000002,7.019988,2.456878059997557,3.2828300000000006,6.9373665,3.6545364855957025,0.05498579999999986,0.10126825,0.04628244676990523
31187,-0.08148600000000017,0.0020315885,0.08351758846125024,3.263110000000001,7.019988,3.7568780599975575,2.102830000000001,6.9373665,4.834536485595702,0.05098579999999997,0.10126825,0.05028244676990512
31188,-0.07148600000000016,0.0020315885,0.07351758846125023,5.663110000000003,7.019988,1.3568780599975554,4.782830000000001,6.9373665,2.1545364855957025,0.06798579999999999,0.10126825,0.033282446769905105
31323,0.132343,0.10062192,-0.03172108364629744,8.12414,8.738963,0.6148231271362299,10.47445,9.843522,-0.6309279281616202,0.12442659999999994,0.13050587,0.006079274752998409
31324,0.11234299999999997,0.10062192,-0.011721083646297425,8.114140000000003,8.738963,0.6248231271362279,9.844449999999998,9.843522,-0.0009279281616194623,0.10442659999999993,0.13050587,0.026079274752998427
31325,0.17143699999999995,0.03558227,-0.13585472952675814,13.098460000000001,8.784444,-4.314016144714357,13.002490000000002,9.177773,-3.824716524353029,0.06453720000000007,0.13224138,0.06770418319492333
31351,0.0019620000000000193,-0.011909616,-0.01387161617976429,6.847160000000002,6.6059866,-0.24117340484619376,9.576139999999999,7.4805193,-2.0956207052612292,0.22261769999999992,0.13179784,-0.09081986476917259
31355,-0.00803799999999999,-0.011909616,-0.003871616179764281,6.847160000000002,6.6059866,-0.24117340484619376,7.576139999999999,7.4805193,-0.09562070526122923,0.12961769999999995,0.13179784,0.0021801352308273847
31356,0.0019620000000000193,-0.011909616,-0.01387161617976429,6.847160000000002,6.6059866,-0.24117340484619376,6.776139999999998,7.4805193,0.7043792947387715,0.0776176999999999,0.13179784,0.05418013523082743
31357,-0.048038000000000025,-0.011909616,0.036128383820235754,6.7471600000000045,6.6059866,-0.1411734048461959,5.076139999999999,7.4805193,2.4043792947387708,0.03161769999999997,0.13179784,0.10018013523082736
31363,0.0019620000000000193,-0.011909616,-0.01387161617976429,6.447160000000004,6.6059866,0.15882659515380482,9.47614,7.4805193,-1.9956207052612296,0.22661769999999992,0.13179784,-0.09481986476917259
31364,-0.028038000000000007,-0.011909616,0.016128383820235737,5.947160000000004,6.6059866,0.6588265951538048,8.176139999999998,7.4805193,-0.6956207052612289,0.18561769999999989,0.13179784,-0.053819864769172554
31407,0.15521700000000005,0.060233176,-0.09498382424545293,15.765749999999999,11.196128,-4.5696221084594715,14.45087,8.647418,-5.803451977844238,0.11632389999999992,0.049422387,-0.06690151296629898
31408,-0.03884500000000002,0.021973716,0.06081871609508993,9.70569,9.477721,-0.227968785705567,5.656550000000001,7.137118,1.480567862701415,-0.01597470000000001,0.03832245,0.05429714873046876
31425,0.012799000000000005,0.043132115,0.030333115155458445,18.499760000000002,15.931567,-2.5681928079223653,14.604320000000001,14.295653,-0.3086666567993177,0.09750270000000005,0.17548256,0.07797985622386927
31426,0.04279900000000003,0.043132115,0.00033311515545841885,16.959760000000003,15.931567,-1.0281928079223661,17.80432,14.295653,-3.508666656799317,0.3535027,0.17548256,-0.17802014377613068
31635,0.168883,0.08688277,-0.08200022993850709,13.44771,8.924958,-4.522751770935059,12.76669,9.220335,-3.5463549932861334,0.054355699999999896,0.10926721,0.05491151245050441
31652,-0.022696999999999967,-0.007485406,0.015211593992382255,11.405810000000002,13.951159,2.545348523559568,10.283259999999999,13.243106,2.9598458883667007,0.08543459999999992,0.14471157,0.059276968951606834
31653,0.01730300000000007,-0.007485406,-0.02478840600761778,17.30581,13.951159,-3.3546514764404307,18.78326,13.243106,-5.540154111633299,0.3514346,0.14471157,-0.20672303104839324
31654,-0.042696999999999985,-0.007485406,0.03521159399238227,10.50581,13.951159,3.44534852355957,8.18326,13.243106,5.059845888366699,0.03043459999999998,0.14471157,0.11427696895160677
31655,-0.022696999999999967,-0.007485406,0.015211593992382255,15.605810000000002,13.951159,-1.6546514764404314,14.38326,13.243106,-1.1401541116333007,0.13943459999999996,0.14471157,0.005276968951606786
31676,-0.06721500000000002,-0.0014646867,0.06575031329426917,4.783239999999999,8.3281,3.544860204467774,2.6498100000000004,5.8569536,3.207143620910644,0.011713700000000049,0.031193549,0.01947984881346221
31677,-0.057215000000000016,-0.0014646867,0.05575031329426916,7.273240000000001,8.3281,1.0548602044677722,4.9798100000000005,5.8569536,0.877143620910644,0.028713700000000064,0.031193549,0.002479848813462193
31678,-0.01721499999999998,-0.0014646867,0.015750313294269125,8.483240000000002,8.3281,-0.15513979553222867,6.0298099999999994,5.8569536,-0.17285637908935492,0.016713700000000054,0.031193549,0.014479848813462204
32154,0.04276499999999994,0.016653609,-0.02611139146924013,6.50046,8.658276,2.1578156042480465,9.975359999999998,9.721289,-0.254071318969725,0.1760887,0.14414887,-0.03193982869739531
32156,0.09238699999999989,0.026505284,-0.0658817159886359,11.605680000000003,9.73128,-1.8743996731567414,9.805150000000001,7.445761,-2.359388796234132,0.03045600000000004,0.039754253,0.009298252880811653
32165,0.12253400000000003,0.07230431,-0.0502296915855408,8.26615,9.392393,1.1262431121826175,9.388349999999999,8.792035,-0.5963148971557608,0.035816199999999965,0.050322972,0.014506772238063848
32263,0.06221500000000013,0.018176237,-0.04403876287877573,10.948349999999998,9.461954,-1.4863958831787087,9.797250000000002,6.6275234,-3.169726577758791,0.07226410000000005,0.0030808132,-0.0691832867858172
32940,0.11199999999999999,0.14048404,0.028484035015106213,14.975249999999999,18.663572,3.688322311401368,16.24622,21.326761,5.080541245727538,0.13741589999999992,0.36022916,0.2228132643619538
32948,0.062000000000000055,0.14048404,0.07848403501510615,17.54525,18.663572,1.1183223114013678,20.58622,21.326761,0.7405412457275382,0.35141589999999995,0.36022916,0.008813264361953788
32949,0.132,0.14048404,0.008484035015106195,19.23525,18.663572,-0.5716776885986334,23.24622,21.326761,-1.919458754272462,0.46541589999999994,0.36022916,-0.1051867356380462
32951,0.252,0.14048404,-0.1115159649848938,22.16525,18.663572,-3.501677688598633,25.24622,21.326761,-3.919458754272462,0.5394159,0.36022916,-0.1791867356380462
32991,0.14381300000000008,0.09970423,-0.04410877165842064,9.119610000000002,8.7535925,-0.3660175088500992,11.65634,8.378712,-3.277628299560547,0.22019530000000015,0.079393305,-0.1408019951155664
32992,0.12339200000000006,0.09970423,-0.02368777165842062,16.77862,10.095387,-6.683232541198731,10.938329999999999,8.277108,-2.661221807556151,-0.02944000000000002,-0.010712161,0.0187278392711282
33273,0.11560000000000004,0.023160314,-0.09243968581259254,11.71255,11.419043,-0.2935074127197268,14.30408,11.8478565,-2.4562234783935555,0.16170479999999998,0.11407601,-0.04762878911714552
33274,0.0068749999999999645,-0.005115644,-0.011990644074976409,14.584729999999997,10.437997,-4.146733135681149,12.00308,8.748228,-3.2548519268798835,0.004812700000000003,0.032369528,0.02755682796578407
33457,0.32095000000000007,0.006274642,-0.31467535804286606,25.99737,11.43121,-14.566160435791016,21.9771,11.87143,-10.105669602966309,0.4454893,0.15837358,-0.28711572061710355
33458,-0.03905000000000003,0.006274642,0.04532464195713404,9.58737,11.43121,1.8438395642089844,10.517100000000001,11.87143,1.3543303970336904,0.16748929999999995,0.15837358,-0.009115720617103529
33459,0.15560000000000007,0.036596697,-0.1190033031761647,26.92255,14.084155,-12.838394917297364,23.18408,14.019321,-9.164758558349611,0.33570479999999997,0.13077748,-0.20492732178192136
33460,0.015600000000000058,0.036596697,0.020996696823835315,12.98255,14.084155,1.101605082702637,13.114080000000001,14.019321,0.9052414416503893,0.12570480000000006,0.13077748,0.005072678218078552
33462,0.04682900000000001,0.022162933,-0.02466606709742547,11.92691,9.708593,-2.218316631469726,12.33834,9.424374,-2.913966373291016,0.11857720000000005,0.10130742,-0.017269778077316333
33465,0.10321500000000006,0.018176237,-0.08503876287877565,24.668349999999997,9.461954,-15.206395883178708,12.907250000000001,6.6275234,-6.27972657775879,-0.2267359,0.0030808132,0.22981671321418284
33466,-0.007784999999999931,0.018176237,0.025961237121224334,7.768349999999998,9.461954,1.693604116821291,-1.672749999999997,6.6275234,8.300273422241208,-0.29073589999999994,0.0030808132,0.2938167132141828
33772,-0.087785,0.017404469,0.10518946873009205,6.228349999999999,8.725419,2.49706904449463,0.8872500000000016,6.4412956,5.554045623779295,-0.08773589999999998,0.017563289,0.10529918903138635
33773,-0.1077849999999998,-0.042773645,0.06501135462880114,6.538349999999998,7.42507,0.8867198089599633,1.7572500000000026,4.46353,2.7062800636291477,-0.04773589999999994,-0.006858452,0.04087744777675861
33774,0.1622150000000001,0.017404469,-0.14481053126990806,6.838349999999998,8.725419,1.8870690444946305,8.10725,6.4412956,-1.6659543762207036,0.10226410000000008,0.017563289,-0.0847008109686137
33775,0.1622150000000001,0.02700662,-0.13520837945878517,6.638349999999999,8.998028,2.359677801513673,8.50725,8.5771885,0.0699384918212882,0.062264100000000044,0.0641938,0.0019297000917434248
33776,0.08221500000000015,0.10765312,0.025438118669986576,7.738349999999997,8.001928,0.2635783294677765,9.00725,9.76846,0.7612102737426749,0.18226410000000004,0.099654056,-0.08261004386816029
33777,0.042215000000000114,0.013641372,-0.02857362767696392,8.138349999999999,7.5020037,-0.6363463302612296,10.50725,6.816234,-3.691015888214112,0.20226410000000006,0.07154796,-0.13071613727483755
33778,0.042215000000000114,0.013177957,-0.029037042614221686,7.93835,7.479312,-0.4590380569458006,10.00725,6.8867865,-3.120463539123536,0.18226410000000004,0.06317157,-0.11909252701673512
33782,0.05221500000000012,0.0018866804,-0.050328319627009455,11.138349999999999,10.573674,-0.564675798034667,13.50725,10.705236,-2.8020135650634774,0.2822641000000001,0.16896568,-0.11329841761264808
33783,0.022215000000000096,0.0005213034,-0.02169369661264131,12.638349999999999,10.689071,-1.949279298400878,14.307250000000002,11.174677,-3.1325731048584,0.2922641,0.18269725,-0.10956684856090548
33784,0.012215000000000087,-0.037966438,-0.050181437637806026,13.838349999999998,12.838635,-0.9997145553588851,15.00725,13.373415,-1.633835006713868,0.2922641,0.23215134,-0.06011275558147433
33786,-0.07778499999999999,-0.037966438,0.039818562362194054,11.988349999999997,12.838635,0.8502854446411163,9.837250000000001,13.373415,3.536164993286132,0.03226410000000002,0.23215134,0.19988724441852568
33787,-0.1077849999999998,-0.037966438,0.06981856236219386,13.248349999999999,12.838635,-0.40971455535888524,15.92725,13.373415,-2.553835006713868,0.38226410000000005,0.23215134,-0.15011275558147436
33808,0.17521500000000012,0.017404469,-0.15781053126990807,9.108349999999998,8.725419,-0.38293095550536904,10.667250000000001,6.4412956,-4.225954376220704,0.11226410000000009,0.017563289,-0.09470081096861371
33989,0.002215000000000078,0.02791988,0.0257048791831731,6.838349999999998,8.079216,1.2408660034179704,3.707250000000002,6.689999,2.9827491035461406,-0.04773589999999994,0.04394614,0.0916820395144462
33990,0.002215000000000078,0.02791988,0.0257048791831731,6.238349999999997,8.079216,1.8408660034179718,3.4072500000000012,6.689999,3.2827491035461414,-0.03773589999999993,0.04394614,0.08168203951444619
33991,-0.02778499999999995,0.02791988,0.05570487918317313,6.238349999999997,8.079216,1.8408660034179718,2.5072500000000026,6.689999,4.18274910354614,-0.06773589999999996,0.04394614,0.11168203951444622
33992,-0.047784999999999966,0.02791988,0.07570487918317315,6.238349999999997,8.079216,1.8408660034179718,1.8072499999999998,6.689999,4.882749103546143,-0.07773589999999997,0.04394614,0.12168203951444623
33993,0.002215000000000078,0.02791988,0.0257048791831731,6.93835,8.079216,1.140866003417969,3.9072500000000012,6.689999,2.7827491035461414,-0.03773589999999993,0.04394614,0.08168203951444619
33994,-0.007784999999999931,0.02791988,0.03570487918317311,6.038349999999998,8.079216,2.040866003417971,3.6072500000000005,6.689999,3.082749103546142,-0.017735899999999916,0.04394614,0.061682039514446174
33996,0.022215000000000096,0.02791988,0.005704879183173084,6.93835,8.079216,1.140866003417969,5.007250000000001,6.689999,1.6827491035461417,-0.007735899999999907,0.04394614,0.051682039514446165
33998,0.032215000000000105,0.02791988,-0.004295120816826925,8.038349999999998,8.079216,0.040866003417971086,7.307250000000002,6.689999,-0.617250896453859,0.052264100000000036,0.04394614,-0.008317960485553777
33999,0.012215000000000087,0.0018866804,-0.010328319627009419,8.398349999999997,9.547492,1.1491420272827177,5.257250000000001,7.2366085,1.9793585052490226,-0.04173590000000005,0.025249047,0.06698494720485215
34293,-0.04323600000000005,0.042937778,0.08617377793645864,3.6519399999999997,8.836633,5.18469272857666,4.172889999999999,10.029115,5.8562247232055675,0.08703440000000007,0.1341234,0.04708899985370629
34335,-0.011486000000000107,0.0020315885,0.013517588461250174,8.833110000000001,7.019988,-1.8131219400024428,7.582830000000001,6.9373665,-0.6454635144042982,0.045985799999999966,0.10126825,0.055282446769905125
34336,-0.10148600000000019,0.0020315885,0.10351758846125025,3.9931100000000015,7.019988,3.026878059997557,1.7828300000000006,6.9373665,5.1545364855957025,0.01898579999999994,0.10126825,0.08228244676990515
34337,-0.041486000000000134,0.0020315885,0.0435175884612502,1.9431100000000008,7.019988,5.076878059997558,0.9828299999999999,6.9373665,5.954536485595703,0.010985799999999935,0.10126825,0.09028244676990516
34338,-0.08148600000000017,0.0020315885,0.08351758846125024,4.313110000000002,7.019988,2.706878059997557,1.382830000000002,6.9373665,5.554536485595701,-0.03201419999999999,0.10126825,0.13328244676990508
34339,-0.07148600000000016,0.0020315885,0.07351758846125023,3.913110000000003,7.019988,3.1068780599975554,4.982830000000002,6.9373665,1.9545364855957015,0.13898579999999994,0.10126825,-0.03771755323009485
34341,-0.05148600000000014,0.0020315885,0.05351758846125021,3.353110000000001,7.019988,3.6668780599975577,4.982830000000002,6.9373665,1.9545364855957015,0.13898579999999994,0.10126825,-0.03771755323009485
34456,0.06221500000000013,0.017404469,-0.04481053126990808,7.34835,8.725419,1.377069044494629,8.787250000000002,6.4412956,-2.345954376220705,0.1232641000000001,0.017563289,-0.10570081096861372
34794,-0.01833499999999999,0.02388812,0.04222312042772769,6.240340000000003,8.027699,1.7873594705200162,3.4712999999999994,6.458393,2.9870930969238287,-0.02867720000000007,0.02585705,0.05453424997181899
34797,0.0016650000000000276,0.02388812,0.02222312042772767,6.130340000000004,8.027699,1.8973594705200156,4.491300000000001,6.458393,1.9670930969238274,0.008322799999999964,0.02585705,0.01753424997181896
35040,0.1522150000000001,0.017404469,-0.13481053126990805,14.098349999999998,8.725419,-5.372930955505369,12.407250000000001,6.4412956,-5.965954376220704,0.06426410000000005,0.017563289,-0.04670081096861367
35065,-0.06858900000000001,-0.027097931,0.04149106886827947,6.762549999999997,7.534946,0.772395964813235,3.3993900000000004,5.1865983,1.7872083009338375,-0.018535100000000027,0.016634706,0.03516980640778544
35066,-0.06801500000000016,-0.06442789,0.0035871101164819397,6.057960000000001,6.6943345,0.636374506988524,4.529999999999999,4.217119,-0.31288078308105405,0.05212749999999999,0.023566375,-0.028561125444769853
35067,-0.04858899999999999,-0.027097931,0.02149106886827945,5.742549999999998,7.534946,1.7923959648132346,2.6493900000000004,5.1865983,2.5372083009338375,-0.021535099999999918,0.016634706,0.038169806407785334
35068,-0.053015000000000034,-0.06442789,-0.011412889883518185,5.657960000000003,6.6943345,1.0363745069885226,3.7699999999999996,4.217119,0.44711921691894574,0.032127499999999976,0.023566375,-0.008561125444769835
35157,-0.030088000000000115,-0.010231649,0.01985635142821085,8.51249,10.912952,2.4004624230957035,6.87125,10.009699,3.1384488677978517,0.027618799999999943,0.07450255,0.04688375006551748
35158,-0.00730199999999992,-0.0037370392,0.0035649608344285877,4.58023,7.7514014,3.1711714244079587,3.8485299999999985,5.953259,2.1047289912414566,0.045556199999999936,0.022201361,-0.023354838865351613
35159,-0.030088000000000115,-0.010231649,0.01985635142821085,9.152489999999997,10.912952,1.7604624230957064,8.24125,10.009699,1.7684488677978507,0.06761879999999998,0.07450255,0.006883750065517447
35160,-0.00730199999999992,-0.0037370392,0.0035649608344285877,5.000230000000002,7.7514014,2.751171424407957,4.3085299999999975,5.953259,1.6447289912414575,0.055556199999999945,0.022201361,-0.03335483886535162
35170,0.16198999999999997,0.03862855,-0.1233614516162872,15.621590000000001,9.9835,-5.638090473022462,13.585080000000001,7.397697,-6.187383028106691,0.0984836,0.031193871,-0.06728972894892693
35173,-0.01519399999999993,0.02693743,0.04213143072450154,6.253820000000001,7.719381,1.4655608555603017,3.0311700000000013,5.243915,2.2127450810241687,-0.06198350000000008,0.011446159,0.07342965933299073
35174,-0.008010000000000073,0.03862855,0.04663854838371284,9.621590000000001,9.9835,0.36190952697753787,4.785080000000001,7.397697,2.61261697189331,-0.09451639999999994,0.031193871,0.12571027105107302
35175,0.001068000000000069,0.02222596,0.021157959226488998,6.827349999999999,8.848496,2.0211464370727548,3.19792,6.036126,2.8382061367797853,-0.08850889999999989,-0.014361159,0.0741477410553335
35176,0.021989999999999954,0.03862855,0.016638548383712815,10.721590000000003,9.9835,-0.7380904730224636,6.48508,7.397697,0.9126169718933106,-0.08351640000000005,0.031193871,0.11471027105107312
35179,0.021230000000000082,0.034437787,0.013207786787748255,12.234470000000002,9.071106,-3.1633640429687517,8.585130000000001,7.0843406,-1.5007894276428235,-0.014131900000000086,0.01853039,0.03266228929402837
35180,0.15198999999999996,0.03862855,-0.11336145161628719,15.421590000000002,9.9835,-5.438090473022463,11.98508,7.397697,-4.587383028106689,-0.025516400000000106,0.031193871,0.05671027105107318
35191,-0.07578499999999999,0.03189326,0.1076782607769966,7.84835,8.747692,0.8993421081542969,4.757250000000001,6.6526847,1.8954346885681144,0.013264100000000001,0.0024107655,-0.010853334495535494
35192,-0.06378499999999998,0.03189326,0.0956782607769966,7.928349999999998,8.747692,0.8193421081542986,4.787250000000002,6.6526847,1.8654346885681132,0.004264100000000104,0.0024107655,-0.0018533344955355968
35317,0.10342200000000001,0.0069166743,-0.09650532568034531,11.505780000000001,9.869279,-1.6365010922241225,9.60573,7.9898157,-1.6159142880249018,0.005074700000000099,0.049535718,0.04446101781516065
35343,-0.09761300000000017,0.025433904,0.12304690356004255,6.305680000000002,8.891921,2.5862410433959937,1.905149999999999,7.1753144,5.27016442642212,-0.06054400000000004,0.03961228,0.10015627834224705
35451,0.06456200000000001,0.018898087,-0.04566391337764264,7.5484100000000005,7.7518387,0.20342868408203074,8.9207,8.202523,-0.7181767684936524,0.10024309999999992,0.09571739,-0.004525707138156809
35452,-0.08243800000000001,0.018898087,0.10133608662235738,7.38841,7.7518387,0.3634286840820309,5.790700000000001,8.202523,2.4118232315063466,0.060243099999999994,0.09571739,0.035474292861843115
35453,0.3325340000000001,0.10684065,-0.22569335224294673,18.74615,15.540904,-3.2052459548950196,16.288349999999998,12.111336,-4.177014245605466,0.09081620000000001,0.08729494,-0.0035212563693046706
35465,-0.04866900000000007,-0.04292333,0.005745668739318921,10.021269999999998,8.949025,-1.0722448458862281,8.14544,7.419603,-0.7258371290588386,0.06786820000000005,0.042572208,-0.025295992251110122
35469,-0.04866900000000007,-0.04292333,0.005745668739318921,10.15127,8.949025,-1.2022448458862307,7.815440000000001,7.419603,-0.3958371290588385,0.04786820000000003,0.042572208,-0.005295992251110104
35473,-0.04866900000000007,-0.04292333,0.005745668739318921,10.161269999999998,8.949025,-1.2122448458862287,7.57544,7.419603,-0.1558371290588383,0.034868200000000016,0.042572208,0.007704007748889907
35477,-0.04866900000000007,-0.04292333,0.005745668739318921,10.271269999999998,8.949025,-1.3222448458862281,7.4854400000000005,7.419603,-0.06583712905883843,0.024868200000000007,0.042572208,0.017704007748889916
35516,0.18238699999999997,0.025433904,-0.15695309643995758,6.56568,8.891921,2.3262410433959957,8.36515,7.1753144,-1.1898355735778807,0.051455999999999946,0.03961228,-0.011843721657752937
35517,-0.008193000000000117,0.025433904,0.0336269035600425,5.365660000000002,8.225238,2.85957784637451,5.657000000000002,7.2037263,1.5467262916564923,0.08552360000000003,0.042994488,-0.04252911196932796
35664,-0.03761300000000012,0.035341136,0.07295413615751278,7.445680000000003,9.109655,1.6639753802490205,5.17515,7.4128337,2.23768369064331,0.0014560000000000128,0.02393084,0.0224748401942253
35756,0.04238699999999995,0.025433904,-0.01695309643995757,11.505680000000002,8.891921,-2.6137589566040056,14.305150000000001,7.1753144,-7.129835573577882,0.32145599999999996,0.03961228,-0.28184372165775295
35758,-0.009633000000000003,-0.017875858,-0.00824285765123367,9.370070000000002,7.8706775,-1.4993925288391132,6.40405,6.7596517,0.35560166091918965,0.07408400000000004,0.07517547,0.0010914716038703531
35849,0.002215000000000078,0.025006834,0.02279183441758148,7.25835,10.038743,2.780393019104004,4.017250000000001,7.84866,3.831409992218017,-0.05273589999999995,0.035510037,0.08824593709435458
35858,0.18359000000000003,0.07951464,-0.10407536241054538,15.457450000000001,13.694319,-1.7631312286376968,15.389019999999999,11.016338,-4.372681651611327,0.13918299999999995,0.022488972,-0.11669402782785887
35860,0.053590000000000027,0.07951464,0.025924637589454624,11.557450000000003,13.694319,2.136868771362302,8.77902,11.016338,2.2373183483886727,-0.010816999999999966,0.022488972,0.03330597217214104
35861,0.07359000000000004,0.07951464,0.005924637589454607,13.757450000000002,13.694319,-0.06313122863769749,10.789019999999999,11.016338,0.22731834838867293,-0.0008170000000000677,0.022488972,0.023305972172141143
35862,0.11358999999999997,0.07951464,-0.03407536241054532,14.65745,13.694319,-0.9631312286376961,11.879019999999999,11.016338,-0.8626816516113269,0.009182999999999941,0.022488972,0.013305972172141134
35863,0.11358999999999997,0.07951464,-0.03407536241054532,15.057450000000003,13.694319,-1.3631312286376982,11.619019999999999,11.016338,-0.6026816516113271,-0.030816999999999983,0.022488972,0.05330597217214106
35905,-0.010262999999999911,0.06014163,0.07040463047075263,6.518529999999998,9.54809,3.029559981079103,3.9046699999999994,7.0657945,3.161124467926026,-0.02040580000000003,0.03707856,0.05748435939865115
35984,-0.07778499999999999,0.013641372,0.09142637232303619,6.1183499999999995,7.5020037,1.38365366973877,2.12725,6.816234,4.688984111785889,-0.05773589999999995,0.07154796,0.12928386272516246
36100,0.19340499999999994,0.08427684,-0.10912815990924829,7.68732,8.864876,1.1775557934570315,11.22722,9.817728,-1.4094919573974618,0.16421990000000009,0.1305239,-0.03369599484195718
36300,0.041870000000000074,0.06760173,0.02573173290967934,8.20758,8.600103,0.39252337829589834,6.421039999999998,7.144,0.7229600534057639,0.00414060000000005,0.022821438,0.018680837567472408
36302,0.011870000000000047,0.06760173,0.055731732909679366,7.20758,8.600103,1.3925233782958983,3.621039999999997,7.144,3.5229600534057646,-0.07585940000000002,0.022821438,0.09868083756747248
36303,0.0018700000000000383,0.06760173,0.06573173290967937,7.20758,8.600103,1.3925233782958983,2.5210399999999993,7.144,4.622960053405762,-0.11585940000000006,0.022821438,0.13868083756747251
36304,0.06187000000000009,0.06760173,0.005731732909679321,7.107580000000002,8.600103,1.4925233782958962,5.321039999999998,7.144,1.8229600534057635,-0.025859399999999977,0.022821438,0.048680837567472435
36305,0.011870000000000047,0.06760173,0.055731732909679366,7.007580000000001,8.600103,1.5925233782958976,3.121039999999997,7.144,4.022960053405765,-0.09585940000000004,0.022821438,0.1186808375674725
36306,0.11187000000000002,0.06760173,-0.04426826709032061,11.00758,8.600103,-2.4074766217041024,10.621039999999999,7.144,-3.477039946594237,0.09414060000000002,0.022821438,-0.07131916243252756
36307,0.13187000000000004,0.06760173,-0.06426826709032063,8.807580000000002,8.600103,-0.20747662170410308,10.52104,7.144,-3.3770399465942376,0.14414059999999995,0.022821438,-0.1213191624325275
36308,0.12187000000000003,0.06760173,-0.05426826709032062,8.607580000000002,8.600103,-0.007476621704103792,10.52104,7.144,-3.3770399465942376,0.15414059999999996,0.022821438,-0.1313191624325275
36309,0.10187000000000002,0.06760173,-0.0342682670903206,8.607580000000002,8.600103,-0.007476621704103792,8.321039999999998,7.144,-1.1770399465942365,0.044140599999999974,0.022821438,-0.021319162432527516
36310,0.10187000000000002,0.06760173,-0.0342682670903206,8.40758,8.600103,0.19252337829589905,5.821039999999998,7.144,1.3229600534057635,-0.08585940000000003,0.022821438,0.10868083756747249
36311,0.0718700000000001,0.06760173,-0.004268267090320688,8.307580000000002,8.600103,0.2925233782958969,7.521039999999999,7.144,-0.37703994659423756,0.034140599999999965,0.022821438,-0.011319162432527508
36386,0.226387,0.041200943,-0.18518605670881272,14.405680000000002,8.532976,-5.872703849487307,14.945150000000002,7.4501486,-7.495001417541506,0.21345599999999998,0.075258024,-0.13819797596311567
36387,0.2543869999999999,0.041200943,-0.21318605670881263,8.205680000000001,8.532976,0.32729615051269434,13.875150000000001,7.4501486,-6.425001417541505,0.275456,0.075258024,-0.20019797596311567
36466,0.0914879999999999,0.0060668816,-0.08542111841413369,9.141820000000003,9.068841,-0.07297901947021757,7.31644,5.8587556,-1.457684411468506,-0.013692199999999932,0.001414735,0.015106934986610643
36564,0.12387999999999999,0.024355099,-0.09952490139484405,4.7515399999999985,7.088374,2.3368341378784194,7.372200000000001,6.686939,-0.6852612373352063,0.10025010000000001,0.06809786,-0.032152240378952035
36565,-0.02778499999999995,0.017404469,0.045189468730092,11.388349999999999,8.725419,-2.66293095550537,7.587250000000001,6.4412956,-1.145954376220704,-0.007735899999999907,0.017563289,0.025299189031386282
36566,-0.01778499999999994,0.017404469,0.03518946873009199,11.518349999999998,8.725419,-2.792930955505369,7.987250000000001,6.4412956,-1.5459543762207044,0.002264100000000102,0.017563289,0.015299189031386273
36567,-0.02778499999999995,0.017404469,0.045189468730092,11.568349999999999,8.725419,-2.84293095550537,8.26725,6.4412956,-1.8259543762207038,0.02226410000000001,0.017563289,-0.0047008109686136335
36568,0.012215000000000087,0.017404469,0.005189468730091962,10.86835,8.725419,-2.1429309555053706,7.887250000000002,6.4412956,-1.4459543762207048,0.002264100000000102,0.017563289,0.015299189031386273
36625,0.5223869999999999,0.026505284,-0.49588171598863595,18.50568,9.73128,-8.77439967315674,19.40515,7.445761,-11.95938879623413,0.48945600000000006,0.039754253,-0.44970174711918837
36626,-0.03761300000000012,0.026505284,0.0641182840113641,8.605680000000003,9.73128,1.1256003268432586,6.405150000000001,7.445761,1.0406112037658684,0.038455999999999935,0.039754253,0.0012982528808117566
36638,0.12253400000000003,0.112523094,-0.010010906180381807,8.546149999999997,8.072665,-0.47348478546142303,9.088349999999998,9.150695,0.06234484710693522,0.06081619999999999,0.08469604,0.023879839557456983
36753,-0.04799700000000007,-0.021363227,0.026633773303151198,10.812470000000005,9.153794,-1.6586757113647508,6.864879999999999,5.195143,-1.6697367771911615,-0.00011470000000002312,-0.01862462,-0.018509920512127853
36754,-0.04999700000000007,-0.021363227,0.0286337733031512,10.602470000000004,9.153794,-1.44867571136475,5.744879999999998,5.195143,-0.5497367771911605,-0.04211469999999995,-0.01862462,0.023490079487872073
36755,-0.07199700000000009,-0.021363227,0.05063377330315122,8.092470000000002,9.153794,1.0613242886352516,2.3648799999999994,5.195143,2.8302632228088385,-0.08211469999999987,-0.01862462,0.063490079487872
36756,-0.06099699999999997,-0.021363227,0.0396337733031511,8.752470000000002,9.153794,0.4013242886352515,3.6548799999999986,5.195143,1.5402632228088393,-0.061114699999999966,-0.01862462,0.04249007948787209
36757,-0.058996999999999966,-0.021363227,0.0376337733031511,9.432470000000002,9.153794,-0.2786757113647482,3.964880000000001,5.195143,1.230263222808837,-0.07211469999999987,-0.01862462,0.05349007948787199
37054,-0.059414999999999996,-0.022196693,0.037218306654095645,5.895590000000002,6.5765185,0.6809285356140116,5.151009999999999,6.164402,1.0133920080566412,0.05871729999999997,0.061870147,0.0031528465427875796
37055,-0.059414999999999996,-0.022196693,0.037218306654095645,6.345590000000001,6.5765185,0.23092853561401228,5.961010000000002,6.164402,0.20339200805663893,0.07871729999999999,0.061870147,-0.016847153457212438
37056,-0.04941499999999999,-0.022196693,0.027218306654095636,6.575590000000002,6.5765185,0.0009285356140118495,5.841010000000001,6.164402,0.3233920080566399,0.05871729999999997,0.061870147,0.0031528465427875796
37058,-0.01941499999999996,-0.022196693,-0.00278169334590439,6.67559,6.5765185,-0.09907146438598602,6.38101,6.164402,-0.21660799194335922,0.05871729999999997,0.061870147,0.0031528465427875796
37060,0.020585000000000075,-0.022196693,-0.042781693345904426,5.575590000000002,6.5765185,1.0009285356140118,6.401009999999999,6.164402,-0.2366079919433588,0.06871729999999998,0.061870147,-0.006847153457212429
37061,0.10058500000000004,-0.022196693,-0.12278169334590439,6.735590000000002,6.5765185,-0.1590714643859883,8.07101,6.164402,-1.9066079919433587,0.04871729999999996,0.061870147,0.013152846542787588
37062,-0.03941499999999998,-0.022196693,0.017218306654095628,5.97559,6.5765185,0.6009285356140133,5.761009999999999,6.164402,0.40339200805664177,0.06871729999999998,0.061870147,-0.006847153457212429
37063,-0.02941499999999997,-0.022196693,0.007218306654095619,6.49559,6.5765185,0.0809285356140137,6.97101,6.164402,-0.8066079919433591,0.09871730000000001,0.061870147,-0.036847153457212456
37064,-0.03941499999999998,-0.022196693,0.017218306654095628,6.90559,6.5765185,-0.32907146438598645,6.27101,6.164402,-0.10660799194335979,0.05871729999999997,0.061870147,0.0031528465427875796
37065,-0.009414999999999951,-0.022196693,-0.012781693345904399,5.665590000000002,6.5765185,0.910928535614012,5.321010000000001,6.164402,0.8433920080566395,0.038717299999999955,0.061870147,0.023152846542787597
37066,-0.02941499999999997,-0.022196693,0.007218306654095619,6.805590000000002,6.5765185,-0.22907146438598858,6.331009999999999,6.164402,-0.1666079919433585,0.05871729999999997,0.061870147,0.0031528465427875796
37067,0.0005850000000000577,-0.022196693,-0.022781693345904408,6.795590000000001,6.5765185,-0.219071464385987,7.62101,6.164402,-1.4566079919433594,0.09871730000000001,0.061870147,-0.036847153457212456
37068,0.010585000000000067,-0.022196693,-0.03278169334590442,6.1255900000000025,6.5765185,0.45092853561401114,6.431010000000001,6.164402,-0.26660799194335993,0.05871729999999997,0.061870147,0.0031528465427875796
37069,-0.01941499999999996,-0.022196693,-0.00278169334590439,6.67559,6.5765185,-0.09907146438598602,6.81101,6.164402,-0.6466079919433589,0.07871729999999999,0.061870147,-0.016847153457212438
37070,0.0005850000000000577,-0.022196693,-0.022781693345904408,6.205590000000001,6.5765185,0.37092853561401284,5.901009999999999,6.164402,0.2633920080566412,0.038717299999999955,0.061870147,0.023152846542787597
37071,-0.02941499999999997,-0.022196693,0.007218306654095619,6.165590000000002,6.5765185,0.410928535614012,5.61101,6.164402,0.5533920080566403,0.04871729999999996,0.061870147,0.013152846542787588
37072,0.0005850000000000577,-0.022196693,-0.022781693345904408,6.3755900000000025,6.5765185,0.20092853561401114,6.46101,6.164402,-0.2966079919433593,0.05871729999999997,0.061870147,0.0031528465427875796
37073,-0.04941499999999999,-0.022196693,0.027218306654095636,6.72559,6.5765185,-0.14907146438598673,6.61101,6.164402,-0.44660799194335965,0.0887173,0.061870147,-0.026847153457212447
37075,0.010585000000000067,-0.022196693,-0.03278169334590442,6.345590000000001,6.5765185,0.23092853561401228,6.171009999999999,6.164402,-0.006607991943358371,0.038717299999999955,0.061870147,0.023152846542787597
37077,-0.02941499999999997,-0.022196693,0.007218306654095619,6.42559,6.5765185,0.15092853561401398,6.47101,6.164402,-0.3066079919433591,0.07871729999999999,0.061870147,-0.016847153457212438
37078,0.010585000000000067,-0.022196693,-0.03278169334590442,6.035590000000003,6.5765185,0.540928535614011,6.151009999999999,6.164402,0.013392008056641203,0.04871729999999996,0.061870147,0.013152846542787588
37079,-0.08941500000000002,-0.022196693,0.06721830665409567,6.345590000000001,6.5765185,0.23092853561401228,4.11101,6.164402,2.0533920080566403,0.018717299999999937,0.061870147,0.043152846542787615
37080,-0.069415,-0.022196693,0.047218306654095654,5.575590000000002,6.5765185,1.0009285356140118,4.741009999999999,6.164402,1.4233920080566413,0.05871729999999997,0.061870147,0.0031528465427875796
37081,-0.04941499999999999,-0.022196693,0.027218306654095636,6.6355900000000005,6.5765185,-0.05907146438598687,5.671009999999999,6.164402,0.49339200805664163,0.04871729999999996,0.061870147,0.013152846542787588
37082,-0.059414999999999996,-0.022196693,0.037218306654095645,5.67559,6.5765185,0.900928535614014,4.97101,6.164402,1.193392008056641,0.05871729999999997,0.061870147,0.0031528465427875796
37083,-0.03941499999999998,-0.022196693,0.017218306654095628,6.49559,6.5765185,0.0809285356140137,5.491009999999999,6.164402,0.6733920080566413,0.038717299999999955,0.061870147,0.023152846542787597
37084,-0.01941499999999996,-0.022196693,-0.00278169334590439,5.575590000000002,6.5765185,1.0009285356140118,5.761009999999999,6.164402,0.40339200805664177,0.06871729999999998,0.061870147,-0.006847153457212429
37085,-0.04941499999999999,-0.022196693,0.027218306654095636,5.6355900000000005,6.5765185,0.9409285356140131,4.871009999999998,6.164402,1.2933920080566423,0.04871729999999996,0.061870147,0.013152846542787588
37087,-0.02941499999999997,-0.022196693,0.007218306654095619,6.395590000000002,6.5765185,0.18092853561401157,5.36101,6.164402,0.8033920080566403,0.028717299999999946,0.061870147,0.033152846542787606
37088,-0.069415,-0.022196693,0.047218306654095654,5.825590000000002,6.5765185,0.7509285356140118,4.461010000000002,6.164402,1.703392008056639,0.038717299999999955,0.061870147,0.023152846542787597
37089,-0.009414999999999951,-0.022196693,-0.012781693345904399,5.5055900000000015,6.5765185,1.0709285356140121,5.641010000000001,6.164402,0.5233920080566392,0.05871729999999997,0.061870147,0.0031528465427875796
37090,-0.059414999999999996,-0.022196693,0.037218306654095645,6.24559,6.5765185,0.3309285356140137,4.97101,6.164402,1.193392008056641,0.038717299999999955,0.061870147,0.023152846542787597
37091,0.0005850000000000577,-0.022196693,-0.022781693345904408,5.6255900000000025,6.5765185,0.9509285356140111,6.11101,6.164402,0.05339200805664035,0.06871729999999998,0.061870147,-0.006847153457212429
37092,-0.02941499999999997,-0.022196693,0.007218306654095619,5.845590000000001,6.5765185,0.7309285356140123,4.901009999999999,6.164402,1.2633920080566412,0.028717299999999946,0.061870147,0.033152846542787606
37093,-0.07941500000000001,-0.022196693,0.05721830665409566,5.715590000000002,6.5765185,0.8609285356140113,4.931010000000001,6.164402,1.23339200805664,0.06871729999999998,0.061870147,-0.006847153457212429
37096,-0.069415,-0.022196693,0.047218306654095654,5.765590000000003,6.5765185,0.8109285356140106,4.88101,6.164402,1.2833920080566408,0.05871729999999997,0.061870147,0.0031528465427875796
37097,-0.02941499999999997,-0.022196693,0.007218306654095619,5.855590000000003,6.5765185,0.7209285356140107,5.13101,6.164402,1.0333920080566408,0.038717299999999955,0.061870147,0.023152846542787597
37100,-0.059414999999999996,-0.022196693,0.037218306654095645,5.765590000000003,6.5765185,0.8109285356140106,5.04101,6.164402,1.1233920080566406,0.05871729999999997,0.061870147,0.0031528465427875796
37102,-0.07941500000000001,-0.022196693,0.05721830665409566,5.665590000000002,6.5765185,0.910928535614012,4.81101,6.164402,1.353392008056641,0.06871729999999998,0.061870147,-0.006847153457212429
37214,-0.001742999999999828,0.0014852884,0.0032282883759884307,16.061200000000003,13.705782,-2.355418063354495,14.73947,13.615837,-1.123632902832032,0.2246475,0.21747282,-0.007174678525924683
37328,-0.02761300000000011,0.026505284,0.05411828401136409,7.425680000000003,9.73128,2.3056003268432583,5.37515,7.445761,2.0706112037658695,0.024455999999999922,0.039754253,0.015298252880811769
37408,-0.03474299999999997,0.028954307,0.06369730661737916,3.5769599999999997,6.4031706,2.8262105856323245,0.7340900000000019,5.0748425,4.340752453002928,-0.024622699999999997,0.041182082,0.06580478214640617
37600,0.4155380000000001,0.3175441,-0.09799389733123787,16.160790000000002,14.350252,-1.8105378485107444,18.21133,16.711575,-1.4997554455566409,0.4152191,0.3498157,-0.06540340352210999
37601,0.355538,0.3175441,-0.037993897331237814,15.06079,14.350252,-0.710537848510743,17.611330000000002,16.711575,-0.899755445556643,0.3952191,0.3498157,-0.045403403522109975
37726,0.12238699999999991,0.046644025,-0.07574297544908515,12.805680000000002,9.109655,-3.696024619750979,10.90515,7.4128337,-3.4923163093566902,0.03145599999999993,0.016939482,-0.014516518279671597
37727,0.1023869999999999,0.046644025,-0.05574297544908513,9.40568,9.109655,-0.2960246197509768,8.52515,7.4128337,-1.1123163093566895,0.03145599999999993,0.016939482,-0.014516518279671597
37789,0.06000899999999998,0.055399816,-0.004609183516740778,14.831130000000002,14.163377,-0.6677531918334978,13.666080000000001,13.402099,-0.2639813442993173,0.0684248999999999,0.120808676,0.0523837758852006
37790,0.09558299999999997,0.08044856,-0.015134439583301518,18.63033,11.00225,-7.628080282287598,17.14777,9.629873,-7.517896724243165,0.1667229,0.046153683,-0.12056921678462029
37890,-0.10817800000000011,-0.077754214,0.03042378559398662,4.8942400000000035,6.0005,1.1062602021789516,3.090160000000001,4.6440363,1.5538762930297843,0.04883590000000004,0.057280015,0.008444115200376467
37898,-0.08817800000000009,-0.077754214,0.010423785593986601,5.374240000000004,6.0005,0.6262602021789512,4.100159999999999,4.6440363,0.5438762930297862,0.05883590000000005,0.057280015,-0.0015558847996235414
37973,0.1333209999999999,0.105741285,-0.027579715212345035,1.439070000000001,6.4912167,5.0521466595458975,4.57621,9.342934,4.766723654785157,0.05661309999999997,0.12745656,0.07084346073093417
38487,-0.04363600000000001,-0.035789248,0.007846752397775658,8.26624,9.804382,1.5381423242187502,7.2173099999999994,9.364618,2.147308301391602,0.06105130000000003,0.12116738,0.06011607663745877
38488,-0.02363599999999999,-0.035789248,-0.01215324760222436,9.566239999999997,9.804382,0.23814232421875303,9.317309999999999,9.364618,0.04730830139160247,0.10405130000000007,0.12116738,0.017116076637458733
38489,0.006364000000000036,-0.035789248,-0.042153247602224386,12.066239999999997,9.804382,-2.261857675781247,14.017309999999998,9.364618,-4.652691698608397,0.2590513000000001,0.12116738,-0.1378839233625413
38778,0.030312000000000117,-0.015077319,-0.04538931899619114,12.867569999999999,8.363144,-4.504426079101561,14.250419999999998,9.714204,-4.536216165466307,0.24931179999999997,0.121065676,-0.12824612378768918
38780,0.05867700000000009,0.026554458,-0.03212254215669641,10.88559,9.5604925,-1.3250974844360357,11.42638,7.5200133,-3.9063666676330566,0.16388749999999996,0.042046495,-0.12184100521802899
38782,0.0014369999999999106,0.03558227,0.034145270473241895,7.298460000000002,8.784444,1.4859838552856424,8.812490000000002,9.177773,0.3652834756469705,0.14453720000000003,0.13224138,-0.012295816805076631
38810,0.07156600000000013,0.10183682,0.03027082292699801,7.39648,8.158515,0.7620349765014645,9.906,10.19853,0.2925301971435541,0.1392371,0.1358391,-0.0033979953475952174
38812,0.07556600000000013,0.10183682,0.026270822926998005,7.606480000000001,8.158515,0.5520349765014636,9.386000000000001,10.19853,0.8125301971435537,0.11323710000000009,0.1358391,0.022602004652404695
38826,0.150764,0.0736693,-0.07709470051670075,9.409720000000002,6.677933,-2.731786783905031,11.58361,7.000989,-4.582621039733887,0.2693011,0.14563026,-0.12367084465847017
38827,0.07876399999999995,0.0736693,-0.00509470051670069,6.169720000000002,6.677933,0.5082132160949691,7.94361,7.000989,-0.9426210397338863,0.15530109999999997,0.14563026,-0.009670844658470124
38828,0.155764,0.0736693,-0.08209470051670076,10.349720000000001,6.677933,-3.6717867839050307,10.92361,7.000989,-3.9226210397338868,0.1773011000000001,0.14563026,-0.031670844658470254
38829,0.155764,0.0736693,-0.08209470051670076,10.549720000000002,6.677933,-3.8717867839050317,11.08361,7.000989,-4.082621039733887,0.1883011,0.14563026,-0.04267084465847015
38831,0.3477640000000001,0.0736693,-0.2740947005167008,17.16972,6.677933,-10.491786783905031,15.81361,7.000989,-8.812621039733887,0.4363011000000001,0.14563026,-0.29067084465847026
38832,0.127764,0.0736693,-0.05409470051670073,4.56972,6.677933,2.1082132160949705,6.69361,7.000989,0.30737896026611367,0.10030110000000003,0.14563026,0.045329155341529814
38833,-0.06923600000000008,0.0736693,0.14290529948329933,1.989720000000002,6.677933,4.688213216094969,1.7036100000000012,7.000989,5.297378960266112,0.057301099999999994,0.14563026,0.08832915534152985
38834,-0.059236000000000066,0.0736693,0.13290529948329932,4.3797200000000025,6.677933,2.298213216094968,3.93361,7.000989,3.0673789602661135,0.07730110000000001,0.14563026,0.06832915534152983
38836,-0.06923600000000008,0.0736693,0.14290529948329933,1.74972,6.677933,4.928213216094971,-0.04638999999999882,7.000989,7.047378960266112,-0.009698899999999955,0.14563026,0.1553291553415298
39141,0.0014879999999999338,-0.00059860025,-0.0020866002506687575,6.141820000000003,8.350031,2.208210899047849,3.2164399999999986,5.334966,2.1185261827087416,-0.05369219999999997,0.01073434,0.06442654017598626
39161,0.16622499999999996,0.10045736,-0.06576763716936107,19.096040000000002,14.618473,-4.4775669470214865,19.52153,15.338844,-4.182685700683592,0.19850879999999993,0.14093192,-0.05757688078289025
39163,0.15622499999999995,0.10045736,-0.05576763716936106,14.906040000000004,14.618473,-0.2875669470214888,16.921529999999997,15.338844,-1.5826857006835908,0.17450880000000002,0.14093192,-0.03357688078289034
39222,0.05221500000000012,0.02791988,-0.024295120816826943,7.708349999999999,8.079216,0.3708660034179694,12.547250000000002,6.689999,-5.857250896453859,0.31226410000000004,0.04394614,-0.2683179604855538
39223,0.042215000000000114,0.02791988,-0.014295120816826934,7.418349999999997,8.079216,0.6608660034179721,11.797250000000002,6.689999,-5.107250896453859,0.2822641000000001,0.04394614,-0.23831796048555381
39350,-0.09102100000000002,0.033469148,0.12449014798021318,7.105720000000005,10.91573,3.8100104763793894,2.0325399999999973,7.6965165,5.6639765138244655,-0.06192249999999999,0.03730439,0.09922689022183417
39392,0.04981499999999994,0.059501678,0.009686677751541195,5.8782299999999985,6.0980697,0.2198396678161636,7.045549999999999,6.584578,-0.46097196273803576,0.11202750000000006,0.06779898,-0.04422852041959768
39393,0.08981499999999987,0.059501678,-0.03031332224845873,5.3782299999999985,6.0980697,0.7198396678161636,6.525549999999999,6.584578,0.05902803726196382,0.07202750000000002,0.06779898,-0.004228520419597648
39433,-0.0608820000000001,0.06767797,0.12855996725034724,5.511850000000003,9.106049,3.5941985839843724,3.8847200000000015,7.3089695,3.4242494976806626,-0.0019947999999999633,0.047532044,0.049526844351100885
39700,0.06253400000000009,0.06801658,0.005482581237316042,11.146149999999999,10.006242,-1.1399082015991198,8.488349999999999,8.6961975,0.20784750976562627,0.0008162000000000447,0.027089076,0.026272876116681054
39701,0.05253400000000008,0.06801658,0.015482581237316051,10.44615,10.006242,-0.4399082015991205,8.388349999999999,8.6961975,0.3078475097656259,0.06081619999999999,0.027089076,-0.03372712388331889
39703,0.11253400000000002,0.06801658,-0.04451741876268389,11.346149999999998,10.006242,-1.339908201599119,9.088349999999998,8.6961975,-0.3921524902343734,0.010816199999999943,0.027089076,0.016272876116681156
39887,-0.103707,-0.044485394,0.05922160608839988,1.330490000000001,3.4324436,2.101953618774413,-1.2855799999999995,1.6102108,2.89579077632904,-0.01874140000000002,0.015021855,0.033763255011582394
39888,-0.060707000000000066,-0.044485394,0.016221606088399954,2.4504899999999985,3.4324436,0.9819536187744156,1.4044199999999982,1.6102108,0.2057907763290423,0.02425860000000002,0.015021855,-0.009236744988417644
39889,-0.06570699999999996,-0.044485394,0.021221606088399847,1.590489999999999,3.4324436,1.841953618774415,0.01442000000000121,1.6102108,1.5957907763290393,-0.001741400000000115,0.015021855,0.01676325501158249
40018,0.05502600000000002,-0.013030165,-0.06805616487509014,7.61889,7.1821165,-0.43677349151611367,7.265000000000001,6.3012557,-0.9637442970275885,0.02747069999999996,0.07025153,0.04278083189897541
40019,0.04502600000000001,-0.013030165,-0.05805616487509013,6.218889999999998,7.1821165,0.9632265084838885,4.665000000000001,6.3012557,1.6362557029724112,-0.0525293,0.07025153,0.12278083189897537
40040,0.02189899999999989,0.03805001,0.016151010800361743,8.78529,9.338115,0.5528247384643556,9.517610000000001,11.601079,2.083468987121581,0.09322010000000003,0.13183144,0.03861133734931943
40497,-0.018213000000000035,-0.014650751,0.00356224909472469,11.620159999999998,9.98325,-1.6369103356933579,7.35717,5.291794,-2.0653761767578125,-0.024511999999999978,-0.023251414,0.0012605857009887478
41204,-0.031049000000000104,0.086336255,0.11738525507354747,9.805870000000002,12.947119,3.141248759155271,6.354890000000001,10.900122,4.545231688842772,-0.015150600000000125,0.06845419,0.08360479108867658
41237,-0.009613000000000094,0.041200943,0.05081394329118738,10.505680000000002,8.532976,-1.9727038494873064,7.565150000000001,7.4501486,-0.11500141754150484,0.014455999999999913,0.075258024,0.060802024036884394
41238,0.004386999999999919,0.0062810634,0.0018940634262860634,11.49568,11.222251,-0.2734290615844728,8.65515,10.596439,1.9412893615722648,0.027455999999999925,0.13791804,0.11046204015636452
41251,0.07950899999999994,0.068287164,-0.011221836027145327,9.851770000000002,9.586439,-0.2653308673095722,9.865739999999999,8.303674,-1.5620662557983387,0.10065210000000002,0.06819564,-0.03245645895919802
41279,0.025386999999999937,0.026505284,0.0011182840113640458,13.905680000000002,9.73128,-4.17439967315674,9.385150000000001,7.445761,-1.939388796234132,-0.04754400000000014,0.039754253,0.08729825288081183
41325,-0.047784999999999966,0.02791988,0.07570487918317315,7.488349999999997,8.079216,0.5908660034179718,2.497250000000001,6.689999,4.1927491035461415,-0.08773589999999998,0.04394614,0.13168203951444624
41326,0.15738699999999994,0.025433904,-0.13195309643995756,10.705680000000001,8.891921,-1.8137589566040049,11.50515,7.1753144,-4.329835573577881,0.12145600000000001,0.03961228,-0.081843721657753
41327,0.28238699999999994,0.025433904,-0.25695309643995756,14.805680000000002,8.891921,-5.913758956604006,14.70515,7.1753144,-7.529835573577881,0.14145599999999992,0.03961228,-0.1018437216577529
41328,0.30238699999999996,0.025433904,-0.2769530964399576,17.405680000000004,8.891921,-8.513758956604008,17.90515,7.1753144,-10.72983557357788,0.38145599999999996,0.03961228,-0.34184372165775295
41350,-0.02761300000000011,0.046644025,0.07425702455091487,7.505680000000002,9.109655,1.6039753802490218,7.805150000000001,7.4128337,-0.3923163093566906,0.1314559999999999,0.016939482,-0.11451651827967158
41367,0.30238699999999996,0.025433904,-0.2769530964399576,11.925680000000003,8.891921,-3.0337589566040073,12.44515,7.1753144,-5.269835573577881,0.03145599999999993,0.03961228,0.00815627834224708
41538,0.05852900000000005,0.063754246,0.005225245638847298,3.2787599999999983,4.394878,1.1161179106140153,12.536719999999999,9.261146,-3.275574408264159,0.46920370000000006,0.28314188,-0.18606181877250677
41539,0.06852900000000006,0.063754246,-0.004774754361152711,5.278759999999998,4.394878,-0.8838820893859847,13.92672,9.261146,-4.66557440826416,0.5092037,0.28314188,-0.22606181877250675
41540,0.05852900000000005,0.063754246,0.005225245638847298,3.988759999999999,4.394878,0.4061179106140145,5.866719999999999,9.261146,3.394425591735841,0.0992037,0.28314188,0.18393818122749328
41541,0.08852899999999997,0.063754246,-0.024774754361152618,4.278759999999998,4.394878,0.11611791061401533,6.566719999999998,9.261146,2.6944255917358415,0.0992037,0.28314188,0.18393818122749328
41678,0.3702383,0.12791365,-0.2423246461494446,18.62678,9.45437,-9.17241045501709,15.89093,7.791327,-8.099603000335694,0.46802509999999997,0.2908292,-0.177195888526535
41746,-0.038112000000000146,-0.036669623,0.0014423768932820824,7.97804,6.4249244,-1.553115626373291,6.362019999999999,5.8351235,-0.5268964610290521,0.06489519999999993,0.05092075,-0.013974449054193427
41747,-0.038112000000000146,-0.036669623,0.0014423768932820824,5.97804,6.4249244,0.44688437362670896,6.26202,5.8351235,-0.42689646102905243,0.034895199999999904,0.05092075,0.0160255509458066
41748,-0.048112000000000155,-0.036669623,0.011442376893282091,4.97804,6.4249244,1.446884373626709,3.3620199999999993,5.8351235,2.473103538970948,0.024895200000000006,0.05092075,0.026025550945806497
41749,-0.048112000000000155,-0.036669623,0.011442376893282091,4.378040000000002,6.4249244,2.046884373626707,4.362019999999999,5.8351235,1.473103538970948,0.014895199999999997,0.05092075,0.036025550945806506
41823,0.058694000000000135,0.1400472,0.08135319257354723,19.70765,15.323673,-4.383976751708985,18.1997,15.731525,-2.468174578857422,0.1525301,0.1250737,-0.02745639885673523
41876,0.06793399999999994,0.062202446,-0.005731553837299286,4.06833,7.8903537,3.822023679656983,4.240360000000001,6.197426,1.9570658422851555,0.02952010000000005,0.011919687,-0.01760041342923646
41908,0.009717700000000051,-0.017708225,-0.027425925175738386,8.805240000000001,6.5836115,-2.221628511657716,8.571629999999999,6.600799,-1.9708309162902822,0.09719449999999996,0.08770495,-0.0094895509190559
42007,-0.08114550000000009,-0.057861287,0.023284212853193376,6.02018,6.036815,0.016635166473388807,3.5999199999999973,4.417576,0.8176558361816433,-0.01939920000000006,0.022293981,0.04169318116469389
42008,-0.10114550000000011,-0.057861287,0.04328421285319339,4.120180000000001,6.036815,1.9166351664733874,0.9499199999999988,4.417576,3.467655836181642,-0.01939920000000006,0.022293981,0.04169318116469389
42009,-0.0911455000000001,-0.057861287,0.033284212853193385,4.620180000000001,6.036815,1.4166351664733874,2.4499199999999988,4.417576,1.9676558361816419,0.030600799999999984,0.022293981,-0.008306818835306151
42123,0.028456000000000037,0.06712517,0.03866917142295834,0.716190000000001,4.406594,3.6904037995910635,2.4027600000000007,7.3410535,4.938293485870361,0.0694509000000001,0.14706922,0.07761831577453604
42173,0.06238699999999997,0.0799769,0.017589901412010223,26.56568,11.707212,-14.858467551879883,19.40515,11.604625,-7.8005252517700185,0.24145599999999995,0.13255465,-0.10890134969329829
42174,0.1023869999999999,0.0799769,-0.022410098587989702,10.38568,11.707212,1.3215324481201165,11.40515,11.604625,0.19947474822997968,0.16145599999999993,0.13255465,-0.028901349693298273
42175,0.19238699999999997,0.0799769,-0.11241009858798978,16.77568,11.707212,-5.068467551879884,15.305150000000001,11.604625,-3.7005252517700207,0.18145599999999995,0.13255465,-0.04890134969329829
