target,sample_count,MAE,MSE,RMSE,R2
delta_Voc,1239,0.049985158232092576,0.0064744709093734355,0.08046409702080447,0.5567020033201495
delta_Jsc,1242,1.8981348168821617,8.788578473426382,2.964553671874804,0.6031284896957522
delta_PCE,1285,2.179262219169421,9.201145491419902,3.0333390004119063,0.6339116294177112
delta_FF,1228,0.060385092835284954,0.016959817971518503,0.13022986589687677,0.45698093535770934
