target,sample_count,MAE,MSE,RMSE,R2
delta_Voc,1243,0.06585373418247495,0.009613163747191528,0.09804674266487147,0.32682854533839667
delta_Jsc,1246,2.6067135283989282,13.546858561305225,3.6806057329338095,0.3928818305947773
delta_PCE,1285,2.9048047194631423,13.943576942533774,3.7341099264126885,0.446864024423135
delta_FF,1233,0.06862500132094035,0.00911808850717859,0.09548868261306463,0.42140243902171703
