Ref_ID,delta_Voc_true,delta_Voc_pred,delta_Voc_error,delta_Jsc_true,delta_Jsc_pred,delta_Jsc_error,delta_PCE_true,delta_PCE_pred,delta_PCE_error,delta_FF_true,delta_FF_pred,delta_FF_error
20,0.10898999999999992,0.040706847,-0.06828315313696853,12.851590000000002,9.810911,-3.0406788214111344,10.28508,7.858093,-2.426987215118409,-0.006516399999999978,0.021233717,0.02775011697962282
22,-0.041154000000000135,0.0038514363,0.04500543631137921,13.580079999999999,11.58499,-1.9950904522705066,12.088349999999998,10.065784,-2.0225655456542952,0.10617929999999998,0.09619742,-0.009981881131458259
23,-0.07115400000000016,0.0038514363,0.07500543631137924,11.580079999999999,11.58499,0.004909547729493369,9.18835,10.065784,0.8774344543457033,0.059179300000000046,0.09619742,0.03701811886854167
24,-0.08115400000000017,0.0038514363,0.08500543631137925,11.250079999999997,11.58499,0.3349095477294952,8.18835,10.065784,1.8774344543457033,0.03317930000000002,0.09619742,0.0630181188685417
25,-0.051154000000000144,0.0038514363,0.05500543631137922,11.70008,11.58499,-0.11509045227050763,10.388349999999999,10.065784,-0.32256554565429596,0.09517929999999997,0.09619742,0.0010181188685417508
26,-0.041154000000000135,0.0038514363,0.04500543631137921,13.580079999999999,11.58499,-1.9950904522705066,12.088349999999998,10.065784,-2.0225655456542952,0.10617929999999998,0.09619742,-0.009981881131458259
27,-0.08115400000000017,0.0038514363,0.08500543631137925,11.250079999999997,11.58499,0.3349095477294952,8.18835,10.065784,1.8774344543457033,0.03317930000000002,0.09619742,0.0630181188685417
72,-0.09866200000000003,0.032444905,0.13110690548968318,5.228439999999999,9.014378,3.7859375939941415,2.2971799999999973,7.331855,5.0346748202514675,-0.004401800000000011,0.045229554,0.04963135417633058
89,0.021665000000000045,0.025744312,0.004079311511516526,8.310340000000004,9.386926,1.0765856973266565,7.1113,7.0346613,-0.0766387069702148,0.045322799999999996,0.029390668,-0.01593213150351047
90,-0.07833500000000004,0.025744312,0.10407931151151661,5.310340000000004,9.386926,4.0765856973266565,2.9113000000000007,7.0346613,4.1233612930297845,0.01532279999999997,0.029390668,0.014067868496489555
91,-0.07833500000000004,0.025744312,0.10407931151151661,6.310340000000004,9.386926,3.0765856973266565,5.1113,7.0346613,1.9233612930297852,0.07532280000000002,0.029390668,-0.0459321315035105
169,-0.028512000000000093,0.02218117,0.05069317006123075,6.381820000000001,9.071729,2.689908706359862,2.5964399999999976,6.8713717,4.274931746063235,-0.06569219999999998,0.027385626,0.09307782598824499
170,-0.008512000000000075,0.02218117,0.030693170061230735,7.301820000000003,9.071729,1.7699087063598604,4.096439999999999,6.8713717,2.774931746063233,-0.04369219999999996,0.027385626,0.07107782598824497
171,0.04148799999999997,0.02218117,-0.01930682993876931,7.151820000000004,9.071729,1.919908706359859,5.9264399999999995,6.8713717,0.9449317460632329,0.018307800000000096,0.027385626,0.009077825988244914
267,-0.11485750000000006,0.010353467,0.12521096742719418,5.84205,7.289357,1.4473071853637691,2.4481800000000007,7.303275,4.855095108337402,0.0021046999999999594,0.09190444,0.08979973903207783
297,0.012386999999999926,0.025744312,0.013357311511516645,8.535680000000003,9.407578,0.8718984683227511,6.09515,7.2308035,1.1356534896850583,-0.005544000000000104,0.034332562,0.039876562237978086
391,0.13438699999999992,0.025013523,-0.10937347682368748,5.09768,9.128467,4.030786606140136,6.34515,7.2209215,0.8757715164184567,0.024455999999999922,0.039246537,0.014790536791324693
411,-0.059236000000000066,0.013659555,0.07289555546498305,1.2597200000000015,6.251609,4.991888848571776,0.9736100000000008,5.2552724,4.281662388458251,0.04030109999999998,0.025643844,-0.014657255842542627
412,-0.059236000000000066,0.013659555,0.07289555546498305,0.8897200000000005,6.251609,5.361888848571777,-0.37639000000000067,5.2552724,5.631662388458253,0.0003011000000000541,0.025643844,0.025342744157457298
413,-0.08023599999999997,0.013659555,0.09389555546498296,0.8697200000000009,6.251609,5.381888848571776,-1.6763900000000014,5.2552724,6.931662388458253,-0.03969889999999998,0.025643844,0.06534274415745733
414,-0.09223599999999998,0.013659555,0.10589555546498297,0.1297200000000025,6.251609,6.121888848571775,-2.706389999999999,5.2552724,7.961662388458251,-0.04969889999999999,0.025643844,0.07534274415745734
415,-0.09023599999999998,0.013659555,0.10389555546498297,1.149720000000002,6.251609,5.101888848571775,-1.336389999999998,5.2552724,6.59166238845825,-0.029698899999999973,0.025643844,0.055342744157457324
475,0.04858899999999999,0.021387191,-0.02720180851066112,12.73254,8.619358,-4.11318193725586,13.378440000000001,8.477412,-4.901027776184083,0.23888559999999992,0.10974645,-0.12913915130434028
529,-0.03254800000000002,0.03198305,0.06453105144906046,7.878070000000001,6.6524615,-1.2256084712219248,7.11388,8.498688,1.384807744140625,0.07242290000000007,0.11817943,0.045756533047771386
853,-0.007784999999999931,0.025744312,0.0335293115115165,8.338349999999998,9.386926,1.0485756973266618,6.567250000000001,7.0346613,0.4674112930297838,0.06626410000000005,0.01854797,-0.047716129198408175
854,-0.03778499999999996,0.025744312,0.06352931151151653,7.43835,9.386926,1.9485756973266604,4.247250000000001,7.0346613,2.787411293029784,0.009264100000000108,0.01854797,0.009283870801591765
855,0.012215000000000087,0.025744312,0.013529311511516484,10.338349999999998,9.386926,-0.9514243026733382,7.3572500000000005,7.0346613,-0.32258870697021536,0.04126410000000014,0.01854797,-0.022716129198408264
919,-0.048904999999999976,0.047221683,0.09612668296575544,8.654140000000002,10.827348,2.173207755432127,6.094740000000002,8.612975,2.518235120544432,0.005674199999999963,0.06461264,0.05893844193058018
924,0.0955379999999999,0.08947354,-0.006064461899280449,11.14883,9.881243,-1.267587247924805,12.097650000000002,11.095858,-1.0017923797607438,0.06766990000000006,0.04603163,-0.021638268470668853
925,0.14553799999999995,0.08947354,-0.05606446189928049,10.548830000000002,9.881243,-0.6675872479248071,12.29765,11.095858,-1.201792379760743,0.06366989999999995,0.04603163,-0.01763826847066874
926,0.0955379999999999,0.08947354,-0.006064461899280449,10.748830000000002,9.881243,-0.8675872479248063,10.29765,11.095858,0.798207620239257,0.002669900000000003,0.04603163,0.043361731529331204
927,0.12553799999999993,0.08947354,-0.036064461899280476,10.548830000000002,9.881243,-0.6675872479248071,11.197650000000001,11.095858,-0.1017923797607434,0.027669900000000025,0.04603163,0.018361731529331182
928,0.08553799999999989,0.08947354,0.00393553810071956,10.64883,9.881243,-0.7675872479248049,9.49765,11.095858,1.5982076202392577,-0.02433010000000002,0.04603163,0.07036173152933123
929,0.14553799999999995,0.08947354,-0.05606446189928049,10.64883,9.881243,-0.7675872479248049,12.197650000000001,11.095858,-1.1017923797607434,0.05466990000000005,0.04603163,-0.008638268470668842
930,0.10553799999999991,0.08947354,-0.016064461899280458,11.14883,9.881243,-1.267587247924805,10.597650000000002,11.095858,0.49820762023925624,-0.009330100000000008,0.04603163,0.055361731529331215
931,0.19553799999999988,0.08947354,-0.10606446189928043,10.548830000000002,9.881243,-0.6675872479248071,13.79765,11.095858,-2.701792379760743,0.10166989999999998,0.04603163,-0.05563826847066877
932,0.10553799999999991,0.08947354,-0.016064461899280458,10.14883,9.881243,-0.2675872479248049,10.89765,11.095858,0.1982076202392573,0.03566990000000003,0.04603163,0.010361731529331175
946,0.022823999999999955,0.04144007,0.0186160696754456,8.532060000000001,8.437583,-0.09447703033447397,10.913789999999999,9.779648,-1.1341421728515613,0.23265439999999993,0.15778509,-0.07486931217613213
949,0.01682399999999995,0.04144007,0.024616069675445607,6.882059999999999,8.437583,1.5555229696655282,8.68379,9.779648,1.0958578271484374,0.16165439999999998,0.15778509,-0.003869312176132178
950,0.03682399999999997,0.04144007,0.004616069675445589,7.5720600000000005,8.437583,0.8655229696655269,9.583789999999999,9.779648,0.1958578271484388,0.1756544,0.15778509,-0.01786931217613219
951,0.01682399999999995,0.04144007,0.024616069675445607,6.882059999999999,8.437583,1.5555229696655282,8.68379,9.779648,1.0958578271484374,0.16165439999999998,0.15778509,-0.003869312176132178
952,0.020823999999999954,0.04144007,0.020616069675445603,9.91206,8.437583,-1.474477030334473,11.60379,9.779648,-1.8241421728515625,0.2026544,0.15778509,-0.044869312176132214
1145,-0.03778499999999996,0.025744312,0.06352931151151653,7.84835,9.386926,1.5385756973266602,4.317250000000001,7.0346613,2.717411293029784,-0.03173590000000004,0.01854797,0.05028387080159191
1147,-0.047784999999999966,0.025744312,0.07352931151151654,7.958349999999999,9.386926,1.4285756973266608,4.387250000000002,7.0346613,2.6474112930297835,-0.027735899999999925,0.01854797,0.0462838708015918
1148,-0.047784999999999966,0.025744312,0.07352931151151654,7.34835,9.386926,2.03857569732666,3.827250000000003,7.0346613,3.2074112930297822,-0.029735899999999926,0.01854797,0.0482838708015918
1149,-0.047784999999999966,0.025744312,0.07352931151151654,8.11835,9.386926,1.2685756973266606,4.407250000000001,7.0346613,2.627411293029784,-0.036735900000000044,0.01854797,0.05528387080159192
1150,-0.047784999999999966,0.025744312,0.07352931151151654,7.948349999999998,9.386926,1.4385756973266624,4.0972500000000025,7.0346613,2.9374112930297827,-0.04373589999999994,0.01854797,0.06228387080159181
1152,-0.07778499999999999,0.025744312,0.10352931151151656,7.968349999999997,9.386926,1.4185756973266628,3.4072500000000012,7.0346613,3.627411293029784,-0.04773589999999994,0.01854797,0.06628387080159182
1153,-0.047784999999999966,0.025744312,0.07352931151151654,7.858349999999998,9.386926,1.5285756973266622,4.05725,7.0346613,2.9774112930297854,-0.03373589999999993,0.01854797,0.0522838708015918
1166,-0.025123000000000006,0.0410809,0.06620389953660966,10.868780000000001,9.485474,-1.383306367187501,8.71107,9.505309,0.7942391049194342,0.07799310000000004,0.07592482,-0.0020682788020134346
1241,-0.08093600000000001,0.032430615,0.11336661527609826,6.871929999999999,7.907707,1.0357772143554698,4.97016,7.221728,2.2515678480529786,0.04375220000000002,0.101722404,0.05797020436077116
1242,-0.08093600000000001,0.032430615,0.11336661527609826,6.871929999999999,7.907707,1.0357772143554698,4.97016,7.221728,2.2515678480529786,0.04375220000000002,0.101722404,0.05797020436077116
1352,0.011989999999999945,0.036572017,0.024582016775608118,5.66159,9.720391,4.058801273498535,3.0350800000000007,7.2771707,4.242090658111572,-0.04651640000000001,0.03095416,0.07747055979623796
1354,-0.07801000000000013,0.036572017,0.1145820167756082,5.041590000000003,9.720391,4.678801273498532,0.07507999999999981,7.2771707,7.2020906581115725,-0.08451640000000005,0.03095416,0.11547055979623799
1356,-0.07951200000000003,0.022911958,0.10242395839643481,6.721820000000001,9.330188,2.6083677975463857,3.0164399999999993,6.911618,3.8951782327270514,-0.04269220000000007,0.01854797,0.06124017080159194
1360,-0.049512,0.022911958,0.07242395839643478,11.831820000000004,9.330188,-2.5016322024536173,6.716439999999999,6.911618,0.19517823272705215,-0.06469219999999987,0.01854797,0.08324017080159174
1362,-0.08351200000000003,0.022911958,0.10642395839643481,6.031820000000003,9.330188,3.2983677975463834,1.0964399999999976,6.911618,5.815178232727053,-0.07769219999999999,0.01854797,0.09624017080159186
1363,-0.08051200000000014,0.022911958,0.10342395839643492,5.791820000000001,9.330188,3.5383677975463854,1.326439999999998,6.911618,5.585178232727053,-0.06269219999999998,0.01854797,0.08124017080159185
1365,-0.08851200000000015,0.022911958,0.11142395839643493,6.421820000000004,9.330188,2.908367797546383,1.6164400000000008,6.911618,5.29517823272705,-0.06669219999999998,0.01854797,0.08524017080159185
1507,0.012513999999999914,0.02669651,0.014182510612964716,9.17998,8.881018,-0.29896231506347704,6.937480000000001,7.2209215,0.2834415164184563,0.013848599999999989,0.041490376,0.027641775995635998
1612,-0.12320760000000008,-0.010484834,0.11272276579836615,6.627849999999999,6.655318,0.027467783355714204,6.314879999999999,6.2615857,-0.05329428756713739,0.16362789999999994,0.14857535,-0.015052549357795653
1613,0.025188999999999906,0.0006031914,-0.024585808620076532,7.72472,5.988446,-1.7362737643432613,2.6573899999999995,4.757694,2.100303767547608,-0.13557419999999998,0.055300675,0.1908748753325462
1614,-0.019187000000000065,0.0006031914,0.01979019137992344,1.9827999999999992,5.513362,3.5305619308471687,0.860557,4.757694,3.8971367675476074,-0.01110600000000006,0.10897187,0.1200778714356423
1615,-0.09141730000000003,-0.022011457,0.0694058429888964,3.299900000000001,6.5580893,3.25818925628662,2.9269100000000012,5.258908,2.3319977949523913,0.09641650000000002,0.102957174,0.006540674181938155
1616,0.10381299999999993,0.0006031914,-0.10320980862007656,2.912799999999999,5.513362,2.600561930847169,5.190557,4.757694,-0.43286323245239267,0.32689400000000013,0.10897187,-0.2179221285643579
1821,0.0823830000000001,0.07487958,-0.007503420753955936,14.43186,12.176845,-2.2550154031372074,14.66864,12.452435,-2.216205460205078,0.12868599999999997,0.113409236,-0.01527676392650601
1822,0.07238300000000009,0.07487958,0.0024965792460440728,12.731859999999998,12.176845,-0.5550154031372045,12.71864,12.452435,-0.26620546020507874,0.09768599999999994,0.113409236,0.015723236073494018
2024,0.031665000000000054,0.025013523,-0.006651476823687608,7.300340000000002,9.128467,1.8281266061401347,6.0013000000000005,6.994415,0.9931148063659663,0.01532279999999997,0.03247921,0.017156411688041717
2025,0.031665000000000054,0.025013523,-0.006651476823687608,7.410340000000005,9.128467,1.7181266061401317,5.0113,6.994415,1.9831148063659665,-0.034677199999999964,0.03247921,0.06715641168804165
2026,-0.04833500000000002,0.025013523,0.07334852317631246,7.190340000000003,9.128467,1.938126606140134,2.7113000000000014,6.994415,4.283114806365965,-0.0746772,0.03247921,0.10715641168804169
2027,0.18166500000000008,0.025013523,-0.15665147682368763,8.710340000000002,9.128467,0.4181266061401345,8.8613,6.994415,-1.8668851936340332,0.01532279999999997,0.03247921,0.017156411688041717
2028,0.05166500000000007,0.025013523,-0.026651476823687625,8.910340000000005,9.128467,0.21812660614013168,7.2113,6.994415,-0.2168851936340328,0.017322800000000083,0.03247921,0.015156411688041604
2029,0.0776650000000001,0.025013523,-0.05265147682368765,7.110340000000004,9.128467,2.0181266061401324,6.901299999999999,6.994415,0.0931148063659677,0.03532279999999999,0.03247921,-0.0028435883119583005
2030,0.0766650000000001,0.025013523,-0.05165147682368765,7.110340000000004,9.128467,2.0181266061401324,6.331300000000001,6.994415,0.6631148063659662,0.007322800000000074,0.03247921,0.025156411688041613
2031,0.04666500000000007,0.025013523,-0.02165147682368762,7.110340000000004,9.128467,2.0181266061401324,4.401299999999999,6.994415,2.5931148063659677,-0.06467719999999999,0.03247921,0.09715641168804168
2032,0.2016650000000001,0.025013523,-0.17665147682368765,8.810340000000004,9.128467,0.3181266061401331,9.7913,6.994415,-2.796885193634033,0.0503228,0.03247921,-0.017843588311958314
2039,0.9943960000000001,0.16825669,-0.8261393148622513,31.257279999999994,19.066877,-12.19040263488769,13.1925,11.386593,-1.8059071350097664,0.16212749999999998,0.12950689,-0.03262061399459837
2078,0.13155400000000006,0.08845321,-0.04310078910970694,25.90036,14.406807,-11.493553054199218,20.512600000000003,11.069511,-9.443088586425784,0.23002840000000002,0.088642076,-0.14138632434215548
2085,-0.0890740000000001,0.0050100377,0.0940840376829506,5.194769999999998,8.061386,2.866616108398439,10.043779999999998,7.7242785,-2.319501549987791,0.23568959999999994,0.1448163,-0.09087330568752283
2086,-0.04907400000000006,0.0050100377,0.05408403768295056,5.894769999999998,8.061386,2.16661610839844,7.473779999999998,7.7242785,0.25049845001220916,0.1626896,0.1448163,-0.017873305687522878
2087,-0.019074000000000035,0.0050100377,0.024084037682950532,7.694769999999998,8.061386,0.36661610839843917,9.503779999999999,7.7242785,-1.779501549987792,0.1876896,0.1448163,-0.0428733056875229
2099,-0.04815400000000003,0.058455456,0.10660945604825023,4.81475,9.330459,4.515708641052246,4.805869999999999,9.6197,4.813830431823732,0.07766270000000008,0.12864524,0.05098254126052848
2115,-0.07377500000000015,0.028371038,0.10214603791534915,9.246040000000004,11.14965,1.903609620056148,8.62153,11.728206,3.106675680847168,0.09850879999999995,0.11769183,0.019183029800605822
2699,0.20542700000000003,0.07847495,-0.1269520536799431,17.65475,11.113514,-6.541236053466797,18.11934,13.872342,-4.246997890319825,0.08701829999999988,0.15433988,0.06732157975120556
2757,-0.03398239999999997,0.0057290276,0.03971142755811807,10.1113,9.111589,-0.9997105682373046,7.798629999999999,7.3554225,-0.443207503204345,0.026508100000000034,0.07459048,0.048082381817722286
2837,-0.009128000000000025,0.044773944,0.0539019437222481,7.0259300000000025,9.503302,2.477371620483396,5.4815000000000005,7.438353,1.956853061676025,0.025827899999999904,0.05885742,0.033029518596744634
2844,0.20542700000000003,0.07847495,-0.1269520536799431,18.69475,11.113514,-7.581236053466796,18.849339999999998,13.872342,-4.976997890319822,0.0990183,0.15433988,0.05532157975120544
2874,-8.900000000000574e-05,0.028005078,0.02809407843494416,7.625859999999999,9.32395,1.698089813842774,5.19356,7.5541716,2.3606115621948245,-0.01323350000000001,0.08062454,0.0938580431303978
2875,0.06991100000000006,0.028005078,-0.041905921565055904,7.835859999999997,9.32395,1.4880898138427767,9.743559999999999,7.5541716,-2.1893884378051744,0.18676649999999995,0.08062454,-0.10614195686960215
2876,0.08991099999999996,0.028005078,-0.06190592156505581,9.85586,9.32395,-0.5319101861572264,12.00356,7.5541716,-4.449388437805176,0.2367665,0.08062454,-0.1561419568696022
2877,-0.057613000000000136,0.025744312,0.08335731151151671,6.955680000000001,9.407578,2.451898468322753,2.9451500000000017,7.2308035,4.285653489685057,-0.04854400000000003,0.034332562,0.08287656223797801
2900,0.03198999999999996,0.02271608,-0.009273919230103456,7.4415900000000015,8.615352,1.1737616769409165,6.205080000000001,7.229297,1.0242171611022943,0.021483599999999936,0.049294453,0.027810853114271228
2901,-0.04801000000000011,0.02271608,0.07072608076989662,7.0615900000000025,8.615352,1.5537616769409155,3.9550800000000024,7.229297,3.2742171611022926,-0.014516399999999985,0.049294453,0.06381085311427115
3218,0.012386999999999926,0.025013523,0.01262652317631252,9.58568,9.128467,-0.45721339385986326,6.12515,7.2209215,1.0957715164184574,-0.041544000000000025,0.039246537,0.08079053679132464
3384,-0.007613000000000092,0.025013523,0.03262652317631254,9.075680000000002,9.128467,0.05278660614013475,6.92515,7.2209215,0.29577151641845667,0.03145599999999993,0.039246537,0.007790536791324687
3385,-0.007613000000000092,0.025013523,0.03262652317631254,6.74568,9.128467,2.3827866061401366,5.50515,7.2209215,1.7157715164184566,0.04145599999999994,0.039246537,-0.002209463208675322
3415,0.002386999999999917,0.025013523,0.02262652317631253,7.2256800000000005,9.128467,1.9027866061401362,10.00515,7.2209215,-2.7842284835815434,0.221456,0.039246537,-0.18220946320867537
3499,-0.022612999999999994,0.025744312,0.048357311511516565,8.705680000000001,9.407578,0.7018984683227529,6.10515,7.2308035,1.1256534896850585,0.014455999999999913,0.034332562,0.019876562237978068
3503,0.055593399999999904,0.0653374,0.009743997158146,10.060030000000001,8.695885,-1.3641452954101574,8.46496,8.525578,0.06061754516601603,0.033296800000000015,0.10622889,0.07293208803482054
3504,0.06326029999999994,0.08332608,0.02006577895135886,10.113310000000002,8.695885,-1.4174252954101583,8.83856,8.580581,-0.2579792886352532,0.0494325000000001,0.11765091,0.06821841121196737
3505,0.11307089999999997,0.08332608,-0.02974482104864118,7.685870000000001,8.554572,0.8687021054077135,8.282560000000002,8.338223,0.05566345733642386,0.07635189999999992,0.0895837,0.01323180238542565
3506,0.1269038,0.07570352,-0.05120028339748384,6.469799999999999,8.554572,2.0847721054077155,9.61413,8.119274,-1.4948558605957025,0.1857726999999999,0.10945329,-0.07631940929908743
3552,-0.071075,0.038422573,0.10949757335782051,3.4377199999999988,8.746241,5.308520615844728,4.935819999999998,8.732597,3.796777351074221,0.14329009999999998,0.12929235,-0.01399774601230619
3553,-0.10107500000000003,0.038422573,0.13949757335782054,2.887719999999998,8.746241,5.8585206158447285,2.9458199999999977,8.732597,5.786777351074221,0.09829009999999994,0.12929235,0.03100225398769385
3554,-0.11107500000000003,0.038422573,0.14949757335782055,3.257719999999999,8.746241,5.4885206158447275,3.9958199999999984,8.732597,4.73677735107422,0.13129009999999997,0.12929235,-0.0019977460123061785
3568,-0.07761300000000015,0.025013523,0.1026265231763126,8.63568,9.128467,0.49278660614013603,4.60515,7.2209215,2.615771516418457,-0.018544000000000005,0.039246537,0.05779053679132462
3655,0.14238699999999993,0.025744312,-0.11664268848848336,11.075680000000002,9.407578,-1.668101531677248,11.82515,7.2308035,-4.594346510314942,0.14445599999999992,0.034332562,-0.11012343776202194
3697,0.04356000000000004,0.03861881,-0.004941189525127454,9.923950000000001,9.63061,-0.2933395339965834,13.021430000000002,9.905651,-3.1157789074707054,0.2727328,0.14191169,-0.13082111453323364
3698,0.06256000000000006,0.03861881,-0.02394118952512747,7.32395,9.63061,2.306660466003418,10.021430000000002,9.905651,-0.1157789074707054,0.1657328,0.14191169,-0.023821114533233656
3699,0.04156000000000004,0.03861881,-0.0029411895251274522,8.223950000000002,9.63061,1.4066604660034159,9.521430000000002,9.905651,0.3842210925292946,0.1377328,0.14191169,0.004178885466766369
3700,0.06056000000000006,0.03861881,-0.02194118952512747,10.52395,9.63061,-0.8933395339965813,12.221430000000002,9.905651,-2.3157789074707047,0.22373279999999995,0.14191169,-0.0818211145332336
3701,0.04856000000000005,0.03861881,-0.009941189525127458,8.423950000000001,9.63061,1.2066604660034166,8.021430000000002,9.905651,1.8842210925292946,0.1417328,0.14191169,0.0001788854667663653
3709,-0.06148600000000015,0.024219545,0.08570554460442081,8.263110000000001,8.632261,0.3691512762451161,9.182830000000001,8.297713,-0.8851167202758798,0.18898579999999998,0.10966226,-0.07932354286508558
3789,-0.047784999999999966,0.025013523,0.07279852317631241,4.338349999999998,9.128467,4.790116606140138,1.707250000000002,6.994415,5.287164806365965,-0.07773589999999997,0.027385626,0.10512152598824498
3822,0.12687400000000004,0.071416356,-0.0554576443305016,13.205739999999999,11.0284605,-2.177279497375487,11.694909999999998,10.34867,-1.3462399942016585,0.06629810000000003,0.07981658,0.01351847981872556
3823,0.21777599999999997,0.07377506,-0.14400093952512738,13.50573,11.0284605,-2.477269497375488,13.27467,10.410933,-2.8637374591064457,0.10399120000000006,0.07981658,-0.024174620181274475
3824,0.23875599999999997,0.09372566,-0.14503034104681012,14.405720000000004,11.0284605,-3.3772594973754924,13.698649999999997,10.410933,-3.2877174591064424,0.09943730000000006,0.08091274,-0.018524560961532655
3825,0.26937999999999995,0.09175367,-0.17762633091688151,14.555710000000001,11.111305,-3.444404763183595,13.9799,10.607961,-3.371939299011231,0.0853756,0.08226118,-0.0031144176321983297
3826,0.260035,0.08289695,-0.17713805213928224,14.725700000000002,10.80515,-3.9205499679565445,14.618500000000001,10.501667,-4.116832977294923,0.14720520000000004,0.107698105,-0.039507094724369085
3827,0.3823869999999999,0.03541494,-0.34697205839109413,19.805680000000002,9.295737,-10.509942733459475,17.21515,7.7279506,-9.487199427032472,0.13345600000000002,0.04197964,-0.09147635927772524
3903,-0.04657800000000001,0.018411083,0.06498908314692975,8.36578,9.777536,1.4117563922119132,6.605729999999999,7.511246,0.9055162043762213,0.05507470000000003,0.05805874,0.002984038708496062
3953,-0.08910499999999999,-0.0047497284,0.08435527163326739,4.127230000000001,7.0156446,2.8884145503234855,2.9410600000000002,7.276752,4.33569199508667,0.053047100000000014,0.10485898,0.051811879582786546
3955,-0.019104999999999928,-0.0047497284,0.01435527163326733,5.227229999999999,7.0156446,1.7884145503234876,15.251060000000003,7.276752,-7.974308004913333,0.5230471,0.10485898,-0.4181881204172134
4012,0.003422000000000036,0.009323439,0.005901438629507982,8.035780000000003,9.08487,1.0490903384399388,8.10573,7.415969,-0.6897611050415033,0.10707470000000008,0.05779412,-0.04928057983727463
4028,0.05238699999999996,0.039935667,-0.012451332932233772,8.105680000000003,9.231134,1.1254544146728485,6.00515,7.6818314,1.6766813598632808,-0.028544000000000014,0.03304735,0.06159134826087953
4076,0.16574499999999992,0.056316726,-0.10942827409028999,8.708979999999997,11.125321,2.416341388244632,10.226890000000001,7.5777764,-2.6491135679626474,0.14256879999999994,0.041722797,-0.10084600314264291
4101,-0.007613000000000092,0.03541494,0.043027941608905884,5.4756800000000005,9.295737,3.820057266540527,6.03515,7.7279506,1.6928005729675295,0.09445599999999998,0.04197964,-0.052476359277725204
4102,-0.057613000000000136,0.03541494,0.09302794160890593,4.625680000000003,9.295737,4.670057266540525,3.235150000000001,7.7279506,4.492800572967528,0.03545600000000004,0.04197964,0.006523640722274737
4172,-0.07761300000000015,0.03541494,0.11302794160890595,5.805680000000002,9.295737,3.490057266540525,4.70515,7.7279506,3.0228005729675296,0.07145599999999996,0.04197964,-0.029476359277725184
4174,-0.0176130000000001,0.03541494,0.05302794160890589,7.605680000000003,9.295737,1.6900572665405242,8.805150000000001,7.7279506,-1.0771994270324718,0.16345599999999993,0.04197964,-0.12147635927772515
4200,-0.08910499999999999,-0.01944537,0.06965962911725043,9.36723,9.341627,-0.02560287902831959,9.181060000000002,6.898939,-2.2821208673095725,0.1630471,0.12035987,-0.042687232188797
4237,0.05238699999999996,0.025013523,-0.027373476823687515,9.29568,9.128467,-0.1672133938598641,9.225150000000001,7.2209215,-2.004228483581544,0.10145599999999999,0.039246537,-0.062209463208675375
4239,0.2423869999999999,0.025013523,-0.21737347682368746,15.365680000000001,9.128467,-6.237213393859864,16.04515,7.2209215,-8.824228483581543,0.271456,0.039246537,-0.23220946320867536
4300,0.08238699999999999,0.025013523,-0.05737347682368754,11.125680000000003,9.128467,-1.997213393859866,9.24515,7.2209215,-2.0242284835815436,0.02145599999999992,0.039246537,0.017790536791324696
4301,0.05181100000000005,0.036551155,-0.015259844850063375,10.29099,9.112851,-1.1781388571167,7.8813200000000005,7.279669,-0.6016511920166021,-0.003105399999999925,0.039246537,0.04235193679132454
4302,0.03376000000000001,0.07510896,0.04134896027088164,16.820030000000003,11.414413,-5.405616547851565,12.043650000000001,8.590225,-3.453424780273439,-0.013672399999999918,0.045867197,0.059539597215557016
4303,0.02191199999999993,0.02598762,0.004075619534134933,7.332460000000001,8.51853,1.1860698919677723,5.6569,6.738698,1.0817980056762693,0.0072030000000000705,0.039246537,0.032043536791324545
4304,0.04074400000000011,0.04505685,0.004312849718093759,7.22297,8.51853,1.2955598919677733,5.793099999999999,6.7779775,0.9848774665832529,0.0024186000000000485,0.039734263,0.037315662973070096
4305,0.11630800000000008,0.036551155,-0.0797568448500634,12.079360000000001,9.128467,-2.9508933938598645,10.468879999999999,7.279669,-3.1892111920166,0.037999499999999964,0.039246537,0.0012470367913246516
4306,0.1023869999999999,0.025013523,-0.07737347682368745,12.785680000000003,9.128467,-3.657213393859866,10.62515,7.2209215,-3.4042284835815426,0.03145599999999993,0.039246537,0.007790536791324687
4307,0.07181100000000007,0.036551155,-0.03525984485006339,11.090990000000001,9.112851,-1.9781388571167007,8.781320000000001,7.279669,-1.5016511920166025,0.0368946,0.039246537,0.002351936791324616
4310,0.08574400000000004,0.04505685,-0.04068715028190617,7.7029700000000005,8.51853,0.8155598919677729,7.363099999999999,6.7779775,-0.5851225334167474,0.05241859999999998,0.039734263,-0.012684337026929837
4311,-0.047784999999999966,0.039935667,0.08772066706776616,6.738349999999997,9.20493,2.46658030548096,4.30725,7.492638,3.185388111114502,0.02226410000000001,0.056603666,0.03433956639494895
4376,0.15238699999999994,0.03541494,-0.11697205839109415,12.285680000000003,9.295737,-2.9899427334594755,13.86515,7.7279506,-6.137199427032471,0.23145599999999994,0.04197964,-0.18947635927772516
4377,0.06238699999999997,0.03541494,-0.026972058391094178,10.955680000000001,9.295737,-1.6599427334594736,8.50515,7.7279506,-0.7771994270324711,0.0014560000000000128,0.04197964,0.04052364072227477
4378,0.1023869999999999,0.03541494,-0.0669720583910941,11.355680000000003,9.295737,-2.0599427334594758,9.91515,7.7279506,-2.1871994270324713,0.04145599999999994,0.04197964,0.0005236407222748429
4380,0.06181900000000007,0.06465267,0.0028336664495467456,8.358890000000002,9.6238165,1.2649264901733375,10.89359,8.481516,-2.4120741156005856,0.21441880000000002,0.09984789,-0.1145709095633507
4381,0.011819000000000024,0.06465267,0.05283366644954679,8.158890000000003,9.6238165,1.4649264901733368,8.493590000000001,8.481516,-0.012074115600587021,0.12441880000000005,0.09984789,-0.02457090956335073
4382,0.04181900000000005,0.06465267,0.022833666449546763,7.7588900000000045,9.6238165,1.8649264901733353,8.09359,8.481516,0.38792588439941333,0.10441880000000003,0.09984789,-0.004570909563350711
4384,0.03181900000000004,0.06465267,0.03283366644954677,6.658890000000003,9.6238165,2.9649264901733368,6.19359,8.481516,2.2879258843994137,0.05441879999999999,0.09984789,0.04542909043664933
4490,0.17257899999999993,0.07309933,-0.09947966993236534,5.286369999999998,9.716519,4.430149355773928,6.121339999999998,6.7134414,0.5921013719177264,0.02713410000000005,0.0091700135,-0.01796408652011161
4513,0.08238699999999999,0.025744312,-0.05664268848848342,14.005680000000002,9.407578,-4.598101531677248,14.465150000000001,7.2308035,-7.234346510314943,0.26145599999999997,0.034332562,-0.22712343776202198
4586,-0.02746599999999999,0.029865772,0.057331771532058706,8.646149999999999,9.972774,1.3266235519409193,6.688349999999998,7.4548283,0.7664782623291035,0.06081619999999999,0.021269629,-0.03954657122189997
4587,-0.06746600000000003,0.029865772,0.09733177153205874,6.446149999999999,9.972774,3.5266235519409186,3.7883499999999977,7.4548283,3.666478262329104,0.02081619999999995,0.021269629,0.0004534287781000623
4813,-0.05746600000000002,0.029865772,0.08733177153205873,6.436149999999998,9.972774,3.53662355194092,3.1283499999999975,7.4548283,4.326478262329104,-0.021183800000000086,0.021269629,0.0424534287781001
4914,-0.10148600000000019,0.024219545,0.12570554460442085,2.14311,8.632261,6.489151276245117,0.5528300000000002,8.297713,7.744883279724121,0.02698579999999995,0.10966226,0.08267645713491445
4915,-0.131486,0.024219545,0.15570554460442065,1.4631100000000004,8.632261,7.169151276245117,-1.2271699999999974,8.297713,9.524883279724119,0.0029858000000000384,0.10966226,0.10667645713491436
5029,0.10914599999999985,0.071151145,-0.03799485519742951,10.6694,11.087134,0.4177343612670903,13.840419999999998,14.382827,0.5424068051147479,0.1722325,0.23857564,0.06634313734054564
5037,0.09914599999999985,0.071151145,-0.027994855197429502,11.049399999999999,11.087134,0.03773436126709129,13.520419999999998,14.382827,0.8624068051147482,0.14223249999999998,0.23857564,0.09634313734054567
5041,0.09914599999999985,0.071151145,-0.027994855197429502,11.4494,11.087134,-0.36226563873291084,13.800419999999999,14.382827,0.5824068051147471,0.1522325,0.23857564,0.08634313734054566
5045,0.10914599999999985,0.071151145,-0.03799485519742951,12.0594,11.087134,-0.9722656387329103,15.240419999999999,14.382827,-0.8575931948852524,0.20223250000000004,0.23857564,0.03634313734054562
5049,0.12914599999999987,0.071151145,-0.05799485519742953,12.139399999999998,11.087134,-1.0522656387329086,18.19042,14.382827,-3.8075931948852535,0.3622325,0.23857564,-0.12365686265945436
5053,0.1491459999999999,0.071151145,-0.07799485519742955,18.449399999999997,11.087134,-7.362265638732907,22.94042,14.382827,-8.557593194885253,0.5522325,0.23857564,-0.31365686265945436
5351,0.09038699999999988,0.03541494,-0.05497205839109409,11.90568,9.250314,-2.6553662411499026,10.305150000000001,7.6818314,-2.62331864013672,0.051455999999999946,0.0374598,-0.013996201842784828
5560,-0.03778499999999996,0.025744312,0.06352931151151653,7.1183499999999995,9.386926,2.2685756973266606,3.337250000000001,7.0346613,3.697411293029784,-0.04873589999999994,0.01854797,0.06728387080159182
5676,0.9728413,0.2572857,-0.7155555858505249,23.72903,11.511407,-12.217623101501466,3.978679999999999,7.743187,3.764506950683595,0.03912840000000006,0.08703262,0.047904223589038786
5682,0.030245000000000077,0.030383535,0.00013853472948066603,3.5702,9.016831,5.446631398010254,7.330859999999998,9.035876,1.705016274108889,0.20142719999999992,0.1272399,-0.07418730215282432
5683,0.050245000000000095,0.030383535,-0.01986146527051935,7.670200000000001,9.016831,1.3466313980102527,7.730859999999998,9.035876,1.3050162741088887,0.07142720000000002,0.1272399,0.055812697847175574
5686,0.050245000000000095,0.030383535,-0.01986146527051935,7.3702000000000005,9.016831,1.6466313980102534,9.330859999999998,9.035876,-0.294983725891111,0.1714272,0.1272399,-0.044187302152824404
5760,0.09701499999999996,0.050775852,-0.046239147945642434,6.271419999999999,12.108898,5.837478162841798,8.98863,13.350205,4.361575421447753,0.09765030000000008,0.1132085,0.015558202531051557
5848,0.09221500000000005,0.064449385,-0.027765615191459703,19.43835,13.21336,-6.224990167236328,15.407250000000001,11.168781,-4.238468719482423,0.1222641000000001,0.065780036,-0.05648406384859095
5849,0.09221500000000005,0.064449385,-0.027765615191459703,17.43835,13.21336,-4.224990167236328,13.807250000000002,11.168781,-2.6384687194824235,0.062264100000000044,0.065780036,0.0035159361514091048
5850,0.032215000000000105,0.064449385,0.03223438480854024,12.338349999999998,13.21336,0.8750098327636735,9.50725,11.168781,1.6615312805175773,0.02226410000000001,0.065780036,0.04351593615140914
5852,0.07221500000000014,0.064449385,-0.007765615191459796,16.238349999999997,13.21336,-3.024990167236325,13.307250000000002,11.168781,-2.1384687194824235,-0.05773589999999995,0.065780036,0.1235159361514091
5854,0.05221500000000012,0.064449385,0.012234384808540222,15.538349999999998,13.21336,-2.324990167236326,17.507250000000003,11.168781,-6.3384687194824245,-0.14773589999999992,0.065780036,0.21351593615140907
5862,-0.03778499999999996,0.064449385,0.1022343848085403,24.81835,13.21336,-11.604990167236327,17.297250000000002,11.168781,-6.128468719482424,-0.03773589999999993,0.065780036,0.10351593615140908
5934,0.03198999999999996,0.036572017,0.0045820167756081,6.221590000000003,9.720391,3.4988012734985325,5.07508,7.2771707,2.2020906581115725,0.007483600000000035,0.03095416,0.02347055979623791
6211,-0.023965000000000014,0.062096477,0.08606147655487062,7.505700000000001,11.130283,3.6245833557128897,4.698500000000001,9.657249,4.958749450683593,-0.013794799999999996,0.059057336,0.07285213630061149
6522,0.4982519999999999,0.14976865,-0.3484833494682311,10.35528,8.853039,-1.5022412121582036,17.42244,11.508004,-5.914435811462404,0.3693009,0.20309274,-0.16620816101398467
6523,0.14825199999999994,0.14976865,0.0015166505317688594,10.25528,8.853039,-1.402241212158204,14.122440000000001,11.508004,-2.6144358114624033,0.34930089999999997,0.20309274,-0.14620816101398465
6524,0.40825199999999995,0.14976865,-0.25848334946823115,10.55528,8.853039,-1.702241212158203,13.622440000000001,11.508004,-2.1144358114624033,0.27930089999999996,0.20309274,-0.07620816101398464
6526,0.15825199999999995,0.14976865,-0.00848334946823115,10.05528,8.853039,-1.202241212158203,13.122440000000001,11.508004,-1.6144358114624033,0.25930089999999995,0.20309274,-0.056208161013984625
6527,0.2282519999999999,0.14976865,-0.0784833494682311,10.25528,8.853039,-1.402241212158204,14.422440000000002,11.508004,-2.914435811462404,0.22930089999999992,0.20309274,-0.0262081610139846
6529,-0.02074799999999999,0.14976865,0.1705166505317688,9.75528,8.853039,-0.902241212158204,9.022440000000001,11.508004,2.4855641885375963,0.09930089999999991,0.20309274,0.1037918389860154
6530,-0.0027479999999999727,0.14976865,0.15251665053176877,9.995280000000001,8.853039,-1.1422412121582042,14.622440000000001,11.508004,-3.1144358114624033,0.13630089999999995,0.20309274,0.06679183898601537
6752,0.4248790000000001,0.09432767,-0.3305513266839982,14.211459999999999,12.738886,-1.4725741204833973,18.91837,14.158999,-4.7593705569458,0.24892409999999998,0.25874662,0.00982252399291994
6753,0.20487900000000014,0.09432767,-0.11055132668399825,9.211459999999999,12.738886,3.5274258795166027,16.91837,14.158999,-2.7593705569458002,0.37892410000000004,0.25874662,-0.12017747600708012
6755,-0.02512099999999995,0.09432767,0.11944867331600184,12.211459999999999,12.738886,0.5274258795166027,14.71837,14.158999,-0.559370556945801,0.2789241,0.25874662,-0.020177476007080086
6756,0.24487900000000007,0.09432767,-0.15055132668399818,29.21146,12.738886,-16.472574120483397,23.91837,14.158999,-9.7593705569458,0.5789241,0.25874662,-0.32017747600708013
6757,0.4348790000000001,0.09432767,-0.34055132668399823,17.21146,12.738886,-4.472574120483397,20.71837,14.158999,-6.559370556945801,0.31892410000000004,0.25874662,-0.06017747600708012
6758,0.1548790000000001,0.09432767,-0.06055132668399821,16.71146,12.738886,-3.9725741204833973,18.21837,14.158999,-4.059370556945801,0.2989241,0.25874662,-0.040177476007080104
6760,0.024879000000000095,0.09432767,0.0694486733160018,11.711459999999999,12.738886,1.0274258795166027,13.41837,14.158999,0.7406294430541998,0.21892410000000007,0.25874662,0.039822523992919856
6762,0.05487900000000012,0.09432767,0.03944867331600177,12.31146,12.738886,0.42742587951660127,11.21837,14.158999,2.940629443054199,0.10392410000000007,0.25874662,0.15482252399291985
6891,-0.0752130000000002,0.0074536796,0.08266667957279106,8.432690000000001,15.234929,6.802239084777831,8.211599999999997,8.827065,0.6154654678344755,0.11239939999999993,0.10936166,-0.003037736539268421
6892,-0.06521300000000019,0.0074536796,0.07266667957279105,28.762690000000003,15.234929,-13.52776091522217,9.851599999999998,8.827065,-1.024534532165525,0.14139940000000006,0.10936166,-0.03203773653926856
6919,0.09238699999999989,0.025744312,-0.06664268848848331,8.40568,9.407578,1.0018984683227536,7.805150000000001,7.2308035,-0.5743465103149425,0.027455999999999925,0.034332562,0.006876562237978057
6920,0.1123869999999999,0.025744312,-0.08664268848848333,6.705680000000001,9.407578,2.701898468322753,6.50515,7.2308035,0.7256534896850582,0.0034560000000000146,0.034332562,0.030876562237977967
6921,0.12238699999999991,0.025744312,-0.09664268848848334,10.505680000000002,9.407578,-1.0981015316772478,9.40515,7.2308035,-2.174346510314942,0.024455999999999922,0.034332562,0.00987656223797806
7018,0.198005,0.026537733,-0.17146726684749125,11.089310000000001,9.016831,-2.072478601989747,11.917390000000001,7.2504807,-4.666909348144532,0.14189190000000007,0.10837791,-0.033513988849544596
7019,0.15400499999999984,0.026537733,-0.1274672668474911,8.869309999999999,9.016831,0.1475213980102552,11.217390000000002,7.2504807,-3.966909348144533,0.1988919,0.10837791,-0.09051398884954454
7022,0.010005000000000042,0.026537733,0.016532733152508694,2.139310000000002,9.016831,6.877521398010252,4.607390000000002,7.2504807,2.6430906518554664,0.12489190000000006,0.10837791,-0.01651398884954458
7023,0.004005000000000036,0.026537733,0.0225327331525087,2.1193099999999987,9.016831,6.897521398010255,2.0973900000000008,7.2504807,5.153090651855468,0.01789190000000007,0.10837791,0.0904860111504554
7024,0.04500499999999996,0.026537733,-0.018467266847491226,3.05931,9.016831,5.957521398010254,4.307390000000002,7.2504807,2.943090651855467,0.0608919,0.10837791,0.047486011150455476
7135,0.052458000000000005,0.08833371,0.035875711028099055,19.98927,15.740103,-4.249167232055665,18.55426,15.494252,-3.0600077951049798,0.1795405,0.15815341,-0.021387085273742668
7137,0.25945799999999997,0.08833371,-0.1711242889719009,25.98927,15.740103,-10.249167232055665,22.65426,15.494252,-7.160007795104981,0.21954050000000003,0.15815341,-0.0613870852737427
7145,-0.02778499999999995,0.025744312,0.05352931151151652,6.808349999999997,11.067417,4.259067144775393,4.14725,7.392468,3.2452179756164554,-0.01073589999999991,0.067170024,0.07790592391815176
7146,0.042215000000000114,0.025744312,-0.016470688488483542,7.698349999999998,11.067417,3.369067144775393,7.7272500000000015,7.392468,-0.33478202438354643,0.07726410000000006,0.067170024,-0.010094076081848202
7147,0.07221500000000014,0.025744312,-0.04647068848848357,9.628349999999998,11.067417,1.439067144775393,11.417250000000001,7.392468,-4.024782024383546,0.20026410000000006,0.067170024,-0.1330940760818482
7148,0.11221500000000006,0.025744312,-0.0864706884884835,21.06835,11.067417,-10.000932855224608,17.457250000000002,7.392468,-10.064782024383547,0.27426410000000007,0.067170024,-0.2070940760818482
7149,0.1522150000000001,0.025744312,-0.12647068848848353,28.43835,11.067417,-17.37093285522461,20.277250000000002,7.392468,-12.884782024383547,0.32526410000000006,0.067170024,-0.2580940760818482
7150,0.33221500000000015,0.025744312,-0.3064706884884836,28.668349999999997,11.067417,-17.600932855224606,20.367250000000002,7.392468,-12.974782024383547,0.38726410000000006,0.067170024,-0.3200940760818482
7203,0.09221500000000005,0.03541494,-0.056800058391094255,17.83835,9.357499,-8.48085087738037,15.10725,7.709387,-7.397863174438477,0.19226410000000005,0.033817284,-0.15844681619081502
7204,0.08421500000000015,0.03541494,-0.04880005839109436,17.038349999999998,9.357499,-7.680850877380369,13.407250000000001,7.709387,-5.697863174438478,0.062264100000000044,0.033817284,-0.028446816190815016
7226,-0.07351200000000002,0.02218117,0.09569317006123068,5.481820000000003,9.071729,3.5899087063598607,1.40644,6.8713717,5.4649317460632325,-0.05369219999999997,0.027385626,0.08107782598824498
7227,-0.08951200000000004,0.02218117,0.1116931700612307,5.031820000000003,9.071729,4.03990870635986,0.3064399999999985,6.8713717,6.564931746063234,-0.07169219999999998,0.027385626,0.099077825988245
7480,0.09468699999999985,0.05149475,-0.04319224887442574,23.459100000000003,17.169292,-6.289807550048831,20.52853,14.144304,-6.384225724487305,0.3218311,0.18947458,-0.13235651732788084
7481,0.07468699999999995,0.05149475,-0.023192248874425836,25.1691,17.169292,-7.999807550048828,21.25853,14.144304,-7.114225724487305,0.3348311,0.18947458,-0.14535651732788085
7482,0.06730300000000011,-0.0065811547,-0.07388415465193998,20.00581,11.012043,-8.993767000732422,19.58326,9.939681,-9.643578946838378,0.2944346,0.088133365,-0.2063012350841522
7483,-0.032696999999999976,-0.0065811547,0.026115845348060107,12.905810000000002,11.012043,-1.8937670007324243,10.08326,9.939681,-0.14357894683837813,0.014434599999999964,0.088133365,0.07369876491584781
7484,-0.012696999999999958,-0.0065811547,0.006115845348060089,10.20581,11.012043,0.8062329992675785,9.683259999999999,9.939681,0.2564210531616222,0.08443460000000003,0.088133365,0.003698764915847752
7487,-0.042696999999999985,-0.0065811547,0.036115845348060116,11.20581,11.012043,-0.19376700073242148,9.183259999999999,9.939681,0.7564210531616222,0.04443459999999999,0.088133365,0.04369876491584779
7489,-0.0026969999999999494,-0.0065811547,-0.0038841546519399195,9.805810000000001,11.012043,1.206232999267577,8.18326,9.939681,1.7564210531616204,0.024434599999999973,0.088133365,0.0636987649158478
7490,-0.032696999999999976,-0.0065811547,0.026115845348060107,8.605810000000002,11.012043,2.4062329992675764,7.083259999999999,9.939681,2.856421053161622,0.03443459999999998,0.088133365,0.053698764915847796
7498,0.074847,0.044110674,-0.03073632558894157,5.09113,7.729134,2.6380040827941897,6.153739999999999,6.636156,0.4824160821533212,0.06595679999999993,0.0402946,-0.02566220121197693
7548,0.10630499999999998,0.07614981,-0.03015519361972807,10.098029999999998,11.761824,1.6637936541748068,12.352540000000001,13.286453,0.9339132470703113,0.11033899999999996,0.14005591,0.0297169097528458
7550,0.136305,0.07614981,-0.0601551936197281,10.438029999999998,11.761824,1.323793654174807,12.64254,13.286453,0.6439132470703122,0.09033900000000006,0.14005591,0.049716909752845706
7552,0.06630500000000006,0.07614981,0.009844806380271853,13.968029999999999,11.761824,-2.206206345825194,15.34254,13.286453,-2.056086752929687,0.17033900000000002,0.14005591,-0.030283090247154254
7644,0.37889000000000006,0.17261387,-0.20627612592220312,10.965449999999999,10.101119,-0.8643309585571277,15.82344,11.85446,-3.9689802374267575,0.30043050000000004,0.19485997,-0.105570533364296
7645,0.29489,0.17261387,-0.12227612592220305,14.565449999999998,10.101119,-4.464330958557127,15.77344,11.85446,-3.9189802374267586,0.21243049999999997,0.19485997,-0.017570533364295926
7762,-0.03761300000000012,0.025013523,0.06262652317631257,7.435680000000001,9.128467,1.6927866061401353,3.8851499999999994,7.2209215,3.3357715164184576,-0.03254400000000013,0.039246537,0.07179053679132474
7763,-0.02761300000000011,0.025013523,0.052626523176312556,8.035680000000003,9.128467,1.092786606140134,3.895150000000001,7.2209215,3.325771516418456,-0.06154400000000004,0.039246537,0.10079053679132466
7764,-0.03761300000000012,0.025013523,0.06262652317631257,7.985680000000002,9.128467,1.1427866061401346,3.815149999999999,7.2209215,3.405771516418458,-0.06654400000000005,0.039246537,0.10579053679132466
7766,-0.02761300000000011,0.025013523,0.052626523176312556,11.125680000000003,9.128467,-1.997213393859866,8.11515,7.2209215,-0.8942284835815428,0.04145599999999994,0.039246537,-0.002209463208675322
7767,-0.02761300000000011,0.025013523,0.052626523176312556,17.95568,9.128467,-8.827213393859864,13.195150000000002,7.2209215,-5.974228483581545,0.07145599999999996,0.039246537,-0.03220946320867535
7768,-0.04761300000000013,0.025013523,0.07262652317631257,5.3456800000000015,9.128467,3.782786606140135,1.265150000000002,7.2209215,5.955771516418455,-0.08454399999999995,0.039246537,0.12379053679132457
7946,-0.09579500000000007,0.012488146,0.10828314631253488,3.6104699999999994,7.604189,3.9937189190673834,1.0476099999999988,7.092399,6.044789120330812,0.0007224000000000119,0.097259775,0.09653737480411528
8023,0.04838699999999996,0.025013523,-0.02337347682368751,5.99568,9.128467,3.1327866061401366,7.78515,7.2209215,-0.5642284835815428,0.1314559999999999,0.039246537,-0.09220946320867529
8032,0.00044200000000005346,0.04520101,0.0447590110020637,7.178659999999997,9.434977,2.256316577758792,7.678690000000001,9.249612,1.5709218545532213,0.0050736000000000114,0.06253022,0.05745661955490111
8034,0.04044200000000009,0.04520101,0.004759011002063662,9.298659999999998,9.434977,0.1363165777587909,12.72869,9.249612,-3.4790781454467776,0.10007359999999998,0.06253022,-0.03754338044509886
8057,0.0542450000000001,0.05385311,-0.0003918905210495982,4.586269999999999,9.0486145,4.462344501953126,7.649840000000001,9.18401,1.534169552001952,0.16017380000000003,0.14367053,-0.01650327087287906
8058,0.012959000000000165,0.055335287,0.04237628700470908,10.168589999999998,11.061665,0.8930745812988299,9.86852,11.505703,1.6371829724121092,0.06296540000000006,0.15086164,0.08789623580417627
8086,-0.030613,0.039935667,0.07054866706776619,6.105680000000003,9.231134,3.1254544146728485,2.305150000000001,7.6818314,5.37668135986328,-0.06354400000000004,0.03304735,0.09659134826087956
8087,-0.014612999999999987,0.039935667,0.05454866706776618,6.705680000000001,9.231134,2.5254544146728506,3.605150000000002,7.6818314,4.076681359863279,-0.03554400000000002,0.03304735,0.06859134826087954
8088,-0.023613000000000106,0.039935667,0.0635486670677663,6.105680000000003,9.231134,3.1254544146728485,2.905149999999999,7.6818314,4.776681359863282,-0.04354400000000003,0.03304735,0.07659134826087954
8167,0.2214879999999999,0.07366862,-0.14781937851953497,8.641820000000003,9.671052,1.0292319790649387,11.51644,8.854702,-2.66173800415039,0.10030780000000006,0.055742387,-0.044565413271474896
8168,0.3414879999999999,0.07366862,-0.26781937851953497,9.041820000000001,9.671052,0.6292319790649401,13.01644,8.854702,-4.16173800415039,0.16330780000000011,0.055742387,-0.10756541327147495
8169,0.2214879999999999,0.07366862,-0.14781937851953497,12.641820000000003,9.671052,-2.9707680209350613,12.51644,8.854702,-3.66173800415039,0.041307800000000006,0.055742387,0.014434586728525156
8177,-0.03899000000000008,0.021796497,0.06078649658501156,8.26493,10.541947,2.2770173648071292,5.796899999999999,7.6363645,1.839464459991456,0.019842499999999985,-0.014814594,-0.03465709382921456
8178,0.16101,0.021796497,-0.1392135034149885,23.96493,10.541947,-13.42298263519287,16.596899999999998,7.6363645,-8.960535540008543,-0.3101575,-0.014814594,0.2953429061707854
8179,0.06101000000000001,0.021796497,-0.039213503414988526,15.00493,10.541947,-4.462982635192871,10.306899999999999,7.6363645,-2.6705355400085438,-0.07015749999999998,-0.014814594,0.05534290617078541
8181,-0.03899000000000008,0.021796497,0.06078649658501156,7.08493,10.541947,3.457017364807129,5.286899999999999,7.6363645,2.349464459991456,0.0398425,-0.014814594,-0.054657093829214576
8182,-0.03899000000000008,0.021796497,0.06078649658501156,7.124929999999999,10.541947,3.41701736480713,5.4169,7.6363645,2.219464459991455,0.0398425,-0.014814594,-0.054657093829214576
8199,-0.05008900000000005,0.028005078,0.0780940784349442,9.17586,9.32395,0.1480898138427733,7.67356,7.5541716,-0.11938843780517594,0.08676649999999997,0.08062454,-0.006141956869602172
8201,0.09991099999999997,0.028005078,-0.07190592156505582,10.69586,9.32395,-1.3719101861572263,12.54356,7.5541716,-4.989388437805175,0.21676649999999997,0.08062454,-0.13614195686960218
8247,0.002386999999999917,0.025744312,0.023357311511516654,9.105680000000003,9.407578,0.3018984683227508,6.805150000000001,7.2308035,0.42565348968505745,0.016455999999999915,0.034332562,0.017876562237978066
8254,0.032386999999999944,0.025744312,-0.006642688488483373,9.605680000000003,9.407578,-0.1981015316772492,8.70515,7.2308035,-1.4743465103149411,0.08145599999999997,0.034332562,-0.04712343776202199
8329,0.06221500000000013,0.025744312,-0.03647068848848356,6.3683499999999995,9.386926,3.0185756973266606,7.907250000000001,7.0346613,-0.8725887069702161,0.11326410000000009,0.01854797,-0.09471612919840822
8330,-0.047784999999999966,0.025744312,0.07352931151151654,5.958349999999999,9.386926,3.428575697326661,6.207250000000002,7.0346613,0.8274112930297832,0.11226410000000009,0.01854797,-0.09371612919840822
8647,-0.015009999999999968,0.06166569,0.07667569143533703,10.32159,11.82859,1.5070003930664058,7.48508,9.751325,2.2662446536254883,0.019483599999999934,0.05380056,0.03431696053400046
8700,-0.09778500000000001,0.025744312,0.12352931151151658,7.898349999999997,9.386926,1.488575697326663,3.6072500000000005,7.0346613,3.4274112930297846,-0.02273589999999992,0.01854797,0.04128387080159179
8701,-0.09778500000000001,0.025744312,0.12352931151151658,6.958349999999999,9.386926,2.428575697326661,1.9072500000000012,7.0346613,5.127411293029784,-0.06373589999999985,0.01854797,0.08228387080159172
8755,0.06088300000000002,0.024219545,-0.03666345539557936,5.277709999999999,8.632261,3.354551276245118,6.316690000000001,8.369125,2.0524353662109363,0.0613556999999999,0.10974645,0.048390748695659735
8756,0.002215000000000078,0.025013523,0.02279852317631237,6.43835,9.128467,2.690116606140137,3.497250000000001,6.994415,3.4971648063659657,-0.04773589999999994,0.027385626,0.07512152598824495
8757,-0.01778499999999994,0.025013523,0.042798523176312386,9.828349999999997,9.128467,-0.6998833938598601,6.567250000000001,6.994415,0.42716480636596543,-0.007735899999999907,0.027385626,0.03512152598824492
8766,0.12303000000000008,0.07380484,-0.04922515955448159,17.38507,13.157868,-4.2272016146850575,16.80032,13.650641,-3.1496785586547844,0.15565819999999997,0.13946155,-0.016196652863693206
8767,0.09303000000000006,0.07380484,-0.019225159554481563,16.48507,13.157868,-3.327201614685059,15.900319999999999,13.650641,-2.249678558654784,0.12565819999999994,0.13946155,0.01380334713630682
8768,0.08303000000000016,0.07380484,-0.009225159554481666,15.285070000000001,13.157868,-2.1272016146850596,15.000319999999999,13.650641,-1.3496785586547837,0.10565820000000004,0.13946155,0.03380334713630673
8769,0.07303000000000015,0.07380484,0.0007748404455183433,14.48507,13.157868,-1.327201614685059,14.30032,13.650641,-0.6496785586547844,0.09565820000000003,0.13946155,0.043803347136306736
8773,0.08303000000000016,0.07380484,-0.009225159554481666,14.68507,13.157868,-1.5272016146850582,14.30032,13.650641,-0.6496785586547844,0.09565820000000003,0.13946155,0.043803347136306736
8774,0.06303000000000014,0.07380484,0.010774840445518352,13.68507,13.157868,-0.5272016146850582,13.400319999999999,13.650641,0.25032144134521594,0.09565820000000003,0.13946155,0.043803347136306736
8775,0.09303000000000006,0.07380484,-0.019225159554481563,14.98507,13.157868,-1.827201614685059,14.700319999999998,13.650641,-1.049678558654783,0.10565820000000004,0.13946155,0.03380334713630673
8819,-0.0717620000000001,-0.026676357,0.04508564320755015,9.75629,7.144878,-2.6114120893859862,8.558089999999998,6.258656,-2.299433975067137,0.08970110000000009,0.0623585,-0.027342601426696866
8831,0.03707080000000007,0.018807352,-0.01826344841079719,7.439170000000004,9.881827,2.442657354431148,8.10021,9.24326,1.1430503836059565,0.10348449999999998,0.106820755,0.0033362547068596093
8833,0.007070800000000044,0.018807352,0.011736551589202837,6.939170000000004,9.881827,2.942657354431148,7.340210000000001,9.24326,1.9030503836059562,0.10048450000000009,0.106820755,0.006336254706859501
8849,-0.004813999999999874,0.015151203,0.019965202678680294,17.73925,12.737839,-5.001411254882811,16.73725,12.95634,-3.780910163879394,0.1379144,0.115203746,-0.022710654336833946
8850,-0.023217699999999897,0.021657936,0.04487563627500524,10.888630000000003,9.818432,-1.0701981457519558,9.35089,8.914403,-0.43648703826904267,0.06411140000000004,0.11709033,0.05297892952785488
8851,-0.027660999999999936,0.021657936,0.049318936275005276,10.336780000000001,9.844403,-0.4923767330932627,8.704699999999999,9.196615,0.49191521911621194,0.04876780000000003,0.10094904,0.052181241545391055
8852,-0.010661000000000032,0.021657936,0.03231893627500537,11.746780000000001,9.844403,-1.9023767330932628,10.3547,9.196615,-1.1580847808837884,0.05876780000000004,0.10094904,0.042181241545391046
8853,-0.04739899999999997,0.022901691,0.07030069149637219,11.47148,9.628034,-1.8434463619995114,9.756269999999999,9.339145,-0.41712529327392467,0.0933676,0.12911436,0.03574675961723328
9062,0.21238699999999988,0.066617765,-0.1457692354674338,25.805680000000002,16.884125,-8.921555244140627,19.80515,13.512676,-6.292473760986329,0.42145599999999994,0.20904873,-0.2124072668848037
9063,0.09238699999999989,0.066617765,-0.025769235467433815,13.805680000000002,16.884125,3.0784447558593726,12.10515,13.512676,1.4075262390136718,0.10145599999999999,0.20904873,0.10759273311519624
9064,0.2223869999999999,0.066617765,-0.15576923546743382,23.405680000000004,16.884125,-6.521555244140629,18.40515,13.512676,-4.892473760986327,0.221456,0.20904873,-0.012407266884803758
9065,0.09238699999999989,0.066617765,-0.025769235467433815,13.605680000000001,16.884125,3.2784447558593737,15.305150000000001,13.512676,-1.7924737609863293,0.331456,0.20904873,-0.12240726688480374
9066,0.05238699999999996,0.066617765,0.01423076453256611,12.505680000000002,16.884125,4.378444755859373,13.20515,13.512676,0.30752623901367215,0.23145599999999994,0.20904873,-0.02240726688480371
9080,-0.03761300000000012,0.025744312,0.06335731151151669,6.525680000000001,9.407578,2.8818984683227526,5.3351500000000005,7.2308035,1.895653489685058,0.051455999999999946,0.034332562,-0.017123437762021965
9090,0.12148799999999993,0.022911958,-0.09857604160356515,13.471820000000003,9.330188,-4.141632202453616,13.72644,6.911618,-6.814821767272949,0.19930780000000003,0.01854797,-0.18075982919840816
9093,0.012386999999999926,0.025013523,0.01262652317631252,12.645680000000002,9.128467,-3.5172133938598655,10.635150000000001,7.2209215,-3.414228483581544,0.09645599999999999,0.039246537,-0.05720946320867537
9094,0.012386999999999926,0.025013523,0.01262652317631252,12.325680000000002,9.128467,-3.1972133938598652,9.645150000000001,7.2209215,-2.424228483581544,0.04345599999999994,0.039246537,-0.004209463208675324
9097,-0.028512000000000093,0.02218117,0.05069317006123075,7.221820000000001,9.071729,1.8499087063598623,5.696439999999999,6.8713717,1.1749317460632334,0.04630780000000001,0.027385626,-0.018922174011755
9099,-0.05851200000000012,0.02218117,0.08069317006123078,5.671820000000004,9.071729,3.3999087063598594,1.9864399999999982,6.8713717,4.884931746063234,-0.04369219999999996,0.027385626,0.07107782598824497
9100,-0.05851200000000012,0.02218117,0.08069317006123078,6.641820000000003,9.071729,2.4299087063598606,3.0864399999999996,6.8713717,3.784931746063233,-0.03369219999999995,0.027385626,0.06107782598824496
9101,-0.04851200000000011,0.02218117,0.07069317006123077,7.031820000000003,9.071729,2.03990870635986,3.5964399999999976,6.8713717,3.274931746063235,-0.03169219999999995,0.027385626,0.05907782598824496
9106,-0.03761300000000012,0.03460151,0.07221450957107556,6.33568,9.36572,3.030039795227051,1.8051500000000011,5.162988,3.357838185882567,-0.08854400000000007,-0.010206485,0.07833751483285434
9107,-0.057613000000000136,0.03460151,0.09221450957107558,7.425680000000003,9.36572,1.9400397952270474,2.805150000000001,5.162988,2.357838185882567,-0.06854400000000005,-0.010206485,0.05833751483285432
9108,0.04238699999999995,0.03460151,-0.007785490428924513,6.705680000000001,9.36572,2.66003979522705,4.305150000000001,5.162988,0.8578381858825672,-0.04854400000000003,-0.010206485,0.0383375148328543
9109,0.002386999999999917,0.03460151,0.03221450957107552,6.505680000000002,9.36572,2.860039795227049,3.7051499999999997,5.162988,1.4578381858825686,-0.03854400000000002,-0.010206485,0.028337514832854294
9110,-0.03761300000000012,0.03460151,0.07221450957107556,6.505680000000002,9.36572,2.860039795227049,3.305150000000001,5.162988,1.8578381858825672,-0.028544000000000014,-0.010206485,0.018337514832854285
9111,-0.0176130000000001,0.03460151,0.05221450957107554,6.505680000000002,9.36572,2.860039795227049,3.2051499999999997,5.162988,1.9578381858825686,-0.04854400000000003,-0.010206485,0.0383375148328543
9113,-0.04761300000000013,0.03460151,0.08221450957107557,5.305680000000002,9.36572,4.060039795227048,0.7051499999999997,5.162988,4.457838185882569,-0.08854400000000007,-0.010206485,0.07833751483285434
9114,-0.06761300000000015,0.03460151,0.10221450957107558,6.105680000000003,9.36572,3.2600397952270477,1.5051500000000004,5.162988,3.657838185882568,-0.06854400000000005,-0.010206485,0.05833751483285432
9138,-0.044613000000000014,0.03643223,0.08104522898244859,6.235680000000002,8.55859,2.3229099353027323,2.675150000000002,6.916265,4.241115010833738,-0.041544000000000025,0.02782666,0.06937065938138964
9224,-0.0782830000000001,0.032180376,0.11046337635087977,7.660720000000001,9.908264,2.2475441601562487,3.738900000000001,7.525159,3.7862588821411123,-0.024994799999999984,0.026992928,0.05198772823672293
9226,-0.048283000000000076,0.032180376,0.08046337635087975,8.160720000000001,9.908264,1.7475441601562487,4.238899999999999,7.525159,3.286258882141114,-0.0449948,0.026992928,0.07198772823672295
9783,-0.057613000000000136,0.039935667,0.09754866706776633,7.305680000000002,9.20493,1.8992503054809546,2.5051500000000004,7.7191463,5.213996251678466,-0.07854400000000006,0.075027205,0.15357120504999167
9785,-0.11761299999999997,-0.006533032,0.11107996818247434,6.805680000000002,8.760884,1.9552042849731421,1.0051500000000004,6.367675,5.362524827575683,-0.07854400000000006,0.02782666,0.10637065938138968
9787,-0.09761300000000017,0.039935667,0.13754866706776636,6.805680000000002,9.20493,2.3992503054809546,1.6051500000000019,7.7191463,6.113996251678465,-0.06854400000000005,0.075027205,0.14357120504999166
9867,0.14238699999999993,0.025744312,-0.11664268848848336,11.72568,9.407578,-2.3181015316772466,10.03515,7.2308035,-2.804346510314941,0.20145599999999997,0.034332562,-0.167123437762022
9916,-0.06761300000000015,0.025013523,0.09262652317631259,5.33568,9.128467,3.7927866061401367,2.805150000000001,7.2209215,4.415771516418456,0.005456000000000016,0.039246537,0.0337905367913246
9918,-0.04761300000000013,0.025013523,0.07262652317631257,5.705680000000001,9.128467,3.4227866061401357,3.105150000000002,7.2209215,4.115771516418455,0.0014560000000000128,0.039246537,0.0377905367913246
9919,-0.03761300000000012,0.025013523,0.06262652317631257,5.285680000000003,9.128467,3.842786606140134,4.20515,7.2209215,3.0157715164184573,0.04345599999999994,0.039246537,-0.004209463208675324
9955,-0.08901000000000003,0.010280326,0.09929032600879673,6.16159,9.510753,3.34916267791748,1.775079999999999,6.565516,4.790435995025636,-0.048516400000000015,0.030668912,0.07918531245543958
9956,-0.11600999999999995,0.010280326,0.12629032600879664,7.261590000000002,9.510753,2.2491626779174787,2.2050800000000024,6.565516,4.360435995025632,-0.05051640000000013,0.030668912,0.0811853124554397
10212,-0.03761300000000012,0.025744312,0.06335731151151669,7.935680000000001,9.407578,1.4718984683227525,3.8451500000000003,7.2308035,3.3856534896850583,-0.05554400000000004,0.034332562,0.08987656223797802
10237,-0.02761300000000011,0.025744312,0.05335731151151668,8.185680000000001,9.407578,1.2218984683227525,5.03515,7.2308035,2.195653489685059,-0.006543999999999994,0.034332562,0.040876562237977976
10243,-0.06761300000000015,0.025744312,0.09335731151151672,7.855680000000003,9.407578,1.5518984683227508,3.5451499999999996,7.2308035,3.685653489685059,-0.04654400000000003,0.034332562,0.08087656223797801
10248,-0.06761300000000015,0.025744312,0.09335731151151672,7.855680000000003,9.407578,1.5518984683227508,3.5451499999999996,7.2308035,3.685653489685059,-0.04654400000000003,0.034332562,0.08087656223797801
10596,0.13920299999999997,0.057020377,-0.08218262263226506,4.226890000000001,5.0904427,0.8635526574707022,9.69497,7.6244283,-2.070541727752685,0.20916060000000003,0.14659359,-0.06256701438961032
10597,0.16020299999999998,0.057020377,-0.10318262263226508,4.3768899999999995,5.0904427,0.7135526574707036,11.15497,7.6244283,-3.530541727752686,0.26916059999999997,0.14659359,-0.12256701438961026
10598,0.11620299999999995,0.057020377,-0.059182622632265036,3.7868899999999996,5.0904427,1.3035526574707035,7.76497,7.6244283,-0.14054172775268547,0.13816060000000008,0.14659359,0.008432985610389632
10599,0.13920299999999997,0.057020377,-0.08218262263226506,3.8768899999999995,5.0904427,1.2135526574707036,8.77497,7.6244283,-1.1505417277526853,0.1691606,0.14659359,-0.022567014389610285
10600,-0.009797000000000056,0.057020377,0.06681737736773496,2.7768900000000016,5.0904427,2.3135526574707015,3.8249700000000004,7.6244283,3.799458272247314,0.07716059999999991,0.14659359,0.0694329856103898
10601,0.00020299999999995322,0.057020377,0.056817377367734956,3.046890000000001,5.0904427,2.043552657470702,5.394970000000001,7.6244283,2.2294582722473137,0.12916059999999996,0.14659359,0.01743298561038975
10602,0.00020299999999995322,0.057020377,0.056817377367734956,4.01689,5.0904427,1.073552657470703,6.02497,7.6244283,1.5994582722473147,0.12916059999999996,0.14659359,0.01743298561038975
10603,0.14020299999999997,0.057020377,-0.08318262263226506,4.986889999999999,5.0904427,0.10355265747070419,11.00497,7.6244283,-3.3805417277526857,0.25916059999999996,0.14659359,-0.11256701438961025
10628,0.07325700000000013,0.027268523,-0.04598847664964212,10.961200000000003,9.295943,-1.6652567398071323,11.059470000000001,9.419547,-1.6399229190063487,0.12064750000000002,0.12821041,0.007562910475730877
10667,-0.07778499999999999,0.025013523,0.10279852317631244,6.238349999999997,9.128467,2.8901166061401398,1.5072500000000026,6.994415,5.487164806365964,-0.06773589999999996,0.027385626,0.09512152598824497
10923,-0.00012699999999998823,0.014458372,0.014585372257649887,3.0378700000000016,7.685881,4.648011137847899,3.4859299999999998,7.278169,3.79223915512085,0.08053949999999999,0.06207117,-0.018468329342126832
11012,-0.02761300000000011,0.06417897,0.0917919734363557,7.805680000000002,9.98653,2.1808503039550757,4.20515,10.598153,6.393003114318848,-0.03854400000000002,0.10551227,0.14405626884126665
11140,-0.08963300000000007,-0.0006878429,0.08894515710239492,7.340070000000001,7.777288,0.4372179600524895,3.934049999999999,6.8398533,2.905803286743165,0.0040840000000000876,0.06525661,0.06117261051273337
11141,-0.03963300000000003,-0.0006878429,0.03894515710239488,7.6400700000000015,7.777288,0.13721796005248876,5.63405,6.8398533,1.2058032867431638,0.04408400000000001,0.06525661,0.021172610512733447
11142,-0.06963300000000006,-0.0006878429,0.0689451571023949,7.54007,7.777288,0.23721796005249018,6.13405,6.8398533,0.7058032867431638,0.04408400000000001,0.06525661,0.021172610512733447
11143,-0.03963300000000003,-0.0006878429,0.03894515710239488,7.840070000000001,7.777288,-0.06278203994751053,7.73405,6.8398533,-0.8941967132568358,0.13408399999999998,0.06525661,-0.06882738948726652
11144,0.10036699999999998,-0.0006878429,-0.10105484289760513,8.640070000000001,7.777288,-0.8627820399475112,13.23405,6.8398533,-6.394196713256836,0.28408400000000006,0.06525661,-0.2188273894872666
11236,-0.02761300000000011,0.039935667,0.0675486670677663,10.105680000000003,9.548246,-0.5574336163330109,6.805150000000001,8.788247,1.9830971084594715,0.0014560000000000128,0.0835527,0.08209670326137541
11258,-0.031074999999999964,-0.0115989,0.01947610003948208,4.4877199999999995,7.7124076,3.2246875889587407,4.945819999999998,7.237862,2.292042110137942,0.08829010000000004,0.1217607,0.03347060362329479
11259,-0.031074999999999964,-0.0115989,0.01947610003948208,4.637719999999998,7.7124076,3.074687588958742,5.215819999999999,7.237862,2.0220421101379404,0.09829009999999994,0.1217607,0.023470603623294894
11260,-0.031074999999999964,-0.0115989,0.01947610003948208,4.53772,7.7124076,3.17468758895874,6.015819999999998,7.237862,1.2220421101379415,0.14829009999999998,0.1217607,-0.02652939637670515
11269,0.1522150000000001,0.025013523,-0.12720147682368765,17.63835,9.128467,-8.509883393859862,16.39725,6.994415,-9.402835193634033,0.2922641,0.027385626,-0.264878474011755
11270,0.13221500000000008,0.025013523,-0.10720147682368764,16.13835,9.128467,-7.009883393859862,14.437250000000002,6.994415,-7.442835193634036,0.16226410000000002,0.027385626,-0.134878474011755
11271,0.08221500000000015,0.025013523,-0.0572014768236877,15.138349999999999,9.128467,-6.009883393859862,12.847250000000003,6.994415,-5.852835193634036,0.10226410000000008,0.027385626,-0.07487847401175507
11273,0.032215000000000105,0.025013523,-0.007201476823687658,13.338349999999998,9.128467,-4.209883393859862,10.43725,6.994415,-3.442835193634034,0.04226410000000003,0.027385626,-0.014878474011755016
11274,0.022215000000000096,0.025013523,0.002798523176312351,11.238349999999997,9.128467,-2.1098833938598602,8.087250000000001,6.994415,-1.0928351936340341,-0.007735899999999907,0.027385626,0.03512152598824492
11275,0.08221500000000015,0.025013523,-0.0572014768236877,15.438349999999998,9.128467,-6.309883393859861,14.35725,6.994415,-7.362835193634034,0.21226410000000007,0.027385626,-0.18487847401175506
11312,0.05221500000000012,0.025744312,-0.02647068848848355,7.8683499999999995,9.386926,1.5185756973266606,6.747250000000001,7.0346613,0.2874112930297841,0.02226410000000001,0.01854797,-0.0037161291984081357
11313,0.07221500000000014,0.025744312,-0.04647068848848357,6.34835,9.386926,3.03857569732666,6.177250000000001,7.0346613,0.8574112930297844,0.0122641,0.01854797,0.006283870801591873
11397,-0.10716480000000006,0.016277673,0.12344247272293574,6.7603100000000005,7.097451,0.33714121002197217,2.82747,7.0301113,4.202641312866211,-0.05968600000000002,0.025911776,0.0855977763489485
11399,-0.005665999999999949,0.067694664,0.07336066400146479,12.34627,11.392834,-0.9534362902832036,9.28789,9.156821,-0.13106874908447352,0.025034400000000012,0.041753735,0.01671933539328574
11400,-0.003174999999999928,0.06601032,0.0691853186964988,3.362940000000002,7.586836,4.223895861206053,2.7921299999999984,7.899886,5.107756131286623,0.019739300000000015,0.04918245,0.029443148536157593
11733,0.07214300000000007,0.0656711,-0.006471898787498542,10.011790000000001,9.577071,-0.4347188101196302,9.760409999999998,9.450911,-0.3094994317626938,0.06292330000000002,0.10047306,0.03754976120395659
11736,0.03214300000000003,0.0656711,0.03352810121250149,10.191790000000001,9.577071,-0.6147188101196299,9.27041,9.450911,0.18050056823730465,0.0429233,0.10047306,0.057549761203956606
11737,0.08214299999999997,0.0656711,-0.01647189878749844,9.98179,9.577071,-0.40471881011962907,10.170409999999999,9.450911,-0.7194994317626939,0.07292330000000002,0.10047306,0.02754976120395658
11738,0.11214299999999999,0.0656711,-0.04647189878749847,9.721789999999999,9.577071,-0.1447188101196275,10.39041,9.450911,-0.9394994317626946,0.07292330000000002,0.10047306,0.02754976120395658
11739,0.03214300000000003,0.0656711,0.03352810121250149,10.191790000000001,9.577071,-0.6147188101196299,9.27041,9.450911,0.18050056823730465,0.0429233,0.10047306,0.057549761203956606
11740,0.07214300000000007,0.0656711,-0.006471898787498542,9.46179,9.577071,0.1152811898803705,9.31041,9.450911,0.1405005682373055,0.06292330000000002,0.10047306,0.03754976120395659
11741,0.08214299999999997,0.0656711,-0.01647189878749844,9.201789999999999,9.577071,0.37528118988037207,9.98041,9.450911,-0.5294994317626944,0.09292329999999993,0.10047306,0.007549761203956673
11765,0.03621500000000011,0.039935667,0.0037206670677660814,7.8683499999999995,9.20493,1.3365803054809575,8.407250000000001,7.492638,-0.9146118888854993,0.11226410000000009,0.056603666,-0.05566043360505113
11773,-0.07377500000000015,0.028975172,0.10275017196834102,10.026040000000002,12.590122,2.564082222900389,7.631529999999998,13.385606,5.754075812072756,0.030508800000000003,0.12896043,0.09845163062210083
11800,-0.0330410000000001,0.0016511304,0.03469213038383434,7.41066,9.159534,1.748874454345703,10.69454,9.629579,-1.0649614096069335,0.23754930000000007,0.15379392,-0.08375538389377601
11801,-0.008383999999999947,0.000254916,0.008638915998084418,6.91039,9.40536,2.4949702218627934,8.588189999999999,10.028665,1.4404745889282236,0.1426423,0.15128385,0.00864154530544281
11802,-0.038383999999999974,0.000254916,0.038638915998084444,6.91039,9.40536,2.4949702218627934,7.9881899999999995,10.028665,2.040474588928223,0.1326423,0.15128385,0.01864154530544282
11803,-0.068384,0.000254916,0.06863891599808447,6.110389999999999,9.40536,3.294970221862794,6.688189999999999,10.028665,3.340474588928224,0.12364229999999998,0.15128385,0.027641545305442827
11804,-0.028383999999999965,0.000254916,0.028638915998084435,7.21039,9.40536,2.1949702218627927,9.28819,10.028665,0.7404745889282225,0.17664230000000003,0.15128385,-0.02535845469455722
11805,0.01161600000000007,0.000254916,-0.0113610840019156,8.71039,9.40536,0.6949702218627927,12.28819,10.028665,-2.2595254110717775,0.2546423000000001,0.15128385,-0.10335845469455729
11981,0.07238699999999998,0.059054565,-0.013332435315370539,13.175680000000002,10.632819,-2.5428608242797868,13.54515,11.247911,-2.2972385467529293,0.22845600000000005,0.16590808,-0.06254791668033605
11982,0.08238699999999999,0.059054565,-0.023332435315370548,14.605680000000001,10.632819,-3.9728608242797865,14.20515,11.247911,-2.9572385467529294,0.26545599999999997,0.16590808,-0.09954791668033597
12001,0.03315899999999994,0.09866876,0.06550976155138022,12.967910000000003,12.558915,-0.4089948617553745,16.3201,16.1979,-0.12219922790527349,0.3273436000000001,0.29499036,-0.0323532392631532
12002,0.04315899999999995,0.09866876,0.05550976155138021,13.667910000000003,12.558915,-1.1089948617553738,17.5601,16.1979,-1.362199227905272,0.37834360000000006,0.29499036,-0.08335323926315313
12032,0.12238699999999991,0.059054565,-0.06333243531537047,11.40568,10.632819,-0.7728608242797854,12.215150000000001,11.247911,-0.967238546752931,0.17145599999999994,0.16590808,-0.00554791668033594
12033,0.1123869999999999,0.059054565,-0.05333243531537046,6.425680000000003,10.632819,4.2071391757202115,10.01515,11.247911,1.23276145324707,0.18145599999999995,0.16590808,-0.01554791668033595
12054,-0.008027000000000006,0.056131043,0.0641580425400734,11.822220000000002,11.868267,0.04604705932617037,8.515290000000002,9.647833,1.1325428704833964,0.009383700000000106,0.05380056,0.04441686053400029
12055,-0.01693699999999998,0.058832385,0.07576938464593885,18.31426,12.340512,-5.9737477243042,12.347019999999999,9.591747,-2.755272716064452,-0.007008199999999909,0.04780557,0.0548137700659751
12056,-0.062287800000000004,0.08139906,0.14368686078577042,6.872430000000001,9.739167,2.86673721343994,4.446389999999999,8.510582,4.064191970214845,0.010692499999999883,0.0642839,0.053591399962902186
12454,0.6049899999999999,0.035841227,-0.5691487734222411,19.72159,9.778777,-9.94281287750244,19.26508,7.4716635,-11.79341652496338,0.42248359999999996,0.040663674,-0.38181992552623745
12455,0.27498999999999996,0.035841227,-0.23914877342224117,17.19159,9.778777,-7.412812877502443,18.19508,7.4716635,-10.72341652496338,0.4554836,0.040663674,-0.4148199255262375
12499,-0.07901000000000002,0.035841227,0.11485122657775881,11.851590000000002,9.778777,-2.072812877502443,8.05508,7.4716635,-0.5834165249633791,0.030483600000000055,0.040663674,0.010180074473762457
12501,-0.022010000000000085,0.035841227,0.057851226577758874,16.32159,9.778777,-6.542812877502442,11.28508,7.4716635,-3.8134165249633796,-0.007516399999999979,0.040663674,0.04818007447376249
12639,0.3685139999999999,0.121621504,-0.2468924955739974,14.963110000000002,9.680459,-5.2826509774780295,16.182830000000003,10.656264,-5.526565694885257,0.23898579999999991,0.1291362,-0.10984959528045646
12640,0.3685139999999999,0.121621504,-0.2468924955739974,16.46311,9.680459,-6.782650977478028,15.882830000000002,10.656264,-5.226565694885256,0.23898579999999991,0.1291362,-0.10984959528045646
12641,-0.007784999999999931,0.039935667,0.04772066706776612,10.238349999999997,9.548246,-0.6901036163330048,11.387250000000002,8.709647,-2.6776028213500993,0.22226410000000008,0.063075565,-0.1591885351983071
12818,0.14238699999999993,0.039935667,-0.10245133293223374,7.205680000000001,9.20493,1.999250305480956,12.40515,7.7191463,-4.686003748321534,0.273456,0.075027205,-0.19842879495000837
12820,0.006215000000000082,0.025013523,0.018798523176312365,6.488349999999997,9.128467,2.6401166061401398,5.007250000000001,6.994415,1.987164806365966,0.0122641,0.027385626,0.01512152598824501
12912,0.02049000000000012,0.034041952,0.013551952341794848,6.282160000000001,8.647065,2.3649051626586903,6.083500000000001,8.7239,2.640399841308593,0.048228600000000066,0.07374858,0.025519981111431056
13148,-0.03778499999999996,0.025013523,0.0627985231763124,12.52835,9.128467,-3.399883393859863,12.997250000000001,6.994415,-6.002835193634034,0.26726410000000006,0.027385626,-0.23987847401175505
13200,0.33618000000000003,0.26011837,-0.07606163471221927,9.416830000000001,9.832918,0.4160881671142569,12.889339999999999,11.303995,-1.5853448675537098,0.24011690000000002,0.1703626,-0.06975429335536959
13202,0.26217999999999997,0.26011837,-0.002061634712219207,8.47683,9.832918,1.3560881671142582,12.17934,11.303995,-0.8753448675537108,0.1671169,0.1703626,0.0032457066446304195
13203,0.3081800000000001,0.26011837,-0.04806163471221936,9.40683,9.832918,0.42608816711425845,12.17934,11.303995,-0.8753448675537108,0.2071169,0.1703626,-0.03675429335536956
13205,0.2961800000000001,0.26011837,-0.03606163471221935,11.99683,9.832918,-2.1639118328857414,12.37934,11.303995,-1.07534486755371,0.1451169,0.1703626,0.02524570664463044
13246,-0.04996500000000004,0.03435786,0.08432286068439487,10.0657,10.145681,0.07998138122558629,7.368500000000001,7.933048,0.5645477714538565,0.046205199999999946,0.10950021,0.06329500700693136
13310,0.08238699999999999,0.1077641,0.025377102518558514,26.56568,10.150693,-16.4149870602417,19.00515,11.319098,-7.686051527404786,0.061455999999999955,0.07290917,0.01145316889905934
13312,0.19238699999999997,0.1077641,-0.08462289748144147,16.77568,10.150693,-6.6249870602417005,15.305150000000001,11.319098,-3.9860515274047863,0.18145599999999995,0.07290917,-0.10854683110094066
13411,-0.009613000000000094,0.03541494,0.045027941608905886,9.205680000000001,9.250314,0.04463375885009668,8.50515,7.6818314,-0.8233186401367192,-0.03854400000000002,0.030602932,0.06914693197631838
13412,0.035386999999999946,0.03541494,2.794160890584596e-05,10.205680000000001,9.250314,-0.9553662411499033,7.20515,7.6818314,0.47668135986328153,-0.018544000000000005,0.030602932,0.049146931976318364
13456,-0.03168099999999985,0.015763396,0.04744439639723286,13.923570000000002,10.765075,-3.158495270080568,6.96186,7.611508,0.6496478926086429,-0.11187360000000002,0.02223754,0.13411113929138185
13457,0.003319000000000072,0.015763396,0.012444396397232937,14.32357,10.765075,-3.5584952700805665,9.35186,7.611508,-1.7403521073913577,-0.0028736000000000317,0.02223754,0.025111139291381868
13458,0.0073190000000000754,0.015763396,0.008444396397232934,14.11357,10.765075,-3.3484952700805657,9.00186,7.611508,-1.390352107391358,-0.04487359999999996,0.02223754,0.0671111392913818
13460,-0.0836809999999999,0.015763396,0.0994443963972329,12.563570000000002,10.765075,-1.7984952700805685,5.391860000000001,7.611508,2.2196478926086414,-0.09387359999999989,0.02223754,0.11611113929138173
13461,-0.04668099999999997,0.015763396,0.06244439639723298,13.62357,10.765075,-2.8584952700805673,7.251860000000001,7.611508,0.35964789260864194,-0.042873599999999956,0.02223754,0.06511113929138179
13464,-0.05568099999999987,0.015763396,0.07144439639723288,18.60357,10.765075,-7.838495270080568,10.72186,7.611508,-3.110352107391357,-0.1038735999999999,0.02223754,0.12611113929138174
13500,-0.07701100000000016,0.013059333,0.09007033296680467,5.6616,7.5499353,1.8883353408813477,4.678630000000002,7.5025377,2.823907727355955,0.06455220000000006,0.125011,0.060458797056961
13506,0.081488,0.03706309,-0.044424911731958394,7.041820000000001,10.387835,3.346014548950194,5.616439999999999,7.901789,2.2853491883850108,-0.028692199999999946,0.014414765,0.043106964940738624
13507,0.11148799999999992,0.03706309,-0.07442491173195831,14.341820000000002,10.387835,-3.9539854510498067,11.216439999999999,7.901789,-3.314650811614989,-0.0026922000000000335,0.014414765,0.01710696494073871
13917,0.0016650000000000276,0.025744312,0.024079311511516543,9.707340000000002,9.386926,-0.3204143026733419,16.0613,7.0346613,-9.026638706970214,0.3153228,0.029390668,-0.2859321315035105
13918,-0.03733500000000012,0.025744312,0.06307931151151669,8.006340000000005,9.386926,1.380585697326655,9.9613,7.0346613,-2.9266387069702144,0.14132280000000008,0.029390668,-0.11193213150351056
13919,-0.04433499999999979,0.025744312,0.07007931151151636,7.1973400000000005,9.386926,2.1895856973266596,4.561299999999999,7.0346613,2.473361293029786,-0.002677199999999935,0.029390668,0.03206786849648946
14030,-0.0014199999999999768,0.02440338,0.025823380230069137,11.15417,11.273317,0.11914733703613223,9.649430000000002,9.90049,0.25105980712890386,0.027506600000000048,0.08001013,0.052503531001472425
14038,-0.0014199999999999768,0.02440338,0.025823380230069137,11.15417,11.273317,0.11914733703613223,9.649430000000002,9.90049,0.25105980712890386,0.027506600000000048,0.08001013,0.052503531001472425
14042,-0.0014199999999999768,0.02440338,0.025823380230069137,11.15417,11.273317,0.11914733703613223,9.649430000000002,9.90049,0.25105980712890386,0.027506600000000048,0.08001013,0.052503531001472425
14092,0.08162799999999992,0.067563765,-0.014064235249042434,4.74099,8.893473,4.152482671508789,6.13702,8.73196,2.5949402966308597,0.049590800000000046,0.13319656,0.08360576252861018
14102,0.271717,0.14905064,-0.12266636192035674,6.360720000000001,9.432791,3.0720707562255853,14.838899999999999,10.819156,-4.0197443069458,0.3750052,0.23751438,-0.13749082335968016
14156,0.04011589999999998,0.14859535,0.10847944800052645,4.493789999999997,8.642924,4.149134308776858,5.065109999999999,7.583638,2.5185281912231456,0.05518109999999998,0.07889255,0.023711451362514513
14222,0.04642499999999994,0.030947978,-0.01547702232301229,3.9513099999999994,9.758141,5.806830563964844,4.79749,7.480279,2.6827889688110353,0.052842899999999915,0.02638114,-0.026461759425187026
14298,-0.04761300000000013,0.025744312,0.0733573115115167,10.855680000000003,9.407578,-1.4481015316772492,5.905150000000001,7.2308035,1.3256534896850578,-0.05854400000000004,0.034332562,0.09287656223797802
14299,-0.06761300000000015,0.025744312,0.09335731151151672,7.505680000000002,9.407578,1.9018984683227522,2.0051500000000004,7.2308035,5.225653489685058,-0.09854400000000008,0.034332562,0.13287656223797806
14842,-0.04365400000000008,0.018873036,0.06252703590774544,6.4251400000000025,8.703342,2.278202437744138,5.555130000000002,8.537611,2.982481007690428,0.04789370000000004,0.103221454,0.05532775372629162
14981,0.06538699999999997,0.039935667,-0.025451332932233783,2.295680000000001,9.20493,6.909250305480956,9.03515,7.7191463,-1.316003748321533,0.24845600000000007,0.075027205,-0.17342879495000846
15048,0.03638699999999995,0.03541494,-0.0009720583910941549,9.785680000000003,9.250314,-0.5353662411499052,8.67515,7.6818314,-0.9933186401367191,0.0044559999999999045,0.030602932,0.026146931976318455
15049,0.013387000000000038,0.03541494,0.022027941608905754,9.805680000000002,9.250314,-0.5553662411499047,7.135150000000001,7.6818314,0.54668135986328,0.0024559999999999027,0.030602932,0.028146931976318457
15050,0.03838699999999995,0.03541494,-0.0029720583910941567,10.105680000000003,9.250314,-0.8553662411499054,8.17515,7.6818314,-0.4933186401367191,0.028456000000000037,0.030602932,0.0021469319763183226
15051,0.08938699999999988,0.03541494,-0.05397205839109409,9.88568,9.250314,-0.635366241149903,7.385150000000001,7.6818314,0.29668135986328004,0.00045600000000001195,0.030602932,0.030146931976318347
15052,0.03138699999999994,0.03541494,0.0040279416089058495,9.81568,9.250314,-0.5653662411499027,7.42515,7.6818314,0.2566813598632809,0.0034560000000000146,0.030602932,0.027146931976318345
15094,-0.04814300000000005,0.019913383,0.06805638282823567,8.716320000000003,9.854344,1.1380243679809539,7.351320000000001,9.649236,2.297915725402831,0.047267599999999965,0.14745101,0.10018341332664493
15096,-0.04814300000000005,0.019913383,0.06805638282823567,8.316320000000005,9.854344,1.5380243679809524,7.341320000000001,9.649236,2.3079157254028306,0.06726759999999998,0.14745101,0.08018341332664491
15097,0.19216200000000005,0.03486879,-0.15729320830059057,19.21571,10.59215,-8.623560265502931,16.382050000000003,7.959923,-8.42212720947266,0.21253600000000006,0.039407272,-0.1731287281081677
15098,-0.007838000000000012,0.03486879,0.042706791699409496,9.115710000000004,10.59215,1.4764397344970668,5.082050000000002,7.959923,2.8778727905273414,-0.05846399999999996,0.039407272,0.09787127189183231
15105,-0.00583800000000001,0.041740093,0.047578093380212794,8.115710000000004,10.523137,2.4074270925903285,6.082050000000002,8.529934,2.447883929443357,0.023536,0.03762498,0.014088981254339217
15107,-0.010837999999999903,0.0436737,0.054511701584339045,9.115710000000004,10.542316,1.4266064367675746,6.082050000000002,8.576053,2.494002665710447,-0.006463999999999914,0.046557274,0.053021273715734396
15108,0.012162000000000006,0.008327867,-0.003834133095562464,10.115710000000004,10.057757,-0.057952622375491814,7.782050000000002,7.1282916,-0.6537583930969255,0.03153600000000001,0.02784183,-0.0036941693738699044
15179,-0.008820999999999968,0.014413542,0.023234542114198176,3.33315,6.1512156,2.8180655532836916,3.6633700000000005,5.9726,2.3092299832153316,0.060435600000000034,0.058207363,-0.0022282371097565035
15180,-0.028820999999999986,0.014413542,0.04323454211419819,2.6231500000000025,6.1512156,3.528065553283689,2.7833700000000015,5.9726,3.1892299832153306,0.05643560000000014,0.058207363,0.001771762890243389
15182,-0.028820999999999986,0.014413542,0.04323454211419819,3.1231500000000025,6.1512156,3.028065553283689,3.933370000000002,5.9726,2.03922998321533,0.08943560000000006,0.058207363,-0.03122823710975653
15183,-0.018820999999999977,0.014413542,0.033234542114198184,5.49315,6.1512156,0.6580655532836914,6.133370000000001,5.9726,-0.16077001678466907,0.11743560000000008,0.058207363,-0.059228237109756554
15184,-0.048821,0.014413542,0.06323454211419821,4.83315,6.1512156,1.3180655532836916,4.403370000000001,5.9726,1.5692299832153314,0.07743560000000005,0.058207363,-0.01922823710975652
15185,-0.048821,0.014413542,0.06323454211419821,4.0131499999999996,6.1512156,2.138065553283692,3.503370000000002,5.9726,2.46922998321533,0.05743560000000003,0.058207363,0.0007717628902434992
15186,-0.048821,0.014413542,0.06323454211419821,4.81315,6.1512156,1.3380655532836911,4.713370000000001,5.9726,1.2592299832153309,0.08743560000000006,0.058207363,-0.029228237109756527
15187,-0.048821,0.014413542,0.06323454211419821,5.2631499999999996,6.1512156,0.8880655532836919,5.2433700000000005,5.9726,0.7292299832153315,0.09743560000000007,0.058207363,-0.039228237109756536
15189,0.01117900000000005,0.014413542,0.003234542114198158,3.9231499999999997,6.1512156,2.2280655532836917,5.323370000000001,5.9726,0.6492299832153314,0.10743560000000008,0.058207363,-0.049228237109756545
15190,-0.018820999999999977,0.014413542,0.033234542114198184,4.65315,6.1512156,1.4980655532836913,5.153370000000001,5.9726,0.8192299832153314,0.09743560000000007,0.058207363,-0.039228237109756536
15191,-0.038820999999999994,0.014413542,0.0532345421141982,4.17315,6.1512156,1.9780655532836917,3.423370000000002,5.9726,2.54922998321533,0.04743560000000002,0.058207363,0.010771762890243508
15194,0.01117900000000005,0.014413542,0.003234542114198158,3.9731500000000004,6.1512156,2.178065553283691,5.393370000000001,5.9726,0.5792299832153311,0.10743560000000008,0.058207363,-0.049228237109756545
15195,-0.008820999999999968,0.014413542,0.023234542114198176,3.453150000000001,6.1512156,2.6980655532836906,3.813370000000001,5.9726,2.159229983215331,0.06743560000000004,0.058207363,-0.00922823710975651
15196,-0.038820999999999994,0.014413542,0.0532345421141982,3.393150000000002,6.1512156,2.7580655532836893,2.8233700000000006,5.9726,3.1492299832153314,0.04743560000000002,0.058207363,0.010771762890243508
15832,0.16282600000000003,0.21473204,0.0519060359945297,16.43832,15.38355,-1.054770309753419,13.98673,14.000384,0.013654330749512056,0.07779709999999995,0.10115492,0.023357823439025927
15833,0.142826,0.21473204,0.07190603599452972,16.338320000000003,15.38355,-0.954770309753421,13.88673,14.000384,0.1136543307495117,0.09779709999999997,0.10115492,0.0033578234390259087
15834,0.252826,0.21473204,-0.03809396400547027,13.238320000000002,15.38355,2.1452296902465804,13.48673,14.000384,0.5136543307495121,0.09779709999999997,0.10115492,0.0033578234390259087
15835,0.31282600000000005,0.21473204,-0.09809396400547032,17.03832,15.38355,-1.6547703097534168,15.38673,14.000384,-1.3863456692504883,0.08779709999999996,0.10115492,0.013357823439025918
15836,0.30282600000000004,0.21473204,-0.08809396400547032,18.838320000000003,15.38355,-3.454770309753421,16.28673,14.000384,-2.286345669250487,0.09779709999999997,0.10115492,0.0033578234390259087
15837,0.30282600000000004,0.21473204,-0.08809396400547032,20.338320000000003,15.38355,-4.954770309753421,16.88673,14.000384,-2.8863456692504883,0.09779709999999997,0.10115492,0.0033578234390259087
15843,0.21282599999999996,0.21473204,0.0019060359945297645,13.63832,15.38355,1.7452296902465818,14.18673,14.000384,-0.186345669250489,0.1477970999999999,0.10115492,-0.046642176560974025
15844,0.262826,0.21473204,-0.04809396400547028,15.13832,15.38355,0.2452296902465818,15.78673,14.000384,-1.7863456692504887,0.17779709999999993,0.10115492,-0.07664217656097405
15845,0.29282600000000003,0.21473204,-0.0780939640054703,18.73832,15.38355,-3.3547703097534196,17.48673,14.000384,-3.4863456692504897,0.23779709999999998,0.10115492,-0.1366421765609741
15846,0.252826,0.21473204,-0.03809396400547027,18.73832,15.38355,-3.3547703097534196,16.48673,14.000384,-2.4863456692504897,0.10779709999999998,0.10115492,-0.0066421765609741
16106,0.0015540000000000553,0.07502057,0.0734665665826797,8.90036,12.048884,3.148524391784669,5.6126000000000005,8.173103,2.5605033325195308,-0.037971599999999994,0.0451554,0.08312699854764938
16107,0.0015540000000000553,0.07502057,0.0734665665826797,11.50036,12.048884,0.5485243917846674,7.6126000000000005,8.173103,0.5605033325195308,-0.037971599999999994,0.0451554,0.08312699854764938
16109,0.03155400000000008,0.07502057,0.04346656658267967,10.600360000000002,12.048884,1.448524391784666,8.632600000000002,8.173103,-0.4594966674804706,0.019028400000000056,0.0451554,0.026126998547649327
16140,-0.007784999999999931,-0.010932555,-0.0031475554221869206,6.738349999999997,8.715665,1.9773148635864288,4.637250000000002,6.336398,1.6991481246948226,0.002264100000000102,0.016236886,0.013972786382102864
16141,-0.007784999999999931,0.025744312,0.0335293115115165,4.788349999999998,9.386926,4.5985756973266625,2.3972499999999997,7.0346613,4.6374112930297855,-0.03773589999999993,0.01854797,0.05628387080159181
16142,0.002215000000000078,0.025744312,0.023529311511516493,5.658349999999999,9.386926,3.7285756973266615,4.2272500000000015,7.0346613,2.8074112930297836,0.002264100000000102,0.01854797,0.01628387080159177
16143,0.002215000000000078,0.025744312,0.023529311511516493,4.77835,9.386926,4.6085756973266605,3.1472499999999997,7.0346613,3.8874112930297855,-0.007735899999999907,0.01854797,0.02628387080159178
16144,0.002215000000000078,0.025744312,0.023529311511516493,4.77835,9.386926,4.6085756973266605,3.1472499999999997,7.0346613,3.8874112930297855,-0.007735899999999907,0.01854797,0.02628387080159178
16145,-0.007784999999999931,0.025744312,0.0335293115115165,4.788349999999998,9.386926,4.5985756973266625,2.327250000000003,7.0346613,4.707411293029782,-0.03773589999999993,0.01854797,0.05628387080159181
16147,0.002215000000000078,0.025744312,0.023529311511516493,5.18835,9.386926,4.19857569732666,3.05725,7.0346613,3.9774112930297854,-0.027735899999999925,0.01854797,0.0462838708015918
16148,-0.007784999999999931,0.025744312,0.0335293115115165,4.798349999999999,9.386926,4.588575697326661,2.3472500000000025,7.0346613,4.687411293029783,-0.03773589999999993,0.01854797,0.05628387080159181
16346,0.012386999999999926,0.03541494,0.023027941608905866,6.505680000000002,9.250314,2.744633758850096,6.805150000000001,7.6818314,0.8766813598632801,0.09145599999999998,0.0374598,-0.05399620184278486
16355,0.022386999999999935,0.097102836,0.07471583577442176,12.505680000000002,13.21336,0.7076798327636702,11.50515,11.18367,-0.32147995605468793,0.14145599999999992,0.0975341,-0.04392190226888648
16356,0.022386999999999935,0.097102836,0.07471583577442176,12.505680000000002,13.21336,0.7076798327636702,11.50515,11.18367,-0.32147995605468793,0.14145599999999992,0.0975341,-0.04392190226888648
16357,0.07238699999999998,0.097102836,0.024715835774421713,12.005680000000002,13.21336,1.2076798327636702,11.50515,11.18367,-0.32147995605468793,0.14145599999999992,0.0975341,-0.04392190226888648
16358,0.3723869999999999,0.097102836,-0.2752841642255782,13.005680000000002,13.21336,0.2076798327636702,15.50515,11.18367,-4.321479956054688,0.19145599999999996,0.0975341,-0.09392190226888653
16360,0.822387,0.097102836,-0.7252841642255783,29.00568,13.21336,-15.79232016723633,20.50515,11.18367,-9.321479956054688,0.44145599999999996,0.0975341,-0.3439219022688865
16382,-0.057784999999999975,0.025013523,0.08279852317631242,6.388349999999999,9.128467,2.7401166061401376,2.9472500000000004,6.994415,4.047164806365966,-0.027735899999999925,0.027385626,0.055121525988244935
16383,-0.06778499999999998,0.025013523,0.09279852317631243,6.218349999999997,9.128467,2.9101166061401393,1.8872500000000016,6.994415,5.107164806365965,-0.05773589999999995,0.027385626,0.08512152598824496
16384,-0.06778499999999998,0.025013523,0.09279852317631243,5.268349999999998,9.128467,3.8601166061401386,0.2872500000000002,6.994415,6.707164806365967,-0.08973589999999998,0.027385626,0.11712152598824499
16399,-0.012589300000000025,0.0033514204,0.015940720396938945,7.345469999999999,7.735417,0.389946889190675,6.052990000000001,7.082251,1.0292610719299304,0.03577780000000008,0.090668604,0.054890803777885355
16400,-0.04258930000000005,0.0033514204,0.04594072039693897,7.205470000000002,7.735417,0.529946889190672,5.93299,7.082251,1.1492610719299314,0.0557778000000001,0.090668604,0.03489080377788534
16401,-0.03258930000000004,0.0033514204,0.03594072039693896,6.725470000000001,7.735417,1.0099468891906724,5.722990000000001,7.082251,1.3592610719299305,0.0557778000000001,0.090668604,0.03489080377788534
16402,-0.08258930000000009,0.0033514204,0.08594072039693901,7.165469999999999,7.735417,0.5699468891906747,5.36299,7.082251,1.7192610719299317,0.0557778000000001,0.090668604,0.03489080377788534
16403,-0.05125869999999999,0.035160657,0.08641935701842307,6.4666999999999994,8.16635,1.6996503646850591,5.704930000000001,7.407362,1.7024319842529287,0.09579910000000003,0.14150114,0.045702043574714635
16487,0.05927900000000008,0.05821674,-0.0010622605540753227,7.8967600000000004,9.712117,1.815357195129394,11.47757,10.783973,-0.6935972598266602,0.26938680000000004,0.15113737,-0.11824943310909275
16540,-0.02723500000000012,0.043906856,0.0711418563282491,7.75046,10.537182,2.7867218542480465,7.6053599999999975,10.949422,3.344061882629397,0.08608870000000002,0.15262227,0.06653356760387419
16541,-0.04823500000000003,0.043906856,0.092141856328249,7.4104600000000005,10.537182,3.1267218542480464,6.675359999999998,10.949422,4.274061882629397,0.0660887,0.15262227,0.0865335676038742
16551,0.022386999999999935,0.036603432,0.014216432148695057,11.65568,11.171479,-0.48420077484130886,8.40515,8.123886,-0.2812638916015633,-0.05854400000000004,0.032670137,0.0912141365411282
16629,0.11544300000000007,0.053961314,-0.06148168573904045,6.32394,7.679134,1.3551938920593258,9.718829999999999,9.160616,-0.5582140789794909,0.14842279999999997,0.13877942,-0.009643383319663967
16630,0.10144300000000006,0.053961314,-0.047481685739040436,6.123940000000001,7.679134,1.5551938920593251,9.018829999999998,9.160616,0.14178592102051013,0.13842279999999996,0.13877942,0.00035661668033604155
16650,0.05253400000000008,0.032180376,-0.02035362364912041,10.846149999999998,10.158172,-0.6879783462524394,11.288349999999998,8.641616,-2.6467341323852516,0.16681619999999997,0.027386995,-0.13942920496757027
16654,0.002215000000000078,0.006523891,0.004308890886455696,7.958349999999999,10.122871,2.164521398925782,6.397250000000001,10.051486,3.654236015319823,0.04226410000000003,0.15161489,0.1093507895025253
16755,-0.0176130000000001,0.025744312,0.04335731151151667,8.805680000000002,9.407578,0.6018984683227515,6.405150000000001,7.2308035,0.8256534896850578,0.03145599999999993,0.034332562,0.002876562237978053
16756,-0.007613000000000092,0.0086082285,0.01622122852700958,11.805680000000002,9.814919,-1.9907605282592797,9.805150000000001,7.5368276,-2.268322435760499,0.09145599999999998,0.036518514,-0.05493748584365843
16761,0.07763999999999993,0.09338965,0.015749652669429848,16.353350000000002,11.655604,-4.6977456375122095,16.680770000000003,13.091322,-3.589448054809573,0.12271939999999992,0.1294305,0.006711102653122025
16762,0.08826400000000001,0.096483774,0.008219774483203879,8.05084,10.762683,2.711842914733886,9.480569999999998,12.275457,2.79488738220215,0.12744659999999997,0.1294305,0.0019839026531219828
16763,0.20370399999999989,0.080653064,-0.12305093604707706,13.32169,10.252859,-3.0688308843994143,14.786100000000001,11.780224,-3.0058761535644543,0.20708840000000006,0.119800076,-0.08728832411136633
16861,-0.057613000000000136,0.025013523,0.08262652317631258,8.575680000000002,9.128467,0.5527866061401348,4.995150000000001,7.2209215,2.2257715164184564,-0.008543999999999996,0.039246537,0.04779053679132461
16893,-0.057613000000000136,0.03541494,0.09302794160890593,7.2156800000000025,9.295737,2.080057266540525,2.895150000000001,7.7279506,4.832800572967528,-0.04854400000000003,0.04197964,0.09052364072227481
17144,0.06851399999999996,0.024950333,-0.04356366706037518,9.263110000000001,8.937345,-0.3257654489135753,9.882830000000002,8.752483,-1.1303466320800801,0.10898579999999991,0.11616243,0.007176626769733518
17145,0.06851399999999996,0.024950333,-0.04356366706037518,9.363110000000002,8.937345,-0.4257654489135767,10.382830000000002,8.752483,-1.6303466320800801,0.13898579999999994,0.11616243,-0.022823373230266508
17146,0.10851399999999989,0.024950333,-0.0835636670603751,10.763110000000001,8.937345,-1.8257654489135753,11.882830000000002,8.752483,-3.13034663208008,0.16898579999999996,0.11616243,-0.052823373230266535
17147,0.13851399999999991,0.024950333,-0.11356366706037513,12.263110000000001,8.937345,-3.3257654489135753,13.582830000000001,8.752483,-4.830346632080079,0.2189857999999999,0.11616243,-0.10282337323026647
17255,0.01638699999999993,0.025013523,0.008626523176312517,8.205680000000001,9.128467,0.9227866061401357,7.10515,7.2209215,0.11577151641845695,0.05345599999999995,0.039246537,-0.014209463208675333
17258,-0.0036130000000000884,0.025013523,0.028626523176312535,7.605680000000003,9.128467,1.5227866061401336,5.50515,7.2209215,1.7157715164184566,0.007455999999999907,0.039246537,0.03179053679132471
17259,0.024386999999999937,0.025013523,0.0006265231763125101,18.60568,9.128467,-9.477213393859863,7.805150000000001,7.2209215,-0.5842284835815441,0.06645599999999996,0.039246537,-0.027209463208675344
17716,-0.028828000000000076,-0.01118459,0.017643410062670783,7.57076,8.338632,0.7678716299438477,4.408440000000002,5.260146,0.8517061410522437,-0.03592989999999996,-0.0062167547,0.02971314532881375
17768,0.02883199999999997,0.07350436,0.04467235853004459,13.28245,12.502482,-0.7799675857543953,14.54456,15.746185,1.2016253027343744,0.23287709999999995,0.24866474,0.01578763674774175
17769,0.08244399999999996,0.07457979,-0.007864209765434227,22.99146,15.932523,-7.058937226257324,21.34637,17.649553,-3.696816701049805,0.22879779999999994,0.2447713,0.015973501746368468
17770,0.14180099999999995,0.07457979,-0.06722120976543422,18.17923,15.595743,-2.5834868206787114,20.27234,17.649553,-2.6227867010498045,0.3519151,0.2447713,-0.10714379825363157
17869,0.332387,0.025744312,-0.3066426884884834,13.755680000000002,9.407578,-4.348101531677248,15.38515,7.2308035,-8.15434651031494,0.32545599999999997,0.034332562,-0.291123437762022
17870,0.20238699999999998,0.025744312,-0.1766426884884834,12.74568,9.407578,-3.338101531677246,12.97515,7.2308035,-5.744346510314941,0.16945599999999994,0.034332562,-0.13512343776202196
17871,0.14238699999999993,0.025744312,-0.11664268848848336,9.235680000000002,9.407578,0.1718984683227518,11.70515,7.2308035,-4.474346510314941,0.19045599999999996,0.034332562,-0.15612343776202198
17872,0.06238699999999997,0.025744312,-0.0366426884884834,8.675680000000003,9.407578,0.7318984683227505,7.09515,7.2308035,0.1356534896850583,-0.009543999999999997,0.034332562,0.04387656223797798
17873,0.04238699999999995,0.025744312,-0.01664268848848338,8.705680000000001,9.407578,0.7018984683227529,6.555150000000001,7.2308035,0.6756534896850575,-0.009543999999999997,0.034332562,0.04387656223797798
17874,0.05238699999999996,0.025744312,-0.02664268848848339,8.095680000000002,9.407578,1.3118984683227524,6.305150000000001,7.2308035,0.9256534896850575,-0.009543999999999997,0.034332562,0.04387656223797798
17875,-0.057613000000000136,0.025744312,0.08335731151151671,6.675680000000003,9.407578,2.7318984683227505,3.355150000000002,7.2308035,3.8756534896850567,-0.05054400000000003,0.034332562,0.08487656223797801
17886,0.08238699999999999,0.025744312,-0.05664268848848342,6.045680000000001,9.407578,3.361898468322753,8.65515,7.2308035,-1.4243465103149422,0.15445599999999993,0.034332562,-0.12012343776202195
17888,-0.0176130000000001,0.025744312,0.04335731151151667,7.945680000000003,9.407578,1.461898468322751,2.815149999999999,7.2308035,4.415653489685059,-0.05454400000000004,0.034332562,0.08887656223797802
17889,-0.03761300000000012,0.025744312,0.06335731151151669,6.935680000000001,9.407578,2.4718984683227525,1.765150000000002,7.2308035,5.465653489685057,-0.06854400000000005,0.034332562,0.10287656223797803
17890,-0.057613000000000136,-0.006533032,0.05107996818247451,5.83568,8.760884,2.9252042849731446,3.4451500000000017,6.367675,2.922524827575682,0.006455999999999906,0.02782666,0.02137065938138971
18010,-0.1215885000000001,-0.009065492,0.11252300792133818,4.4962800000000005,6.2128434,1.7165634181213374,4.447769999999999,7.0221505,2.5743805165100104,0.2022463,0.17983526,-0.022411040085601797
18012,-0.11025920000000011,-0.019957738,0.09030146200282585,9.80107,7.3986583,-2.4024117243957512,9.688480000000002,7.483361,-2.2051192326355,0.21003019999999994,0.16940913,-0.04062107395668024
18013,-0.07761300000000015,0.039935667,0.11754866706776634,11.005680000000002,9.20493,-1.8007496945190447,6.70515,7.7191463,1.013996251678467,-0.008543999999999996,0.075027205,0.0835712050499916
18064,0.24319900000000005,0.10422432,-0.13897468322420126,9.202200000000001,9.563766,0.3615655258178698,11.37851,8.641424,-2.737085820922852,0.1828033,0.14395843,-0.0388448655374527
18065,0.2174060000000001,0.09757531,-0.11983069310760508,19.635419999999996,13.106888,-6.528532182617184,22.652050000000003,15.879664,-6.77238557891846,0.3120335000000001,0.1985022,-0.11353130213832863
18066,0.011300000000000088,0.055654626,0.04435462633967391,5.734930000000002,8.520894,2.7859640505981424,5.584589999999999,8.868034,3.28344436279297,0.052723500000000034,0.11432575,0.06160224689388272
18068,-0.00869999999999993,0.026241275,0.03494127455055707,6.784930000000003,8.619911,1.8349811938476535,6.51459,8.4391775,1.9245875131225585,0.06272350000000004,0.09777135,0.035047846569061236
18069,0.031300000000000106,0.042709902,0.011409901928901567,7.0949300000000015,8.379584,1.2846543124389633,7.744589999999999,8.91498,1.170389934692384,0.08272350000000006,0.117722526,0.03499902619266504
18113,0.09931900000000005,0.02616483,-0.0731541702690125,13.32357,9.631441,-3.6921288836669923,10.85186,7.939608,-2.9122519029235843,0.014126400000000094,0.039950915,0.0258245146809577
18131,-0.08801000000000014,0.036572017,0.1245820167756082,7.241590000000002,9.720391,2.478801273498533,1.9550800000000024,7.2771707,5.32209065811157,-0.07651640000000004,0.03095416,0.10747055979623799
18133,0.09483520000000001,0.022665994,-0.07216920575816632,4.545310000000001,7.163212,2.617901822509765,4.38747,6.4187274,2.0312573979187007,0.00031400000000003647,0.013934195,0.013620195041656458
18134,0.08993849999999992,0.024199521,-0.06573897883093349,10.15651,8.107694,-2.048816327819825,8.46425,6.5479107,-1.9163393096923826,0.02050989999999997,0.051553115,0.031043215248680145
18136,0.12098799999999998,0.0024085483,-0.118579451741755,8.40156,7.991552,-0.4100081239318847,8.894659999999998,6.8343973,-2.0602626840209943,0.08722530000000006,0.04525394,-0.04197136007337576
18166,0.11662500000000009,0.015669929,-0.10095507113635549,14.891109999999998,8.611577,-6.279532966003416,18.15246,9.096958,-9.05550183959961,0.4045896,0.16738185,-0.23720774713478088
18171,0.013999000000000095,0.041810855,0.027811855269431973,11.477609999999999,10.255673,-1.2219365914916978,10.325389999999999,9.098438,-1.2269517370605456,0.06059910000000002,0.09898269,0.038383591764831526
18172,0.013999000000000095,0.041810855,0.027811855269431973,11.677610000000001,10.255673,-1.4219365914917006,10.92539,9.098438,-1.826951737060547,0.08059909999999992,0.09898269,0.01838359176483162
18173,-0.02600099999999994,0.041810855,0.06781185526943201,10.87761,10.255673,-0.6219365914916999,8.325389999999999,9.098438,0.7730482629394544,0.010599099999999972,0.09898269,0.08838359176483157
18174,0.013999000000000095,0.041810855,0.027811855269431973,11.27761,10.255673,-1.0219365914916985,9.42539,9.098438,-0.32695173706054703,0.03059909999999999,0.09898269,0.06838359176483155
18175,0.17600300000000013,0.053097732,-0.12290526763486875,10.59808,7.0440974,-3.5539825764465327,14.029720000000001,8.472184,-5.557535818786622,0.46269989999999994,0.1249636,-0.3377363035367965
18177,0.10600300000000007,0.053097732,-0.05290526763486869,2.998079999999998,7.0440974,4.046017423553469,6.40972,8.472184,2.062464181213379,0.1526999,0.1249636,-0.02773630353679657
18191,0.07698099999999997,0.034729794,-0.04225120633220669,15.224429999999998,9.497963,-5.726467048339842,12.501209999999999,10.294745,-2.2064645547485338,0.0384814,0.108334795,0.06985339464054108
18233,0.0014879999999999338,0.022911958,0.02142395839643485,9.901820000000004,9.330188,-0.5716322024536176,5.716439999999999,6.911618,1.1951782327270521,-0.05369219999999997,0.01854797,0.07224017080159184
18235,0.03148799999999996,0.022911958,-0.008576041603565177,8.851820000000004,9.330188,0.47836779754638314,5.616439999999999,6.911618,1.2951782327270518,-0.04369219999999996,0.01854797,0.06224017080159183
18358,0.3223218,0.18762346,-0.13469834387950896,16.41386,11.634026,-4.779834426269531,16.14024,12.34904,-3.791199968566893,0.15182680000000004,0.18199676,0.03016996275253292
18360,0.09738699999999989,0.1567163,0.059329302037239184,16.225680000000004,17.937294,1.7116140063476522,13.34515,15.083003,1.7378530441284177,0.08145599999999997,0.20604452,0.12458852490806582
18361,0.332387,0.1567163,-0.1756706979627609,20.60568,17.937294,-2.6683859936523433,18.40515,15.083003,-3.322146955871581,0.32145599999999996,0.20604452,-0.11541147509193417
18364,0.20238699999999998,0.1567163,-0.04567069796276091,19.70568,17.937294,-1.7683859936523447,17.105150000000002,15.083003,-2.022146955871584,0.25145599999999996,0.20604452,-0.04541147509193416
18365,0.19238699999999997,0.1567163,-0.0356706979627609,19.10568,17.937294,-1.1683859936523433,16.50515,15.083003,-1.4221469558715825,0.21145599999999998,0.20604452,-0.005411475091934181
18366,0.20238699999999998,0.1567163,-0.04567069796276091,20.50568,17.937294,-2.5683859936523454,17.30515,15.083003,-2.222146955871583,0.25145599999999996,0.20604452,-0.04541147509193416
18367,0.21238699999999988,0.1567163,-0.05567069796276081,22.20568,17.937294,-4.268385993652345,18.20515,15.083003,-3.1221469558715818,0.281456,0.20604452,-0.07541147509193419
18368,0.18538699999999986,0.1567163,-0.028670697962760783,19.06568,17.937294,-1.1283859936523442,16.52515,15.083003,-1.442146955871582,0.21045599999999998,0.20604452,-0.0044114750919341805
18456,0.31199,0.036572017,-0.2754179832243919,15.421590000000002,9.720391,-5.701198726501467,16.08508,7.2771707,-8.807909341888429,0.24348359999999997,0.03095416,-0.21252944020376202
18457,0.05198999999999998,0.036572017,-0.015417983224391918,10.721590000000003,9.720391,-1.0011987265014675,8.085080000000001,7.2771707,-0.8079093418884291,-0.006516399999999978,0.03095416,0.03747055979623792
18458,0.30199,0.036572017,-0.2654179832243919,20.921590000000002,9.720391,-11.201198726501467,17.98508,7.2771707,-10.707909341888428,0.2534836,0.03095416,-0.22252944020376203
18459,0.13198999999999994,0.036572017,-0.09541798322439188,15.521590000000002,9.720391,-5.801198726501466,12.48508,7.2771707,-5.207909341888428,0.10348360000000001,0.03095416,-0.07252944020376206
18548,-0.04830000000000001,-0.0016274956,0.04667250437121839,9.92342,8.120948,-1.8024721621704103,3.321159999999999,7.471572,4.150411922302247,0.08136260000000006,0.10764819,0.0262855863856315
18591,0.032215000000000105,0.053384427,0.021169426981210604,6.708349999999999,9.716519,3.0081693557739264,4.807250000000002,6.7134414,1.906191371917723,-0.01973590000000003,0.0091700135,0.028905913479888468
18593,-0.007784999999999931,0.053384427,0.06116942698121064,7.038349999999998,9.716519,2.678169355773928,3.707250000000002,6.7134414,3.0061913719177227,-0.049735899999999944,0.0091700135,0.05890591347988838
18897,0.16680000000000006,0.15233125,-0.014468752074241698,11.438210000000002,11.71743,0.2792201147460922,12.883309999999998,12.024935,-0.8583752313232402,0.1945831,0.11216891,-0.08241419188079835
18972,0.045600000000000085,0.028371038,-0.017228962084651078,11.082550000000001,11.14965,0.06709962005615111,12.354080000000002,11.826415,-0.5276649380493179,0.12870480000000006,0.11890744,-0.009797363271522586
18973,0.04060000000000008,0.028371038,-0.012228962084651074,10.062550000000002,11.14965,1.0870996200561507,11.31408,11.826415,0.512335061950683,0.11470479999999994,0.11890744,0.004202636728477538
18974,0.03160000000000007,0.028371038,-0.003228962084651066,9.832550000000001,11.14965,1.317099620056151,10.074080000000002,11.826415,1.7523350619506814,0.07070480000000001,0.11890744,0.048202636728477466
18975,0.035600000000000076,0.028371038,-0.007228962084651069,9.992550000000001,11.14965,1.157099620056151,10.404080000000002,11.826415,1.4223350619506814,0.07770479999999991,0.11890744,0.04120263672847757
19092,0.022386999999999935,0.039935667,0.017548667067766255,13.715680000000003,10.756064,-2.959615585021975,11.305150000000001,10.002317,-1.302832571411134,0.09145599999999998,0.0835527,-0.007903296738624555
19093,-0.06261300000000003,0.039935667,0.10254866706776622,13.445680000000001,10.756064,-2.689615585021974,9.70515,10.002317,0.29716742858886747,0.051455999999999946,0.0835527,0.03209670326137548
19094,-0.04161300000000012,0.039935667,0.08154866706776631,13.305680000000002,10.756064,-2.549615585021975,9.70515,10.002317,0.29716742858886747,0.051455999999999946,0.0835527,0.03209670326137548
19198,0.011009000000000047,0.008337665,-0.002671334650754975,7.177890000000001,7.6980004,0.5201104310607896,7.068549999999998,7.2726192,0.2040692474365251,0.08476320000000004,0.039768014,-0.04499518589682583
19202,-0.003775000000000084,0.041064404,0.044839403951168144,16.696040000000004,11.100341,-5.59569915679932,16.12153,12.223425,-3.8981050885009765,0.1615088,0.13627335,-0.025235445708084114
19244,-0.03878499999999985,0.052137747,0.09092274740695938,7.8783499999999975,8.524422,0.6460716918945337,4.807250000000002,6.7737527,1.9665026893615707,-0.011735900000000021,0.04922509,0.060960988208913824
19291,-0.07923600000000008,0.013659555,0.09289555546498307,2.3797200000000025,6.251609,3.871888848571775,-0.20638999999999896,5.2552724,5.461662388458251,-0.030698899999999973,0.025643844,0.056342744157457325
19342,0.006939600000000046,0.0073518837,0.00041228368707890706,11.826110000000002,10.76209,-1.0640202706909196,12.053180000000001,9.329586,-2.7235939709472667,0.39010999999999996,0.21836752,-0.17174248300552364
19344,-0.11306040000000006,0.0073518837,0.12041228368707901,10.526110000000001,10.76209,0.23597972930908107,7.85318,9.329586,1.4764060290527343,0.12010999999999994,0.21836752,0.09825751699447638
19346,0.021525999999999934,-0.01522632,-0.036752320363581115,13.160549999999999,10.570998,-2.5895518081665028,13.2034,9.026866,-4.17653404083252,0.3717889,0.17058997,-0.20119893143787382
19348,-0.06847400000000015,-0.01522632,0.053247679636418965,10.260549999999999,10.570998,0.3104481918334976,7.7034,9.026866,1.3234659591674802,0.11178889999999997,0.17058997,0.05880106856212619
19349,-0.08847400000000016,-0.01522632,0.07324767963641898,9.56055,10.570998,1.0104481918334969,6.9033999999999995,9.026866,2.123465959167481,0.08178890000000005,0.17058997,0.0888010685621261
19455,-0.04820599999999997,-0.0024521074,0.045753892620786996,15.4158,9.671949,-5.743850613403321,12.249519999999999,9.224637,-3.024882968444823,0.013294299999999981,0.098005,0.08471069677658083
19456,-0.05820599999999998,-0.0024521074,0.055753892620787004,7.6158,9.671949,2.0561493865966796,6.049519999999998,9.224637,3.175117031555178,0.0342943,0.098005,0.06371069677658081
19467,-0.03778499999999996,0.025744312,0.06352931151151653,7.8683499999999995,9.386926,1.5185756973266606,4.847250000000001,7.0346613,2.1874112930297844,-0.007735899999999907,0.01854797,0.02628387080159178
19468,-0.07778499999999999,0.025744312,0.10352931151151656,7.678349999999998,9.386926,1.708575697326662,2.247250000000001,7.0346613,4.787411293029784,-0.08773589999999998,0.01854797,0.10628387080159185
19551,0.00021500000000007624,0.039935667,0.03972066706776611,7.178349999999998,9.20493,2.026580305480959,4.8572500000000005,7.492638,2.6353881111145014,-0.00973590000000002,0.056603666,0.06633956639494898
19552,-0.007784999999999931,0.039935667,0.04772066706776612,7.538349999999998,9.20493,1.6665803054809594,5.207250000000002,7.492638,2.2853881111145,0.002264100000000102,0.056603666,0.05433956639494886
19592,0.10985100000000003,0.03467551,-0.07517549126243595,12.987359999999999,9.804516,-3.182844161376952,16.128130000000002,11.554286,-4.573843996887209,0.1979033,0.12339275,-0.07451054669694901
19594,0.019851000000000063,0.03467551,0.014824508737564024,12.637360000000001,9.804516,-2.832844161376954,13.728130000000002,11.554286,-2.173843996887209,0.14690329999999996,0.12339275,-0.023510546696948964
19595,-0.010148999999999964,0.03467551,0.04482450873756405,11.62736,9.804516,-1.8228441613769526,11.11813,11.554286,0.43615600311279223,0.0799032999999999,0.12339275,0.043489453303051095
19616,-0.008010000000000073,0.040706847,0.04871684686303146,7.221590000000003,9.810911,2.5893211785888646,3.7850800000000007,7.858093,4.073012784881591,-0.05451640000000002,0.021233717,0.07575011697962286
19617,-0.008010000000000073,0.040706847,0.04871684686303146,4.121590000000001,9.810911,5.689321178588866,1.0850800000000014,7.858093,6.77301278488159,-0.06551640000000003,0.021233717,0.08675011697962287
19820,-0.007784999999999931,0.025013523,0.03279852317631238,9.558349999999997,9.128467,-0.4298833938598605,6.507250000000001,6.994415,0.48716480636596593,-0.007735899999999907,0.027385626,0.03512152598824492
19827,0.3305867,0.12942305,-0.201163647927475,16.26598,14.411034,-1.8549463696289052,17.0024,14.822133,-2.180266935729982,0.4321154,0.3365445,-0.0955708862976074
19829,0.04058670000000009,0.12942305,0.08883635207252494,14.465979999999998,14.411034,-0.054946369628904534,14.6024,14.822133,0.21973306427002015,0.3321154,0.3365445,0.004429113702392573
19830,0.26058670000000006,0.12942305,-0.13116364792747504,15.865979999999999,14.411034,-1.454946369628905,16.5024,14.822133,-1.680266935729982,0.4021154,0.3365445,-0.06557088629760743
19831,0.02058670000000007,0.12942305,0.10883635207252496,14.165979999999998,14.411034,0.24505363037109618,14.5024,14.822133,0.3197330642700198,0.3421154,0.3365445,-0.005570886297607436
19832,0.12058670000000005,0.12942305,0.008836352072524978,15.165979999999998,14.411034,-0.7549463696289038,15.1024,14.822133,-0.28026693572997985,0.3221154,0.3365445,0.014429113702392582
19833,0.18244399999999994,0.07457979,-0.1078642097654342,18.99146,15.932523,-3.0589372262573242,20.746370000000002,17.649553,-3.096816701049807,0.2987978,0.2447713,-0.054026498253631594
19834,0.1324439999999999,0.07457979,-0.05786420976543416,19.99146,15.932523,-4.058937226257324,21.14637,17.649553,-3.4968167010498057,0.3187978,0.2447713,-0.07402649825363161
19835,0.02883199999999997,0.07350436,0.04467235853004459,13.28245,12.502482,-0.7799675857543953,14.54456,15.746185,1.2016253027343744,0.23287709999999995,0.24866474,0.01578763674774175
19837,0.12883199999999995,0.07350436,-0.05532764146995539,13.68245,12.502482,-1.1799675857543939,18.74456,15.746185,-2.998374697265625,0.3528771,0.24866474,-0.1042123632522583
19839,0.1324439999999999,0.07457979,-0.05786420976543416,20.891460000000002,15.932523,-4.958937226257326,21.64637,17.649553,-3.9968167010498057,0.3287978,0.2447713,-0.08402649825363157
19841,0.16180099999999997,0.07457979,-0.08722120976543424,19.37923,15.595743,-3.7834868206787107,20.572339999999997,17.649553,-2.9227867010498016,0.3219151,0.2447713,-0.0771437982536316
19843,0.027392000000000083,0.0708536,0.04346159841585151,11.94256,12.34519,0.40263004821777315,13.118670000000002,15.6537,2.535029874877928,0.16386619999999996,0.24673702,0.08287081822757725
19844,0.06739200000000012,0.0708536,0.0034615984158514745,11.742560000000001,12.34519,0.6026300482177724,17.61867,15.6537,-1.964970125122072,0.3838662,0.24673702,-0.13712918177242278
19858,0.03698999999999997,0.045173846,0.0081838461852074,14.081590000000002,9.814284,-4.267305675354006,11.665080000000001,8.172911,-3.4921693096923843,0.0914836,0.047339123,-0.044144477257585524
19861,0.13698999999999995,0.045173846,-0.09181615381479258,14.06159,9.814284,-4.247305675354005,13.27508,8.172911,-5.102169309692384,0.14648359999999994,0.047339123,-0.09914447725758546
19914,0.274602,0.10318093,-0.17142106998157502,12.0003,10.607911,-1.392388890075683,16.577130000000004,13.525749,-3.051380793457035,0.21550750000000007,0.19481055,-0.020696945614814832
19915,0.38466199999999995,0.11134735,-0.2733146525020599,13.29973,13.08196,-0.21777027557373074,18.62511,14.640523,-3.984587043151855,0.21319050000000006,0.20576073,-0.007429767706871093
19916,0.10460199999999997,0.10318093,-0.001421069981574985,11.860299999999999,10.607911,-1.2523888900756823,13.547130000000001,13.525749,-0.021380793457032254,0.16550750000000003,0.19481055,0.029303054385185212
19917,0.05460200000000004,0.10318093,0.04857893001842495,10.770299999999999,10.607911,-0.16238889007568247,12.997130000000002,13.525749,0.5286192065429667,0.19550750000000006,0.19481055,-0.0006969456148148145
19918,0.20460200000000006,0.10318093,-0.10142106998157507,11.9603,10.607911,-1.3523888900756837,16.75713,13.525749,-3.2313807934570313,0.2755075,0.19481055,-0.08069694561481477
19919,0.19460200000000005,0.10318093,-0.09142106998157506,11.8403,10.607911,-1.2323888900756828,17.12713,13.525749,-3.6013807934570323,0.31550750000000005,0.19481055,-0.12069694561481481
19920,0.05460200000000004,0.10318093,0.04857893001842495,8.200299999999999,10.607911,2.407611109924318,10.39713,13.525749,3.128619206542968,0.21950749999999997,0.19481055,-0.024696945614814725
19921,0.039602000000000026,0.10318093,0.06357893001842496,7.970300000000002,10.607911,2.6376111099243147,10.05713,13.525749,3.468619206542968,0.1435075,0.19481055,0.05130305438518523
19928,0.07221500000000014,0.06371887,-0.008496129717826983,8.478349999999999,9.665949,1.1875988677978526,8.51725,8.097136,-0.42011445617675847,0.09126410000000007,0.070522435,-0.020741664990520547
19929,0.022215000000000096,0.06371887,0.04150387028217306,7.27835,9.665949,2.387598867797852,6.957250000000002,8.097136,1.1398855438232403,0.07026410000000005,0.070522435,0.0002583350094794712
20127,6.000000000017103e-05,0.027448185,0.02738818478822691,8.103659999999998,7.99468,-0.10898007217407013,7.350839999999998,8.216571,0.8657308541870137,0.05278970000000005,0.13561507,0.08282536569385524
20129,-0.009939999999999838,0.027448185,0.03738818478822692,7.59366,7.99468,0.4010199278259279,7.890839999999999,8.216571,0.32573085418701275,0.11278969999999999,0.13561507,0.022825365693855293
20131,-0.018939999999999957,0.027448185,0.04638818478822704,7.813659999999999,7.99468,0.18101992782592902,8.20084,8.216571,0.015730854187012255,0.1227897,0.13561507,0.012825365693855284
20132,0.049868000000000134,0.030831087,-0.019036912619352475,11.199940000000002,11.327971,0.12803145843505703,12.994439999999999,11.171284,-1.823156278076171,0.17442990000000003,0.16208851,-0.012341386625671413
20133,0.001060000000000061,0.027448185,0.02638818478822702,8.29366,7.99468,-0.2989800721740714,8.62084,8.216571,-0.4042691458129877,0.1227897,0.13561507,0.012825365693855284
20134,-0.01193999999999984,0.027448185,0.03938818478822692,8.173659999999998,7.99468,-0.17898007217407041,7.640839999999999,8.216571,0.5757308541870128,0.07278970000000007,0.13561507,0.06282536569385522
20137,0.0040600000000000636,0.027448185,0.023388184788227018,8.32366,7.99468,-0.32898007217407255,9.62084,8.216571,-1.4042691458129877,0.16278970000000004,0.13561507,-0.02717463430614475
20347,-0.03920199999999996,0.022899596,0.0621015960205793,7.93967,10.509679,2.5700088406372075,7.769459999999999,9.41391,1.6444499121093763,0.07593260000000002,0.13106303,0.0551304291700363
20348,-0.03920199999999996,0.022899596,0.0621015960205793,7.93967,10.509679,2.5700088406372075,8.06946,9.41391,1.3444499121093756,0.08793260000000003,0.13106303,0.04313042917003629
20371,0.081488,0.02218117,-0.059306829938769345,11.241820000000004,9.071729,-2.170091293640141,15.116439999999999,6.8713717,-8.245068253936767,0.39630780000000004,0.027385626,-0.36892217401175503
20448,0.002215000000000078,0.025013523,0.02279852317631237,8.43835,9.128467,0.6901166061401369,6.907250000000001,6.994415,0.08716480636596557,0.03226410000000002,0.027385626,-0.004878474011755007
20449,-0.03778499999999996,0.025013523,0.0627985231763124,7.638349999999999,9.128467,1.4901166061401376,5.1072500000000005,6.994415,1.8871648063659663,0.0122641,0.027385626,0.01512152598824501
20456,-0.05698500000000006,-0.036625173,0.020359827057123248,5.447780000000002,7.672609,2.224828852386473,3.874769999999998,4.1157527,0.24098269699096875,0.023006299999999924,0.030967169,0.00796086850996025
20459,-0.07121500000000003,-0.036625173,0.03458982705712321,3.3977000000000004,5.411162,2.01346189956665,0.01576999999999984,2.7946274,2.7788574280548097,-0.0007619000000000931,0.027963601,0.02872550105276117
20460,-0.07721500000000003,-0.036625173,0.04058982705712322,2.8176999999999985,5.411162,2.593461899566652,-0.38422999999999874,2.7946274,3.1788574280548083,-0.03076190000000001,0.027963601,0.05872550105276109
20461,-0.039215,-0.036625173,0.002589827057123184,3.457699999999999,5.411162,1.9534618995666513,0.4757700000000007,2.7946274,2.318857428054809,0.004238099999999911,0.027963601,0.023725501052761166
20462,-0.035214999999999996,-0.036625173,-0.0014101729428768195,4.6777000000000015,5.411162,0.7334618995666489,1.0057699999999983,2.7946274,1.7888574280548113,0.03823810000000005,0.027963601,-0.010274498947238975
20464,-0.05321500000000001,-0.036625173,0.016589827057123196,5.447700000000001,5.411162,-0.036538100433350706,3.4957700000000003,2.7946274,-0.7011425719451907,0.01423809999999992,0.027963601,0.013725501052761158
20466,-0.06721500000000002,-0.036625173,0.03058982705712321,4.517700000000001,5.411162,0.893461899566649,2.2457700000000003,2.7946274,0.5488574280548093,-0.0007619000000000931,0.027963601,0.02872550105276117
20467,-0.07121500000000003,-0.036625173,0.03458982705712321,3.3977000000000004,5.411162,2.01346189956665,1.4057700000000004,2.7946274,1.3888574280548092,-0.0007619000000000931,0.027963601,0.02872550105276117
20468,-0.07721500000000003,-0.036625173,0.04058982705712322,2.8176999999999985,5.411162,2.593461899566652,0.11577000000000126,2.7946274,2.6788574280548083,-0.03076190000000001,0.027963601,0.05872550105276109
20469,-0.039215,-0.036625173,0.002589827057123184,3.457699999999999,5.411162,1.9534618995666513,1.9657699999999991,2.7946274,0.8288574280548104,0.004238099999999911,0.027963601,0.023725501052761166
20470,-0.035214999999999996,-0.036625173,-0.0014101729428768195,4.6777000000000015,5.411162,0.7334618995666489,3.6557700000000004,2.7946274,-0.8611425719451908,0.03823810000000005,0.027963601,-0.010274498947238975
20471,-0.01821499999999987,-0.036625173,-0.018410172942876946,5.367699999999999,5.411162,0.04346189956665114,5.17577,2.7946274,-2.3811425719451904,0.07523809999999997,0.027963601,-0.0472744989472389
20473,-0.05321500000000001,-0.036625173,0.016589827057123196,4.357700000000001,5.411162,1.0534618995666492,1.3657700000000013,2.7946274,1.4288574280548083,0.05023809999999995,0.027963601,-0.022274498947238874
20474,-0.058214999999999906,-0.036625173,0.02158982705712309,4.457699999999999,5.411162,0.9534618995666513,2.135769999999999,2.7946274,0.6588574280548105,0.010238099999999917,0.027963601,0.01772550105276116
20475,-0.057215000000000016,-0.036625173,0.0205898270571232,4.9277000000000015,5.411162,0.48346189956664887,1.7157699999999991,2.7946274,1.0788574280548104,0.011238100000000029,0.027963601,0.01672550105276105
20477,-0.0542149999999999,-0.036625173,0.017589827057123086,4.747700000000002,5.411162,0.6634618995666486,1.1457699999999988,2.7946274,1.6488574280548107,-0.0007619000000000931,0.027963601,0.02872550105276117
20478,-0.057215000000000016,-0.036625173,0.0205898270571232,4.637699999999999,5.411162,0.7734618995666516,1.555769999999999,2.7946274,1.2388574280548106,0.01323810000000003,0.027963601,0.014725501052761047
20479,-0.05321500000000001,-0.036625173,0.016589827057123196,4.7377,5.411162,0.6734618995666501,2.1957699999999996,2.7946274,0.59885742805481,0.006238100000000024,0.027963601,0.021725501052761054
20480,-0.058214999999999906,-0.036625173,0.02158982705712309,4.9177,5.411162,0.49346189956665043,1.6957699999999996,2.7946274,1.09885742805481,-0.002761900000000095,0.027963601,0.030725501052761173
20481,-0.057215000000000016,-0.036625173,0.0205898270571232,4.6677,5.411162,0.7434618995666504,1.7957699999999992,2.7946274,0.9988574280548104,0.00023809999999990783,0.027963601,0.02772550105276117
20482,-0.05321500000000001,-0.036625173,0.016589827057123196,4.997700000000002,5.411162,0.4134618995666486,2.41577,2.7946274,0.3788574280548094,0.010238099999999917,0.027963601,0.01772550105276116
20483,-0.05121500000000001,-0.036625173,0.014589827057123195,5.247700000000002,5.411162,0.16346189956664858,2.26577,2.7946274,0.5288574280548097,-0.0037618999999999847,0.027963601,0.03172550105276106
20485,-0.057215000000000016,-0.036625173,0.0205898270571232,5.1777000000000015,5.411162,0.23346189956664887,1.8257700000000003,2.7946274,0.9688574280548092,0.0012381000000000197,0.027963601,0.026725501052761058
20506,-0.00828300000000004,0.032180376,0.04046337635087971,8.960720000000002,9.908264,0.947544160156248,5.5389,7.525159,1.9862588821411133,-0.0449948,0.026992928,0.07198772823672295
20507,0.07171700000000003,0.032180376,-0.03953662364912036,8.960720000000002,9.908264,0.947544160156248,8.0389,7.525159,-0.5137411178588867,0.04500519999999997,0.026992928,-0.01801227176327702
20508,0.0017169999999999686,0.032180376,0.0304633763508797,9.660720000000001,9.908264,0.2475441601562487,6.6389,7.525159,0.8862588821411137,-0.004994799999999966,0.026992928,0.03198772823672291
20511,-0.00828300000000004,0.032180376,0.04046337635087971,8.76072,9.908264,1.1475441601562508,5.4389,7.525159,2.086258882141113,-0.024994799999999984,0.026992928,0.05198772823672293
20512,-0.03828300000000007,0.032180376,0.07046337635087974,8.160720000000001,9.908264,1.7475441601562487,4.738899999999999,7.525159,2.786258882141114,-0.014994799999999975,0.026992928,0.04198772823672292
20513,-0.00828300000000004,0.032180376,0.04046337635087971,10.160720000000001,9.908264,-0.2524558398437513,7.1389,7.525159,0.3862588821411137,0.005005200000000043,0.026992928,0.021987728236722903
20514,-0.01828300000000005,0.032180376,0.05046337635087972,10.460720000000002,9.908264,-0.552455839843752,6.738899999999999,7.525159,0.7862588821411141,-0.014994799999999975,0.026992928,0.04198772823672292
20515,-0.01828300000000005,0.032180376,0.05046337635087972,10.960720000000002,9.908264,-1.052455839843752,7.338899999999999,7.525159,0.1862588821411144,-0.004994799999999966,0.026992928,0.03198772823672291
20516,-0.01828300000000005,0.032180376,0.05046337635087972,9.86072,9.908264,0.047544160156249404,6.6389,7.525159,0.8862588821411137,-0.004994799999999966,0.026992928,0.03198772823672291
20726,-0.09030999999999989,0.006429845,0.09673984500154842,6.975769999999997,8.772504,1.7967338528442411,2.147680000000001,6.8849783,4.7372982943725575,-0.05907969999999996,0.048330534,0.1074102342495441
20730,-0.09030999999999989,0.006429845,0.09673984500154842,8.275769999999998,8.772504,0.49673385284424043,3.1676800000000007,6.8849783,3.717298294372558,-0.06207969999999985,0.048330534,0.11041023424954399
20787,0.07238699999999998,0.025744312,-0.04664268848848341,9.805680000000002,9.407578,-0.3981015316772485,8.70515,7.2308035,-1.4743465103149411,0.04145599999999994,0.034332562,-0.007123437762021956
20797,0.16537299999999988,0.08119012,-0.0841828832964896,15.113229999999998,11.693591,-3.4196388821411112,16.23133,11.706312,-4.52501782043457,0.1098519,0.10613738,-0.003714519996070864
20828,0.06369200000000008,0.13313657,0.06944457045364372,8.862210000000001,10.492704,1.6304943914794912,8.45159,10.644429,2.192839206848145,0.06840489999999999,0.10411538,0.035710481836891184
20830,0.100692,0.13313657,0.032444570453643795,9.362210000000001,10.492704,1.1304943914794912,10.251589999999998,10.644429,0.3928392068481461,0.12840490000000004,0.10411538,-0.02428951816310887
20831,0.3036920000000001,0.13313657,-0.17055542954635627,13.362210000000001,10.492704,-2.869505608520509,14.55159,10.644429,-3.9071607931518546,0.16840489999999997,0.10411538,-0.0642895181631088
20850,0.045135999999999954,0.04803447,0.0028984705283642276,12.838170000000002,12.572792,-0.2653779467773454,14.01048,13.380986,-0.6294937863159173,0.1413118000000001,0.143797,0.0024851952821730583
20870,-0.07888399999999995,0.0035974944,0.08248149444760378,4.708970000000001,8.427313,3.7183428509521477,0.7002500000000005,6.34169,5.641440063476562,-0.06649400000000005,0.03948401,0.10597800914669042
20873,-0.07888399999999995,0.0035974944,0.08248149444760378,5.288969999999999,8.427313,3.1383428509521494,1.2902500000000003,6.34169,5.051440063476562,-0.04849400000000004,0.03948401,0.0879780091466904
20874,-0.07788400000000006,0.0035974944,0.08148149444760389,5.67897,8.427313,2.748342850952149,2.000250000000001,6.34169,4.341440063476561,-0.032494000000000134,0.03948401,0.0719780091466905
20889,0.04969000000000012,0.03108913,-0.018600869210958604,9.67577,9.84077,0.1649997677612305,7.987680000000001,8.205484,0.21780439025878806,0.021920300000000004,0.027660564,0.005740263588142391
20890,-0.050309999999999855,0.03108913,0.08139913078904137,8.555769999999999,9.84077,1.2849997677612315,4.127680000000002,8.205484,4.0778043902587875,-0.058079699999999956,0.027660564,0.08574026358814235
20891,-0.015309999999999935,0.03108913,0.046399130789041454,8.10577,9.84077,1.7349997677612308,5.087680000000001,8.205484,3.1178043902587884,-0.022079699999999924,0.027660564,0.04974026358814232
20910,0.021373000000000086,0.0211772,-0.0001957993994952112,5.603180000000002,7.0284195,1.4252394946289044,6.535700000000002,8.852152,2.316451870727537,0.040985200000000055,0.12558143,0.08459622840862269
20911,0.05137300000000011,0.0211772,-0.030195799399495238,7.18318,7.0284195,-0.15476050537109387,9.6857,8.852152,-0.8335481292724616,0.15098520000000004,0.12558143,-0.0254037715913773
20935,-0.006610000000000005,0.061992195,0.06860219450354577,4.164940000000001,8.716503,4.5515631433105455,4.508869999999998,9.712879,5.204009180908205,0.06232340000000003,0.112283975,0.04996057488594052
21027,0.10821500000000006,0.039935667,-0.06827933293223387,7.068349999999999,9.20493,2.1365803054809582,8.137250000000002,7.492638,-0.6446118888854997,0.07226410000000005,0.056603666,-0.015660433605051094
21029,0.012215000000000087,0.039935667,0.027720667067766103,7.038349999999998,9.20493,2.1665803054809594,4.3472500000000025,7.492638,3.1453881111144995,-0.03773589999999993,0.056603666,0.09433956639494889
21060,-0.0176130000000001,0.036603432,0.05421643214869509,10.325680000000002,11.171479,0.8457992251586894,6.67515,8.123886,1.4487361083984371,-0.021544000000000008,0.032670137,0.054214136541128166
21157,-0.028512000000000093,0.07366862,0.10218062148046503,9.241820000000004,9.671052,0.42923197906493726,5.296439999999999,8.854702,3.5582619958496107,-0.04369219999999996,0.055742387,0.09943458672852512
21167,-0.08869900000000008,-0.00071368244,0.08798531755756223,5.276620000000001,7.733097,2.4564770764160144,2.726200000000002,6.800893,4.074692829895017,0.016723800000000066,0.05846889,0.041745089445066386
21168,-0.06869900000000007,-0.00071368244,0.06798531755756221,8.006620000000002,7.733097,-0.273522923583986,5.966200000000002,6.800893,0.8346928298950171,0.059723799999999994,0.05846889,-0.0012549105549335415
21191,0.0025340000000000362,0.029865772,0.02733177153205868,7.186149999999998,9.972774,2.78662355194092,5.388349999999999,7.4548283,2.0664782623291025,-0.06918380000000002,0.021269629,0.09045342877810003
21192,0.14238699999999993,0.025013523,-0.11737347682368748,11.40568,9.128467,-2.2772133938598635,12.20515,7.2209215,-4.984228483581543,0.15145599999999992,0.039246537,-0.11220946320867531
21193,0.13238699999999992,0.025013523,-0.10737347682368747,10.605680000000003,9.128467,-1.4772133938598664,10.50515,7.2209215,-3.2842284835815434,0.08145599999999997,0.039246537,-0.04220946320867536
21214,0.012386999999999926,0.025013523,0.01262652317631252,6.90568,9.128467,2.2227866061401365,5.95515,7.2209215,1.2657715164184573,0.03145599999999993,0.039246537,0.007790536791324687
21316,-0.06251200000000012,0.022911958,0.08542395839643491,7.111820000000002,9.330188,2.218367797546385,2.8464399999999976,6.911618,4.065178232727053,-0.05669219999999997,0.01854797,0.07524017080159184
21319,-0.07951200000000003,0.022911958,0.10242395839643481,6.821820000000002,9.330188,2.5083677975463843,1.81644,6.911618,5.095178232727051,-0.07869219999999999,0.01854797,0.09724017080159186
21320,-0.07651200000000014,0.022911958,0.09942395839643492,6.261820000000004,9.330188,3.068367797546383,1.686440000000001,6.911618,5.22517823272705,-0.06669219999999998,0.01854797,0.08524017080159185
21321,-0.07251200000000013,0.022911958,0.09542395839643492,6.391820000000003,9.330188,2.938367797546384,1.7564399999999978,6.911618,5.155178232727053,-0.07069219999999998,0.01854797,0.08924017080159186
21322,-0.07651200000000014,0.022911958,0.09942395839643492,7.181820000000002,9.330188,2.148367797546385,2.1264399999999988,6.911618,4.785178232727052,-0.08069219999999999,0.01854797,0.09924017080159186
21345,-0.031843000000000066,-0.026498834,0.005344166328787869,1.7864700000000013,5.86278,4.076310094146727,2.054759999999998,6.0018196,3.947059610595705,0.056093200000000065,0.09850721,0.04241401061229699
21347,-0.09184300000000012,-0.026498834,0.06534416632878792,6.886469999999999,5.86278,-1.0236899058532707,5.48476,6.0018196,0.5170596105957035,0.06809320000000008,0.09850721,0.030414010612296982
21348,-0.0718430000000001,-0.026498834,0.045344166328787905,4.766470000000002,5.86278,1.0963100941467268,4.21476,6.0018196,1.787059610595703,0.07209320000000008,0.09850721,0.02641401061229698
21349,-0.041843000000000075,-0.026498834,0.015344166328787878,2.676470000000002,5.86278,3.1863100941467266,2.6547599999999996,6.0018196,3.3470596105957036,0.05409319999999995,0.09850721,0.044414010612297106
21351,-0.08184300000000011,-0.026498834,0.055344166328787914,6.996470000000002,5.86278,-1.1336899058532737,5.5747599999999995,6.0018196,0.42705961059570363,0.05909319999999996,0.09850721,0.0394140106122971
21396,0.22109299999999998,0.12802914,-0.09306386215019224,18.196640000000002,8.868692,-9.327947601928713,16.14937,7.5788383,-8.57053165161133,0.1900231,0.078991935,-0.11103116534290314
21397,0.217395,0.09880222,-0.11859278364896775,13.36081,8.207997,-5.152812677917481,15.50918,7.80809,-7.701089790039063,0.2641566,0.06417457,-0.1999820298567772
21399,0.2106800000000001,0.16271108,-0.04796891611099252,8.716399999999997,7.3595114,-1.3568886245727505,13.025250000000002,8.191218,-4.834031623840334,0.2683918,0.10489543,-0.1634963721769333
21400,0.21094499999999994,0.16439542,-0.046549578256606994,4.971860000000003,8.417886,3.4460257803344696,9.39506,8.800211,-0.5948490472412118,0.2319057,0.09900933,-0.13289637240953445
21401,0.32094500000000004,0.16439542,-0.1565495782566071,9.451860000000002,8.417886,-1.033974219665529,13.055060000000001,8.800211,-4.254849047241212,0.2919057,0.09900933,-0.19289637240953444
21521,0.05140100000000003,0.081636384,0.0302353841295242,12.44652,8.662192,-3.7843276553344722,9.666570000000002,7.318741,-2.3478291552734394,0.05663830000000003,0.027238676,-0.029399623675513298
21524,0.04061500000000007,0.028610433,-0.012004567479491302,10.528690000000001,8.69344,-1.8352495626831065,7.86889,7.059157,-0.8097331053161625,0.05409549999999996,0.027446171,-0.0266493287311792
21525,-0.019930000000000003,0.036469936,0.05639993637084961,5.722109999999997,7.9195824,2.1974723669433622,3.2874300000000005,5.7826085,2.49517850906372,-0.029368599999999967,0.019645898,0.04901449767158028
21526,0.060975,0.036469936,-0.024505063629150392,7.18599,8.323334,1.1373437402343747,5.810269999999999,6.0574155,0.24714548538208092,0.024944900000000048,0.019645898,-0.005299002328419733
21541,-0.03588900000000006,-0.012017666,0.02387133363777405,10.36213,9.942954,-0.41917593658447316,9.77854,9.102435,-0.6761048880004878,0.09059139999999999,0.08360545,-0.006985946627998341
21542,-0.05588900000000008,-0.012017666,0.04387133363777407,9.68213,9.942954,0.26082406341552655,8.70854,9.102435,0.39389511199951244,0.08059139999999998,0.08360545,0.0030140533720016682
21543,-0.05588900000000008,-0.012017666,0.04387133363777407,8.79213,9.942954,1.1508240634155271,7.498539999999998,9.102435,1.6038951119995133,0.05059139999999995,0.08360545,0.033014053372001695
21544,-0.03588900000000006,-0.012017666,0.02387133363777405,10.11213,9.942954,-0.16917593658447316,9.54854,9.102435,-0.4461048880004874,0.08059139999999998,0.08360545,0.0030140533720016682
21545,-0.06588900000000009,-0.012017666,0.05387133363777408,9.302130000000002,9.942954,0.6408240634155256,7.48854,9.102435,1.6138951119995113,0.040591399999999944,0.08360545,0.043014053372001704
21546,-0.02588900000000005,-0.012017666,0.013871333637774041,9.942130000000002,9.942954,0.0008240634155249893,9.38854,9.102435,-0.28610488800048905,0.07059139999999997,0.08360545,0.013014053372001677
21567,0.19313999999999998,0.0747779,-0.11836209882736204,16.58115,12.867994,-3.7131556915283213,13.638750000000002,9.69294,-3.9458102416992205,0.03882269999999999,0.04508519,0.0062624917266845825
21568,0.043139999999999956,0.0747779,0.03163790117263798,11.931149999999999,12.867994,0.9368443084716809,9.078750000000001,9.69294,0.61418975830078,0.01882269999999997,0.04508519,0.0262624917266846
21570,0.17313999999999996,0.0747779,-0.09836209882736202,15.841149999999999,12.867994,-2.9731556915283193,14.028750000000002,9.69294,-4.335810241699221,0.11882269999999995,0.04508519,-0.07373750827331538
21571,0.26313999999999993,0.0747779,-0.188362098827362,18.531149999999997,12.867994,-5.663155691528317,16.76875,9.69294,-7.0758102416992195,0.21882269999999998,0.04508519,-0.1737375082733154
21572,0.17313999999999996,0.0747779,-0.09836209882736202,17.19115,12.867994,-4.323155691528321,14.888750000000002,9.69294,-5.1958102416992205,0.11882269999999995,0.04508519,-0.07373750827331538
21573,0.07313999999999998,0.0747779,0.0016379011726379566,11.32115,12.867994,1.5468443084716803,9.59875,9.69294,0.09418975830078047,0.0488227,0.04508519,-0.0037375082733154263
21574,0.0031399999999999206,0.0747779,0.07163790117263802,9.96115,12.867994,2.9068443084716797,5.298750000000002,9.69294,4.394189758300779,-0.0711773,0.04508519,0.11626249172668457
21575,0.18313999999999997,0.0747779,-0.10836209882736203,16.37115,12.867994,-3.5031556915283204,14.598750000000003,9.69294,-4.905810241699221,0.13882269999999997,0.04508519,-0.0937375082733154
21576,0.26313999999999993,0.0747779,-0.188362098827362,20.531149999999997,12.867994,-7.663155691528317,17.558750000000003,9.69294,-7.865810241699222,0.2288227,0.04508519,-0.18373750827331542
21579,-0.04211930000000008,0.043765403,0.08588470333032616,1.4563799999999993,7.854648,6.398268113250733,1.4218700000000002,6.428769,5.006899111633301,0.04652119999999993,0.099032685,0.05251148516063697
21581,0.07788069999999991,0.043765403,-0.034115296669673834,6.356379999999998,7.854648,1.4982681132507345,7.85187,6.428769,-1.4231008883666991,0.16652119999999992,0.099032685,-0.06748851483936302
21582,0.13788069999999997,0.043765403,-0.09411529666967389,7.686379999999998,7.854648,0.16826811325073443,9.371870000000001,6.428769,-2.9431008883667005,0.19652119999999995,0.099032685,-0.09748851483936305
21640,0.205488,0.055005398,-0.15048260235238076,14.441820000000003,10.385987,-4.055832718200687,14.91644,9.218855,-5.697585095825195,0.24630780000000002,0.088437155,-0.15787064511089327
21642,0.025487999999999955,0.055005398,0.029517397647619292,13.741820000000002,10.385987,-3.355832718200686,11.716439999999999,9.218855,-2.497585095825194,0.11630780000000007,0.088437155,-0.027870645110893322
21643,-0.007511999999999963,0.055005398,0.06251739764761921,14.641820000000003,10.385987,-4.255832718200686,11.216439999999999,9.218855,-1.997585095825194,0.06630780000000003,0.088437155,0.022129354889106723
21644,-0.010512000000000077,0.055005398,0.06551739764761932,15.541820000000003,10.385987,-5.155832718200687,11.01644,9.218855,-1.7975850958251947,0.0063078000000000856,0.088437155,0.08212935488910666
21645,0.06348799999999999,0.055005398,-0.008482602352380741,17.04182,10.385987,-6.655832718200685,15.31644,9.218855,-6.097585095825195,0.25630780000000003,0.088437155,-0.16787064511089328
21646,0.18948799999999988,0.055005398,-0.13448260235238063,14.641820000000003,10.385987,-4.255832718200686,15.01644,9.218855,-5.797585095825195,0.24630780000000002,0.088437155,-0.15787064511089327
21647,0.210488,0.055005398,-0.15548260235238076,17.441820000000003,10.385987,-7.055832718200687,16.51644,9.218855,-7.297585095825195,0.2963078,0.088437155,-0.20787064511089326
21725,0.1522150000000001,0.025744312,-0.12647068848848353,17.07835,9.386926,-7.69142430267334,13.837250000000001,7.0346613,-6.802588706970216,0.052264100000000036,0.01854797,-0.03371612919840816
21726,0.11221500000000006,0.025744312,-0.0864706884884835,16.278349999999996,9.386926,-6.891424302673336,13.527250000000002,7.0346613,-6.492588706970217,0.09226410000000007,0.01854797,-0.0737161291984082
21727,0.23221500000000006,0.025744312,-0.2064706884884835,15.368349999999998,9.386926,-5.981424302673338,13.617250000000002,7.0346613,-6.582588706970217,0.052264100000000036,0.01854797,-0.03371612919840816
21728,0.08221500000000015,0.025744312,-0.05647068848848358,10.52835,9.386926,-1.1414243026733395,9.587250000000001,7.0346613,-2.552588706970216,0.062264100000000044,0.01854797,-0.04371612919840817
21729,0.012215000000000087,0.025744312,0.013529311511516484,9.518349999999998,9.386926,-0.13142430267333793,6.267250000000001,7.0346613,0.7674112930297845,-0.03773589999999993,0.01854797,0.05628387080159181
21730,0.032215000000000105,0.025744312,-0.006470688488483534,8.68835,9.386926,0.6985756973266604,6.2272500000000015,7.0346613,0.8074112930297836,-0.017735899999999916,0.01854797,0.03628387080159179
21731,0.012215000000000087,0.025744312,0.013529311511516484,8.588349999999998,9.386926,0.7985756973266618,6.007250000000001,7.0346613,1.0274112930297843,-0.007735899999999907,0.01854797,0.02628387080159178
21732,-0.007784999999999931,0.025744312,0.0335293115115165,8.668349999999997,9.386926,0.7185756973266635,5.557250000000002,7.0346613,1.4774112930297836,-0.027735899999999925,0.01854797,0.0462838708015918
21735,0.21221500000000004,0.025744312,-0.18647068848848347,19.81835,9.386926,-10.431424302673339,15.21725,7.0346613,-8.182588706970215,-0.017735899999999916,0.01854797,0.03628387080159179
21736,0.21221500000000004,0.025744312,-0.18647068848848347,19.74835,9.386926,-10.361424302673338,14.547250000000002,7.0346613,-7.512588706970217,-0.09773589999999999,0.01854797,0.11628387080159186
21737,0.08221500000000015,0.025744312,-0.05647068848848358,17.448349999999998,9.386926,-8.061424302673338,12.69725,7.0346613,-5.662588706970215,-0.027735899999999925,0.01854797,0.0462838708015918
21738,0.042215000000000114,0.025744312,-0.016470688488483542,15.108349999999998,9.386926,-5.721424302673338,10.747250000000001,7.0346613,-3.712588706970216,-0.027735899999999925,0.01854797,0.0462838708015918
21739,0.032215000000000105,0.025744312,-0.006470688488483534,11.908349999999999,9.386926,-2.5214243026733385,8.047250000000002,7.0346613,-1.0125887069702166,-0.04773589999999994,0.01854797,0.06628387080159182
21779,-0.07001000000000013,0.036572017,0.10658201677560819,7.657590000000003,9.720391,2.0628012734985326,4.98508,7.2771707,2.2920906581115723,0.023483599999999938,0.03095416,0.007470559796238008
21816,0.1430530000000001,0.083446115,-0.05960688474464426,8.984370000000002,9.731683,0.7473127774047832,10.41232,11.228944,0.816623824768067,0.026765299999999992,0.047876645,0.021111344879579552
22052,0.06238699999999997,0.03541494,-0.026972058391094178,9.935680000000001,9.295737,-0.6399427334594741,8.33515,7.7279506,-0.6071994270324712,0.026455999999999924,0.04197964,0.015523640722274856
22053,-0.0176130000000001,0.03541494,0.05302794160890589,7.635680000000001,9.295737,1.6600572665405267,4.895150000000001,7.7279506,2.8328005729675283,-0.010544000000000109,0.04197964,0.05252364072227489
22070,-0.057784999999999975,0.025013523,0.08279852317631242,4.458349999999999,9.128467,4.670116606140137,0.5772500000000029,6.994415,6.417164806365964,-0.06773589999999996,0.027385626,0.09512152598824497
22071,-0.02778499999999995,0.025013523,0.052798523176312395,4.708349999999999,9.128467,4.420116606140137,1.9072500000000012,6.994415,5.087164806365966,-0.03773589999999993,0.027385626,0.06512152598824494
22072,-0.02778499999999995,0.025013523,0.052798523176312395,5.448349999999998,9.128467,3.680116606140139,2.957250000000002,6.994415,4.037164806365965,-0.017735899999999916,0.027385626,0.045121525988244926
22073,-0.02778499999999995,0.025013523,0.052798523176312395,5.6283499999999975,9.128467,3.500116606140139,2.7672500000000007,6.994415,4.227164806365966,-0.027735899999999925,0.027385626,0.055121525988244935
22074,-0.057784999999999975,0.025013523,0.08279852317631242,4.548349999999999,9.128467,4.5801166061401375,0.7872500000000002,6.994415,6.207164806365967,-0.05773589999999995,0.027385626,0.08512152598824496
22111,0.1093869999999999,0.039935667,-0.06945133293223371,11.185680000000001,9.231134,-1.9545455853271498,9.20515,7.6818314,-1.5233186401367185,0.0014560000000000128,0.03304735,0.031591348260879504
22112,0.09738699999999989,0.039935667,-0.0574513329322337,9.965680000000003,9.231134,-0.734545585327151,7.575150000000001,7.6818314,0.10668135986328053,-0.03854400000000002,0.03304735,0.07159134826087954
22113,0.1123869999999999,0.039935667,-0.07245133293223371,11.705680000000001,9.231134,-2.4745455853271494,9.07515,7.6818314,-1.3933186401367195,-0.03854400000000002,0.03304735,0.07159134826087954
22114,0.11938699999999991,0.039935667,-0.07945133293223372,11.805680000000002,9.231134,-2.574545585327151,9.395150000000001,7.6818314,-1.7133186401367198,-0.028544000000000014,0.03304735,0.06159134826087953
22115,0.13238699999999992,0.039935667,-0.09245133293223373,12.435680000000001,9.231134,-3.20454558532715,10.33515,7.6818314,-2.6533186401367193,0.0014560000000000128,0.03304735,0.031591348260879504
22116,0.025386999999999937,0.039935667,0.014548667067766252,8.435680000000001,9.231134,0.7954544146728502,6.18515,7.6818314,1.496681359863281,-0.008543999999999996,0.03304735,0.04159134826087951
22118,0.09938699999999989,0.039935667,-0.0594513329322337,10.185680000000001,9.231134,-0.9545455853271498,8.17515,7.6818314,-0.4933186401367191,-0.018544000000000005,0.03304735,0.05159134826087952
22120,0.025386999999999937,0.039935667,0.014548667067766252,8.435680000000001,9.231134,0.7954544146728502,6.18515,7.6818314,1.496681359863281,-0.008543999999999996,0.03304735,0.04159134826087951
22121,0.023386999999999936,0.039935667,0.016548667067766254,9.075680000000002,9.231134,0.1554544146728496,6.665150000000001,7.6818314,1.0166813598632807,-0.008543999999999996,0.03304735,0.04159134826087951
22122,0.2423869999999999,0.039935667,-0.20245133293223372,10.90568,9.231134,-1.6745455853271487,7.825150000000001,7.6818314,-0.14331864013671947,-0.028544000000000014,0.03304735,0.06159134826087953
22181,0.07321500000000014,0.025013523,-0.048201476823687694,10.248349999999999,9.128467,-1.1198833938598618,8.467250000000002,6.994415,-1.472835193634035,0.02226410000000001,0.027385626,0.0051215259882450015
22182,0.008215000000000083,0.025013523,0.016798523176312363,8.61835,9.128467,0.5101166061401372,4.647250000000001,6.994415,2.3471648063659654,-0.07773589999999997,0.027385626,0.10512152598824498
22183,0.018215000000000092,0.025013523,0.006798523176312354,8.198349999999998,9.128467,0.9301166061401389,5.2272500000000015,6.994415,1.7671648063659653,-0.03773589999999993,0.027385626,0.06512152598824494
22184,0.033215000000000106,0.025013523,-0.008201476823687659,10.690349999999999,9.128467,-1.561883393859862,7.927250000000001,6.994415,-0.932835193634034,0.002264100000000102,0.027385626,0.025121525988244908
22185,0.0282150000000001,0.025013523,-0.0032014768236876545,9.056349999999998,9.128467,0.07211660614013837,5.517250000000001,6.994415,1.4771648063659661,-0.05773589999999995,0.027385626,0.08512152598824496
22186,0.033215000000000106,0.025013523,-0.008201476823687659,7.241349999999997,9.128467,1.8871166061401397,6.02725,6.994415,0.9671648063659664,0.02226410000000001,0.027385626,0.0051215259882450015
22187,0.06221500000000013,0.025013523,-0.037201476823687685,8.978349999999999,9.128467,0.15011660614013778,8.18725,6.994415,-1.1928351936340338,0.062264100000000044,0.027385626,-0.034878474011755034
22188,0.022215000000000096,0.025013523,0.002798523176312351,7.768349999999998,9.128467,1.3601166061401386,5.157250000000001,6.994415,1.8371648063659656,-0.017735899999999916,0.027385626,0.045121525988244926
22189,0.022215000000000096,0.025013523,0.002798523176312351,7.488349999999997,9.128467,1.6401166061401398,5.187250000000001,6.994415,1.8071648063659662,-0.007735899999999907,0.027385626,0.03512152598824492
22192,0.022213999999999956,0.020962443,-0.0012515567972659625,13.186860000000003,12.286268,-0.9005917657470732,10.55787,10.889379,0.3315085476684576,0.05469860000000004,0.018589558,-0.03610904192016129
22193,0.05221399999999998,0.020962443,-0.03125155679726599,18.686860000000003,12.286268,-6.400591765747073,13.25787,10.889379,-2.3684914523315435,0.014698600000000006,0.018589558,0.0038909580798387466
22331,0.025202000000000058,0.014305378,-0.010896621689617692,7.936509999999998,9.884148,1.9476376440429704,10.0364,11.622479,1.5860794387817378,0.14513739999999997,0.15474111,0.009603708417511014
22332,0.025202000000000058,0.014305378,-0.010896621689617692,7.936509999999998,9.884148,1.9476376440429704,10.0364,11.622479,1.5860794387817378,0.14513739999999997,0.15474111,0.009603708417511014
22333,0.025202000000000058,0.014305378,-0.010896621689617692,7.936509999999998,9.884148,1.9476376440429704,10.0364,11.622479,1.5860794387817378,0.14513739999999997,0.15474111,0.009603708417511014
22418,0.06238699999999997,0.025744312,-0.0366426884884834,7.40568,9.407578,2.0018984683227536,5.905150000000001,7.2308035,1.3256534896850578,-0.008543999999999996,0.034332562,0.04287656223797798
22487,-0.04631699999999994,0.0076575973,0.053974597307115735,5.958660000000002,8.437436,2.478776103820799,9.058400000000002,8.463665,-0.5947349914550806,0.23238349999999997,0.12190933,-0.1104741721949577
22489,-0.08631699999999998,0.0076575973,0.09397459730711577,6.758659999999999,8.437436,1.6787761038208018,9.658400000000002,8.463665,-1.1947349914550802,0.2523835,0.12190933,-0.13047417219495772
22491,-0.016316999999999915,0.0076575973,0.023974597307115708,7.85866,8.437436,0.5787761038208004,10.258400000000002,8.463665,-1.7947349914550799,0.21238350000000006,0.12190933,-0.09047417219495779
22502,0.11451500000000003,0.028945232,-0.0855697681897879,10.678439999999998,8.984277,-1.6941632284545882,14.24813,8.008489,-6.239641344909668,0.314724,0.087209485,-0.22751451452875138
22505,-0.07548500000000002,0.028945232,0.10443023181021216,6.228439999999999,8.984277,2.755836771545411,3.4881300000000017,8.008489,4.52035865509033,-0.015275999999999956,0.087209485,0.10248548547124858
22633,-0.09498000000000006,-0.009073319,0.08590668108642108,6.551690000000001,9.177448,2.6257582727050774,1.5366199999999992,6.232198,4.6955782383728035,-0.06808219999999998,0.03947795,0.10756015182466505
22634,-0.10098000000000007,-0.009073319,0.09190668108642108,7.101690000000001,9.177448,2.0757582727050767,2.6866200000000013,6.232198,3.5455782383728014,-0.03608219999999995,0.03947795,0.07556015182466502
22636,-0.07098000000000004,-0.009073319,0.061906681086421056,8.221690000000002,9.177448,0.9557582727050757,6.39662,6.232198,-0.16442176162719768,0.06991780000000003,0.03947795,-0.03043984817533496
22679,0.06407600000000002,0.051619645,-0.012456354791879676,6.877839999999999,8.686258,1.80841831604004,12.735679999999999,9.755616,-2.980063811950682,0.07218659999999999,0.10482975,0.03264315095510484
22680,-0.00592400000000004,0.051619645,0.057543645208120386,6.277839999999998,8.686258,2.4084183160400414,6.93568,9.755616,2.819936188049317,0.07218659999999999,0.10482975,0.03264315095510484
22681,-0.03592400000000007,0.051619645,0.08754364520812041,3.477839999999997,8.686258,5.208418316040042,5.535679999999999,9.755616,4.219936188049317,0.032186600000000065,0.10482975,0.07264315095510476
23025,0.21315899999999988,0.09866876,-0.11449023844861972,12.027910000000002,12.558915,0.5310051382446268,18.850099999999998,16.1979,-2.652199227905271,0.44534360000000006,0.29499036,-0.15035323926315314
23026,0.19315899999999997,0.09866876,-0.09449023844861981,12.907910000000005,12.558915,-0.34899486175537575,18.8701,16.1979,-2.672199227905274,0.42534360000000004,0.29499036,-0.13035323926315312
23058,-0.02761300000000011,0.025013523,0.052626523176312556,7.915680000000002,9.128467,1.212786606140135,4.405149999999999,7.2209215,2.815771516418458,-0.04854400000000003,0.039246537,0.08779053679132465
23104,-0.05910499999999996,-0.0020590934,0.057045906556323134,3.57723,6.1284604,2.55123040725708,3.5110600000000005,6.2687263,2.7576663488769526,0.07304710000000003,0.108308755,0.035261654861354796
23105,-0.05910499999999996,-0.0020590934,0.057045906556323134,4.027229999999999,6.1284604,2.1012304072570807,2.87106,6.2687263,3.397666348876953,0.033047099999999996,0.108308755,0.07526165486135483
23106,-0.05910499999999996,-0.0020590934,0.057045906556323134,4.027229999999999,6.1284604,2.1012304072570807,2.87106,6.2687263,3.397666348876953,0.033047099999999996,0.108308755,0.07526165486135483
23107,-0.019104999999999928,-0.0020590934,0.017045906556323098,3.3372300000000017,6.1284604,2.7912304072570784,3.7510600000000025,6.2687263,2.5176663488769506,0.06304710000000002,0.108308755,0.045261654861354805
23108,-0.019104999999999928,-0.0020590934,0.017045906556323098,3.3372300000000017,6.1284604,2.7912304072570784,3.7510600000000025,6.2687263,2.5176663488769506,0.06304710000000002,0.108308755,0.045261654861354805
23109,-0.019104999999999928,-0.0020590934,0.017045906556323098,3.497230000000002,6.1284604,2.6312304072570782,4.831060000000001,6.2687263,1.4376663488769523,0.10304709999999995,0.108308755,0.005261654861354881
23139,0.1023869999999999,0.025233816,-0.07715318364453305,8.485680000000002,9.128467,0.6427866061401346,8.59515,7.219295,-1.3758549751281741,0.061455999999999955,0.039116252,-0.022339747786283448
23302,-0.09956500000000013,0.066648334,0.16621333426475537,7.203769999999999,11.128681,3.9249111828613295,4.556880000000001,9.508718,4.951837536926268,0.051134800000000036,0.084547795,0.03341299535531994
23303,0.014434999999999976,0.066648334,0.05221333426475527,9.373769999999999,11.128681,1.7549111828613295,8.486880000000001,9.508718,1.0218375369262684,0.12113479999999999,0.084547795,-0.03658700464468001
23304,0.23743499999999995,0.066648334,-0.1707866657352447,11.42377,11.128681,-0.2950888171386712,11.326880000000001,9.508718,-1.8181624630737314,0.10213479999999997,0.084547795,-0.017587004644679993
23305,0.26143499999999986,0.066648334,-0.1947866657352446,13.00377,11.128681,-1.8750888171386713,13.37688,9.508718,-3.8681624630737304,0.21513479999999996,0.084547795,-0.13058700464467998
23307,0.1347520000000001,0.07093381,-0.06381818863344202,23.536230000000003,12.346251,-11.189979465942386,20.24323,9.479313,-10.763917103271485,0.20431639999999995,0.14159963,-0.06271677465095515
23338,0.05221500000000012,0.039935667,-0.012279332932233933,7.138349999999999,9.20493,2.066580305480958,6.1072500000000005,7.492638,1.3853881111145014,0.0122641,0.056603666,0.04433956639494896
23340,0.25337699999999996,0.20202275,-0.05135425379467007,7.034000000000001,7.4225554,0.38855544662475516,9.8681,9.311845,-0.5562551742553712,0.2667578,0.24142826,-0.025329543965148915
23341,0.1883769999999999,0.20202275,0.01364574620532999,4.033999999999999,7.4225554,3.388555446624757,7.568099999999999,9.311845,1.7437448257446295,0.17675779999999996,0.24142826,0.06467045603485111
23342,0.19437700000000002,0.20202275,0.007645746205329873,3.1340000000000003,7.4225554,4.2885554466247555,6.9681,9.311845,2.343744825744629,0.16375779999999995,0.24142826,0.07767045603485112
23343,0.24037699999999995,0.20202275,-0.03835425379467006,2.8339999999999996,7.4225554,4.588555446624756,7.6681,9.311845,1.643744825744629,0.19875779999999998,0.24142826,0.04267045603485109
23355,0.405377,0.20202275,-0.2033542537946701,13.334,7.4225554,-5.911444553375244,13.168099999999999,9.311845,-3.85625517425537,0.3437578,0.24142826,-0.10232954396514893
23356,0.12537699999999996,0.20202275,0.07664574620532993,7.934000000000001,7.4225554,-0.5114445533752452,10.9681,9.311845,-1.6562551742553708,0.3387578,0.24142826,-0.09732954396514892
23357,0.1853769999999999,0.20202275,0.016645746205329992,5.634,7.4225554,1.7885554466247555,10.0681,9.311845,-0.7562551742553705,0.3087578,0.24142826,-0.06732954396514895
23359,0.285377,0.20202275,-0.0833542537946701,10.134,7.4225554,-2.7114445533752445,11.9681,9.311845,-2.656255174255371,0.3387578,0.24142826,-0.09732954396514892
23526,0.12715700000000008,0.071007,-0.05615000158023842,7.41647,7.65059,0.23411994293212857,10.21476,8.218132,-1.9966279809570313,0.16309320000000005,0.13930696,-0.023786237509918262
23646,0.2995052,0.12802252,-0.17148267826576236,9.35202,8.746442,-0.6055781588745113,8.989729999999998,8.465801,-0.5239287609863261,0.06508250000000004,0.09108344,0.02600093720436092
23647,0.2895052,0.12802252,-0.16148267826576235,8.90202,8.746442,-0.15557815887451198,8.369729999999999,8.465801,0.0960712390136731,0.055082500000000034,0.09108344,0.03600093720436093
23679,0.054643,0.032765917,-0.021877082520008084,4.84188,6.5454698,1.7035897608947757,10.898890000000002,8.702915,-2.195974808349611,0.2975966,0.1342572,-0.16333940261993407
23680,0.0025079999999999547,0.01974028,0.017232279763937042,4.282170000000004,6.6755223,2.3933523274230915,4.037049999999999,6.008726,1.9716761199951183,0.005777199999999927,0.034760438,0.028983237905788495
23681,0.035414999999999974,0.04955626,0.014141259065866496,5.395870000000002,6.7213607,1.32549068344116,2.4469600000000007,5.42396,2.9770002088928216,-0.045522300000000016,0.005612545,0.05113484518106581
23682,0.03423899999999991,0.04955626,0.015317259065866562,2.141490000000001,6.7213607,4.579870683441161,-0.847900000000001,5.42396,6.271860208892823,-0.09972800000000004,0.005612545,0.10534054518106584
23685,0.11048000000000002,0.08093523,-0.029544767658710502,13.32834,11.529518,-1.7988218725585945,5.893020000000002,7.1848345,1.2918144802856428,-0.06188970000000005,-0.026835894,0.035053805787873316
24010,-0.10612900000000014,0.01155886,0.11768785960906758,5.761879999999998,7.710724,1.948843876953127,0.8259000000000007,5.621062,4.7951618019104,-0.07200939999999989,0.016878273,0.08888767333807934
24011,-0.08095200000000013,0.013291813,0.09424381343317045,9.71708,9.123065,-0.5940150051879876,5.0513200000000005,6.853461,1.8021407887268062,-0.027748099999999942,0.024665002,0.052413101779794635
24012,-0.08095200000000013,0.013291813,0.09424381343317045,9.22708,9.123065,-0.10401500518798912,3.9613200000000006,6.853461,2.892140788726806,-0.05574809999999997,0.024665002,0.08041310177979466
24013,-0.06095200000000012,0.013291813,0.07424381343317044,9.05708,9.123065,0.06598499481201259,4.441320000000001,6.853461,2.4121407887268056,-0.04474809999999996,0.024665002,0.06941310177979465
24126,0.07238699999999998,0.025013523,-0.04737347682368753,8.38568,9.128467,0.742786606140136,7.70515,7.2209215,-0.4842284835815427,0.04145599999999994,0.039246537,-0.002209463208675322
24127,0.022386999999999935,0.025013523,0.002626523176312512,7.4756800000000005,9.128467,1.6527866061401362,8.40515,7.2209215,-1.1842284835815438,0.1314559999999999,0.039246537,-0.09220946320867529
24128,0.0063869999999999205,0.025013523,0.018626523176312526,6.665680000000002,9.128467,2.462786606140135,6.60515,7.2209215,0.615771516418457,0.08145599999999997,0.039246537,-0.04220946320867536
24129,0.002386999999999917,0.025013523,0.02262652317631253,6.265680000000003,9.128467,2.8627866061401335,5.50515,7.2209215,1.7157715164184566,0.04145599999999994,0.039246537,-0.002209463208675322
24209,-0.07623600000000019,0.031135883,0.10737188318228741,11.673869999999997,8.283024,-3.3908461657714817,8.162320000000001,10.49715,2.334830421142577,0.03040010000000004,0.115198895,0.08479879533519741
24285,0.05906000000000011,0.08717661,0.028116613509654886,8.22617,10.330184,2.1040139828491213,10.707510000000001,12.067617,1.360107416381835,0.13264829999999994,0.20452608,0.07187778168125158
24368,0.03420500000000004,0.037210923,0.0030059226882457324,1.1225800000000028,7.9875073,6.8649273432922335,3.5851100000000002,7.247135,3.6620251623535154,0.11778159999999993,0.12515488,0.007373282669448922
24369,0.021560000000000024,0.021539647,-2.035286784174417e-05,9.41901,10.105057,0.6860467626953124,6.7472400000000015,7.3684473,0.6212073037719712,-0.011720999999999981,-0.0042298813,0.007491118664950114
24370,-0.06844000000000006,0.021539647,0.08997964713215834,10.609010000000001,10.105057,-0.5039532373046889,8.86724,7.3684473,-1.498792696228028,0.06827899999999998,-0.0042298813,-0.07250888133504985
24371,-0.06844000000000006,0.021539647,0.08997964713215834,10.609010000000001,10.105057,-0.5039532373046889,5.417240000000001,7.3684473,1.9512073037719713,-0.04172100000000001,-0.0042298813,0.03749111866495014
24372,-0.09844000000000008,0.021539647,0.11997964713215836,8.70901,10.105057,1.3960467626953132,3.517240000000001,7.3684473,3.8512073037719716,-0.061721000000000026,-0.0042298813,0.05749111866495016
24388,0.2219899999999999,0.036572017,-0.18541798322439185,13.32159,9.720391,-3.6011987265014653,13.585080000000001,7.2771707,-6.307909341888429,0.14348359999999993,0.03095416,-0.11252944020376199
24389,0.15112800000000004,0.11963045,-0.03149755147981648,11.10161,10.816321,-0.285288627014161,13.13899,11.449549,-1.6894412786865232,0.15830339999999998,0.11999837,-0.03830502690877913
24390,0.13112800000000002,0.11963045,-0.011497551479816459,8.30161,10.816321,2.5147113729858397,11.03899,11.449549,0.4105587213134765,0.12830339999999996,0.11999837,-0.0083050269087791
24391,0.24346899999999994,0.117725894,-0.12574310614490503,12.975609999999996,13.622653,0.6470430075073281,8.44803,8.532724,0.0846943804931648,-0.03491660000000002,0.0043483535,0.03926495348278286
24465,-0.05436799999999997,0.05537221,0.10974020835685727,8.184450000000002,10.963618,2.779168278503416,10.25235,11.596485,1.3441351379394533,0.19939050000000003,0.17759816,-0.021792336514472987
24582,-0.057613000000000136,0.025744312,0.08335731151151671,7.33568,9.407578,2.071898468322754,3.3851499999999994,7.2308035,3.845653489685059,-0.040544000000000024,0.034332562,0.074876562237978
24588,-0.057613000000000136,0.025744312,0.08335731151151671,7.33568,9.407578,2.071898468322754,3.3851499999999994,7.2308035,3.845653489685059,-0.040544000000000024,0.034332562,0.074876562237978
24704,-0.0176130000000001,0.026291508,0.04390450822758685,6.605680000000003,9.291214,2.6855339892578094,3.405149999999999,6.310848,2.9056982360839854,-0.03854400000000002,0.0077535366,0.046297536570817255
24705,-0.02761300000000011,0.026291508,0.053904508227586856,7.205680000000001,9.291214,2.0855339892578115,3.2051499999999997,6.310848,3.1056982360839847,-0.06854400000000005,0.0077535366,0.07629753657081728
24706,-0.04761300000000013,0.026291508,0.07390450822758687,7.605680000000003,9.291214,1.6855339892578094,2.905149999999999,6.310848,3.4056982360839854,-0.07854400000000006,0.0077535366,0.08629753657081729
24707,-0.03761300000000012,0.026291508,0.06390450822758686,7.505680000000002,9.291214,1.7855339892578108,4.305150000000001,6.310848,2.0056982360839832,-0.018544000000000005,0.0077535366,0.026297536570817237
24709,-0.04761300000000013,0.026291508,0.07390450822758687,6.205680000000001,9.291214,3.0855339892578115,2.805150000000001,6.310848,3.5056982360839832,-0.028544000000000014,0.0077535366,0.036297536570817246
24710,-0.057613000000000136,0.026291508,0.08390450822758688,6.105680000000003,9.291214,3.1855339892578094,2.605150000000002,6.310848,3.7056982360839825,-0.03854400000000002,0.0077535366,0.046297536570817255
24713,-0.02761300000000011,0.026291508,0.053904508227586856,6.505680000000002,9.291214,2.785533989257811,2.805150000000001,6.310848,3.5056982360839832,-0.05854400000000004,0.0077535366,0.06629753657081727
24714,-0.02761300000000011,0.026291508,0.053904508227586856,6.605680000000003,9.291214,2.6855339892578094,2.605150000000002,6.310848,3.7056982360839825,-0.06854400000000005,0.0077535366,0.07629753657081728
24717,-0.057613000000000136,0.026291508,0.08390450822758688,6.205680000000001,9.291214,3.0855339892578115,1.8051500000000011,6.310848,4.505698236083983,-0.06854400000000005,0.0077535366,0.07629753657081728
24969,-0.03778499999999996,0.025013523,0.0627985231763124,8.588349999999998,9.128467,0.5401166061401383,6.917250000000001,6.994415,0.07716480636596579,0.062264100000000044,0.027385626,-0.034878474011755034
24986,0.0018689999999998985,0.012729405,0.01086040542548905,12.554590000000005,12.00257,-0.5520198477172897,16.652449999999998,11.758913,-4.893536959838865,-0.04840769999999994,-0.035109706,0.013297993776988926
24988,0.0018689999999998985,0.012729405,0.01086040542548905,17.154590000000006,12.00257,-5.152019847717291,16.652449999999998,11.758913,-4.893536959838865,-0.2384077,-0.035109706,0.20329799377698898
24990,0.06186899999999995,0.012729405,-0.049139594574511,16.954590000000003,12.00257,-4.952019847717288,16.652449999999998,11.758913,-4.893536959838865,-0.17840769999999995,-0.035109706,0.14329799377698893
25161,0.12238699999999991,0.03655097,-0.08583603111457816,8.90568,9.442926,0.5372464068603513,9.50515,7.8342757,-1.6708742774963383,0.10145599999999999,0.035930187,-0.06552581348991393
25162,0.12238699999999991,0.03655097,-0.08583603111457816,8.705680000000001,9.442926,0.7372464068603506,8.50515,7.8342757,-0.6708742774963383,0.051455999999999946,0.035930187,-0.015525813489913887
25230,0.1285139999999999,0.121621504,-0.006892495573997404,8.763110000000001,9.680459,0.9173490225219716,10.682830000000001,10.656264,-0.026565694885254842,0.13898579999999994,0.1291362,-0.00984959528045648
25232,0.14851399999999992,0.121621504,-0.02689249557399742,10.083110000000001,9.680459,-0.4026509774780287,11.552830000000002,10.656264,-0.8965656948852558,0.15898579999999995,0.1291362,-0.029849595280456498
25234,0.21851399999999988,0.121621504,-0.09689249557399737,6.833110000000001,9.680459,2.8473490225219713,12.242830000000001,10.656264,-1.5865656948852553,0.2089858,0.1291362,-0.07984959528045654
25291,0.08121500000000015,0.025013523,-0.0562014768236877,7.538349999999998,9.128467,1.590116606140139,7.807250000000002,6.994415,-0.8128351936340348,0.06426410000000005,0.027385626,-0.036878474011755036
25300,-0.02778499999999995,0.051783893,0.07956889325737948,5.338349999999998,8.160647,2.822297392272951,3.1072500000000005,6.827823,3.720573162078857,-0.007735899999999907,0.051068794,0.058804693982267287
25301,0.002215000000000078,0.051783893,0.049568893257379454,4.93835,8.160647,3.2222973922729494,3.6072500000000005,6.827823,3.220573162078857,0.002264100000000102,0.051068794,0.04880469398226728
25340,-0.03940300000000008,0.012382783,0.05178578299570091,7.961499999999997,9.185928,1.2244283447265651,2.869440000000001,6.669201,3.799760897216796,-0.08285969999999998,0.009387269,0.09224696868480442
25341,-0.04665800000000009,0.0141715845,0.060829584509313195,7.937749999999998,9.378233,1.4404829559326195,2.4916199999999975,6.669201,4.177580897216799,-0.08980929999999998,0.00887406,0.09868335965477226
25342,-0.05906300000000009,0.025744312,0.08480731151151666,2.6450500000000012,7.29051,4.6454601776123035,-0.26829000000000036,6.096584,6.3648738432312015,-0.047492700000000054,-0.0036146664,0.04387803359393483
25345,-0.04665800000000009,0.0141715845,0.060829584509313195,8.037749999999999,9.378233,1.3404829559326181,2.8916199999999996,6.669201,3.7775808972167972,-0.07980929999999997,0.00887406,0.08868335965477225
25346,-0.04906300000000008,0.025744312,0.07480731151151665,2.6450500000000012,7.29051,4.6454601776123035,0.03171000000000035,6.096584,6.064873843231201,-0.04049270000000005,-0.0036146664,0.03687803359393482
25673,0.012386999999999926,0.039935667,0.027548667067766264,5.635680000000001,9.231134,3.595454414672851,5.395150000000001,7.6818314,2.2866813598632802,0.051455999999999946,0.03304735,-0.01840865173912043
25675,0.21238699999999988,0.039935667,-0.1724513329322337,6.24568,9.231134,2.9854544146728514,9.26515,7.6818314,-1.583318640136719,0.08145599999999997,0.03304735,-0.048408651739120456
25844,0.04167900000000002,0.04116615,-0.0005128509202003695,7.97982,8.784265,0.80444456451416,6.31747,7.4806643,1.1631942532348631,0.0030944000000000527,0.070526496,0.0674320955759048
25845,0.04167900000000002,0.006398811,-0.03528018899494412,8.11982,9.033806,0.913985847167968,6.617470000000001,6.5127926,-0.10467741271972741,0.01309439999999995,0.026066184,0.012971784043884327
26269,-0.116317,0.011977154,0.12829415383023024,3.4060699999999997,6.790801,3.384731048278809,3.3550499999999985,7.3522553,3.9972053443908706,0.10665259999999999,0.1044273,-0.002225299606418596
26523,-0.06761600000000012,0.0090662185,0.07668221851027024,5.902649999999998,8.972739,3.0700892196655296,5.4033999999999995,7.699717,2.2963170448303227,-0.0815285,0.029361755,0.11089025465583802
26524,-0.028615999999999975,0.0090662185,0.037682218510270094,6.902649999999998,8.972739,2.0700892196655296,7.4033999999999995,7.699717,0.29631704483032273,-0.05852849999999998,0.029361755,0.087890254655838
26633,0.018588999999999967,0.021387191,0.002798191489338908,5.07254,8.619358,3.5468180627441406,5.478440000000001,8.477412,2.998972223815917,0.05888559999999998,0.10974645,0.050860848695659655
26690,0.05171700000000001,0.034813877,-0.016903122804880155,12.760720000000001,10.230076,-2.5306441638183603,11.1389,8.05579,-3.083110052490234,0.10500520000000002,0.022473188,-0.08253201188285353
26691,0.011716999999999977,0.034813877,0.02309687719511988,9.460720000000002,10.230076,0.7693558361816386,7.1389,8.05579,0.916889947509766,0.01500519999999994,0.022473188,0.007467988117146551
26950,0.053247000000000044,0.05383971,0.0005927096097468887,9.938460000000003,9.886781,-0.05167926116943633,8.566270000000001,8.366023,-0.2002469363403332,0.043883899999999976,0.048341412,0.004457512097215677
26951,0.053247000000000044,0.05383971,0.0005927096097468887,8.23846,9.886781,1.6483207388305665,6.906270000000001,8.366023,1.459753063659667,0.01688389999999995,0.048341412,0.0314575120972157
27118,0.05795400000000006,0.06638492,0.008430918987750946,12.4236,12.134204,-0.2893960891723637,11.40202,11.181882,-0.22013809539794948,0.08247870000000002,0.12193008,0.039451377672004684
27119,0.040954000000000046,0.06638492,0.02543091898775096,10.823599999999999,12.134204,1.3106039108276377,9.90202,11.181882,1.2798619046020505,0.0644787,0.12193008,0.0574513776720047
27123,0.03595400000000004,0.06638492,0.030430918987750966,12.823599999999999,12.134204,-0.6893960891723623,11.60202,11.181882,-0.4201380953979488,0.08747870000000002,0.12193008,0.03445137767200468
27124,0.250954,0.06638492,-0.184569081012249,17.0236,12.134204,-4.889396089172362,18.202019999999997,11.181882,-7.020138095397947,0.29947870000000004,0.12193008,-0.17754862232799534
27125,0.18795400000000007,0.06638492,-0.12156908101224906,17.5236,12.134204,-5.389396089172362,16.90202,11.181882,-5.7201380953979495,0.1994787,0.12193008,-0.07754862232799531
27126,0.15595400000000004,0.06638492,-0.08956908101224903,13.823599999999999,12.134204,-1.6893960891723623,14.00202,11.181882,-2.820138095397949,0.12747870000000006,0.12193008,-0.005548622327995356
27416,-0.05053750000000001,0.009147091,0.05968459083735944,9.217019999999998,10.1826105,0.9655905117797872,9.115,10.880196,1.765195617675781,0.19051200000000001,0.18189876,-0.008613242184638992
27419,-0.06053750000000002,0.009147091,0.06968459083735945,12.49702,10.1826105,-2.314409488220214,11.614999999999998,10.880196,-0.7348043823242172,0.25051199999999996,0.18189876,-0.06861324218463893
27464,-0.01746599999999998,0.115407765,0.1328737649116516,10.74615,10.193679,-0.552471144104004,14.488349999999999,11.531797,-2.9565525909423815,-0.029183799999999982,0.03569811,0.06488190837507246
27595,0.1371920000000001,0.08018637,-0.05700563296508798,10.53248,9.027718,-1.5047624096679684,13.36488,10.065261,-3.2996191128540033,0.13369889999999995,0.1346525,0.0009535953842163547
27597,-0.0008079999999999199,0.08018637,0.08099436703491203,10.33248,9.027718,-1.304762409667969,10.16488,10.065261,-0.09961911285400404,0.09369890000000003,0.1346525,0.04095359538421628
27603,-0.03860299999999994,0.022044417,0.060647416517019215,9.542840000000002,12.105543,2.562703136596678,10.793209999999998,12.741402,1.9481916723632828,0.07798479999999997,0.11803194,0.040047141354274784
27634,0.1023869999999999,0.025013523,-0.07737347682368745,9.805680000000002,9.128467,-0.6772133938598657,10.43515,7.2209215,-3.214228483581543,0.12145600000000001,0.039246537,-0.08220946320867539
27743,0.011622000000000021,-0.028402114,-0.0400241142870188,11.533819999999999,7.1111884,-4.422631588287352,9.198,7.558388,-1.639611766815186,0.04237089999999999,0.10177476,0.059403859590625774
27852,0.0040959999999998775,0.07389039,0.0697943880119325,12.546420000000001,14.971607,2.425187208251952,11.007249999999999,14.904102,3.896852325439454,0.03168329999999997,0.13740616,0.10572285546703342
27853,0.1410959999999999,0.07389039,-0.06720561198806752,17.236420000000003,14.971607,-2.2648127917480494,19.60725,14.904102,-4.703147674560547,0.24968329999999994,0.13740616,-0.11227714453296656
27854,0.04809599999999992,0.07389039,0.025794388011932456,14.876420000000003,14.971607,0.09518720825195004,17.06725,14.904102,-2.1631476745605482,0.22668329999999992,0.13740616,-0.08927714453296653
27855,0.03709599999999991,0.07389039,0.036794388011932466,14.986420000000003,14.971607,-0.014812791748049392,13.78725,14.904102,1.116852325439453,0.0636833,0.13740616,0.07372285546703339
27856,0.3960959999999999,0.07389039,-0.3222056119880675,26.06642,14.971607,-11.094812791748048,25.76725,14.904102,-10.863147674560548,0.40668329999999997,0.13740616,-0.2692771445329666
27859,0.0280959999999999,0.07389039,0.045794388011932474,13.296420000000001,14.971607,1.6751872082519519,12.46725,14.904102,2.436852325439453,0.0636833,0.13740616,0.07372285546703339
27972,0.111819,0.07838208,-0.033436917716503145,8.658890000000003,8.6721325,0.013242492065426603,7.493590000000001,9.062814,1.5692237588500966,-0.015581199999999962,0.07308435,0.08866554695005413
27973,0.16181900000000005,0.07838208,-0.08343691771650319,8.258890000000005,8.6721325,0.4132424920654252,9.69359,9.062814,-0.6307762411499027,0.09041880000000002,0.07308435,-0.017334453049945853
27974,0.20181900000000008,0.07838208,-0.12343691771650322,8.558890000000005,8.6721325,0.11324249206542447,10.09359,9.062814,-1.030776241149903,0.07641880000000001,0.07308435,-0.0033344530499458402
27975,0.251819,0.07838208,-0.17343691771650316,8.658890000000003,8.6721325,0.013242492065426603,12.39359,9.062814,-3.330776241149902,0.17541879999999999,0.07308435,-0.10233445304994582
27976,0.15181900000000004,0.07838208,-0.07343691771650318,6.358890000000002,8.6721325,2.3132424920654273,9.493590000000001,9.062814,-0.4307762411499034,0.13941879999999995,0.07308435,-0.06633445304994579
28007,0.07526500000000003,0.056849997,-0.01841500250935557,16.374029999999998,11.678252,-4.695777779846189,16.71821,11.448785,-5.269425171813964,0.1947512,0.12162255,-0.07312865249271394
28169,-0.028890000000000082,0.038039073,0.06692907334804543,9.697580000000002,7.993875,-1.7037049732971212,5.782359999999999,6.861995,1.0796352201843273,-0.02685650000000006,0.041857146,0.06871364572668082
28170,-0.05335040000000002,0.01783414,0.07118453998782637,8.755619999999999,7.040145,-1.7154750796508775,6.8767499999999995,6.1867414,-0.6900086479187006,0.0871132,0.074789785,-0.012323415151309969
28172,-0.036420100000000066,0.016061796,0.05248189587543017,2.4810499999999998,7.1216297,4.640579714965821,3.4665,6.1867414,2.720241352081299,0.12689820000000007,0.072409816,-0.054488383913707805
28252,-0.04693000000000014,-0.05930554,-0.01237554121732698,4.508210000000002,4.815055,0.3068448934936505,3.362689999999997,3.06888,-0.29380991882323926,0.03192879999999987,0.034958277,0.00302947689766897
28253,-0.09692999999999996,-0.05930554,0.03762445878267284,3.1882100000000015,4.815055,1.6268448934936508,0.5226899999999972,3.06888,2.5461900811767606,-0.019071200000000066,0.034958277,0.054029476897668904
28255,-0.02693000000000012,-0.05930554,-0.032375541217327,4.778210000000001,4.815055,0.03684489349365094,5.202689999999999,3.06888,-2.133809918823241,0.08392879999999991,0.034958277,-0.048970523102331076
28256,-0.08693000000000017,-0.05930554,0.027624458782673056,3.6182100000000013,4.815055,1.196844893493651,1.1726899999999993,3.06888,1.8961900811767585,-0.005071199999999942,0.034958277,0.04002947689766878
28258,-0.06693000000000016,-0.05930554,0.007624458782673038,4.218210000000003,4.815055,0.5968448934936497,3.072689999999998,3.06888,-0.0038099188232401104,0.037928799999999985,0.034958277,-0.0029705231023311462
28259,-0.07993000000000006,-0.05930554,0.02062445878267294,4.008210000000002,4.815055,0.8068448934936505,2.482689999999998,3.06888,0.5861900811767597,0.028928799999999977,0.034958277,0.006029476897668862
28260,-0.09193000000000007,-0.05930554,0.03262445878267295,3.7182100000000027,4.815055,1.0968448934936497,1.6426899999999982,3.06888,1.4261900811767596,0.013928799999999963,0.034958277,0.021029476897668875
28261,-0.10892999999999997,-0.05930554,0.04962445878267285,3.6182100000000013,4.815055,1.196844893493651,1.3326899999999995,3.06888,1.7361900811767583,0.016928799999999855,0.034958277,0.018029476897668983
28262,-0.09193000000000007,-0.05930554,0.03262445878267295,4.5582100000000025,4.815055,0.2568448934936498,3.47269,3.06888,-0.40380991882324224,0.05892879999999989,0.034958277,-0.023970523102331054
28263,-0.09193000000000007,-0.05930554,0.03262445878267295,3.7182100000000027,4.815055,1.0968448934936497,1.8926899999999982,3.06888,1.1761900811767596,0.023928799999999972,0.034958277,0.011029476897668866
28266,-0.10492999999999997,-0.05930554,0.04562445878267285,3.5382099999999994,4.815055,1.276844893493653,1.5326899999999988,3.06888,1.536190081176759,0.023928799999999972,0.034958277,0.011029476897668866
28267,-0.07693000000000016,-0.03294854,0.04398146133899705,1.918210000000002,5.024325,3.106114893951414,0.6226899999999986,3.382429,2.759738884506227,0.02092879999999997,0.03911924,0.018190439896535904
28328,-0.07443330000000004,0.010983242,0.08541654172198776,9.54541,7.576223,-1.9691871034240727,7.7227000000000015,7.1907096,-0.5319904090881362,0.0760615,0.09923187,0.02317036898231506
28366,0.05219799999999997,0.017287606,-0.03491039362657067,12.465019999999999,9.223225,-3.241795360107421,14.2075,8.345146,-5.862353820800781,0.2562481,0.122971125,-0.1332769750529289
28371,-0.007802000000000087,0.017287606,0.025089606373429385,7.665019999999998,9.223225,1.5582046398925797,6.307499999999997,8.345146,2.0376461791992213,0.026248099999999996,0.122971125,0.09672302494707108
28403,0.7285619999999999,0.33866522,-0.38989678283882134,24.387880000000003,11.322077,-13.065803202514651,21.16109,14.594827,-6.566263301696779,0.6103661,0.35553187,-0.2548342286811829
28405,0.47856199999999993,0.33866522,-0.13989678283882134,13.387880000000003,11.322077,-2.065803202514651,20.16109,14.594827,-5.566263301696779,0.6603661,0.35553187,-0.3048342286811828
28406,0.448562,0.33866522,-0.10989678283882143,9.387880000000003,11.322077,1.934196797485349,19.16109,14.594827,-4.566263301696779,0.6103661,0.35553187,-0.2548342286811829
28407,0.328562,0.33866522,0.010103217161178568,7.387880000000003,11.322077,3.934196797485349,13.161090000000002,14.594827,1.4337366983032211,0.2103661,0.35553187,0.14516577131881714
28408,0.15856199999999998,0.33866522,0.1801032171611786,9.387880000000003,11.322077,1.934196797485349,11.161090000000002,14.594827,3.433736698303221,0.11036610000000002,0.35553187,0.24516577131881712
28409,0.15856199999999998,0.33866522,0.1801032171611786,4.587880000000002,11.322077,6.73419679748535,8.36109,14.594827,6.233736698303222,0.10036610000000001,0.35553187,0.2551657713188171
28430,0.386035,0.045947783,-0.3400872173047066,24.1057,13.2046175,-10.901082499694823,19.7985,9.226856,-10.571643768310548,0.43620519999999996,0.112618685,-0.3235865152313232
28432,-0.04996500000000004,0.045947783,0.09591278269529346,25.105700000000002,13.2046175,-11.901082499694827,19.198500000000003,9.226856,-9.97164376831055,0.19620519999999997,0.112618685,-0.08358651523132321
28464,-0.07778499999999999,0.025013523,0.10279852317631244,7.708349999999999,9.128467,1.4201166061401373,3.297250000000002,6.994415,3.697164806365965,-0.04773589999999994,0.027385626,0.07512152598824495
28465,-0.1177849999999998,0.025013523,0.14279852317631225,6.668349999999997,9.128467,2.46011660614014,2.1572500000000012,6.994415,4.837164806365966,-0.027735899999999925,0.027385626,0.055121525988244935
28466,0.06221500000000013,0.025013523,-0.037201476823687685,7.50835,9.128467,1.6201166061401366,5.297250000000002,6.994415,1.697164806365965,-0.04773589999999994,0.027385626,0.07512152598824495
28467,0.12221500000000007,0.025013523,-0.09720147682368763,11.398349999999997,9.128467,-2.2698833938598604,9.127250000000002,6.994415,-2.132835193634035,-0.027735899999999925,0.027385626,0.055121525988244935
28480,-0.02761300000000011,0.025744312,0.05335731151151668,11.215680000000003,9.407578,-1.8081015316772486,8.78515,7.2308035,-1.5543465103149412,0.061455999999999955,0.034332562,-0.027123437762021974
28483,-0.02761300000000011,0.025744312,0.05335731151151668,12.38568,9.407578,-2.978101531677247,9.57515,7.2308035,-2.344346510314942,0.061455999999999955,0.034332562,-0.027123437762021974
28484,-0.02761300000000011,0.025744312,0.05335731151151668,12.705680000000001,9.407578,-3.298101531677247,10.25515,7.2308035,-3.024346510314942,0.09145599999999998,0.034332562,-0.057123437762022
28485,-0.0176130000000001,0.025744312,0.04335731151151667,12.99568,9.407578,-3.588101531677246,10.645150000000001,7.2308035,-3.4143465103149424,0.10145599999999999,0.034332562,-0.06712343776202201
28486,-0.03761300000000012,0.025744312,0.06335731151151669,12.445680000000003,9.407578,-3.038101531677249,10.69515,7.2308035,-3.4643465103149413,0.1314559999999999,0.034332562,-0.09712343776202192
28487,-0.03761300000000012,0.025744312,0.06335731151151669,12.705680000000001,9.407578,-3.298101531677247,11.135150000000001,7.2308035,-3.9043465103149426,0.15145599999999992,0.034332562,-0.11712343776202194
28488,-0.02761300000000011,0.025744312,0.05335731151151668,11.985680000000002,9.407578,-2.578101531677248,10.59515,7.2308035,-3.3643465103149417,0.14145599999999992,0.034332562,-0.10712343776202193
28489,-0.02761300000000011,0.025744312,0.05335731151151668,12.47568,9.407578,-3.0681015316772466,10.76515,7.2308035,-3.5343465103149416,0.1314559999999999,0.034332562,-0.09712343776202192
28491,-0.007613000000000092,0.025744312,0.03335731151151666,13.835680000000002,9.407578,-4.428101531677248,11.555150000000001,7.2308035,-4.3243465103149425,0.12145600000000001,0.034332562,-0.08712343776202203
28580,0.022698000000000107,0.051837325,0.029139325096130264,6.32047,10.609179,4.28870854309082,4.49981,7.588393,3.088583211364746,-0.009882699999999911,0.060666997,0.07054969698567382
28619,0.06166500000000008,0.025013523,-0.036651476823687634,7.000340000000005,9.128467,2.128126606140132,4.7813,6.994415,2.213114806365967,-0.05467719999999998,0.03247921,0.08715641168804167
28804,0.16148799999999996,0.07366862,-0.08781937851953503,13.831820000000002,9.671052,-4.160768020935061,11.32644,8.854702,-2.4717380041503905,-0.013692199999999932,0.055742387,0.0694345867285251
28812,0.09340499999999985,0.026537733,-0.06686726684749111,13.18732,9.016831,-4.170488601989746,16.02722,9.235599,-6.791621435852051,0.39421990000000007,0.13045423,-0.2637656726716996
28943,0.023422000000000054,0.040532928,0.01711092796015734,11.055780000000002,9.556176,-1.499603814392092,7.925729999999998,8.624549,0.6988189120483419,-0.01492529999999992,0.09977118,0.11469647925882331
29091,-0.028960399999999886,0.0054617277,0.03442212773465503,6.796849999999999,7.6693273,0.8724772590637215,6.732919999999998,7.8113885,1.0784684925842303,0.09652229999999995,0.09869773,0.0021754294087410475
29221,0.12604000000000004,0.037233874,-0.08880612579822544,10.966709999999999,10.442801,-0.5239085244750967,14.504560000000001,10.575166,-3.92939425140381,0.16966769999999998,0.09785368,-0.07181401706476209
29224,0.0640400000000001,0.037233874,-0.0268061257982255,10.056709999999999,10.442801,0.3860914755249034,11.014560000000001,10.575166,-0.43939425140380983,0.07966770000000001,0.09785368,0.018185982935237877
29225,0.04604000000000008,0.037233874,-0.008806125798225484,9.88671,10.442801,0.5560914755249016,10.904560000000002,10.575166,-0.3293942514038104,0.08966770000000002,0.09785368,0.008185982935237868
29226,0.03404000000000007,0.037233874,0.003193874201774527,9.576709999999999,10.442801,0.8660914755249038,9.674560000000003,10.575166,0.9006057485961882,0.05966769999999999,0.09785368,0.038185982935237894
29227,0.0040400000000000436,0.037233874,0.033193874201774554,9.38671,10.442801,1.0560914755249016,9.184560000000001,10.575166,1.3906057485961902,0.0696677,0.09785368,0.028185982935237885
29228,-0.016959999999999864,0.037233874,0.05419387420177446,9.08671,10.442801,1.3560914755249023,8.45456,10.575166,2.1206057485961907,0.029667699999999964,0.09785368,0.06818598293523792
29258,0.02986600000000006,0.085018255,0.055152254816532076,4.273130000000002,7.764312,3.4911817904663067,9.69,10.966397,1.2763972854614263,0.29012399999999994,0.31168672,0.021562724424362245
29268,0.04238699999999995,0.06511277,0.022725769603729296,10.105680000000003,9.98653,-0.11914969604492498,10.60515,10.668229,0.06307910308837883,0.16145599999999993,0.11910883,-0.04234716662740701
29271,0.012386999999999926,0.06511277,0.05272576960372932,4.805680000000002,9.98653,5.180850303955076,3.605150000000002,10.668229,7.063079103088377,0.0014560000000000128,0.11910883,0.11765283337259291
29446,-0.10761299999999996,0.03541494,0.14302794160890575,6.005680000000002,9.295737,3.2900572665405257,1.1051500000000019,7.7279506,6.622800572967527,-0.08154400000000006,0.04197964,0.12352364072227484
29447,-0.007613000000000092,0.03541494,0.043027941608905884,6.385680000000001,9.295737,2.9100572665405267,2.925150000000002,7.7279506,4.802800572967527,-0.06354400000000004,0.04197964,0.10552364072227483
29449,0.012386999999999926,0.03541494,0.023027941608905866,11.945680000000003,9.295737,-2.6499427334594756,10.70515,7.7279506,-2.9771994270324704,0.1244559999999999,0.04197964,-0.08247635927772512
29561,0.04552999999999996,0.07156371,0.026033713252544444,7.5567500000000045,9.665966,2.1092160339355424,13.634519999999998,13.904748,0.27022796295166174,0.31762270000000004,0.25646573,-0.06115696694869999
29562,0.03452999999999995,0.07156371,0.03703371325254445,7.276750000000003,9.665966,2.3892160339355435,12.734519999999998,13.904748,1.170227962951662,0.2876227,0.25646573,-0.03115696694869996
29564,0.04852999999999996,0.07156371,0.02303371325254444,8.116750000000003,9.665966,1.5492160339355436,13.43452,13.904748,0.470227962951661,0.2936227,0.25646573,-0.037156966948699965
29657,0.012386999999999926,0.025013523,0.01262652317631252,7.90568,9.128467,1.2227866061401365,4.805150000000001,7.2209215,2.415771516418456,-0.04854400000000003,0.039246537,0.08779053679132465
29870,-0.008323999999999998,0.0153496945,0.02367369452768564,11.631520000000002,8.186317,-3.4452025561523456,8.739959999999998,8.919355,0.1793953924560565,0.031119999999999925,0.079251714,0.04813171405076988
29872,0.07167600000000007,0.0153496945,-0.05632630547231443,13.051520000000004,8.186317,-4.865202556152347,13.899959999999998,8.919355,-4.980604607543944,0.21611999999999998,0.079251714,-0.13686828594923017
30368,0.209387,0.025013523,-0.18437347682368754,25.395680000000002,9.128467,-16.267213393859866,18.66515,7.2209215,-11.444228483581544,0.06345599999999996,0.039246537,-0.02420946320867534
30417,-0.08461300000000005,0.03541494,0.12002794160890584,10.40568,9.295737,-1.109942733459473,6.60515,7.7279506,1.1228005729675292,0.02145599999999992,0.04197964,0.02052364072227486
30418,-0.06061300000000003,0.03541494,0.09602794160890582,10.40568,9.295737,-1.109942733459473,9.805150000000001,7.7279506,-2.077199427032472,0.16145599999999993,0.04197964,-0.11947635927772515
30419,-0.08461300000000005,0.03541494,0.12002794160890584,10.40568,9.295737,-1.109942733459473,6.60515,7.7279506,1.1228005729675292,0.02145599999999992,0.04197964,0.02052364072227486
30420,-0.034613000000000005,0.03541494,0.0700279416089058,10.605680000000003,9.295737,-1.3099427334594758,8.10515,7.7279506,-0.3771994270324708,0.051455999999999946,0.04197964,-0.009476359277725166
30456,-0.08961300000000016,0.025013523,0.11462652317631261,6.685680000000001,9.128467,2.4427866061401353,0.9951499999999989,7.2209215,6.225771516418458,-0.09454399999999996,0.039246537,0.13379053679132458
30725,0.012386999999999926,0.025013523,0.01262652317631252,12.017680000000002,9.128467,-2.8892133938598654,9.28515,7.2209215,-2.0642284835815428,0.04345599999999994,0.039246537,-0.004209463208675324
31082,0.14207599999999998,0.044275388,-0.09780061187839506,9.5613,9.330188,-0.23111220245361253,9.501460000000002,6.9703655,-2.5310944757080094,0.0569056,0.01972846,-0.037177140582180024
31083,0.13207599999999997,0.044275388,-0.08780061187839505,10.8613,9.330188,-1.5311122024536132,10.571460000000002,6.9703655,-3.6010944757080097,0.08290560000000002,0.01972846,-0.06317714058218005
31084,0.12207599999999996,0.044275388,-0.07780061187839504,9.0613,9.330188,0.2688877975463875,8.401460000000002,6.9703655,-1.4310944757080097,0.02290559999999997,0.01972846,-0.0031771405821799936
31085,0.13207599999999997,0.044275388,-0.08780061187839505,10.0613,9.330188,-0.7311122024536125,9.801460000000002,6.9703655,-2.83109447570801,0.0629056,0.01972846,-0.04317714058218003
31087,0.12207599999999996,0.044275388,-0.07780061187839504,8.8613,9.330188,0.46888779754638676,8.001460000000002,6.9703655,-1.0310944757080094,0.007905599999999957,0.01972846,0.01182285941782002
31088,0.05148799999999998,0.022911958,-0.028576041603565194,7.941820000000003,9.330188,1.3883677975463833,7.41644,6.911618,-0.5048217672729489,0.050307800000000125,0.01854797,-0.03175982919840825
31089,0.08425400000000005,0.08299051,-0.0012634877481461082,16.183300000000003,12.271152,-3.9121484573364285,12.77204,8.460479,-4.311561217346192,0.023824899999999927,0.03143453,0.007609628529644086
31090,0.09248000000000012,0.07821205,-0.01426794741630566,9.53737,12.269135,2.731765475158692,9.05409,9.042693,-0.011396861877441822,0.046650699999999934,0.034586385,-0.01206431510753625
31185,-0.08148600000000017,0.024219545,0.10570554460442083,2.843110000000003,8.632261,5.789151276245114,3.002830000000003,8.297713,5.294883279724118,0.03698579999999996,0.10966226,0.07267645713491444
31186,-0.09148600000000018,0.024219545,0.11570554460442084,4.563110000000002,8.632261,4.069151276245115,3.2828300000000006,8.297713,5.0148832797241205,0.05498579999999986,0.10966226,0.054676457134914536
31187,-0.08148600000000017,0.024219545,0.10570554460442083,3.263110000000001,8.632261,5.369151276245116,2.102830000000001,8.297713,6.19488327972412,0.05098579999999997,0.10966226,0.05867645713491443
31188,-0.07148600000000016,0.024219545,0.09570554460442082,5.663110000000003,8.632261,2.969151276245114,4.782830000000001,8.297713,3.5148832797241205,0.06798579999999999,0.10966226,0.04167645713491441
31323,0.132343,0.04139549,-0.09094751087355613,8.12414,9.042456,0.9183156732177729,10.47445,9.171567,-1.3028830368041984,0.12442659999999994,0.11662363,-0.007802967390155735
31324,0.11234299999999997,0.04139549,-0.07094751087355611,8.114140000000003,9.042456,0.9283156732177709,9.844449999999998,9.171567,-0.6728830368041976,0.10442659999999993,0.11662363,0.012197032609844283
31325,0.17143699999999995,0.026972063,-0.1444649371142387,13.098460000000001,9.042456,-4.056004326782228,13.002490000000002,8.893946,-4.108544306030275,0.06453720000000007,0.11662363,0.052086432609844135
31351,0.0019620000000000193,0.008535583,0.006573582572221737,6.847160000000002,7.350418,0.5032580908203101,9.576139999999999,7.917484,-1.6586561933898913,0.22261769999999992,0.11714859,-0.10546910693187705
31355,-0.00803799999999999,0.008535583,0.016573582572221746,6.847160000000002,7.350418,0.5032580908203101,7.576139999999999,7.917484,0.34134380661010866,0.12961769999999995,0.11714859,-0.012469106931877083
31356,0.0019620000000000193,0.008535583,0.006573582572221737,6.847160000000002,7.350418,0.5032580908203101,6.776139999999998,7.917484,1.1413438066101094,0.0776176999999999,0.11714859,0.03953089306812296
31357,-0.048038000000000025,0.008535583,0.05657358257222178,6.7471600000000045,7.350418,0.603258090820308,5.076139999999999,7.917484,2.8413438066101087,0.03161769999999997,0.11714859,0.08553089306812289
31363,0.0019620000000000193,0.008535583,0.006573582572221737,6.447160000000004,7.350418,0.9032580908203087,9.47614,7.917484,-1.5586561933898917,0.22661769999999992,0.11714859,-0.10946910693187706
31364,-0.028038000000000007,0.008535583,0.03657358257222176,5.947160000000004,7.350418,1.4032580908203087,8.176139999999998,7.917484,-0.258656193389891,0.18561769999999989,0.11714859,-0.06846910693187702
31407,0.15521700000000005,0.0375427,-0.11767429923248296,15.765749999999999,10.16569,-5.600059577941893,14.45087,7.6911845,-6.759685479278565,0.11632389999999992,0.05311608,-0.06320782058014862
31408,-0.03884500000000002,0.025013523,0.06385852317631246,9.70569,9.4975605,-0.20812949890136778,5.656550000000001,7.2209215,1.564371516418456,-0.01597470000000001,0.039246537,0.055221236791324624
31425,0.012799000000000005,0.036240257,0.023441257322788234,18.499760000000002,13.413118,-5.086641637573244,14.604320000000001,12.04027,-2.564050148315431,0.09750270000000005,0.110345036,0.012842335791397042
31426,0.04279900000000003,0.036240257,-0.006558742677211793,16.959760000000003,13.413118,-3.546641637573245,17.80432,12.04027,-5.76405014831543,0.3535027,0.110345036,-0.2431576642086029
31635,0.168883,0.063458934,-0.10542406557369233,13.44771,9.31805,-4.129659615478516,12.76669,9.091266,-3.675424321594239,0.054355699999999896,0.1212548,0.06689910175018321
31652,-0.022696999999999967,0.0048697013,0.02756670134079453,11.405810000000002,13.186404,1.7805942282104468,10.283259999999999,12.730177,2.446916925659181,0.08543459999999992,0.12707973,0.041645125265503014
31653,0.01730300000000007,0.0048697013,-0.012433298659205505,17.30581,13.186404,-4.119405771789552,18.78326,12.730177,-6.053083074340819,0.3514346,0.12707973,-0.22435487473449706
31654,-0.042696999999999985,0.0048697013,0.04756670134079455,10.50581,13.186404,2.680594228210449,8.18326,12.730177,4.546916925659179,0.03043459999999998,0.12707973,0.09664512526550295
31655,-0.022696999999999967,0.0048697013,0.02756670134079453,15.605810000000002,13.186404,-2.4194057717895525,14.38326,12.730177,-1.6530830743408202,0.13943459999999996,0.12707973,-0.012354874734497034
31676,-0.06721500000000002,0.030100068,0.09731506807744505,4.783239999999999,9.315012,4.531771978149415,2.6498100000000004,7.1083384,4.458528356018066,0.011713700000000049,0.03355348,0.021839781101989697
31677,-0.057215000000000016,0.030100068,0.08731506807744505,7.273240000000001,9.315012,2.041771978149413,4.9798100000000005,7.1083384,2.128528356018066,0.028713700000000064,0.03355348,0.004839781101989682
31678,-0.01721499999999998,0.030100068,0.04731506807744501,8.483240000000002,9.315012,0.831771978149412,6.0298099999999994,7.1083384,1.078528356018067,0.016713700000000054,0.03355348,0.016839781101989693
32154,0.04276499999999994,0.043906856,0.0011418563282490357,6.50046,10.537182,4.0367218542480465,9.975359999999998,10.949422,0.9740618826293961,0.1760887,0.15262227,-0.02346643239612578
32156,0.09238699999999989,0.025744312,-0.06664268848848331,11.605680000000003,9.407578,-2.198101531677249,9.805150000000001,7.2308035,-2.5743465103149425,0.03045600000000004,0.034332562,0.003876562237977943
32165,0.12253400000000003,0.04979781,-0.07273618938589099,8.26615,9.682341,1.4161906219482425,9.388349999999999,8.891973,-0.49637745819091705,0.035816199999999965,0.058750458,0.022934258061695134
32263,0.06221500000000013,0.025744312,-0.03647068848848356,10.948349999999998,9.386926,-1.5614243026733376,9.797250000000002,7.0346613,-2.7625887069702166,0.07226410000000005,0.01854797,-0.05371612919840818
32940,0.11199999999999999,0.12595774,0.013957742333412182,14.975249999999999,16.460499,1.485248809814454,16.24622,19.447153,3.200933091430663,0.13741589999999992,0.2909648,0.15354891204032906
32948,0.062000000000000055,0.12595774,0.06395774233341212,17.54525,16.460499,-1.0847511901855462,20.58622,19.447153,-1.1390669085693368,0.35141589999999995,0.2909648,-0.06045108795967097
32949,0.132,0.12595774,-0.006042257666587836,19.23525,16.460499,-2.7747511901855475,23.24622,19.447153,-3.799066908569337,0.46541589999999994,0.2909648,-0.17445108795967096
32951,0.252,0.12595774,-0.12604225766658783,22.16525,16.460499,-5.704751190185547,25.24622,19.447153,-5.799066908569337,0.5394159,0.2909648,-0.24845108795967097
32991,0.14381300000000008,0.06433857,-0.07947442767667778,9.119610000000002,9.20493,0.08532030548095548,11.65634,7.492638,-4.163701888885498,0.22019530000000015,0.056603666,-0.1635916336050512
32992,0.12339200000000006,0.06433857,-0.05905342767667776,16.77862,9.20493,-7.573689694519043,10.938329999999999,7.418435,-3.519894903259276,-0.02944000000000002,0.02451055,0.053950549381375335
33273,0.11560000000000004,0.028371038,-0.08722896208465103,11.71255,11.14965,-0.5629003799438479,14.30408,11.826415,-2.477664938049317,0.16170479999999998,0.11890744,-0.042797363271522504
33274,0.0068749999999999645,0.00020571098,-0.0066692890186095255,14.584729999999997,9.486249,-5.098481029968259,12.00308,7.919273,-4.083807100372315,0.004812700000000003,0.041745998,0.03693329796533584
33457,0.32095000000000007,0.0059364727,-0.3150135273233057,25.99737,10.467862,-15.529507870788574,21.9771,11.375187,-10.601913079833984,0.4454893,0.15128385,-0.29420545469455717
33458,-0.03905000000000003,0.0059364727,0.04498647267669442,9.58737,10.467862,0.8804921292114258,10.517100000000001,11.375187,0.8580869201660146,0.16748929999999995,0.15128385,-0.016205454694557142
33459,0.15560000000000007,0.028975172,-0.1266248280316592,26.92255,12.569469,-14.353080548095704,23.18408,13.407388,-9.776692266540529,0.33570479999999997,0.12903596,-0.20666883539180753
33460,0.015600000000000058,0.028975172,0.013375171968340815,12.98255,12.569469,-0.41308054809570294,13.114080000000001,13.407388,0.29330773345947136,0.12570480000000006,0.12903596,0.003331164608192383
33462,0.04682900000000001,0.026972063,-0.01985693711423875,11.92691,9.395273,-2.5316367913818354,12.33834,9.311681,-3.0266592062377935,0.11857720000000005,0.10736689,-0.011210310284805347
33465,0.10321500000000006,0.025744312,-0.07747068848848349,24.668349999999997,9.386926,-15.281424302673337,12.907250000000001,7.0346613,-5.872588706970216,-0.2267359,0.01854797,0.24528387080159186
33466,-0.007784999999999931,0.025744312,0.0335293115115165,7.768349999999998,9.386926,1.618575697326662,-1.672749999999997,7.0346613,8.707411293029782,-0.29073589999999994,0.01854797,0.3092838708015918
33772,-0.087785,0.025013523,0.11279852317631245,6.228349999999999,9.128467,2.9001166061401378,0.8872500000000016,6.994415,6.107164806365965,-0.08773589999999998,0.027385626,0.11512152598824499
33773,-0.1077849999999998,-0.010932555,0.09685244457781295,6.538349999999998,8.715665,2.177314863586428,1.7572500000000026,6.336398,4.579148124694822,-0.04773589999999994,0.016236886,0.06397278638210291
33774,0.1622150000000001,0.025013523,-0.13720147682368766,6.838349999999998,9.128467,2.2901166061401383,8.10725,6.994415,-1.1128351936340337,0.10226410000000008,0.027385626,-0.07487847401175507
33775,0.1622150000000001,0.039935667,-0.12227933293223392,6.638349999999999,9.548246,2.909896383666993,8.50725,8.709647,0.20239717864990148,0.062264100000000044,0.063075565,0.0008114648016929182
33776,0.08221500000000015,0.073704615,-0.008510384764671475,7.738349999999997,8.650583,0.9122332672119171,9.00725,9.329112,0.3218620529174796,0.18226410000000004,0.075162746,-0.1071013539877892
33777,0.042215000000000114,0.039777264,-0.002437736001014823,8.138349999999999,8.615607,0.47725726165771576,10.50725,7.6281734,-2.879076648712159,0.20226410000000006,0.06631489,-0.13594920901927954
33778,0.042215000000000114,0.039777264,-0.002437736001014823,7.93835,8.615607,0.677257261657715,10.00725,7.6281734,-2.379076648712159,0.18226410000000004,0.05819002,-0.12407407833609585
33782,0.05221500000000012,0.006869866,-0.04534513395294559,11.138349999999999,10.122871,-1.0154786010742178,13.50725,9.887865,-3.6193849334716806,0.2822641000000001,0.14941919,-0.1328449115005494
33783,0.022215000000000096,0.006523891,-0.01569110911354432,12.638349999999999,10.122871,-2.515478601074218,14.307250000000002,10.051486,-4.255763984680177,0.2922641,0.16066727,-0.13159682957801822
33784,0.012215000000000087,-0.0052060257,-0.017421025671213952,13.838349999999998,11.412153,-2.4261967559814437,15.00725,11.508714,-3.498536277770997,0.2922641,0.19535582,-0.09690828232440951
33786,-0.07778499999999999,-0.0052060257,0.07257897432878613,11.988349999999997,11.412153,-0.5761967559814423,9.837250000000001,11.508714,1.671463722229003,0.03226410000000002,0.19535582,0.1630917176755905
33787,-0.1077849999999998,-0.0052060257,0.10257897432878593,13.248349999999999,11.412153,-1.8361967559814438,15.92725,11.508714,-4.418536277770997,0.38226410000000005,0.19535582,-0.18690828232440954
33808,0.17521500000000012,0.025013523,-0.15020147682368767,9.108349999999998,9.128467,0.02011660614013877,10.667250000000001,6.994415,-3.672835193634034,0.11226410000000009,0.027385626,-0.08487847401175508
33989,0.002215000000000078,0.039935667,0.03772066706776611,6.838349999999998,9.20493,2.3665803054809587,3.707250000000002,7.492638,3.7853881111145,-0.04773589999999994,0.056603666,0.1043395663949489
33990,0.002215000000000078,0.039935667,0.03772066706776611,6.238349999999997,9.20493,2.96658030548096,3.4072500000000012,7.492638,4.085388111114501,-0.03773589999999993,0.056603666,0.09433956639494889
33991,-0.02778499999999995,0.039935667,0.06772066706776614,6.238349999999997,9.20493,2.96658030548096,2.5072500000000026,7.492638,4.985388111114499,-0.06773589999999996,0.056603666,0.12433956639494892
33992,-0.047784999999999966,0.039935667,0.08772066706776616,6.238349999999997,9.20493,2.96658030548096,1.8072499999999998,7.492638,5.685388111114502,-0.07773589999999997,0.056603666,0.13433956639494893
33993,0.002215000000000078,0.039935667,0.03772066706776611,6.93835,9.20493,2.2665803054809572,3.9072500000000012,7.492638,3.5853881111145007,-0.03773589999999993,0.056603666,0.09433956639494889
33994,-0.007784999999999931,0.039935667,0.04772066706776612,6.038349999999998,9.20493,3.1665803054809594,3.6072500000000005,7.492638,3.8853881111145014,-0.017735899999999916,0.056603666,0.07433956639494887
33996,0.022215000000000096,0.039935667,0.017720667067766094,6.93835,9.20493,2.2665803054809572,5.007250000000001,7.492638,2.485388111114501,-0.007735899999999907,0.056603666,0.06433956639494887
33998,0.032215000000000105,0.039935667,0.007720667067766085,8.038349999999998,9.20493,1.1665803054809594,7.307250000000002,7.492638,0.18538811111450038,0.052264100000000036,0.056603666,0.004339566394948924
33999,0.012215000000000087,0.006869866,-0.005345133952945558,8.398349999999997,9.7697,1.3713500503540068,5.257250000000001,7.5695114,2.312261413574218,-0.04173590000000005,0.036521137,0.07825703676071172
34293,-0.04323600000000005,0.05604789,0.09928389033532148,3.6519399999999997,9.814386,6.162446367797852,4.172889999999999,9.692175,5.519284911499025,0.08703440000000007,0.12521748,0.03818308244762414
34335,-0.011486000000000107,0.024219545,0.03570554460442077,8.833110000000001,8.632261,-0.20084872375488416,7.582830000000001,8.297713,0.7148832797241198,0.045985799999999966,0.10966226,0.06367645713491443
34336,-0.10148600000000019,0.024219545,0.12570554460442085,3.9931100000000015,8.632261,4.639151276245116,1.7828300000000006,8.297713,6.5148832797241205,0.01898579999999994,0.10966226,0.09067645713491446
34337,-0.041486000000000134,0.024219545,0.0657055446044208,1.9431100000000008,8.632261,6.689151276245116,0.9828299999999999,8.297713,7.314883279724121,0.010985799999999935,0.10966226,0.09867645713491446
34338,-0.08148600000000017,0.024219545,0.10570554460442083,4.313110000000002,8.632261,4.319151276245115,1.382830000000002,8.297713,6.914883279724119,-0.03201419999999999,0.10966226,0.1416764571349144
34339,-0.07148600000000016,0.024219545,0.09570554460442082,3.913110000000003,8.632261,4.719151276245114,4.982830000000002,8.297713,3.3148832797241194,0.13898579999999994,0.10966226,-0.02932354286508554
34341,-0.05148600000000014,0.024219545,0.0757055446044208,3.353110000000001,8.632261,5.279151276245116,4.982830000000002,8.297713,3.3148832797241194,0.13898579999999994,0.10966226,-0.02932354286508554
34456,0.06221500000000013,0.025013523,-0.037201476823687685,7.34835,9.128467,1.7801166061401368,8.787250000000002,6.994415,-1.7928351936340352,0.1232641000000001,0.027385626,-0.09587847401175509
34794,-0.01833499999999999,0.025013523,0.04334852317631244,6.240340000000003,9.128467,2.8881266061401334,3.4712999999999994,6.994415,3.5231148063659674,-0.02867720000000007,0.03247921,0.061156411688041756
34797,0.0016650000000000276,0.025013523,0.02334852317631242,6.130340000000004,9.128467,2.998126606140133,4.491300000000001,6.994415,2.503114806365966,0.008322799999999964,0.03247921,0.024156411688041723
35040,0.1522150000000001,0.025013523,-0.12720147682368765,14.098349999999998,9.128467,-4.969883393859861,12.407250000000001,6.994415,-5.412835193634034,0.06426410000000005,0.027385626,-0.036878474011755036
35065,-0.06858900000000001,-0.012968458,0.05562054176473619,6.762549999999997,8.771828,2.009277697753909,3.3993900000000004,6.865706,3.4663159669494625,-0.018535100000000027,0.039097227,0.05763232715616229
35066,-0.06801500000000016,-0.025578072,0.0424369277054073,6.057960000000001,8.376415,2.3184552526855455,4.529999999999999,6.3772125,1.8472125244140631,0.05212749999999999,0.039097227,-0.013030272843837731
35067,-0.04858899999999999,-0.012968458,0.03562054176473617,5.742549999999998,8.771828,3.0292776977539084,2.6493900000000004,6.865706,4.2163159669494625,-0.021535099999999918,0.039097227,0.06063232715616218
35068,-0.053015000000000034,-0.025578072,0.027436927705407177,5.657960000000003,8.376415,2.718455252685544,3.7699999999999996,6.3772125,2.607212524414063,0.032127499999999976,0.039097227,0.0069697271561622864
35157,-0.030088000000000115,0.0062575485,0.03634554846259963,8.51249,11.108533,2.5960429055786136,6.87125,10.181318,3.310068283081055,0.027618799999999943,0.0876318,0.06001299928064352
35158,-0.00730199999999992,0.007245304,0.014547304062962452,4.58023,9.346709,4.766479251403808,3.8485299999999985,7.028728,3.180198008270265,0.045556199999999936,0.032920387,-0.0126358133577823
35159,-0.030088000000000115,0.0062575485,0.03634554846259963,9.152489999999997,11.108533,1.9560429055786166,8.24125,10.181318,1.9400682830810538,0.06761879999999998,0.0876318,0.020012999280643484
35160,-0.00730199999999992,0.007245304,0.014547304062962452,5.000230000000002,9.346709,4.346479251403807,4.3085299999999975,7.028728,2.720198008270266,0.055556199999999945,0.032920387,-0.02263581335778231
35170,0.16198999999999997,0.036572017,-0.1254179832243919,15.621590000000001,9.720391,-5.901198726501466,13.585080000000001,7.2771707,-6.307909341888429,0.0984836,0.03095416,-0.06752944020376206
35173,-0.01519399999999993,0.036469936,0.05166393637084954,6.253820000000001,8.06228,1.8084597012329091,3.0311700000000013,5.8562865,2.825116525726317,-0.06198350000000008,0.02297973,0.08496323074018963
35174,-0.008010000000000073,0.036572017,0.044582016775608135,9.621590000000001,9.720391,0.09880127349853396,4.785080000000001,7.2771707,2.4920906581115716,-0.09451639999999994,0.03095416,0.1254705597962379
35175,0.001068000000000069,0.026015664,0.024947663519501617,6.827349999999999,8.670246,1.842896124267579,3.19792,6.061948,2.864027822570801,-0.08850889999999989,0.009251483,0.09776038278474797
35176,0.021989999999999954,0.036572017,0.014582016775608109,10.721590000000003,9.720391,-1.0011987265014675,6.48508,7.2771707,0.7920906581115723,-0.08351640000000005,0.03095416,0.11447055979623799
35179,0.021230000000000082,0.042065196,0.020835195739269174,12.234470000000002,8.69344,-3.541029562683107,8.585130000000001,7.0981174,-1.4870126484680188,-0.014131900000000086,0.028675495,0.04280739471557149
35180,0.15198999999999996,0.036572017,-0.1154179832243919,15.421590000000002,9.720391,-5.701198726501467,11.98508,7.2771707,-4.707909341888428,-0.025516400000000106,0.03095416,0.05647055979623805
35191,-0.07578499999999999,0.039935667,0.11572066706776618,7.84835,9.231134,1.3827844146728516,4.757250000000001,7.4553237,2.6980736961364737,0.013264100000000001,0.02417729,0.010913190499210357
35192,-0.06378499999999998,0.039935667,0.10372066706776617,7.928349999999998,9.231134,1.3027844146728533,4.787250000000002,7.4553237,2.6680736961364726,0.004264100000000104,0.02417729,0.019913190499210254
35317,0.10342200000000001,0.018411083,-0.08501091685307027,11.505780000000001,9.777536,-1.7282436077880874,9.60573,7.511246,-2.0944837956237787,0.005074700000000099,0.05805874,0.052984038708495995
35343,-0.09761300000000017,0.025013523,0.12262652317631262,6.305680000000002,9.128467,2.8227866061401343,1.905149999999999,7.2209215,5.315771516418458,-0.06054400000000004,0.039246537,0.09979053679132466
35451,0.06456200000000001,0.028031165,-0.036530835219740876,7.5484100000000005,8.81886,1.2704500540161128,8.9207,8.666163,-0.2545365554809571,0.10024309999999992,0.10870725,0.00846414916458138
35452,-0.08243800000000001,0.028031165,0.11046916478025914,7.38841,8.81886,1.430450054016113,5.790700000000001,8.666163,2.875463444519042,0.060243099999999994,0.10870725,0.048464149164581305
35453,0.3325340000000001,0.037755493,-0.2947785069253446,18.74615,11.541943,-7.204207403564453,16.288349999999998,9.022093,-7.2662571807861305,0.09081620000000001,0.06980737,-0.02100882701272966
35465,-0.04866900000000007,-0.03199162,0.01667738038325317,10.021269999999998,8.182841,-1.8384286990356422,8.14544,7.5651836,-0.5802563604736335,0.06786820000000005,0.05750903,-0.01035916885323529
35469,-0.04866900000000007,-0.03199162,0.01667738038325317,10.15127,8.182841,-1.9684286990356448,7.815440000000001,7.5651836,-0.2502563604736334,0.04786820000000003,0.05750903,0.009640831146764728
35473,-0.04866900000000007,-0.03199162,0.01667738038325317,10.161269999999998,8.182841,-1.9784286990356428,7.57544,7.5651836,-0.010256360473633208,0.034868200000000016,0.05750903,0.02264083114676474
35477,-0.04866900000000007,-0.03199162,0.01667738038325317,10.271269999999998,8.182841,-2.088428699035642,7.4854400000000005,7.5651836,0.07974363952636665,0.024868200000000007,0.05750903,0.03264083114676475
35516,0.18238699999999997,0.025013523,-0.15737347682368752,6.56568,9.128467,2.5627866061401363,8.36515,7.2209215,-1.1442284835815428,0.051455999999999946,0.039246537,-0.01220946320867533
35517,-0.008193000000000117,0.025013523,0.03320652317631256,5.365660000000002,8.787317,3.4216572760009747,5.657000000000002,7.2209215,1.5639215164184552,0.08552360000000003,0.04113193,-0.04439167143688205
35664,-0.03761300000000012,0.03541494,0.07302794160890591,7.445680000000003,9.231134,1.7854544146728486,5.17515,7.6818314,2.506681359863281,0.0014560000000000128,0.036623795,0.03516779458546637
35756,0.04238699999999995,0.025013523,-0.017373476823687506,11.505680000000002,9.128467,-2.377213393859865,14.305150000000001,7.2209215,-7.084228483581544,0.32145599999999996,0.039246537,-0.28220946320867535
35758,-0.009633000000000003,-0.0006878429,0.008945157102394852,9.370070000000002,7.777288,-1.5927820399475117,6.40405,6.8398533,0.43580328674316426,0.07408400000000004,0.06525661,-0.00882738948726658
35849,0.002215000000000078,0.03541494,0.033199941608905714,7.25835,9.279522,2.021171942138672,4.017250000000001,7.552931,3.535680831909179,-0.05273589999999995,0.033817284,0.08655318380918497
35858,0.18359000000000003,0.051443715,-0.13214628535151485,15.457450000000001,12.4014225,-3.05602749938965,15.389019999999999,10.350334,-5.03868583251953,0.13918299999999995,0.033368,-0.10581500110197062
35860,0.053590000000000027,0.051443715,-0.002146285351514843,11.557450000000003,12.4014225,0.8439725006103487,8.77902,10.350334,1.5713141674804696,-0.010816999999999966,0.033368,0.04418499889802929
35861,0.07359000000000004,0.051443715,-0.02214628535151486,13.757450000000002,12.4014225,-1.3560274993896506,10.789019999999999,10.350334,-0.4386858325195302,-0.0008170000000000677,0.033368,0.034184998898029395
35862,0.11358999999999997,0.051443715,-0.062146285351514785,14.65745,12.4014225,-2.256027499389649,11.879019999999999,10.350334,-1.52868583251953,0.009182999999999941,0.033368,0.024184998898029386
35863,0.11358999999999997,0.051443715,-0.062146285351514785,15.057450000000003,12.4014225,-2.6560274993896513,11.619019999999999,10.350334,-1.2686858325195303,-0.030816999999999983,0.033368,0.06418499889802931
35905,-0.010262999999999911,0.061718024,0.07198102431344977,6.518529999999998,10.083211,3.564680945129396,3.9046699999999994,6.9123116,3.0076415539550787,-0.02040580000000003,0.043115254,0.06352105449156764
35984,-0.07778499999999999,0.039777264,0.11756226399898528,6.1183499999999995,8.615607,2.4972572616577153,2.12725,7.6281734,5.500923351287842,-0.05773589999999995,0.06631489,0.12405079098072047
36100,0.19340499999999994,0.05418952,-0.13921547818064683,7.68732,9.604884,1.9175641476440433,11.22722,9.676599,-1.5506214511108407,0.16421990000000009,0.13650882,-0.02771107755889901
36300,0.041870000000000074,0.059366416,0.01749641618609421,8.20758,9.119755,0.9121747912597655,6.421039999999998,7.264843,0.843802987060549,0.00414060000000005,0.034211535,0.0300709350067615
36302,0.011870000000000047,0.059366416,0.04749641618609424,7.20758,9.119755,1.9121747912597655,3.621039999999997,7.264843,3.6438029870605497,-0.07585940000000002,0.034211535,0.11007093500676157
36303,0.0018700000000000383,0.059366416,0.057496416186094246,7.20758,9.119755,1.9121747912597655,2.5210399999999993,7.264843,4.743802987060548,-0.11585940000000006,0.034211535,0.1500709350067616
36304,0.06187000000000009,0.059366416,-0.0025035838139058075,7.107580000000002,9.119755,2.0121747912597634,5.321039999999998,7.264843,1.9438029870605487,-0.025859399999999977,0.034211535,0.06007093500676153
36305,0.011870000000000047,0.059366416,0.04749641618609424,7.007580000000001,9.119755,2.112174791259765,3.121039999999997,7.264843,4.14380298706055,-0.09585940000000004,0.034211535,0.1300709350067616
36306,0.11187000000000002,0.059366416,-0.05250358381390574,11.00758,9.119755,-1.8878252087402352,10.621039999999999,7.264843,-3.356197012939452,0.09414060000000002,0.034211535,-0.05992906499323847
36307,0.13187000000000004,0.059366416,-0.07250358381390576,8.807580000000002,9.119755,0.3121747912597641,10.52104,7.264843,-3.2561970129394524,0.14414059999999995,0.034211535,-0.1099290649932384
36308,0.12187000000000003,0.059366416,-0.06250358381390575,8.607580000000002,9.119755,0.5121747912597634,10.52104,7.264843,-3.2561970129394524,0.15414059999999996,0.034211535,-0.11992906499323841
36309,0.10187000000000002,0.059366416,-0.04250358381390573,8.607580000000002,9.119755,0.5121747912597634,8.321039999999998,7.264843,-1.0561970129394513,0.044140599999999974,0.034211535,-0.009929064993238423
36310,0.10187000000000002,0.059366416,-0.04250358381390573,8.40758,9.119755,0.7121747912597662,5.821039999999998,7.264843,1.4438029870605487,-0.08585940000000003,0.034211535,0.12007093500676158
36311,0.0718700000000001,0.059366416,-0.012503583813905816,8.307580000000002,9.119755,0.8121747912597641,7.521039999999999,7.264843,-0.2561970129394524,0.034140599999999965,0.034211535,7.093500676158548e-05
36386,0.226387,0.039935667,-0.18645133293223382,14.405680000000002,9.20493,-5.200749694519045,14.945150000000002,7.7191463,-7.226003748321535,0.21345599999999998,0.075027205,-0.13842879495000837
36387,0.2543869999999999,0.039935667,-0.21445133293223373,8.205680000000001,9.20493,0.9992503054809561,13.875150000000001,7.7191463,-6.156003748321535,0.275456,0.075027205,-0.20042879495000837
36466,0.0914879999999999,0.022911958,-0.06857604160356512,9.141820000000003,9.330188,0.188367797546384,7.31644,6.911618,-0.4048217672729493,-0.013692199999999932,0.01854797,0.032240170801591805
36564,0.12387999999999999,0.01749216,-0.1063878397989273,4.7515399999999985,7.657077,2.9055368356323257,7.372200000000001,6.713316,-0.658884036254884,0.10025010000000001,0.05009363,-0.050156471533870706
36565,-0.02778499999999995,0.025013523,0.052798523176312395,11.388349999999999,9.128467,-2.2598833938598624,7.587250000000001,6.994415,-0.5928351936340341,-0.007735899999999907,0.027385626,0.03512152598824492
36566,-0.01778499999999994,0.025013523,0.042798523176312386,11.518349999999998,9.128467,-2.3898833938598614,7.987250000000001,6.994415,-0.9928351936340345,0.002264100000000102,0.027385626,0.025121525988244908
36567,-0.02778499999999995,0.025013523,0.052798523176312395,11.568349999999999,9.128467,-2.439883393859862,8.26725,6.994415,-1.2728351936340339,0.02226410000000001,0.027385626,0.0051215259882450015
36568,0.012215000000000087,0.025013523,0.01279852317631236,10.86835,9.128467,-1.7398833938598628,7.887250000000002,6.994415,-0.8928351936340349,0.002264100000000102,0.027385626,0.025121525988244908
36625,0.5223869999999999,0.025744312,-0.49664268848848336,18.50568,9.407578,-9.098101531677248,19.40515,7.2308035,-12.17434651031494,0.48945600000000006,0.034332562,-0.4551234377620221
36626,-0.03761300000000012,0.025744312,0.06335731151151669,8.605680000000003,9.407578,0.8018984683227508,6.405150000000001,7.2308035,0.8256534896850578,0.038455999999999935,0.034332562,-0.004123437762021953
36638,0.12253400000000003,0.12434476,0.0018107586894035022,8.546149999999997,8.849216,0.3030664611816434,9.088349999999998,9.895499,0.807149229431154,0.06081619999999999,0.102251336,0.04143513597850801
36753,-0.04799700000000007,0.012931044,0.060928044213473864,10.812470000000005,9.407433,-1.405037443847661,6.864879999999999,6.8206844,-0.04419556701660099,-0.00011470000000002312,0.019958287,0.02007298747749331
36754,-0.04999700000000007,0.012931044,0.06292804421347387,10.602470000000004,9.407433,-1.19503744384766,5.744879999999998,6.8206844,1.0758044329834,-0.04211469999999995,0.019958287,0.062072987477493236
36755,-0.07199700000000009,0.012931044,0.08492804421347389,8.092470000000002,9.407433,1.3149625561523415,2.3648799999999994,6.8206844,4.455804432983399,-0.08211469999999987,0.019958287,0.10207298747749316
36756,-0.06099699999999997,0.012931044,0.07392804421347376,8.752470000000002,9.407433,0.6549625561523413,3.6548799999999986,6.8206844,3.1658044329834,-0.061114699999999966,0.019958287,0.08107298747749325
36757,-0.058996999999999966,0.012931044,0.07192804421347376,9.432470000000002,9.407433,-0.02503744384765838,3.964880000000001,6.8206844,2.8558044329833976,-0.07211469999999987,0.019958287,0.09207298747749315
37054,-0.059414999999999996,-0.009987864,0.04942713628798723,5.895590000000002,7.0895023,1.1939123345947245,5.151009999999999,6.3043723,1.1533623106384283,0.05871729999999997,0.062458683,0.0037413828052997866
37055,-0.059414999999999996,-0.009987864,0.04942713628798723,6.345590000000001,7.0895023,0.7439123345947252,5.961010000000002,6.3043723,0.34336231063842604,0.07871729999999999,0.062458683,-0.01625861719470023
37056,-0.04941499999999999,-0.009987864,0.03942713628798722,6.575590000000002,7.0895023,0.5139123345947247,5.841010000000001,6.3043723,0.46336231063842703,0.05871729999999997,0.062458683,0.0037413828052997866
37058,-0.01941499999999996,-0.009987864,0.009427136287987192,6.67559,7.0895023,0.41391233459472687,6.38101,6.3043723,-0.07663768936157211,0.05871729999999997,0.062458683,0.0037413828052997866
37060,0.020585000000000075,-0.009987864,-0.030572863712012843,5.575590000000002,7.0895023,1.5139123345947247,6.401009999999999,6.3043723,-0.09663768936157169,0.06871729999999998,0.062458683,-0.006258617194700222
37061,0.10058500000000004,-0.009987864,-0.1105728637120128,6.735590000000002,7.0895023,0.3539123345947246,8.07101,6.3043723,-1.7666376893615716,0.04871729999999996,0.062458683,0.013741382805299795
37062,-0.03941499999999998,-0.009987864,0.02942713628798721,5.97559,7.0895023,1.1139123345947262,5.761009999999999,6.3043723,0.5433623106384289,0.06871729999999998,0.062458683,-0.006258617194700222
37063,-0.02941499999999997,-0.009987864,0.0194271362879872,6.49559,7.0895023,0.5939123345947266,6.97101,6.3043723,-0.666637689361572,0.09871730000000001,0.062458683,-0.03625861719470025
37064,-0.03941499999999998,-0.009987864,0.02942713628798721,6.90559,7.0895023,0.18391233459472645,6.27101,6.3043723,0.03336231063842732,0.05871729999999997,0.062458683,0.0037413828052997866
37065,-0.009414999999999951,-0.009987864,-0.0005728637120128166,5.665590000000002,7.0895023,1.4239123345947249,5.321010000000001,6.3043723,0.9833623106384266,0.038717299999999955,0.062458683,0.023741382805299804
37066,-0.02941499999999997,-0.009987864,0.0194271362879872,6.805590000000002,7.0895023,0.2839123345947243,6.331009999999999,6.3043723,-0.026637689361571404,0.05871729999999997,0.062458683,0.0037413828052997866
37067,0.0005850000000000577,-0.009987864,-0.010572863712012825,6.795590000000001,7.0895023,0.2939123345947259,7.62101,6.3043723,-1.3166376893615723,0.09871730000000001,0.062458683,-0.03625861719470025
37068,0.010585000000000067,-0.009987864,-0.020572863712012834,6.1255900000000025,7.0895023,0.963912334594724,6.431010000000001,6.3043723,-0.12663768936157282,0.05871729999999997,0.062458683,0.0037413828052997866
37069,-0.01941499999999996,-0.009987864,0.009427136287987192,6.67559,7.0895023,0.41391233459472687,6.81101,6.3043723,-0.5066376893615718,0.07871729999999999,0.062458683,-0.01625861719470023
37070,0.0005850000000000577,-0.009987864,-0.010572863712012825,6.205590000000001,7.0895023,0.8839123345947257,5.901009999999999,6.3043723,0.4033623106384283,0.038717299999999955,0.062458683,0.023741382805299804
37071,-0.02941499999999997,-0.009987864,0.0194271362879872,6.165590000000002,7.0895023,0.9239123345947249,5.61101,6.3043723,0.6933623106384275,0.04871729999999996,0.062458683,0.013741382805299795
37072,0.0005850000000000577,-0.009987864,-0.010572863712012825,6.3755900000000025,7.0895023,0.713912334594724,6.46101,6.3043723,-0.15663768936157219,0.05871729999999997,0.062458683,0.0037413828052997866
37073,-0.04941499999999999,-0.009987864,0.03942713628798722,6.72559,7.0895023,0.36391233459472616,6.61101,6.3043723,-0.30663768936157254,0.0887173,0.062458683,-0.02625861719470024
37075,0.010585000000000067,-0.009987864,-0.020572863712012834,6.345590000000001,7.0895023,0.7439123345947252,6.171009999999999,6.3043723,0.13336231063842874,0.038717299999999955,0.062458683,0.023741382805299804
37077,-0.02941499999999997,-0.009987864,0.0194271362879872,6.42559,7.0895023,0.6639123345947269,6.47101,6.3043723,-0.16663768936157197,0.07871729999999999,0.062458683,-0.01625861719470023
37078,0.010585000000000067,-0.009987864,-0.020572863712012834,6.035590000000003,7.0895023,1.0539123345947239,6.151009999999999,6.3043723,0.1533623106384283,0.04871729999999996,0.062458683,0.013741382805299795
37079,-0.08941500000000002,-0.009987864,0.07942713628798725,6.345590000000001,7.0895023,0.7439123345947252,4.11101,6.3043723,2.1933623106384275,0.018717299999999937,0.062458683,0.04374138280529982
37080,-0.069415,-0.009987864,0.05942713628798724,5.575590000000002,7.0895023,1.5139123345947247,4.741009999999999,6.3043723,1.5633623106384285,0.05871729999999997,0.062458683,0.0037413828052997866
37081,-0.04941499999999999,-0.009987864,0.03942713628798722,6.6355900000000005,7.0895023,0.453912334594726,5.671009999999999,6.3043723,0.6333623106384287,0.04871729999999996,0.062458683,0.013741382805299795
37082,-0.059414999999999996,-0.009987864,0.04942713628798723,5.67559,7.0895023,1.4139123345947269,4.97101,6.3043723,1.333362310638428,0.05871729999999997,0.062458683,0.0037413828052997866
37083,-0.03941499999999998,-0.009987864,0.02942713628798721,6.49559,7.0895023,0.5939123345947266,5.491009999999999,6.3043723,0.8133623106384285,0.038717299999999955,0.062458683,0.023741382805299804
37084,-0.01941499999999996,-0.009987864,0.009427136287987192,5.575590000000002,7.0895023,1.5139123345947247,5.761009999999999,6.3043723,0.5433623106384289,0.06871729999999998,0.062458683,-0.006258617194700222
37085,-0.04941499999999999,-0.009987864,0.03942713628798722,5.6355900000000005,7.0895023,1.453912334594726,4.871009999999998,6.3043723,1.4333623106384294,0.04871729999999996,0.062458683,0.013741382805299795
37087,-0.02941499999999997,-0.009987864,0.0194271362879872,6.395590000000002,7.0895023,0.6939123345947245,5.36101,6.3043723,0.9433623106384275,0.028717299999999946,0.062458683,0.03374138280529981
37088,-0.069415,-0.009987864,0.05942713628798724,5.825590000000002,7.0895023,1.2639123345947247,4.461010000000002,6.3043723,1.843362310638426,0.038717299999999955,0.062458683,0.023741382805299804
37089,-0.009414999999999951,-0.009987864,-0.0005728637120128166,5.5055900000000015,7.0895023,1.583912334594725,5.641010000000001,6.3043723,0.6633623106384263,0.05871729999999997,0.062458683,0.0037413828052997866
37090,-0.059414999999999996,-0.009987864,0.04942713628798723,6.24559,7.0895023,0.8439123345947266,4.97101,6.3043723,1.333362310638428,0.038717299999999955,0.062458683,0.023741382805299804
37091,0.0005850000000000577,-0.009987864,-0.010572863712012825,5.6255900000000025,7.0895023,1.463912334594724,6.11101,6.3043723,0.19336231063842746,0.06871729999999998,0.062458683,-0.006258617194700222
37092,-0.02941499999999997,-0.009987864,0.0194271362879872,5.845590000000001,7.0895023,1.2439123345947252,4.901009999999999,6.3043723,1.4033623106384283,0.028717299999999946,0.062458683,0.03374138280529981
37093,-0.07941500000000001,-0.009987864,0.06942713628798725,5.715590000000002,7.0895023,1.3739123345947242,4.931010000000001,6.3043723,1.3733623106384272,0.06871729999999998,0.062458683,-0.006258617194700222
37096,-0.069415,-0.009987864,0.05942713628798724,5.765590000000003,7.0895023,1.3239123345947235,4.88101,6.3043723,1.4233623106384279,0.05871729999999997,0.062458683,0.0037413828052997866
37097,-0.02941499999999997,-0.009987864,0.0194271362879872,5.855590000000003,7.0895023,1.2339123345947236,5.13101,6.3043723,1.1733623106384279,0.038717299999999955,0.062458683,0.023741382805299804
37100,-0.059414999999999996,-0.009987864,0.04942713628798723,5.765590000000003,7.0895023,1.3239123345947235,5.04101,6.3043723,1.2633623106384277,0.05871729999999997,0.062458683,0.0037413828052997866
37102,-0.07941500000000001,-0.009987864,0.06942713628798725,5.665590000000002,7.0895023,1.4239123345947249,4.81101,6.3043723,1.4933623106384282,0.06871729999999998,0.062458683,-0.006258617194700222
37214,-0.001742999999999828,0.009578816,0.011321815661370582,16.061200000000003,11.300518,-4.760681964111331,14.73947,10.981913,-3.7575573870849617,0.2246475,0.16942136,-0.05522614010334015
37328,-0.02761300000000011,0.025744312,0.05335731151151668,7.425680000000003,9.407578,1.9818984683227505,5.37515,7.2308035,1.855653489685059,0.024455999999999922,0.034332562,0.00987656223797806
37408,-0.03474299999999997,0.059646044,0.0943890439264774,3.5769599999999997,8.083088,4.506127921142578,0.7340900000000019,7.0846324,6.350542396697996,-0.024622699999999997,0.04570271,0.07032541074771881
37600,0.4155380000000001,0.2127966,-0.20274140132713325,16.160790000000002,12.079033,-4.0817571020507835,18.21133,13.950067,-4.261263433532715,0.4152191,0.26695865,-0.14826044607315064
37601,0.355538,0.2127966,-0.1427414013271332,15.06079,12.079033,-2.981757102050782,17.611330000000002,13.950067,-3.661263433532717,0.3952191,0.26695865,-0.12826044607315062
37726,0.12238699999999991,0.039935667,-0.08245133293223372,12.805680000000002,9.231134,-3.574545585327151,10.90515,7.6818314,-3.2233186401367195,0.03145599999999993,0.03304735,0.0015913482608795881
37727,0.1023869999999999,0.039935667,-0.062451332932233705,9.40568,9.231134,-0.1745455853271487,8.52515,7.6818314,-0.8433186401367188,0.03145599999999993,0.03304735,0.0015913482608795881
37789,0.06000899999999998,0.058703657,-0.0013053427603244572,14.831130000000002,12.990938,-1.8401918133544939,13.666080000000001,13.490081,-0.1759991665649423,0.0684248999999999,0.1370311,0.06860619323978434
37790,0.09558299999999997,0.07821205,-0.017370947416305516,18.63033,10.557127,-8.073203001098634,17.14777,8.165292,-8.982478213806154,0.1667229,0.03886324,-0.12785965832748414
37890,-0.10817800000000011,-0.031182727,0.07699527315485488,4.8942400000000035,7.5112405,2.617000482330319,3.090160000000001,6.317371,3.227210891571044,0.04883590000000004,0.09635783,0.047521929868793444
37898,-0.08817800000000009,-0.031182727,0.056995273154854864,5.374240000000004,7.5112405,2.1370004823303184,4.100159999999999,6.317371,2.217210891571046,0.05883590000000005,0.09635783,0.037521929868793436
37973,0.1333209999999999,0.091451354,-0.041869645675182254,1.439070000000001,7.61753,6.178459869079589,4.57621,10.435002,5.858792326965332,0.05661309999999997,0.11474836,0.05813525872650149
38487,-0.04363600000000001,-0.021113472,0.02252252794063092,8.26624,9.494142,1.2279015786743166,7.2173099999999994,9.388583,2.1712731832885748,0.06105130000000003,0.12224037,0.061189072002124756
38488,-0.02363599999999999,-0.021113472,0.002522527940630903,9.566239999999997,9.494142,-0.07209842132568056,9.317309999999999,9.388583,0.07127318328857513,0.10405130000000007,0.12224037,0.018189072002124718
38489,0.006364000000000036,-0.021113472,-0.027477472059369124,12.066239999999997,9.494142,-2.5720984213256806,14.017309999999998,9.388583,-4.628726816711424,0.2590513000000001,0.12224037,-0.1368109279978753
38778,0.030312000000000117,-0.008592355,-0.03890435506504786,12.867569999999999,7.911004,-4.956565933532714,14.250419999999998,9.162035,-5.088385011596678,0.24931179999999997,0.11116511,-0.13814669370346067
38780,0.05867700000000009,0.025744312,-0.03293268848848352,10.88559,9.295943,-1.5896467398071294,11.42638,7.2308035,-4.195576510314941,0.16388749999999996,0.034332562,-0.12955493776202198
38782,0.0014369999999999106,0.026972063,0.02553506288576135,7.298460000000002,9.042456,1.7439956732177713,8.812490000000002,8.893946,0.08145569396972441,0.14453720000000003,0.11662363,-0.027913567390155825
38810,0.07156600000000013,0.10764315,0.03607714979314791,7.39648,8.596929,1.2004485964965816,9.906,9.822773,-0.08322702026367246,0.1392371,0.12973836,-0.009498739356613162
38812,0.07556600000000013,0.10764315,0.03207714979314791,7.606480000000001,8.596929,0.9904485964965808,9.386000000000001,9.822773,0.4367729797363271,0.11323710000000009,0.12973836,0.01650126064338675
38826,0.150764,0.06270926,-0.0880547429933548,9.409720000000002,7.2627006,-2.1470194422912616,11.58361,7.3529625,-4.230647506103516,0.2693011,0.13393946,-0.1353616400800705
38827,0.07876399999999995,0.06270926,-0.016054742993354743,6.169720000000002,7.2627006,1.0929805577087386,7.94361,7.3529625,-0.5906475061035152,0.15530109999999997,0.13393946,-0.021361640080070465
38828,0.155764,0.06270926,-0.09305474299335481,10.349720000000001,7.2627006,-3.087019442291261,10.92361,7.3529625,-3.5706475061035157,0.1773011000000001,0.13393946,-0.043361640080070596
38829,0.155764,0.06270926,-0.09305474299335481,10.549720000000002,7.2627006,-3.287019442291262,11.08361,7.3529625,-3.730647506103516,0.1883011,0.13393946,-0.054361640080070495
38831,0.3477640000000001,0.06270926,-0.28505474299335487,17.16972,7.2627006,-9.907019442291261,15.81361,7.3529625,-8.460647506103516,0.4363011000000001,0.13393946,-0.3023616400800706
38832,0.127764,0.06270926,-0.06505474299335479,4.56972,7.2627006,2.69298055770874,6.69361,7.3529625,0.6593524938964848,0.10030110000000003,0.13393946,0.03363835991992947
38833,-0.06923600000000008,0.06270926,0.13194525700664528,1.989720000000002,7.2627006,5.272980557708738,1.7036100000000012,7.3529625,5.649352493896483,0.057301099999999994,0.13393946,0.07663835991992951
38834,-0.059236000000000066,0.06270926,0.12194525700664527,4.3797200000000025,7.2627006,2.8829805577087377,3.93361,7.3529625,3.4193524938964845,0.07730110000000001,0.13393946,0.05663835991992949
38836,-0.06923600000000008,0.06270926,0.13194525700664528,1.74972,7.2627006,5.51298055770874,-0.04638999999999882,7.3529625,7.399352493896483,-0.009698899999999955,0.13393946,0.14363835991992946
39141,0.0014879999999999338,0.02218117,0.020693170061230726,6.141820000000003,9.071729,2.9299087063598606,3.2164399999999986,6.8713717,3.654931746063234,-0.05369219999999997,0.027385626,0.08107782598824498
39161,0.16622499999999996,0.06748377,-0.09874123213291164,19.096040000000002,13.042335,-6.053705443420412,19.52153,13.721488,-5.800042001037596,0.19850879999999993,0.12730058,-0.07120822462444298
39163,0.15622499999999995,0.06748377,-0.08874123213291163,14.906040000000004,13.042335,-1.8637054434204146,16.921529999999997,13.721488,-3.2000420010375947,0.17450880000000002,0.12730058,-0.047208224624443074
39222,0.05221500000000012,0.039935667,-0.012279332932233933,7.708349999999999,9.20493,1.4965803054809577,12.547250000000002,7.492638,-5.0546118888855,0.31226410000000004,0.056603666,-0.2556604336050511
39223,0.042215000000000114,0.039935667,-0.002279332932233924,7.418349999999997,9.20493,1.7865803054809604,11.797250000000002,7.492638,-4.3046118888855,0.2822641000000001,0.056603666,-0.22566043360505111
39350,-0.09102100000000002,0.036365435,0.12738643452739717,7.105720000000005,10.265847,3.1601272061157175,2.0325399999999973,7.716542,5.684001767120364,-0.06192249999999999,0.05291851,0.11484100864887237
39392,0.04981499999999994,0.06791378,0.018098778126239834,5.8782299999999985,8.290807,2.4125767703247085,7.045549999999999,7.6063666,0.5608166343688978,0.11202750000000006,0.061455425,-0.05057207512497908
39393,0.08981499999999987,0.06791378,-0.02190122187376009,5.3782299999999985,8.290807,2.9125767703247085,6.525549999999999,7.6063666,1.0808166343688974,0.07202750000000002,0.061455425,-0.010572075124979041
39433,-0.0608820000000001,0.0649257,0.1258077004261018,5.511850000000003,9.862924,4.351073622131345,3.8847200000000015,7.907454,4.022734013824461,-0.0019947999999999633,0.05126482,0.05325961875777241
39700,0.06253400000000009,0.051619645,-0.010914354791879743,11.146149999999999,9.682841,-1.4633086990356432,8.488349999999999,8.82922,0.34086981811523565,0.0008162000000000447,0.03995454,0.03913833938841815
39701,0.05253400000000008,0.051619645,-0.0009143547918797346,10.44615,9.682841,-0.7633086990356439,8.388349999999999,8.82922,0.4408698181152353,0.06081619999999999,0.03995454,-0.02086166061158179
39703,0.11253400000000002,0.051619645,-0.06091435479187968,11.346149999999998,9.682841,-1.6633086990356425,9.088349999999998,8.82922,-0.259130181884764,0.010816199999999943,0.03995454,0.029138339388418255
39887,-0.103707,0.010994045,0.11470104506385326,1.330490000000001,6.293833,4.963342778930663,-1.2855799999999995,4.007647,5.293227037506103,-0.01874140000000002,0.02374396,0.04248535914375784
39888,-0.060707000000000066,0.010994045,0.07170104506385333,2.4504899999999985,6.293833,3.8433427789306656,1.4044199999999982,4.007647,2.6032270375061053,0.02425860000000002,0.02374396,-0.0005146408562421989
39889,-0.06570699999999996,0.010994045,0.07670104506385322,1.590489999999999,6.293833,4.703342778930665,0.01442000000000121,4.007647,3.9932270375061023,-0.001741400000000115,0.02374396,0.025485359143757935
40018,0.05502600000000002,0.014080995,-0.04094500523751976,7.61889,8.640115,1.0212247842407223,7.265000000000001,7.594745,0.32974515914916935,0.02747069999999996,0.10316461,0.07569391324691777
40019,0.04502600000000001,0.014080995,-0.03094500523751975,6.218889999999998,8.640115,2.4212247842407244,4.665000000000001,7.594745,2.929745159149169,-0.0525293,0.10316461,0.15569391324691773
40040,0.02189899999999989,0.036909785,0.015010785121679415,8.78529,9.739932,0.9546420602416994,9.517610000000001,12.510216,2.9926057592773425,0.09322010000000003,0.14383322,0.05061312000503537
40497,-0.018213000000000035,0.015218847,0.0334318474312425,11.620159999999998,9.650163,-1.9699973031616196,7.35717,6.725878,-0.6312922381591797,-0.024511999999999978,0.008406864,0.032918863547861554
41204,-0.031049000000000104,0.07314639,0.10419538793468486,9.805870000000002,11.362381,1.5565109814453102,6.354890000000001,10.315828,3.9609383233642568,-0.015150600000000125,0.076085195,0.09123579494533551
41237,-0.009613000000000094,0.039935667,0.04954866706776628,10.505680000000002,9.20493,-1.3007496945190447,7.565150000000001,7.7191463,0.15399625167846587,0.014455999999999913,0.075027205,0.060571205049991694
41238,0.004386999999999919,0.010857248,0.0064702477474809506,11.49568,10.122871,-1.3728086010742189,8.65515,9.773897,1.118747171020507,0.027455999999999925,0.1479833,0.1205272977056504
41251,0.07950899999999994,0.052065935,-0.027443065014123857,9.851770000000002,9.796242,-0.055528239746095664,9.865739999999999,7.783597,-2.082143007507323,0.10065210000000002,0.055738892,-0.04491320759377482
41279,0.025386999999999937,0.025744312,0.00035731151151663365,13.905680000000002,9.407578,-4.498101531677248,9.385150000000001,7.2308035,-2.1543465103149426,-0.04754400000000014,0.034332562,0.08187656223797812
41325,-0.047784999999999966,0.039935667,0.08772066706776616,7.488349999999997,9.20493,1.71658030548096,2.497250000000001,7.492638,4.995388111114501,-0.08773589999999998,0.056603666,0.14433956639494894
41326,0.15738699999999994,0.025013523,-0.1323734768236875,10.705680000000001,9.128467,-1.5772133938598643,11.50515,7.2209215,-4.284228483581543,0.12145600000000001,0.039246537,-0.08220946320867539
41327,0.28238699999999994,0.025013523,-0.2573734768236875,14.805680000000002,9.128467,-5.677213393859866,14.70515,7.2209215,-7.484228483581543,0.14145599999999992,0.039246537,-0.1022094632086753
41328,0.30238699999999996,0.025013523,-0.2773734768236875,17.405680000000004,9.128467,-8.277213393859867,17.90515,7.2209215,-10.684228483581542,0.38145599999999996,0.039246537,-0.34220946320867535
41350,-0.02761300000000011,0.039935667,0.0675486670677663,7.505680000000002,9.231134,1.7254544146728499,7.805150000000001,7.6818314,-0.12331864013671989,0.1314559999999999,0.03304735,-0.09840865173912039
41367,0.30238699999999996,0.025013523,-0.2773734768236875,11.925680000000003,9.128467,-2.7972133938598667,12.44515,7.2209215,-5.224228483581543,0.03145599999999993,0.039246537,0.007790536791324687
41538,0.05852900000000005,0.047342658,-0.011186341957092338,3.2787599999999983,5.6318254,2.353065447082521,12.536719999999999,8.874274,-3.662445746154784,0.46920370000000006,0.22725804,-0.24194565849895483
41539,0.06852900000000006,0.047342658,-0.021186341957092347,5.278759999999998,5.6318254,0.3530654470825212,13.92672,8.874274,-5.052445746154785,0.5092037,0.22725804,-0.2819456584989548
41540,0.05852900000000005,0.047342658,-0.011186341957092338,3.988759999999999,5.6318254,1.6430654470825203,5.866719999999999,8.874274,3.007554253845216,0.0992037,0.22725804,0.12805434150104522
41541,0.08852899999999997,0.047342658,-0.041186341957092254,4.278759999999998,5.6318254,1.3530654470825212,6.566719999999998,8.874274,2.3075542538452165,0.0992037,0.22725804,0.12805434150104522
41678,0.3702383,0.05799084,-0.3122474584324837,18.62678,8.16635,-10.460429635314942,15.89093,7.660929,-8.230000796966554,0.46802509999999997,0.24686103,-0.22116407430896756
41746,-0.038112000000000146,-0.009733085,0.02837891541075721,7.97804,7.359744,-0.6182959280395508,6.362019999999999,6.15998,-0.2020401797485345,0.06489519999999993,0.051059734,-0.01383546592373841
41747,-0.038112000000000146,-0.009733085,0.02837891541075721,5.97804,7.359744,1.3817040719604492,6.26202,6.15998,-0.10204017974853485,0.034895199999999904,0.051059734,0.016164534076261616
41748,-0.048112000000000155,-0.009733085,0.03837891541075722,4.97804,7.359744,2.381704071960449,3.3620199999999993,6.15998,2.7979598202514655,0.024895200000000006,0.051059734,0.026164534076261514
41749,-0.048112000000000155,-0.009733085,0.03837891541075722,4.378040000000002,7.359744,2.981704071960447,4.362019999999999,6.15998,1.7979598202514655,0.014895199999999997,0.051059734,0.03616453407626152
41823,0.058694000000000135,0.13149749,0.072803487425804,19.70765,11.482265,-8.225384527587892,18.1997,10.880362,-7.319338442993164,0.1525301,0.08912708,-0.0634030213476181
41876,0.06793399999999994,0.07160084,0.0036668394956589356,4.06833,8.662192,4.593862344665528,4.240360000000001,6.675785,2.435425064697265,0.02952010000000005,0.024812652,-0.004707448201870967
41908,0.009717700000000051,0.0091062905,-0.0006114094733119524,8.805240000000001,7.581362,-1.2238782293701185,8.571629999999999,7.251948,-1.3196821202087392,0.09719449999999996,0.09355418,-0.0036403236098289105
42007,-0.08114550000000009,-0.005029879,0.0761156209552587,6.02018,7.523325,1.5031449664306642,3.5999199999999973,6.344181,2.7442610607910183,-0.01939920000000006,0.047745436,0.06714463642997748
42008,-0.10114550000000011,-0.005029879,0.09611562095525872,4.120180000000001,7.523325,3.4031449664306628,0.9499199999999988,6.344181,5.394261060791017,-0.01939920000000006,0.047745436,0.06714463642997748
42009,-0.0911455000000001,-0.005029879,0.08611562095525871,4.620180000000001,7.523325,2.9031449664306628,2.4499199999999988,6.344181,3.894261060791017,0.030600799999999984,0.047745436,0.017144636429977433
42123,0.028456000000000037,0.0364133,0.007957300782442056,0.716190000000001,6.0260215,5.309831480560302,2.4027600000000007,7.8757415,5.472981481781005,0.0694509000000001,0.14483027,0.07537937160167685
42173,0.06238699999999997,0.06511277,0.002725769603729278,26.56568,9.98653,-16.579149696044922,19.40515,10.668229,-8.73692089691162,0.24145599999999995,0.11910883,-0.12234716662740702
42174,0.1023869999999999,0.06511277,-0.03727423039627065,10.38568,9.98653,-0.39914969604492256,11.40515,10.668229,-0.7369208969116219,0.16145599999999993,0.11910883,-0.04234716662740701
42175,0.19238699999999997,0.06511277,-0.12727423039627073,16.77568,9.98653,-6.789149696044923,15.305150000000001,10.668229,-4.636920896911622,0.18145599999999995,0.11910883,-0.062347166627407025
