target,sample_count,MAE,MSE,RMSE,R2
delta_Voc,1243,0.05090648385746172,0.006330094695020051,0.07956189222875516,0.5567287558960743
delta_Jsc,1246,1.9627366800959725,8.884597247989715,2.9807041530466782,0.6018264756591295
delta_PCE,1285,2.2634157179182317,9.617047723121631,3.1011365212001922,0.6184956631700915
delta_FF,1233,0.056941071979499325,0.006990214119911139,0.08360750038071428,0.5564288680338731
