Ref_ID,delta_Voc_true,delta_Voc_pred,delta_Voc_error,delta_Jsc_true,delta_Jsc_pred,delta_Jsc_error,delta_PCE_true,delta_PCE_pred,delta_PCE_error,delta_FF_true,delta_FF_pred,delta_FF_error
20,0.10898999999999992,0.05592393,-0.053066068699359814,12.851590000000002,9.781478,-3.0701120718383805,10.28508,7.19724,-3.0878401242065436,-0.006516399999999978,-0.0007048309,0.0058115690801419095
22,-0.041154000000000135,-0.056757785,-0.015603785379886492,13.580079999999999,12.162252,-1.4178275738525379,12.088349999999998,10.1488495,-1.9395005126953109,0.10617929999999998,0.07268727,-0.03349203174285886
23,-0.07115400000000016,-0.056757785,0.014396214620113534,11.580079999999999,12.162252,0.5821724261474621,9.18835,10.1488495,0.9604994873046877,0.059179300000000046,0.07268727,0.013507968257141068
24,-0.08115400000000017,-0.056757785,0.024396214620113543,11.250079999999997,12.162252,0.912172426147464,8.18835,10.1488495,1.9604994873046877,0.03317930000000002,0.07268727,0.03950796825714109
25,-0.051154000000000144,-0.056757785,-0.005603785379886483,11.70008,12.162252,0.4621724261474611,10.388349999999999,10.1488495,-0.23950051269531158,0.09517929999999997,0.07268727,-0.022492031742858853
26,-0.041154000000000135,-0.056757785,-0.015603785379886492,13.580079999999999,12.162252,-1.4178275738525379,12.088349999999998,10.1488495,-1.9395005126953109,0.10617929999999998,0.07268727,-0.03349203174285886
27,-0.08115400000000017,-0.056757785,0.024396214620113543,11.250079999999997,12.162252,0.912172426147464,8.18835,10.1488495,1.9604994873046877,0.03317930000000002,0.07268727,0.03950796825714109
72,-0.09866200000000003,-0.04338991,0.055272091030597714,5.228439999999999,8.081297,2.852856920776368,2.2971799999999973,5.273961,2.9767810671997097,-0.004401800000000011,0.027795471,0.032197271251010906
89,0.021665000000000045,0.006891755,-0.014773245078474329,8.310340000000004,8.070007,-0.2403326757812536,7.1113,6.8820386,-0.22926140670776363,0.045322799999999996,0.057295773,0.011972973178339008
90,-0.07833500000000004,0.006891755,0.08522675492152576,5.310340000000004,8.070007,2.7596673242187464,2.9113000000000007,6.8820386,3.9707385932922357,0.01532279999999997,0.057295773,0.041972973178339035
91,-0.07833500000000004,0.006891755,0.08522675492152576,6.310340000000004,8.070007,1.7596673242187464,5.1113,6.8820386,1.7707385932922364,0.07532280000000002,0.057295773,-0.01802702682166102
169,-0.028512000000000093,-0.014311868,0.014200132233917806,6.381820000000001,7.946731,1.5649110905456531,2.5964399999999976,4.8552766,2.2588365846252465,-0.06569219999999998,0.0044255615,0.0701177615212023
170,-0.008512000000000075,-0.014311868,-0.005799867766082212,7.301820000000003,7.946731,0.6449110905456514,4.096439999999999,4.8552766,0.7588365846252447,-0.04369219999999996,0.0044255615,0.048117761521202285
171,0.04148799999999997,-0.014311868,-0.055799867766082256,7.151820000000004,7.946731,0.79491109054565,5.9264399999999995,4.8552766,-1.0711634153747553,0.018307800000000096,0.0044255615,-0.01388223847879777
267,-0.11485750000000006,-0.08663334,0.028224160475730953,5.84205,6.04274,0.2006898681640621,2.4481800000000007,4.0276885,1.5795085032653802,0.0021046999999999594,0.040010657,0.03790595716147427
297,0.012386999999999926,0.029707417,0.01732041689205177,8.535680000000003,9.90856,1.3728797991943331,6.09515,7.766085,1.6709351478576657,-0.005544000000000104,0.046840236,0.05238423559093486
391,0.13438699999999992,0.03447364,-0.09991336101841919,5.09768,9.152177,4.0544968569946285,6.34515,7.4292884,1.0841383872985837,0.024455999999999922,0.04554443,0.02108843061351784
411,-0.059236000000000066,-0.039122965,0.02011303481316573,1.2597200000000015,2.5582292,1.2985092079925522,0.9736100000000008,0.7714724,-0.2021376055336006,0.04030109999999998,0.013815433,-0.02648566721305845
412,-0.059236000000000066,-0.039122965,0.02011303481316573,0.8897200000000005,2.5582292,1.6685092079925532,-0.37639000000000067,0.7714724,1.1478623944664008,0.0003011000000000541,0.013815433,0.013514332786941474
413,-0.08023599999999997,-0.039122965,0.04111303481316564,0.8697200000000009,2.5582292,1.6885092079925528,-1.6763900000000014,0.7714724,2.4478623944664015,-0.03969889999999998,0.013815433,0.05351433278694151
414,-0.09223599999999998,-0.039122965,0.05311303481316565,0.1297200000000025,2.5582292,2.428509207992551,-2.706389999999999,0.7714724,3.477862394466399,-0.04969889999999999,0.013815433,0.06351433278694152
415,-0.09023599999999998,-0.039122965,0.05111303481316565,1.149720000000002,2.5582292,1.4085092079925516,-1.336389999999998,0.7714724,2.107862394466398,-0.029698899999999973,0.013815433,0.0435143327869415
475,0.04858899999999999,-0.022334542,-0.07092354212546348,12.73254,7.1487966,-5.583743441619873,13.378440000000001,6.8346972,-6.5437427534484875,0.23888559999999992,0.094110616,-0.1447749844485282
529,-0.03254800000000002,0.011590157,0.044138156704187415,7.878070000000001,7.5456777,-0.33239233810424906,7.11388,8.0195055,0.905625500793457,0.07242290000000007,0.11682698,0.04440408130607598
853,-0.007784999999999931,0.01292221,0.020707209687530925,8.338349999999998,9.493646,1.1552956680297868,6.567250000000001,6.4032764,-0.16397355651855605,0.06626410000000005,-0.0072601163,-0.07352421628285055
854,-0.03778499999999996,0.01292221,0.05070720968753095,7.43835,9.493646,2.0552956680297854,4.247250000000001,6.4032764,2.1560264434814442,0.009264100000000108,-0.0072601163,-0.016524216282850612
855,0.012215000000000087,0.01292221,0.0007072096875309075,10.338349999999998,9.493646,-0.8447043319702132,7.3572500000000005,6.4032764,-0.9539735565185552,0.04126410000000014,-0.0072601163,-0.04852421628285064
919,-0.048904999999999976,-0.008283905,0.04062109524637458,8.654140000000002,9.327108,0.6729683831787092,6.094740000000002,6.7524557,0.6577157113647445,0.005674199999999963,0.0297643,0.0240901002122641
924,0.0955379999999999,0.11859247,0.02305447088432322,11.14883,10.574583,-0.574246946411133,12.097650000000002,11.257796,-0.8398537124633805,0.06766990000000006,0.032667775,-0.03500212529292113
925,0.14553799999999995,0.11859247,-0.026945529115676825,10.548830000000002,10.574583,0.025753053588864816,12.29765,11.257796,-1.0398537124633798,0.06366989999999995,0.032667775,-0.031002125292921012
926,0.0955379999999999,0.11859247,0.02305447088432322,10.748830000000002,10.574583,-0.17424694641113447,10.29765,11.257796,0.9601462875366202,0.002669900000000003,0.032667775,0.02999787470707893
927,0.12553799999999993,0.11859247,-0.006945529115676807,10.548830000000002,10.574583,0.025753053588864816,11.197650000000001,11.257796,0.06014628753661988,0.027669900000000025,0.032667775,0.004997874707078909
928,0.08553799999999989,0.11859247,0.03305447088432323,10.64883,10.574583,-0.07424694641113305,9.49765,11.257796,1.760146287536621,-0.02433010000000002,0.032667775,0.056997874707078955
929,0.14553799999999995,0.11859247,-0.026945529115676825,10.64883,10.574583,-0.07424694641113305,12.197650000000001,11.257796,-0.9398537124633801,0.05466990000000005,0.032667775,-0.022002125292921115
930,0.10553799999999991,0.11859247,0.01305447088432321,11.14883,10.574583,-0.574246946411133,10.597650000000002,11.257796,0.6601462875366195,-0.009330100000000008,0.032667775,0.04199787470707894
931,0.19553799999999988,0.11859247,-0.07694552911567676,10.548830000000002,10.574583,0.025753053588864816,13.79765,11.257796,-2.5398537124633798,0.10166989999999998,0.032667775,-0.06900212529292105
932,0.10553799999999991,0.11859247,0.01305447088432321,10.14883,10.574583,0.42575305358886695,10.89765,11.257796,0.3601462875366206,0.03566990000000003,0.032667775,-0.0030021252929210984
946,0.022823999999999955,0.028920496,0.006096495882630393,8.532060000000001,7.8628216,-0.6692384210205091,10.913789999999999,9.86606,-1.047729743041991,0.23265439999999993,0.18578912,-0.04686527682247155
949,0.01682399999999995,0.028920496,0.012096495882630398,6.882059999999999,7.8628216,0.980761578979493,8.68379,9.86606,1.1822702569580077,0.16165439999999998,0.18578912,0.024134723177528405
950,0.03682399999999997,0.028920496,-0.00790350411736962,7.5720600000000005,7.8628216,0.29076157897949173,9.583789999999999,9.86606,0.2822702569580091,0.1756544,0.18578912,0.010134723177528393
951,0.01682399999999995,0.028920496,0.012096495882630398,6.882059999999999,7.8628216,0.980761578979493,8.68379,9.86606,1.1822702569580077,0.16165439999999998,0.18578912,0.024134723177528405
952,0.020823999999999954,0.028920496,0.008096495882630395,9.91206,7.8628216,-2.049238421020508,11.60379,9.86606,-1.7377297430419922,0.2026544,0.18578912,-0.01686527682247163
1145,-0.03778499999999996,0.01292221,0.05070720968753095,7.84835,9.493646,1.6452956680297852,4.317250000000001,6.4032764,2.086026443481444,-0.03173590000000004,-0.0072601163,0.024475783717149535
1147,-0.047784999999999966,0.01292221,0.06070720968753096,7.958349999999999,9.493646,1.5352956680297858,4.387250000000002,6.4032764,2.0160264434814437,-0.027735899999999925,-0.0072601163,0.02047578371714942
1148,-0.047784999999999966,0.01292221,0.06070720968753096,7.34835,9.493646,2.145295668029785,3.827250000000003,6.4032764,2.5760264434814424,-0.029735899999999926,-0.0072601163,0.022475783717149422
1149,-0.047784999999999966,0.01292221,0.06070720968753096,8.11835,9.493646,1.3752956680297856,4.407250000000001,6.4032764,1.996026443481444,-0.036735900000000044,-0.0072601163,0.02947578371714954
1150,-0.047784999999999966,0.01292221,0.06070720968753096,7.948349999999998,9.493646,1.5452956680297874,4.0972500000000025,6.4032764,2.306026443481443,-0.04373589999999994,-0.0072601163,0.036475783717149435
1152,-0.07778499999999999,0.01292221,0.09070720968753099,7.968349999999997,9.493646,1.5252956680297878,3.4072500000000012,6.4032764,2.996026443481444,-0.04773589999999994,-0.0072601163,0.04047578371714944
1153,-0.047784999999999966,0.01292221,0.06070720968753096,7.858349999999998,9.493646,1.6352956680297872,4.05725,6.4032764,2.3460264434814455,-0.03373589999999993,-0.0072601163,0.026475783717149426
1166,-0.025123000000000006,-0.012911516,0.012211483758270747,10.868780000000001,10.534701,-0.3340786526489268,8.71107,8.691188,-0.019882141418456456,0.07799310000000004,0.08186095,0.0038678520792960747
1241,-0.08093600000000001,-0.06209814,0.01883785824036599,6.871929999999999,7.7982607,0.9263306887817393,4.97016,5.703269,0.7331090048217774,0.04375220000000002,0.067853965,0.024101764865207653
1242,-0.08093600000000001,-0.06209814,0.01883785824036599,6.871929999999999,7.7982607,0.9263306887817393,4.97016,5.703269,0.7331090048217774,0.04375220000000002,0.067853965,0.024101764865207653
1352,0.011989999999999945,0.05438601,0.042396008530855234,5.66159,10.373238,4.711647609863281,3.0350800000000007,7.7503505,4.715270475311279,-0.04651640000000001,0.032168016,0.07868441583766939
1354,-0.07801000000000013,0.05438601,0.1323960085308553,5.041590000000003,10.373238,5.331647609863278,0.07507999999999981,7.7503505,7.6752704753112795,-0.08451640000000005,0.032168016,0.11668441583766942
1356,-0.07951200000000003,-0.00947776,0.07003424028855565,6.721820000000001,8.631752,1.9099320141601552,3.0164399999999993,5.21549,2.199049864349366,-0.04269220000000007,-0.012164841,0.030527358593952725
1360,-0.049512,-0.00947776,0.04003424028855562,11.831820000000004,8.631752,-3.2000679858398478,6.716439999999999,5.21549,-1.5009501356506334,-0.06469219999999987,-0.012164841,0.05252735859395252
1362,-0.08351200000000003,-0.00947776,0.07403424028855565,6.031820000000003,8.631752,2.599932014160153,1.0964399999999976,5.21549,4.119049864349368,-0.07769219999999999,-0.012164841,0.06552735859395264
1363,-0.08051200000000014,-0.00947776,0.07103424028855576,5.791820000000001,8.631752,2.839932014160155,1.326439999999998,5.21549,3.889049864349367,-0.06269219999999998,-0.012164841,0.05052735859395263
1365,-0.08851200000000015,-0.00947776,0.07903424028855577,6.421820000000004,8.631752,2.2099320141601524,1.6164400000000008,5.21549,3.5990498643493645,-0.06669219999999998,-0.012164841,0.054527358593952635
1507,0.012513999999999914,0.033973034,0.021459034471273508,9.17998,8.53776,-0.6422202191162114,6.937480000000001,7.3328032,0.3953232493591301,0.013848599999999989,0.03799704,0.024148440897607815
1612,-0.12320760000000008,-0.09073334,0.032474258127307976,6.627849999999999,6.739908,0.11205821838379038,6.314879999999999,6.3654094,0.05052937423706183,0.16362789999999994,0.16494559,0.0013176875158310564
1613,0.025188999999999906,0.025609573,0.0004205733493567454,7.72472,5.7754707,-1.9492492663574215,2.6573899999999995,2.4708238,-0.18656623519897408,-0.13557419999999998,-0.06418904,0.07138516082925794
1614,-0.019187000000000065,0.020776415,0.039963415243744915,1.9827999999999992,2.5812309,0.5984308788299568,0.860557,2.5124712,1.6519141990356445,-0.01110600000000006,0.12015121,0.13125720685100561
1615,-0.09141730000000003,-0.08018812,0.011229182078647648,3.299900000000001,4.6882677,1.388367707824706,2.9269100000000012,3.9171498,0.9902397821807849,0.09641650000000002,0.08599553,-0.010420967427730576
1616,0.10381299999999993,0.020776415,-0.08303658475625508,2.912799999999999,2.5812309,-0.3315691211700429,5.190557,2.5124712,-2.6780858009643556,0.32689400000000013,0.12015121,-0.20674279314899457
1821,0.0823830000000001,0.07746551,-0.004917488141536808,14.43186,13.627668,-0.8041916192626957,14.66864,13.44432,-1.2243202749633788,0.12868599999999997,0.11504333,-0.013642672787666288
1822,0.07238300000000009,0.07746551,0.005082511858463201,12.731859999999998,13.627668,0.8958083807373072,12.71864,13.44432,0.7256797250366205,0.09768599999999994,0.11504333,0.01735732721233374
2024,0.031665000000000054,0.034633182,0.0029681819891929084,7.300340000000002,7.7143173,0.4139773217773417,6.0013000000000005,6.4505973,0.4492972862243647,0.01532279999999997,0.016041009,0.0007182087555647199
2025,0.031665000000000054,0.034633182,0.0029681819891929084,7.410340000000005,7.7143173,0.3039773217773387,5.0113,6.4505973,1.439297286224365,-0.034677199999999964,0.016041009,0.05071820875556465
2026,-0.04833500000000002,0.034633182,0.08296818198919298,7.190340000000003,7.7143173,0.5239773217773411,2.7113000000000014,6.4505973,3.739297286224364,-0.0746772,0.016041009,0.09071820875556469
2027,0.18166500000000008,0.034633182,-0.1470318180108071,8.710340000000002,7.7143173,-0.9960226782226584,8.8613,6.4505973,-2.4107027137756347,0.01532279999999997,0.016041009,0.0007182087555647199
2028,0.05166500000000007,0.034633182,-0.01703181801080711,8.910340000000005,7.7143173,-1.1960226782226613,7.2113,6.4505973,-0.7607027137756344,0.017322800000000083,0.016041009,-0.001281791244435393
2029,0.0776650000000001,0.034633182,-0.04303181801080713,7.110340000000004,7.7143173,0.6039773217773394,6.901299999999999,6.4505973,-0.45070271377563387,0.03532279999999999,0.016041009,-0.019281791244435298
2030,0.0766650000000001,0.034633182,-0.04203181801080713,7.110340000000004,7.7143173,0.6039773217773394,6.331300000000001,6.4505973,0.11929728622436464,0.007322800000000074,0.016041009,0.008718208755564616
2031,0.04666500000000007,0.034633182,-0.012031818010807105,7.110340000000004,7.7143173,0.6039773217773394,4.401299999999999,6.4505973,2.049297286224366,-0.06467719999999999,0.016041009,0.08071820875556468
2032,0.2016650000000001,0.034633182,-0.16703181801080713,8.810340000000004,7.7143173,-1.0960226782226599,9.7913,6.4505973,-3.3407027137756344,0.0503228,0.016041009,-0.03428179124443531
2039,0.9943960000000001,0.8507395,-0.14365652093505865,31.257279999999994,29.63149,-1.6257892926025335,13.1925,13.496875,0.30437480926513594,0.16212749999999998,0.16817547,0.006047973809242269
2078,0.13155400000000006,0.10017335,-0.03138065330171591,25.90036,21.73224,-4.168119323120116,20.512600000000003,16.779915,-3.7326851440429714,0.23002840000000002,0.14346988,-0.08655851500835421
2085,-0.0890740000000001,-0.05659916,0.03247484120631228,5.194769999999998,6.051105,0.8563350224304216,10.043779999999998,8.373875,-1.6699053356933575,0.23568959999999994,0.17448863,-0.06120096612892145
2086,-0.04907400000000006,-0.05659916,-0.007525158793687758,5.894769999999998,6.051105,0.1563350224304223,7.473779999999998,8.373875,0.9000946643066428,0.1626896,0.17448863,0.011799033871078501
2087,-0.019074000000000035,-0.05659916,-0.037525158793687785,7.694769999999998,6.051105,-1.6436649775695784,9.503779999999999,8.373875,-1.1299053356933584,0.1876896,0.17448863,-0.01320096612892152
2099,-0.04815400000000003,0.02515818,0.07331217992389205,4.81475,7.154881,2.3401310005187987,4.805869999999999,7.281991,2.476121004943849,0.07766270000000008,0.09599741,0.018334708032417213
2115,-0.07377500000000015,-0.006597181,0.0671778191491963,9.246040000000004,11.240676,1.9946359262084918,8.62153,10.674558,2.053027685852051,0.09850879999999995,0.097727865,-0.0007809350193023201
2699,0.20542700000000003,0.18157807,-0.0238489300746918,17.65475,16.38048,-1.2742701873779296,18.11934,17.492474,-0.6268663977050792,0.08701829999999988,0.12403574,0.03701743840856564
2757,-0.03398239999999997,-0.028858755,0.0051236452161311785,10.1113,10.400328,0.28902768249511723,7.798629999999999,7.8504605,0.05183052932739329,0.026508100000000034,0.047273107,0.020765006873035396
2837,-0.009128000000000025,0.007955856,0.017083855689942862,7.0259300000000025,8.217753,1.191823410339353,5.4815000000000005,6.552971,1.0714708862304683,0.025827899999999904,0.038139317,0.012311417184686757
2844,0.20542700000000003,0.18157807,-0.0238489300746918,18.69475,16.38048,-2.314270187377929,18.849339999999998,17.492474,-1.356866397705076,0.0990183,0.12403574,0.025017438408565518
2874,-8.900000000000574e-05,0.03827587,0.038364871425867086,7.625859999999999,9.066797,1.4409372564697271,5.19356,9.035925,3.8423649114990237,-0.01323350000000001,0.12615737,0.13939087318992616
2875,0.06991100000000006,0.03827587,-0.031635128574132976,7.835859999999997,9.066797,1.2309372564697298,9.743559999999999,9.035925,-0.7076350885009752,0.18676649999999995,0.12615737,-0.0606091268100738
2876,0.08991099999999996,0.03827587,-0.05163512857413288,9.85586,9.066797,-0.7890627435302733,12.00356,9.035925,-2.967635088500977,0.2367665,0.12615737,-0.11060912681007384
2877,-0.057613000000000136,0.029707417,0.08732041689205183,6.955680000000001,9.90856,2.952879799194335,2.9451500000000017,7.766085,4.820935147857664,-0.04854400000000003,0.046840236,0.09538423559093478
2900,0.03198999999999996,0.007823375,-0.024166624946296178,7.4415900000000015,7.7103596,0.26876957336425633,6.205080000000001,5.820343,-0.3847369824218756,0.021483599999999936,0.022214545,0.0007309449370146437
2901,-0.04801000000000011,0.007823375,0.05583337505370389,7.0615900000000025,7.7103596,0.6487695733642553,3.9550800000000024,5.820343,1.8652630175781226,-0.014516399999999985,0.022214545,0.036730944937014565
3218,0.012386999999999926,0.03447364,0.02208663898158081,9.58568,9.152177,-0.43350314300537107,6.12515,7.4292884,1.3041383872985843,-0.041544000000000025,0.04554443,0.08708843061351779
3384,-0.007613000000000092,0.03447364,0.042086638981580826,9.075680000000002,9.152177,0.07649685699462694,6.92515,7.4292884,0.5041383872985836,0.03145599999999993,0.04554443,0.014088430613517833
3385,-0.007613000000000092,0.03447364,0.042086638981580826,6.74568,9.152177,2.406496856994629,5.50515,7.4292884,1.9241383872985836,0.04145599999999994,0.04554443,0.004088430613517824
3415,0.002386999999999917,0.03447364,0.03208663898158082,7.2256800000000005,9.152177,1.9264968569946284,10.00515,7.4292884,-2.5758616127014164,0.221456,0.04554443,-0.17591156938648222
3499,-0.022612999999999994,0.029707417,0.05232041689205169,8.705680000000001,9.90856,1.202879799194335,6.10515,7.766085,1.660935147857666,0.014455999999999913,0.046840236,0.03238423559093484
3503,0.055593399999999904,0.065778114,0.010184713901615239,10.060030000000001,9.859588,-0.20044233062744254,8.46496,9.039757,0.5747967749023442,0.033296800000000015,0.051393345,0.018096544998359665
3504,0.06326029999999994,0.086550355,0.02329005495758063,10.113310000000002,10.034059,-0.07925142913818561,8.83856,9.064673,0.22611342376709054,0.0494325000000001,0.096557565,0.04712506503343572
3505,0.11307089999999997,0.10895047,-0.004120426631832097,7.685870000000001,7.1247735,-0.5610964976501478,8.282560000000002,8.000389,-0.28217090087890817,0.07635189999999992,0.071387075,-0.004964825112247384
3506,0.1269038,0.10680175,-0.020102051724243175,6.469799999999999,8.299355,1.829554553222657,9.61413,8.877804,-0.736326197509765,0.1857726999999999,0.13096383,-0.05480886786003103
3552,-0.071075,-0.019853914,0.05122108584344387,3.4377199999999988,5.5162883,2.0785682804870618,4.935819999999998,6.409077,1.4732571675109885,0.14329009999999998,0.1252466,-0.01804350068340299
3553,-0.10107500000000003,-0.019853914,0.0812210858434439,2.887719999999998,5.5162883,2.6285682804870625,2.9458199999999977,6.409077,3.4632571675109887,0.09829009999999994,0.1252466,0.02695649931659705
3554,-0.11107500000000003,-0.019853914,0.0912210858434439,3.257719999999999,5.5162883,2.2585682804870615,3.9958199999999984,6.409077,2.413257167510988,0.13129009999999997,0.1252466,-0.00604350068340298
3568,-0.07761300000000015,0.03447364,0.11208663898158089,8.63568,9.152177,0.5164968569946282,4.60515,7.4292884,2.824138387298584,-0.018544000000000005,0.04554443,0.06408843061351777
3655,0.14238699999999993,0.029707417,-0.11267958310794823,11.075680000000002,9.90856,-1.167120200805666,11.82515,7.766085,-4.059064852142335,0.14445599999999992,0.046840236,-0.09761576440906516
3697,0.04356000000000004,0.07710136,0.033541357281207995,9.923950000000001,9.782667,-0.1412828399658217,13.021430000000002,11.131593,-1.8898372494506859,0.2727328,0.18999249,-0.08274031256942749
3698,0.06256000000000006,0.07710136,0.014541357281207978,7.32395,9.782667,2.4587171600341797,10.021430000000002,11.131593,1.1101627505493141,0.1657328,0.18999249,0.024259687430572496
3699,0.04156000000000004,0.07710136,0.035541357281208,8.223950000000002,9.782667,1.5587171600341776,9.521430000000002,11.131593,1.6101627505493141,0.1377328,0.18999249,0.05225968743057252
3700,0.06056000000000006,0.07710136,0.01654135728120798,10.52395,9.782667,-0.7412828399658196,12.221430000000002,11.131593,-1.0898372494506852,0.22373279999999995,0.18999249,-0.033740312569427444
3701,0.04856000000000005,0.07710136,0.02854135728120799,8.423950000000001,9.782667,1.3587171600341783,8.021430000000002,11.131593,3.110162750549314,0.1417328,0.18999249,0.04825968743057252
3709,-0.06148600000000015,-0.02986516,0.031620839415550384,8.263110000000001,5.806916,-2.4561937631225597,9.182830000000001,5.2114496,-3.971380376892091,0.18898579999999998,0.08575104,-0.1032347582300186
3789,-0.047784999999999966,0.015848517,0.06363351741790768,4.338349999999998,8.843164,4.504814443969728,1.707250000000002,6.4502335,4.742983459472654,-0.07773589999999997,0.016747085,0.09448298537757394
3822,0.12687400000000004,0.1455971,0.018723100257873493,13.205739999999999,13.758526,0.5527858483886732,11.694909999999998,12.721217,1.0263071554565446,0.06629810000000003,0.082701676,0.01640357559385297
3823,0.21777599999999997,0.18290493,-0.03487107107734677,13.50573,13.708931,0.20320096923828146,13.27467,12.87792,-0.3967498492431645,0.10399120000000006,0.08470368,-0.019287523597431244
3824,0.23875599999999997,0.21301425,-0.025741754966735808,14.405720000000004,13.590711,-0.8150093600463908,13.698649999999997,11.769058,-1.9295917724609346,0.09943730000000006,0.07257928,-0.026858020458030762
3825,0.26937999999999995,0.21276097,-0.05661903000354762,14.555710000000001,14.1634865,-0.39222351928711063,13.9799,13.34934,-0.6305595611572272,0.0853756,0.090536185,0.005160584608936314
3826,0.260035,0.1745606,-0.08547439352035524,14.725700000000002,13.735276,-0.9904237777709977,14.618500000000001,13.270796,-1.3477041778564463,0.14720520000000004,0.13010997,-0.017095234198761022
3827,0.3823869999999999,0.023407081,-0.358979918857932,19.805680000000002,9.822612,-9.983068191223147,17.21515,7.931286,-9.283864141845704,0.13345600000000002,0.053273123,-0.08018287724232676
3903,-0.04657800000000001,0.014198647,0.06077664688068629,8.36578,9.8082485,1.44246851989746,6.605729999999999,7.904638,1.2989078135681158,0.05507470000000003,0.039339345,-0.015735355051469835
3953,-0.08910499999999999,-0.046634488,0.04247051219224929,4.127230000000001,5.221473,1.0942432170104972,2.9410600000000002,6.333978,3.392918176116943,0.053047100000000014,0.12311526,0.07006815642871855
3955,-0.019104999999999928,-0.046634488,-0.027529487807750774,5.227229999999999,5.221473,-0.005756782989500664,15.251060000000003,6.333978,-8.91708182388306,0.5230471,0.12311526,-0.3999318435712814
4012,0.003422000000000036,-0.02326136,-0.02668336082410816,8.035780000000003,8.493992,0.45821185180663804,8.10573,7.481152,-0.6245779423522944,0.10707470000000008,0.04196192,-0.06511278048367508
4028,0.05238699999999996,0.06097038,0.008583380902290383,8.105680000000003,9.069213,0.9635329135131805,6.00515,7.174274,1.1691239677429195,-0.028544000000000014,0.006439631,0.034983630873501315
4076,0.16574499999999992,0.084292784,-0.08145221566677086,8.708979999999997,9.232352,0.5233722567749055,10.226890000000001,8.07712,-2.149770172729493,0.14256879999999994,0.07469965,-0.06786915227537149
4101,-0.007613000000000092,0.023407081,0.031020081142068,5.4756800000000005,9.822612,4.346931808776855,6.03515,7.931286,1.896135858154297,0.09445599999999998,0.053273123,-0.04118287724232672
4102,-0.057613000000000136,0.023407081,0.08102008114206805,4.625680000000003,9.822612,5.196931808776853,3.235150000000001,7.931286,4.696135858154296,0.03545600000000004,0.053273123,0.01781712275767322
4172,-0.07761300000000015,0.023407081,0.10102008114206806,5.805680000000002,9.822612,4.016931808776853,4.70515,7.931286,3.226135858154297,0.07145599999999996,0.053273123,-0.0181828772423267
4174,-0.0176130000000001,0.023407081,0.04102008114206801,7.605680000000003,9.822612,2.2169318087768524,8.805150000000001,7.931286,-0.8738641418457043,0.16345599999999993,0.053273123,-0.11018287724232667
4200,-0.08910499999999999,-0.072381414,0.016723585526943197,9.36723,9.054479,-0.31275135467529225,9.181060000000002,8.273068,-0.9079915719604514,0.1630471,0.14045705,-0.022590050987815857
4237,0.05238699999999996,0.03447364,-0.017913361018419227,9.29568,9.152177,-0.14350314300537192,9.225150000000001,7.4292884,-1.795861612701417,0.10145599999999999,0.04554443,-0.05591156938648223
4239,0.2423869999999999,0.03447364,-0.20791336101841917,15.365680000000001,9.152177,-6.213503143005372,16.04515,7.4292884,-8.615861612701416,0.271456,0.04554443,-0.2259115693864822
4300,0.08238699999999999,0.03447364,-0.047913361018419254,11.125680000000003,9.152177,-1.9735031430053738,9.24515,7.4292884,-1.8158616127014167,0.02145599999999992,0.04554443,0.02408843061351784
4301,0.05181100000000005,0.06600769,0.014196688641548105,10.29099,9.813992,-0.4769984533691414,7.8813200000000005,7.947869,0.0665488240051264,-0.003105399999999925,0.023466878,0.026572277639293596
4302,0.03376000000000001,0.05158735,0.017827350666522968,16.820030000000003,14.522844,-2.2971856854248074,12.043650000000001,10.682841,-1.3608086990356458,-0.013672399999999918,0.007816479,0.021488878610038675
4303,0.02191199999999993,0.011465812,-0.01044618789803975,7.332460000000001,7.3546863,0.022226260223387584,5.6569,5.854026,0.19712584075927708,0.0072030000000000705,0.019337548,0.012134547942995955
4304,0.04074400000000011,0.059599828,0.0188558279750346,7.22297,7.3731513,0.15018130233764637,5.793099999999999,6.4172745,0.6241744750976572,0.0024186000000000485,0.025727812,0.023309212200784635
4305,0.11630800000000008,0.08329373,-0.033014271469593126,12.079360000000001,9.465591,-2.6137685693359387,10.468879999999999,8.155704,-2.3131764553832994,0.037999499999999964,0.045224383,0.007224883473396337
4306,0.1023869999999999,0.03447364,-0.06791336101841916,12.785680000000003,9.152177,-3.633503143005374,10.62515,7.4292884,-3.1958616127014157,0.03145599999999993,0.04554443,0.014088430613517833
4307,0.07181100000000007,0.06600769,-0.0058033113584519125,11.090990000000001,9.813992,-1.276998453369142,8.781320000000001,7.947869,-0.833451175994874,0.0368946,0.023466878,-0.013427722360706329
4310,0.08574400000000004,0.059599828,-0.02614417202496533,7.7029700000000005,7.3731513,-0.32981869766235405,7.363099999999999,6.4172745,-0.9458255249023431,0.05241859999999998,0.025727812,-0.0266907877992153
4311,-0.047784999999999966,0.012220213,0.060005213189721074,6.738349999999997,7.42902,0.6906699279785187,4.30725,6.020735,1.7134847869873049,0.02226410000000001,0.03712316,0.0148590585741043
4376,0.15238699999999994,0.023407081,-0.12897991885793203,12.285680000000003,9.822612,-2.4630681912231474,13.86515,7.931286,-5.933864141845703,0.23145599999999994,0.053273123,-0.17818287724232668
4377,0.06238699999999997,0.023407081,-0.03897991885793206,10.955680000000001,9.822612,-1.1330681912231455,8.50515,7.931286,-0.5738641418457036,0.0014560000000000128,0.053273123,0.05181712275767325
4378,0.1023869999999999,0.023407081,-0.07897991885793199,11.355680000000003,9.822612,-1.5330681912231476,9.91515,7.931286,-1.9838641418457037,0.04145599999999994,0.053273123,0.011817122757673326
4380,0.06181900000000007,0.057351172,-0.004467828029632637,8.358890000000002,8.481604,0.12271362243652106,10.89359,8.652075,-2.2415151861572262,0.21441880000000002,0.10617066,-0.10824813825254442
4381,0.011819000000000024,0.057351172,0.04553217197036741,8.158890000000003,8.481604,0.32271362243652035,8.493590000000001,8.652075,0.15848481384277235,0.12441880000000005,0.10617066,-0.018248138252544455
4382,0.04181900000000005,0.057351172,0.015532171970367381,7.7588900000000045,8.481604,0.7227136224365189,8.09359,8.652075,0.5584848138427727,0.10441880000000003,0.10617066,0.0017518617474555631
4384,0.03181900000000004,0.057351172,0.02553217197036739,6.658890000000003,8.481604,1.8227136224365204,6.19359,8.652075,2.458484813842773,0.05441879999999999,0.10617066,0.05175186174745561
4490,0.17257899999999993,0.13244851,-0.040130490664482044,5.286369999999998,6.938458,1.652087965850832,6.121339999999998,6.5714145,0.4500744706726092,0.02713410000000005,0.020648967,-0.0064851325253010295
4513,0.08238699999999999,0.029707417,-0.05267958310794829,14.005680000000002,9.90856,-4.097120200805666,14.465150000000001,7.766085,-6.699064852142335,0.26145599999999997,0.046840236,-0.2146157644090652
4586,-0.02746599999999999,0.005492478,0.032958478143423786,8.646149999999999,8.656407,0.010257356262208361,6.688349999999998,6.4738708,-0.21447924575805466,0.06081619999999999,0.007927664,-0.052888536375713335
4587,-0.06746600000000003,0.005492478,0.07295847814342382,6.446149999999999,8.656407,2.2102573562622077,3.7883499999999977,6.4738708,2.6855207542419457,0.02081619999999995,0.007927664,-0.0128885363757133
4813,-0.05746600000000002,0.005492478,0.06295847814342381,6.436149999999998,8.656407,2.220257356262209,3.1283499999999975,6.4738708,3.345520754241946,-0.021183800000000086,0.007927664,0.029111463624286738
4914,-0.10148600000000019,-0.02986516,0.07162083941555042,2.14311,5.806916,3.6638062368774413,0.5528300000000002,5.2114496,4.65861962310791,0.02698579999999995,0.08575104,0.058765241769981436
4915,-0.131486,-0.02986516,0.10162083941555022,1.4631100000000004,5.806916,4.343806236877441,-1.2271699999999974,5.2114496,6.438619623107908,0.0029858000000000384,0.08575104,0.08276524176998135
5029,0.10914599999999985,0.10933156,0.00018556311512007984,10.6694,12.41575,1.746349549865723,13.840419999999998,16.087952,2.247531660156252,0.1722325,0.26247913,0.09024662645339965
5037,0.09914599999999985,0.10933156,0.010185563115120089,11.049399999999999,12.41575,1.366349549865724,13.520419999999998,16.087952,2.567531660156252,0.14223249999999998,0.26247913,0.12024662645339967
5041,0.09914599999999985,0.10933156,0.010185563115120089,11.4494,12.41575,0.966349549865722,13.800419999999999,16.087952,2.287531660156251,0.1522325,0.26247913,0.11024662645339967
5045,0.10914599999999985,0.10933156,0.00018556311512007984,12.0594,12.41575,0.35634954986572254,15.240419999999999,16.087952,0.8475316601562515,0.20223250000000004,0.26247913,0.06024662645339962
5049,0.12914599999999987,0.10933156,-0.019814436884879938,12.139399999999998,12.41575,0.27634954986572424,18.19042,16.087952,-2.1024683398437496,0.3622325,0.26247913,-0.09975337354660035
5053,0.1491459999999999,0.10933156,-0.039814436884879956,18.449399999999997,12.41575,-6.0336504501342745,22.94042,16.087952,-6.85246833984375,0.5522325,0.26247913,-0.28975337354660036
5351,0.09038699999999988,0.03848932,-0.05189768061590183,11.90568,9.572228,-2.33345156829834,10.305150000000001,7.9342074,-2.3709425605773937,0.051455999999999946,0.036936086,-0.014519914328813499
5560,-0.03778499999999996,0.01292221,0.05070720968753095,7.1183499999999995,9.493646,2.3752956680297856,3.337250000000001,6.4032764,3.0660264434814444,-0.04873589999999994,-0.0072601163,0.04147578371714944
5676,0.9728413,0.77699745,-0.19584385298614504,23.72903,20.426298,-3.3027318585205094,3.978679999999999,5.7292247,1.7505446818542492,0.03912840000000006,0.049592163,0.010463763413762983
5682,0.030245000000000077,0.04533344,0.015088441346883696,3.5702,8.262197,4.69199654083252,7.330859999999998,9.04216,1.7113000341796898,0.20142719999999992,0.14306512,-0.05836207524986259
5683,0.050245000000000095,0.04533344,-0.004911558653116321,7.670200000000001,8.262197,0.5919965408325183,7.730859999999998,9.04216,1.3113000341796894,0.07142720000000002,0.14306512,0.0716379247501373
5686,0.050245000000000095,0.04533344,-0.004911558653116321,7.3702000000000005,8.262197,0.891996540832519,9.330859999999998,9.04216,-0.2886999658203102,0.1714272,0.14306512,-0.028362075249862673
5760,0.09701499999999996,0.111943185,0.014928185329437293,6.271419999999999,10.373615,4.102195264892579,8.98863,12.301971,3.3133414355468744,0.09765030000000008,0.12846315,0.030812849070739667
5848,0.09221500000000005,0.05314887,-0.03906613057494168,19.43835,16.791924,-2.646426477050781,15.407250000000001,13.962628,-1.444621635437013,0.1222641000000001,0.03088795,-0.09137614978823672
5849,0.09221500000000005,0.05314887,-0.03906613057494168,17.43835,16.791924,-0.646426477050781,13.807250000000002,13.962628,0.1553783645629867,0.062264100000000044,0.03088795,-0.03137614978823666
5850,0.032215000000000105,0.05314887,0.02093386942505826,12.338349999999998,16.791924,4.45357352294922,9.50725,13.962628,4.455378364562987,0.02226410000000001,0.03088795,0.008623850211763373
5852,0.07221500000000014,0.05314887,-0.019066130574941775,16.238349999999997,16.791924,0.5535735229492218,13.307250000000002,13.962628,0.6553783645629867,-0.05773589999999995,0.03088795,0.08862385021176333
5854,0.05221500000000012,0.05314887,0.0009338694250582424,15.538349999999998,16.791924,1.253573522949221,17.507250000000003,13.962628,-3.5446216354370144,-0.14773589999999992,0.03088795,0.1786238502117633
5862,-0.03778499999999996,0.05314887,0.09093386942505832,24.81835,16.791924,-8.02642647705078,17.297250000000002,13.962628,-3.3346216354370135,-0.03773589999999993,0.03088795,0.06862385021176332
5934,0.03198999999999996,0.05438601,0.022396008530855216,6.221590000000003,10.373238,4.151647609863279,5.07508,7.7503505,2.6752704753112795,0.007483600000000035,0.032168016,0.024684415837669338
6211,-0.023965000000000014,0.024066657,0.04803165682792665,7.505700000000001,13.064666,5.558965794372558,4.698500000000001,9.275294,4.576794303894042,-0.013794799999999996,0.0827551,0.09654990370731353
6522,0.4982519999999999,0.19516686,-0.3030851439495086,10.35528,9.874317,-0.48096283081054736,17.42244,13.492927,-3.929513402404787,0.3693009,0.23700297,-0.13229793121185301
6523,0.14825199999999994,0.19516686,0.046914856050491394,10.25528,9.874317,-0.3809628308105477,14.122440000000001,13.492927,-0.6295134024047861,0.34930089999999997,0.23700297,-0.112297931211853
6524,0.40825199999999995,0.19516686,-0.21308514394950862,10.55528,9.874317,-0.6809628308105466,13.622440000000001,13.492927,-0.12951340240478615,0.27930089999999996,0.23700297,-0.04229793121185299
6526,0.15825199999999995,0.19516686,0.036914856050491385,10.05528,9.874317,-0.18096283081054665,13.122440000000001,13.492927,0.37048659759521385,0.25930089999999995,0.23700297,-0.022297931211852973
6527,0.2282519999999999,0.19516686,-0.033085143949508566,10.25528,9.874317,-0.3809628308105477,14.422440000000002,13.492927,-0.9295134024047869,0.22930089999999992,0.23700297,0.007702068788147054
6529,-0.02074799999999999,0.19516686,0.21591485605049132,9.75528,9.874317,0.11903716918945229,9.022440000000001,13.492927,4.4704865975952135,0.09930089999999991,0.23700297,0.13770206878814706
6530,-0.0027479999999999727,0.19516686,0.1979148560504913,9.995280000000001,9.874317,-0.12096283081054793,14.622440000000001,13.492927,-1.1295134024047861,0.13630089999999995,0.23700297,0.10070206878814703
6752,0.4248790000000001,0.17626978,-0.24860921543025982,14.211459999999999,14.570217,0.3587571325683605,18.91837,16.686161,-2.232208958740234,0.24892409999999998,0.29593253,0.04700843135681154
6753,0.20487900000000014,0.17626978,-0.02860921543025985,9.211459999999999,14.570217,5.3587571325683605,16.91837,16.686161,-0.23220895874023384,0.37892410000000004,0.29593253,-0.08299156864318852
6755,-0.02512099999999995,0.17626978,0.20139078456974024,12.211459999999999,14.570217,2.3587571325683605,14.71837,16.686161,1.9677910412597654,0.2789241,0.29593253,0.017008431356811515
6756,0.24487900000000007,0.17626978,-0.06860921543025977,29.21146,14.570217,-14.64124286743164,23.91837,16.686161,-7.232208958740234,0.5789241,0.29593253,-0.28299156864318853
6757,0.4348790000000001,0.17626978,-0.25860921543025983,17.21146,14.570217,-2.6412428674316395,20.71837,16.686161,-4.0322089587402346,0.31892410000000004,0.29593253,-0.02299156864318852
6758,0.1548790000000001,0.17626978,0.021390784569740195,16.71146,14.570217,-2.1412428674316395,18.21837,16.686161,-1.5322089587402346,0.2989241,0.29593253,-0.0029915686431885025
6760,0.024879000000000095,0.17626978,0.1513907845697402,11.711459999999999,14.570217,2.8587571325683605,13.41837,16.686161,3.267791041259766,0.21892410000000007,0.29593253,0.07700843135681146
6762,0.05487900000000012,0.17626978,0.12139078456974017,12.31146,14.570217,2.258757132568359,11.21837,16.686161,5.4677910412597654,0.10392410000000007,0.29593253,0.19200843135681145
6891,-0.0752130000000002,-0.06703413,0.008178867221355635,8.432690000000001,18.199324,9.766633654174804,8.211599999999997,8.846316,0.6347163375854521,0.11239939999999993,0.11534586,0.002946458037471844
6892,-0.06521300000000019,-0.06703413,-0.0018211327786443743,28.762690000000003,18.199324,-10.563366345825198,9.851599999999998,8.846316,-1.0052836624145485,0.14139940000000006,0.11534586,-0.026053541962528293
6919,0.09238699999999989,0.029707417,-0.06267958310794819,8.40568,9.90856,1.5028797991943357,7.805150000000001,7.766085,-0.03906485214233513,0.027455999999999925,0.046840236,0.01938423559093483
6920,0.1123869999999999,0.029707417,-0.0826795831079482,6.705680000000001,9.90856,3.202879799194335,6.50515,7.766085,1.2609351478576656,0.0034560000000000146,0.046840236,0.04338423559093474
6921,0.12238699999999991,0.029707417,-0.09267958310794822,10.505680000000002,9.90856,-0.5971202008056657,9.40515,7.766085,-1.6390648521423348,0.024455999999999922,0.046840236,0.02238423559093483
7018,0.198005,0.061667316,-0.1363376843380928,11.089310000000001,6.2968407,-4.792469332275392,11.917390000000001,7.264897,-4.652493130340577,0.14189190000000007,0.11705947,-0.02483243077697761
7019,0.15400499999999984,0.061667316,-0.09233768433809264,8.869309999999999,6.2968407,-2.5724693322753893,11.217390000000002,7.264897,-3.952493130340578,0.1988919,0.11705947,-0.08183243077697755
7022,0.010005000000000042,0.061667316,0.051662315661907154,2.139310000000002,6.2968407,4.1575306677246076,4.607390000000002,7.264897,2.6575068696594215,0.12489190000000006,0.11705947,-0.007832430776977595
7023,0.004005000000000036,0.061667316,0.05766231566190716,2.1193099999999987,6.2968407,4.177530667724611,2.0973900000000008,7.264897,5.167506869659423,0.01789190000000007,0.11705947,0.09916756922302239
7024,0.04500499999999996,0.061667316,0.016662315661907234,3.05931,6.2968407,3.2375306677246094,4.307390000000002,7.264897,2.957506869659422,0.0608919,0.11705947,0.05616756922302246
7135,0.052458000000000005,0.13656561,0.08410761076641082,19.98927,22.103645,2.11437532470703,18.55426,19.832996,1.2787363684082038,0.1795405,0.17905994,-0.0004805624036788858
7137,0.25945799999999997,0.13656561,-0.12289238923358914,25.98927,22.103645,-3.88562467529297,22.65426,19.832996,-2.8212636315917976,0.21954050000000003,0.17905994,-0.04048056240367892
7145,-0.02778499999999995,0.13219959,0.1599845854377746,6.808349999999997,16.856354,10.048003759765628,4.14725,12.957418,8.810168441772461,-0.01073589999999991,0.18572249,0.1964583851846694
7146,0.042215000000000114,0.13219959,0.08998458543777454,7.698349999999998,16.856354,9.158003759765627,7.7272500000000015,12.957418,5.230168441772459,0.07726410000000006,0.18572249,0.10845838518466944
7147,0.07221500000000014,0.13219959,0.05998458543777452,9.628349999999998,16.856354,7.2280037597656275,11.417250000000001,12.957418,1.54016844177246,0.20026410000000006,0.18572249,-0.014541614815330561
7148,0.11221500000000006,0.13219959,0.019984585437774594,21.06835,16.856354,-4.211996240234374,17.457250000000002,12.957418,-4.499831558227541,0.27426410000000007,0.18572249,-0.08854161481533057
7149,0.1522150000000001,0.13219959,-0.020015414562225442,28.43835,16.856354,-11.581996240234375,20.277250000000002,12.957418,-7.319831558227541,0.32526410000000006,0.18572249,-0.13954161481533056
7150,0.33221500000000015,0.13219959,-0.2000154145622255,28.668349999999997,16.856354,-11.811996240234372,20.367250000000002,12.957418,-7.409831558227541,0.38726410000000006,0.18572249,-0.20154161481533056
7203,0.09221500000000005,0.020216167,-0.07199883302688603,17.83835,11.501675,-6.336675347900389,15.10725,9.607797,-5.499453330993653,0.19226410000000005,0.05865756,-0.1336065395024777
7204,0.08421500000000015,0.020216167,-0.06399883302688614,17.038349999999998,11.501675,-5.536675347900388,13.407250000000001,9.607797,-3.7994533309936536,0.062264100000000044,0.05865756,-0.0036065395024776903
7226,-0.07351200000000002,-0.014311868,0.059200132233917735,5.481820000000003,7.946731,2.4649110905456517,1.40644,4.8552766,3.4488365846252442,-0.05369219999999997,0.0044255615,0.058117761521202294
7227,-0.08951200000000004,-0.014311868,0.07520013223391775,5.031820000000003,7.946731,2.914911090545651,0.3064399999999985,4.8552766,4.548836584625246,-0.07169219999999998,0.0044255615,0.07611776152120231
7480,0.09468699999999985,0.08070576,-0.013981238090514991,23.459100000000003,22.705355,-0.7537453094482451,20.52853,19.431484,-1.0970457775878906,0.3218311,0.2895341,-0.03229700805053709
7481,0.07468699999999995,0.08070576,0.006018761909484915,25.1691,22.705355,-2.4637453094482424,21.25853,19.431484,-1.827045777587891,0.3348311,0.2895341,-0.0452970080505371
7482,0.06730300000000011,-0.017141083,-0.08444408325541031,20.00581,11.446144,-8.559665895996094,19.58326,9.919465,-9.663794934997558,0.2944346,0.08472598,-0.20970861655912398
7483,-0.032696999999999976,-0.017141083,0.015555916744589782,12.905810000000002,11.446144,-1.4596658959960962,10.08326,9.919465,-0.16379493499755782,0.014434599999999964,0.08472598,0.07029138344087604
7484,-0.012696999999999958,-0.017141083,-0.004444083255410236,10.20581,11.446144,1.2403341040039066,9.683259999999999,9.919465,0.23620506500244254,0.08443460000000003,0.08472598,0.0002913834408759808
7487,-0.042696999999999985,-0.017141083,0.02555591674458979,11.20581,11.446144,0.24033410400390665,9.183259999999999,9.919465,0.7362050650024425,0.04443459999999999,0.08472598,0.040291383440876016
7489,-0.0026969999999999494,-0.017141083,-0.014444083255410245,9.805810000000001,11.446144,1.6403341040039052,8.18326,9.919465,1.7362050650024408,0.024434599999999973,0.08472598,0.060291383440876034
7490,-0.032696999999999976,-0.017141083,0.015555916744589782,8.605810000000002,11.446144,2.8403341040039045,7.083259999999999,9.919465,2.836205065002442,0.03443459999999998,0.08472598,0.050291383440876025
7498,0.074847,0.06508986,-0.00975714093160629,5.09113,6.3135014,1.2223713580322269,6.153739999999999,6.194703,0.04096310211181731,0.06595679999999993,0.042051964,-0.023904836491870807
7548,0.10630499999999998,0.1171351,0.010830100066661852,10.098029999999998,11.784796,1.6867657611084006,12.352540000000001,13.978533,1.6259927911376941,0.11033899999999996,0.12761652,0.017277524696350133
7550,0.136305,0.1171351,-0.019169899933338175,10.438029999999998,11.784796,1.3467657611084007,12.64254,13.978533,1.335992791137695,0.09033900000000006,0.12761652,0.03727752469635004
7552,0.06630500000000006,0.1171351,0.050830100066661776,13.968029999999999,11.784796,-2.1832342388916004,15.34254,13.978533,-1.3640072088623043,0.17033900000000002,0.12761652,-0.04272247530364992
7644,0.37889000000000006,0.27707618,-0.10181381525039679,10.965449999999999,11.459187,0.4937365539550793,15.82344,14.74424,-1.0792001928710935,0.30043050000000004,0.22874661,-0.07168389210033421
7645,0.29489,0.27707618,-0.017813815250396714,14.565449999999998,11.459187,-3.1062634460449203,15.77344,14.74424,-1.0292001928710945,0.21243049999999997,0.22874661,0.016316107899665866
7762,-0.03761300000000012,0.03447364,0.07208663898158085,7.435680000000001,9.152177,1.7164968569946275,3.8851499999999994,7.4292884,3.5441383872985845,-0.03254400000000013,0.04554443,0.07808843061351789
7763,-0.02761300000000011,0.03447364,0.062086638981580844,8.035680000000003,9.152177,1.116496856994626,3.895150000000001,7.4292884,3.534138387298583,-0.06154400000000004,0.04554443,0.1070884306135178
7764,-0.03761300000000012,0.03447364,0.07208663898158085,7.985680000000002,9.152177,1.1664968569946268,3.815149999999999,7.4292884,3.614138387298585,-0.06654400000000005,0.04554443,0.11208843061351781
7766,-0.02761300000000011,0.03447364,0.062086638981580844,11.125680000000003,9.152177,-1.9735031430053738,8.11515,7.4292884,-0.6858616127014159,0.04145599999999994,0.04554443,0.004088430613517824
7767,-0.02761300000000011,0.03447364,0.062086638981580844,17.95568,9.152177,-8.803503143005372,13.195150000000002,7.4292884,-5.765861612701418,0.07145599999999996,0.04554443,-0.025911569386482203
7768,-0.04761300000000013,0.03447364,0.08208663898158086,5.3456800000000015,9.152177,3.8064968569946274,1.265150000000002,7.4292884,6.164138387298582,-0.08454399999999995,0.04554443,0.1300884306135177
7946,-0.09579500000000007,-0.05629559,0.03949941138744362,3.6104699999999994,4.4120073,0.8015373318481451,1.0476099999999988,2.412019,1.3644090143585217,0.0007224000000000119,0.04198047,0.041258071462011325
8023,0.04838699999999996,0.03447364,-0.013913361018419224,5.99568,9.152177,3.156496856994629,7.78515,7.4292884,-0.3558616127014158,0.1314559999999999,0.04554443,-0.08591156938648215
8032,0.00044200000000005346,0.02362632,0.023184320064067787,7.178659999999997,8.417593,1.2389330023193388,7.678690000000001,10.659183,2.980492548522948,0.0050736000000000114,0.06408434,0.05901074361219405
8034,0.04044200000000009,0.02362632,-0.01681567993593225,9.298659999999998,8.417593,-0.8810669976806622,12.72869,10.659183,-2.069507451477051,0.10007359999999998,0.06408434,-0.035989256387805924
8057,0.0542450000000001,0.043831754,-0.010413245524168113,4.586269999999999,7.651023,3.0647529110717784,7.649840000000001,8.687159,1.0373185845947255,0.16017380000000003,0.13501063,-0.02516317010765079
8058,0.012959000000000165,0.05060014,0.03764114128684981,10.168589999999998,10.245292,0.0767017098999041,9.86852,11.281054,1.4125335430908201,0.06296540000000006,0.1373421,0.07437669537506097
8086,-0.030613,0.06097038,0.09158338090229035,6.105680000000003,9.069213,2.9635329135131805,2.305150000000001,7.174274,4.869123967742919,-0.06354400000000004,0.006439631,0.06998363087350135
8087,-0.014612999999999987,0.06097038,0.07558338090229033,6.705680000000001,9.069213,2.3635329135131826,3.605150000000002,7.174274,3.569123967742918,-0.03554400000000002,0.006439631,0.04198363087350132
8088,-0.023613000000000106,0.06097038,0.08458338090229045,6.105680000000003,9.069213,2.9635329135131805,2.905149999999999,7.174274,4.269123967742921,-0.04354400000000003,0.006439631,0.04998363087350133
8167,0.2214879999999999,0.14169982,-0.07978817924308768,8.641820000000003,9.871238,1.2294177548217746,11.51644,9.711214,-1.8052259344482415,0.10030780000000006,0.045777734,-0.05453006563096052
8168,0.3414879999999999,0.14169982,-0.19978817924308767,9.041820000000001,9.871238,0.829417754821776,13.01644,9.711214,-3.3052259344482415,0.16330780000000011,0.045777734,-0.11753006563096058
8169,0.2214879999999999,0.14169982,-0.07978817924308768,12.641820000000003,9.871238,-2.7705822451782254,12.51644,9.711214,-2.8052259344482415,0.041307800000000006,0.045777734,0.00446993436903953
8177,-0.03899000000000008,0.018016003,0.05700600307226189,8.26493,11.835722,3.5707919696044925,5.796899999999999,8.084899,2.2879989486694345,0.019842499999999985,-0.050935112,-0.07077761193990706
8178,0.16101,0.018016003,-0.14299399692773818,23.96493,11.835722,-12.129208030395507,16.596899999999998,8.084899,-8.512001051330564,-0.3101575,-0.050935112,0.2592223880600929
8179,0.06101000000000001,0.018016003,-0.0429939969277382,15.00493,11.835722,-3.1692080303955077,10.306899999999999,8.084899,-2.2220010513305652,-0.07015749999999998,-0.050935112,0.01922238806009291
8181,-0.03899000000000008,0.018016003,0.05700600307226189,7.08493,11.835722,4.750791969604492,5.286899999999999,8.084899,2.7979989486694343,0.0398425,-0.050935112,-0.09077761193990708
8182,-0.03899000000000008,0.018016003,0.05700600307226189,7.124929999999999,11.835722,4.710791969604493,5.4169,8.084899,2.6679989486694335,0.0398425,-0.050935112,-0.09077761193990708
8199,-0.05008900000000005,0.03827587,0.08836487142586713,9.17586,9.066797,-0.10906274353027356,7.67356,9.035925,1.3623649114990233,0.08676649999999997,0.12615737,0.03939087318992618
8201,0.09991099999999997,0.03827587,-0.06163512857413289,10.69586,9.066797,-1.6290627435302731,12.54356,9.035925,-3.507635088500976,0.21676649999999997,0.12615737,-0.09060912681007383
8247,0.002386999999999917,0.029707417,0.02732041689205178,9.105680000000003,9.90856,0.8028797991943328,6.805150000000001,7.766085,0.9609351478576649,0.016455999999999915,0.046840236,0.03038423559093484
8254,0.032386999999999944,0.029707417,-0.002679583107948247,9.605680000000003,9.90856,0.30287979919433283,8.70515,7.766085,-0.9390648521423337,0.08145599999999997,0.046840236,-0.03461576440906522
8329,0.06221500000000013,0.01292221,-0.04929279031246914,6.3683499999999995,9.493646,3.1252956680297856,7.907250000000001,6.4032764,-1.503973556518556,0.11326410000000009,-0.0072601163,-0.1205242162828506
8330,-0.047784999999999966,0.01292221,0.06070720968753096,5.958349999999999,9.493646,3.535295668029786,6.207250000000002,6.4032764,0.19602644348144338,0.11226410000000009,-0.0072601163,-0.11952421628285059
8647,-0.015009999999999968,0.0036840192,0.018694019204229084,10.32159,12.910175,2.5885853234863276,7.48508,9.520025,2.0349452532958985,0.019483599999999934,0.03570345,0.01621985044136054
8700,-0.09778500000000001,0.01292221,0.110707209687531,7.898349999999997,9.493646,1.595295668029788,3.6072500000000005,6.4032764,2.796026443481445,-0.02273589999999992,-0.0072601163,0.015475783717149416
8701,-0.09778500000000001,0.01292221,0.110707209687531,6.958349999999999,9.493646,2.535295668029786,1.9072500000000012,6.4032764,4.496026443481444,-0.06373589999999985,-0.0072601163,0.05647578371714934
8755,0.06088300000000002,-0.0044067656,-0.06528976556900146,5.277709999999999,6.4154897,1.137779673614503,6.316690000000001,6.886433,0.5697431245422351,0.0613556999999999,0.099752456,0.03839675594978342
8756,0.002215000000000078,0.015848517,0.013633517417907637,6.43835,8.843164,2.4048144439697268,3.497250000000001,6.4502335,2.952983459472655,-0.04773589999999994,0.016747085,0.06448298537757391
8757,-0.01778499999999994,0.015848517,0.033633517417907655,9.828349999999997,8.843164,-0.9851855560302702,6.567250000000001,6.4502335,-0.11701654052734511,-0.007735899999999907,0.016747085,0.024482985377573874
8766,0.12303000000000008,0.097935766,-0.02509423401832589,17.38507,15.338173,-2.0468970874023427,16.80032,15.161389,-1.638930649108886,0.15565819999999997,0.120595574,-0.035062625621032684
8767,0.09303000000000006,0.097935766,0.004905765981674137,16.48507,15.338173,-1.146897087402344,15.900319999999999,15.161389,-0.7389306491088856,0.12565819999999994,0.120595574,-0.005062625621032657
8768,0.08303000000000016,0.097935766,0.014905765981674035,15.285070000000001,15.338173,0.053102912597655205,15.000319999999999,15.161389,0.16106935089111474,0.10565820000000004,0.120595574,0.01493737437896725
8769,0.07303000000000015,0.097935766,0.024905765981674044,14.48507,15.338173,0.8531029125976559,14.30032,15.161389,0.861069350891114,0.09565820000000003,0.120595574,0.02493737437896726
8773,0.08303000000000016,0.097935766,0.014905765981674035,14.68507,15.338173,0.6531029125976566,14.30032,15.161389,0.861069350891114,0.09565820000000003,0.120595574,0.02493737437896726
8774,0.06303000000000014,0.097935766,0.03490576598167405,13.68507,15.338173,1.6531029125976566,13.400319999999999,15.161389,1.7610693508911144,0.09565820000000003,0.120595574,0.02493737437896726
8775,0.09303000000000006,0.097935766,0.004905765981674137,14.98507,15.338173,0.3531029125976559,14.700319999999998,15.161389,0.46106935089111545,0.10565820000000004,0.120595574,0.01493737437896725
8819,-0.0717620000000001,-0.079781115,-0.008019115055084125,9.75629,8.334858,-1.4214320593261718,8.558089999999998,6.580859,-1.9772308157348615,0.08970110000000009,0.057185397,-0.03251570344791421
8831,0.03707080000000007,0.020225912,-0.01684488766746528,7.439170000000004,7.471227,0.032057169036860955,8.10021,7.799295,-0.3009150514221197,0.10348449999999998,0.10122178,-0.002262722501277903
8833,0.007070800000000044,0.020225912,0.013155112332534746,6.939170000000004,7.471227,0.532057169036861,7.340210000000001,7.799295,0.45908494857788007,0.10048450000000009,0.10122178,0.0007372774987219888
8849,-0.004813999999999874,-0.052164476,-0.047350476364851124,17.73925,14.706323,-3.0329273300170883,16.73725,14.16733,-2.5699202117919917,0.1379144,0.11693607,-0.020978327292823784
8850,-0.023217699999999897,-0.023064855,0.00015284451384534048,10.888630000000003,11.16823,0.2796000567626926,9.35089,9.727136,0.37624565826416045,0.06411140000000004,0.09723051,0.03311910892353054
8851,-0.027660999999999936,-0.00036411983,0.027296880172718252,10.336780000000001,11.088897,0.7521167514038076,8.704699999999999,10.182098,1.477398388671876,0.04876780000000003,0.06348468,0.01471688363285062
8852,-0.010661000000000032,-0.00036411983,0.010296880172718348,11.746780000000001,11.088897,-0.6578832485961925,10.3547,10.182098,-0.17260161132812435,0.05876780000000004,0.06348468,0.00471688363285061
8853,-0.04739899999999997,-0.00979111,0.03760789028906819,11.47148,11.433897,-0.03758298156738249,9.756269999999999,10.758587,1.002316883544923,0.0933676,0.13967636,0.046308762276077275
9062,0.21238699999999988,0.11570313,-0.09668387172174442,25.805680000000002,18.095854,-7.70982619445801,19.80515,15.729538,-4.075612036132814,0.42145599999999994,0.26514402,-0.15631197968101496
9063,0.09238699999999989,0.11570313,0.023316128278255577,13.805680000000002,18.095854,4.29017380554199,12.10515,15.729538,3.6243879638671874,0.10145599999999999,0.26514402,0.163688020318985
9064,0.2223869999999999,0.11570313,-0.10668387172174443,23.405680000000004,18.095854,-5.309826194458012,18.40515,15.729538,-2.6756120361328115,0.221456,0.26514402,0.043688020318985
9065,0.09238699999999989,0.11570313,0.023316128278255577,13.605680000000001,18.095854,4.490173805541991,15.305150000000001,15.729538,0.42438796386718636,0.331456,0.26514402,-0.06631197968101499
9066,0.05238699999999996,0.11570313,0.0633161282782555,12.505680000000002,18.095854,5.5901738055419905,13.20515,15.729538,2.524387963867188,0.23145599999999994,0.26514402,0.033688020318985046
9080,-0.03761300000000012,0.029707417,0.06732041689205182,6.525680000000001,9.90856,3.3828797991943347,5.3351500000000005,7.766085,2.4309351478576655,0.051455999999999946,0.046840236,-0.004615764409065193
9090,0.12148799999999993,-0.00947776,-0.1309657597114443,13.471820000000003,8.631752,-4.8400679858398465,13.72644,5.21549,-8.510950135650635,0.19930780000000003,-0.012164841,-0.21147264140604738
9093,0.012386999999999926,0.03447364,0.02208663898158081,12.645680000000002,9.152177,-3.4935031430053733,10.635150000000001,7.4292884,-3.2058616127014172,0.09645599999999999,0.04554443,-0.050911569386482225
9094,0.012386999999999926,0.03447364,0.02208663898158081,12.325680000000002,9.152177,-3.173503143005373,9.645150000000001,7.4292884,-2.215861612701417,0.04345599999999994,0.04554443,0.002088430613517822
9097,-0.028512000000000093,-0.014311868,0.014200132233917806,7.221820000000001,7.946731,0.7249110905456533,5.696439999999999,4.8552766,-0.8411634153747549,0.04630780000000001,0.0044255615,-0.041882238478797684
9099,-0.05851200000000012,-0.014311868,0.04420013223391783,5.671820000000004,7.946731,2.2749110905456504,1.9864399999999982,4.8552766,2.868836584625246,-0.04369219999999996,0.0044255615,0.048117761521202285
9100,-0.05851200000000012,-0.014311868,0.04420013223391783,6.641820000000003,7.946731,1.3049110905456516,3.0864399999999996,4.8552766,1.7688365846252445,-0.03369219999999995,0.0044255615,0.038117761521202276
9101,-0.04851200000000011,-0.014311868,0.034200132233917824,7.031820000000003,7.946731,0.914911090545651,3.5964399999999976,4.8552766,1.2588365846252465,-0.03169219999999995,0.0044255615,0.036117761521202274
9106,-0.03761300000000012,-0.016334323,0.02127867678749573,6.33568,6.7467914,0.4111113627624512,1.8051500000000011,3.074872,1.2697220169067371,-0.08854400000000007,-0.04819718,0.040346819967269965
9107,-0.057613000000000136,-0.016334323,0.04127867678749575,7.425680000000003,6.7467914,-0.6788886372375522,2.805150000000001,3.074872,0.26972201690673714,-0.06854400000000005,-0.04819718,0.020346819967269947
9108,0.04238699999999995,-0.016334323,-0.05872132321250434,6.705680000000001,6.7467914,0.0411113627624502,4.305150000000001,3.074872,-1.2302779830932629,-0.04854400000000003,-0.04819718,0.00034681996726992903
9109,0.002386999999999917,-0.016334323,-0.018721323212504304,6.505680000000002,6.7467914,0.2411113627624495,3.7051499999999997,3.074872,-0.6302779830932614,-0.03854400000000002,-0.04819718,-0.00965318003273008
9110,-0.03761300000000012,-0.016334323,0.02127867678749573,6.505680000000002,6.7467914,0.2411113627624495,3.305150000000001,3.074872,-0.23027798309326286,-0.028544000000000014,-0.04819718,-0.01965318003273009
9111,-0.0176130000000001,-0.016334323,0.001278676787495714,6.505680000000002,6.7467914,0.2411113627624495,3.2051499999999997,3.074872,-0.13027798309326144,-0.04854400000000003,-0.04819718,0.00034681996726992903
9113,-0.04761300000000013,-0.016334323,0.03127867678749574,5.305680000000002,6.7467914,1.4411113627624488,0.7051499999999997,3.074872,2.3697220169067386,-0.08854400000000007,-0.04819718,0.040346819967269965
9114,-0.06761300000000015,-0.016334323,0.05127867678749576,6.105680000000003,6.7467914,0.6411113627624481,1.5051500000000004,3.074872,1.5697220169067378,-0.06854400000000005,-0.04819718,0.020346819967269947
9138,-0.044613000000000014,-0.014534735,0.030078264879167094,6.235680000000002,7.111007,0.8753272135925272,2.675150000000002,4.1626873,1.48753730163574,-0.041544000000000025,-0.013358028,0.02818597232574227
9224,-0.0782830000000001,-0.003106936,0.07517606388609122,7.660720000000001,9.569632,1.9089115765380846,3.738900000000001,6.7213774,2.982477372741698,-0.024994799999999984,0.00567712,0.030671919828760608
9226,-0.048283000000000076,-0.003106936,0.04517606388609119,8.160720000000001,9.569632,1.4089115765380846,4.238899999999999,6.7213774,2.4824773727417,-0.0449948,0.00567712,0.050671919828760625
9783,-0.057613000000000136,0.04467715,0.10229014950442328,7.305680000000002,8.182039,0.8763592608642554,2.5051500000000004,7.539145,5.033994992828369,-0.07854400000000006,0.08277182,0.1613158228101731
9785,-0.11761299999999997,-0.05659334,0.061019660109758345,6.805680000000002,7.5479927,0.7423127062988257,1.0051500000000004,3.7731478,2.767997821426391,-0.07854400000000006,-0.007939676,0.07060432417714602
9787,-0.09761300000000017,0.04467715,0.1422901495044233,6.805680000000002,8.182039,1.3763592608642554,1.6051500000000019,7.539145,5.933994992828367,-0.06854400000000005,0.08277182,0.15131582281017308
9867,0.14238699999999993,0.029707417,-0.11267958310794823,11.72568,9.90856,-1.8171202008056646,10.03515,7.766085,-2.2690648521423338,0.20145599999999997,0.046840236,-0.15461576440906522
9916,-0.06761300000000015,0.03447364,0.10208663898158088,5.33568,9.152177,3.816496856994629,2.805150000000001,7.4292884,4.624138387298583,0.005456000000000016,0.04554443,0.040088430613517745
9918,-0.04761300000000013,0.03447364,0.08208663898158086,5.705680000000001,9.152177,3.446496856994628,3.105150000000002,7.4292884,4.324138387298582,0.0014560000000000128,0.04554443,0.04408843061351775
9919,-0.03761300000000012,0.03447364,0.07208663898158085,5.285680000000003,9.152177,3.866496856994626,4.20515,7.4292884,3.2241383872985843,0.04345599999999994,0.04554443,0.002088430613517822
9955,-0.08901000000000003,-0.03671679,0.052293210992813144,6.16159,8.732429,2.5708385507202145,1.775079999999999,4.435314,2.6602341784667978,-0.048516400000000015,0.00679047,0.055306869866246
9956,-0.11600999999999995,-0.03671679,0.07929321099281306,7.261590000000002,8.732429,1.470838550720213,2.2050800000000024,4.435314,2.2302341784667945,-0.05051640000000013,0.00679047,0.05730686986624611
10212,-0.03761300000000012,0.029707417,0.06732041689205182,7.935680000000001,9.90856,1.9728797991943345,3.8451500000000003,7.766085,3.9209351478576657,-0.05554400000000004,0.046840236,0.10238423559093479
10237,-0.02761300000000011,0.029707417,0.057320416892051806,8.185680000000001,9.90856,1.7228797991943345,5.03515,7.766085,2.7309351478576662,-0.006543999999999994,0.046840236,0.05338423559093475
10243,-0.06761300000000015,0.029707417,0.09732041689205184,7.855680000000003,9.90856,2.052879799194333,3.5451499999999996,7.766085,4.220935147857666,-0.04654400000000003,0.046840236,0.09338423559093478
10248,-0.06761300000000015,0.029707417,0.09732041689205184,7.855680000000003,9.90856,2.052879799194333,3.5451499999999996,7.766085,4.220935147857666,-0.04654400000000003,0.046840236,0.09338423559093478
10596,0.13920299999999997,0.082872234,-0.05633076571512219,4.226890000000001,3.8826692,-0.34422078956604096,9.69497,7.9461813,-1.7487887026977535,0.20916060000000003,0.1715135,-0.037647102170562774
10597,0.16020299999999998,0.082872234,-0.07733076571512221,4.3768899999999995,3.8826692,-0.49422078956603954,11.15497,7.9461813,-3.2087887026977544,0.26916059999999997,0.1715135,-0.09764710217056272
10598,0.11620299999999995,0.082872234,-0.03333076571512217,3.7868899999999996,3.8826692,0.09577921043396032,7.76497,7.9461813,0.18121129730224617,0.13816060000000008,0.1715135,0.03335289782943718
10599,0.13920299999999997,0.082872234,-0.05633076571512219,3.8768899999999995,3.8826692,0.005779210433960458,8.77497,7.9461813,-0.8287887026977536,0.1691606,0.1715135,0.0023528978294372616
10600,-0.009797000000000056,0.082872234,0.09266923428487783,2.7768900000000016,3.8826692,1.1057792104339583,3.8249700000000004,7.9461813,4.121211297302246,0.07716059999999991,0.1715135,0.09435289782943734
10601,0.00020299999999995322,0.082872234,0.08266923428487782,3.046890000000001,3.8826692,0.8357792104339588,5.394970000000001,7.9461813,2.5512112973022454,0.12916059999999996,0.1715135,0.0423528978294373
10602,0.00020299999999995322,0.082872234,0.08266923428487782,4.01689,3.8826692,-0.1342207895660401,6.02497,7.9461813,1.9212112973022464,0.12916059999999996,0.1715135,0.0423528978294373
10603,0.14020299999999997,0.082872234,-0.05733076571512219,4.986889999999999,3.8826692,-1.104220789566039,11.00497,7.9461813,-3.058788702697754,0.25916059999999996,0.1715135,-0.08764710217056271
10628,0.07325700000000013,0.058214486,-0.015042514354705938,10.961200000000003,9.751386,-1.209814311218265,11.059470000000001,10.568142,-0.49132806274414165,0.12064750000000002,0.15109639,0.030448888697624188
10667,-0.07778499999999999,0.015848517,0.09363351741790771,6.238349999999997,8.843164,2.6048144439697296,1.5072500000000026,6.4502335,4.942983459472654,-0.06773589999999996,0.016747085,0.08448298537757393
10923,-0.00012699999999998823,-0.0026461359,-0.002519135864779365,3.0378700000000016,4.752991,1.7151211994934066,3.4859299999999998,5.0634127,1.577482666320801,0.08053949999999999,0.06451458,-0.01602492261123656
11012,-0.02761300000000011,0.04916645,0.07677944841432582,7.805680000000002,9.537648,1.7319682009887671,4.20515,8.704939,4.499788888549805,-0.03854400000000002,0.08226811,0.12081211140775683
11140,-0.08963300000000007,-0.026728574,0.06290442581343658,7.340070000000001,8.331168,0.9910981747436516,3.934049999999999,7.1534843,3.2194343444824227,0.0040840000000000876,0.08265421,0.07857020794486991
11141,-0.03963300000000003,-0.026728574,0.012904425813436537,7.6400700000000015,8.331168,0.6910981747436509,5.63405,7.1534843,1.5194343444824217,0.04408400000000001,0.08265421,0.03857020794486998
11142,-0.06963300000000006,-0.026728574,0.042904425813436564,7.54007,8.331168,0.7910981747436523,6.13405,7.1534843,1.0194343444824217,0.04408400000000001,0.08265421,0.03857020794486998
11143,-0.03963300000000003,-0.026728574,0.012904425813436537,7.840070000000001,8.331168,0.4910981747436516,7.73405,7.1534843,-0.580565655517578,0.13408399999999998,0.08265421,-0.051429792055129986
11144,0.10036699999999998,-0.026728574,-0.12709557418656348,8.640070000000001,8.331168,-0.3089018252563491,13.23405,7.1534843,-6.080565655517578,0.28408400000000006,0.08265421,-0.20142979205513006
11236,-0.02761300000000011,0.024711441,0.05232444124865543,10.105680000000003,9.644244,-0.4614358059692414,6.805150000000001,8.90163,2.096480401611327,0.0014560000000000128,0.08506301,0.08360701045417784
11258,-0.031074999999999964,-0.041479174,-0.010404174047708548,4.4877199999999995,4.4319453,-0.05577467605590769,4.945819999999998,5.207487,0.2616671063232445,0.08829010000000004,0.11079724,0.02250714133014675
11259,-0.031074999999999964,-0.041479174,-0.010404174047708548,4.637719999999998,4.4319453,-0.20577467605590627,5.215819999999999,5.207487,-0.008332893676756825,0.09829009999999994,0.11079724,0.012507141330146854
11260,-0.031074999999999964,-0.041479174,-0.010404174047708548,4.53772,4.4319453,-0.1057746760559084,6.015819999999998,5.207487,-0.8083328936767558,0.14829009999999998,0.11079724,-0.03749285866985319
11269,0.1522150000000001,0.015848517,-0.13636648258209239,17.63835,8.843164,-8.795185556030273,16.39725,6.4502335,-9.947016540527343,0.2922641,0.016747085,-0.27551701462242606
11270,0.13221500000000008,0.015848517,-0.11636648258209237,16.13835,8.843164,-7.2951855560302725,14.437250000000002,6.4502335,-7.987016540527346,0.16226410000000002,0.016747085,-0.14551701462242606
11271,0.08221500000000015,0.015848517,-0.06636648258209243,15.138349999999999,8.843164,-6.2951855560302725,12.847250000000003,6.4502335,-6.397016540527346,0.10226410000000008,0.016747085,-0.08551701462242611
11273,0.032215000000000105,0.015848517,-0.01636648258209239,13.338349999999998,8.843164,-4.495185556030272,10.43725,6.4502335,-3.9870165405273443,0.04226410000000003,0.016747085,-0.02551701462242606
11274,0.022215000000000096,0.015848517,-0.006366482582092381,11.238349999999997,8.843164,-2.3951855560302704,8.087250000000001,6.4502335,-1.6370165405273447,-0.007735899999999907,0.016747085,0.024482985377573874
11275,0.08221500000000015,0.015848517,-0.06636648258209243,15.438349999999998,8.843164,-6.5951855560302715,14.35725,6.4502335,-7.907016540527344,0.21226410000000007,0.016747085,-0.1955170146224261
11312,0.05221500000000012,0.01292221,-0.03929279031246913,7.8683499999999995,9.493646,1.6252956680297856,6.747250000000001,6.4032764,-0.34397355651855577,0.02226410000000001,-0.0072601163,-0.029524216282850513
11313,0.07221500000000014,0.01292221,-0.059292790312469146,6.34835,9.493646,3.145295668029785,6.177250000000001,6.4032764,0.22602644348144452,0.0122641,-0.0072601163,-0.019524216282850504
11397,-0.10716480000000006,-0.06938998,0.03777482343893057,6.7603100000000005,6.4415126,-0.3187974153137212,2.82747,4.1438313,1.3163612530517579,-0.05968600000000002,-0.03603575,0.023650249938726442
11399,-0.005665999999999949,0.022690108,0.02835610804593558,12.34627,11.439078,-0.9071916690063482,9.28789,8.952227,-0.33566336120605555,0.025034400000000012,0.012785382,-0.012249018362486375
11400,-0.003174999999999928,0.009083504,0.01225850385725491,3.362940000000002,5.2634616,1.9005215898132306,2.7921299999999984,4.614889,1.8227591448974625,0.019739300000000015,0.03431582,0.014576520783376679
11733,0.07214300000000007,0.088034876,0.015891875690936974,10.011790000000001,10.075217,0.06342724700927604,9.760409999999998,10.015534,0.25512440093994293,0.06292330000000002,0.085577264,0.022653964428138718
11736,0.03214300000000003,0.088034876,0.05589187569093701,10.191790000000001,10.075217,-0.11657275299072367,9.27041,10.015534,0.7451244009399414,0.0429233,0.085577264,0.042653964428138735
11737,0.08214299999999997,0.088034876,0.005891875690937076,9.98179,10.075217,0.09342724700927718,10.170409999999999,10.015534,-0.1548755990600572,0.07292330000000002,0.085577264,0.012653964428138709
11738,0.11214299999999999,0.088034876,-0.02410812430906295,9.721789999999999,10.075217,0.35342724700927874,10.39041,10.015534,-0.37487559906005785,0.07292330000000002,0.085577264,0.012653964428138709
11739,0.03214300000000003,0.088034876,0.05589187569093701,10.191790000000001,10.075217,-0.11657275299072367,9.27041,10.015534,0.7451244009399414,0.0429233,0.085577264,0.042653964428138735
11740,0.07214300000000007,0.088034876,0.015891875690936974,9.46179,10.075217,0.6134272470092768,9.31041,10.015534,0.7051244009399422,0.06292330000000002,0.085577264,0.022653964428138718
11741,0.08214299999999997,0.088034876,0.005891875690937076,9.201789999999999,10.075217,0.8734272470092783,9.98041,10.015534,0.03512440093994229,0.09292329999999993,0.085577264,-0.007346035571861198
11765,0.03621500000000011,0.012220213,-0.023994786810279,7.8683499999999995,7.42902,-0.4393300720214839,8.407250000000001,6.020735,-2.3865152130126965,0.11226410000000009,0.03712316,-0.07514094142589578
11773,-0.07377500000000015,0.04853892,0.12231391953825965,10.026040000000002,15.138478,5.112438279113768,7.631529999999998,14.750406,7.118876265258791,0.030508800000000003,0.14341311,0.11290431156749725
11800,-0.0330410000000001,-0.019187022,0.013853977999448874,7.41066,7.3146544,-0.0960056497192383,10.69454,10.171799,-0.5227412939453124,0.23754930000000007,0.1972592,-0.04029009740047462
11801,-0.008383999999999947,-0.017889602,-0.009505602109789901,6.91039,7.8107033,0.900313277587891,8.588189999999999,9.274734,0.686543543395997,0.1426423,0.175286,0.03264369500656128
11802,-0.038383999999999974,-0.017889602,0.020494397890210125,6.91039,7.8107033,0.900313277587891,7.9881899999999995,9.274734,1.2865435433959966,0.1326423,0.175286,0.04264369500656129
11803,-0.068384,-0.017889602,0.05049439789021015,6.110389999999999,7.8107033,1.7003132775878917,6.688189999999999,9.274734,2.5865435433959973,0.12364229999999998,0.175286,0.051643695006561297
11804,-0.028383999999999965,-0.017889602,0.010494397890210116,7.21039,7.8107033,0.6003132775878903,9.28819,9.274734,-0.013456456604004075,0.17664230000000003,0.175286,-0.0013563049934387506
11805,0.01161600000000007,-0.017889602,-0.02950560210978992,8.71039,7.8107033,-0.8996867224121097,12.28819,9.274734,-3.013456456604004,0.2546423000000001,0.175286,-0.07935630499343882
11981,0.07238699999999998,0.08183803,0.009451026642799398,13.175680000000002,11.404558,-1.7711218182373063,13.54515,12.031181,-1.5139686645507808,0.22845600000000005,0.18799606,-0.04045994034385686
11982,0.08238699999999999,0.08183803,-0.0005489733572006106,14.605680000000001,11.404558,-3.201121818237306,14.20515,12.031181,-2.173968664550781,0.26545599999999997,0.18799606,-0.07745994034385678
12001,0.03315899999999994,0.13366586,0.10050685969924933,12.967910000000003,13.068922,0.10101204284667631,16.3201,17.920542,1.600441763305664,0.3273436000000001,0.39187533,0.06453172663345325
12002,0.04315899999999995,0.13366586,0.09050685969924932,13.667910000000003,13.068922,-0.598987957153323,17.5601,17.920542,0.3604417633056656,0.37834360000000006,0.39187533,0.013531726633453312
12032,0.12238699999999991,0.08183803,-0.040548973357200535,11.40568,11.404558,-0.0011218182373049501,12.215150000000001,12.031181,-0.18396866455078253,0.17145599999999994,0.18799606,0.016540059656143247
12033,0.1123869999999999,0.08183803,-0.030548973357200526,6.425680000000003,11.404558,4.978878181762692,10.01515,12.031181,2.0160313354492185,0.18145599999999995,0.18799606,0.006540059656143238
12054,-0.008027000000000006,0.010888716,0.018915716205954558,11.822220000000002,13.114396,1.2921760952758774,8.515290000000002,9.819833,1.3045428018188456,0.009383700000000106,0.026011389,0.016627688748884095
12055,-0.01693699999999998,-0.026327081,-0.00939008102464678,18.31426,15.829193,-2.485066884765626,12.347019999999999,10.368159,-1.9788607058715808,-0.007008199999999909,-0.009250368,-0.0022421679916263537
12056,-0.062287800000000004,-0.037913077,0.024374723420429234,6.872430000000001,7.1497345,0.27730449707031113,4.446389999999999,5.7407584,1.294368419036866,0.010692499999999883,0.026211144,0.015518644402623294
12454,0.6049899999999999,0.08351126,-0.5214787368679046,19.72159,12.069901,-7.65168853363037,19.26508,9.979291,-9.285789037780763,0.42248359999999996,0.07336622,-0.34911738268480297
12455,0.27498999999999996,0.08351126,-0.19147873686790462,17.19159,12.069901,-5.121688533630373,18.19508,9.979291,-8.215789037780763,0.4554836,0.07336622,-0.382117382684803
12499,-0.07901000000000002,0.08351126,0.16252126313209536,11.851590000000002,12.069901,0.21831146636962728,8.05508,9.979291,1.924210962219238,0.030483600000000055,0.07336622,0.042882617315196936
12501,-0.022010000000000085,0.08351126,0.10552126313209542,16.32159,12.069901,-4.251688533630372,11.28508,9.979291,-1.3057890377807624,-0.007516399999999979,0.07336622,0.08088261731519697
12639,0.3685139999999999,0.22464797,-0.14386603099250783,14.963110000000002,12.044727,-2.918382674560549,16.182830000000003,13.340752,-2.842078352050784,0.23898579999999991,0.1830067,-0.05597909614639274
12640,0.3685139999999999,0.22464797,-0.14386603099250783,16.46311,12.044727,-4.418382674560547,15.882830000000002,13.340752,-2.5420783520507833,0.23898579999999991,0.1830067,-0.05597909614639274
12641,-0.007784999999999931,0.02587568,0.03366068014860146,10.238349999999997,8.868594,-1.3697558303832977,11.387250000000002,8.751319,-2.635931068420412,0.22226410000000008,0.07190436,-0.15035973875198372
12818,0.14238699999999993,0.04467715,-0.09770985049557679,7.205680000000001,8.182039,0.9763592608642568,12.40515,7.539145,-4.866005007171632,0.273456,0.08277182,-0.19068417718982694
12820,0.006215000000000082,0.015848517,0.009633517417907633,6.488349999999997,8.843164,2.3548144439697296,5.007250000000001,6.4502335,1.4429834594726554,0.0122641,0.016747085,0.004482985377573967
12912,0.02049000000000012,-0.0053982027,-0.025888202687502027,6.282160000000001,6.369341,0.08718089660644424,6.083500000000001,5.929396,-0.1541038475036629,0.048228600000000066,0.048564725,0.00033612462415688604
13148,-0.03778499999999996,0.015848517,0.05363351741790767,12.52835,8.843164,-3.685185556030273,12.997250000000001,6.4502335,-6.547016540527345,0.26726410000000006,0.016747085,-0.2505170146224261
13200,0.33618000000000003,0.3056082,-0.030571787052154575,9.416830000000001,9.842994,0.4261637362670889,12.889339999999999,12.388901,-0.5004392431640614,0.24011690000000002,0.19003427,-0.05008262971343996
13202,0.26217999999999997,0.3056082,0.04342821294784549,8.47683,9.842994,1.3661637362670902,12.17934,12.388901,0.20956075683593767,0.1671169,0.19003427,0.022917370286560046
13203,0.3081800000000001,0.3056082,-0.0025717870521546615,9.40683,9.842994,0.4361637362670905,12.17934,12.388901,0.20956075683593767,0.2071169,0.19003427,-0.017082629713439934
13205,0.2961800000000001,0.3056082,0.00942821294784535,11.99683,9.842994,-2.1538362637329094,12.37934,12.388901,0.009560756835938378,0.1451169,0.19003427,0.044917370286560065
13246,-0.04996500000000004,0.03916377,0.08912876829147343,10.0657,11.799316,1.7336164062500004,7.368500000000001,9.662836,2.2943360748291006,0.046205199999999946,0.11771827,0.07151307191114431
13310,0.08238699999999999,0.14507103,0.06268402966308595,26.56568,17.393105,-9.172575446777344,19.00515,13.994118,-5.011032263183594,0.061455999999999955,0.09479504,0.03333904078626637
13312,0.19238699999999997,0.14507103,-0.04731597033691404,16.77568,17.393105,0.617424553222655,15.305150000000001,13.994118,-1.311032263183595,0.18145599999999995,0.09479504,-0.08666095921373362
13411,-0.009613000000000094,0.03299311,0.0426061117594243,9.205680000000001,9.572228,0.3665484317016592,8.50515,7.7064705,-0.7986795104980473,-0.03854400000000002,0.0056806747,0.044224674687027954
13412,0.035386999999999946,0.03299311,-0.0023938882405757367,10.205680000000001,9.572228,-0.6334515682983408,7.20515,7.7064705,0.5013204895019534,-0.018544000000000005,0.0056806747,0.024224674687027936
13456,-0.03168099999999985,-0.017120425,0.014560575341939774,13.923570000000002,14.393759,0.4701887738037094,6.96186,8.379658,1.4177977453613284,-0.11187360000000002,-0.050220907,0.061652693265533465
13457,0.003319000000000072,-0.017120425,-0.020439424658060146,14.32357,14.393759,0.0701887738037108,9.35186,8.379658,-0.9722022546386722,-0.0028736000000000317,-0.050220907,-0.04734730673446652
13458,0.0073190000000000754,-0.017120425,-0.02443942465806015,14.11357,14.393759,0.28018877380371165,9.00186,8.379658,-0.6222022546386725,-0.04487359999999996,-0.050220907,-0.005347306734466595
13460,-0.0836809999999999,-0.017120425,0.06656057534193982,12.563570000000002,14.393759,1.8301887738037088,5.391860000000001,8.379658,2.987797745361327,-0.09387359999999989,-0.050220907,0.04365269326553334
13461,-0.04668099999999997,-0.017120425,0.0295605753419399,13.62357,14.393759,0.7701887738037101,7.251860000000001,8.379658,1.1277977453613275,-0.042873599999999956,-0.050220907,-0.0073473067344665965
13464,-0.05568099999999987,-0.017120425,0.038560575341939796,18.60357,14.393759,-4.20981122619629,10.72186,8.379658,-2.3422022546386714,-0.1038735999999999,-0.050220907,0.05365269326553335
13500,-0.07701100000000016,-0.05178106,0.02522994168853776,5.6616,6.51824,0.856639974975586,4.678630000000002,5.697411,1.01878106033325,0.06455220000000006,0.104388185,0.03983598484544748
13506,0.081488,0.06858807,-0.012899929428577428,7.041820000000001,10.5097275,3.4679074780273424,5.616439999999999,7.828953,2.2125127893066416,-0.028692199999999946,-0.02136144,0.007330759579849189
13507,0.11148799999999992,0.06858807,-0.042899929428577344,14.341820000000002,10.5097275,-3.8320925219726583,11.216439999999999,7.828953,-3.387487210693358,-0.0026922000000000335,-0.02136144,-0.018669240420150723
13917,0.0016650000000000276,0.006891755,0.005226754921525689,9.707340000000002,8.070007,-1.637332675781252,16.0613,6.8820386,-9.179261406707763,0.3153228,0.057295773,-0.258027026821661
13918,-0.03733500000000012,0.006891755,0.044226754921525835,8.006340000000005,8.070007,0.06366732421874488,9.9613,6.8820386,-3.0792614067077633,0.14132280000000008,0.057295773,-0.08402702682166108
13919,-0.04433499999999979,0.006891755,0.05122675492152551,7.1973400000000005,8.070007,0.8726673242187495,4.561299999999999,6.8820386,2.320738593292237,-0.002677199999999935,0.057295773,0.05997297317833894
14030,-0.0014199999999999768,0.0003598083,0.0017798082985263086,11.15417,11.175729,0.021558797912597072,9.649430000000002,9.716146,0.06671646911620854,0.027506600000000048,0.031057294,0.003550694458150816
14038,-0.0014199999999999768,0.0003598083,0.0017798082985263086,11.15417,11.175729,0.021558797912597072,9.649430000000002,9.716146,0.06671646911620854,0.027506600000000048,0.031057294,0.003550694458150816
14042,-0.0014199999999999768,0.0003598083,0.0017798082985263086,11.15417,11.175729,0.021558797912597072,9.649430000000002,9.716146,0.06671646911620854,0.027506600000000048,0.031057294,0.003550694458150816
14092,0.08162799999999992,0.07721078,-0.004417223492145461,4.74099,5.8295665,1.088576478729248,6.13702,6.691322,0.5543018498229983,0.049590800000000046,0.0710769,0.02148609976692195
14102,0.271717,0.23215304,-0.03956395684909819,6.360720000000001,7.881407,1.5206867840576166,14.838899999999999,12.829804,-2.0090955795288075,0.3750052,0.32567623,-0.049328967423629744
14156,0.04011589999999998,0.101392396,0.06127649579439165,4.493789999999997,6.003084,1.5092941827392607,5.065109999999999,5.141582,0.07647201217651478,0.05518109999999998,0.05343584,-0.0017452602873802014
14222,0.04642499999999994,0.047755048,0.0013300476789475102,3.9513099999999994,6.578079,2.626769223632813,4.79749,6.281435,1.483945012817383,0.052842899999999915,0.048834104,-0.004008795909070884
14298,-0.04761300000000013,0.029707417,0.07732041689205182,10.855680000000003,9.90856,-0.9471202008056672,5.905150000000001,7.766085,1.8609351478576652,-0.05854400000000004,0.046840236,0.1053842355909348
14299,-0.06761300000000015,0.029707417,0.09732041689205184,7.505680000000002,9.90856,2.4028797991943343,2.0051500000000004,7.766085,5.760935147857666,-0.09854400000000008,0.046840236,0.14538423559093483
14842,-0.04365400000000008,-0.016644934,0.02700906580770024,6.4251400000000025,8.31263,1.8874896997070287,5.555130000000002,6.1591067,0.603976731414793,0.04789370000000004,0.052574478,0.004680778089809379
14981,0.06538699999999997,0.04467715,-0.02070985049557683,2.295680000000001,8.182039,5.886359260864257,9.03515,7.539145,-1.4960050071716307,0.24845600000000007,0.08277182,-0.16568417718982703
15048,0.03638699999999995,0.03299311,-0.0033938882405757376,9.785680000000003,9.572228,-0.21345156829834266,8.67515,7.7064705,-0.9686795104980472,0.0044559999999999045,0.0056806747,0.0012246746870280267
15049,0.013387000000000038,0.03299311,0.019606111759424172,9.805680000000002,9.572228,-0.23345156829834224,7.135150000000001,7.7064705,0.5713204895019519,0.0024559999999999027,0.0056806747,0.0032246746870280285
15050,0.03838699999999995,0.03299311,-0.005393888240575739,10.105680000000003,9.572228,-0.533451568298343,8.17515,7.7064705,-0.46867951049804724,0.028456000000000037,0.0056806747,-0.022775325312972106
15051,0.08938699999999988,0.03299311,-0.056393888240575674,9.88568,9.572228,-0.31345156829834053,7.385150000000001,7.7064705,0.3213204895019519,0.00045600000000001195,0.0056806747,0.005224674687027919
15052,0.03138699999999994,0.03299311,0.0016061117594242669,9.81568,9.572228,-0.24345156829834025,7.42515,7.7064705,0.28132048950195276,0.0034560000000000146,0.0056806747,0.0022246746870279166
15094,-0.04814300000000005,-0.0198116,0.028331399553298997,8.716320000000003,9.645854,0.9295339962768523,7.351320000000001,8.836358,1.485038070373534,0.047267599999999965,0.10659577,0.059328169524574315
15096,-0.04814300000000005,-0.0198116,0.028331399553298997,8.316320000000005,9.645854,1.3295339962768509,7.341320000000001,8.836358,1.4950380703735338,0.06726759999999998,0.10659577,0.0393281695245743
15097,0.19216200000000005,0.048998084,-0.14316391608071333,19.21571,12.575979,-6.6397307672119155,16.382050000000003,9.272972,-7.109077893066409,0.21253600000000006,0.053608388,-0.15892761229133612
15098,-0.007838000000000012,0.048998084,0.05683608391928674,9.115710000000004,12.575979,3.4602692327880824,5.082050000000002,9.272972,4.190922106933591,-0.05846399999999996,0.053608388,0.1120723877086639
15105,-0.00583800000000001,0.01354921,0.01938720957237483,8.115710000000004,9.549747,1.434037467041012,6.082050000000002,7.17159,1.0895398513793921,0.023536,0.0110390745,-0.012496925489664079
15107,-0.010837999999999903,0.012052505,0.02289050527709713,9.115710000000004,10.329424,1.2137139044189418,6.082050000000002,7.75069,1.6686399833679175,-0.006463999999999914,0.041453965,0.047917965008258734
15108,0.012162000000000006,1.4608959e-05,-0.012147391041263944,10.115710000000004,9.099192,-1.0165183343505895,7.782050000000002,6.003517,-1.7785328491210954,0.03153600000000001,0.008331468,-0.02320453167116643
15179,-0.008820999999999968,-0.023577621,-0.01475662120664123,3.33315,4.2999005,0.966750531768799,3.6633700000000005,4.382491,0.7191211117553706,0.060435600000000034,0.07702633,0.01659072993459698
15180,-0.028820999999999986,-0.023577621,0.005243378793358788,2.6231500000000025,4.2999005,1.6767505317687963,2.7833700000000015,4.382491,1.5991211117553696,0.05643560000000014,0.07702633,0.020590729934596874
15182,-0.028820999999999986,-0.023577621,0.005243378793358788,3.1231500000000025,4.2999005,1.1767505317687963,3.933370000000002,4.382491,0.4491211117553693,0.08943560000000006,0.07702633,-0.012409270065403044
15183,-0.018820999999999977,-0.023577621,-0.004756621206641221,5.49315,4.2999005,-1.1932494682312011,6.133370000000001,4.382491,-1.75087888824463,0.11743560000000008,0.07702633,-0.04040927006540307
15184,-0.048821,-0.023577621,0.025243378793358806,4.83315,4.2999005,-0.533249468231201,4.403370000000001,4.382491,-0.02087888824462958,0.07743560000000005,0.07702633,-0.00040927006540303346
15185,-0.048821,-0.023577621,0.025243378793358806,4.0131499999999996,4.2999005,0.2867505317687993,3.503370000000002,4.382491,0.879121111755369,0.05743560000000003,0.07702633,0.019590729934596984
15186,-0.048821,-0.023577621,0.025243378793358806,4.81315,4.2999005,-0.5132494682312014,4.713370000000001,4.382491,-0.3308788882446301,0.08743560000000006,0.07702633,-0.010409270065403042
15187,-0.048821,-0.023577621,0.025243378793358806,5.2631499999999996,4.2999005,-0.9632494682312007,5.2433700000000005,4.382491,-0.8608788882446294,0.09743560000000007,0.07702633,-0.02040927006540305
15189,0.01117900000000005,-0.023577621,-0.03475662120664125,3.9231499999999997,4.2999005,0.37675053176879914,5.323370000000001,4.382491,-0.9408788882446295,0.10743560000000008,0.07702633,-0.03040927006540306
15190,-0.018820999999999977,-0.023577621,-0.004756621206641221,4.65315,4.2999005,-0.3532494682312013,5.153370000000001,4.382491,-0.7708788882446296,0.09743560000000007,0.07702633,-0.02040927006540305
15191,-0.038820999999999994,-0.023577621,0.015243378793358797,4.17315,4.2999005,0.12675053176879914,3.423370000000002,4.382491,0.9591211117553691,0.04743560000000002,0.07702633,0.029590729934596993
15194,0.01117900000000005,-0.023577621,-0.03475662120664125,3.9731500000000004,4.2999005,0.3267505317687984,5.393370000000001,4.382491,-1.0108788882446298,0.10743560000000008,0.07702633,-0.03040927006540306
15195,-0.008820999999999968,-0.023577621,-0.01475662120664123,3.453150000000001,4.2999005,0.846750531768798,3.813370000000001,4.382491,0.5691211117553703,0.06743560000000004,0.07702633,0.009590729934596975
15196,-0.038820999999999994,-0.023577621,0.015243378793358797,3.393150000000002,4.2999005,0.9067505317687967,2.8233700000000006,4.382491,1.5591211117553705,0.04743560000000002,0.07702633,0.029590729934596993
15832,0.16282600000000003,0.24955174,0.08672574326896665,16.43832,16.729136,0.29081551330566313,13.98673,15.327034,1.3403039965820316,0.07779709999999995,0.120533444,0.042736343987369585
15833,0.142826,0.24955174,0.10672574326896667,16.338320000000003,16.729136,0.390815513305661,13.88673,15.327034,1.4403039965820312,0.09779709999999997,0.120533444,0.022736343987369567
15834,0.252826,0.24955174,-0.0032742567310333204,13.238320000000002,16.729136,3.4908155133056624,13.48673,15.327034,1.8403039965820316,0.09779709999999997,0.120533444,0.022736343987369567
15835,0.31282600000000005,0.24955174,-0.06327425673103337,17.03832,16.729136,-0.30918448669433474,15.38673,15.327034,-0.05969600341796877,0.08779709999999996,0.120533444,0.032736343987369576
15836,0.30282600000000004,0.24955174,-0.053274256731033365,18.838320000000003,16.729136,-2.109184486694339,16.28673,15.327034,-0.9596960034179673,0.09779709999999997,0.120533444,0.022736343987369567
15837,0.30282600000000004,0.24955174,-0.053274256731033365,20.338320000000003,16.729136,-3.609184486694339,16.88673,15.327034,-1.5596960034179688,0.09779709999999997,0.120533444,0.022736343987369567
15843,0.21282599999999996,0.24955174,0.036725743268966715,13.63832,16.729136,3.090815513305664,14.18673,15.327034,1.1403039965820305,0.1477970999999999,0.120533444,-0.027263656012630366
15844,0.262826,0.24955174,-0.01327425673103333,15.13832,16.729136,1.5908155133056638,15.78673,15.327034,-0.4596960034179691,0.17779709999999993,0.120533444,-0.05726365601263039
15845,0.29282600000000003,0.24955174,-0.043274256731033356,18.73832,16.729136,-2.0091844866943376,17.48673,15.327034,-2.15969600341797,0.23779709999999998,0.120533444,-0.11726365601263045
15846,0.252826,0.24955174,-0.0032742567310333204,18.73832,16.729136,-2.0091844866943376,16.48673,15.327034,-1.1596960034179702,0.10779709999999998,0.120533444,0.012736343987369558
16106,0.0015540000000000553,0.030453919,0.028899918501734678,8.90036,11.488396,2.5880356909179696,5.6126000000000005,8.088039,2.475439398193359,-0.037971599999999994,-0.0068442626,0.031127337407505506
16107,0.0015540000000000553,0.030453919,0.028899918501734678,11.50036,11.488396,-0.011964309082031832,7.6126000000000005,8.088039,0.4754393981933589,-0.037971599999999994,-0.0068442626,0.031127337407505506
16109,0.03155400000000008,0.030453919,-0.0011000814982653484,10.600360000000002,11.488396,0.8880356909179667,8.632600000000002,8.088039,-0.5445606018066425,0.019028400000000056,-0.0068442626,-0.025872662592494544
16140,-0.007784999999999931,-0.05295063,-0.04516563182711608,6.738349999999997,6.9562254,0.21787539520263977,4.637250000000002,3.7880642,-0.8491857585906999,0.002264100000000102,-0.011707687,-0.013971786819136245
16141,-0.007784999999999931,0.01292221,0.020707209687530925,4.788349999999998,9.493646,4.7052956680297875,2.3972499999999997,6.4032764,4.006026443481446,-0.03773589999999993,-0.0072601163,0.03047578371714943
16142,0.002215000000000078,0.01292221,0.010707209687530916,5.658349999999999,9.493646,3.8352956680297865,4.2272500000000015,6.4032764,2.176026443481444,0.002264100000000102,-0.0072601163,-0.009524216282850606
16143,0.002215000000000078,0.01292221,0.010707209687530916,4.77835,9.493646,4.7152956680297855,3.1472499999999997,6.4032764,3.2560264434814457,-0.007735899999999907,-0.0072601163,0.0004757837171494028
16144,0.002215000000000078,0.01292221,0.010707209687530916,4.77835,9.493646,4.7152956680297855,3.1472499999999997,6.4032764,3.2560264434814457,-0.007735899999999907,-0.0072601163,0.0004757837171494028
16145,-0.007784999999999931,0.01292221,0.020707209687530925,4.788349999999998,9.493646,4.7052956680297875,2.327250000000003,6.4032764,4.076026443481442,-0.03773589999999993,-0.0072601163,0.03047578371714943
16147,0.002215000000000078,0.01292221,0.010707209687530916,5.18835,9.493646,4.305295668029785,3.05725,6.4032764,3.3460264434814455,-0.027735899999999925,-0.0072601163,0.02047578371714942
16148,-0.007784999999999931,0.01292221,0.020707209687530925,4.798349999999999,9.493646,4.695295668029786,2.3472500000000025,6.4032764,4.056026443481443,-0.03773589999999993,-0.0072601163,0.03047578371714943
16346,0.012386999999999926,0.031398367,0.019011367136716917,6.505680000000002,9.077734,2.5720539935302718,6.805150000000001,7.8065987,1.001448663330077,0.09145599999999998,0.036936086,-0.054519914328813535
16355,0.022386999999999935,0.23902647,0.21663947197246558,12.505680000000002,15.778383,3.272703255004881,11.50515,13.894546,2.3893955551147457,0.14145599999999992,0.16799577,0.02653976580524453
16356,0.022386999999999935,0.23902647,0.21663947197246558,12.505680000000002,15.778383,3.272703255004881,11.50515,13.894546,2.3893955551147457,0.14145599999999992,0.16799577,0.02653976580524453
16357,0.07238699999999998,0.23902647,0.16663947197246554,12.005680000000002,15.778383,3.772703255004881,11.50515,13.894546,2.3893955551147457,0.14145599999999992,0.16799577,0.02653976580524453
16358,0.3723869999999999,0.23902647,-0.1333605280275344,13.005680000000002,15.778383,2.772703255004881,15.50515,13.894546,-1.6106044448852543,0.19145599999999996,0.16799577,-0.023460234194755514
16360,0.822387,0.23902647,-0.5833605280275345,29.00568,15.778383,-13.227296744995119,20.50515,13.894546,-6.610604444885254,0.44145599999999996,0.16799577,-0.2734602341947555
16382,-0.057784999999999975,0.015848517,0.07363351741790769,6.388349999999999,8.843164,2.4548144439697275,2.9472500000000004,6.4502335,3.502983459472656,-0.027735899999999925,0.016747085,0.04448298537757389
16383,-0.06778499999999998,0.015848517,0.0836335174179077,6.218349999999997,8.843164,2.624814443969729,1.8872500000000016,6.4502335,4.562983459472655,-0.05773589999999995,0.016747085,0.07448298537757392
16384,-0.06778499999999998,0.015848517,0.0836335174179077,5.268349999999998,8.843164,3.5748144439697285,0.2872500000000002,6.4502335,6.162983459472656,-0.08973589999999998,0.016747085,0.10648298537757395
16399,-0.012589300000000025,-0.03150821,-0.018918911046457265,7.345469999999999,7.7764425,0.43097252777099726,6.052990000000001,6.378285,0.3252949311828601,0.03577780000000008,0.07146519,0.0356873867747306
16400,-0.04258930000000005,-0.03150821,0.011081088953542761,7.205470000000002,7.7764425,0.5709725277709943,5.93299,6.378285,0.4452949311828611,0.0557778000000001,0.07146519,0.015687386774730583
16401,-0.03258930000000004,-0.03150821,0.0010810889535427526,6.725470000000001,7.7764425,1.0509725277709947,5.722990000000001,6.378285,0.6552949311828602,0.0557778000000001,0.07146519,0.015687386774730583
16402,-0.08258930000000009,-0.03150821,0.0510810889535428,7.165469999999999,7.7764425,0.610972527770997,5.36299,6.378285,1.0152949311828614,0.0557778000000001,0.07146519,0.015687386774730583
16403,-0.05125869999999999,0.036945637,0.0882043373155117,6.4666999999999994,9.185364,2.7186637695312506,5.704930000000001,7.918976,2.214045830078124,0.09579910000000003,0.1511332,0.055334094565772984
16487,0.05927900000000008,0.05824876,-0.0010302416839600426,7.8967600000000004,8.829903,0.9331426489257808,11.47757,11.802988,0.325418052368164,0.26938680000000004,0.20585606,-0.06353074497871403
16540,-0.02723500000000012,-0.011646011,0.015588989087045313,7.75046,7.459144,-0.2913158845520023,7.6053599999999975,8.714475,1.1091146780395533,0.08608870000000002,0.13166401,0.04557530790214537
16541,-0.04823500000000003,-0.011646011,0.03658898908704522,7.4104600000000005,7.459144,0.048684115447997556,6.675359999999998,8.714475,2.039114678039553,0.0660887,0.13166401,0.06557530790214539
16551,0.022386999999999935,0.07190225,0.04951525273370749,11.65568,13.92319,2.267510116882324,8.40515,10.333846,1.9286960922241203,-0.05854400000000004,0.045090005,0.10363400480175022
16629,0.11544300000000007,0.08950629,-0.025936709146976544,6.32394,6.5572114,0.2332713990783688,9.718829999999999,9.574881,-0.1439494000244128,0.14842279999999997,0.13722222,-0.011200584466743435
16630,0.10144300000000006,0.08950629,-0.011936709146976532,6.123940000000001,6.5572114,0.4332713990783681,9.018829999999998,9.574881,0.5560505999755883,0.13842279999999996,0.13722222,-0.0012005844667434262
16650,0.05253400000000008,0.05669014,0.004156141558647075,10.846149999999998,11.230661,0.3845113922119161,11.288349999999998,9.623486,-1.6648644348144508,0.16681619999999997,0.02828752,-0.13852867936785218
16654,0.002215000000000078,0.0019179927,-0.0002970072814822977,7.958349999999999,10.487259,2.528908911132813,6.397250000000001,9.381277,2.9840270843505845,0.04226410000000003,0.09543155,0.0531674513372421
16755,-0.0176130000000001,0.029707417,0.0473204168920518,8.805680000000002,9.90856,1.1028797991943335,6.405150000000001,7.766085,1.3609351478576652,0.03145599999999993,0.046840236,0.015384235590934825
16756,-0.007613000000000092,-0.01041471,-0.002801710268378166,11.805680000000002,10.496144,-1.3095357052612329,9.805150000000001,7.531018,-2.274132219696046,0.09145599999999998,0.029683333,-0.06177266710972784
16761,0.07763999999999993,0.08597892,0.008338917777538368,16.353350000000002,14.33692,-2.016430215454104,16.680770000000003,15.698463,-0.9823065600585963,0.12271939999999992,0.13308406,0.010364658761596757
16762,0.08826400000000001,0.08512382,-0.0031401779069900604,8.05084,9.801995,1.7511552774047843,9.480569999999998,10.843607,1.3630369488525407,0.12744659999999997,0.124706894,-0.002739705840682949
16763,0.20370399999999989,0.18845521,-0.015248790863990669,13.32169,13.261544,-0.0601457723999026,14.786100000000001,14.681923,-0.10417708740234488,0.20708840000000006,0.13739811,-0.06969029116001135
16861,-0.057613000000000136,0.03447364,0.09208663898158087,8.575680000000002,9.152177,0.5764968569946269,4.995150000000001,7.4292884,2.4341383872985833,-0.008543999999999996,0.04554443,0.05408843061351776
16893,-0.057613000000000136,0.023407081,0.08102008114206805,7.2156800000000025,9.822612,2.606931808776853,2.895150000000001,7.931286,5.036135858154296,-0.04854400000000003,0.053273123,0.1018171227576733
17144,0.06851399999999996,0.039864674,-0.028649325789451563,9.263110000000001,8.460137,-0.8029726327514659,9.882830000000002,8.616978,-1.2658523083496114,0.10898579999999991,0.1265148,0.01752900734348306
17145,0.06851399999999996,0.039864674,-0.028649325789451563,9.363110000000002,8.460137,-0.9029726327514673,10.382830000000002,8.616978,-1.7658523083496114,0.13898579999999994,0.1265148,-0.012470992656516966
17146,0.10851399999999989,0.039864674,-0.06864932578945149,10.763110000000001,8.460137,-2.302972632751466,11.882830000000002,8.616978,-3.2658523083496114,0.16898579999999996,0.1265148,-0.04247099265651699
17147,0.13851399999999991,0.039864674,-0.09864932578945151,12.263110000000001,8.460137,-3.802972632751466,13.582830000000001,8.616978,-4.965852308349611,0.2189857999999999,0.1265148,-0.09247099265651693
17255,0.01638699999999993,0.03447364,0.018086638981580805,8.205680000000001,9.152177,0.9464968569946279,7.10515,7.4292884,0.3241383872985839,0.05345599999999995,0.04554443,-0.007911569386482187
17258,-0.0036130000000000884,0.03447364,0.03808663898158082,7.605680000000003,9.152177,1.5464968569946258,5.50515,7.4292884,1.9241383872985836,0.007455999999999907,0.04554443,0.038088430613517854
17259,0.024386999999999937,0.03447364,0.010086638981580798,18.60568,9.152177,-9.45350314300537,7.805150000000001,7.4292884,-0.37586161270141716,0.06645599999999996,0.04554443,-0.0209115693864822
17716,-0.028828000000000076,-0.029811507,-0.0009835070909260946,7.57076,7.434159,-0.13660119796752923,4.408440000000002,4.5873904,0.17895042282104257,-0.03592989999999996,-0.047223024,-0.01129312407026295
17768,0.02883199999999997,0.063673206,0.03484120567369464,13.28245,13.109274,-0.17317608947753982,14.54456,15.981706,1.4371456655883783,0.23287709999999995,0.27159193,0.038714831581497244
17769,0.08244399999999996,0.1265752,0.044131201749801674,22.99146,20.091375,-2.9000846490478516,21.34637,20.837074,-0.509295720214844,0.22879779999999994,0.29673135,0.06793355280609137
17770,0.14180099999999995,0.12399347,-0.017807528735160782,18.17923,18.152525,-0.026705051879883257,20.27234,19.765057,-0.5072833898925779,0.3519151,0.30747038,-0.04444471874008177
17869,0.332387,0.029707417,-0.3026795831079483,13.755680000000002,9.90856,-3.8471202008056657,15.38515,7.766085,-7.619064852142333,0.32545599999999997,0.046840236,-0.2786157644090652
17870,0.20238699999999998,0.029707417,-0.1726795831079483,12.74568,9.90856,-2.837120200805664,12.97515,7.766085,-5.209064852142333,0.16945599999999994,0.046840236,-0.12261576440906519
17871,0.14238699999999993,0.029707417,-0.11267958310794823,9.235680000000002,9.90856,0.6728797991943338,11.70515,7.766085,-3.9390648521423337,0.19045599999999996,0.046840236,-0.1436157644090652
17872,0.06238699999999997,0.029707417,-0.032679583107948273,8.675680000000003,9.90856,1.2328797991943325,7.09515,7.766085,0.6709351478576657,-0.009543999999999997,0.046840236,0.05638423559093475
17873,0.04238699999999995,0.029707417,-0.012679583107948256,8.705680000000001,9.90856,1.202879799194335,6.555150000000001,7.766085,1.2109351478576649,-0.009543999999999997,0.046840236,0.05638423559093475
17874,0.05238699999999996,0.029707417,-0.022679583107948265,8.095680000000002,9.90856,1.8128797991943344,6.305150000000001,7.766085,1.4609351478576649,-0.009543999999999997,0.046840236,0.05638423559093475
17875,-0.057613000000000136,0.029707417,0.08732041689205183,6.675680000000003,9.90856,3.2328797991943325,3.355150000000002,7.766085,4.410935147857664,-0.05054400000000003,0.046840236,0.09738423559093479
17886,0.08238699999999999,0.029707417,-0.05267958310794829,6.045680000000001,9.90856,3.862879799194335,8.65515,7.766085,-0.8890648521423348,0.15445599999999993,0.046840236,-0.10761576440906517
17888,-0.0176130000000001,0.029707417,0.0473204168920518,7.945680000000003,9.90856,1.962879799194333,2.815149999999999,7.766085,4.950935147857667,-0.05454400000000004,0.046840236,0.10138423559093479
17889,-0.03761300000000012,0.029707417,0.06732041689205182,6.935680000000001,9.90856,2.9728797991943345,1.765150000000002,7.766085,6.000935147857664,-0.06854400000000005,0.046840236,0.1153842355909348
17890,-0.057613000000000136,-0.05659334,0.0010196601097585134,5.83568,7.5479927,1.7123127062988281,3.4451500000000017,3.7731478,0.3279978214263899,0.006455999999999906,-0.007939676,-0.014395675822853948
18010,-0.1215885000000001,-0.08654523,0.035043271041870216,4.4962800000000005,5.3191633,0.82288332244873,4.447769999999999,5.8542843,1.406514286499024,0.2022463,0.23042047,0.028174170237731944
18012,-0.11025920000000011,-0.11855527,-0.008296070135402567,9.80107,9.073196,-0.7278735888671868,9.688480000000002,8.381416,-1.3070636791992207,0.21003019999999994,0.20115605,-0.008874150033187811
18013,-0.07761300000000015,0.04467715,0.1222901495044233,11.005680000000002,8.182039,-2.823640739135744,6.70515,7.539145,0.8339949928283694,-0.008543999999999996,0.08277182,0.09131582281017303
18064,0.24319900000000005,0.2276424,-0.01555659794712072,9.202200000000001,9.072914,-0.12928587646484502,11.37851,11.037844,-0.34066629577636753,0.1828033,0.17592831,-0.006874990440177919
18065,0.2174060000000001,0.17319673,-0.04420926700210581,19.635419999999996,17.56348,-2.0719396228027307,22.652050000000003,20.250679,-2.4013709838867214,0.3120335000000001,0.27690205,-0.03513145022010811
18066,0.011300000000000088,0.069721855,0.058421855223178776,5.734930000000002,7.8385577,2.103627720184324,5.584589999999999,8.028557,2.44396682373047,0.052723500000000034,0.09701673,0.04429322941446301
18068,-0.00869999999999993,-0.0061157327,0.002584267285466124,6.784930000000003,6.4980574,-0.2868726345825223,6.51459,6.9996986,0.4851086389160155,0.06272350000000004,0.07106245,0.008338953091144519
18069,0.031300000000000106,0.025899898,-0.005400101739168273,7.0949300000000015,7.373518,0.2785879901123032,7.744589999999999,8.18771,0.4431198083496106,0.08272350000000006,0.09680523,0.014081729783058106
18113,0.09931900000000005,0.02932332,-0.06999567916417127,13.32357,11.197885,-2.1256854403686525,10.85186,9.118143,-1.7337169183349612,0.014126400000000094,0.032413125,0.018286725038146878
18131,-0.08801000000000014,0.05438601,0.14239600853085532,7.241590000000002,10.373238,3.131647609863279,1.9550800000000024,7.7503505,5.795270475311277,-0.07651640000000004,0.032168016,0.10868441583766941
18133,0.09483520000000001,0.06557914,-0.029256061303806313,4.545310000000001,6.063075,1.5177650656127923,4.38747,5.0991364,0.7116663525390621,0.00031400000000003647,-0.025485093,-0.025799092774033583
18134,0.08993849999999992,0.07731603,-0.012622469140052717,10.15651,9.359044,-0.7974659249877938,8.46425,7.6553116,-0.8089384155273436,0.02050989999999997,0.041451067,0.020941166732406646
18136,0.12098799999999998,0.015655259,-0.10533274132955073,8.40156,8.038117,-0.3634425912475585,8.894659999999998,6.846495,-2.048164848480223,0.08722530000000006,0.054565478,-0.03265982188372618
18166,0.11662500000000009,0.087347515,-0.029277485072612852,14.891109999999998,13.222243,-1.6688666909790015,18.15246,14.690196,-3.462263962707521,0.4045896,0.2798391,-0.12475050154647827
18171,0.013999000000000095,0.013414496,-0.0005845043753982537,11.477609999999999,11.616389,0.13877927459716943,10.325389999999999,10.104253,-0.2211371847534167,0.06059910000000002,0.053710796,-0.006888304061031358
18172,0.013999000000000095,0.013414496,-0.0005845043753982537,11.677610000000001,11.616389,-0.06122072540283341,10.92539,10.104253,-0.8211371847534181,0.08059909999999992,0.053710796,-0.026888304061031265
18173,-0.02600099999999994,0.013414496,0.03941549562460178,10.87761,11.616389,0.7387792745971673,8.325389999999999,10.104253,1.7788628152465833,0.010599099999999972,0.053710796,0.043111695938968686
18174,0.013999000000000095,0.013414496,-0.0005845043753982537,11.27761,11.616389,0.3387792745971687,9.42539,10.104253,0.6788628152465819,0.03059909999999999,0.053710796,0.023111695938968668
18175,0.17600300000000013,0.113246664,-0.06275633559513105,10.59808,5.973044,-4.62503608139038,14.029720000000001,8.587887,-5.441833189697267,0.46269989999999994,0.25289795,-0.20980195197334284
18177,0.10600300000000007,0.113246664,0.00724366440486901,2.998079999999998,5.973044,2.974963918609621,6.40972,8.587887,2.1781668103027343,0.1526999,0.25289795,0.1001980480266571
18191,0.07698099999999997,0.08074642,0.0037654197278023105,15.224429999999998,12.601476,-2.622954284362791,12.501209999999999,11.274434,-1.226775910339354,0.0384814,0.059334632,0.020853232009267808
18233,0.0014879999999999338,-0.00947776,-0.010965759711444312,9.901820000000004,8.631752,-1.270067985839848,5.716439999999999,5.21549,-0.5009501356506334,-0.05369219999999997,-0.012164841,0.041527358593952624
18235,0.03148799999999996,-0.00947776,-0.04096575971144434,8.851820000000004,8.631752,-0.22006798583984732,5.616439999999999,5.21549,-0.40095013565063375,-0.04369219999999996,-0.012164841,0.031527358593952615
18358,0.3223218,0.31143016,-0.010891643769073478,16.41386,16.41304,-0.0008198388671871726,16.14024,16.31871,0.1784703271484389,0.15182680000000004,0.15452375,0.002696945179176291
18360,0.09738699999999989,0.2032983,0.10591130050468456,16.225680000000004,19.69279,3.467109077758785,13.34515,16.738827,3.393676751708984,0.08145599999999997,0.23412034,0.15266433915519717
18361,0.332387,0.2032983,-0.12908869949531554,20.60568,19.69279,-0.9128909222412105,18.40515,16.738827,-1.6663232482910146,0.32145599999999996,0.23412034,-0.08733566084480282
18364,0.20238699999999998,0.2032983,0.0009113005046844647,19.70568,19.69279,-0.01289092224121191,17.105150000000002,16.738827,-0.3663232482910175,0.25145599999999996,0.23412034,-0.017335660844802814
18365,0.19238699999999997,0.2032983,0.010911300504684474,19.10568,19.69279,0.5871090777587895,16.50515,16.738827,0.23367675170898394,0.21145599999999998,0.23412034,0.022664339155197166
18366,0.20238699999999998,0.2032983,0.0009113005046844647,20.50568,19.69279,-0.8128909222412126,17.30515,16.738827,-0.5663232482910168,0.25145599999999996,0.23412034,-0.017335660844802814
18367,0.21238699999999988,0.2032983,-0.009088699495315433,22.20568,19.69279,-2.512890922241212,18.20515,16.738827,-1.4663232482910153,0.281456,0.23412034,-0.04733566084480284
18368,0.18538699999999986,0.2032983,0.01791130050468459,19.06568,19.69279,0.6271090777587887,16.52515,16.738827,0.21367675170898437,0.21045599999999998,0.23412034,0.023664339155197167
18456,0.31199,0.05438601,-0.2576039914691448,15.421590000000002,10.373238,-5.048352390136721,16.08508,7.7503505,-8.334729524688722,0.24348359999999997,0.032168016,-0.2113155841623306
18457,0.05198999999999998,0.05438601,0.002396008530855198,10.721590000000003,10.373238,-0.34835239013672137,8.085080000000001,7.7503505,-0.3347295246887221,-0.006516399999999978,0.032168016,0.03868441583766935
18458,0.30199,0.05438601,-0.2476039914691448,20.921590000000002,10.373238,-10.54835239013672,17.98508,7.7503505,-10.23472952468872,0.2534836,0.032168016,-0.2213155841623306
18459,0.13198999999999994,0.05438601,-0.07760399146914476,15.521590000000002,10.373238,-5.14835239013672,12.48508,7.7503505,-4.734729524688721,0.10348360000000001,0.032168016,-0.07131558416233064
18548,-0.04830000000000001,-0.020013295,0.028286704885959635,9.92342,8.315795,-1.6076250552368165,3.321159999999999,6.752039,3.4308789556884776,0.08136260000000006,0.114737,0.03337439659109109
18591,0.032215000000000105,0.05285619,0.0206411882674693,6.708349999999999,8.068293,1.3599426177978522,4.807250000000002,5.6708827,0.8636327018737777,-0.01973590000000003,-0.027928028,-0.008192128255701037
18593,-0.007784999999999931,0.05285619,0.06064118826746934,7.038349999999998,8.068293,1.029942617797854,3.707250000000002,5.6708827,1.9636327018737774,-0.049735899999999944,-0.027928028,0.02180787174429888
18897,0.16680000000000006,0.16108325,-0.005716748762130797,11.438210000000002,11.565601,0.12739134887695158,12.883309999999998,12.49461,-0.38870016723632617,0.1945831,0.17379312,-0.020789977827644357
18972,0.045600000000000085,0.025327198,-0.020272801792621697,11.082550000000001,11.435955,0.35340504760742064,12.354080000000002,11.849716,-0.504363813476564,0.12870480000000006,0.11152411,-0.017180687477397982
18973,0.04060000000000008,0.025327198,-0.015272801792621693,10.062550000000002,11.435955,1.3734050476074202,11.31408,11.849716,0.5356361865234369,0.11470479999999994,0.11152411,-0.003180687477397859
18974,0.03160000000000007,0.025327198,-0.006272801792621685,9.832550000000001,11.435955,1.6034050476074206,10.074080000000002,11.849716,1.7756361865234354,0.07070480000000001,0.11152411,0.04081931252260207
18975,0.035600000000000076,0.025327198,-0.010272801792621689,9.992550000000001,11.435955,1.4434050476074205,10.404080000000002,11.849716,1.4456361865234353,0.07770479999999991,0.11152411,0.033819312522602174
19092,0.022386999999999935,-0.0117471395,-0.03413413950604194,13.715680000000003,12.916527,-0.7991532055664088,11.305150000000001,10.264571,-1.04057881011963,0.09145599999999998,0.08065968,-0.010796319931507092
19093,-0.06261300000000003,-0.0117471395,0.050865860493958026,13.445680000000001,12.916527,-0.5291532055664074,9.70515,10.264571,0.5594211898803714,0.051455999999999946,0.08065968,0.029203680068492943
19094,-0.04161300000000012,-0.0117471395,0.02986586049395812,13.305680000000002,12.916527,-0.38915320556640864,9.70515,10.264571,0.5594211898803714,0.051455999999999946,0.08065968,0.029203680068492943
19198,0.011009000000000047,-0.009799235,-0.02080823456907277,7.177890000000001,6.849219,-0.3286711546325698,7.068549999999998,6.4902244,-0.5783256385803206,0.08476320000000004,0.04171576,-0.04304744021601681
19202,-0.003775000000000084,0.012498849,0.016273849071562374,16.696040000000004,12.955677,-3.7403629675293004,16.12153,13.029378,-3.0921520626831054,0.1615088,0.14450079,-0.017008007973480233
19244,-0.03878499999999985,0.012380777,0.05116577692687496,7.8783499999999975,7.233958,-0.6443922325134253,4.807250000000002,5.050681,0.24343111419677577,-0.011735900000000021,0.019121584,0.030857483551168463
19291,-0.07923600000000008,-0.039122965,0.04011303481316575,2.3797200000000025,2.5582292,0.1785092079925512,-0.20638999999999896,0.7714724,0.9778623944663991,-0.030698899999999973,0.013815433,0.0445143327869415
19342,0.006939600000000046,-0.0525262,-0.0594657983275414,11.826110000000002,11.167371,-0.6587392037963884,12.053180000000001,9.801525,-2.2516548840332042,0.39010999999999996,0.24961685,-0.14049315355777736
19344,-0.11306040000000006,-0.0525262,0.06053420167245871,10.526110000000001,11.167371,0.6412607962036123,7.85318,9.801525,1.9483451159667968,0.12010999999999994,0.24961685,0.12950684644222266
19346,0.021525999999999934,-0.04468059,-0.06620659167265885,13.160549999999999,10.861014,-2.2995356338500965,13.2034,9.273104,-3.9302962860107424,0.3717889,0.18125497,-0.19053393195285795
19348,-0.06847400000000015,-0.04468059,0.023793408327341226,10.260549999999999,10.861014,0.6004643661499038,7.7034,9.273104,1.5697037139892576,0.11178889999999997,0.18125497,0.06946606804714206
19349,-0.08847400000000016,-0.04468059,0.04379340832734124,9.56055,10.861014,1.3004643661499031,6.9033999999999995,9.273104,2.3697037139892583,0.08178890000000005,0.18125497,0.09946606804714198
19455,-0.04820599999999997,-0.043926295,0.004279705106973619,15.4158,10.613817,-4.8019827850341805,12.249519999999999,8.470485,-3.7790352664184557,0.013294299999999981,0.04324461,0.029950311471891422
19456,-0.05820599999999998,-0.043926295,0.014279705106973628,7.6158,10.613817,2.99801721496582,6.049519999999998,8.470485,2.4209647335815454,0.0342943,0.04324461,0.008950311471891403
19467,-0.03778499999999996,0.01292221,0.05070720968753095,7.8683499999999995,9.493646,1.6252956680297856,4.847250000000001,6.4032764,1.5560264434814446,-0.007735899999999907,-0.0072601163,0.0004757837171494028
19468,-0.07778499999999999,0.01292221,0.09070720968753099,7.678349999999998,9.493646,1.815295668029787,2.247250000000001,6.4032764,4.156026443481444,-0.08773589999999998,-0.0072601163,0.08047578371714947
19551,0.00021500000000007624,0.012220213,0.012005213189721031,7.178349999999998,7.42902,0.2506699279785174,4.8572500000000005,6.020735,1.1634847869873042,-0.00973590000000002,0.03712316,0.04685905857410433
19552,-0.007784999999999931,0.012220213,0.02000521318972104,7.538349999999998,7.42902,-0.10933007202148204,5.207250000000002,6.020735,0.8134847869873028,0.002264100000000102,0.03712316,0.03485905857410421
19592,0.10985100000000003,0.021248704,-0.08860229617750648,12.987359999999999,11.953012,-1.0343475335693348,16.128130000000002,13.129988,-2.9981422833251976,0.1979033,0.13085084,-0.06705246336536408
19594,0.019851000000000063,0.021248704,0.0013977038224934901,12.637360000000001,11.953012,-0.684347533569337,13.728130000000002,13.129988,-0.5981422833251973,0.14690329999999996,0.13085084,-0.016052463365364034
19595,-0.010148999999999964,0.021248704,0.03139770382249352,11.62736,11.953012,0.3256524664306646,11.11813,13.129988,2.011857716674804,0.0799032999999999,0.13085084,0.050947536634636026
19616,-0.008010000000000073,0.05592393,0.06393393130064018,7.221590000000003,9.781478,2.5598879281616185,3.7850800000000007,7.19724,3.4121598757934564,-0.05451640000000002,-0.0007048309,0.05381156908014195
19617,-0.008010000000000073,0.05592393,0.06393393130064018,4.121590000000001,9.781478,5.65988792816162,1.0850800000000014,7.19724,6.112159875793456,-0.06551640000000003,-0.0007048309,0.06481156908014196
19820,-0.007784999999999931,0.015848517,0.023633517417907646,9.558349999999997,8.843164,-0.7151855560302707,6.507250000000001,6.4502335,-0.05701654052734462,-0.007735899999999907,0.016747085,0.024482985377573874
19827,0.3305867,0.16374673,-0.16683997050685884,16.26598,15.584791,-0.6811888165283193,17.0024,15.745418,-1.2569824050903335,0.4321154,0.3722045,-0.05991088764228819
19829,0.04058670000000009,0.16374673,0.12316002949314109,14.465979999999998,15.584791,1.1188111834716814,14.6024,15.745418,1.1430175949096686,0.3321154,0.3722045,0.04008911235771179
19830,0.26058670000000006,0.16374673,-0.09683997050685889,15.865979999999999,15.584791,-0.28118881652831895,16.5024,15.745418,-0.7569824050903335,0.4021154,0.3722045,-0.02991088764228822
19831,0.02058670000000007,0.16374673,0.1431600294931411,14.165979999999998,15.584791,1.4188111834716821,14.5024,15.745418,1.2430175949096682,0.3421154,0.3722045,0.030089112357711778
19832,0.12058670000000005,0.16374673,0.04316002949314113,15.165979999999998,15.584791,0.4188111834716821,15.1024,15.745418,0.6430175949096686,0.3221154,0.3722045,0.050089112357711796
19833,0.18244399999999994,0.1265752,-0.055868798250198304,18.99146,20.091375,1.0999153509521484,20.746370000000002,20.837074,0.09070427978515383,0.2987978,0.29673135,-0.0020664471939086937
19834,0.1324439999999999,0.1265752,-0.005868798250198259,19.99146,20.091375,0.09991535095214843,21.14637,20.837074,-0.30929572021484475,0.3187978,0.29673135,-0.02206644719390871
19835,0.02883199999999997,0.063673206,0.03484120567369464,13.28245,13.109274,-0.17317608947753982,14.54456,15.981706,1.4371456655883783,0.23287709999999995,0.27159193,0.038714831581497244
19837,0.12883199999999995,0.063673206,-0.06515879432630534,13.68245,13.109274,-0.5731760894775384,18.74456,15.981706,-2.762854334411621,0.3528771,0.27159193,-0.0812851684185028
19839,0.1324439999999999,0.1265752,-0.005868798250198259,20.891460000000002,20.091375,-0.8000846490478537,21.64637,20.837074,-0.8092957202148447,0.3287978,0.29673135,-0.032066447193908665
19841,0.16180099999999997,0.12399347,-0.0378075287351608,19.37923,18.152525,-1.2267050518798825,20.572339999999997,19.765057,-0.8072833898925751,0.3219151,0.30747038,-0.014444718740081797
19843,0.027392000000000083,0.055733014,0.02834101389813415,11.94256,12.574789,0.6322290472412107,13.118670000000002,15.615092,2.496422277526854,0.16386619999999996,0.27084684,0.10698064371948246
19844,0.06739200000000012,0.055733014,-0.011658986101865887,11.742560000000001,12.574789,0.8322290472412099,17.61867,15.615092,-2.003577722473146,0.3838662,0.27084684,-0.11301935628051757
19858,0.03698999999999997,0.04754349,0.01055348844289783,14.081590000000002,12.145514,-1.9360764654541036,11.665080000000001,10.44479,-1.220290113525392,0.0914836,0.07343483,-0.018048770288085936
19861,0.13698999999999995,0.04754349,-0.08944651155710215,14.06159,12.145514,-1.9160764654541023,13.27508,10.44479,-2.8302901135253915,0.14648359999999994,0.07343483,-0.07304877028808587
19914,0.274602,0.14604515,-0.12855685162734987,12.0003,10.791119,-1.2091813781738274,16.577130000000004,14.195586,-2.3815437954711953,0.21550750000000007,0.21250802,-0.0029994772148133064
19915,0.38466199999999995,0.2291213,-0.15554070240211482,13.29973,13.631878,0.3321478991699216,18.62511,16.586548,-2.0385621484374994,0.21319050000000006,0.22058372,0.007393221995353638
19916,0.10460199999999997,0.14604515,0.041443148372650174,11.860299999999999,10.791119,-1.0691813781738269,13.547130000000001,14.195586,0.6484562045288076,0.16550750000000003,0.21250802,0.04700052278518674
19917,0.05460200000000004,0.14604515,0.09144314837265011,10.770299999999999,10.791119,0.020818621826173,12.997130000000002,14.195586,1.1984562045288065,0.19550750000000006,0.21250802,0.01700052278518671
19918,0.20460200000000006,0.14604515,-0.058556851627349915,11.9603,10.791119,-1.1691813781738283,16.75713,14.195586,-2.5615437954711915,0.2755075,0.21250802,-0.06299947721481325
19919,0.19460200000000005,0.14604515,-0.048556851627349906,11.8403,10.791119,-1.0491813781738273,17.12713,14.195586,-2.9315437954711925,0.31550750000000005,0.21250802,-0.10299947721481328
19920,0.05460200000000004,0.14604515,0.09144314837265011,8.200299999999999,10.791119,2.5908186218261733,10.39713,14.195586,3.798456204528808,0.21950749999999997,0.21250802,-0.006999477214813199
19921,0.039602000000000026,0.14604515,0.10644314837265012,7.970300000000002,10.791119,2.82081862182617,10.05713,14.195586,4.138456204528808,0.1435075,0.21250802,0.06900052278518676
19928,0.07221500000000014,0.053190093,-0.019024906512498996,8.478349999999999,7.9052267,-0.5731232925415028,8.51725,7.4848104,-1.0324396476745612,0.09126410000000007,0.071923226,-0.0193408738819123
19929,0.022215000000000096,0.053190093,0.03097509348750105,7.27835,7.9052267,0.6268767074584964,6.957250000000002,7.4848104,0.5275603523254375,0.07026410000000005,0.071923226,0.001659126118087717
20127,6.000000000017103e-05,-0.00808178,-0.008141779815256767,8.103659999999998,7.619676,-0.48398388687133576,7.350839999999998,8.15476,0.8039203607177754,0.05278970000000005,0.11931993,0.06653023067264552
20129,-0.009939999999999838,-0.00808178,0.0018582201847432422,7.59366,7.619676,0.026016113128662255,7.890839999999999,8.15476,0.26392036071777447,0.11278969999999999,0.11931993,0.006530230672645576
20131,-0.018939999999999957,-0.00808178,0.010858220184743361,7.813659999999999,7.619676,-0.1939838868713366,8.20084,8.15476,-0.046079639282226026,0.1227897,0.11931993,-0.0034697693273544328
20132,0.049868000000000134,0.03458223,-0.015285768806219235,11.199940000000002,10.63734,-0.5626004080200211,12.994439999999999,11.590801,-1.4036387609863272,0.17442990000000003,0.14959323,-0.024836665937805202
20133,0.001060000000000061,-0.00808178,-0.009141779815256657,8.29366,7.619676,-0.673983886871337,8.62084,8.15476,-0.46607963928222595,0.1227897,0.11931993,-0.0034697693273544328
20134,-0.01193999999999984,-0.00808178,0.003858220184743244,8.173659999999998,7.619676,-0.553983886871336,7.640839999999999,8.15476,0.5139203607177745,0.07278970000000007,0.11931993,0.0465302306726455
20137,0.0040600000000000636,-0.00808178,-0.01214177981525666,8.32366,7.619676,-0.7039838868713382,9.62084,8.15476,-1.466079639282226,0.16278970000000004,0.11931993,-0.04346976932735447
20347,-0.03920199999999996,-0.01719651,0.0220054900128841,7.93967,8.865236,0.9255662823486333,7.769459999999999,8.1653595,0.3958994970703138,0.07593260000000002,0.095989294,0.02005669435014723
20348,-0.03920199999999996,-0.01719651,0.0220054900128841,7.93967,8.865236,0.9255662823486333,8.06946,8.1653595,0.09589949707031309,0.08793260000000003,0.095989294,0.00805669435014722
20371,0.081488,-0.014311868,-0.09579986776608229,11.241820000000004,7.946731,-3.29508890945435,15.116439999999999,4.8552766,-10.261163415374755,0.39630780000000004,0.0044255615,-0.3918822384787977
20448,0.002215000000000078,0.015848517,0.013633517417907637,8.43835,8.843164,0.40481444396972677,6.907250000000001,6.4502335,-0.45701654052734497,0.03226410000000002,0.016747085,-0.01551701462242605
20449,-0.03778499999999996,0.015848517,0.05363351741790767,7.638349999999999,8.843164,1.2048144439697275,5.1072500000000005,6.4502335,1.3429834594726557,0.0122641,0.016747085,0.004482985377573967
20456,-0.05698500000000006,-0.051321108,0.005663892105817858,5.447780000000002,6.8095093,1.3617292773437484,3.874769999999998,3.604751,-0.27001888992309375,0.023006299999999924,0.02709461,0.00408831003541954
20459,-0.07121500000000003,-0.051184904,0.020030096169710188,3.3977000000000004,4.4903846,1.0926845787048336,0.01576999999999984,1.9038429,1.8880729260253908,-0.0007619000000000931,0.0118001355,0.012562035485828016
20460,-0.07721500000000003,-0.051184904,0.026030096169710193,2.8176999999999985,4.4903846,1.6726845787048354,-0.38422999999999874,1.9038429,2.2880729260253894,-0.03076190000000001,0.0118001355,0.04256203548582793
20461,-0.039215,-0.051184904,-0.01196990383028984,3.457699999999999,4.4903846,1.0326845787048349,0.4757700000000007,1.9038429,1.42807292602539,0.004238099999999911,0.0118001355,0.0075620354858280114
20462,-0.035214999999999996,-0.051184904,-0.015969903830289844,4.6777000000000015,4.4903846,-0.18731542129516754,1.0057699999999983,1.9038429,0.8980729260253923,0.03823810000000005,0.0118001355,-0.02643796451417213
20464,-0.05321500000000001,-0.051184904,0.0020300961697101716,5.447700000000001,4.4903846,-0.9573154212951671,3.4957700000000003,1.9038429,-1.5919270739746096,0.01423809999999992,0.0118001355,-0.0024379645141719974
20466,-0.06721500000000002,-0.051184904,0.016030096169710184,4.517700000000001,4.4903846,-0.027315421295167397,2.2457700000000003,1.9038429,-0.34192707397460964,-0.0007619000000000931,0.0118001355,0.012562035485828016
20467,-0.07121500000000003,-0.051184904,0.020030096169710188,3.3977000000000004,4.4903846,1.0926845787048336,1.4057700000000004,1.9038429,0.4980729260253902,-0.0007619000000000931,0.0118001355,0.012562035485828016
20468,-0.07721500000000003,-0.051184904,0.026030096169710193,2.8176999999999985,4.4903846,1.6726845787048354,0.11577000000000126,1.9038429,1.7880729260253894,-0.03076190000000001,0.0118001355,0.04256203548582793
20469,-0.039215,-0.051184904,-0.01196990383028984,3.457699999999999,4.4903846,1.0326845787048349,1.9657699999999991,1.9038429,-0.061927073974608504,0.004238099999999911,0.0118001355,0.0075620354858280114
20470,-0.035214999999999996,-0.051184904,-0.015969903830289844,4.6777000000000015,4.4903846,-0.18731542129516754,3.6557700000000004,1.9038429,-1.7519270739746098,0.03823810000000005,0.0118001355,-0.02643796451417213
20471,-0.01821499999999987,-0.051184904,-0.03296990383028997,5.367699999999999,4.4903846,-0.8773154212951653,5.17577,1.9038429,-3.2719270739746094,0.07523809999999997,0.0118001355,-0.06343796451417205
20473,-0.05321500000000001,-0.051184904,0.0020300961697101716,4.357700000000001,4.4903846,0.13268457870483275,1.3657700000000013,1.9038429,0.5380729260253894,0.05023809999999995,0.0118001355,-0.03843796451417203
20474,-0.058214999999999906,-0.051184904,0.007030096169710065,4.457699999999999,4.4903846,0.03268457870483488,2.135769999999999,1.9038429,-0.23192707397460843,0.010238099999999917,0.0118001355,0.0015620354858280061
20475,-0.057215000000000016,-0.051184904,0.006030096169710175,4.9277000000000015,4.4903846,-0.43731542129516754,1.7157699999999991,1.9038429,0.1880729260253915,0.011238100000000029,0.0118001355,0.0005620354858278942
20477,-0.0542149999999999,-0.051184904,0.0030300961697100615,4.747700000000002,4.4903846,-0.2573154212951678,1.1457699999999988,1.9038429,0.7580729260253918,-0.0007619000000000931,0.0118001355,0.012562035485828016
20478,-0.057215000000000016,-0.051184904,0.006030096169710175,4.637699999999999,4.4903846,-0.14731542129516484,1.555769999999999,1.9038429,0.34807292602539164,0.01323810000000003,0.0118001355,-0.0014379645141721076
20479,-0.05321500000000001,-0.051184904,0.0020300961697101716,4.7377,4.4903846,-0.24731542129516626,2.1957699999999996,1.9038429,-0.29192707397460893,0.006238100000000024,0.0118001355,0.005562035485827899
20480,-0.058214999999999906,-0.051184904,0.007030096169710065,4.9177,4.4903846,-0.427315421295166,1.6957699999999996,1.9038429,0.20807292602539107,-0.002761900000000095,0.0118001355,0.014562035485828018
20481,-0.057215000000000016,-0.051184904,0.006030096169710175,4.6677,4.4903846,-0.17731542129516598,1.7957699999999992,1.9038429,0.10807292602539142,0.00023809999999990783,0.0118001355,0.011562035485828015
20482,-0.05321500000000001,-0.051184904,0.0020300961697101716,4.997700000000002,4.4903846,-0.5073154212951678,2.41577,1.9038429,-0.5119270739746096,0.010238099999999917,0.0118001355,0.0015620354858280061
20483,-0.05121500000000001,-0.051184904,3.0096169710169818e-05,5.247700000000002,4.4903846,-0.7573154212951678,2.26577,1.9038429,-0.3619270739746092,-0.0037618999999999847,0.0118001355,0.015562035485827908
20485,-0.057215000000000016,-0.051184904,0.006030096169710175,5.1777000000000015,4.4903846,-0.6873154212951675,1.8257700000000003,1.9038429,0.07807292602539029,0.0012381000000000197,0.0118001355,0.010562035485827903
20506,-0.00828300000000004,-0.003106936,0.005176063886091153,8.960720000000002,9.569632,0.6089115765380839,5.5389,6.7213774,1.1824773727416993,-0.0449948,0.00567712,0.050671919828760625
20507,0.07171700000000003,-0.003106936,-0.07482393611390892,8.960720000000002,9.569632,0.6089115765380839,8.0389,6.7213774,-1.3175226272583007,0.04500519999999997,0.00567712,-0.039328080171239344
20508,0.0017169999999999686,-0.003106936,-0.0048239361139088555,9.660720000000001,9.569632,-0.09108842346191537,6.6389,6.7213774,0.08247737274169964,-0.004994799999999966,0.00567712,0.01067191982876059
20511,-0.00828300000000004,-0.003106936,0.005176063886091153,8.76072,9.569632,0.8089115765380868,5.4389,6.7213774,1.282477372741699,-0.024994799999999984,0.00567712,0.030671919828760608
20512,-0.03828300000000007,-0.003106936,0.03517606388609118,8.160720000000001,9.569632,1.4089115765380846,4.738899999999999,6.7213774,1.9824773727417,-0.014994799999999975,0.00567712,0.0206719198287606
20513,-0.00828300000000004,-0.003106936,0.005176063886091153,10.160720000000001,9.569632,-0.5910884234619154,7.1389,6.7213774,-0.41752262725830036,0.005005200000000043,0.00567712,0.000671919828760581
20514,-0.01828300000000005,-0.003106936,0.015176063886091162,10.460720000000002,9.569632,-0.8910884234619161,6.738899999999999,6.7213774,-0.017522627258300005,-0.014994799999999975,0.00567712,0.0206719198287606
20515,-0.01828300000000005,-0.003106936,0.015176063886091162,10.960720000000002,9.569632,-1.391088423461916,7.338899999999999,6.7213774,-0.6175226272582997,-0.004994799999999966,0.00567712,0.01067191982876059
20516,-0.01828300000000005,-0.003106936,0.015176063886091162,9.86072,9.569632,-0.29108842346191466,6.6389,6.7213774,0.08247737274169964,-0.004994799999999966,0.00567712,0.01067191982876059
20726,-0.09030999999999989,-0.04318476,0.047125239042043576,6.975769999999997,7.7926307,0.8168606724548368,2.147680000000001,4.8591843,2.7115042651367176,-0.05907969999999996,0.020300813,0.07938051301927562
20730,-0.09030999999999989,-0.04318476,0.047125239042043576,8.275769999999998,7.7926307,-0.48313932754516387,3.1676800000000007,4.8591843,1.691504265136718,-0.06207969999999985,0.020300813,0.08238051301927551
20787,0.07238699999999998,0.029707417,-0.04267958310794828,9.805680000000002,9.90856,0.10287979919433354,8.70515,7.766085,-0.9390648521423337,0.04145599999999994,0.046840236,0.005384235590934816
20797,0.16537299999999988,0.157214,-0.008158999178886295,15.113229999999998,14.586517,-0.5267126660156229,16.23133,15.895935,-0.3353949414062498,0.1098519,0.11599422,0.006142322462177274
20828,0.06369200000000008,0.14995775,0.08626574626731864,8.862210000000001,10.375541,1.5133307333374013,8.45159,10.657715,2.2061248437500005,0.06840489999999999,0.11540754,0.04700264139423371
20830,0.100692,0.14995775,0.04926574626731872,9.362210000000001,10.375541,1.0133307333374013,10.251589999999998,10.657715,0.4061248437500016,0.12840490000000004,0.11540754,-0.01299735860576634
20831,0.3036920000000001,0.14995775,-0.15373425373268135,13.362210000000001,10.375541,-2.9866692666625987,14.55159,10.657715,-3.893875156249999,0.16840489999999997,0.11540754,-0.052997358605766265
20850,0.045135999999999954,0.03240891,-0.012727088265180542,12.838170000000002,12.606275,-0.23189539520263835,14.01048,13.928548,-0.08193214080810485,0.1413118000000001,0.143001,0.0016892050535201042
20870,-0.07888399999999995,-0.07595134,0.0029326621856688995,4.708970000000001,5.7894096,1.080439637451171,0.7002500000000005,2.0472715,1.3470214900970454,-0.06649400000000005,-0.020336477,0.04615752291405206
20873,-0.07888399999999995,-0.07595134,0.0029326621856688995,5.288969999999999,5.7894096,0.5004396374511728,1.2902500000000003,2.0472715,0.7570214900970456,-0.04849400000000004,-0.020336477,0.028157522914052047
20874,-0.07788400000000006,-0.07595134,0.0019326621856690096,5.67897,5.7894096,0.11043963745117225,2.000250000000001,2.0472715,0.047021490097044705,-0.032494000000000134,-0.020336477,0.012157522914052143
20889,0.04969000000000012,-0.0024639743,-0.05215397429145885,9.67577,8.980931,-0.694838717956543,7.987680000000001,5.767148,-2.2205319821167,0.021920300000000004,-0.01379246,-0.03571275985299349
20890,-0.050309999999999855,-0.0024639743,0.04784602570854113,8.555769999999999,8.980931,0.42516128204345804,4.127680000000002,5.767148,1.6394680178832992,-0.058079699999999956,-0.01379246,0.04428724014700647
20891,-0.015309999999999935,-0.0024639743,0.012846025708541209,8.10577,8.980931,0.8751612820434573,5.087680000000001,5.767148,0.6794680178833001,-0.022079699999999924,-0.01379246,0.008287240147006436
20910,0.021373000000000086,0.024416814,0.0030438136268853277,5.603180000000002,6.593581,0.9904011996459943,6.535700000000002,8.467677,1.931977116394041,0.040985200000000055,0.109366395,0.0683811945794105
20911,0.05137300000000011,0.024416814,-0.0269561863731147,7.18318,6.593581,-0.589598800354004,9.6857,8.467677,-1.2180228836059577,0.15098520000000004,0.109366395,-0.04161880542058949
20935,-0.006610000000000005,-0.009084732,-0.002474732271730895,4.164940000000001,5.6577015,1.492761492309569,4.508869999999998,5.9302526,1.4213825520324725,0.06232340000000003,0.06626876,0.003945356985664339
21027,0.10821500000000006,0.012220213,-0.09599478681027895,7.068349999999999,7.42902,0.3606699279785168,8.137250000000002,6.020735,-2.116515213012697,0.07226410000000005,0.03712316,-0.035140941425895744
21029,0.012215000000000087,0.012220213,5.2131897210205835e-06,7.038349999999998,7.42902,0.39066992797851796,4.3472500000000025,6.020735,1.6734847869873022,-0.03773589999999993,0.03712316,0.07485905857410424
21060,-0.0176130000000001,0.07190225,0.08951525273370753,10.325680000000002,13.92319,3.5975101168823223,6.67515,10.333846,3.6586960922241207,-0.021544000000000008,0.045090005,0.06663400480175019
21157,-0.028512000000000093,0.14169982,0.17021182075691232,9.241820000000004,9.871238,0.6294177548217732,5.296439999999999,9.711214,4.414774065551759,-0.04369219999999996,0.045777734,0.0894699343690395
21167,-0.08869900000000008,-0.032458764,0.056240236430406654,5.276620000000001,7.400373,2.1237529820251453,2.726200000000002,6.281228,3.5550280654907205,0.016723800000000066,0.06988101,0.05315720707530969
21168,-0.06869900000000007,-0.032458764,0.036240236430406636,8.006620000000002,7.400373,-0.6062470179748551,5.966200000000002,6.281228,0.31502806549072027,0.059723799999999994,0.06988101,0.01015720707530976
21191,0.0025340000000000362,0.005492478,0.0029584781434237595,7.186149999999998,8.656407,1.4702573562622092,5.388349999999999,6.4738708,1.0855207542419443,-0.06918380000000002,0.007927664,0.07711146362428667
21192,0.14238699999999993,0.03447364,-0.1079133610184192,11.40568,9.152177,-2.2535031430053714,12.20515,7.4292884,-4.775861612701416,0.15145599999999992,0.04554443,-0.10591156938648216
21193,0.13238699999999992,0.03447364,-0.09791336101841919,10.605680000000003,9.152177,-1.4535031430053742,10.50515,7.4292884,-3.0758616127014164,0.08145599999999997,0.04554443,-0.03591156938648221
21214,0.012386999999999926,0.03447364,0.02208663898158081,6.90568,9.152177,2.2464968569946286,5.95515,7.4292884,1.4741383872985843,0.03145599999999993,0.04554443,0.014088430613517833
21316,-0.06251200000000012,-0.00947776,0.053034240288555745,7.111820000000002,8.631752,1.5199320141601547,2.8464399999999976,5.21549,2.3690498643493676,-0.05669219999999997,-0.012164841,0.044527358593952626
21319,-0.07951200000000003,-0.00947776,0.07003424028855565,6.821820000000002,8.631752,1.8099320141601538,1.81644,5.21549,3.399049864349365,-0.07869219999999999,-0.012164841,0.06652735859395265
21320,-0.07651200000000014,-0.00947776,0.06703424028855576,6.261820000000004,8.631752,2.3699320141601525,1.686440000000001,5.21549,3.529049864349364,-0.06669219999999998,-0.012164841,0.054527358593952635
21321,-0.07251200000000013,-0.00947776,0.06303424028855575,6.391820000000003,8.631752,2.2399320141601535,1.7564399999999978,5.21549,3.4590498643493675,-0.07069219999999998,-0.012164841,0.05852735859395264
21322,-0.07651200000000014,-0.00947776,0.06703424028855576,7.181820000000002,8.631752,1.4499320141601544,2.1264399999999988,5.21549,3.0890498643493665,-0.08069219999999999,-0.012164841,0.06852735859395265
21345,-0.031843000000000066,-0.06212038,-0.03027738174271577,1.7864700000000013,4.722307,2.935837205200194,2.054759999999998,4.0643682,2.0096082479858417,0.056093200000000065,0.06430858,0.008215376285839016
21347,-0.09184300000000012,-0.06212038,0.029722618257284283,6.886469999999999,4.722307,-2.164162794799804,5.48476,4.0643682,-1.4203917520141598,0.06809320000000008,0.06430858,-0.003784623714160995
21348,-0.0718430000000001,-0.06212038,0.009722618257284266,4.766470000000002,4.722307,-0.04416279479980645,4.21476,4.0643682,-0.15039175201416022,0.07209320000000008,0.06430858,-0.007784623714160999
21349,-0.041843000000000075,-0.06212038,-0.02027738174271576,2.676470000000002,4.722307,2.0458372052001934,2.6547599999999996,4.0643682,1.4096082479858403,0.05409319999999995,0.06430858,0.010215376285839128
21351,-0.08184300000000011,-0.06212038,0.019722618257284275,6.996470000000002,4.722307,-2.274162794799807,5.5747599999999995,4.0643682,-1.5103917520141596,0.05909319999999996,0.06430858,0.005215376285839124
21396,0.22109299999999998,0.21615762,-0.0049353848152160484,18.196640000000002,15.684292,-2.5123481604003928,16.14937,14.550534,-1.5988357516479503,0.1900231,0.18277675,-0.00724635086593628
21397,0.217395,0.1567309,-0.06066409482479096,13.36081,11.396297,-1.9645125451660164,15.50918,13.718217,-1.7909631039428717,0.2641566,0.2062237,-0.0579329035297394
21399,0.2106800000000001,0.21790567,0.007225670404434115,8.716399999999997,6.9914613,-1.72493872299194,13.025250000000002,11.169429,-1.8558211746215836,0.2683918,0.25242794,-0.015963864399719252
21400,0.21094499999999994,0.24990267,0.03895766561508185,4.971860000000003,8.3196535,3.3477935110473602,9.39506,11.785671,2.3906112341308585,0.2319057,0.2407798,0.008874102203178413
21401,0.32094500000000004,0.24990267,-0.07104233438491825,9.451860000000002,8.3196535,-1.1322064889526384,13.055060000000001,11.785671,-1.2693887658691416,0.2919057,0.2407798,-0.051125897796821584
21521,0.05140100000000003,0.07236918,0.020968180619716614,12.44652,10.51065,-1.935870318908691,9.666570000000002,7.371121,-2.2954490702819843,0.05663830000000003,0.019530801,-0.037107498897480995
21524,0.04061500000000007,0.040247194,-0.0003678055310250006,10.528690000000001,9.56814,-0.9605499700927744,7.86889,7.489201,-0.37968893112182656,0.05409549999999996,0.015109302,-0.03898619845527407
21525,-0.019930000000000003,0.03142721,0.05135720833420754,5.722109999999997,6.7933455,1.0712354513549833,3.2874300000000005,4.533977,1.2465470317077632,-0.029368599999999967,-0.003474131,0.025894469006291
21526,0.060975,0.04586158,-0.015113420522212984,7.18599,7.616042,0.43005213714599577,5.810269999999999,6.061016,0.2507460827636727,0.024944900000000048,0.003999536,-0.020945364074313688
21541,-0.03588900000000006,-0.043356027,-0.007467027454137742,10.36213,9.841906,-0.5202244061279302,9.77854,8.890544,-0.8879960623168941,0.09059139999999999,0.067848586,-0.022742814453983295
21542,-0.05588900000000008,-0.043356027,0.012532972545862275,9.68213,9.841906,0.15977559387206952,8.70854,8.890544,0.1820039376831062,0.08059139999999998,0.067848586,-0.012742814453983287
21543,-0.05588900000000008,-0.043356027,0.012532972545862275,8.79213,9.841906,1.04977559387207,7.498539999999998,8.890544,1.392003937683107,0.05059139999999995,0.067848586,0.01725718554601674
21544,-0.03588900000000006,-0.043356027,-0.007467027454137742,10.11213,9.841906,-0.2702244061279302,9.54854,8.890544,-0.6579960623168937,0.08059139999999998,0.067848586,-0.012742814453983287
21545,-0.06588900000000009,-0.043356027,0.022532972545862284,9.302130000000002,9.841906,0.5397755938720685,7.48854,8.890544,1.402003937683105,0.040591399999999944,0.067848586,0.02725718554601675
21546,-0.02588900000000005,-0.043356027,-0.01746702745413775,9.942130000000002,9.841906,-0.10022440612793204,9.38854,8.890544,-0.4979960623168953,0.07059139999999997,0.067848586,-0.0027428144539832777
21567,0.19313999999999998,0.14223503,-0.05090497423648832,16.58115,15.243961,-1.3371886657714853,13.638750000000002,12.671975,-0.966774864196779,0.03882269999999999,0.088611096,0.049788396143722546
21568,0.043139999999999956,0.14223503,0.0990950257635117,11.931149999999999,15.243961,3.312811334228517,9.078750000000001,12.671975,3.5932251358032214,0.01882269999999997,0.088611096,0.06978839614372256
21570,0.17313999999999996,0.14223503,-0.030904974236488303,15.841149999999999,15.243961,-0.5971886657714833,14.028750000000002,12.671975,-1.3567748641967796,0.11882269999999995,0.088611096,-0.030211603856277414
21571,0.26313999999999993,0.14223503,-0.12090497423648827,18.531149999999997,15.243961,-3.287188665771481,16.76875,12.671975,-4.096774864196778,0.21882269999999998,0.088611096,-0.13021160385627745
21572,0.17313999999999996,0.14223503,-0.030904974236488303,17.19115,15.243961,-1.9471886657714848,14.888750000000002,12.671975,-2.216774864196779,0.11882269999999995,0.088611096,-0.030211603856277414
21573,0.07313999999999998,0.14223503,0.06909502576351167,11.32115,15.243961,3.9228113342285162,9.59875,12.671975,3.073225135803222,0.0488227,0.088611096,0.03978839614372254
21574,0.0031399999999999206,0.14223503,0.13909502576351174,9.96115,15.243961,5.282811334228516,5.298750000000002,12.671975,7.373225135803221,-0.0711773,0.088611096,0.15978839614372253
21575,0.18313999999999997,0.14223503,-0.04090497423648831,16.37115,15.243961,-1.1271886657714845,14.598750000000003,12.671975,-1.92677486419678,0.13882269999999997,0.088611096,-0.05021160385627743
21576,0.26313999999999993,0.14223503,-0.12090497423648827,20.531149999999997,15.243961,-5.287188665771481,17.558750000000003,12.671975,-4.886774864196781,0.2288227,0.088611096,-0.14021160385627746
21579,-0.04211930000000008,0.058467,0.10058630072288521,1.4563799999999993,5.547134,4.090753922576905,1.4218700000000002,6.3799667,4.958096735839844,0.04652119999999993,0.13252085,0.08599965447311408
21581,0.07788069999999991,0.058467,-0.019413699277114782,6.356379999999998,5.547134,-0.8092460774230936,7.85187,6.3799667,-1.4719032641601562,0.16652119999999992,0.13252085,-0.03400034552688591
21582,0.13788069999999997,0.058467,-0.07941369927711484,7.686379999999998,5.547134,-2.1392460774230937,9.371870000000001,6.3799667,-2.9919032641601575,0.19652119999999995,0.13252085,-0.06400034552688594
21640,0.205488,0.08873861,-0.11674938716936112,14.441820000000003,14.601449,0.15962901275634422,14.91644,12.927619,-1.9888210195922849,0.24630780000000002,0.15462773,-0.09168007451801302
21642,0.025487999999999955,0.08873861,0.06325061283063893,13.741820000000002,14.601449,0.8596290127563453,11.716439999999999,12.927619,1.2111789804077162,0.11630780000000007,0.15462773,0.03831992548198693
21643,-0.007511999999999963,0.08873861,0.09625061283063885,14.641820000000003,14.601449,-0.040370987243655065,11.216439999999999,12.927619,1.7111789804077162,0.06630780000000003,0.15462773,0.08831992548198697
21644,-0.010512000000000077,0.08873861,0.09925061283063896,15.541820000000003,14.601449,-0.9403709872436554,11.01644,12.927619,1.9111789804077155,0.0063078000000000856,0.15462773,0.14831992548198691
21645,0.06348799999999999,0.08873861,0.025250612830638897,17.04182,14.601449,-2.4403709872436536,15.31644,12.927619,-2.388821019592285,0.25630780000000003,0.15462773,-0.10168007451801303
21646,0.18948799999999988,0.08873861,-0.100749387169361,14.641820000000003,14.601449,-0.040370987243655065,15.01644,12.927619,-2.0888210195922845,0.24630780000000002,0.15462773,-0.09168007451801302
21647,0.210488,0.08873861,-0.12174938716936112,17.441820000000003,14.601449,-2.8403709872436558,16.51644,12.927619,-3.5888210195922845,0.2963078,0.15462773,-0.141680074518013
21725,0.1522150000000001,0.01292221,-0.1392927903124691,17.07835,9.493646,-7.584704331970215,13.837250000000001,6.4032764,-7.433973556518556,0.052264100000000036,-0.0072601163,-0.05952421628285054
21726,0.11221500000000006,0.01292221,-0.09929279031246907,16.278349999999996,9.493646,-6.784704331970211,13.527250000000002,6.4032764,-7.123973556518557,0.09226410000000007,-0.0072601163,-0.09952421628285057
21727,0.23221500000000006,0.01292221,-0.21929279031246907,15.368349999999998,9.493646,-5.874704331970213,13.617250000000002,6.4032764,-7.213973556518557,0.052264100000000036,-0.0072601163,-0.05952421628285054
21728,0.08221500000000015,0.01292221,-0.06929279031246915,10.52835,9.493646,-1.0347043319702145,9.587250000000001,6.4032764,-3.1839735565185556,0.062264100000000044,-0.0072601163,-0.06952421628285055
21729,0.012215000000000087,0.01292221,0.0007072096875309075,9.518349999999998,9.493646,-0.024704331970212934,6.267250000000001,6.4032764,0.13602644348144466,-0.03773589999999993,-0.0072601163,0.03047578371714943
21730,0.032215000000000105,0.01292221,-0.01929279031246911,8.68835,9.493646,0.8052956680297854,6.2272500000000015,6.4032764,0.1760264434814438,-0.017735899999999916,-0.0072601163,0.010475783717149412
21731,0.012215000000000087,0.01292221,0.0007072096875309075,8.588349999999998,9.493646,0.9052956680297868,6.007250000000001,6.4032764,0.39602644348144445,-0.007735899999999907,-0.0072601163,0.0004757837171494028
21732,-0.007784999999999931,0.01292221,0.020707209687530925,8.668349999999997,9.493646,0.8252956680297885,5.557250000000002,6.4032764,0.8460264434814437,-0.027735899999999925,-0.0072601163,0.02047578371714942
21735,0.21221500000000004,0.01292221,-0.19929279031246905,19.81835,9.493646,-10.324704331970214,15.21725,6.4032764,-8.813973556518555,-0.017735899999999916,-0.0072601163,0.010475783717149412
21736,0.21221500000000004,0.01292221,-0.19929279031246905,19.74835,9.493646,-10.254704331970213,14.547250000000002,6.4032764,-8.143973556518556,-0.09773589999999999,-0.0072601163,0.09047578371714948
21737,0.08221500000000015,0.01292221,-0.06929279031246915,17.448349999999998,9.493646,-7.954704331970213,12.69725,6.4032764,-6.293973556518555,-0.027735899999999925,-0.0072601163,0.02047578371714942
21738,0.042215000000000114,0.01292221,-0.02929279031246912,15.108349999999998,9.493646,-5.614704331970213,10.747250000000001,6.4032764,-4.343973556518556,-0.027735899999999925,-0.0072601163,0.02047578371714942
21739,0.032215000000000105,0.01292221,-0.01929279031246911,11.908349999999999,9.493646,-2.4147043319702135,8.047250000000002,6.4032764,-1.6439735565185565,-0.04773589999999994,-0.0072601163,0.04047578371714944
21779,-0.07001000000000013,0.05438601,0.1243960085308553,7.657590000000003,10.373238,2.7156476098632787,4.98508,7.7503505,2.7652704753112793,0.023483599999999938,0.032168016,0.008684415837669435
21816,0.1430530000000001,0.11732233,-0.025730666842937566,8.984370000000002,10.737343,1.7529728344726543,10.41232,11.303812,0.8914920269775397,0.026765299999999992,0.032327715,0.0055624153074741445
22052,0.06238699999999997,0.023407081,-0.03897991885793206,9.935680000000001,9.822612,-0.11306819122314593,8.33515,7.931286,-0.40386414184570363,0.026455999999999924,0.053273123,0.02681712275767334
22053,-0.0176130000000001,0.023407081,0.04102008114206801,7.635680000000001,9.822612,2.186931808776855,4.895150000000001,7.931286,3.036135858154296,-0.010544000000000109,0.053273123,0.06381712275767337
22070,-0.057784999999999975,0.015848517,0.07363351741790769,4.458349999999999,8.843164,4.384814443969727,0.5772500000000029,6.4502335,5.872983459472653,-0.06773589999999996,0.016747085,0.08448298537757393
22071,-0.02778499999999995,0.015848517,0.043633517417907663,4.708349999999999,8.843164,4.134814443969727,1.9072500000000012,6.4502335,4.542983459472655,-0.03773589999999993,0.016747085,0.0544829853775739
22072,-0.02778499999999995,0.015848517,0.043633517417907663,5.448349999999998,8.843164,3.3948144439697288,2.957250000000002,6.4502335,3.4929834594726543,-0.017735899999999916,0.016747085,0.03448298537757388
22073,-0.02778499999999995,0.015848517,0.043633517417907663,5.6283499999999975,8.843164,3.214814443969729,2.7672500000000007,6.4502335,3.6829834594726556,-0.027735899999999925,0.016747085,0.04448298537757389
22074,-0.057784999999999975,0.015848517,0.07363351741790769,4.548349999999999,8.843164,4.294814443969727,0.7872500000000002,6.4502335,5.662983459472656,-0.05773589999999995,0.016747085,0.07448298537757392
22111,0.1093869999999999,0.06097038,-0.04841661909770956,11.185680000000001,9.069213,-2.116467086486818,9.20515,7.174274,-2.03087603225708,0.0014560000000000128,0.006439631,0.004983630873501288
22112,0.09738699999999989,0.06097038,-0.036416619097709546,9.965680000000003,9.069213,-0.8964670864868189,7.575150000000001,7.174274,-0.4008760322570808,-0.03854400000000002,0.006439631,0.044983630873501323
22113,0.1123869999999999,0.06097038,-0.05141661909770956,11.705680000000001,9.069213,-2.6364670864868174,9.07515,7.174274,-1.9008760322570808,-0.03854400000000002,0.006439631,0.044983630873501323
22114,0.11938699999999991,0.06097038,-0.058416619097709566,11.805680000000002,9.069213,-2.736467086486819,9.395150000000001,7.174274,-2.220876032257081,-0.028544000000000014,0.006439631,0.034983630873501315
22115,0.13238699999999992,0.06097038,-0.07141661909770958,12.435680000000001,9.069213,-3.366467086486818,10.33515,7.174274,-3.1608760322570806,0.0014560000000000128,0.006439631,0.004983630873501288
22116,0.025386999999999937,0.06097038,0.03558338090229041,8.435680000000001,9.069213,0.6335329135131822,6.18515,7.174274,0.9891239677429198,-0.008543999999999996,0.006439631,0.014983630873501297
22118,0.09938699999999989,0.06097038,-0.03841661909770955,10.185680000000001,9.069213,-1.1164670864868178,8.17515,7.174274,-1.0008760322570804,-0.018544000000000005,0.006439631,0.024983630873501306
22120,0.025386999999999937,0.06097038,0.03558338090229041,8.435680000000001,9.069213,0.6335329135131822,6.18515,7.174274,0.9891239677429198,-0.008543999999999996,0.006439631,0.014983630873501297
22121,0.023386999999999936,0.06097038,0.03758338090229041,9.075680000000002,9.069213,-0.006467086486818374,6.665150000000001,7.174274,0.5091239677429193,-0.008543999999999996,0.006439631,0.014983630873501297
22122,0.2423869999999999,0.06097038,-0.18141661909770956,10.90568,9.069213,-1.8364670864868167,7.825150000000001,7.174274,-0.6508760322570808,-0.028544000000000014,0.006439631,0.034983630873501315
22181,0.07321500000000014,0.015848517,-0.057366482582092426,10.248349999999999,8.843164,-1.405185556030272,8.467250000000002,6.4502335,-2.0170165405273455,0.02226410000000001,0.016747085,-0.005517014622426042
22182,0.008215000000000083,0.015848517,0.0076335174179076315,8.61835,8.843164,0.22481444396972705,4.647250000000001,6.4502335,1.8029834594726548,-0.07773589999999997,0.016747085,0.09448298537757394
22183,0.018215000000000092,0.015848517,-0.0023664825820923774,8.198349999999998,8.843164,0.6448144439697288,5.2272500000000015,6.4502335,1.2229834594726547,-0.03773589999999993,0.016747085,0.0544829853775739
22184,0.033215000000000106,0.015848517,-0.01736648258209239,10.690349999999999,8.843164,-1.8471855560302721,7.927250000000001,6.4502335,-1.4770165405273445,0.002264100000000102,0.016747085,0.014482985377573865
22185,0.0282150000000001,0.015848517,-0.012366482582092386,9.056349999999998,8.843164,-0.21318555603027178,5.517250000000001,6.4502335,0.9329834594726556,-0.05773589999999995,0.016747085,0.07448298537757392
22186,0.033215000000000106,0.015848517,-0.01736648258209239,7.241349999999997,8.843164,1.6018144439697295,6.02725,6.4502335,0.4229834594726558,0.02226410000000001,0.016747085,-0.005517014622426042
22187,0.06221500000000013,0.015848517,-0.046366482582092416,8.978349999999999,8.843164,-0.13518555603027238,8.18725,6.4502335,-1.7370165405273443,0.062264100000000044,0.016747085,-0.04551701462242608
22188,0.022215000000000096,0.015848517,-0.006366482582092381,7.768349999999998,8.843164,1.0748144439697285,5.157250000000001,6.4502335,1.292983459472655,-0.017735899999999916,0.016747085,0.03448298537757388
22189,0.022215000000000096,0.015848517,-0.006366482582092381,7.488349999999997,8.843164,1.3548144439697296,5.187250000000001,6.4502335,1.2629834594726557,-0.007735899999999907,0.016747085,0.024482985377573874
22192,0.022213999999999956,0.03140807,0.00919407151794438,13.186860000000003,15.43829,2.2514296423339815,10.55787,11.905107,1.3472365444946295,0.05469860000000004,0.030086325,-0.024612274518466037
22193,0.05221399999999998,0.03140807,-0.020805928482055647,18.686860000000003,15.43829,-3.2485703576660185,13.25787,11.905107,-1.3527634555053716,0.014698600000000006,0.030086325,0.015387725481533998
22331,0.025202000000000058,0.016439533,-0.00876246713888651,7.936509999999998,9.081919,1.1454087164306657,10.0364,10.884728,0.8483284317016597,0.14513739999999997,0.16378336,0.01864595654735568
22332,0.025202000000000058,0.016439533,-0.00876246713888651,7.936509999999998,9.081919,1.1454087164306657,10.0364,10.884728,0.8483284317016597,0.14513739999999997,0.16378336,0.01864595654735568
22333,0.025202000000000058,0.016439533,-0.00876246713888651,7.936509999999998,9.081919,1.1454087164306657,10.0364,10.884728,0.8483284317016597,0.14513739999999997,0.16378336,0.01864595654735568
22418,0.06238699999999997,0.029707417,-0.032679583107948273,7.40568,9.90856,2.5028797991943357,5.905150000000001,7.766085,1.8609351478576652,-0.008543999999999996,0.046840236,0.05538423559093475
22487,-0.04631699999999994,-0.053745177,-0.007428176643133222,5.958660000000002,6.4499493,0.49128926452636534,9.058400000000002,8.663903,-0.3944967636108423,0.23238349999999997,0.18552457,-0.046858932038307155
22489,-0.08631699999999998,-0.053745177,0.032571823356866814,6.758659999999999,6.4499493,-0.3087107354736318,9.658400000000002,8.663903,-0.9944967636108419,0.2523835,0.18552457,-0.06685893203830717
22491,-0.016316999999999915,-0.053745177,-0.03742817664313325,7.85866,6.4499493,-1.4087107354736332,10.258400000000002,8.663903,-1.5944967636108416,0.21238350000000006,0.18552457,-0.02685893203830725
22502,0.11451500000000003,0.014094564,-0.10042043586760763,10.678439999999998,8.997339,-1.6811007513427718,14.24813,8.341645,-5.906484759216308,0.314724,0.11372638,-0.2009976225128174
22505,-0.07548500000000002,0.014094564,0.08957956413239243,6.228439999999999,8.997339,2.7688992486572275,3.4881300000000017,8.341645,4.85351524078369,-0.015275999999999956,0.11372638,0.12900237748718257
22633,-0.09498000000000006,-0.08753806,0.0074419364738465,6.551690000000001,7.5121303,0.9604402604675286,1.5366199999999992,3.4345546,1.89793457687378,-0.06808219999999998,-0.008981195,0.059101004721534234
22634,-0.10098000000000007,-0.08753806,0.013441936473846505,7.101690000000001,7.5121303,0.4104402604675279,2.6866200000000013,3.4345546,0.747934576873778,-0.03608219999999995,-0.008981195,0.027101004721534205
22636,-0.07098000000000004,-0.08753806,-0.01655806352615352,8.221690000000002,7.5121303,-0.7095597395324731,6.39662,3.4345546,-2.962065423126221,0.06991780000000003,-0.008981195,-0.07889899527846578
22679,0.06407600000000002,0.02307999,-0.040996010522007964,6.877839999999999,5.7496786,-1.128161388244628,12.735679999999999,8.696442,-4.039238349609374,0.07218659999999999,0.07184208,-0.0003445181551933185
22680,-0.00592400000000004,0.02307999,0.029003989477992098,6.277839999999998,5.7496786,-0.5281613882446266,6.93568,8.696442,1.7607616503906254,0.07218659999999999,0.07184208,-0.0003445181551933185
22681,-0.03592400000000007,0.02307999,0.059003989477992125,3.477839999999997,5.7496786,2.271838611755374,5.535679999999999,8.696442,3.1607616503906257,0.032186600000000065,0.07184208,0.039655481844806606
23025,0.21315899999999988,0.13366586,-0.07949314030075061,12.027910000000002,13.068922,1.0410120428466776,18.850099999999998,17.920542,-0.9295582366943336,0.44534360000000006,0.39187533,-0.05346827336654669
23026,0.19315899999999997,0.13366586,-0.0594931403007507,12.907910000000005,13.068922,0.16101204284667503,18.8701,17.920542,-0.9495582366943367,0.42534360000000004,0.39187533,-0.033468273366546675
23058,-0.02761300000000011,0.03447364,0.062086638981580844,7.915680000000002,9.152177,1.236496856994627,4.405149999999999,7.4292884,3.024138387298585,-0.04854400000000003,0.04554443,0.09408843061351779
23104,-0.05910499999999996,-0.033303823,0.02580117667794224,3.57723,3.8619244,0.2846944098663329,3.5110600000000005,3.8474894,0.3364293569946284,0.07304710000000003,0.071726024,-0.0013210758491516428
23105,-0.05910499999999996,-0.033303823,0.02580117667794224,4.027229999999999,3.8619244,-0.1653055901336664,2.87106,3.8474894,0.976429356994629,0.033047099999999996,0.071726024,0.03867892415084839
23106,-0.05910499999999996,-0.033303823,0.02580117667794224,4.027229999999999,3.8619244,-0.1653055901336664,2.87106,3.8474894,0.976429356994629,0.033047099999999996,0.071726024,0.03867892415084839
23107,-0.019104999999999928,-0.033303823,-0.014198823322057796,3.3372300000000017,3.8619244,0.5246944098663313,3.7510600000000025,3.8474894,0.0964293569946264,0.06304710000000002,0.071726024,0.008678924150848366
23108,-0.019104999999999928,-0.033303823,-0.014198823322057796,3.3372300000000017,3.8619244,0.5246944098663313,3.7510600000000025,3.8474894,0.0964293569946264,0.06304710000000002,0.071726024,0.008678924150848366
23109,-0.019104999999999928,-0.033303823,-0.014198823322057796,3.497230000000002,3.8619244,0.36469440986633117,4.831060000000001,3.8474894,-0.9835706430053719,0.10304709999999995,0.071726024,-0.03132107584915156
23139,0.1023869999999999,0.046381533,-0.056005466854095354,8.485680000000002,8.87249,0.38680992919921664,8.59515,7.43774,-1.1574101509094241,0.061455999999999955,0.039561756,-0.021894244044780686
23302,-0.09956500000000013,0.09949552,0.19906052267789853,7.203769999999999,11.128042,3.9242722210693373,4.556880000000001,10.233748,5.67686843597412,0.051134800000000036,0.122221984,0.07108718396921154
23303,0.014434999999999976,0.09949552,0.08506052267789843,9.373769999999999,11.128042,1.7542722210693373,8.486880000000001,10.233748,1.74686843597412,0.12113479999999999,0.122221984,0.0010871839692115914
23304,0.23743499999999995,0.09949552,-0.13793947732210154,11.42377,11.128042,-0.2957277789306634,11.326880000000001,10.233748,-1.0931315640258799,0.10213479999999997,0.122221984,0.02008718396921161
23305,0.26143499999999986,0.09949552,-0.16193947732210145,13.00377,11.128042,-1.8757277789306634,13.37688,10.233748,-3.143131564025879,0.21513479999999996,0.122221984,-0.09291281603078838
23307,0.1347520000000001,0.15571202,0.020960023377418424,23.536230000000003,19.930754,-3.605476292114261,20.24323,16.644707,-3.5985232739257818,0.20431639999999995,0.20802848,0.003712080410575913
23338,0.05221500000000012,0.012220213,-0.039994786810279015,7.138349999999999,7.42902,0.29066992797851654,6.1072500000000005,6.020735,-0.08651521301269582,0.0122641,0.03712316,0.02485905857410431
23340,0.25337699999999996,0.23221615,-0.021160850431442224,7.034000000000001,6.7582583,-0.2757416572570808,9.8681,9.740677,-0.1274231201171876,0.2667578,0.26573724,-0.0010205644538879288
23341,0.1883769999999999,0.23221615,0.043839149568557834,4.033999999999999,6.7582583,2.724258342742921,7.568099999999999,9.740677,2.172576879882813,0.17675779999999996,0.26573724,0.0889794355461121
23342,0.19437700000000002,0.23221615,0.03783914956855772,3.1340000000000003,6.7582583,3.6242583427429196,6.9681,9.740677,2.7725768798828128,0.16375779999999995,0.26573724,0.10197943554611211
23343,0.24037699999999995,0.23221615,-0.008160850431442213,2.8339999999999996,6.7582583,3.9242583427429203,7.6681,9.740677,2.0725768798828126,0.19875779999999998,0.26573724,0.06697943554611208
23355,0.405377,0.23221615,-0.17316085043144225,13.334,6.7582583,-6.57574165725708,13.168099999999999,9.740677,-3.4274231201171865,0.3437578,0.26573724,-0.07802056445388794
23356,0.12537699999999996,0.23221615,0.10683914956855778,7.934000000000001,6.7582583,-1.1757416572570811,10.9681,9.740677,-1.2274231201171872,0.3387578,0.26573724,-0.07302056445388794
23357,0.1853769999999999,0.23221615,0.046839149568557836,5.634,6.7582583,1.1242583427429196,10.0681,9.740677,-0.3274231201171869,0.3087578,0.26573724,-0.043020564453887966
23359,0.285377,0.23221615,-0.05316085043144225,10.134,6.7582583,-3.3757416572570804,11.9681,9.740677,-2.2274231201171872,0.3387578,0.26573724,-0.07302056445388794
23526,0.12715700000000008,0.108160645,-0.018996355230331496,7.41647,7.0936694,-0.32280058547973667,10.21476,9.237772,-0.976988012084961,0.16309320000000005,0.14250548,-0.020587718160820057
23646,0.2995052,0.27149814,-0.02800705632705691,9.35202,9.551112,0.1990921749877934,8.989729999999998,8.886265,-0.10346519897460738,0.06508250000000004,0.073483996,0.00840149609327312
23647,0.2895052,0.27149814,-0.018007056327056903,8.90202,9.551112,0.6490921749877927,8.369729999999999,8.886265,0.5165348010253918,0.055082500000000034,0.073483996,0.01840149609327313
23679,0.054643,0.0398705,-0.014772499435424802,4.84188,4.7399306,-0.10194937026977513,10.898890000000002,8.879038,-2.0198521429443375,0.2975966,0.18045063,-0.11714596683177947
23680,0.0025079999999999547,-0.0023285823,-0.004836582340851381,4.282170000000004,4.498503,0.21633320816039614,4.037049999999999,4.3185997,0.28154970092773546,0.005777199999999927,0.037119996,0.03134279580264099
23681,0.035414999999999974,0.05334127,0.017926269493103053,5.395870000000002,3.9878263,-1.408043652648928,2.4469600000000007,1.3790863,-1.067873743972779,-0.045522300000000016,-0.05210578,-0.0065834806909084165
23682,0.03423899999999991,0.05334127,0.01910226949310312,2.141490000000001,3.9878263,1.8463363473510732,-0.847900000000001,1.3790863,2.2269862560272227,-0.09972800000000004,-0.05210578,0.04762221930909161
23685,0.11048000000000002,0.11598029,0.005500289876461006,13.32834,13.592525,0.2641845285034172,5.893020000000002,6.0876904,0.194670353393553,-0.06188970000000005,-0.058310162,0.0035795377239704607
24010,-0.10612900000000014,-0.066040866,0.04008813392305388,5.761879999999998,6.1203685,0.35848848068237515,0.8259000000000007,1.704353,0.8784529748916619,-0.07200939999999989,-0.054740638,0.01726876245918263
24011,-0.08095200000000013,-0.040667932,0.04028406751942648,9.71708,8.909622,-0.8074578076171868,5.0513200000000005,5.095592,0.044272021942138196,-0.027748099999999942,-0.0075312173,0.020216882700598182
24012,-0.08095200000000013,-0.040667932,0.04028406751942648,9.22708,8.909622,-0.31745780761718834,3.9613200000000006,5.095592,1.134272021942138,-0.05574809999999997,-0.0075312173,0.04821688270059821
24013,-0.06095200000000012,-0.040667932,0.020284067519426463,9.05708,8.909622,-0.14745780761718663,4.441320000000001,5.095592,0.6542720219421376,-0.04474809999999996,-0.0075312173,0.0372168827005982
24126,0.07238699999999998,0.03447364,-0.037913361018419245,8.38568,9.152177,0.7664968569946282,7.70515,7.4292884,-0.27586161270141574,0.04145599999999994,0.04554443,0.004088430613517824
24127,0.022386999999999935,0.03447364,0.0120866389815808,7.4756800000000005,9.152177,1.6764968569946284,8.40515,7.4292884,-0.9758616127014168,0.1314559999999999,0.04554443,-0.08591156938648215
24128,0.0063869999999999205,0.03447364,0.028086638981580814,6.665680000000002,9.152177,2.486496856994627,6.60515,7.4292884,0.8241383872985839,0.08145599999999997,0.04554443,-0.03591156938648221
24129,0.002386999999999917,0.03447364,0.03208663898158082,6.265680000000003,9.152177,2.8864968569946257,5.50515,7.4292884,1.9241383872985836,0.04145599999999994,0.04554443,0.004088430613517824
24209,-0.07623600000000019,-0.039719224,0.03651677602386494,11.673869999999997,11.297926,-0.3759440509033176,8.162320000000001,9.328956,1.1666356503295887,0.03040010000000004,0.070409045,0.0400089446233749
24285,0.05906000000000011,0.07543889,0.01637888688087452,8.22617,8.477232,0.2510619793701174,10.707510000000001,10.932402,0.22489165710449122,0.13264829999999994,0.15699385,0.02434555106563574
24368,0.03420500000000004,0.035240952,0.0010359519255160876,1.1225800000000028,2.590722,1.4681420840454074,3.5851100000000002,4.9221663,1.3370563475036619,0.11778159999999993,0.12811041,0.010328808782959054
24369,0.021560000000000024,-0.046472795,-0.06803279530763628,9.41901,10.109216,0.69020573638916,6.7472400000000015,6.4844027,-0.2628373434448257,-0.011720999999999981,-0.018290045,-0.006569044739842433
24370,-0.06844000000000006,-0.046472795,0.021967204692363795,10.609010000000001,10.109216,-0.4997942636108412,8.86724,6.4844027,-2.382837343444825,0.06827899999999998,-0.018290045,-0.0865690447398424
24371,-0.06844000000000006,-0.046472795,0.021967204692363795,10.609010000000001,10.109216,-0.4997942636108412,5.417240000000001,6.4844027,1.0671626565551744,-0.04172100000000001,-0.018290045,0.023430955260157593
24372,-0.09844000000000008,-0.046472795,0.05196720469236382,8.70901,10.109216,1.400205736389161,3.517240000000001,6.4844027,2.9671626565551747,-0.061721000000000026,-0.018290045,0.04343095526015761
24388,0.2219899999999999,0.05438601,-0.16760399146914473,13.32159,10.373238,-2.9483523901367192,13.585080000000001,7.7503505,-5.834729524688722,0.14348359999999993,0.032168016,-0.11131558416233056
24389,0.15112800000000004,0.14099078,-0.010137221196174662,11.10161,9.980454,-1.121155555114747,13.13899,11.822626,-1.3163638861083982,0.15830339999999998,0.13113898,-0.027164419611358626
24390,0.13112800000000002,0.14099078,0.009862778803825356,8.30161,9.980454,1.6788444448852538,11.03899,11.822626,0.7836361138916015,0.12830339999999996,0.13113898,0.002835580388641401
24391,0.24346899999999994,0.23658507,-0.00688393427753442,12.975609999999996,14.481946,1.5063359915161172,8.44803,8.880102,0.4320721575927742,-0.03491660000000002,-0.036003582,-0.0010869821795463364
24465,-0.05436799999999997,0.003137208,0.057505208055704804,8.184450000000002,8.632073,0.4476234024047834,10.25235,10.815328,0.5629776443481447,0.19939050000000003,0.19294766,-0.006442844083786037
24582,-0.057613000000000136,0.029707417,0.08732041689205183,7.33568,9.90856,2.572879799194336,3.3851499999999994,7.766085,4.380935147857667,-0.040544000000000024,0.046840236,0.08738423559093478
24588,-0.057613000000000136,0.029707417,0.08732041689205183,7.33568,9.90856,2.572879799194336,3.3851499999999994,7.766085,4.380935147857667,-0.040544000000000024,0.046840236,0.08738423559093478
24704,-0.0176130000000001,-0.026264368,-0.008651367625117201,6.605680000000003,7.224972,0.6192917712402313,3.405149999999999,3.3986745,-0.006475511932372058,-0.03854400000000002,-0.03838144,0.00016256129765512828
24705,-0.02761300000000011,-0.026264368,0.0013486323748828077,7.205680000000001,7.224972,0.019291771240233402,3.2051499999999997,3.3986745,0.19352448806762723,-0.06854400000000005,-0.03838144,0.030162561297655155
24706,-0.04761300000000013,-0.026264368,0.021348632374882826,7.605680000000003,7.224972,-0.38070822875976873,2.905149999999999,3.3986745,0.49352448806762794,-0.07854400000000006,-0.03838144,0.040162561297655164
24707,-0.03761300000000012,-0.026264368,0.011348632374882817,7.505680000000002,7.224972,-0.2807082287597673,4.305150000000001,3.3986745,-0.9064755119323742,-0.018544000000000005,-0.03838144,-0.01983743870234489
24709,-0.04761300000000013,-0.026264368,0.021348632374882826,6.205680000000001,7.224972,1.0192917712402334,2.805150000000001,3.3986745,0.5935244880676258,-0.028544000000000014,-0.03838144,-0.00983743870234488
24710,-0.057613000000000136,-0.026264368,0.031348632374882834,6.105680000000003,7.224972,1.1192917712402313,2.605150000000002,3.3986745,0.7935244880676251,-0.03854400000000002,-0.03838144,0.00016256129765512828
24713,-0.02761300000000011,-0.026264368,0.0013486323748828077,6.505680000000002,7.224972,0.7192917712402327,2.805150000000001,3.3986745,0.5935244880676258,-0.05854400000000004,-0.03838144,0.020162561297655146
24714,-0.02761300000000011,-0.026264368,0.0013486323748828077,6.605680000000003,7.224972,0.6192917712402313,2.605150000000002,3.3986745,0.7935244880676251,-0.06854400000000005,-0.03838144,0.030162561297655155
24717,-0.057613000000000136,-0.026264368,0.031348632374882834,6.205680000000001,7.224972,1.0192917712402334,1.8051500000000011,3.3986745,1.5935244880676258,-0.06854400000000005,-0.03838144,0.030162561297655155
24969,-0.03778499999999996,0.015848517,0.05363351741790767,8.588349999999998,8.843164,0.2548144439697282,6.917250000000001,6.4502335,-0.46701654052734476,0.062264100000000044,0.016747085,-0.04551701462242608
24986,0.0018689999999998985,0.012701277,0.010832276689767939,12.554590000000005,14.999985,2.445394741210933,16.652449999999998,15.881998,-0.7704519378662091,-0.04840769999999994,-0.13354439,-0.08513668543319708
24988,0.0018689999999998985,0.012701277,0.010832276689767939,17.154590000000006,14.999985,-2.1546052587890685,16.652449999999998,15.881998,-0.7704519378662091,-0.2384077,-0.13354439,0.10486331456680298
24990,0.06186899999999995,0.012701277,-0.049167723310232114,16.954590000000003,14.999985,-1.9546052587890657,16.652449999999998,15.881998,-0.7704519378662091,-0.17840769999999995,-0.13354439,0.044863314566802925
25161,0.12238699999999991,0.09479346,-0.027593538736820133,8.90568,9.67869,0.7730099566650388,9.50515,9.374095,-0.13105503692626996,0.10145599999999999,0.0789536,-0.0225023985800743
25162,0.12238699999999991,0.09479346,-0.027593538736820133,8.705680000000001,9.67869,0.9730099566650381,8.50515,9.374095,0.86894496307373,0.051455999999999946,0.0789536,0.027497601419925743
25230,0.1285139999999999,0.22464797,0.09613396900749216,8.763110000000001,12.044727,3.281617325439452,10.682830000000001,13.340752,2.657921647949218,0.13898579999999994,0.1830067,0.04402090385360724
25232,0.14851399999999992,0.22464797,0.07613396900749214,10.083110000000001,12.044727,1.9616173254394518,11.552830000000002,13.340752,1.7879216479492168,0.15898579999999995,0.1830067,0.024020903853607223
25234,0.21851399999999988,0.22464797,0.00613396900749219,6.833110000000001,12.044727,5.211617325439452,12.242830000000001,13.340752,1.0979216479492173,0.2089858,0.1830067,-0.02597909614639282
25291,0.08121500000000015,0.015848517,-0.06536648258209243,7.538349999999998,8.843164,1.304814443969729,7.807250000000002,6.4502335,-1.3570165405273453,0.06426410000000005,0.016747085,-0.04751701462242608
25300,-0.02778499999999995,0.00963784,0.03742284009218211,5.338349999999998,6.243588,0.9052379707336442,3.1072500000000005,4.84029,1.7330400695800776,-0.007735899999999907,0.021317178,0.02905307838346949
25301,0.002215000000000078,0.00963784,0.007422840092182081,4.93835,6.243588,1.3052379707336428,3.6072500000000005,4.84029,1.2330400695800776,0.002264100000000102,0.021317178,0.01905307838346948
25340,-0.03940300000000008,-0.041284133,-0.0018811327488421625,7.961499999999997,8.469217,0.5077173004150417,2.869440000000001,3.8395514,0.9701114488220206,-0.08285969999999998,-0.044439156,0.03842054439158438
25341,-0.04665800000000009,-0.029561821,0.01709617862868318,7.937749999999998,9.123794,1.1860436019897485,2.4916199999999975,4.2049956,1.7133756321716334,-0.08980929999999998,-0.053160883,0.036648416513729076
25342,-0.05906300000000009,-0.01799141,0.041071589431643574,2.6450500000000012,4.5752745,1.9302244674682605,-0.26829000000000036,3.039774,3.3080639410400394,-0.047492700000000054,-0.051379528,-0.0038868278966426306
25345,-0.04665800000000009,-0.029561821,0.01709617862868318,8.037749999999999,9.123794,1.086043601989747,2.8916199999999996,4.2049956,1.3133756321716312,-0.07980929999999997,-0.053160883,0.026648416513729067
25346,-0.04906300000000008,-0.01799141,0.031071589431643565,2.6450500000000012,4.5752745,1.9302244674682605,0.03171000000000035,3.039774,3.0080639410400387,-0.04049270000000005,-0.051379528,-0.010886827896642637
25673,0.012386999999999926,0.06097038,0.04858338090229042,5.635680000000001,9.069213,3.433532913513183,5.395150000000001,7.174274,1.779123967742919,0.051455999999999946,0.006439631,-0.045016369126498645
25675,0.21238699999999988,0.06097038,-0.15141661909770954,6.24568,9.069213,2.8235329135131835,9.26515,7.174274,-2.0908760322570803,0.08145599999999997,0.006439631,-0.07501636912649867
25844,0.04167900000000002,0.04267399,0.000994990130424478,7.97982,7.726607,-0.25321315414428724,6.31747,6.7800813,0.462611272125244,0.0030944000000000527,0.040734723,0.037640323210334725
25845,0.04167900000000002,0.023599079,-0.018079921121239684,8.11982,8.025081,-0.09473931915283273,6.617470000000001,5.4048743,-1.2125956752014169,0.01309439999999995,-0.007931769,-0.021026168894195507
26269,-0.116317,-0.04527749,0.07103950878810883,3.4060699999999997,4.324216,0.9181458889770511,3.3550499999999985,4.8979473,1.5428973114013687,0.10665259999999999,0.10427212,-0.0023804802990913254
26523,-0.06761600000000012,-0.050453253,0.017162746909618498,5.902649999999998,7.248068,1.3454178558349632,5.4033999999999995,6.3984537,0.9950537124633794,-0.0815285,-0.05081475,0.030713748464345936
26524,-0.028615999999999975,-0.050453253,-0.021837253090381648,6.902649999999998,7.248068,0.3454178558349632,7.4033999999999995,6.3984537,-1.0049462875366206,-0.05852849999999998,-0.05081475,0.007713748464345915
26633,0.018588999999999967,-0.022334542,-0.04092354212546345,5.07254,7.1487966,2.076256558380127,5.478440000000001,6.8346972,1.3562572465515128,0.05888559999999998,0.094110616,0.03522501555147173
26690,0.05171700000000001,0.02963316,-0.022083839319467558,12.760720000000001,10.519913,-2.2408072802734385,11.1389,8.2320175,-2.906882482910156,0.10500520000000002,0.035077304,-0.06992789635200503
26691,0.011716999999999977,0.02963316,0.017916160680532478,9.460720000000002,10.519913,1.0591927197265605,7.1389,8.2320175,1.0931175170898442,0.01500519999999994,0.035077304,0.020072103647995054
26950,0.053247000000000044,0.037837412,-0.015409587791681334,9.938460000000003,9.244058,-0.6944023446655301,8.566270000000001,7.803461,-0.7628089251708996,0.043883899999999976,0.026658872,-0.017225027857565856
26951,0.053247000000000044,0.037837412,-0.015409587791681334,8.23846,9.244058,1.0055976553344728,6.906270000000001,7.803461,0.8971910748291005,0.01688389999999995,0.026658872,0.009774972142434168
27118,0.05795400000000006,0.12003621,0.062082207139491974,12.4236,13.927025,1.5034248413085933,11.40202,13.5180435,2.116023518066406,0.08247870000000002,0.14400244,0.06152373759155272
27119,0.040954000000000046,0.12003621,0.07908220713949199,10.823599999999999,13.927025,3.1034248413085948,9.90202,13.5180435,3.616023518066406,0.0644787,0.14400244,0.07952373759155273
27123,0.03595400000000004,0.12003621,0.084082207139492,12.823599999999999,13.927025,1.1034248413085948,11.60202,13.5180435,1.9160235180664067,0.08747870000000002,0.14400244,0.056523737591552714
27124,0.250954,0.12003621,-0.13091779286050798,17.0236,13.927025,-3.0965751586914045,18.202019999999997,13.5180435,-4.683976481933591,0.29947870000000004,0.14400244,-0.1554762624084473
27125,0.18795400000000007,0.12003621,-0.06791779286050803,17.5236,13.927025,-3.5965751586914045,16.90202,13.5180435,-3.383976481933594,0.1994787,0.14400244,-0.055476262408447274
27126,0.15595400000000004,0.12003621,-0.035917792860508,13.823599999999999,13.927025,0.10342484130859475,14.00202,13.5180435,-0.48397648193359366,0.12747870000000006,0.14400244,0.01652373759155268
27416,-0.05053750000000001,-0.05164838,-0.0011108783721923698,9.217019999999998,10.355752,1.1387319912719747,9.115,9.90414,0.7891404724121092,0.19051200000000001,0.21471097,0.02419896575260161
27419,-0.06053750000000002,-0.05164838,0.008889121627807639,12.49702,10.355752,-2.1412680087280265,11.614999999999998,9.90414,-1.710859527587889,0.25051199999999996,0.21471097,-0.03580103424739833
27464,-0.01746599999999998,0.116013326,0.13347932575082777,10.74615,11.861036,1.1148863006591796,14.488349999999999,15.122806,0.6344555953979505,-0.029183799999999982,0.044833884,0.07401768364315031
27595,0.1371920000000001,0.08417989,-0.05301210686397562,10.53248,9.943066,-0.5894143566894527,13.36488,11.491079,-1.8738006695556635,0.13369889999999995,0.11251045,-0.02118844981565471
27597,-0.0008079999999999199,0.08417989,0.0849878931360244,10.33248,9.943066,-0.38941435668945346,10.16488,11.491079,1.3261993304443358,0.09369890000000003,0.11251045,0.018811550184345216
27603,-0.03860299999999994,-0.019001774,0.019601225510120335,9.542840000000002,11.265214,1.7223739663696271,10.793209999999998,12.264047,1.4708366690063492,0.07798479999999997,0.09671167,0.01872687284250263
27634,0.1023869999999999,0.03447364,-0.06791336101841916,9.805680000000002,9.152177,-0.6535031430053735,10.43515,7.4292884,-3.005861612701416,0.12145600000000001,0.04554443,-0.07591156938648225
27743,0.011622000000000021,-0.010760215,-0.022382215111076853,11.533819999999999,12.009443,0.47562328308105606,9.198,9.221695,0.023694946289062102,0.04237089999999999,0.084364615,0.04199371538076402
27852,0.0040959999999998775,0.09885436,0.09475836296463025,12.546420000000001,16.256876,3.710455991821288,11.007249999999999,16.399374,5.392124008178712,0.03168329999999997,0.1651529,0.13346960737152103
27853,0.1410959999999999,0.09885436,-0.04224163703536976,17.236420000000003,16.256876,-0.9795440081787135,19.60725,16.399374,-3.2078759918212896,0.24968329999999994,0.1651529,-0.08453039262847895
27854,0.04809599999999992,0.09885436,0.05075836296463021,14.876420000000003,16.256876,1.380455991821286,17.06725,16.399374,-0.6678759918212904,0.22668329999999992,0.1651529,-0.061530392628478925
27855,0.03709599999999991,0.09885436,0.06175836296463022,14.986420000000003,16.256876,1.2704559918212865,13.78725,16.399374,2.6121240081787107,0.0636833,0.1651529,0.101469607371521
27856,0.3960959999999999,0.09885436,-0.29724163703536977,26.06642,16.256876,-9.809544008178712,25.76725,16.399374,-9.36787599182129,0.40668329999999997,0.1651529,-0.24153039262847897
27859,0.0280959999999999,0.09885436,0.07075836296463023,13.296420000000001,16.256876,2.960455991821288,12.46725,16.399374,3.932124008178711,0.0636833,0.1651529,0.101469607371521
27972,0.111819,0.16825849,0.05643948817825317,8.658890000000003,7.7258224,-0.9330675512695343,7.493590000000001,9.497065,2.0034745904541005,-0.015581199999999962,0.091795415,0.10737661468620296
27973,0.16181900000000005,0.16825849,0.006439488178253128,8.258890000000005,7.7258224,-0.5330675512695358,9.69359,9.497065,-0.1965254095458988,0.09041880000000002,0.091795415,0.0013766146862029816
27974,0.20181900000000008,0.16825849,-0.03356051182174691,8.558890000000005,7.7258224,-0.8330675512695365,10.09359,9.497065,-0.5965254095458992,0.07641880000000001,0.091795415,0.015376614686202994
27975,0.251819,0.16825849,-0.08356051182174684,8.658890000000003,7.7258224,-0.9330675512695343,12.39359,9.497065,-2.896525409545898,0.17541879999999999,0.091795415,-0.08362338531379698
27976,0.15181900000000004,0.16825849,0.016439488178253137,6.358890000000002,7.7258224,1.3669324487304664,9.493590000000001,9.497065,0.003474590454100479,0.13941879999999995,0.091795415,-0.04762338531379695
28007,0.07526500000000003,0.07259282,-0.0026721827530861164,16.374029999999998,15.457807,-0.9162234127807594,16.71821,15.301429,-1.4167812051391593,0.1947512,0.15613419,-0.0386170118247986
28169,-0.028890000000000082,0.003966331,0.03285633101627239,9.697580000000002,9.991216,0.29363570587157994,5.782359999999999,5.5487256,-0.2336343949890125,-0.02685650000000006,0.021509098,0.0483655978890658
28170,-0.05335040000000002,-0.057016857,-0.0036664569684028425,8.755619999999999,6.4933786,-2.262241360778807,6.8767499999999995,4.983876,-1.89287377166748,0.0871132,0.08857514,0.001461939641761778
28172,-0.036420100000000066,-0.03897393,-0.0025538312231540017,2.4810499999999998,4.4101686,1.9291186477661135,3.4665,4.2926135,0.8261135063171388,0.12689820000000007,0.09915508,-0.027743116701316906
28252,-0.04693000000000014,-0.0796797,-0.03274969775199876,4.508210000000002,3.9540036,-0.5542064275360126,3.362689999999997,2.3781748,-0.9845152182006807,0.03192879999999987,0.027450422,-0.004478378174948561
28253,-0.09692999999999996,-0.0796797,0.01725030224800106,3.1882100000000015,3.9540036,0.7657935724639877,0.5226899999999972,2.3781748,1.8554847817993192,-0.019071200000000066,0.027450422,0.046521621825051374
28255,-0.02693000000000012,-0.0796797,-0.05274969775199878,4.778210000000001,3.9540036,-0.8242064275360121,5.202689999999999,2.3781748,-2.8245152182006823,0.08392879999999991,0.027450422,-0.05647837817494861
28256,-0.08693000000000017,-0.0796797,0.007250302248001272,3.6182100000000013,3.9540036,0.335793572463988,1.1726899999999993,2.3781748,1.205484781799317,-0.005071199999999942,0.027450422,0.03252162182505125
28258,-0.06693000000000016,-0.0796797,-0.012749697751998745,4.218210000000003,3.9540036,-0.2642064275360134,3.072689999999998,2.3781748,-0.6945152182006815,0.037928799999999985,0.027450422,-0.010478378174948677
28259,-0.07993000000000006,-0.0796797,0.0002503022480011552,4.008210000000002,3.9540036,-0.05420642753601257,2.482689999999998,2.3781748,-0.10451521820068166,0.028928799999999977,0.027450422,-0.001478378174948669
28260,-0.09193000000000007,-0.0796797,0.012250302248001166,3.7182100000000027,3.9540036,0.23579357246398658,1.6426899999999982,2.3781748,0.7354847817993182,0.013928799999999963,0.027450422,0.013521621825051344
28261,-0.10892999999999997,-0.0796797,0.02925030224800107,3.6182100000000013,3.9540036,0.335793572463988,1.3326899999999995,2.3781748,1.045484781799317,0.016928799999999855,0.027450422,0.010521621825051453
28262,-0.09193000000000007,-0.0796797,0.012250302248001166,4.5582100000000025,3.9540036,-0.6042064275360133,3.47269,2.3781748,-1.0945152182006836,0.05892879999999989,0.027450422,-0.031478378174948585
28263,-0.09193000000000007,-0.0796797,0.012250302248001166,3.7182100000000027,3.9540036,0.23579357246398658,1.8926899999999982,2.3781748,0.4854847817993182,0.023928799999999972,0.027450422,0.0035216218250513354
28266,-0.10492999999999997,-0.0796797,0.025250302248001066,3.5382099999999994,3.9540036,0.41579357246398985,1.5326899999999988,2.3781748,0.8454847817993176,0.023928799999999972,0.027450422,0.0035216218250513354
28267,-0.07693000000000016,-0.071278386,0.005651614181995557,1.918210000000002,2.6087816,0.6905715761566142,0.6226899999999986,1.1127759,0.4900859218215956,0.02092879999999997,0.025498126,0.004569325702142746
28328,-0.07443330000000004,-0.055674873,0.0187584267075539,9.54541,6.8201113,-2.725298725280762,7.7227000000000015,5.6219907,-2.1007093193054214,0.0760615,0.08639092,0.01032941998338699
28366,0.05219799999999997,0.019819416,-0.032378583894252744,12.465019999999999,9.103842,-3.361178218383788,14.2075,8.976663,-5.230837364196777,0.2562481,0.117943734,-0.1383043660694122
28371,-0.007802000000000087,0.019819416,0.02762141610574731,7.665019999999998,9.103842,1.4388217816162125,6.307499999999997,8.976663,2.669162635803225,0.026248099999999996,0.117943734,0.09169563393058777
28403,0.7285619999999999,0.3877612,-0.34080079456520074,24.387880000000003,11.504226,-12.883654269104007,21.16109,15.651015,-5.510074718322755,0.6103661,0.39208394,-0.2182821571098328
28405,0.47856199999999993,0.3877612,-0.09080079456520074,13.387880000000003,11.504226,-1.8836542691040066,20.16109,15.651015,-4.510074718322755,0.6603661,0.39208394,-0.2682821571098327
28406,0.448562,0.3877612,-0.06080079456520082,9.387880000000003,11.504226,2.1163457308959934,19.16109,15.651015,-3.5100747183227554,0.6103661,0.39208394,-0.2182821571098328
28407,0.328562,0.3877612,0.059199205434799174,7.387880000000003,11.504226,4.116345730895993,13.161090000000002,15.651015,2.4899252816772446,0.2103661,0.39208394,0.18171784289016724
28408,0.15856199999999998,0.3877612,0.2291992054347992,9.387880000000003,11.504226,2.1163457308959934,11.161090000000002,15.651015,4.489925281677245,0.11036610000000002,0.39208394,0.2817178428901672
28409,0.15856199999999998,0.3877612,0.2291992054347992,4.587880000000002,11.504226,6.916345730895994,8.36109,15.651015,7.289925281677245,0.10036610000000001,0.39208394,0.2917178428901672
28430,0.386035,0.08493519,-0.301099811706543,24.1057,19.870893,-4.234806521606444,19.7985,14.486405,-5.312094627380372,0.43620519999999996,0.18313777,-0.2530674255325317
28432,-0.04996500000000004,0.08493519,0.13490018829345707,25.105700000000002,19.870893,-5.234806521606448,19.198500000000003,14.486405,-4.712094627380374,0.19620519999999997,0.18313777,-0.013067425532531707
28464,-0.07778499999999999,0.015848517,0.09363351741790771,7.708349999999999,8.843164,1.1348144439697272,3.297250000000002,6.4502335,3.1529834594726545,-0.04773589999999994,0.016747085,0.06448298537757391
28465,-0.1177849999999998,0.015848517,0.13363351741790752,6.668349999999997,8.843164,2.17481444396973,2.1572500000000012,6.4502335,4.292983459472655,-0.027735899999999925,0.016747085,0.04448298537757389
28466,0.06221500000000013,0.015848517,-0.046366482582092416,7.50835,8.843164,1.3348144439697265,5.297250000000002,6.4502335,1.1529834594726545,-0.04773589999999994,0.016747085,0.06448298537757391
28467,0.12221500000000007,0.015848517,-0.10636648258209236,11.398349999999997,8.843164,-2.5551855560302705,9.127250000000002,6.4502335,-2.6770165405273456,-0.027735899999999925,0.016747085,0.04448298537757389
28480,-0.02761300000000011,0.029707417,0.057320416892051806,11.215680000000003,9.90856,-1.3071202008056666,8.78515,7.766085,-1.0190648521423338,0.061455999999999955,0.046840236,-0.014615764409065202
28483,-0.02761300000000011,0.029707417,0.057320416892051806,12.38568,9.90856,-2.4771202008056648,9.57515,7.766085,-1.8090648521423347,0.061455999999999955,0.046840236,-0.014615764409065202
28484,-0.02761300000000011,0.029707417,0.057320416892051806,12.705680000000001,9.90856,-2.797120200805665,10.25515,7.766085,-2.4890648521423344,0.09145599999999998,0.046840236,-0.04461576440906523
28485,-0.0176130000000001,0.029707417,0.0473204168920518,12.99568,9.90856,-3.087120200805664,10.645150000000001,7.766085,-2.879064852142335,0.10145599999999999,0.046840236,-0.05461576440906524
28486,-0.03761300000000012,0.029707417,0.06732041689205182,12.445680000000003,9.90856,-2.537120200805667,10.69515,7.766085,-2.929064852142334,0.1314559999999999,0.046840236,-0.08461576440906515
28487,-0.03761300000000012,0.029707417,0.06732041689205182,12.705680000000001,9.90856,-2.797120200805665,11.135150000000001,7.766085,-3.369064852142335,0.15145599999999992,0.046840236,-0.10461576440906517
28488,-0.02761300000000011,0.029707417,0.057320416892051806,11.985680000000002,9.90856,-2.077120200805666,10.59515,7.766085,-2.8290648521423343,0.14145599999999992,0.046840236,-0.09461576440906516
28489,-0.02761300000000011,0.029707417,0.057320416892051806,12.47568,9.90856,-2.5671202008056646,10.76515,7.766085,-2.999064852142334,0.1314559999999999,0.046840236,-0.08461576440906515
28491,-0.007613000000000092,0.029707417,0.03732041689205179,13.835680000000002,9.90856,-3.927120200805666,11.555150000000001,7.766085,-3.789064852142335,0.12145600000000001,0.046840236,-0.07461576440906525
28580,0.022698000000000107,0.04674385,0.02404585115504254,6.32047,6.3826127,0.062142705230712636,4.49981,5.900066,1.4002558988952636,-0.009882699999999911,0.038723674,0.048606373671483905
28619,0.06166500000000008,0.034633182,-0.027031818010807118,7.000340000000005,7.7143173,0.7139773217773389,4.7813,6.4505973,1.6692972862243654,-0.05467719999999998,0.016041009,0.07071820875556467
28804,0.16148799999999996,0.14169982,-0.019788179243087733,13.831820000000002,9.871238,-3.960582245178225,11.32644,9.711214,-1.615225934448242,-0.013692199999999932,0.045777734,0.05946993436903947
28812,0.09340499999999985,0.0454404,-0.047964601843356935,13.18732,8.41302,-4.774299866027832,16.02722,9.46582,-6.5613996875,0.39421990000000007,0.16524844,-0.22897146128406531
28943,0.023422000000000054,0.056303732,0.03288173209714884,11.055780000000002,10.17683,-0.8789497082519553,7.925729999999998,9.540383,1.6146533389282247,-0.01492529999999992,0.104916774,0.11984207373647682
29091,-0.028960399999999886,-0.02821295,0.0007474503664015586,6.796849999999999,7.070518,0.2736680168151864,6.732919999999998,7.004088,0.27116792495727715,0.09652229999999995,0.100759715,0.0042374148418427016
29221,0.12604000000000004,0.038394824,-0.08764517632961277,10.966709999999999,9.824914,-1.141796021423339,14.504560000000001,10.5056,-3.998960024414064,0.16966769999999998,0.0830846,-0.08658310181636808
29224,0.0640400000000001,0.038394824,-0.02564517632961283,10.056709999999999,9.824914,-0.23179602142333877,11.014560000000001,10.5056,-0.5089600244140637,0.07966770000000001,0.0830846,0.003416898183631889
29225,0.04604000000000008,0.038394824,-0.007645176329612813,9.88671,9.824914,-0.06179602142334062,10.904560000000002,10.5056,-0.3989600244140643,0.08966770000000002,0.0830846,-0.00658310181636812
29226,0.03404000000000007,0.038394824,0.004354823670387198,9.576709999999999,9.824914,0.24820397857666165,9.674560000000003,10.5056,0.8310399755859343,0.05966769999999999,0.0830846,0.023416898183631907
29227,0.0040400000000000436,0.038394824,0.034354823670387225,9.38671,9.824914,0.4382039785766594,9.184560000000001,10.5056,1.3210399755859363,0.0696677,0.0830846,0.013416898183631898
29228,-0.016959999999999864,0.038394824,0.05535482367038713,9.08671,9.824914,0.7382039785766601,8.45456,10.5056,2.0510399755859368,0.029667699999999964,0.0830846,0.05341689818363193
29258,0.02986600000000006,0.03955856,0.00969255965614313,4.273130000000002,4.3141546,0.04102462493896297,9.69,9.612724,-0.07727569580078075,0.29012399999999994,0.2909795,0.0008555045852661758
29268,0.04238699999999995,0.08084194,0.038454943621635485,10.105680000000003,12.702536,2.596855629272458,10.60515,11.733386,1.1282360397338866,0.16145599999999993,0.13437569,-0.02708030858612054
29271,0.012386999999999926,0.08084194,0.06845494362163551,4.805680000000002,12.702536,7.8968556292724585,3.605150000000002,11.733386,8.128236039733885,0.0014560000000000128,0.13437569,0.13291969141387938
29446,-0.10761299999999996,0.023407081,0.13102008114206787,6.005680000000002,9.822612,3.816931808776854,1.1051500000000019,7.931286,6.826135858154295,-0.08154400000000006,0.053273123,0.13481712275767332
29447,-0.007613000000000092,0.023407081,0.031020081142068,6.385680000000001,9.822612,3.436931808776855,2.925150000000002,7.931286,5.006135858154295,-0.06354400000000004,0.053273123,0.11681712275767331
29449,0.012386999999999926,0.023407081,0.011020081142067983,11.945680000000003,9.822612,-2.1230681912231475,10.70515,7.931286,-2.773864141845703,0.1244559999999999,0.053273123,-0.07118287724232664
29561,0.04552999999999996,0.056413934,0.010883933634758036,7.5567500000000045,8.188154,0.6314042205810502,13.634519999999998,13.458732,-0.17578834869384607,0.31762270000000004,0.29364234,-0.023980357909393346
29562,0.03452999999999995,0.056413934,0.021883933634758046,7.276750000000003,8.188154,0.9114042205810513,12.734519999999998,13.458732,0.7242116513061543,0.2876227,0.29364234,0.0060196420906066805
29564,0.04852999999999996,0.056413934,0.007883933634758034,8.116750000000003,8.188154,0.07140422058105145,13.43452,13.458732,0.024211651306153215,0.2936227,0.29364234,1.964209060667521e-05
29657,0.012386999999999926,0.03447364,0.02208663898158081,7.90568,9.152177,1.2464968569946286,4.805150000000001,7.4292884,2.624138387298583,-0.04854400000000003,0.04554443,0.09408843061351779
29870,-0.008323999999999998,0.010096441,0.018420441023051737,11.631520000000002,11.053558,-0.5779616503906269,8.739959999999998,10.345892,1.6059319525146503,0.031119999999999925,0.11509671,0.08397671062231071
29872,0.07167600000000007,0.010096441,-0.061579558976948334,13.051520000000004,11.053558,-1.9979616503906286,13.899959999999998,10.345892,-3.55406804748535,0.21611999999999998,0.11509671,-0.10102328937768934
30368,0.209387,0.03447364,-0.17491336101841926,25.395680000000002,9.152177,-16.243503143005373,18.66515,7.4292884,-11.235861612701417,0.06345599999999996,0.04554443,-0.017911569386482196
30417,-0.08461300000000005,0.023407081,0.10802008114206796,10.40568,9.822612,-0.5830681912231448,6.60515,7.931286,1.3261358581542968,0.02145599999999992,0.053273123,0.031817122757673344
30418,-0.06061300000000003,0.023407081,0.08402008114206794,10.40568,9.822612,-0.5830681912231448,9.805150000000001,7.931286,-1.8738641418457043,0.16145599999999993,0.053273123,-0.10818287724232667
30419,-0.08461300000000005,0.023407081,0.10802008114206796,10.40568,9.822612,-0.5830681912231448,6.60515,7.931286,1.3261358581542968,0.02145599999999992,0.053273123,0.031817122757673344
30420,-0.034613000000000005,0.023407081,0.058020081142067914,10.605680000000003,9.822612,-0.7830681912231476,8.10515,7.931286,-0.1738641418457032,0.051455999999999946,0.053273123,0.0018171227576733173
30456,-0.08961300000000016,0.03447364,0.1240866389815809,6.685680000000001,9.152177,2.4664968569946275,0.9951499999999989,7.4292884,6.434138387298585,-0.09454399999999996,0.04554443,0.14008843061351772
30725,0.012386999999999926,0.03447364,0.02208663898158081,12.017680000000002,9.152177,-2.8655031430053732,9.28515,7.4292884,-1.8558616127014158,0.04345599999999994,0.04554443,0.002088430613517822
31082,0.14207599999999998,0.1101974,-0.03187859746313093,9.5613,9.273329,-0.28797121887206956,9.501460000000002,8.54526,-0.9561995706176774,0.0569056,0.025361445,-0.03154415519890785
31083,0.13207599999999997,0.1101974,-0.021878597463130922,10.8613,9.273329,-1.5879712188720703,10.571460000000002,8.54526,-2.0261995706176776,0.08290560000000002,0.025361445,-0.057544155198907876
31084,0.12207599999999996,0.1101974,-0.011878597463130913,9.0613,9.273329,0.21202878112793044,8.401460000000002,8.54526,0.1438004293823223,0.02290559999999997,0.025361445,0.0024558448010921774
31085,0.13207599999999997,0.1101974,-0.021878597463130922,10.0613,9.273329,-0.7879712188720696,9.801460000000002,8.54526,-1.256199570617678,0.0629056,0.025361445,-0.03754415519890786
31087,0.12207599999999996,0.1101974,-0.011878597463130913,8.8613,9.273329,0.41202878112792973,8.001460000000002,8.54526,0.5438004293823226,0.007905599999999957,0.025361445,0.01745584480109219
31088,0.05148799999999998,-0.00947776,-0.060965759711444356,7.941820000000003,8.631752,0.6899320141601528,7.41644,5.21549,-2.2009501356506345,0.050307800000000125,-0.012164841,-0.06247264140604747
31089,0.08425400000000005,0.105268836,0.02101483602142329,16.183300000000003,13.7923565,-2.3909435089111355,12.77204,10.642149,-2.1298910284423833,0.023824899999999927,0.038968943,0.0151440430594445
31090,0.09248000000000012,0.082199596,-0.010280404131412624,9.53737,12.986857,3.4494874142456062,9.05409,11.995096,2.9410062066650386,0.046650699999999934,0.057922147,0.011271447214412755
31185,-0.08148600000000017,-0.02986516,0.0516208394155504,2.843110000000003,5.806916,2.9638062368774385,3.002830000000003,5.2114496,2.208619623107907,0.03698579999999996,0.08575104,0.04876524176998143
31186,-0.09148600000000018,-0.02986516,0.06162083941555041,4.563110000000002,5.806916,1.2438062368774396,3.2828300000000006,5.2114496,1.9286196231079096,0.05498579999999986,0.08575104,0.03076524176998152
31187,-0.08148600000000017,-0.02986516,0.0516208394155504,3.263110000000001,5.806916,2.5438062368774403,2.102830000000001,5.2114496,3.1086196231079093,0.05098579999999997,0.08575104,0.034765241769981414
31188,-0.07148600000000016,-0.02986516,0.04162083941555039,5.663110000000003,5.806916,0.1438062368774382,4.782830000000001,5.2114496,0.4286196231079096,0.06798579999999999,0.08575104,0.0177652417699814
31323,0.132343,0.119566776,-0.012776224141597736,8.12414,8.648904,0.5247638467407221,10.47445,10.4466,-0.027850039672850713,0.12442659999999994,0.14205842,0.017631817201042232
31324,0.11234299999999997,0.119566776,0.0072237758584022815,8.114140000000003,8.648904,0.5347638467407201,9.844449999999998,10.4466,0.6021499603271501,0.10442659999999993,0.14205842,0.03763181720104225
31325,0.17143699999999995,0.047070034,-0.12436696615171428,13.098460000000001,8.720907,-4.37755278869629,13.002490000000002,9.712536,-3.289954141845705,0.06453720000000007,0.14212379,0.07758658859519951
31351,0.0019620000000000193,-0.01808717,-0.020049169155478497,6.847160000000002,6.5263805,-0.32077946105957267,9.576139999999999,7.650725,-1.9254151121520984,0.22261769999999992,0.14407806,-0.07853963901538841
31355,-0.00803799999999999,-0.01808717,-0.010049169155478488,6.847160000000002,6.5263805,-0.32077946105957267,7.576139999999999,7.650725,0.07458488784790163,0.12961769999999995,0.14407806,0.014460360984611564
31356,0.0019620000000000193,-0.01808717,-0.020049169155478497,6.847160000000002,6.5263805,-0.32077946105957267,6.776139999999998,7.650725,0.8745848878479023,0.0776176999999999,0.14407806,0.06646036098461161
31357,-0.048038000000000025,-0.01808717,0.029950830844521548,6.7471600000000045,6.5263805,-0.2207794610595748,5.076139999999999,7.650725,2.5745848878479016,0.03161769999999997,0.14407806,0.11246036098461154
31363,0.0019620000000000193,-0.01808717,-0.020049169155478497,6.447160000000004,6.5263805,0.07922053894042591,9.47614,7.650725,-1.8254151121520987,0.22661769999999992,0.14407806,-0.08253963901538841
31364,-0.028038000000000007,-0.01808717,0.00995083084452153,5.947160000000004,6.5263805,0.5792205389404259,8.176139999999998,7.650725,-0.525415112152098,0.18561769999999989,0.14407806,-0.041539639015388374
31407,0.15521700000000005,0.071544476,-0.0836725241465569,15.765749999999999,12.376067,-3.3896828384399402,14.45087,9.476094,-4.974775754089356,0.11632389999999992,0.048189037,-0.06813486345186226
31408,-0.03884500000000002,0.010382553,0.04922755263119938,9.70569,9.85885,0.15315952545165956,5.656550000000001,7.3231273,1.666577269744872,-0.01597470000000001,0.035969835,0.0519445347747326
31425,0.012799000000000005,0.03985335,0.027054349328041072,18.499760000000002,16.909199,-1.5905612390136739,14.604320000000001,15.470765,0.8664451138305651,0.09750270000000005,0.20909487,0.11159216711025233
31426,0.04279900000000003,0.03985335,-0.002945650671958955,16.959760000000003,16.909199,-0.05056123901367471,17.80432,15.470765,-2.333554886169434,0.3535027,0.20909487,-0.14440783288974762
31635,0.168883,0.09784884,-0.07103415994215012,13.44771,9.2282505,-4.219459496459962,12.76669,9.524451,-3.2422387442016607,0.054355699999999896,0.09880637,0.04445066632442485
31652,-0.022696999999999967,-0.013922232,0.008774767796814409,11.405810000000002,13.830421,2.424611447753904,10.283259999999999,12.988473,2.705212938537599,0.08543459999999992,0.14618416,0.060749561305427635
31653,0.01730300000000007,-0.013922232,-0.031225232203185627,17.30581,13.830421,-3.4753885522460948,18.78326,12.988473,-5.794787061462401,0.3514346,0.14618416,-0.20525043869457243
31654,-0.042696999999999985,-0.013922232,0.028774767796814427,10.50581,13.830421,3.324611447753906,8.18326,12.988473,4.805212938537597,0.03043459999999998,0.14618416,0.11574956130542757
31655,-0.022696999999999967,-0.013922232,0.008774767796814409,15.605810000000002,13.830421,-1.7753885522460955,14.38326,12.988473,-1.3947870614624023,0.13943459999999996,0.14618416,0.006749561305427587
31676,-0.06721500000000002,-0.025175104,0.04203989608228209,4.783239999999999,7.592383,2.8091429078674324,2.6498100000000004,5.397888,2.7480781835937496,0.011713700000000049,0.028553985,0.016840285059261273
31677,-0.057215000000000016,-0.025175104,0.03203989608228208,7.273240000000001,7.592383,0.3191429078674304,4.9798100000000005,5.397888,0.4180781835937495,0.028713700000000064,0.028553985,-0.00015971494073874215
31678,-0.01721499999999998,-0.025175104,-0.007960103917717953,8.483240000000002,7.592383,-0.8908570921325705,6.0298099999999994,5.397888,-0.6319218164062494,0.016713700000000054,0.028553985,0.011840285059261269
32154,0.04276499999999994,-0.011646011,-0.05441101091295475,6.50046,7.459144,0.9586841154479977,9.975359999999998,8.714475,-1.2608853219604477,0.1760887,0.13166401,-0.0444246920978546
32156,0.09238699999999989,0.029707417,-0.06267958310794819,11.605680000000003,9.90856,-1.6971202008056672,9.805150000000001,7.766085,-2.039064852142335,0.03045600000000004,0.046840236,0.016384235590934715
32165,0.12253400000000003,0.09427026,-0.028263740858078035,8.26615,9.007402,0.7412524200439456,9.388349999999999,8.750155,-0.6381945510864249,0.035816199999999965,0.040428348,0.004612147885608708
32263,0.06221500000000013,0.01292221,-0.04929279031246914,10.948349999999998,9.493646,-1.4547043319702126,9.797250000000002,6.4032764,-3.3939735565185565,0.07226410000000005,-0.0072601163,-0.07952421628285056
32940,0.11199999999999999,0.1466488,0.03464879441261293,14.975249999999999,18.685715,3.7104647216796884,16.24622,21.627327,5.38110696533203,0.13741589999999992,0.3775917,0.24017579936180122
32948,0.062000000000000055,0.1466488,0.08464879441261286,17.54525,18.685715,1.1404647216796882,20.58622,21.627327,1.0411069653320304,0.35141589999999995,0.3775917,0.0261757993618012
32949,0.132,0.1466488,0.014648794412612909,19.23525,18.685715,-0.5495352783203131,23.24622,21.627327,-1.6188930346679697,0.46541589999999994,0.3775917,-0.08782420063819879
32951,0.252,0.1466488,-0.10535120558738709,22.16525,18.685715,-3.479535278320313,25.24622,21.627327,-3.6188930346679697,0.5394159,0.3775917,-0.1618242006381988
32991,0.14381300000000008,0.11262378,-0.031189219034195026,9.119610000000002,9.565385,0.44577486480712736,11.65634,9.706122,-1.9502176016235353,0.22019530000000015,0.116875015,-0.10332028480081573
32992,0.12339200000000006,0.11262378,-0.010768219034195003,16.77862,12.465476,-4.313143963928223,10.938329999999999,9.484691,-1.4536393338012683,-0.02944000000000002,-0.005854112,0.023585887903869174
33273,0.11560000000000004,0.025327198,-0.09027280179262165,11.71255,11.435955,-0.27659495239257836,14.30408,11.849716,-2.4543638134765633,0.16170479999999998,0.11152411,-0.0501806874773979
33274,0.0068749999999999645,0.002451159,-0.004423840939998591,14.584729999999997,11.318837,-3.2658928341674773,12.00308,9.491297,-2.511783231811524,0.004812700000000003,0.02451961,0.01970690928738117
33457,0.32095000000000007,0.023268688,-0.29768131152987487,25.99737,12.896969,-13.100401158447266,21.9771,12.764302,-9.212797746276856,0.4454893,0.17699875,-0.26849055062465665
33458,-0.03905000000000003,0.023268688,0.06231868847012523,9.58737,12.896969,3.3095988415527344,10.517100000000001,12.764302,2.2472022537231435,0.16748929999999995,0.17699875,0.00950944937534337
33459,0.15560000000000007,0.048852872,-0.10674712789654739,26.92255,15.219479,-11.703071392822267,23.18408,14.6720915,-8.511988515930177,0.33570479999999997,0.1376587,-0.19804609965305325
33460,0.015600000000000058,0.048852872,0.033252872103452624,12.98255,15.219479,2.2369286071777346,13.114080000000001,14.6720915,1.558011484069823,0.12570480000000006,0.1376587,0.011953900346946655
33462,0.04682900000000001,0.021375418,-0.025453582290649424,11.92691,10.12426,-1.8026500512695307,12.33834,9.931619,-2.406721309509278,0.11857720000000005,0.09785966,-0.020717541699123432
33465,0.10321500000000006,0.01292221,-0.09029279031246906,24.668349999999997,9.493646,-15.174704331970212,12.907250000000001,6.4032764,-6.503973556518556,-0.2267359,-0.0072601163,0.2194757837171495
33466,-0.007784999999999931,0.01292221,0.020707209687530925,7.768349999999998,9.493646,1.725295668029787,-1.672749999999997,6.4032764,8.076026443481442,-0.29073589999999994,-0.0072601163,0.28347578371714943
33772,-0.087785,0.015848517,0.10363351741790772,6.228349999999999,8.843164,2.6148144439697276,0.8872500000000016,6.4502335,5.562983459472655,-0.08773589999999998,0.016747085,0.10448298537757394
33773,-0.1077849999999998,-0.05295063,0.054834368172883785,6.538349999999998,6.9562254,0.41787539520263906,1.7572500000000026,3.7880642,2.030814241409299,-0.04773589999999994,-0.011707687,0.0360282131808638
33774,0.1622150000000001,0.015848517,-0.1463664825820924,6.838349999999998,8.843164,2.004814443969728,8.10725,6.4502335,-1.6570165405273443,0.10226410000000008,0.016747085,-0.08551701462242611
33775,0.1622150000000001,0.02587568,-0.13633931985139858,6.638349999999999,8.868594,2.2302441696167,8.50725,8.751319,0.24406893157958898,0.062264100000000044,0.07190436,0.009640261248016313
33776,0.08221500000000015,0.103530236,0.02131523558855042,7.738349999999997,7.8405795,0.10222950973511047,9.00725,9.71786,0.7106102218627921,0.18226410000000004,0.12341934,-0.05884476302537922
33777,0.042215000000000114,0.0025535456,-0.03966145436294388,8.138349999999999,7.2890215,-0.8493285079956046,10.50725,6.745981,-3.761268783569337,0.20226410000000006,0.08285571,-0.11940839110288626
33778,0.042215000000000114,0.010276244,-0.03193875597804796,7.93835,7.2872252,-0.6511247535705564,10.00725,7.1014786,-2.9057714233398446,0.18226410000000004,0.0836774,-0.0985866963711739
33782,0.05221500000000012,0.015333767,-0.036881232950985554,11.138349999999999,10.662434,-0.47591637573242096,13.50725,11.284526,-2.2227241287231454,0.2822641000000001,0.21201213,-0.07025197295818336
33783,0.022215000000000096,0.0135244625,-0.008690537531077958,12.638349999999999,10.872848,-1.765502442932128,14.307250000000002,11.724626,-2.5826244125366227,0.2922641,0.2064127,-0.08585139720115664
33784,0.012215000000000087,-0.05184189,-0.06405688857674607,13.838349999999998,12.935766,-0.9025837799072249,15.00725,13.3352995,-1.6719505081176766,0.2922641,0.23361725,-0.05864685384902957
33786,-0.07778499999999999,-0.05184189,0.025943111423254006,11.988349999999997,12.935766,0.9474162200927765,9.837250000000001,13.3352995,3.4980494918823233,0.03226410000000002,0.23361725,0.20135314615097044
33787,-0.1077849999999998,-0.05184189,0.05594311142325381,13.248349999999999,12.935766,-0.3125837799072251,15.92725,13.3352995,-2.5919505081176766,0.38226410000000005,0.23361725,-0.1486468538490296
33808,0.17521500000000012,0.015848517,-0.1593664825820924,9.108349999999998,8.843164,-0.2651855560302714,10.667250000000001,6.4502335,-4.217016540527345,0.11226410000000009,0.016747085,-0.09551701462242612
33989,0.002215000000000078,0.012220213,0.01000521318972103,6.838349999999998,7.42902,0.5906699279785173,3.707250000000002,6.020735,2.3134847869873028,-0.04773589999999994,0.03712316,0.08485905857410425
33990,0.002215000000000078,0.012220213,0.01000521318972103,6.238349999999997,7.42902,1.1906699279785187,3.4072500000000012,6.020735,2.6134847869873035,-0.03773589999999993,0.03712316,0.07485905857410424
33991,-0.02778499999999995,0.012220213,0.040005213189721056,6.238349999999997,7.42902,1.1906699279785187,2.5072500000000026,6.020735,3.513484786987302,-0.06773589999999996,0.03712316,0.10485905857410427
33992,-0.047784999999999966,0.012220213,0.060005213189721074,6.238349999999997,7.42902,1.1906699279785187,1.8072499999999998,6.020735,4.213484786987305,-0.07773589999999997,0.03712316,0.11485905857410428
33993,0.002215000000000078,0.012220213,0.01000521318972103,6.93835,7.42902,0.49066992797851583,3.9072500000000012,6.020735,2.1134847869873035,-0.03773589999999993,0.03712316,0.07485905857410424
33994,-0.007784999999999931,0.012220213,0.02000521318972104,6.038349999999998,7.42902,1.390669927978518,3.6072500000000005,6.020735,2.413484786987304,-0.017735899999999916,0.03712316,0.054859058574104225
33996,0.022215000000000096,0.012220213,-0.009994786810278988,6.93835,7.42902,0.49066992797851583,5.007250000000001,6.020735,1.0134847869873038,-0.007735899999999907,0.03712316,0.044859058574104216
33998,0.032215000000000105,0.012220213,-0.019994786810278997,8.038349999999998,7.42902,-0.609330072021482,7.307250000000002,6.020735,-1.286515213012697,0.052264100000000036,0.03712316,-0.015140941425895726
33999,0.012215000000000087,0.0111612985,-0.001053701508939353,8.398349999999997,9.478859,1.0805089477539092,5.257250000000001,7.2873936,2.030143569946288,-0.04173590000000005,0.023963153,0.06569905336227422
34293,-0.04323600000000005,0.02323599,0.0664719897345305,3.6519399999999997,7.1840143,3.5320743203735354,4.172889999999999,8.962451,4.789560981140138,0.08703440000000007,0.12574586,0.03871146272239678
34335,-0.011486000000000107,-0.02986516,-0.01837916058444966,8.833110000000001,5.806916,-3.02619376312256,7.582830000000001,5.2114496,-2.371380376892091,0.045985799999999966,0.08575104,0.03976524176998142
34336,-0.10148600000000019,-0.02986516,0.07162083941555042,3.9931100000000015,5.806916,1.81380623687744,1.7828300000000006,5.2114496,3.4286196231079096,0.01898579999999994,0.08575104,0.06676524176998144
34337,-0.041486000000000134,-0.02986516,0.011620839415550366,1.9431100000000008,5.806916,3.8638062368774406,0.9828299999999999,5.2114496,4.22861962310791,0.010985799999999935,0.08575104,0.07476524176998145
34338,-0.08148600000000017,-0.02986516,0.0516208394155504,4.313110000000002,5.806916,1.4938062368774396,1.382830000000002,5.2114496,3.828619623107908,-0.03201419999999999,0.08575104,0.11776524176998138
34339,-0.07148600000000016,-0.02986516,0.04162083941555039,3.913110000000003,5.806916,1.8938062368774382,4.982830000000002,5.2114496,0.2286196231079085,0.13898579999999994,0.08575104,-0.05323475823001855
34341,-0.05148600000000014,-0.02986516,0.021620839415550375,3.353110000000001,5.806916,2.4538062368774405,4.982830000000002,5.2114496,0.2286196231079085,0.13898579999999994,0.08575104,-0.05323475823001855
34456,0.06221500000000013,0.015848517,-0.046366482582092416,7.34835,8.843164,1.4948144439697266,8.787250000000002,6.4502335,-2.3370165405273458,0.1232641000000001,0.016747085,-0.10651701462242613
34794,-0.01833499999999999,0.034633182,0.05296818198919295,6.240340000000003,7.7143173,1.4739773217773404,3.4712999999999994,6.4505973,2.979297286224366,-0.02867720000000007,0.016041009,0.04471820875556476
34797,0.0016650000000000276,0.034633182,0.032968181989192935,6.130340000000004,7.7143173,1.5839773217773399,4.491300000000001,6.4505973,1.9592972862243645,0.008322799999999964,0.016041009,0.007718208755564726
35040,0.1522150000000001,0.015848517,-0.13636648258209239,14.098349999999998,8.843164,-5.255185556030272,12.407250000000001,6.4502335,-5.957016540527345,0.06426410000000005,0.016747085,-0.04751701462242608
35065,-0.06858900000000001,-0.034204964,0.03438403640532495,6.762549999999997,7.1131306,0.3505805694580104,3.3993900000000004,4.4939575,1.0945675195312496,-0.018535100000000027,0.003038199,0.021573298919966843
35066,-0.06801500000000016,-0.07061606,-0.002601059005260309,6.057960000000001,5.867345,-0.1906151437377943,4.529999999999999,3.8238528,-0.7061472225189203,0.05212749999999999,0.033839166,-0.0182883338356018
35067,-0.04858899999999999,-0.034204964,0.01438403640532493,5.742549999999998,7.1131306,1.37058056945801,2.6493900000000004,4.4939575,1.8445675195312496,-0.021535099999999918,0.003038199,0.024573298919966735
35068,-0.053015000000000034,-0.07061606,-0.017601059005260433,5.657960000000003,5.867345,0.20938485626220427,3.7699999999999996,3.8238528,0.05385277748107953,0.032127499999999976,0.033839166,0.0017116661643982178
35157,-0.030088000000000115,-0.009142071,0.020945928991317864,8.51249,10.267917,1.7554266793823246,6.87125,9.261969,2.3907186126708986,0.027618799999999943,0.060990747,0.03337194706435209
35158,-0.00730199999999992,0.0055698985,0.012871898523390213,4.58023,6.8753676,2.2951376414489744,3.8485299999999985,5.3601475,1.5116174761962906,0.045556199999999936,0.02864356,-0.016912640335512097
35159,-0.030088000000000115,-0.009142071,0.020945928991317864,9.152489999999997,10.267917,1.1154266793823275,8.24125,9.261969,1.0207186126708976,0.06761879999999998,0.060990747,-0.006628052935647943
35160,-0.00730199999999992,0.0055698985,0.012871898523390213,5.000230000000002,6.8753676,1.8751376414489727,4.3085299999999975,5.3601475,1.0516174761962915,0.055556199999999945,0.02864356,-0.026912640335512106
35170,0.16198999999999997,0.05438601,-0.10760399146914479,15.621590000000001,10.373238,-5.24835239013672,13.585080000000001,7.7503505,-5.834729524688722,0.0984836,0.032168016,-0.06631558416233063
35173,-0.01519399999999993,0.02540471,0.040598710322618414,6.253820000000001,7.1013575,0.8475374600219716,3.0311700000000013,4.595281,1.564111124114989,-0.06198350000000008,-0.0019190704,0.06006442962484815
35174,-0.008010000000000073,0.05438601,0.06239600853085525,9.621590000000001,10.373238,0.75164760986328,4.785080000000001,7.7503505,2.9652704753112786,-0.09451639999999994,0.032168016,0.12668441583766932
35175,0.001068000000000069,0.030891383,0.029823383066773346,6.827349999999999,9.016794,2.189444204711915,3.19792,6.0202045,2.822284544067383,-0.08850889999999989,-0.031174362,0.05733453829421986
35176,0.021989999999999954,0.05438601,0.032396008530855225,10.721590000000003,10.373238,-0.34835239013672137,6.48508,7.7503505,1.2652704753112793,-0.08351640000000005,0.032168016,0.11568441583766942
35179,0.021230000000000082,0.03714506,0.015915059555768885,12.234470000000002,9.648629,-2.585840811462404,8.585130000000001,7.493741,-1.0913889645385755,-0.014131900000000086,0.01932742,0.03345932074131974
35180,0.15198999999999996,0.05438601,-0.09760399146914478,15.421590000000002,10.373238,-5.048352390136721,11.98508,7.7503505,-4.234729524688721,-0.025516400000000106,0.032168016,0.05768441583766948
35191,-0.07578499999999999,0.0207284,0.09651339997708797,7.84835,8.477125,0.6287751678466798,4.757250000000001,6.013809,1.2565592041015616,0.013264100000000001,-0.010459295,-0.02372339454267025
35192,-0.06378499999999998,0.0207284,0.08451339997708796,7.928349999999998,8.477125,0.5487751678466815,4.787250000000002,6.013809,1.2265592041015605,0.004264100000000104,-0.010459295,-0.014723394542670354
35317,0.10342200000000001,0.014198647,-0.08922335311931373,11.505780000000001,9.8082485,-1.6975314801025405,9.60573,7.904638,-1.7010921864318842,0.005074700000000099,0.039339345,0.0342646449485301
35343,-0.09761300000000017,0.03447364,0.1320866389815809,6.305680000000002,9.152177,2.8464968569946265,1.905149999999999,7.4292884,5.524138387298585,-0.06054400000000004,0.04554443,0.1060884306135178
35451,0.06456200000000001,-0.0074298196,-0.07199181955409051,7.5484100000000005,7.2309732,-0.3174367562866216,8.9207,7.4326315,-1.488068507385254,0.10024309999999992,0.0821066,-0.018136502278423228
35452,-0.08243800000000001,-0.0074298196,0.07500818044590951,7.38841,7.2309732,-0.15743675628662146,5.790700000000001,7.4326315,1.641931492614745,0.060243099999999994,0.0821066,0.021863497721576697
35453,0.3325340000000001,0.17680697,-0.1557270285692216,18.74615,16.80035,-1.9457998107910157,16.288349999999998,14.538912,-1.7494381805419899,0.09081620000000001,0.09340579,0.0025895906270027025
35465,-0.04866900000000007,-0.047682934,0.0009860664906502503,10.021269999999998,9.879872,-0.14139767791747815,8.14544,7.7267184,-0.41872157424926826,0.06786820000000005,0.038721785,-0.029146415050697372
35469,-0.04866900000000007,-0.047682934,0.0009860664906502503,10.15127,9.879872,-0.2713976779174807,7.815440000000001,7.7267184,-0.08872157424926819,0.04786820000000003,0.038721785,-0.009146415050697354
35473,-0.04866900000000007,-0.047682934,0.0009860664906502503,10.161269999999998,9.879872,-0.2813976779174787,7.57544,7.7267184,0.15127842575073203,0.034868200000000016,0.038721785,0.0038535849493026575
35477,-0.04866900000000007,-0.047682934,0.0009860664906502503,10.271269999999998,9.879872,-0.39139767791747815,7.4854400000000005,7.7267184,0.24127842575073188,0.024868200000000007,0.038721785,0.013853584949302666
35516,0.18238699999999997,0.03447364,-0.14791336101841923,6.56568,9.152177,2.5864968569946285,8.36515,7.4292884,-0.9358616127014159,0.051455999999999946,0.04554443,-0.005911569386482185
35517,-0.008193000000000117,0.032264736,0.040457735549688456,5.365660000000002,7.889754,2.524093818511961,5.657000000000002,7.2881804,1.6311803512573224,0.08552360000000003,0.051916935,-0.03360666545019153
35664,-0.03761300000000012,0.02656775,0.06418074967908871,7.445680000000003,8.769253,1.3235727770996064,5.17515,7.137071,1.9619211326599117,0.0014560000000000128,0.017426774,0.015970773905754077
35756,0.04238699999999995,0.03447364,-0.007913361018419218,11.505680000000002,9.152177,-2.3535031430053728,14.305150000000001,7.4292884,-6.875861612701417,0.32145599999999996,0.04554443,-0.2759115693864822
35758,-0.009633000000000003,-0.026728574,-0.01709557418656349,9.370070000000002,8.331168,-1.0389018252563496,6.40405,7.1534843,0.7494343444824221,0.07408400000000004,0.08265421,0.008570207944869956
35849,0.002215000000000078,0.021534571,0.019319571424126547,7.25835,10.462412,3.204061880493164,4.017250000000001,7.9523425,3.935092510223388,-0.05273589999999995,0.029067067,0.08180296742942328
35858,0.18359000000000003,0.09730816,-0.08628184112548831,15.457450000000001,13.917083,-1.5403672134399429,15.389019999999999,11.441362,-3.9476576190185533,0.13918299999999995,0.017080689,-0.12210231115090842
35860,0.053590000000000027,0.09730816,0.04371815887451169,11.557450000000003,13.917083,2.3596327865600557,8.77902,11.441362,2.662342380981446,-0.010816999999999966,0.017080689,0.027897688849091495
35861,0.07359000000000004,0.09730816,0.023718158874511674,13.757450000000002,13.917083,0.15963278656005642,10.789019999999999,11.441362,0.6523423809814464,-0.0008170000000000677,0.017080689,0.017897688849091598
35862,0.11358999999999997,0.09730816,-0.01628184112548825,14.65745,13.917083,-0.7403672134399422,11.879019999999999,11.441362,-0.4376576190185535,0.009182999999999941,0.017080689,0.007897688849091589
35863,0.11358999999999997,0.09730816,-0.01628184112548825,15.057450000000003,13.917083,-1.1403672134399443,11.619019999999999,11.441362,-0.1776576190185537,-0.030816999999999983,0.017080689,0.04789768884909151
35905,-0.010262999999999911,0.02536402,0.035627020839333445,6.518529999999998,8.323042,1.8045119158935563,3.9046699999999994,5.682014,1.7773439884948736,-0.02040580000000003,0.029683765,0.05008956502394679
35984,-0.07778499999999999,0.0025535456,0.08033854563705622,6.1183499999999995,7.2890215,1.170671492004395,2.12725,6.745981,4.618731216430664,-0.05773589999999995,0.08285571,0.14059160889711375
36100,0.19340499999999994,0.10408942,-0.08931558343648904,7.68732,8.139772,0.4524524151611331,11.22722,10.025735,-1.2014850985717782,0.16421990000000009,0.13088802,-0.03333188496818551
36300,0.041870000000000074,0.071805745,0.0299357453632354,8.20758,8.299204,0.09162387268066396,6.421039999999998,6.8606296,0.43958955856323456,0.00414060000000005,0.014258699,0.01011809856029744
36302,0.011870000000000047,0.071805745,0.059935745363235426,7.20758,8.299204,1.091623872680664,3.621039999999997,6.8606296,3.2395895585632353,-0.07585940000000002,0.014258699,0.09011809856029751
36303,0.0018700000000000383,0.071805745,0.06993574536323544,7.20758,8.299204,1.091623872680664,2.5210399999999993,6.8606296,4.339589558563233,-0.11585940000000006,0.014258699,0.13011809856029755
36304,0.06187000000000009,0.071805745,0.009935745363235382,7.107580000000002,8.299204,1.1916238726806618,5.321039999999998,6.8606296,1.5395895585632342,-0.025859399999999977,0.014258699,0.040118098560297466
36305,0.011870000000000047,0.071805745,0.059935745363235426,7.007580000000001,8.299204,1.2916238726806633,3.121039999999997,6.8606296,3.7395895585632353,-0.09585940000000004,0.014258699,0.11011809856029753
36306,0.11187000000000002,0.071805745,-0.04006425463676455,11.00758,8.299204,-2.7083761273193367,10.621039999999999,6.8606296,-3.7604104414367665,0.09414060000000002,0.014258699,-0.07988190143970253
36307,0.13187000000000004,0.071805745,-0.06006425463676457,8.807580000000002,8.299204,-0.5083761273193375,10.52104,6.8606296,-3.660410441436767,0.14414059999999995,0.014258699,-0.12988190143970246
36308,0.12187000000000003,0.071805745,-0.05006425463676456,8.607580000000002,8.299204,-0.30837612731933817,10.52104,6.8606296,-3.660410441436767,0.15414059999999996,0.014258699,-0.13988190143970247
36309,0.10187000000000002,0.071805745,-0.030064254636764542,8.607580000000002,8.299204,-0.30837612731933817,8.321039999999998,6.8606296,-1.4604104414367658,0.044140599999999974,0.014258699,-0.029881901439702485
36310,0.10187000000000002,0.071805745,-0.030064254636764542,8.40758,8.299204,-0.10837612731933532,5.821039999999998,6.8606296,1.0395895585632342,-0.08585940000000003,0.014258699,0.10011809856029752
36311,0.0718700000000001,0.071805745,-6.425463676462684e-05,8.307580000000002,8.299204,-0.008376127319337456,7.521039999999999,6.8606296,-0.6604104414367669,0.034140599999999965,0.014258699,-0.019881901439702476
36386,0.226387,0.04467715,-0.18170985049557686,14.405680000000002,8.182039,-6.223640739135744,14.945150000000002,7.539145,-7.406005007171633,0.21345599999999998,0.08277182,-0.13068417718982694
36387,0.2543869999999999,0.04467715,-0.20970985049557678,8.205680000000001,8.182039,-0.02364073913574316,13.875150000000001,7.539145,-6.336005007171632,0.275456,0.08277182,-0.19268417718982694
36466,0.0914879999999999,-0.00947776,-0.10096575971144428,9.141820000000003,8.631752,-0.5100679858398465,7.31644,5.21549,-2.100950135650635,-0.013692199999999932,-0.012164841,0.001527358593952588
36564,0.12387999999999999,0.064339705,-0.05954029518842696,4.7515399999999985,6.510369,1.7588288240051284,7.372200000000001,7.358712,-0.01348780364990354,0.10025010000000001,0.091918305,-0.008331795437431344
36565,-0.02778499999999995,0.015848517,0.043633517417907663,11.388349999999999,8.843164,-2.5451855560302725,7.587250000000001,6.4502335,-1.1370165405273447,-0.007735899999999907,0.016747085,0.024482985377573874
36566,-0.01778499999999994,0.015848517,0.033633517417907655,11.518349999999998,8.843164,-2.6751855560302715,7.987250000000001,6.4502335,-1.537016540527345,0.002264100000000102,0.016747085,0.014482985377573865
36567,-0.02778499999999995,0.015848517,0.043633517417907663,11.568349999999999,8.843164,-2.7251855560302722,8.26725,6.4502335,-1.8170165405273444,0.02226410000000001,0.016747085,-0.005517014622426042
36568,0.012215000000000087,0.015848517,0.003633517417907628,10.86835,8.843164,-2.025185556030273,7.887250000000002,6.4502335,-1.4370165405273454,0.002264100000000102,0.016747085,0.014482985377573865
36625,0.5223869999999999,0.029707417,-0.49267958310794824,18.50568,9.90856,-8.597120200805666,19.40515,7.766085,-11.639064852142333,0.48945600000000006,0.046840236,-0.4426157644090653
36626,-0.03761300000000012,0.029707417,0.06732041689205182,8.605680000000003,9.90856,1.3028797991943328,6.405150000000001,7.766085,1.3609351478576652,0.038455999999999935,0.046840236,0.008384235590934819
36638,0.12253400000000003,0.12417252,0.001638523617744414,8.546149999999997,7.6533737,-0.8927762817382785,9.088349999999998,8.857274,-0.23107594451904134,0.06081619999999999,0.08003885,0.019222652989673628
36753,-0.04799700000000007,-0.041634534,0.0063624664456845,10.812470000000005,9.253599,-1.5588708331298875,6.864879999999999,4.6347046,-2.2301754101562494,-0.00011470000000002312,-0.037614267,-0.03749956731944082
36754,-0.04999700000000007,-0.041634534,0.008362466445684502,10.602470000000004,9.253599,-1.3488708331298866,5.744879999999998,4.6347046,-1.1101754101562484,-0.04211469999999995,-0.037614267,0.004500432680559108
36755,-0.07199700000000009,-0.041634534,0.03036246644568452,8.092470000000002,9.253599,1.161129166870115,2.3648799999999994,4.6347046,2.2698245898437506,-0.08211469999999987,-0.037614267,0.04450043268055903
36756,-0.06099699999999997,-0.041634534,0.0193624664456844,8.752470000000002,9.253599,0.5011291668701148,3.6548799999999986,4.6347046,0.9798245898437514,-0.061114699999999966,-0.037614267,0.023500432680559125
36757,-0.058996999999999966,-0.041634534,0.0173624664456844,9.432470000000002,9.253599,-0.17887083312988494,3.964880000000001,4.6347046,0.6698245898437492,-0.07211469999999987,-0.037614267,0.03450043268055902
37054,-0.059414999999999996,-0.026188895,0.03322610489368438,5.895590000000002,6.4314313,0.5358412934875467,5.151009999999999,6.0057564,0.8547463781738287,0.05871729999999997,0.0633971,0.004679802057933835
37055,-0.059414999999999996,-0.026188895,0.03322610489368438,6.345590000000001,6.4314313,0.08584129348754743,5.961010000000002,6.0057564,0.04474637817382643,0.07871729999999999,0.0633971,-0.015320197942066183
37056,-0.04941499999999999,-0.026188895,0.023226104893684374,6.575590000000002,6.4314313,-0.144158706512453,5.841010000000001,6.0057564,0.16474637817382742,0.05871729999999997,0.0633971,0.004679802057933835
37058,-0.01941499999999996,-0.026188895,-0.006773895106315653,6.67559,6.4314313,-0.24415870651245086,6.38101,6.0057564,-0.3752536218261717,0.05871729999999997,0.0633971,0.004679802057933835
37060,0.020585000000000075,-0.026188895,-0.04677389510631569,5.575590000000002,6.4314313,0.855841293487547,6.401009999999999,6.0057564,-0.3952536218261713,0.06871729999999998,0.0633971,-0.005320197942066174
37061,0.10058500000000004,-0.026188895,-0.12677389510631565,6.735590000000002,6.4314313,-0.30415870651245314,8.07101,6.0057564,-2.0652536218261712,0.04871729999999996,0.0633971,0.014679802057933844
37062,-0.03941499999999998,-0.026188895,0.013226104893684365,5.97559,6.4314313,0.4558412934875484,5.761009999999999,6.0057564,0.24474637817382927,0.06871729999999998,0.0633971,-0.005320197942066174
37063,-0.02941499999999997,-0.026188895,0.003226104893684356,6.49559,6.4314313,-0.06415870651245115,6.97101,6.0057564,-0.9652536218261716,0.09871730000000001,0.0633971,-0.0353201979420662
37064,-0.03941499999999998,-0.026188895,0.013226104893684365,6.90559,6.4314313,-0.4741587065124513,6.27101,6.0057564,-0.2652536218261723,0.05871729999999997,0.0633971,0.004679802057933835
37065,-0.009414999999999951,-0.026188895,-0.01677389510631566,5.665590000000002,6.4314313,0.7658412934875471,5.321010000000001,6.0057564,0.684746378173827,0.038717299999999955,0.0633971,0.024679802057933853
37066,-0.02941499999999997,-0.026188895,0.003226104893684356,6.805590000000002,6.4314313,-0.3741587065124534,6.331009999999999,6.0057564,-0.325253621826171,0.05871729999999997,0.0633971,0.004679802057933835
37067,0.0005850000000000577,-0.026188895,-0.02677389510631567,6.795590000000001,6.4314313,-0.36415870651245186,7.62101,6.0057564,-1.615253621826172,0.09871730000000001,0.0633971,-0.0353201979420662
37068,0.010585000000000067,-0.026188895,-0.03677389510631568,6.1255900000000025,6.4314313,0.3058412934875463,6.431010000000001,6.0057564,-0.42525362182617243,0.05871729999999997,0.0633971,0.004679802057933835
37069,-0.01941499999999996,-0.026188895,-0.006773895106315653,6.67559,6.4314313,-0.24415870651245086,6.81101,6.0057564,-0.8052536218261714,0.07871729999999999,0.0633971,-0.015320197942066183
37070,0.0005850000000000577,-0.026188895,-0.02677389510631567,6.205590000000001,6.4314313,0.225841293487548,5.901009999999999,6.0057564,0.1047463781738287,0.038717299999999955,0.0633971,0.024679802057933853
37071,-0.02941499999999997,-0.026188895,0.003226104893684356,6.165590000000002,6.4314313,0.26584129348754715,5.61101,6.0057564,0.39474637817382785,0.04871729999999996,0.0633971,0.014679802057933844
37072,0.0005850000000000577,-0.026188895,-0.02677389510631567,6.3755900000000025,6.4314313,0.055841293487546295,6.46101,6.0057564,-0.4552536218261718,0.05871729999999997,0.0633971,0.004679802057933835
37073,-0.04941499999999999,-0.026188895,0.023226104893684374,6.72559,6.4314313,-0.2941587065124516,6.61101,6.0057564,-0.6052536218261722,0.0887173,0.0633971,-0.02532019794206619
37075,0.010585000000000067,-0.026188895,-0.03677389510631568,6.345590000000001,6.4314313,0.08584129348754743,6.171009999999999,6.0057564,-0.16525362182617087,0.038717299999999955,0.0633971,0.024679802057933853
37077,-0.02941499999999997,-0.026188895,0.003226104893684356,6.42559,6.4314313,0.005841293487549137,6.47101,6.0057564,-0.4652536218261716,0.07871729999999999,0.0633971,-0.015320197942066183
37078,0.010585000000000067,-0.026188895,-0.03677389510631568,6.035590000000003,6.4314313,0.39584129348754615,6.151009999999999,6.0057564,-0.1452536218261713,0.04871729999999996,0.0633971,0.014679802057933844
37079,-0.08941500000000002,-0.026188895,0.06322610489368441,6.345590000000001,6.4314313,0.08584129348754743,4.11101,6.0057564,1.8947463781738278,0.018717299999999937,0.0633971,0.04467980205793387
37080,-0.069415,-0.026188895,0.04322610489368439,5.575590000000002,6.4314313,0.855841293487547,4.741009999999999,6.0057564,1.2647463781738288,0.05871729999999997,0.0633971,0.004679802057933835
37081,-0.04941499999999999,-0.026188895,0.023226104893684374,6.6355900000000005,6.4314313,-0.20415870651245172,5.671009999999999,6.0057564,0.33474637817382913,0.04871729999999996,0.0633971,0.014679802057933844
37082,-0.059414999999999996,-0.026188895,0.03322610489368438,5.67559,6.4314313,0.7558412934875491,4.97101,6.0057564,1.0347463781738284,0.05871729999999997,0.0633971,0.004679802057933835
37083,-0.03941499999999998,-0.026188895,0.013226104893684365,6.49559,6.4314313,-0.06415870651245115,5.491009999999999,6.0057564,0.5147463781738288,0.038717299999999955,0.0633971,0.024679802057933853
37084,-0.01941499999999996,-0.026188895,-0.006773895106315653,5.575590000000002,6.4314313,0.855841293487547,5.761009999999999,6.0057564,0.24474637817382927,0.06871729999999998,0.0633971,-0.005320197942066174
37085,-0.04941499999999999,-0.026188895,0.023226104893684374,5.6355900000000005,6.4314313,0.7958412934875483,4.871009999999998,6.0057564,1.1347463781738298,0.04871729999999996,0.0633971,0.014679802057933844
37087,-0.02941499999999997,-0.026188895,0.003226104893684356,6.395590000000002,6.4314313,0.03584129348754672,5.36101,6.0057564,0.6447463781738278,0.028717299999999946,0.0633971,0.03467980205793386
37088,-0.069415,-0.026188895,0.04322610489368439,5.825590000000002,6.4314313,0.605841293487547,4.461010000000002,6.0057564,1.5447463781738264,0.038717299999999955,0.0633971,0.024679802057933853
37089,-0.009414999999999951,-0.026188895,-0.01677389510631566,5.5055900000000015,6.4314313,0.9258412934875473,5.641010000000001,6.0057564,0.3647463781738267,0.05871729999999997,0.0633971,0.004679802057933835
37090,-0.059414999999999996,-0.026188895,0.03322610489368438,6.24559,6.4314313,0.18584129348754885,4.97101,6.0057564,1.0347463781738284,0.038717299999999955,0.0633971,0.024679802057933853
37091,0.0005850000000000577,-0.026188895,-0.02677389510631567,5.6255900000000025,6.4314313,0.8058412934875463,6.11101,6.0057564,-0.10525362182617215,0.06871729999999998,0.0633971,-0.005320197942066174
37092,-0.02941499999999997,-0.026188895,0.003226104893684356,5.845590000000001,6.4314313,0.5858412934875474,4.901009999999999,6.0057564,1.1047463781738287,0.028717299999999946,0.0633971,0.03467980205793386
37093,-0.07941500000000001,-0.026188895,0.0532261048936844,5.715590000000002,6.4314313,0.7158412934875464,4.931010000000001,6.0057564,1.0747463781738276,0.06871729999999998,0.0633971,-0.005320197942066174
37096,-0.069415,-0.026188895,0.04322610489368439,5.765590000000003,6.4314313,0.6658412934875457,4.88101,6.0057564,1.1247463781738283,0.05871729999999997,0.0633971,0.004679802057933835
37097,-0.02941499999999997,-0.026188895,0.003226104893684356,5.855590000000003,6.4314313,0.5758412934875459,5.13101,6.0057564,0.8747463781738283,0.038717299999999955,0.0633971,0.024679802057933853
37100,-0.059414999999999996,-0.026188895,0.03322610489368438,5.765590000000003,6.4314313,0.6658412934875457,5.04101,6.0057564,0.9647463781738281,0.05871729999999997,0.0633971,0.004679802057933835
37102,-0.07941500000000001,-0.026188895,0.0532261048936844,5.665590000000002,6.4314313,0.7658412934875471,4.81101,6.0057564,1.1947463781738286,0.06871729999999998,0.0633971,-0.005320197942066174
37214,-0.001742999999999828,-0.007050589,-0.005307589192658835,16.061200000000003,15.140222,-0.9209784042358429,14.73947,14.1978245,-0.5416455218505867,0.2246475,0.20638232,-0.01826518066883087
37328,-0.02761300000000011,0.029707417,0.057320416892051806,7.425680000000003,9.90856,2.4828797991943325,5.37515,7.766085,2.3909351478576664,0.024455999999999922,0.046840236,0.02238423559093483
37408,-0.03474299999999997,0.0024888222,0.03723182221058008,3.5769599999999997,4.564222,0.9872618589782718,0.7340900000000019,2.6578765,1.923786491546629,-0.024622699999999997,0.0206488,0.04527149983663559
37600,0.4155380000000001,0.378921,-0.036616997850418165,16.160790000000002,15.049133,-1.1116566992187522,18.21133,17.908798,-0.30253178222656274,0.4152191,0.4013708,-0.013848306418991096
37601,0.355538,0.378921,0.02338300214958189,15.06079,15.049133,-0.011656699218750788,17.611330000000002,17.908798,0.29746821777343513,0.3952191,0.4013708,0.006151693581008921
37726,0.12238699999999991,0.06097038,-0.06141661909770957,12.805680000000002,9.069213,-3.736467086486819,10.90515,7.174274,-3.730876032257081,0.03145599999999993,0.006439631,-0.025016369126498628
37727,0.1023869999999999,0.06097038,-0.04141661909770955,9.40568,9.069213,-0.33646708648681667,8.52515,7.174274,-1.35087603225708,0.03145599999999993,0.006439631,-0.025016369126498628
37789,0.06000899999999998,0.048119597,-0.011889402863025644,14.831130000000002,14.649779,-0.1813506802368181,13.666080000000001,13.483134,-0.18294573028564542,0.0684248999999999,0.10975388,0.04132897692451487
37790,0.09558299999999997,0.08769054,-0.007892460341930363,18.63033,13.209702,-5.420628461914063,17.14777,11.739737,-5.408033442993165,0.1667229,0.067757994,-0.09896490606346131
37890,-0.10817800000000011,-0.10294878,0.005229222622394669,4.8942400000000035,5.3764834,0.48224344039916645,3.090160000000001,3.6390057,0.5488456610107413,0.04883590000000004,0.049767736,0.0009318363455295131
37898,-0.08817800000000009,-0.10294878,-0.014770777377605349,5.374240000000004,5.3764834,0.002243440399166019,4.100159999999999,3.6390057,-0.46115433898925673,0.05883590000000005,0.049767736,-0.009068163654470496
37973,0.1333209999999999,0.10905583,-0.024265167971610935,1.439070000000001,4.1345096,2.695439563446044,4.57621,7.145988,2.569777987518311,0.05661309999999997,0.108870216,0.05225711571397784
38487,-0.04363600000000001,-0.031824898,0.01181110202527047,8.26624,10.030408,1.7641679055786135,7.2173099999999994,10.050048,2.832737874450684,0.06105130000000003,0.12519193,0.06414062695617673
38488,-0.02363599999999999,-0.031824898,-0.008188897974729548,9.566239999999997,10.030408,0.4641679055786163,9.317309999999999,10.050048,0.7327378744506845,0.10405130000000007,0.12519193,0.02114062695617669
38489,0.006364000000000036,-0.031824898,-0.038188897974729574,12.066239999999997,10.030408,-2.0358320944213837,14.017309999999998,10.050048,-3.967262125549315,0.2590513000000001,0.12519193,-0.13385937304382334
38778,0.030312000000000117,-0.0038048062,-0.03411680615422141,12.867569999999999,8.889454,-3.9781161120605457,14.250419999999998,10.804996,-3.445424463195799,0.24931179999999997,0.13670778,-0.11260401725463864
38780,0.05867700000000009,0.026157746,-0.03251925390851507,10.88559,9.528224,-1.3573660086059576,11.42638,7.9734206,-3.4529593800354004,0.16388749999999996,0.048161875,-0.11572562454342838
38782,0.0014369999999999106,0.047070034,0.045633033848285764,7.298460000000002,8.720907,1.4224472113037088,8.812490000000002,9.712536,0.9000458581542947,0.14453720000000003,0.14212379,-0.0024134114048004474
38810,0.07156600000000013,0.084125176,0.012559176072120537,7.39648,7.7694316,0.37295159103393516,9.906,9.820351,-0.08564935302734433,0.1392371,0.13531244,-0.003924661988830569
38812,0.07556600000000013,0.084125176,0.008559176072120533,7.606480000000001,7.7694316,0.1629515910339343,9.386000000000001,9.820351,0.43435064697265524,0.11323710000000009,0.13531244,0.022075338011169343
38826,0.150764,0.08075654,-0.07000746238374711,9.409720000000002,6.981284,-2.4284358584594745,11.58361,7.2055755,-4.378034533843994,0.2693011,0.15157567,-0.11772543035373689
38827,0.07876399999999995,0.08075654,0.001992537616252954,6.169720000000002,6.981284,0.8115641415405257,7.94361,7.2055755,-0.7380345338439938,0.15530109999999997,0.15157567,-0.003725430353736847
38828,0.155764,0.08075654,-0.07500746238374711,10.349720000000001,6.981284,-3.368435858459474,10.92361,7.2055755,-3.718034533843994,0.1773011000000001,0.15157567,-0.025725430353736978
38829,0.155764,0.08075654,-0.07500746238374711,10.549720000000002,6.981284,-3.568435858459475,11.08361,7.2055755,-3.8780345338439943,0.1883011,0.15157567,-0.036725430353736876
38831,0.3477640000000001,0.08075654,-0.2670074623837472,17.16972,6.981284,-10.188435858459474,15.81361,7.2055755,-8.608034533843995,0.4363011000000001,0.15157567,-0.284725430353737
38832,0.127764,0.08075654,-0.04700746238374709,4.56972,6.981284,2.411564141540527,6.69361,7.2055755,0.5119654661560062,0.10030110000000003,0.15157567,0.05127456964626309
38833,-0.06923600000000008,0.08075654,0.14999253761625297,1.989720000000002,6.981284,4.991564141540525,1.7036100000000012,7.2055755,5.501965466156005,0.057301099999999994,0.15157567,0.09427456964626313
38834,-0.059236000000000066,0.08075654,0.13999253761625297,4.3797200000000025,6.981284,2.601564141540525,3.93361,7.2055755,3.271965466156006,0.07730110000000001,0.15157567,0.07427456964626311
38836,-0.06923600000000008,0.08075654,0.14999253761625297,1.74972,6.981284,5.231564141540527,-0.04638999999999882,7.2055755,7.251965466156005,-0.009698899999999955,0.15157567,0.16127456964626308
39141,0.0014879999999999338,-0.014311868,-0.01579986776608222,6.141820000000003,7.946731,1.8049110905456516,3.2164399999999986,4.8552766,1.6388365846252455,-0.05369219999999997,0.0044255615,0.058117761521202294
39161,0.16622499999999996,0.12680128,-0.039423717832565264,19.096040000000002,15.716355,-3.379684676208498,19.52153,16.636534,-2.8849962628173813,0.19850879999999993,0.15408802,-0.0444207796752929
39163,0.15622499999999995,0.12680128,-0.029423717832565255,14.906040000000004,15.716355,0.8103153237914995,16.921529999999997,16.636534,-0.2849962628173799,0.17450880000000002,0.15408802,-0.020420779675292988
39222,0.05221500000000012,0.012220213,-0.039994786810279015,7.708349999999999,7.42902,-0.27933007202148374,12.547250000000002,6.020735,-6.526515213012697,0.31226410000000004,0.03712316,-0.27514094142589574
39223,0.042215000000000114,0.012220213,-0.029994786810279006,7.418349999999997,7.42902,0.010669927978518956,11.797250000000002,6.020735,-5.776515213012697,0.2822641000000001,0.03712316,-0.24514094142589576
39350,-0.09102100000000002,-0.0008244947,0.09019650530517476,7.105720000000005,10.2755575,3.169837518005366,2.0325399999999973,6.342251,4.309710823974612,-0.06192249999999999,0.019358031,0.08128053145170211
39392,0.04981499999999994,0.055283714,0.005468714085817394,5.8782299999999985,4.838423,-1.0398072247314438,7.045549999999999,5.9765544,-1.068995606231688,0.11202750000000006,0.0717057,-0.04032180103302008
39393,0.08981499999999987,0.055283714,-0.03453128591418253,5.3782299999999985,4.838423,-0.5398072247314438,6.525549999999999,5.9765544,-0.5489956062316885,0.07202750000000002,0.0717057,-0.0003218010330200416
39433,-0.0608820000000001,0.03500975,0.09589174923372279,5.511850000000003,7.6863694,2.174519419097898,3.8847200000000015,6.3706512,2.485931245117186,-0.0019947999999999633,0.038739614,0.040734414188671075
39700,0.06253400000000009,0.07097901,0.008445006588458925,11.146149999999999,10.9480915,-0.19805849304199086,8.488349999999999,8.644895,0.15654459991455205,0.0008162000000000447,0.017983366,0.01716716580395694
39701,0.05253400000000008,0.07097901,0.018445006588458934,10.44615,10.9480915,0.5019415069580084,8.388349999999999,8.644895,0.2565445999145517,0.06081619999999999,0.017983366,-0.042832834196043
39703,0.11253400000000002,0.07097901,-0.04155499341154101,11.346149999999998,10.9480915,-0.39805849304199015,9.088349999999998,8.644895,-0.4434554000854476,0.010816199999999943,0.017983366,0.007167165803957043
39887,-0.103707,-0.07022183,0.03348517356586456,1.330490000000001,2.0237145,0.693224542388915,-1.2855799999999995,0.17327231,1.458852311687469,-0.01874140000000002,0.007869411,0.026610811259889622
39888,-0.060707000000000066,-0.07022183,-0.00951482643413537,2.4504899999999985,2.0237145,-0.4267754576110825,1.4044199999999982,0.17327231,-1.2311476883125287,0.02425860000000002,0.007869411,-0.016389188740110416
39889,-0.06570699999999996,-0.07022183,-0.004514826434135477,1.590489999999999,2.0237145,0.43322454238891694,0.01442000000000121,0.17327231,0.15885231168746827,-0.001741400000000115,0.007869411,0.009610811259889718
40018,0.05502600000000002,-0.023596723,-0.07862272263264658,7.61889,6.440085,-1.1788050657653812,7.265000000000001,5.3824825,-1.8825174713134771,0.02747069999999996,0.046710674,0.019239973719644587
40019,0.04502600000000001,-0.023596723,-0.06862272263264657,6.218889999999998,6.440085,0.2211949342346209,4.665000000000001,5.3824825,0.7174825286865225,-0.0525293,0.046710674,0.09923997371964455
40040,0.02189899999999989,0.027289925,0.005390925143122782,8.78529,9.140268,0.35497832580566424,9.517610000000001,10.231503,0.7138925329589831,0.09322010000000003,0.11031356,0.017093457088375064
40497,-0.018213000000000035,-0.026983874,-0.0087708739186525,11.620159999999998,10.190185,-1.429975406799315,7.35717,5.0444965,-2.312673463745117,-0.024511999999999978,-0.040115405,-0.015603404874086402
41204,-0.031049000000000104,0.038654763,0.06970376325154315,9.805870000000002,12.348665,2.5427952374267555,6.354890000000001,9.670554,3.3156641610717763,-0.015150600000000125,0.054290187,0.06944078661379827
41237,-0.009613000000000094,0.04467715,0.054290149504423235,10.505680000000002,8.182039,-2.323640739135744,7.565150000000001,7.539145,-0.02600500717163179,0.014455999999999913,0.08277182,0.06831582281017312
41238,0.004386999999999919,0.008656117,0.004269117133796296,11.49568,11.551554,0.05587372619628894,8.65515,10.408591,1.7534412704467766,0.027455999999999925,0.11111672,0.08366072222614296
41251,0.07950899999999994,0.07370305,-0.0058059493865966205,9.851770000000002,9.616825,-0.2349448962402363,9.865739999999999,8.823022,-1.0427181112670887,0.10065210000000002,0.07621545,-0.024436646554088615
41279,0.025386999999999937,0.029707417,0.004320416892051759,13.905680000000002,9.90856,-3.997120200805666,9.385150000000001,7.766085,-1.6190648521423352,-0.04754400000000014,0.046840236,0.0943842355909349
41325,-0.047784999999999966,0.012220213,0.060005213189721074,7.488349999999997,7.42902,-0.05933007202148133,2.497250000000001,6.020735,3.5234847869873036,-0.08773589999999998,0.03712316,0.12485905857410429
41326,0.15738699999999994,0.03447364,-0.12291336101841921,10.705680000000001,9.152177,-1.553503143005372,11.50515,7.4292884,-4.0758616127014164,0.12145600000000001,0.04554443,-0.07591156938648225
41327,0.28238699999999994,0.03447364,-0.2479133610184192,14.805680000000002,9.152177,-5.6535031430053735,14.70515,7.4292884,-7.275861612701416,0.14145599999999992,0.04554443,-0.09591156938648215
41328,0.30238699999999996,0.03447364,-0.2679133610184192,17.405680000000004,9.152177,-8.253503143005375,17.90515,7.4292884,-10.475861612701415,0.38145599999999996,0.04554443,-0.3359115693864822
41350,-0.02761300000000011,0.06097038,0.08858338090229045,7.505680000000002,9.069213,1.563532913513182,7.805150000000001,7.174274,-0.6308760322570812,0.1314559999999999,0.006439631,-0.1250163691264986
41367,0.30238699999999996,0.03447364,-0.2679133610184192,11.925680000000003,9.152177,-2.7735031430053745,12.44515,7.4292884,-5.015861612701416,0.03145599999999993,0.04554443,0.014088430613517833
41538,0.05852900000000005,0.06524429,0.006715287252426094,3.2787599999999983,3.970332,0.6915719072723405,12.536719999999999,9.342134,-3.194585524291991,0.46920370000000006,0.2884988,-0.1807049109279633
41539,0.06852900000000006,0.06524429,-0.0032847127475739146,5.278759999999998,3.970332,-1.3084280927276595,13.92672,9.342134,-4.584585524291992,0.5092037,0.2884988,-0.2207049109279633
41540,0.05852900000000005,0.06524429,0.006715287252426094,3.988759999999999,3.970332,-0.018428092727660328,5.866719999999999,9.342134,3.4754144757080088,0.0992037,0.2884988,0.18929508907203674
41541,0.08852899999999997,0.06524429,-0.02328471274757382,4.278759999999998,3.970332,-0.3084280927276595,6.566719999999998,9.342134,2.7754144757080095,0.0992037,0.2884988,0.18929508907203674
41678,0.3702383,0.22766401,-0.1425742912633896,18.62678,12.625576,-6.001203980712891,15.89093,10.331706,-5.559223952941895,0.46802509999999997,0.34533578,-0.1226893184257507
41746,-0.038112000000000146,-0.03979614,-0.0016841400449274513,7.97804,5.9011106,-2.0769293508911133,6.362019999999999,5.414035,-0.9479851565551751,0.06489519999999993,0.047937002,-0.016958197967004707
41747,-0.038112000000000146,-0.03979614,-0.0016841400449274513,5.97804,5.9011106,-0.0769293508911133,6.26202,5.414035,-0.8479851565551755,0.034895199999999904,0.047937002,0.01304180203299532
41748,-0.048112000000000155,-0.03979614,0.008315859955072558,4.97804,5.9011106,0.9230706491088867,3.3620199999999993,5.414035,2.052014843444825,0.024895200000000006,0.047937002,0.023041802032995218
41749,-0.048112000000000155,-0.03979614,0.008315859955072558,4.378040000000002,5.9011106,1.5230706491088846,4.362019999999999,5.414035,1.0520148434448249,0.014895199999999997,0.047937002,0.03304180203299523
41823,0.058694000000000135,0.101336285,0.042642285471916064,19.70765,18.018137,-1.689513021850587,18.1997,17.351902,-0.8477979919433594,0.1525301,0.13104118,-0.021488915932273867
41876,0.06793399999999994,0.061739676,-0.006194324299335419,4.06833,6.755349,2.687019159240723,4.240360000000001,5.594248,1.3538878179931633,0.02952010000000005,0.018113537,-0.011406563239789058
41908,0.009717700000000051,-0.008248986,-0.01796668574501281,8.805240000000001,7.6255355,-1.1797045118713392,8.571629999999999,7.4041095,-1.1675205220031728,0.09719449999999996,0.09023847,-0.006956033141136131
42007,-0.08114550000000009,-0.07405194,0.00709356104898462,6.02018,5.5106516,-0.5095284115600585,3.5999199999999973,3.1054366,-0.49448343650817606,-0.01939920000000006,0.0066498206,0.02604902059970504
42008,-0.10114550000000011,-0.07405194,0.027093561048984638,4.120180000000001,5.5106516,1.3904715884399401,0.9499199999999988,3.1054366,2.1555165634918225,-0.01939920000000006,0.0066498206,0.02604902059970504
42009,-0.0911455000000001,-0.07405194,0.01709356104898463,4.620180000000001,5.5106516,0.8904715884399401,2.4499199999999988,3.1054366,0.6555165634918225,0.030600799999999984,0.0066498206,-0.023950979400295003
42123,0.028456000000000037,0.069542095,0.041086095065116846,0.716190000000001,2.8636556,2.1474655671691885,2.4027600000000007,5.418597,3.015837221374511,0.0694509000000001,0.1192845,0.0498336031619071
42173,0.06238699999999997,0.08084194,0.018454943621635467,26.56568,12.702536,-13.86314437072754,19.40515,11.733386,-7.671763960266112,0.24145599999999995,0.13437569,-0.10708030858612055
42174,0.1023869999999999,0.08084194,-0.021545056378364458,10.38568,12.702536,2.3168556292724602,11.40515,11.733386,0.32823603973388593,0.16145599999999993,0.13437569,-0.02708030858612054
42175,0.19238699999999997,0.08084194,-0.11154505637836454,16.77568,12.702536,-4.07314437072754,15.305150000000001,11.733386,-3.5717639602661144,0.18145599999999995,0.13437569,-0.047080308586120556
