Ref_ID,delta_Voc_true,delta_Voc_pred,delta_Voc_error,delta_Jsc_true,delta_Jsc_pred,delta_Jsc_error,delta_PCE_true,delta_PCE_pred,delta_PCE_error,delta_FF_true,delta_FF_pred,delta_FF_error
20,0.10898999999999992,0.052391104,-0.05659889559984199,12.851590000000002,10.015739,-2.835850559082033,10.28508,7.8776875,-2.407392545776368,-0.006516399999999978,0.01221022,0.01872662009849546
22,-0.041154000000000135,-0.04647705,-0.00532304958915697,13.580079999999999,11.9091425,-1.6709375057983387,12.088349999999998,10.188764,-1.89958638153076,0.10617929999999998,0.074572615,-0.03160668467454908
23,-0.07115400000000016,-0.04647705,0.024676950410843057,11.580079999999999,11.9091425,0.32906249420166134,9.18835,10.188764,1.0004136184692385,0.059179300000000046,0.074572615,0.015393315325450851
24,-0.08115400000000017,-0.04647705,0.034676950410843066,11.250079999999997,11.9091425,0.6590624942016632,8.18835,10.188764,2.0004136184692385,0.03317930000000002,0.074572615,0.041393315325450875
25,-0.051154000000000144,-0.04647705,0.004676950410843039,11.70008,11.9091425,0.20906249420166034,10.388349999999999,10.188764,-0.1995863815307608,0.09517929999999997,0.074572615,-0.02060668467454907
26,-0.041154000000000135,-0.04647705,-0.00532304958915697,13.580079999999999,11.9091425,-1.6709375057983387,12.088349999999998,10.188764,-1.89958638153076,0.10617929999999998,0.074572615,-0.03160668467454908
27,-0.08115400000000017,-0.04647705,0.034676950410843066,11.250079999999997,11.9091425,0.6590624942016632,8.18835,10.188764,2.0004136184692385,0.03317930000000002,0.074572615,0.041393315325450875
72,-0.09866200000000003,-0.017437534,0.08122446559321883,5.228439999999999,8.5468445,3.318404482421876,2.2971799999999973,6.512853,4.215673145599368,-0.004401800000000011,0.039090037,0.04349183734588624
89,0.021665000000000045,0.02142287,-0.00024212954282765153,8.310340000000004,8.596502,0.2861623040771448,7.1113,6.8224645,-0.28883553390502925,0.045322799999999996,0.036993917,-0.008328882922220227
90,-0.07833500000000004,0.02142287,0.09975787045717244,5.310340000000004,8.596502,3.286162304077145,2.9113000000000007,6.8224645,3.91116446609497,0.01532279999999997,0.036993917,0.0216711170777798
91,-0.07833500000000004,0.02142287,0.09975787045717244,6.310340000000004,8.596502,2.286162304077145,5.1113,6.8224645,1.7111644660949707,0.07532280000000002,0.036993917,-0.03832888292222025
169,-0.028512000000000093,-0.0042217164,0.02429028356996188,6.381820000000001,8.281355,1.8995349041748035,2.5964399999999976,5.231694,2.6352542214965844,-0.06569219999999998,0.009686348,0.07537854802848099
170,-0.008512000000000075,-0.0042217164,0.004290283569961861,7.301820000000003,8.281355,0.9795349041748018,4.096439999999999,5.231694,1.1352542214965826,-0.04369219999999996,0.009686348,0.053378548028480965
171,0.04148799999999997,-0.0042217164,-0.04570971643003818,7.151820000000004,8.281355,1.1295349041748004,5.9264399999999995,5.231694,-0.6947457785034175,0.018307800000000096,0.009686348,-0.00862145197151909
267,-0.11485750000000006,-0.045906633,0.06895086686134344,5.84205,6.364376,0.522326068115234,2.4481800000000007,5.082958,2.634778221435546,0.0021046999999999594,0.051023703,0.04891900306849484
297,0.012386999999999926,0.027552787,0.015165787214517668,8.535680000000003,9.757338,1.2216575701904269,6.09515,7.4852333,1.3900833068847653,-0.005544000000000104,0.040128075,0.04567207458639155
391,0.13438699999999992,0.02760723,-0.10677976953041546,5.09768,8.911849,3.8141690219116207,6.34515,7.2115564,0.8664064346313474,0.024455999999999922,0.04094392,0.016487920612335283
411,-0.059236000000000066,-0.013442477,0.0457935227886439,1.2597200000000015,4.177376,2.9176557934570297,0.9736100000000008,2.5497532,1.5761431890869133,0.04030109999999998,0.020407429,-0.019893671035027483
412,-0.059236000000000066,-0.013442477,0.0457935227886439,0.8897200000000005,4.177376,3.2876557934570307,-0.37639000000000067,2.5497532,2.9261431890869147,0.0003011000000000541,0.020407429,0.020106328964972442
413,-0.08023599999999997,-0.013442477,0.06679352278864381,0.8697200000000009,4.177376,3.3076557934570303,-1.6763900000000014,2.5497532,4.226143189086915,-0.03969889999999998,0.020407429,0.06010632896497248
414,-0.09223599999999998,-0.013442477,0.07879352278864382,0.1297200000000025,4.177376,4.047655793457029,-2.706389999999999,2.5497532,5.256143189086913,-0.04969889999999999,0.020407429,0.07010632896497249
415,-0.09023599999999998,-0.013442477,0.07679352278864382,1.149720000000002,4.177376,3.027655793457029,-1.336389999999998,2.5497532,3.886143189086912,-0.029698899999999973,0.020407429,0.05010632896497247
475,0.04858899999999999,-0.009736112,-0.058325112318933,12.73254,7.5649676,-5.167572367706299,13.378440000000001,7.098,-6.280439950408937,0.23888559999999992,0.099399894,-0.13948570552406303
529,-0.03254800000000002,0.021804195,0.054352194897413275,7.878070000000001,6.9700465,-0.9080234797668467,7.11388,8.013112,0.8992320681762696,0.07242290000000007,0.123066925,0.050644024512386254
853,-0.007784999999999931,0.017006624,0.02479162449002259,8.338349999999998,9.477415,1.1390650848388688,6.567250000000001,6.5951414,0.027891410827635355,0.06626410000000005,0.001719597,-0.06454450297143166
854,-0.03778499999999996,0.017006624,0.05479162449002262,7.43835,9.477415,2.0390650848388674,4.247250000000001,6.5951414,2.3478914108276356,0.009264100000000108,0.001719597,-0.007544502971431721
855,0.012215000000000087,0.017006624,0.004791624490022572,10.338349999999998,9.477415,-0.8609349151611312,7.3572500000000005,6.5951414,-0.7621085891723638,0.04126410000000014,0.001719597,-0.03954450297143175
919,-0.048904999999999976,0.019712586,0.0686175859558582,8.654140000000002,9.77699,1.1228499368286116,6.094740000000002,7.3684964,1.273756417999266,0.005674199999999963,0.04237613,0.036701930819320716
924,0.0955379999999999,0.112533584,0.016995584237098793,11.14883,10.369219,-0.7796111737060549,12.097650000000002,11.153953,-0.9436974014282242,0.06766990000000006,0.03455037,-0.033119531214141906
925,0.14553799999999995,0.112533584,-0.03300441576290125,10.548830000000002,10.369219,-0.17961117370605706,12.29765,11.153953,-1.1436974014282235,0.06366989999999995,0.03455037,-0.02911953121414179
926,0.0955379999999999,0.112533584,0.016995584237098793,10.748830000000002,10.369219,-0.37961117370605635,10.29765,11.153953,0.8563025985717765,0.002669900000000003,0.03455037,0.03188046878585815
927,0.12553799999999993,0.112533584,-0.013004415762901234,10.548830000000002,10.369219,-0.17961117370605706,11.197650000000001,11.153953,-0.04369740142822387,0.027669900000000025,0.03455037,0.006880468785858129
928,0.08553799999999989,0.112533584,0.026995584237098802,10.64883,10.369219,-0.2796111737060549,9.49765,11.153953,1.6563025985717772,-0.02433010000000002,0.03455037,0.058880468785858175
929,0.14553799999999995,0.112533584,-0.03300441576290125,10.64883,10.369219,-0.2796111737060549,12.197650000000001,11.153953,-1.0436974014282239,0.05466990000000005,0.03455037,-0.020119531214141895
930,0.10553799999999991,0.112533584,0.006995584237098784,11.14883,10.369219,-0.7796111737060549,10.597650000000002,11.153953,0.5563025985717758,-0.009330100000000008,0.03455037,0.04388046878585816
931,0.19553799999999988,0.112533584,-0.08300441576290118,10.548830000000002,10.369219,-0.17961117370605706,13.79765,11.153953,-2.6436974014282235,0.10166989999999998,0.03455037,-0.06711953121414183
932,0.10553799999999991,0.112533584,0.006995584237098784,10.14883,10.369219,0.22038882629394507,10.89765,11.153953,0.25630259857177684,0.03566990000000003,0.03455037,-0.0011195312141418778
946,0.022823999999999955,0.030209102,0.007385101736545607,8.532060000000001,7.7811255,-0.7509344544982923,10.913789999999999,9.960898,-0.9528916006469714,0.23265439999999993,0.18265422,-0.050000183114433217
949,0.01682399999999995,0.030209102,0.013385101736545613,6.882059999999999,7.7811255,0.8990655455017098,8.68379,9.960898,1.2771083993530272,0.16165439999999998,0.18265422,0.020999816885566736
950,0.03682399999999997,0.030209102,-0.006614898263454405,7.5720600000000005,7.7811255,0.20906554550170853,9.583789999999999,9.960898,0.37710839935302864,0.1756544,0.18265422,0.006999816885566723
951,0.01682399999999995,0.030209102,0.013385101736545613,6.882059999999999,7.7811255,0.8990655455017098,8.68379,9.960898,1.2771083993530272,0.16165439999999998,0.18265422,0.020999816885566736
952,0.020823999999999954,0.030209102,0.009385101736545609,9.91206,7.7811255,-2.1309344544982913,11.60379,9.960898,-1.6428916006469727,0.2026544,0.18265422,-0.0200001831144333
1145,-0.03778499999999996,0.017006624,0.05479162449002262,7.84835,9.477415,1.6290650848388673,4.317250000000001,6.5951414,2.2778914108276354,-0.03173590000000004,0.001719597,0.033455497028568426
1147,-0.047784999999999966,0.017006624,0.06479162449002263,7.958349999999999,9.477415,1.5190650848388678,4.387250000000002,6.5951414,2.207891410827635,-0.027735899999999925,0.001719597,0.02945549702856831
1148,-0.047784999999999966,0.017006624,0.06479162449002263,7.34835,9.477415,2.1290650848388673,3.827250000000003,6.5951414,2.767891410827634,-0.029735899999999926,0.001719597,0.03145549702856831
1149,-0.047784999999999966,0.017006624,0.06479162449002263,8.11835,9.477415,1.3590650848388677,4.407250000000001,6.5951414,2.1878914108276355,-0.036735900000000044,0.001719597,0.03845549702856843
1150,-0.047784999999999966,0.017006624,0.06479162449002263,7.948349999999998,9.477415,1.5290650848388694,4.0972500000000025,6.5951414,2.497891410827634,-0.04373589999999994,0.001719597,0.045455497028568326
1152,-0.07778499999999999,0.017006624,0.09479162449002265,7.968349999999997,9.477415,1.5090650848388698,3.4072500000000012,6.5951414,3.1878914108276355,-0.04773589999999994,0.001719597,0.04945549702856833
1153,-0.047784999999999966,0.017006624,0.06479162449002263,7.858349999999998,9.477415,1.6190650848388692,4.05725,6.5951414,2.537891410827637,-0.03373589999999993,0.001719597,0.03545549702856832
1166,-0.025123000000000006,0.0014384647,0.026561464736565954,10.868780000000001,10.594937,-0.2738426754760752,8.71107,9.063843,0.3527727734375006,0.07799310000000004,0.082418606,0.004425505685234032
1241,-0.08093600000000001,-0.018821955,0.062114045272827156,6.871929999999999,7.9290566,1.0571266444396983,4.97016,6.2822294,1.3120694235229493,0.04375220000000002,0.09530754,0.05155533642320631
1242,-0.08093600000000001,-0.018821955,0.062114045272827156,6.871929999999999,7.9290566,1.0571266444396983,4.97016,6.2822294,1.3120694235229493,0.04375220000000002,0.09530754,0.05155533642320631
1352,0.011989999999999945,0.04167195,0.029681950370073373,5.66159,10.00667,4.345079998168945,3.0350800000000007,7.454465,4.41938491241455,-0.04651640000000001,0.031005654,0.0775220544840336
1354,-0.07801000000000013,0.04167195,0.11968195037007345,5.041590000000003,10.00667,4.965079998168942,0.07507999999999981,7.454465,7.379384912414551,-0.08451640000000005,0.031005654,0.11552205448403363
1356,-0.07951200000000003,0.0018972608,0.08140926077951494,6.721820000000001,8.997509,2.275689002685546,3.0164399999999993,5.7566476,2.7402075868225104,-0.04269220000000007,-0.00095516094,0.04173703905993409
1360,-0.049512,0.0018972608,0.05140926077951491,11.831820000000004,8.997509,-2.834310997314457,6.716439999999999,5.7566476,-0.9597924131774889,-0.06469219999999987,-0.00095516094,0.06373703905993389
1362,-0.08351200000000003,0.0018972608,0.08540926077951494,6.031820000000003,8.997509,2.9656890026855436,1.0964399999999976,5.7566476,4.660207586822512,-0.07769219999999999,-0.00095516094,0.07673703905993401
1363,-0.08051200000000014,0.0018972608,0.08240926077951505,5.791820000000001,8.997509,3.2056890026855456,1.326439999999998,5.7566476,4.430207586822512,-0.06269219999999998,-0.00095516094,0.061737039059933996
1365,-0.08851200000000015,0.0018972608,0.09040926077951505,6.421820000000004,8.997509,2.575689002685543,1.6164400000000008,5.7566476,4.140207586822509,-0.06669219999999998,-0.00095516094,0.065737039059934
1507,0.012513999999999914,0.028201777,0.015687777487993326,9.17998,8.485989,-0.6939913830566411,6.937480000000001,7.290585,0.3531050410461418,0.013848599999999989,0.043670453,0.029821853131198894
1612,-0.12320760000000008,-0.04710229,0.07610530886302003,6.627849999999999,6.684919,0.0570688804626478,6.314879999999999,6.132551,-0.18232880676269403,0.16362789999999994,0.15770087,-0.005927033539199766
1613,0.025188999999999906,0.004849022,-0.020339978211313392,7.72472,5.1812186,-2.5435013758850094,2.6573899999999995,2.7605658,0.10317575775146537,-0.13557419999999998,-0.014979949,0.120594250778985
1614,-0.019187000000000065,0.006353956,0.02554095618155605,1.9827999999999992,3.0747008,1.0919008323669441,0.860557,2.8517137,1.9911566573791504,-0.01110600000000006,0.10814564,0.11925163930034643
1615,-0.09141730000000003,-0.07299108,0.01842621941785816,3.299900000000001,5.1750145,1.8751144958496084,2.9269100000000012,4.302858,1.3759478758239734,0.09641650000000002,0.0821884,-0.014228102354049699
1616,0.10381299999999993,0.006353956,-0.09745904381844395,2.912799999999999,3.0747008,0.1619008323669444,5.190557,2.8517137,-2.3388433426208497,0.32689400000000013,0.10814564,-0.21874836069965375
1821,0.0823830000000001,0.081449814,-0.0009331858592034337,14.43186,13.046811,-1.3850488961791996,14.66864,13.138346,-1.5302942816162108,0.12868599999999997,0.11287743,-0.01580857146835324
1822,0.07238300000000009,0.081449814,0.009066814140796575,12.731859999999998,13.046811,0.31495110382080327,12.71864,13.138346,0.41970571838378845,0.09768599999999994,0.11287743,0.015191428531646789
2024,0.031665000000000054,0.025512593,-0.006152407132983262,7.300340000000002,7.977908,0.6775681344604472,6.0013000000000005,6.4514,0.45009980316162057,0.01532279999999997,0.025688432,0.010365632157039673
2025,0.031665000000000054,0.025512593,-0.006152407132983262,7.410340000000005,7.977908,0.5675681344604442,5.0113,6.4514,1.4400998031616208,-0.034677199999999964,0.025688432,0.060365632157039606
2026,-0.04833500000000002,0.025512593,0.07384759286701681,7.190340000000003,7.977908,0.7875681344604466,2.7113000000000014,6.4514,3.7400998031616197,-0.0746772,0.025688432,0.10036563215703964
2027,0.18166500000000008,0.025512593,-0.15615240713298328,8.710340000000002,7.977908,-0.732431865539553,8.8613,6.4514,-2.409900196838379,0.01532279999999997,0.025688432,0.010365632157039673
2028,0.05166500000000007,0.025512593,-0.02615240713298328,8.910340000000005,7.977908,-0.9324318655395558,7.2113,6.4514,-0.7599001968383785,0.017322800000000083,0.025688432,0.00836563215703956
2029,0.0776650000000001,0.025512593,-0.0521524071329833,7.110340000000004,7.977908,0.8675681344604449,6.901299999999999,6.4514,-0.449900196838378,0.03532279999999999,0.025688432,-0.009634367842960345
2030,0.0766650000000001,0.025512593,-0.0511524071329833,7.110340000000004,7.977908,0.8675681344604449,6.331300000000001,6.4514,0.1200998031616205,0.007322800000000074,0.025688432,0.01836563215703957
2031,0.04666500000000007,0.025512593,-0.021152407132983275,7.110340000000004,7.977908,0.8675681344604449,4.401299999999999,6.4514,2.050099803161622,-0.06467719999999999,0.025688432,0.09036563215703963
2032,0.2016650000000001,0.025512593,-0.1761524071329833,8.810340000000004,7.977908,-0.8324318655395544,9.7913,6.4514,-3.3399001968383786,0.0503228,0.025688432,-0.02463436784296036
2039,0.9943960000000001,0.66928244,-0.32511356362915045,31.257279999999994,27.398853,-3.8584266979980413,13.1925,13.360826,0.16832553863525312,0.16212749999999998,0.16693273,0.004805231866836568
2078,0.13155400000000006,0.09793377,-0.03362023077392584,25.90036,18.855566,-7.044793975219726,20.512600000000003,14.500001,-6.012599046325686,0.23002840000000002,0.10733689,-0.12269150632228853
2085,-0.0890740000000001,-0.04501187,0.044062129436969855,5.194769999999998,6.356887,1.1621168637084978,10.043779999999998,7.6661882,-2.3775917599487286,0.23568959999999994,0.16261415,-0.07307544816455835
2086,-0.04907400000000006,-0.04501187,0.004062129436969819,5.894769999999998,6.356887,0.46211686370849847,7.473779999999998,7.6661882,0.19240824005127166,0.1626896,0.16261415,-7.544816455840042e-05
2087,-0.019074000000000035,-0.04501187,-0.025937870563030208,7.694769999999998,6.356887,-1.3378831362915022,9.503779999999999,7.6661882,-1.8375917599487295,0.1876896,0.16261415,-0.025075448164558423
2099,-0.04815400000000003,0.05547331,0.10362730901026729,4.81475,8.343496,3.528746322631836,4.805869999999999,8.7507105,3.944840487365724,0.07766270000000008,0.113569036,0.035906336126136695
2115,-0.07377500000000015,0.007789297,0.08156429702937618,9.246040000000004,11.31314,2.0670999154663043,8.62153,11.324834,2.703303869934082,0.09850879999999995,0.10828953,0.009780732363414812
2699,0.20542700000000003,0.16061535,-0.04481164522361758,17.65475,14.85991,-2.794839988708496,18.11934,16.264364,-1.8549757574462902,0.08701829999999988,0.14401953,0.057001229223442196
2757,-0.03398239999999997,-0.015198696,0.018783703595304457,10.1113,10.3487625,0.2374625122070313,7.798629999999999,7.512673,-0.28595709884643483,0.026508100000000034,0.06299421,0.03648611191215512
2837,-0.009128000000000025,0.030894093,0.04002209321546557,7.0259300000000025,8.612539,1.5866092913818335,5.4815000000000005,7.0931625,1.6116625366210933,0.025827899999999904,0.056411847,0.030583947472190953
2844,0.20542700000000003,0.16061535,-0.04481164522361758,18.69475,14.85991,-3.834839988708495,18.849339999999998,16.264364,-2.584975757446287,0.0990183,0.14401953,0.045001229223442074
2874,-8.900000000000574e-05,0.03920755,0.03929655162835122,7.625859999999999,8.957496,1.3316356893920904,5.19356,8.662665,3.469105367126465,-0.01323350000000001,0.09985808,0.11309158283090592
2875,0.06991100000000006,0.03920755,-0.030703448371648845,7.835859999999997,8.957496,1.1216356893920931,9.743559999999999,8.662665,-1.0808946328735338,0.18676649999999995,0.09985808,-0.08690841716909403
2876,0.08991099999999996,0.03920755,-0.05070344837164875,9.85586,8.957496,-0.89836431060791,12.00356,8.662665,-3.3408946328735354,0.2367665,0.09985808,-0.13690841716909408
2877,-0.057613000000000136,0.027552787,0.08516578721451773,6.955680000000001,9.757338,2.8016575701904287,2.9451500000000017,7.4852333,4.540083306884764,-0.04854400000000003,0.040128075,0.08867207458639148
2900,0.03198999999999996,0.0046755592,-0.02731444076612588,7.4415900000000015,8.114354,0.6727641336059555,6.205080000000001,6.38797,0.1828899707031244,0.021483599999999936,0.03060839,0.00912478952660567
2901,-0.04801000000000011,0.0046755592,0.05268555923387419,7.0615900000000025,8.114354,1.0527641336059546,3.9550800000000024,6.38797,2.4328899707031226,-0.014516399999999985,0.03060839,0.04512478952660559
3218,0.012386999999999926,0.02760723,0.01522023046958454,9.58568,8.911849,-0.6738309780883789,6.12515,7.2115564,1.086406434631348,-0.041544000000000025,0.04094392,0.08248792061233523
3384,-0.007613000000000092,0.02760723,0.03522023046958456,9.075680000000002,8.911849,-0.16383097808838087,6.92515,7.2115564,0.2864064346313473,0.03145599999999993,0.04094392,0.009487920612335277
3385,-0.007613000000000092,0.02760723,0.03522023046958456,6.74568,8.911849,2.166169021911621,5.50515,7.2115564,1.7064064346313472,0.04145599999999994,0.04094392,-0.0005120793876647323
3415,0.002386999999999917,0.02760723,0.025220230469584548,7.2256800000000005,8.911849,1.6861690219116205,10.00515,7.2115564,-2.7935935653686528,0.221456,0.04094392,-0.18051207938766478
3499,-0.022612999999999994,0.027552787,0.05016578721451759,8.705680000000001,9.757338,1.0516575701904287,6.10515,7.4852333,1.3800833068847655,0.014455999999999913,0.040128075,0.025672074586391536
3503,0.055593399999999904,0.083560124,0.02796672403965006,10.060030000000001,9.655588,-0.4044418499755871,8.46496,8.959702,0.4947415380859379,0.033296800000000015,0.07897608,0.045679279821586594
3504,0.06326029999999994,0.100456625,0.037196325223159854,10.113310000000002,9.44488,-0.6684304681396505,8.83856,9.043535,0.204975232543946,0.0494325000000001,0.11189852,0.062466019098758596
3505,0.11307089999999997,0.10218177,-0.010889130092525456,7.685870000000001,7.345767,-0.3401029788208021,8.282560000000002,8.402079,0.11951862854003714,0.07635189999999992,0.07830662,0.001954722803211295
3506,0.1269038,0.09434336,-0.032560443211841594,6.469799999999999,8.79036,2.3205604507446296,9.61413,8.380459,-1.23367116821289,0.1857726999999999,0.11789151,-0.06788118718881597
3552,-0.071075,0.011610484,0.08268548375070095,3.4377199999999988,6.444113,3.006392777709962,4.935819999999998,7.4160843,2.4802642895507834,0.14329009999999998,0.12641504,-0.016875055930709815
3553,-0.10107500000000003,0.011610484,0.11268548375070098,2.887719999999998,6.444113,3.556392777709963,2.9458199999999977,7.4160843,4.470264289550784,0.09829009999999994,0.12641504,0.028124944069290225
3554,-0.11107500000000003,0.011610484,0.12268548375070099,3.257719999999999,6.444113,3.186392777709962,3.9958199999999984,7.4160843,3.420264289550783,0.13129009999999997,0.12641504,-0.004875055930709804
3568,-0.07761300000000015,0.02760723,0.10522023046958462,8.63568,8.911849,0.2761690219116204,4.60515,7.2115564,2.6064064346313476,-0.018544000000000005,0.04094392,0.05948792061233521
3655,0.14238699999999993,0.027552787,-0.11483421278548234,11.075680000000002,9.757338,-1.3183424298095723,11.82515,7.4852333,-4.339916693115235,0.14445599999999992,0.040128075,-0.10432792541360847
3697,0.04356000000000004,0.067738324,0.024178324403762774,9.923950000000001,10.007165,0.08321495513915877,13.021430000000002,10.63959,-2.381839736633303,0.2727328,0.16537417,-0.10735862528591156
3698,0.06256000000000006,0.067738324,0.005178324403762757,7.32395,10.007165,2.68321495513916,10.021430000000002,10.63959,0.6181602633666969,0.1657328,0.16537417,-0.0003586252859115735
3699,0.04156000000000004,0.067738324,0.026178324403762776,8.223950000000002,10.007165,1.783214955139158,9.521430000000002,10.63959,1.118160263366697,0.1377328,0.16537417,0.02764137471408845
3700,0.06056000000000006,0.067738324,0.007178324403762759,10.52395,10.007165,-0.5167850448608391,12.221430000000002,10.63959,-1.5818397366333024,0.22373279999999995,0.16537417,-0.058358625285911514
3701,0.04856000000000005,0.067738324,0.01917832440376277,8.423950000000001,10.007165,1.5832149551391588,8.021430000000002,10.63959,2.618160263366697,0.1417328,0.16537417,0.023641374714088448
3709,-0.06148600000000015,-0.007434054,0.05405194618782416,8.263110000000001,6.8971596,-1.3659504235839854,9.182830000000001,6.583342,-2.5994879246521005,0.18898579999999998,0.09997589,-0.08900990858869551
3789,-0.047784999999999966,0.016781354,0.06456635432302948,4.338349999999998,8.743536,4.4051859954834,1.707250000000002,6.4211245,4.713874458312986,-0.07773589999999997,0.017523974,0.09525987418022153
3822,0.12687400000000004,0.14049336,0.013619363142013508,13.205739999999999,13.340813,0.13507268310547005,11.694909999999998,12.460178,0.7652683752441423,0.06629810000000003,0.08312177,0.016823669130229923
3823,0.21777599999999997,0.15933748,-0.05843852410411832,13.50573,13.377854,-0.12787565277099588,13.27467,12.616969,-0.6577008914184574,0.10399120000000006,0.08403121,-0.019959990650367798
3824,0.23875599999999997,0.18382962,-0.054926379519462554,14.405720000000004,13.580143,-0.8255770251464885,13.698649999999997,12.020283,-1.678367254638669,0.09943730000000006,0.08077788,-0.018659416470336976
3825,0.26937999999999995,0.16677691,-0.10260308957576747,14.555710000000001,13.24984,-1.3058702172851575,13.9799,12.615972,-1.3639284347534186,0.0853756,0.09200897,0.006633370677852635
3826,0.260035,0.1322962,-0.12773879543304445,14.725700000000002,12.578719,-2.1469808609008805,14.618500000000001,12.477883,-2.1406166610717783,0.14720520000000004,0.12191926,-0.02528594057102207
3827,0.3823869999999999,0.030291053,-0.35209594746482364,19.805680000000002,9.6605215,-10.145158492736819,17.21515,7.844547,-9.370603205108644,0.13345600000000002,0.05007824,-0.08337776070809366
3903,-0.04657800000000001,0.008947565,0.05552556522029639,8.36578,9.771506,1.4057263095092765,6.605729999999999,7.9858828,1.3801527590942388,0.05507470000000003,0.045269903,-0.009804797204446825
3953,-0.08910499999999999,-0.037228957,0.05187604318141936,4.127230000000001,5.502288,1.3750578646850578,2.9410600000000002,6.223494,3.2824340528869627,0.053047100000000014,0.10778049,0.054733386345291124
3955,-0.019104999999999928,-0.037228957,-0.0181239568185807,5.227229999999999,5.502288,0.2750578646850599,15.251060000000003,6.223494,-9.02756594711304,0.5230471,0.10778049,-0.41526661365470885
4012,0.003422000000000036,-0.025773473,-0.029195473083972967,8.035780000000003,8.438905,0.4031247622680638,8.10573,7.4290533,-0.6766766934204096,0.10707470000000008,0.04617223,-0.06090246856422432
4028,0.05238699999999996,0.050474685,-0.0019123153145312877,8.105680000000003,9.024521,0.9188408740234344,6.00515,7.3312144,1.3260644279479976,-0.028544000000000014,0.0140208565,0.04256485646986963
4076,0.16574499999999992,0.06518035,-0.10056465363025657,8.708979999999997,9.835194,1.1262136340332063,10.226890000000001,7.2634687,-2.9634212576293955,0.14256879999999994,0.053746972,-0.08882182776694292
4101,-0.007613000000000092,0.030291053,0.03790405253517637,5.4756800000000005,9.6605215,4.184841507263183,6.03515,7.844547,1.8093967948913576,0.09445599999999998,0.05007824,-0.04437776070809363
4102,-0.057613000000000136,0.030291053,0.08790405253517641,4.625680000000003,9.6605215,5.034841507263181,3.235150000000001,7.844547,4.609396794891357,0.03545600000000004,0.05007824,0.014622239291906314
4172,-0.07761300000000015,0.030291053,0.10790405253517643,5.805680000000002,9.6605215,3.854841507263181,4.70515,7.844547,3.1393967948913577,0.07145599999999996,0.05007824,-0.021377760708093607
4174,-0.0176130000000001,0.030291053,0.04790405253517638,7.605680000000003,9.6605215,2.0548415072631805,8.805150000000001,7.844547,-0.9606032051086437,0.16345599999999993,0.05007824,-0.11337776070809358
4200,-0.08910499999999999,-0.056978814,0.03212618569612502,9.36723,8.754425,-0.6128049511718743,9.181060000000002,7.1890798,-1.9919802384948753,0.1630471,0.1257914,-0.03725569932899475
4237,0.05238699999999996,0.02760723,-0.024779769530415496,9.29568,8.911849,-0.38383097808837974,9.225150000000001,7.2115564,-2.0135935653686534,0.10145599999999999,0.04094392,-0.060512079387664786
4239,0.2423869999999999,0.02760723,-0.21477976953041544,15.365680000000001,8.911849,-6.45383097808838,16.04515,7.2115564,-8.833593565368652,0.271456,0.04094392,-0.23051207938766477
4300,0.08238699999999999,0.02760723,-0.05477976953041552,11.125680000000003,8.911849,-2.2138309780883816,9.24515,7.2115564,-2.033593565368653,0.02145599999999992,0.04094392,0.019487920612335285
4301,0.05181100000000005,0.05645815,0.004647149105310389,10.29099,9.096451,-1.1945391943359382,7.8813200000000005,7.478028,-0.40329217941284234,-0.003105399999999925,0.027796222,0.03090162189700596
4302,0.03376000000000001,0.06173911,0.027979109456539142,16.820030000000003,13.024627,-3.795403268127444,12.043650000000001,9.642303,-2.4013465332031263,-0.013672399999999918,0.027538145,0.04121054496099941
4303,0.02191199999999993,0.011756402,-0.010155597559630802,7.332460000000001,7.6213694,0.2889093618774403,5.6569,6.2380934,0.5811933761596677,0.0072030000000000705,0.027668294,0.020465293565511633
4304,0.04074400000000011,0.055592686,0.014848685937881356,7.22297,7.6213694,0.3983993618774413,5.793099999999999,6.599416,0.8063157791137705,0.0024186000000000485,0.031496726,0.029078125976467084
4305,0.11630800000000008,0.068669826,-0.047638174207687456,12.079360000000001,8.988076,-3.0912837899780286,10.468879999999999,7.5631795,-2.905700507049559,0.037999499999999964,0.041517116,0.003517616129398382
4306,0.1023869999999999,0.02760723,-0.07477976953041543,12.785680000000003,8.911849,-3.8738309780883817,10.62515,7.2115564,-3.413593565368652,0.03145599999999993,0.04094392,0.009487920612335277
4307,0.07181100000000007,0.05645815,-0.01535285089468963,11.090990000000001,9.096451,-1.994539194335939,8.781320000000001,7.478028,-1.3032921794128427,0.0368946,0.027796222,-0.009098378102993965
4310,0.08574400000000004,0.055592686,-0.030151314062118573,7.7029700000000005,7.6213694,-0.08160063812255913,7.363099999999999,6.599416,-0.7636842208862298,0.05241859999999998,0.031496726,-0.02092187402353285
4311,-0.047784999999999966,0.02400984,0.07179484056293961,6.738349999999997,7.8547826,1.1164325813293487,4.30725,6.5467606,2.2395105590820314,0.02226410000000001,0.042394012,0.020129912212753287
4376,0.15238699999999994,0.030291053,-0.12209594746482366,12.285680000000003,9.6605215,-2.6251584927368192,13.86515,7.844547,-6.020603205108642,0.23145599999999994,0.05007824,-0.18137776070809358
4377,0.06238699999999997,0.030291053,-0.03209594746482369,10.955680000000001,9.6605215,-1.2951584927368174,8.50515,7.844547,-0.660603205108643,0.0014560000000000128,0.05007824,0.048622239291906344
4378,0.1023869999999999,0.030291053,-0.07209594746482362,11.355680000000003,9.6605215,-1.6951584927368195,9.91515,7.844547,-2.070603205108643,0.04145599999999994,0.05007824,0.00862223929190642
4380,0.06181900000000007,0.0734875,0.011668497866153649,8.358890000000002,9.118794,0.7599044412231422,10.89359,8.7913685,-2.1022215155029293,0.21441880000000002,0.10152541,-0.11289338899021151
4381,0.011819000000000024,0.0734875,0.06166849786615369,8.158890000000003,9.118794,0.9599044412231414,8.493590000000001,8.7913685,0.29777848449706923,0.12441880000000005,0.10152541,-0.02289338899021154
4382,0.04181900000000005,0.0734875,0.031668497866153666,7.7588900000000045,9.118794,1.35990444122314,8.09359,8.7913685,0.6977784844970696,0.10441880000000003,0.10152541,-0.0028933889902115206
4384,0.03181900000000004,0.0734875,0.041668497866153675,6.658890000000003,9.118794,2.4599044412231414,6.19359,8.7913685,2.59777848449707,0.05441879999999999,0.10152541,0.047106611009788524
4490,0.17257899999999993,0.11830985,-0.05426915198945992,5.286369999999998,7.946602,2.6602318676757832,6.121339999999998,7.102111,0.9807708627319354,0.02713410000000005,0.015967034,-0.011167066196537068
4513,0.08238699999999999,0.027552787,-0.054834212785482395,14.005680000000002,9.757338,-4.248342429809572,14.465150000000001,7.4852333,-6.979916693115236,0.26145599999999997,0.040128075,-0.22132792541360852
4586,-0.02746599999999999,0.022789866,0.050255865732192984,8.646149999999999,9.421823,0.775672547912599,6.688349999999998,7.116186,0.4278361419677754,0.06081619999999999,0.012943225,-0.047872975018572794
4587,-0.06746600000000003,0.022789866,0.09025586573219302,6.446149999999999,9.421823,2.9756725479125983,3.7883499999999977,7.116186,3.3278361419677758,0.02081619999999995,0.012943225,-0.007872975018572759
4813,-0.05746600000000002,0.022789866,0.08025586573219301,6.436149999999998,9.421823,2.9856725479126,3.1283499999999975,7.116186,3.987836141967776,-0.021183800000000086,0.012943225,0.03412702498142728
4914,-0.10148600000000019,-0.007434054,0.0940519461878242,2.14311,6.8971596,4.7540495764160156,0.5528300000000002,6.583342,6.0305120753479,0.02698579999999995,0.09997589,0.07299009141130453
4915,-0.131486,-0.007434054,0.124051946187824,1.4631100000000004,6.8971596,5.434049576416015,-1.2271699999999974,6.583342,7.810512075347898,0.0029858000000000384,0.09997589,0.09699009141130444
5029,0.10914599999999985,0.09718705,-0.011958950313091132,10.6694,12.213445,1.5440447097778325,13.840419999999998,15.748887,1.9084670620727557,0.1722325,0.25873387,0.08650136859893798
5037,0.09914599999999985,0.09718705,-0.0019589503130911234,11.049399999999999,12.213445,1.1640447097778335,13.520419999999998,15.748887,2.228467062072756,0.14223249999999998,0.25873387,0.116501368598938
5041,0.09914599999999985,0.09718705,-0.0019589503130911234,11.4494,12.213445,0.7640447097778313,13.800419999999999,15.748887,1.9484670620727549,0.1522325,0.25873387,0.106501368598938
5045,0.10914599999999985,0.09718705,-0.011958950313091132,12.0594,12.213445,0.1540447097778319,15.240419999999999,15.748887,0.5084670620727554,0.20223250000000004,0.25873387,0.05650136859893795
5049,0.12914599999999987,0.09718705,-0.03195895031309115,12.139399999999998,12.213445,0.07404470977783362,18.19042,15.748887,-2.4415329379272457,0.3622325,0.25873387,-0.10349863140106202
5053,0.1491459999999999,0.09718705,-0.05195895031309117,18.449399999999997,12.213445,-6.235955290222165,22.94042,15.748887,-7.191532937927246,0.5522325,0.25873387,-0.293498631401062
5351,0.09038699999999988,0.036923684,-0.05346331582021702,11.90568,9.3151865,-2.590493499450684,10.305150000000001,7.6733646,-2.6317853607177746,0.051455999999999946,0.03454199,-0.016914009392023033
5560,-0.03778499999999996,0.017006624,0.05479162449002262,7.1183499999999995,9.477415,2.3590650848388677,3.337250000000001,6.5951414,3.257891410827636,-0.04873589999999994,0.001719597,0.05045549702856833
5676,0.9728413,0.58510697,-0.3877343311203003,23.72903,17.696918,-6.0321115124511735,3.978679999999999,6.626482,2.6478020098876964,0.03912840000000006,0.06520019,0.026071787265872892
5682,0.030245000000000077,0.042809285,0.012564285223483962,3.5702,8.549222,4.979021992492676,7.330859999999998,9.116471,1.7856112905883812,0.20142719999999992,0.1343511,-0.06707609550209037
5683,0.050245000000000095,0.042809285,-0.007435714776516056,7.670200000000001,8.549222,0.8790219924926745,7.730859999999998,9.116471,1.3856112905883808,0.07142720000000002,0.1343511,0.06292390449790952
5686,0.050245000000000095,0.042809285,-0.007435714776516056,7.3702000000000005,8.549222,1.1790219924926753,9.330859999999998,9.116471,-0.2143887094116188,0.1714272,0.1343511,-0.037076095502090456
5760,0.09701499999999996,0.093725234,-0.003289765729904137,6.271419999999999,11.9299555,5.658535482482911,8.98863,13.453052,4.464421567077636,0.09765030000000008,0.13239892,0.03474861827106468
5848,0.09221500000000005,0.05461622,-0.03759877970457082,19.43835,16.199879,-3.2384713073730467,15.407250000000001,13.421307,-1.9859433898925793,0.1222641000000001,0.048031367,-0.07423273263845453
5849,0.09221500000000005,0.05461622,-0.03759877970457082,17.43835,16.199879,-1.2384713073730467,13.807250000000002,13.421307,-0.3859433898925797,0.062264100000000044,0.048031367,-0.014232732638454482
5850,0.032215000000000105,0.05461622,0.022401220295429125,12.338349999999998,16.199879,3.8615286926269548,9.50725,13.421307,3.914056610107421,0.02226410000000001,0.048031367,0.025767267361545554
5852,0.07221500000000014,0.05461622,-0.01759877970457091,16.238349999999997,16.199879,-0.03847130737304383,13.307250000000002,13.421307,0.1140566101074203,-0.05773589999999995,0.048031367,0.10576726736154551
5854,0.05221500000000012,0.05461622,0.0024012202954291073,15.538349999999998,16.199879,0.6615286926269555,17.507250000000003,13.421307,-4.085943389892581,-0.14773589999999992,0.048031367,0.19576726736154548
5862,-0.03778499999999996,0.05461622,0.09240122029542919,24.81835,16.199879,-8.618471307373046,17.297250000000002,13.421307,-3.87594338989258,-0.03773589999999993,0.048031367,0.0857672673615455
5934,0.03198999999999996,0.04167195,0.009681950370073356,6.221590000000003,10.00667,3.7850799981689427,5.07508,7.454465,2.379384912414551,0.007483600000000035,0.031005654,0.02352205448403355
6211,-0.023965000000000014,0.050853595,0.07481859513759614,7.505700000000001,13.449912,5.944212071228026,4.698500000000001,9.763037,5.064536727905272,-0.013794799999999996,0.07385321,0.08764800961475372
6522,0.4982519999999999,0.18954813,-0.30870386519622794,10.35528,9.4154625,-0.9398175061035161,17.42244,13.183071,-4.239368863525392,0.3693009,0.23461959,-0.13468131234016417
6523,0.14825199999999994,0.18954813,0.04129613480377203,10.25528,9.4154625,-0.8398175061035165,14.122440000000001,13.183071,-0.9393688635253916,0.34930089999999997,0.23461959,-0.11468131234016415
6524,0.40825199999999995,0.18954813,-0.21870386519622798,10.55528,9.4154625,-1.1398175061035154,13.622440000000001,13.183071,-0.4393688635253916,0.27930089999999996,0.23461959,-0.04468131234016415
6526,0.15825199999999995,0.18954813,0.031296134803772024,10.05528,9.4154625,-0.6398175061035154,13.122440000000001,13.183071,0.06063113647460838,0.25930089999999995,0.23461959,-0.02468131234016413
6527,0.2282519999999999,0.18954813,-0.03870386519622793,10.25528,9.4154625,-0.8398175061035165,14.422440000000002,13.183071,-1.2393688635253923,0.22930089999999992,0.23461959,0.005318687659835897
6529,-0.02074799999999999,0.18954813,0.21029613480377196,9.75528,9.4154625,-0.33981750610351646,9.022440000000001,13.183071,4.160631136474608,0.09930089999999991,0.23461959,0.1353186876598359
6530,-0.0027479999999999727,0.18954813,0.19229613480377195,9.995280000000001,9.4154625,-0.5798175061035167,14.622440000000001,13.183071,-1.4393688635253916,0.13630089999999995,0.23461959,0.09831868765983587
6752,0.4248790000000001,0.1509581,-0.2739208940782548,14.211459999999999,14.217644,0.006183737792969879,18.91837,16.114355,-2.804014912719726,0.24892409999999998,0.29079106,0.041866964500808734
6753,0.20487900000000014,0.1509581,-0.053920894078254844,9.211459999999999,14.217644,5.00618373779297,16.91837,16.114355,-0.804014912719726,0.37892410000000004,0.29079106,-0.08813303549919133
6755,-0.02512099999999995,0.1509581,0.17607910592174525,12.211459999999999,14.217644,2.00618373779297,14.71837,16.114355,1.3959850872802733,0.2789241,0.29079106,0.011866964500808708
6756,0.24487900000000007,0.1509581,-0.09392089407825477,29.21146,14.217644,-14.99381626220703,23.91837,16.114355,-7.804014912719726,0.5789241,0.29079106,-0.28813303549919134
6757,0.4348790000000001,0.1509581,-0.2839208940782548,17.21146,14.217644,-2.99381626220703,20.71837,16.114355,-4.604014912719727,0.31892410000000004,0.29079106,-0.028133035499191328
6758,0.1548790000000001,0.1509581,-0.0039208940782548,16.71146,14.217644,-2.49381626220703,18.21837,16.114355,-2.1040149127197267,0.2989241,0.29079106,-0.00813303549919131
6760,0.024879000000000095,0.1509581,0.1260791059217452,11.711459999999999,14.217644,2.50618373779297,13.41837,16.114355,2.695985087280274,0.21892410000000007,0.29079106,0.07186696450080865
6762,0.05487900000000012,0.1509581,0.09607910592174518,12.31146,14.217644,1.9061837377929685,11.21837,16.114355,4.895985087280273,0.10392410000000007,0.29079106,0.18686696450080864
6891,-0.0752130000000002,-0.056519363,0.01869363692450543,8.432690000000001,17.427078,8.994388247070312,8.211599999999997,8.673177,0.4615767654418974,0.11239939999999993,0.111501455,-0.0008979446929930912
6892,-0.06521300000000019,-0.056519363,0.008693636924505421,28.762690000000003,17.427078,-11.33561175292969,9.851599999999998,8.673177,-1.1784232345581032,0.14139940000000006,0.111501455,-0.029897944692993228
6919,0.09238699999999989,0.027552787,-0.06483421278548229,8.40568,9.757338,1.3516575701904294,7.805150000000001,7.4852333,-0.3199166931152355,0.027455999999999925,0.040128075,0.012672074586391524
6920,0.1123869999999999,0.027552787,-0.08483421278548231,6.705680000000001,9.757338,3.0516575701904287,6.50515,7.4852333,0.9800833068847652,0.0034560000000000146,0.040128075,0.036672074586391434
6921,0.12238699999999991,0.027552787,-0.09483421278548232,10.505680000000002,9.757338,-0.748342429809572,9.40515,7.4852333,-1.9199166931152352,0.024455999999999922,0.040128075,0.015672074586391527
7018,0.198005,0.04289089,-0.15511410856723784,11.089310000000001,7.7998366,-3.2894733644104015,11.917390000000001,7.2710505,-4.646339546813966,0.14189190000000007,0.11244829,-0.02944361000957496
7019,0.15400499999999984,0.04289089,-0.11111410856723769,8.869309999999999,7.7998366,-1.069473364410399,11.217390000000002,7.2710505,-3.9463395468139666,0.1988919,0.11244829,-0.0864436100095749
7022,0.010005000000000042,0.04289089,0.032885891432762104,2.139310000000002,7.7998366,5.660526635589598,4.607390000000002,7.2710505,2.663660453186033,0.12489190000000006,0.11244829,-0.012443610009574946
7023,0.004005000000000036,0.04289089,0.03888589143276211,2.1193099999999987,7.7998366,5.680526635589601,2.0973900000000008,7.2710505,5.173660453186034,0.01789190000000007,0.11244829,0.09455638999042504
7024,0.04500499999999996,0.04289089,-0.0021141085672378157,3.05931,7.7998366,4.7405266355896,4.307390000000002,7.2710505,2.9636604531860335,0.0608919,0.11244829,0.05155638999042511
7135,0.052458000000000005,0.117685325,0.06522732544374465,19.98927,20.56374,0.5744697766113269,18.55426,18.372818,-0.1814420068359368,0.1795405,0.16969262,-0.009847879364967338
7137,0.25945799999999997,0.117685325,-0.1417726745562553,25.98927,20.56374,-5.425530223388673,22.65426,18.372818,-4.281442006835938,0.21954050000000003,0.16969262,-0.049847879364967373
7145,-0.02778499999999995,0.10223512,0.13002012351512904,6.808349999999997,16.056118,9.247768011474612,4.14725,11.238139,7.090889152526856,-0.01073589999999991,0.1447038,0.15543970544662467
7146,0.042215000000000114,0.10223512,0.060020123515128976,7.698349999999998,16.056118,8.357768011474612,7.7272500000000015,11.238139,3.510889152526854,0.07726410000000006,0.1447038,0.0674397054466247
7147,0.07221500000000014,0.10223512,0.03002012351512895,9.628349999999998,16.056118,6.427768011474612,11.417250000000001,11.238139,-0.17911084747314554,0.20026410000000006,0.1447038,-0.0555602945533753
7148,0.11221500000000006,0.10223512,-0.009979876484870975,21.06835,16.056118,-5.012231988525389,17.457250000000002,11.238139,-6.2191108474731465,0.27426410000000007,0.1447038,-0.1295602945533753
7149,0.1522150000000001,0.10223512,-0.04997987648487101,28.43835,16.056118,-12.38223198852539,20.277250000000002,11.238139,-9.039110847473147,0.32526410000000006,0.1447038,-0.1805602945533753
7150,0.33221500000000015,0.10223512,-0.22997987648487106,28.668349999999997,16.056118,-12.612231988525387,20.367250000000002,11.238139,-9.129110847473147,0.38726410000000006,0.1447038,-0.2425602945533753
7203,0.09221500000000005,0.021131916,-0.07108308402836327,17.83835,10.731909,-7.106441201782225,15.10725,8.625864,-6.4813859710693364,0.19226410000000005,0.0500638,-0.14220029993329053
7204,0.08421500000000015,0.021131916,-0.06308308402836338,17.038349999999998,10.731909,-6.306441201782224,13.407250000000001,8.625864,-4.781385971069337,0.062264100000000044,0.0500638,-0.012200299933290526
7226,-0.07351200000000002,-0.0042217164,0.06929028356996181,5.481820000000003,8.281355,2.799534904174802,1.40644,5.231694,3.825254221496582,-0.05369219999999997,0.009686348,0.06337854802848097
7227,-0.08951200000000004,-0.0042217164,0.08529028356996182,5.031820000000003,8.281355,3.2495349041748014,0.3064399999999985,5.231694,4.9252542214965835,-0.07169219999999998,0.009686348,0.08137854802848099
7480,0.09468699999999985,0.06771855,-0.026968449437141273,23.459100000000003,20.725597,-2.733502618408206,20.52853,17.590176,-2.9383543713378906,0.3218311,0.25786337,-0.06396772743568419
7481,0.07468699999999995,0.06771855,-0.006968449437141366,25.1691,20.725597,-4.443502618408203,21.25853,17.590176,-3.668354371337891,0.3348311,0.25786337,-0.0769677274356842
7482,0.06730300000000011,-0.022827713,-0.09013071281898033,20.00581,11.280417,-8.725392557678223,19.58326,9.79238,-9.790879667053222,0.2944346,0.08367752,-0.2107570771618843
7483,-0.032696999999999976,-0.022827713,0.009869287181019759,12.905810000000002,11.280417,-1.625392557678225,10.08326,9.79238,-0.2908796670532219,0.014434599999999964,0.08367752,0.06924292283811573
7484,-0.012696999999999958,-0.022827713,-0.010130712818980259,10.20581,11.280417,1.0746074423217777,9.683259999999999,9.79238,0.10912033294677848,0.08443460000000003,0.08367752,-0.0007570771618843342
7487,-0.042696999999999985,-0.022827713,0.019869287181019768,11.20581,11.280417,0.07460744232177774,9.183259999999999,9.79238,0.6091203329467785,0.04443459999999999,0.08367752,0.0392429228381157
7489,-0.0026969999999999494,-0.022827713,-0.020130712818980268,9.805810000000001,11.280417,1.4746074423217763,8.18326,9.79238,1.6091203329467767,0.024434599999999973,0.08367752,0.05924292283811572
7490,-0.032696999999999976,-0.022827713,0.009869287181019759,8.605810000000002,11.280417,2.6746074423217756,7.083259999999999,9.79238,2.709120332946778,0.03443459999999998,0.08367752,0.04924292283811571
7498,0.074847,0.05809094,-0.016756059882164,5.09113,6.9762263,1.885096329803467,6.153739999999999,6.4035864,0.24984638763427824,0.06595679999999993,0.03788515,-0.028071648196506427
7548,0.10630499999999998,0.10729536,0.0009903566908836536,10.098029999999998,11.97519,1.8771601626586936,12.352540000000001,14.01294,1.6604004067993152,0.11033899999999996,0.13056032,0.020221323596000707
7550,0.136305,0.10729536,-0.029009643309116373,10.438029999999998,11.97519,1.5371601626586937,12.64254,14.01294,1.370400406799316,0.09033900000000006,0.13056032,0.04022132359600061
7552,0.06630500000000006,0.10729536,0.04099035669088358,13.968029999999999,11.97519,-1.9928398373413074,15.34254,14.01294,-1.3295995932006832,0.17033900000000002,0.13056032,-0.03977867640399935
7644,0.37889000000000006,0.24266638,-0.13622362138271338,10.965449999999999,11.016019,0.05056886749267697,15.82344,13.996882,-1.8265575613403318,0.30043050000000004,0.2272918,-0.07313870736885075
7645,0.29489,0.24266638,-0.0522236213827133,14.565449999999998,11.016019,-3.5494311325073227,15.77344,13.996882,-1.7765575613403328,0.21243049999999997,0.2272918,0.014861292631149325
7762,-0.03761300000000012,0.02760723,0.06522023046958458,7.435680000000001,8.911849,1.4761690219116197,3.8851499999999994,7.2115564,3.326406434631348,-0.03254400000000013,0.04094392,0.07348792061233533
7763,-0.02761300000000011,0.02760723,0.055220230469584575,8.035680000000003,8.911849,0.8761690219116183,3.895150000000001,7.2115564,3.3164064346313467,-0.06154400000000004,0.04094392,0.10248792061233525
7764,-0.03761300000000012,0.02760723,0.06522023046958458,7.985680000000002,8.911849,0.926169021911619,3.815149999999999,7.2115564,3.3964064346313485,-0.06654400000000005,0.04094392,0.10748792061233525
7766,-0.02761300000000011,0.02760723,0.055220230469584575,11.125680000000003,8.911849,-2.2138309780883816,8.11515,7.2115564,-0.9035935653686522,0.04145599999999994,0.04094392,-0.0005120793876647323
7767,-0.02761300000000011,0.02760723,0.055220230469584575,17.95568,8.911849,-9.04383097808838,13.195150000000002,7.2115564,-5.983593565368654,0.07145599999999996,0.04094392,-0.03051207938766476
7768,-0.04761300000000013,0.02760723,0.07522023046958459,5.3456800000000015,8.911849,3.5661690219116196,1.265150000000002,7.2115564,5.946406434631346,-0.08454399999999995,0.04094392,0.12548792061233516
7946,-0.09579500000000007,-0.035064887,0.06073011274456985,3.6104699999999994,5.1001945,1.4897244541931158,1.0476099999999988,3.9517736,2.9041636434936535,0.0007224000000000119,0.0653245,0.06460210020313262
8023,0.04838699999999996,0.02760723,-0.020779769530415493,5.99568,8.911849,2.916169021911621,7.78515,7.2115564,-0.5735935653686521,0.1314559999999999,0.04094392,-0.0905120793876647
8032,0.00044200000000005346,0.031099904,0.030657904328584618,7.178659999999997,8.709302,1.5306419485473661,7.678690000000001,10.653857,2.9751672311401354,0.0050736000000000114,0.060630273,0.055556673073911655
8034,0.04044200000000009,0.031099904,-0.009342095671415418,9.298659999999998,8.709302,-0.5893580514526349,12.72869,10.653857,-2.0748327688598636,0.10007359999999998,0.060630273,-0.03944332692608832
8057,0.0542450000000001,0.046732098,-0.007512902135849098,4.586269999999999,8.1723585,3.586088512878419,7.649840000000001,9.015077,1.3652366372680653,0.16017380000000003,0.14607687,-0.014096927055168185
8058,0.012959000000000165,0.054160405,0.04120140495038016,10.168589999999998,10.626057,0.4574666711425799,9.86852,11.713439,1.8449189877319334,0.06296540000000006,0.15134028,0.08837487600288385
8086,-0.030613,0.050474685,0.08108768468546868,6.105680000000003,9.024521,2.9188408740234344,2.305150000000001,7.3312144,5.026064427947997,-0.06354400000000004,0.0140208565,0.07756485646986966
8087,-0.014612999999999987,0.050474685,0.06508768468546866,6.705680000000001,9.024521,2.3188408740234365,3.605150000000002,7.3312144,3.726064427947996,-0.03554400000000002,0.0140208565,0.049564856469869634
8088,-0.023613000000000106,0.050474685,0.07408768468546878,6.105680000000003,9.024521,2.9188408740234344,2.905149999999999,7.3312144,4.426064427947999,-0.04354400000000003,0.0140208565,0.05756485646986964
8167,0.2214879999999999,0.114463,-0.10702499851036062,8.641820000000003,9.565397,0.9235772625732395,11.51644,9.305899,-2.2105413336181634,0.10030780000000006,0.04917824,-0.05112956104187971
8168,0.3414879999999999,0.114463,-0.22702499851036062,9.041820000000001,9.565397,0.5235772625732409,13.01644,9.305899,-3.7105413336181634,0.16330780000000011,0.04917824,-0.11412956104187977
8169,0.2214879999999999,0.114463,-0.10702499851036062,12.641820000000003,9.565397,-3.0764227374267605,12.51644,9.305899,-3.2105413336181634,0.041307800000000006,0.04917824,0.00787043895812034
8177,-0.03899000000000008,0.009458697,0.04844869740098723,8.26493,11.286512,3.02158237487793,5.796899999999999,7.5692377,1.772337709045411,0.019842499999999985,-0.04369302,-0.06353552093982695
8178,0.16101,0.009458697,-0.15155130259901284,23.96493,11.286512,-12.67841762512207,16.596899999999998,7.5692377,-9.027662290954588,-0.3101575,-0.04369302,0.266464479060173
8179,0.06101000000000001,0.009458697,-0.05155130259901286,15.00493,11.286512,-3.71841762512207,10.306899999999999,7.5692377,-2.7376622909545887,-0.07015749999999998,-0.04369302,0.02646447906017302
8181,-0.03899000000000008,0.009458697,0.04844869740098723,7.08493,11.286512,4.20158237487793,5.286899999999999,7.5692377,2.282337709045411,0.0398425,-0.04369302,-0.08353552093982697
8182,-0.03899000000000008,0.009458697,0.04844869740098723,7.124929999999999,11.286512,4.161582374877931,5.4169,7.5692377,2.15233770904541,0.0398425,-0.04369302,-0.08353552093982697
8199,-0.05008900000000005,0.03920755,0.08929655162835126,9.17586,8.957496,-0.21836431060791028,7.67356,8.662665,0.9891053671264647,0.08676649999999997,0.09985808,0.013091582830905946
8201,0.09991099999999997,0.03920755,-0.06070344837164876,10.69586,8.957496,-1.7383643106079099,12.54356,8.662665,-3.8808946328735345,0.21676649999999997,0.09985808,-0.11690841716909406
8247,0.002386999999999917,0.027552787,0.025165787214517676,9.105680000000003,9.757338,0.6516575701904266,6.805150000000001,7.4852333,0.6800833068847645,0.016455999999999915,0.040128075,0.023672074586391534
8254,0.032386999999999944,0.027552787,-0.00483421278548235,9.605680000000003,9.757338,0.15165757019042658,8.70515,7.4852333,-1.219916693115234,0.08145599999999997,0.040128075,-0.041327925413608524
8329,0.06221500000000013,0.017006624,-0.04520837550997747,6.3683499999999995,9.477415,3.1090650848388677,7.907250000000001,6.5951414,-1.3121085891723645,0.11326410000000009,0.001719597,-0.1115445029714317
8330,-0.047784999999999966,0.017006624,0.06479162449002263,5.958349999999999,9.477415,3.519065084838868,6.207250000000002,6.5951414,0.3878914108276348,0.11226410000000009,0.001719597,-0.1105445029714317
8647,-0.015009999999999968,0.014754098,0.029764097908735243,10.32159,12.799693,2.47810310760498,7.48508,9.723104,2.2380235232543946,0.019483599999999934,0.038687002,0.019203401913786
8700,-0.09778500000000001,0.017006624,0.11479162449002267,7.898349999999997,9.477415,1.57906508483887,3.6072500000000005,6.5951414,2.987891410827636,-0.02273589999999992,0.001719597,0.024455497028568307
8701,-0.09778500000000001,0.017006624,0.11479162449002267,6.958349999999999,9.477415,2.519065084838868,1.9072500000000012,6.5951414,4.6878914108276355,-0.06373589999999985,0.001719597,0.06545549702856823
8755,0.06088300000000002,0.0048866137,-0.05599638630691173,5.277709999999999,7.061431,1.7837209310913096,6.316690000000001,7.332658,1.0159678140258777,0.0613556999999999,0.10268698,0.04133127887659083
8756,0.002215000000000078,0.016781354,0.01456635432302944,6.43835,8.743536,2.3051859954833986,3.497250000000001,6.4211245,2.923874458312987,-0.04773589999999994,0.017523974,0.0652598741802215
8757,-0.01778499999999994,0.016781354,0.03456635432302946,9.828349999999997,8.743536,-1.0848140045165984,6.567250000000001,6.4211245,-0.14612554168701308,-0.007735899999999907,0.017523974,0.025259874180221464
8766,0.12303000000000008,0.098360844,-0.024669156043529594,17.38507,14.810884,-2.574185524291991,16.80032,14.776153,-2.0241673892211907,0.15565819999999997,0.12864155,-0.02701665422744748
8767,0.09303000000000006,0.098360844,0.005330843956470432,16.48507,14.810884,-1.6741855242919925,15.900319999999999,14.776153,-1.1241673892211903,0.12565819999999994,0.12864155,0.002983345772552548
8768,0.08303000000000016,0.098360844,0.01533084395647033,15.285070000000001,14.810884,-0.47418552429199323,15.000319999999999,14.776153,-0.22416738922118995,0.10565820000000004,0.12864155,0.022983345772552455
8769,0.07303000000000015,0.098360844,0.02533084395647034,14.48507,14.810884,0.3258144757080075,14.30032,14.776153,0.47583261077880934,0.09565820000000003,0.12864155,0.032983345772552464
8773,0.08303000000000016,0.098360844,0.01533084395647033,14.68507,14.810884,0.1258144757080082,14.30032,14.776153,0.47583261077880934,0.09565820000000003,0.12864155,0.032983345772552464
8774,0.06303000000000014,0.098360844,0.03533084395647035,13.68507,14.810884,1.1258144757080082,13.400319999999999,14.776153,1.3758326107788097,0.09565820000000003,0.12864155,0.032983345772552464
8775,0.09303000000000006,0.098360844,0.005330843956470432,14.98507,14.810884,-0.17418552429199252,14.700319999999998,14.776153,0.07583261077881076,0.10565820000000004,0.12864155,0.022983345772552455
8819,-0.0717620000000001,-0.068585545,0.0031764551753998838,9.75629,7.426256,-2.3300338201904296,8.558089999999998,6.0505333,-2.507556705322264,0.08970110000000009,0.05490031,-0.034800789066410154
8831,0.03707080000000007,0.017293038,-0.019777762153315614,7.439170000000004,8.045677,0.6065071850585895,8.10021,8.011729,-0.08848075958252011,0.10348449999999998,0.09954096,-0.003943543681621531
8833,0.007070800000000044,0.017293038,0.010222237846684412,6.939170000000004,8.045677,1.1065071850585895,7.340210000000001,8.011729,0.6715192404174797,0.10048450000000009,0.09954096,-0.0009435436816216392
8849,-0.004813999999999874,-0.048511826,-0.04369782550191892,17.73925,14.046263,-3.692987258911131,16.73725,13.709378,-3.0278717575073237,0.1379144,0.11244305,-0.02547134776773452
8850,-0.023217699999999897,-0.023543302,-0.00032560196976672007,10.888630000000003,11.158058,0.26942816650390355,9.35089,9.520229,0.16933933959960967,0.06411140000000004,0.113613054,0.049501654156303365
8851,-0.027660999999999936,0.004822649,0.032483649061679776,10.336780000000001,10.860179,0.5233989474487295,8.704699999999999,10.121664,1.416964047241212,0.04876780000000003,0.081160255,0.032392454776477786
8852,-0.010661000000000032,0.004822649,0.015483649061679872,11.746780000000001,10.860179,-0.8866010525512706,10.3547,10.121664,-0.2330359527587884,0.05876780000000004,0.081160255,0.022392454776477777
8853,-0.04739899999999997,0.00395521,0.05135421009340879,11.47148,10.983576,-0.4879041790771481,9.756269999999999,10.489471,0.7332014355468761,0.0933676,0.13698481,0.043617210233116155
9062,0.21238699999999988,0.09708221,-0.11530478743267047,25.805680000000002,17.99264,-7.813040458374026,19.80515,15.289974,-4.515175787353517,0.42145599999999994,0.25323722,-0.1682187823352813
9063,0.09238699999999989,0.09708221,0.004695212567329521,13.805680000000002,17.99264,4.186959541625974,12.10515,15.289974,3.1848242126464843,0.10145599999999999,0.25323722,0.15178121766471864
9064,0.2223869999999999,0.09708221,-0.12530478743267048,23.405680000000004,17.99264,-5.413040458374027,18.40515,15.289974,-3.1151757873535146,0.221456,0.25323722,0.03178121766471864
9065,0.09238699999999989,0.09708221,0.004695212567329521,13.605680000000001,17.99264,4.386959541625975,15.305150000000001,15.289974,-0.015175787353516768,0.331456,0.25323722,-0.07821878233528134
9066,0.05238699999999996,0.09708221,0.044695212567329445,12.505680000000002,17.99264,5.486959541625975,13.20515,15.289974,2.0848242126464847,0.23145599999999994,0.25323722,0.02178121766471869
9080,-0.03761300000000012,0.027552787,0.06516578721451771,6.525680000000001,9.757338,3.2316575701904284,5.3351500000000005,7.4852333,2.150083306884765,0.051455999999999946,0.040128075,-0.011327925413608497
9090,0.12148799999999993,0.0018972608,-0.11959073922048502,13.471820000000003,8.997509,-4.474310997314456,13.72644,5.7566476,-7.96979241317749,0.19930780000000003,-0.00095516094,-0.20026296094006601
9093,0.012386999999999926,0.02760723,0.01522023046958454,12.645680000000002,8.911849,-3.733830978088381,10.635150000000001,7.2115564,-3.4235935653686536,0.09645599999999999,0.04094392,-0.05551207938766478
9094,0.012386999999999926,0.02760723,0.01522023046958454,12.325680000000002,8.911849,-3.413830978088381,9.645150000000001,7.2115564,-2.4335935653686533,0.04345599999999994,0.04094392,-0.002512079387664734
9097,-0.028512000000000093,-0.0042217164,0.02429028356996188,7.221820000000001,8.281355,1.0595349041748037,5.696439999999999,5.231694,-0.46474577850341703,0.04630780000000001,0.009686348,-0.036621451971519
9099,-0.05851200000000012,-0.0042217164,0.054290283569961906,5.671820000000004,8.281355,2.609534904174801,1.9864399999999982,5.231694,3.245254221496584,-0.04369219999999996,0.009686348,0.053378548028480965
9100,-0.05851200000000012,-0.0042217164,0.054290283569961906,6.641820000000003,8.281355,1.639534904174802,3.0864399999999996,5.231694,2.1452542214965824,-0.03369219999999995,0.009686348,0.04337854802848096
9101,-0.04851200000000011,-0.0042217164,0.0442902835699619,7.031820000000003,8.281355,1.2495349041748014,3.5964399999999976,5.231694,1.6352542214965844,-0.03169219999999995,0.009686348,0.041378548028480955
9106,-0.03761300000000012,0.0011795969,0.03879259687486303,6.33568,7.3220024,0.9863224108886719,1.8051500000000011,3.5188859,1.713735850906371,-0.08854400000000007,-0.03927873,0.049265269249916144
9107,-0.057613000000000136,0.0011795969,0.058792596874863046,7.425680000000003,7.3220024,-0.10367758911133151,2.805150000000001,3.5188859,0.7137358509063709,-0.06854400000000005,-0.03927873,0.029265269249916126
9108,0.04238699999999995,0.0011795969,-0.04120740312513704,6.705680000000001,7.3220024,0.6163224108886709,4.305150000000001,3.5188859,-0.7862641490936291,-0.04854400000000003,-0.03927873,0.009265269249916108
9109,0.002386999999999917,0.0011795969,-0.0012074031251370076,6.505680000000002,7.3220024,0.8163224108886702,3.7051499999999997,3.5188859,-0.18626414909362765,-0.03854400000000002,-0.03927873,-0.0007347307500839007
9110,-0.03761300000000012,0.0011795969,0.03879259687486303,6.505680000000002,7.3220024,0.8163224108886702,3.305150000000001,3.5188859,0.21373585090637093,-0.028544000000000014,-0.03927873,-0.01073473075008391
9111,-0.0176130000000001,0.0011795969,0.01879259687486301,6.505680000000002,7.3220024,0.8163224108886702,3.2051499999999997,3.5188859,0.31373585090637235,-0.04854400000000003,-0.03927873,0.009265269249916108
9113,-0.04761300000000013,0.0011795969,0.04879259687486304,5.305680000000002,7.3220024,2.0163224108886695,0.7051499999999997,3.5188859,2.8137358509063723,-0.08854400000000007,-0.03927873,0.049265269249916144
9114,-0.06761300000000015,0.0011795969,0.06879259687486305,6.105680000000003,7.3220024,1.2163224108886688,1.5051500000000004,3.5188859,2.0137358509063716,-0.06854400000000005,-0.03927873,0.029265269249916126
9138,-0.044613000000000014,0.010509838,0.05512283835011722,6.235680000000002,7.461814,1.2261339266967752,2.675150000000002,4.991833,2.316683209991453,-0.041544000000000025,0.00093371153,0.042477711533434714
9224,-0.0782830000000001,0.01079177,0.08907477018255006,7.660720000000001,9.76463,2.103910317687987,3.738900000000001,7.1680226,3.429122632598876,-0.024994799999999984,0.017399056,0.04239385588328837
9226,-0.048283000000000076,0.01079177,0.05907477018255003,8.160720000000001,9.76463,1.603910317687987,4.238899999999999,7.1680226,2.9291226325988777,-0.0449948,0.017399056,0.062393855883288385
9783,-0.057613000000000136,0.041635323,0.09924832331585898,7.305680000000002,8.364937,1.0592568286132789,2.5051500000000004,7.399808,4.894657929992675,-0.07854400000000006,0.076538086,0.15508208593750006
9785,-0.11761299999999997,-0.036613014,0.08099998640465733,6.805680000000002,7.8303075,1.0246274836730933,1.0051500000000004,4.459873,3.45472319946289,-0.07854400000000006,0.0018692238,0.08041322377906746
9787,-0.09761300000000017,0.041635323,0.139248323315859,6.805680000000002,8.364937,1.5592568286132789,1.6051500000000019,7.399808,5.794657929992674,-0.06854400000000005,0.076538086,0.14508208593750005
9867,0.14238699999999993,0.027552787,-0.11483421278548234,11.72568,9.757338,-1.9683424298095709,10.03515,7.4852333,-2.549916693115234,0.20145599999999997,0.040128075,-0.16132792541360852
9916,-0.06761300000000015,0.02760723,0.09522023046958461,5.33568,8.911849,3.576169021911621,2.805150000000001,7.2115564,4.4064064346313465,0.005456000000000016,0.04094392,0.03548792061233519
9918,-0.04761300000000013,0.02760723,0.07522023046958459,5.705680000000001,8.911849,3.20616902191162,3.105150000000002,7.2115564,4.106406434631346,0.0014560000000000128,0.04094392,0.03948792061233519
9919,-0.03761300000000012,0.02760723,0.06522023046958458,5.285680000000003,8.911849,3.6261690219116183,4.20515,7.2115564,3.006406434631348,0.04345599999999994,0.04094392,-0.002512079387664734
9955,-0.08901000000000003,-0.014779661,0.07423033914923671,6.16159,8.800621,2.6390310327148434,1.775079999999999,5.0949354,3.319855417175294,-0.048516400000000015,0.014231959,0.06274835935785772
9956,-0.11600999999999995,-0.014779661,0.10123033914923663,7.261590000000002,8.800621,1.539031032714842,2.2050800000000024,5.0949354,2.8898554171752906,-0.05051640000000013,0.014231959,0.06474835935785783
10212,-0.03761300000000012,0.027552787,0.06516578721451771,7.935680000000001,9.757338,1.8216575701904283,3.8451500000000003,7.4852333,3.6400833068847653,-0.05554400000000004,0.040128075,0.09567207458639149
10237,-0.02761300000000011,0.027552787,0.0551657872145177,8.185680000000001,9.757338,1.5716575701904283,5.03515,7.4852333,2.450083306884766,-0.006543999999999994,0.040128075,0.04667207458639144
10243,-0.06761300000000015,0.027552787,0.09516578721451774,7.855680000000003,9.757338,1.9016575701904266,3.5451499999999996,7.4852333,3.940083306884766,-0.04654400000000003,0.040128075,0.08667207458639148
10248,-0.06761300000000015,0.027552787,0.09516578721451774,7.855680000000003,9.757338,1.9016575701904266,3.5451499999999996,7.4852333,3.940083306884766,-0.04654400000000003,0.040128075,0.08667207458639148
10596,0.13920299999999997,0.08196041,-0.05724259012031552,4.226890000000001,3.8500595,-0.3768304907226572,9.69497,7.8134975,-1.8814724566650387,0.20916060000000003,0.16879928,-0.04036131887969974
10597,0.16020299999999998,0.08196041,-0.07824259012031554,4.3768899999999995,3.8500595,-0.5268304907226558,11.15497,7.8134975,-3.3414724566650396,0.26916059999999997,0.16879928,-0.10036131887969968
10598,0.11620299999999995,0.08196041,-0.0342425901203155,3.7868899999999996,3.8500595,0.0631695092773441,7.76497,7.8134975,0.04852754333496101,0.13816060000000008,0.16879928,0.030638681120300215
10599,0.13920299999999997,0.08196041,-0.05724259012031552,3.8768899999999995,3.8500595,-0.026830490722655753,8.77497,7.8134975,-0.9614724566650388,0.1691606,0.16879928,-0.00036131887969970133
10600,-0.009797000000000056,0.08196041,0.0917574098796845,2.7768900000000016,3.8500595,1.0731695092773421,3.8249700000000004,7.8134975,3.9885275433349605,0.07716059999999991,0.16879928,0.09163868112030038
10601,0.00020299999999995322,0.08196041,0.0817574098796845,3.046890000000001,3.8500595,0.8031695092773425,5.394970000000001,7.8134975,2.4185275433349602,0.12916059999999996,0.16879928,0.039638681120300334
10602,0.00020299999999995322,0.08196041,0.0817574098796845,4.01689,3.8500595,-0.16683049072265632,6.02497,7.8134975,1.7885275433349612,0.12916059999999996,0.16879928,0.039638681120300334
10603,0.14020299999999997,0.08196041,-0.05824259012031552,4.986889999999999,3.8500595,-1.1368304907226552,11.00497,7.8134975,-3.191472456665039,0.25916059999999996,0.16879928,-0.09036131887969967
10628,0.07325700000000013,0.048593577,-0.024663423002481588,10.961200000000003,9.573239,-1.3879606735229526,11.059470000000001,9.918122,-1.1413477084350596,0.12064750000000002,0.13993688,0.01928937927722929
10667,-0.07778499999999999,0.016781354,0.09456635432302951,6.238349999999997,8.743536,2.5051859954834015,1.5072500000000026,6.4211245,4.913874458312986,-0.06773589999999996,0.017523974,0.08525987418022152
10923,-0.00012699999999998823,-0.003972985,-0.0038459848504066585,3.0378700000000016,6.162235,3.124364783172606,3.4859299999999998,6.146724,2.6607942240905764,0.08053949999999999,0.06383193,-0.01670756715726851
11012,-0.02761300000000011,0.07284961,0.1004626089577676,7.805680000000002,10.660145,2.8544648059082007,4.20515,10.526328,6.321178086853028,-0.03854400000000002,0.10483281,0.1433768131437302
11140,-0.08963300000000007,-0.020690873,0.06894212673473366,7.340070000000001,7.9945364,0.6544663998413078,3.934049999999999,6.8523264,2.9182763931274422,0.0040840000000000876,0.07783552,0.07375152259206763
11141,-0.03963300000000003,-0.020690873,0.01894212673473361,7.6400700000000015,7.9945364,0.3544663998413071,5.63405,6.8523264,1.2182763931274412,0.04408400000000001,0.07783552,0.033751522592067706
11142,-0.06963300000000006,-0.020690873,0.04894212673473364,7.54007,7.9945364,0.45446639984130854,6.13405,6.8523264,0.7182763931274412,0.04408400000000001,0.07783552,0.033751522592067706
11143,-0.03963300000000003,-0.020690873,0.01894212673473361,7.840070000000001,7.9945364,0.15446639984130783,7.73405,6.8523264,-0.8817236068725585,0.13408399999999998,0.07783552,-0.05624847740793226
11144,0.10036699999999998,-0.020690873,-0.1210578732652664,8.640070000000001,7.9945364,-0.6455336001586929,13.23405,6.8523264,-6.3817236068725585,0.28408400000000006,0.07783552,-0.20624847740793234
11236,-0.02761300000000011,0.031749837,0.05936283710050594,10.105680000000003,9.481671,-0.6240086666870148,6.805150000000001,8.901212,2.0960617385864246,0.0014560000000000128,0.09217102,0.09071502080583571
11258,-0.031074999999999964,-0.042663854,-0.011588853615522421,4.4877199999999995,4.983779,0.4960589535522466,4.945819999999998,5.2741885,0.32836851852417226,0.08829010000000004,0.11068989,0.022399793364906273
11259,-0.031074999999999964,-0.042663854,-0.011588853615522421,4.637719999999998,4.983779,0.346058953552248,5.215819999999999,5.2741885,0.05836851852417091,0.09829009999999994,0.11068989,0.012399793364906375
11260,-0.031074999999999964,-0.042663854,-0.011588853615522421,4.53772,4.983779,0.4460589535522459,6.015819999999998,5.2741885,-0.741631481475828,0.14829009999999998,0.11068989,-0.03760020663509367
11269,0.1522150000000001,0.016781354,-0.13543364567697058,17.63835,8.743536,-8.8948140045166,16.39725,6.4211245,-9.976125541687011,0.2922641,0.017523974,-0.27474012581977847
11270,0.13221500000000008,0.016781354,-0.11543364567697056,16.13835,8.743536,-7.394814004516601,14.437250000000002,6.4211245,-8.016125541687014,0.16226410000000002,0.017523974,-0.14474012581977846
11271,0.08221500000000015,0.016781354,-0.06543364567697063,15.138349999999999,8.743536,-6.394814004516601,12.847250000000003,6.4211245,-6.426125541687014,0.10226410000000008,0.017523974,-0.08474012581977852
11273,0.032215000000000105,0.016781354,-0.015433645676970587,13.338349999999998,8.743536,-4.5948140045166,10.43725,6.4211245,-4.016125541687012,0.04226410000000003,0.017523974,-0.02474012581977847
11274,0.022215000000000096,0.016781354,-0.005433645676970578,11.238349999999997,8.743536,-2.4948140045165985,8.087250000000001,6.4211245,-1.6661255416870127,-0.007735899999999907,0.017523974,0.025259874180221464
11275,0.08221500000000015,0.016781354,-0.06543364567697063,15.438349999999998,8.743536,-6.6948140045166,14.35725,6.4211245,-7.936125541687012,0.21226410000000007,0.017523974,-0.1947401258197785
11312,0.05221500000000012,0.017006624,-0.03520837550997746,7.8683499999999995,9.477415,1.6090650848388677,6.747250000000001,6.5951414,-0.15210858917236436,0.02226410000000001,0.001719597,-0.020544502971431622
11313,0.07221500000000014,0.017006624,-0.05520837550997748,6.34835,9.477415,3.1290650848388673,6.177250000000001,6.5951414,0.4178914108276359,0.0122641,0.001719597,-0.010544502971431613
11397,-0.10716480000000006,-0.03225047,0.07491432858686453,6.7603100000000005,6.357835,-0.4024751840209966,2.82747,5.157587,2.3301170513916016,-0.05968600000000002,-0.016462633,0.043223366613745706
11399,-0.005665999999999949,0.05067623,0.05634223034119601,12.34627,11.467663,-0.8786071887207036,9.28789,9.214135,-0.07375483001709071,0.025034400000000012,0.018242491,-0.006791908590817464
11400,-0.003174999999999928,0.038203504,0.04137850393652909,3.362940000000002,5.781896,2.4189561143493634,2.7921299999999984,5.434828,2.6426978045654312,0.019739300000000015,0.04068097,0.020941670996618256
11733,0.07214300000000007,0.08513218,0.012989181644439629,10.011790000000001,10.117929,0.10613945861816276,9.760409999999998,10.007163,0.24675304779052887,0.06292330000000002,0.09426604,0.03134274211330412
11736,0.03214300000000003,0.08513218,0.052989181644439665,10.191790000000001,10.117929,-0.07386054138183695,9.27041,10.007163,0.7367530477905273,0.0429233,0.09426604,0.05134274211330414
11737,0.08214299999999997,0.08513218,0.0029891816444397312,9.98179,10.117929,0.1361394586181639,10.170409999999999,10.007163,-0.16324695220947127,0.07292330000000002,0.09426604,0.021342742113304114
11738,0.11214299999999999,0.08513218,-0.027010818355560295,9.721789999999999,10.117929,0.39613945861816546,10.39041,10.007163,-0.3832469522094719,0.07292330000000002,0.09426604,0.021342742113304114
11739,0.03214300000000003,0.08513218,0.052989181644439665,10.191790000000001,10.117929,-0.07386054138183695,9.27041,10.007163,0.7367530477905273,0.0429233,0.09426604,0.05134274211330414
11740,0.07214300000000007,0.08513218,0.012989181644439629,9.46179,10.117929,0.6561394586181635,9.31041,10.007163,0.6967530477905282,0.06292330000000002,0.09426604,0.03134274211330412
11741,0.08214299999999997,0.08513218,0.0029891816444397312,9.201789999999999,10.117929,0.916139458618165,9.98041,10.007163,0.026753047790528228,0.09292329999999993,0.09426604,0.0013427421133042072
11765,0.03621500000000011,0.02400984,-0.012205159437060464,7.8683499999999995,7.8547826,-0.013567418670653808,8.407250000000001,6.5467606,-1.86048944091797,0.11226410000000009,0.042394012,-0.06987008778724679
11773,-0.07377500000000015,0.039806165,0.1135811648011209,10.026040000000002,14.151009,4.124968605957029,7.631529999999998,14.249728,6.618198202819826,0.030508800000000003,0.13787134,0.10736253991718292
11800,-0.0330410000000001,-0.017462542,0.015578457719445327,7.41066,7.7976036,0.38694360717773435,10.69454,9.783586,-0.910954451599121,0.23754930000000007,0.17250489,-0.06504441301517494
11801,-0.008383999999999947,-0.013321239,-0.004937238569915348,6.91039,8.097925,1.187535186157227,8.588189999999999,9.313201,0.7250109506225595,0.1426423,0.16074371,0.01810141337890625
11802,-0.038383999999999974,-0.013321239,0.02506276143008468,6.91039,8.097925,1.187535186157227,7.9881899999999995,9.313201,1.3250109506225591,0.1326423,0.16074371,0.02810141337890626
11803,-0.068384,-0.013321239,0.055062761430084706,6.110389999999999,8.097925,1.9875351861572277,6.688189999999999,9.313201,2.62501095062256,0.12364229999999998,0.16074371,0.03710141337890627
11804,-0.028383999999999965,-0.013321239,0.01506276143008467,7.21039,8.097925,0.8875351861572263,9.28819,9.313201,0.025010950622558425,0.17664230000000003,0.16074371,-0.01589858662109378
11805,0.01161600000000007,-0.013321239,-0.024937238569915365,8.71039,8.097925,-0.6124648138427737,12.28819,9.313201,-2.9749890493774416,0.2546423000000001,0.16074371,-0.09389858662109385
11981,0.07238699999999998,0.07402856,0.0016415590291023463,13.175680000000002,11.310233,-1.8654468838500993,13.54515,12.009288,-1.535862165832519,0.22845600000000005,0.17972767,-0.048728326469421435
11982,0.08238699999999999,0.07402856,-0.008358440970897663,14.605680000000001,11.310233,-3.295446883850099,14.20515,12.009288,-2.1958621658325193,0.26545599999999997,0.17972767,-0.08572832646942136
12001,0.03315899999999994,0.13617966,0.10302065579032904,12.967910000000003,13.20038,0.23247032531737943,16.3201,17.879105,1.5590046142578124,0.3273436000000001,0.37494132,0.047597719227218505
12002,0.04315899999999995,0.13617966,0.09302065579032903,13.667910000000003,13.20038,-0.46752967468261986,17.5601,17.879105,0.319004614257814,0.37834360000000006,0.37494132,-0.0034022807727814297
12032,0.12238699999999991,0.07402856,-0.04835844097089759,11.40568,11.310233,-0.09544688385009792,12.215150000000001,12.009288,-0.20586216583252082,0.17145599999999994,0.17972767,0.008271673530578671
12033,0.1123869999999999,0.07402856,-0.03835844097089758,6.425680000000003,11.310233,4.884553116149899,10.01515,12.009288,1.9941378341674802,0.18145599999999995,0.17972767,-0.0017283264694213374
12054,-0.008027000000000006,0.022758337,0.030785336737751967,11.822220000000002,13.095755,1.2735346234130844,8.515290000000002,9.853936,1.3386461953735331,0.009383700000000106,0.032985765,0.023602065486955537
12055,-0.01693699999999998,-0.0077041355,0.009232864503830651,18.31426,14.504044,-3.8102164208984384,12.347019999999999,9.803491,-2.5435293612670886,-0.007008199999999909,0.0061567677,0.013164967718493847
12056,-0.062287800000000004,0.0046634153,0.06695121525316239,6.872430000000001,8.321747,1.4493168261718736,4.446389999999999,7.1816807,2.73529067932129,0.010692499999999883,0.03862161,0.02792910816788685
12454,0.6049899999999999,0.055753537,-0.5492364634776115,19.72159,11.330235,-8.391355472412108,19.26508,8.461905,-10.803175474243165,0.42248359999999996,0.044860277,-0.377623322675085
12455,0.27498999999999996,0.055753537,-0.2192364634776115,17.19159,11.330235,-5.861355472412111,18.19508,8.461905,-9.733175474243165,0.4554836,0.044860277,-0.41062332267508506
12499,-0.07901000000000002,0.055753537,0.13476353652238848,11.851590000000002,11.330235,-0.521355472412111,8.05508,8.461905,0.4068245257568357,0.030483600000000055,0.044860277,0.014376677324914877
12501,-0.022010000000000085,0.055753537,0.07776353652238854,16.32159,11.330235,-4.99135547241211,11.28508,8.461905,-2.8231754742431647,-0.007516399999999979,0.044860277,0.05237667732491491
12639,0.3685139999999999,0.18977924,-0.17873476308727254,14.963110000000002,11.827669,-3.1354408563232443,16.182830000000003,12.822857,-3.359973096923831,0.23898579999999991,0.16855954,-0.07042626366214744
12640,0.3685139999999999,0.18977924,-0.17873476308727254,16.46311,11.827669,-4.6354408563232425,15.882830000000002,12.822857,-3.05997309692383,0.23898579999999991,0.16855954,-0.07042626366214744
12641,-0.007784999999999931,0.022144033,0.029929032642245224,10.238349999999997,8.965189,-1.273161019897458,11.387250000000002,8.573574,-2.8136759338378923,0.22226410000000008,0.06337754,-0.1588865631667138
12818,0.14238699999999993,0.041635323,-0.10075167668414109,7.205680000000001,8.364937,1.1592568286132803,12.40515,7.399808,-5.005342070007325,0.273456,0.076538086,-0.19691791406249998
12820,0.006215000000000082,0.016781354,0.010566354323029437,6.488349999999997,8.743536,2.2551859954834015,5.007250000000001,6.4211245,1.4138744583129874,0.0122641,0.017523974,0.005259874180221558
12912,0.02049000000000012,-0.00768987,-0.028179869962632775,6.282160000000001,7.097666,0.815505786743163,6.083500000000001,6.3477664,0.2642663993835441,0.048228600000000066,0.047992863,-0.00023573723897940546
13148,-0.03778499999999996,0.016781354,0.054566354323029476,12.52835,8.743536,-3.784814004516601,12.997250000000001,6.4211245,-6.576125541687013,0.26726410000000006,0.017523974,-0.2497401258197785
13200,0.33618000000000003,0.30865172,-0.027528284482955967,9.416830000000001,10.090202,0.6733723315429678,12.889339999999999,12.394283,-0.49505670532226453,0.24011690000000002,0.18642896,-0.053687935861969016
13202,0.26217999999999997,0.30865172,0.0464717155170441,8.47683,10.090202,1.613372331542969,12.17934,12.394283,0.21494329467773454,0.1671169,0.18642896,0.019312064138030993
13203,0.3081800000000001,0.30865172,0.0004717155170439469,9.40683,10.090202,0.6833723315429694,12.17934,12.394283,0.21494329467773454,0.2071169,0.18642896,-0.020687935861968987
13205,0.2961800000000001,0.30865172,0.012471715517043958,11.99683,10.090202,-1.9066276684570305,12.37934,12.394283,0.014943294677735253,0.1451169,0.18642896,0.04131206413803101
13246,-0.04996500000000004,0.03882778,0.08879278063416485,10.0657,10.701143,0.6354432647705082,7.368500000000001,8.873701,1.5052010955810537,0.046205199999999946,0.1148173,0.06861209894876485
13310,0.08238699999999999,0.13678326,0.05439625712680818,26.56568,14.716708,-11.848971816711426,19.00515,13.259096,-5.746053854370118,0.061455999999999955,0.09106383,0.029607827276229903
13312,0.19238699999999997,0.13678326,-0.05560374287319181,16.77568,14.716708,-2.058971816711427,15.305150000000001,13.259096,-2.0460538543701183,0.18145599999999995,0.09106383,-0.09039217272377009
13411,-0.009613000000000094,0.035417482,0.04503048225688944,9.205680000000001,9.3151865,0.10950650054931543,8.50515,7.620654,-0.8844958938598637,-0.03854400000000002,0.010933273,0.04947727254056933
13412,0.035386999999999946,0.035417482,3.0482256889396986e-05,10.205680000000001,9.3151865,-0.8904934994506846,7.20515,7.620654,0.415504106140137,-0.018544000000000005,0.010933273,0.02947727254056931
13456,-0.03168099999999985,0.0003698971,0.032050897112250176,13.923570000000002,13.824783,-0.09878667480468906,6.96186,8.143304,1.1814438711547854,-0.11187360000000002,-0.03442749,0.07744610991463663
13457,0.003319000000000072,0.0003698971,-0.002949102887749744,14.32357,13.824783,-0.49878667480468764,9.35186,8.143304,-1.2085561288452151,-0.0028736000000000317,-0.03442749,-0.031553890085363356
13458,0.0073190000000000754,0.0003698971,-0.006949102887749747,14.11357,13.824783,-0.2887866748046868,9.00186,8.143304,-0.8585561288452155,-0.04487359999999996,-0.03442749,0.01044610991463657
13460,-0.0836809999999999,0.0003698971,0.08405089711225022,12.563570000000002,13.824783,1.2612133251953104,5.391860000000001,8.143304,2.751443871154784,-0.09387359999999989,-0.03442749,0.0594461099146365
13461,-0.04668099999999997,0.0003698971,0.0470508971122503,13.62357,13.824783,0.20121332519531165,7.251860000000001,8.143304,0.8914438711547845,-0.042873599999999956,-0.03442749,0.008446109914636568
13464,-0.05568099999999987,0.0003698971,0.0560508971122502,18.60357,13.824783,-4.778786674804689,10.72186,8.143304,-2.5785561288452143,-0.1038735999999999,-0.03442749,0.06944610991463651
13500,-0.07701100000000016,-0.026296215,0.05071478486812131,5.6616,6.622768,0.9611679252624512,4.678630000000002,6.484698,1.8060678187561017,0.06455220000000006,0.11390861,0.04935641123800272
13506,0.081488,0.053067647,-0.028420353079319005,7.041820000000001,10.532598,3.4907775418090807,5.616439999999999,8.116222,2.499782381591798,-0.028692199999999946,-0.009704491,0.018987708876442855
13507,0.11148799999999992,0.053067647,-0.05842035307931892,14.341820000000002,10.532598,-3.80922245819092,11.216439999999999,8.116222,-3.1002176184082018,-0.0026922000000000335,-0.009704491,-0.007012291123557057
13917,0.0016650000000000276,0.02142287,0.019757870457172366,9.707340000000002,8.596502,-1.1108376959228536,16.0613,6.8224645,-9.238835533905029,0.3153228,0.036993917,-0.27832888292222024
13918,-0.03733500000000012,0.02142287,0.05875787045717251,8.006340000000005,8.596502,0.5901623040771433,9.9613,6.8224645,-3.138835533905029,0.14132280000000008,0.036993917,-0.10432888292222031
13919,-0.04433499999999979,0.02142287,0.06575787045717219,7.1973400000000005,8.596502,1.399162304077148,4.561299999999999,6.8224645,2.2611644660949715,-0.002677199999999935,0.036993917,0.039671117077779705
14030,-0.0014199999999999768,-6.361559e-05,0.0013563844108301915,11.15417,11.128376,-0.02579399291992246,9.649430000000002,9.723615,0.07418469268798589,0.027506600000000048,0.04145732,0.013950721494817686
14038,-0.0014199999999999768,-6.361559e-05,0.0013563844108301915,11.15417,11.128376,-0.02579399291992246,9.649430000000002,9.723615,0.07418469268798589,0.027506600000000048,0.04145732,0.013950721494817686
14042,-0.0014199999999999768,-6.361559e-05,0.0013563844108301915,11.15417,11.128376,-0.02579399291992246,9.649430000000002,9.723615,0.07418469268798589,0.027506600000000048,0.04145732,0.013950721494817686
14092,0.08162799999999992,0.076691724,-0.004936275640010757,4.74099,7.020732,2.2797419259643554,6.13702,7.537146,1.400126091461182,0.049590800000000046,0.09267876,0.04308796297235484
14102,0.271717,0.20505282,-0.06666417717170714,6.360720000000001,8.624762,2.264041581420898,14.838899999999999,12.502019,-2.336881071472167,0.3750052,0.30378416,-0.07122103819389342
14156,0.04011589999999998,0.15122794,0.11111203614864351,4.493789999999997,7.403512,2.9097220010376006,5.065109999999999,5.710569,0.6454589048767101,0.05518109999999998,0.04891668,-0.006264421124315245
14222,0.04642499999999994,0.03702829,-0.00939670966863626,3.9513099999999994,8.497569,4.546259084167481,4.79749,7.054013,2.2565227754211428,0.052842899999999915,0.042533454,-0.010309446446084891
14298,-0.04761300000000013,0.027552787,0.07516578721451772,10.855680000000003,9.757338,-1.0983424298095734,5.905150000000001,7.4852333,1.5800833068847648,-0.05854400000000004,0.040128075,0.09867207458639149
14299,-0.06761300000000015,0.027552787,0.09516578721451774,7.505680000000002,9.757338,2.251657570190428,2.0051500000000004,7.4852333,5.480083306884765,-0.09854400000000008,0.040128075,0.13867207458639152
14842,-0.04365400000000008,0.005652482,0.04930648215571054,6.4251400000000025,8.780714,2.355574035034177,5.555130000000002,7.105691,1.5505609561157208,0.04789370000000004,0.07037239,0.022478687766838035
14981,0.06538699999999997,0.041635323,-0.023751676684141132,2.295680000000001,8.364937,6.06925682861328,9.03515,7.399808,-1.635342070007324,0.24845600000000007,0.076538086,-0.17191791406250007
15048,0.03638699999999995,0.035417482,-0.0009695177431106039,9.785680000000003,9.3151865,-0.4704934994506864,8.67515,7.620654,-1.0544958938598636,0.0044559999999999045,0.010933273,0.006477272540569401
15049,0.013387000000000038,0.035417482,0.022030482256889306,9.805680000000002,9.3151865,-0.490493499450686,7.135150000000001,7.620654,0.4855041061401355,0.0024559999999999027,0.010933273,0.008477272540569403
15050,0.03838699999999995,0.035417482,-0.0029695177431106057,10.105680000000003,9.3151865,-0.7904934994506867,8.17515,7.620654,-0.5544958938598636,0.028456000000000037,0.010933273,-0.01752272745943073
15051,0.08938699999999988,0.035417482,-0.05396951774311054,9.88568,9.3151865,-0.5704934994506843,7.385150000000001,7.620654,0.2355041061401355,0.00045600000000001195,0.010933273,0.010477272540569293
15052,0.03138699999999994,0.035417482,0.0040304822568894005,9.81568,9.3151865,-0.500493499450684,7.42515,7.620654,0.19550410614013636,0.0034560000000000146,0.010933273,0.007477272540569291
15094,-0.04814300000000005,-0.0039571896,0.04418581038045888,8.716320000000003,9.720098,1.0037775418090789,7.351320000000001,9.191187,1.8398669049072254,0.047267599999999965,0.12898953,0.08172193258991245
15096,-0.04814300000000005,-0.0039571896,0.04418581038045888,8.316320000000005,9.720098,1.4037775418090774,7.341320000000001,9.191187,1.8498669049072252,0.06726759999999998,0.12898953,0.06172193258991243
15097,0.19216200000000005,0.02963474,-0.16252725979638105,19.21571,11.71592,-7.499789551696779,16.382050000000003,8.449943,-7.932107411193851,0.21253600000000006,0.041241214,-0.1712947863206864
15098,-0.007838000000000012,0.02963474,0.037472740203619015,9.115710000000004,11.71592,2.600210448303219,5.082050000000002,8.449943,3.36789258880615,-0.05846399999999996,0.041241214,0.09970521367931362
15105,-0.00583800000000001,0.027898246,0.03373624642241002,8.115710000000004,9.960338,1.844627638854977,6.082050000000002,7.619413,1.5373628990173316,0.023536,0.013479918,-0.010056081758499147
15107,-0.010837999999999903,0.026072673,0.0369106734995841,9.115710000000004,10.43296,1.3172495565795863,6.082050000000002,8.016638,1.934587802124021,-0.006463999999999914,0.04362751,0.05009151170992843
15108,0.012162000000000006,-0.0017895604,-0.013951560425095266,10.115710000000004,9.357134,-0.7585761346435582,7.782050000000002,5.8834925,-1.898557530212404,0.03153600000000001,0.0073151337,-0.024220866301715382
15179,-0.008820999999999968,-0.015202873,-0.0063818733864426935,3.33315,4.739567,1.4064168029785158,3.6633700000000005,4.6617007,0.9983307255554195,0.060435600000000034,0.07456314,0.014127538186931576
15180,-0.028820999999999986,-0.015202873,0.013618126613557324,2.6231500000000025,4.739567,2.116416802978513,2.7833700000000015,4.6617007,1.8783307255554185,0.05643560000000014,0.07456314,0.01812753818693147
15182,-0.028820999999999986,-0.015202873,0.013618126613557324,3.1231500000000025,4.739567,1.616416802978513,3.933370000000002,4.6617007,0.7283307255554181,0.08943560000000006,0.07456314,-0.01487246181306845
15183,-0.018820999999999977,-0.015202873,0.0036181266135573154,5.49315,4.739567,-0.7535831970214844,6.133370000000001,4.6617007,-1.4716692744445812,0.11743560000000008,0.07456314,-0.042872461813068474
15184,-0.048821,-0.015202873,0.03361812661355734,4.83315,4.739567,-0.09358319702148421,4.403370000000001,4.6617007,0.25833072555541925,0.07743560000000005,0.07456314,-0.0028724618130684387
15185,-0.048821,-0.015202873,0.03361812661355734,4.0131499999999996,4.739567,0.7264168029785161,3.503370000000002,4.6617007,1.1583307255554178,0.05743560000000003,0.07456314,0.01712753818693158
15186,-0.048821,-0.015202873,0.03361812661355734,4.81315,4.739567,-0.07358319702148464,4.713370000000001,4.6617007,-0.05166927444458125,0.08743560000000006,0.07456314,-0.012872461813068448
15187,-0.048821,-0.015202873,0.03361812661355734,5.2631499999999996,4.739567,-0.5235831970214839,5.2433700000000005,4.6617007,-0.5816692744445806,0.09743560000000007,0.07456314,-0.022872461813068456
15189,0.01117900000000005,-0.015202873,-0.02638187338644271,3.9231499999999997,4.739567,0.8164168029785159,5.323370000000001,4.6617007,-0.6616692744445807,0.10743560000000008,0.07456314,-0.032872461813068465
15190,-0.018820999999999977,-0.015202873,0.0036181266135573154,4.65315,4.739567,0.0864168029785155,5.153370000000001,4.6617007,-0.49166927444458075,0.09743560000000007,0.07456314,-0.022872461813068456
15191,-0.038820999999999994,-0.015202873,0.023618126613557333,4.17315,4.739567,0.5664168029785159,3.423370000000002,4.6617007,1.238330725555418,0.04743560000000002,0.07456314,0.027127538186931588
15194,0.01117900000000005,-0.015202873,-0.02638187338644271,3.9731500000000004,4.739567,0.7664168029785152,5.393370000000001,4.6617007,-0.731669274444581,0.10743560000000008,0.07456314,-0.032872461813068465
15195,-0.008820999999999968,-0.015202873,-0.0063818733864426935,3.453150000000001,4.739567,1.2864168029785148,3.813370000000001,4.6617007,0.8483307255554191,0.06743560000000004,0.07456314,0.00712753818693157
15196,-0.038820999999999994,-0.015202873,0.023618126613557333,3.393150000000002,4.739567,1.3464168029785135,2.8233700000000006,4.6617007,1.8383307255554193,0.04743560000000002,0.07456314,0.027127538186931588
15832,0.16282600000000003,0.24555476,0.08272876009845731,16.43832,16.562037,0.12371651428222563,13.98673,15.071347,1.0846172366333011,0.07779709999999995,0.11655891,0.03876180941619878
15833,0.142826,0.24555476,0.10272876009845733,16.338320000000003,16.562037,0.2237165142822235,13.88673,15.071347,1.1846172366333008,0.09779709999999997,0.11655891,0.01876180941619876
15834,0.252826,0.24555476,-0.007271239901542659,13.238320000000002,16.562037,3.323716514282225,13.48673,15.071347,1.5846172366333011,0.09779709999999997,0.11655891,0.01876180941619876
15835,0.31282600000000005,0.24555476,-0.06727123990154271,17.03832,16.562037,-0.47628348571777224,15.38673,15.071347,-0.31538276336669924,0.08779709999999996,0.11655891,0.02876180941619877
15836,0.30282600000000004,0.24555476,-0.0572712399015427,18.838320000000003,16.562037,-2.2762834857177765,16.28673,15.071347,-1.2153827633666978,0.09779709999999997,0.11655891,0.01876180941619876
15837,0.30282600000000004,0.24555476,-0.0572712399015427,20.338320000000003,16.562037,-3.7762834857177765,16.88673,15.071347,-1.8153827633666992,0.09779709999999997,0.11655891,0.01876180941619876
15843,0.21282599999999996,0.24555476,0.03272876009845738,13.63832,16.562037,2.9237165142822263,14.18673,15.071347,0.8846172366333,0.1477970999999999,0.11655891,-0.031238190583801173
15844,0.262826,0.24555476,-0.017271239901542668,15.13832,16.562037,1.4237165142822263,15.78673,15.071347,-0.7153827633666996,0.17779709999999993,0.11655891,-0.0612381905838012
15845,0.29282600000000003,0.24555476,-0.047271239901542694,18.73832,16.562037,-2.176283485717775,17.48673,15.071347,-2.4153827633667007,0.23779709999999998,0.11655891,-0.12123819058380125
15846,0.252826,0.24555476,-0.007271239901542659,18.73832,16.562037,-2.176283485717775,16.48673,15.071347,-1.4153827633667007,0.10779709999999998,0.11655891,0.008761809416198751
16106,0.0015540000000000553,0.041355975,0.03980197497224802,8.90036,11.867767,2.967407333984376,5.6126000000000005,8.419412,2.806811659240722,-0.037971599999999994,0.009663495,0.047635095235145086
16107,0.0015540000000000553,0.041355975,0.03980197497224802,11.50036,11.867767,0.3674073339843744,7.6126000000000005,8.419412,0.8068116592407222,-0.037971599999999994,0.009663495,0.047635095235145086
16109,0.03155400000000008,0.041355975,0.009801974972247995,10.600360000000002,11.867767,1.267407333984373,8.632600000000002,8.419412,-0.21318834075927917,0.019028400000000056,0.009663495,-0.009364904764854964
16140,-0.007784999999999931,-0.04683922,-0.03905421858668334,6.738349999999997,7.309488,0.5711378196716339,4.637250000000002,4.2257705,-0.41147952651977704,0.002264100000000102,-0.007981149,-0.010245248548424346
16141,-0.007784999999999931,0.017006624,0.02479162449002259,4.788349999999998,9.477415,4.6890650848388695,2.3972499999999997,6.5951414,4.197891410827637,-0.03773589999999993,0.001719597,0.03945549702856832
16142,0.002215000000000078,0.017006624,0.014791624490022581,5.658349999999999,9.477415,3.8190650848388685,4.2272500000000015,6.5951414,2.367891410827635,0.002264100000000102,0.001719597,-0.0005445029714317151
16143,0.002215000000000078,0.017006624,0.014791624490022581,4.77835,9.477415,4.6990650848388675,3.1472499999999997,6.5951414,3.447891410827637,-0.007735899999999907,0.001719597,0.009455497028568294
16144,0.002215000000000078,0.017006624,0.014791624490022581,4.77835,9.477415,4.6990650848388675,3.1472499999999997,6.5951414,3.447891410827637,-0.007735899999999907,0.001719597,0.009455497028568294
16145,-0.007784999999999931,0.017006624,0.02479162449002259,4.788349999999998,9.477415,4.6890650848388695,2.327250000000003,6.5951414,4.267891410827634,-0.03773589999999993,0.001719597,0.03945549702856832
16147,0.002215000000000078,0.017006624,0.014791624490022581,5.18835,9.477415,4.289065084838867,3.05725,6.5951414,3.537891410827637,-0.027735899999999925,0.001719597,0.02945549702856831
16148,-0.007784999999999931,0.017006624,0.02479162449002259,4.798349999999999,9.477415,4.679065084838868,2.3472500000000025,6.5951414,4.247891410827634,-0.03773589999999993,0.001719597,0.03945549702856832
16346,0.012386999999999926,0.03555216,0.023165158951759413,6.505680000000002,9.233511,2.7278309710693343,6.805150000000001,7.619415,0.8142648063659657,0.09145599999999998,0.03454199,-0.05691400939202307
16355,0.022386999999999935,0.2173692,0.19498219879913337,12.505680000000002,15.971827,3.466146553344725,11.50515,13.567538,2.062388261413574,0.14145599999999992,0.14523955,0.0037835468950272455
16356,0.022386999999999935,0.2173692,0.19498219879913337,12.505680000000002,15.971827,3.466146553344725,11.50515,13.567538,2.062388261413574,0.14145599999999992,0.14523955,0.0037835468950272455
16357,0.07238699999999998,0.2173692,0.14498219879913332,12.005680000000002,15.971827,3.966146553344725,11.50515,13.567538,2.062388261413574,0.14145599999999992,0.14523955,0.0037835468950272455
16358,0.3723869999999999,0.2173692,-0.1550178012008666,13.005680000000002,15.971827,2.966146553344725,15.50515,13.567538,-1.9376117385864262,0.19145599999999996,0.14523955,-0.0462164531049728
16360,0.822387,0.2173692,-0.6050178012008667,29.00568,15.971827,-13.033853446655275,20.50515,13.567538,-6.937611738586426,0.44145599999999996,0.14523955,-0.2962164531049728
16382,-0.057784999999999975,0.016781354,0.0745663543230295,6.388349999999999,8.743536,2.3551859954833994,2.9472500000000004,6.4211245,3.473874458312988,-0.027735899999999925,0.017523974,0.04525987418022148
16383,-0.06778499999999998,0.016781354,0.0845663543230295,6.218349999999997,8.743536,2.525185995483401,1.8872500000000016,6.4211245,4.533874458312987,-0.05773589999999995,0.017523974,0.07525987418022151
16384,-0.06778499999999998,0.016781354,0.0845663543230295,5.268349999999998,8.743536,3.4751859954834003,0.2872500000000002,6.4211245,6.133874458312988,-0.08973589999999998,0.017523974,0.10725987418022154
16399,-0.012589300000000025,-0.024067108,-0.011477807588052724,7.345469999999999,7.8232083,0.47773833206176874,6.052990000000001,6.694949,0.641959150085448,0.03577780000000008,0.08416537,0.04838757195444099
16400,-0.04258930000000005,-0.024067108,0.018522192411947302,7.205470000000002,7.8232083,0.6177383320617658,5.93299,6.694949,0.761959150085449,0.0557778000000001,0.08416537,0.02838757195444097
16401,-0.03258930000000004,-0.024067108,0.008522192411947294,6.725470000000001,7.8232083,1.0977383320617662,5.722990000000001,6.694949,0.9719591500854481,0.0557778000000001,0.08416537,0.02838757195444097
16402,-0.08258930000000009,-0.024067108,0.05852219241194734,7.165469999999999,7.8232083,0.6577383320617685,5.36299,6.694949,1.3319591500854493,0.0557778000000001,0.08416537,0.02838757195444097
16403,-0.05125869999999999,0.043038804,0.09429750408406257,6.4666999999999994,8.866601,2.3999009902954107,5.704930000000001,7.3821244,1.677194423980712,0.09579910000000003,0.15023704,0.054437938731574986
16487,0.05927900000000008,0.056502607,-0.002776393280267797,7.8967600000000004,9.376506,1.479745851745605,11.47757,11.909383,0.4318128201293945,0.26938680000000004,0.18282403,-0.08656276948146824
16540,-0.02723500000000012,0.0092540225,0.036489022501409174,7.75046,8.353073,0.6026131201171872,7.6053599999999975,9.541863,1.9365034414672877,0.08608870000000002,0.14197415,0.05588545113449095
16541,-0.04823500000000003,0.0092540225,0.05748902250140908,7.4104600000000005,8.353073,0.942613120117187,6.675359999999998,9.541863,2.8665034414672874,0.0660887,0.14197415,0.07588545113449097
16551,0.022386999999999935,0.05634767,0.03396066817092902,11.65568,13.369649,1.7139689334106443,8.40515,9.772323,1.3671726547241203,-0.05854400000000004,0.04143527,0.09997927150154118
16629,0.11544300000000007,0.07502942,-0.04041358212757118,6.32394,6.725944,0.4020040422058102,9.718829999999999,9.473684,-0.2451456890869128,0.14842279999999997,0.13191433,-0.016508467490959133
16630,0.10144300000000006,0.07502942,-0.026413582127571167,6.123940000000001,6.725944,0.6020040422058095,9.018829999999998,9.473684,0.45485431091308826,0.13842279999999996,0.13191433,-0.0065084674909591245
16650,0.05253400000000008,0.048490986,-0.004043013772010884,10.846149999999998,11.16019,0.31403962860107626,11.288349999999998,9.229745,-2.05860508880615,0.16681619999999997,0.021001063,-0.14581513671274182
16654,0.002215000000000078,-0.0036638745,-0.005878874464109618,7.958349999999999,10.632461,2.6741105941772467,6.397250000000001,10.394562,3.9973117675781236,0.04226410000000003,0.13744327,0.09517917425956723
16755,-0.0176130000000001,0.027552787,0.045165787214517694,8.805680000000002,9.757338,0.9516575701904273,6.405150000000001,7.4852333,1.0800833068847648,0.03145599999999993,0.040128075,0.00867207458639152
16756,-0.007613000000000092,-0.0030835487,0.004529451258584949,11.805680000000002,10.333542,-1.472138129882815,9.805150000000001,7.5028834,-2.302266565704347,0.09145599999999998,0.027641606,-0.06381439441418646
16761,0.07763999999999993,0.094548196,0.016908195600509712,16.353350000000002,13.468791,-2.884558992004397,16.680770000000003,15.528745,-1.1520253024292018,0.12271939999999992,0.13768618,0.014966778088188248
16762,0.08826400000000001,0.095696315,0.0074323151693344025,8.05084,10.885235,2.834394832763671,9.480569999999998,12.156584,2.676013786010744,0.12744659999999997,0.13501164,0.007565043171310459
16763,0.20370399999999989,0.17152065,-0.03218334961318958,13.32169,12.337556,-0.9841341146850588,14.786100000000001,13.700472,-1.0856281219482433,0.20708840000000006,0.12673426,-0.0803541432556153
16861,-0.057613000000000136,0.02760723,0.0852202304695846,8.575680000000002,8.911849,0.3361690219116191,4.995150000000001,7.2115564,2.216406434631347,-0.008543999999999996,0.04094392,0.0494879206123352
16893,-0.057613000000000136,0.030291053,0.08790405253517641,7.2156800000000025,9.6605215,2.444841507263181,2.895150000000001,7.844547,4.949396794891356,-0.04854400000000003,0.05007824,0.09862223929190639
17144,0.06851399999999996,0.03025923,-0.0382547707571983,9.263110000000001,8.466002,-0.7971075357055675,9.882830000000002,8.36032,-1.5225099087524434,0.10898579999999991,0.1242443,0.0152585025112153
17145,0.06851399999999996,0.03025923,-0.0382547707571983,9.363110000000002,8.466002,-0.8971075357055689,10.382830000000002,8.36032,-2.0225099087524434,0.13898579999999994,0.1242443,-0.014741497488784727
17146,0.10851399999999989,0.03025923,-0.07825477075719822,10.763110000000001,8.466002,-2.2971075357055675,11.882830000000002,8.36032,-3.5225099087524434,0.16898579999999996,0.1242443,-0.044741497488784754
17147,0.13851399999999991,0.03025923,-0.10825477075719825,12.263110000000001,8.466002,-3.7971075357055675,13.582830000000001,8.36032,-5.222509908752443,0.2189857999999999,0.1242443,-0.09474149748878469
17255,0.01638699999999993,0.02760723,0.011220230469584536,8.205680000000001,8.911849,0.7061690219116201,7.10515,7.2115564,0.10640643463134758,0.05345599999999995,0.04094392,-0.012512079387664743
17258,-0.0036130000000000884,0.02760723,0.031220230469584553,7.605680000000003,8.911849,1.306169021911618,5.50515,7.2115564,1.7064064346313472,0.007455999999999907,0.04094392,0.0334879206123353
17259,0.024386999999999937,0.02760723,0.0032202304695845285,18.60568,8.911849,-9.693830978088378,7.805150000000001,7.2115564,-0.5935935653686535,0.06645599999999996,0.04094392,-0.025512079387664754
17716,-0.028828000000000076,-0.028453976,0.0003740240840912623,7.57076,7.5239215,-0.04683851028442376,4.408440000000002,5.121814,0.7133737741088844,-0.03592989999999996,-0.04019119,-0.004261288454628032
17768,0.02883199999999997,0.069874324,0.041042323904514344,13.28245,13.007114,-0.27533558959961013,14.54456,16.036144,1.4915842565917963,0.23287709999999995,0.2709224,0.03804529260673528
17769,0.08244399999999996,0.1086545,0.026210499053955116,22.99146,19.016327,-3.975133095703125,21.34637,20.017424,-1.328946370239258,0.22879779999999994,0.28300843,0.054210626427841246
17770,0.14180099999999995,0.10688027,-0.03492073005533214,18.17923,17.550426,-0.6288035168457036,20.27234,19.301512,-0.9708282354736326,0.3519151,0.28768805,-0.0642270533061981
17869,0.332387,0.027552787,-0.3048342127854824,13.755680000000002,9.757338,-3.998342429809572,15.38515,7.4852333,-7.899916693115234,0.32545599999999997,0.040128075,-0.2853279254136085
17870,0.20238699999999998,0.027552787,-0.1748342127854824,12.74568,9.757338,-2.9883424298095704,12.97515,7.4852333,-5.489916693115234,0.16945599999999994,0.040128075,-0.1293279254136085
17871,0.14238699999999993,0.027552787,-0.11483421278548234,9.235680000000002,9.757338,0.5216575701904276,11.70515,7.4852333,-4.219916693115234,0.19045599999999996,0.040128075,-0.1503279254136085
17872,0.06238699999999997,0.027552787,-0.03483421278548238,8.675680000000003,9.757338,1.0816575701904263,7.09515,7.4852333,0.39008330688476534,-0.009543999999999997,0.040128075,0.049672074586391446
17873,0.04238699999999995,0.027552787,-0.014834212785482359,8.705680000000001,9.757338,1.0516575701904287,6.555150000000001,7.4852333,0.9300833068847645,-0.009543999999999997,0.040128075,0.049672074586391446
17874,0.05238699999999996,0.027552787,-0.024834212785482368,8.095680000000002,9.757338,1.6616575701904281,6.305150000000001,7.4852333,1.1800833068847645,-0.009543999999999997,0.040128075,0.049672074586391446
17875,-0.057613000000000136,0.027552787,0.08516578721451773,6.675680000000003,9.757338,3.0816575701904263,3.355150000000002,7.4852333,4.130083306884764,-0.05054400000000003,0.040128075,0.09067207458639148
17886,0.08238699999999999,0.027552787,-0.054834212785482395,6.045680000000001,9.757338,3.711657570190429,8.65515,7.4852333,-1.1699166931152352,0.15445599999999993,0.040128075,-0.11432792541360848
17888,-0.0176130000000001,0.027552787,0.045165787214517694,7.945680000000003,9.757338,1.8116575701904267,2.815149999999999,7.4852333,4.6700833068847665,-0.05454400000000004,0.040128075,0.09467207458639149
17889,-0.03761300000000012,0.027552787,0.06516578721451771,6.935680000000001,9.757338,2.8216575701904283,1.765150000000002,7.4852333,5.720083306884764,-0.06854400000000005,0.040128075,0.1086720745863915
17890,-0.057613000000000136,-0.036613014,0.0209999864046575,5.83568,7.8303075,1.9946274836730957,3.4451500000000017,4.459873,1.014723199462889,0.006455999999999906,0.0018692238,-0.004586776220932509
18010,-0.1215885000000001,-0.061412364,0.06017613575553904,4.4962800000000005,5.8553085,1.3590285327148433,4.447769999999999,6.4558926,2.0081225628662116,0.2022463,0.21973301,0.017486714702796946
18012,-0.11025920000000011,-0.09301538,0.017243819796276205,9.80107,8.986588,-0.8144824755859368,9.688480000000002,8.416221,-1.2722593350219746,0.21003019999999994,0.19250107,-0.01752913188476557
18013,-0.07761300000000015,0.041635323,0.119248323315859,11.005680000000002,8.364937,-2.6407431713867204,6.70515,7.399808,0.6946579299926761,-0.008543999999999996,0.076538086,0.0850820859375
18064,0.24319900000000005,0.20233324,-0.040865758298873955,9.202200000000001,9.238186,0.03598588256835811,11.37851,10.631847,-0.7466626184082035,0.1828033,0.1689867,-0.013816606975364687
18065,0.2174060000000001,0.15863056,-0.05877543519115458,19.635419999999996,16.168812,-3.466608201904293,22.652050000000003,18.48997,-4.162080746459964,0.3120335000000001,0.24300116,-0.06903233699417122
18066,0.011300000000000088,0.07398265,0.06268264855146399,5.734930000000002,8.177492,2.4425621417236307,5.584589999999999,8.66998,3.085390049133302,0.052723500000000034,0.10715712,0.05443361861848828
18068,-0.00869999999999993,0.008662819,0.017362818931043078,6.784930000000003,7.2814507,0.4965207484436007,6.51459,7.7200384,1.2054484140014647,0.06272350000000004,0.08453917,0.021815667582988696
18069,0.031300000000000106,0.03702224,0.00572224045991887,7.0949300000000015,7.7066426,0.6117126277160629,7.744589999999999,8.741433,0.9968431436157239,0.08272350000000006,0.103595786,0.020872285796642243
18113,0.09931900000000005,0.019171048,-0.08014795204424863,13.32357,10.370537,-2.9530331958007814,10.85186,8.242543,-2.6093167794799808,0.014126400000000094,0.02972715,0.015600749754762555
18131,-0.08801000000000014,0.04167195,0.12968195037007346,7.241590000000002,10.00667,2.765079998168943,1.9550800000000024,7.454465,5.499384912414548,-0.07651640000000004,0.031005654,0.10752205448403362
18133,0.09483520000000001,0.038603883,-0.056231316763353356,4.545310000000001,6.5561056,2.0107956137084955,4.38747,5.373385,0.9859149525451656,0.00031400000000003647,-0.010838296,-0.011152296264410055
18134,0.08993849999999992,0.048027232,-0.04191126771068565,10.15651,9.029687,-1.1268230722045907,8.46425,6.859772,-1.6044777946472166,0.02050989999999997,0.04803206,0.027522160265541107
18136,0.12098799999999998,-0.0074274023,-0.12841540230634807,8.40156,8.073567,-0.3279926095581054,8.894659999999998,6.646427,-2.2482328454589826,0.08722530000000006,0.053779148,-0.033446152434635223
18166,0.11662500000000009,0.05649466,-0.060130339324474424,14.891109999999998,11.913839,-2.9772706597900367,18.15246,12.258033,-5.8944272012329115,0.4045896,0.23630774,-0.16828185978851318
18171,0.013999000000000095,0.0219369,0.007937900913715268,11.477609999999999,11.659912,0.18230210937500146,10.325389999999999,10.200992,-0.12439836944579952,0.06059910000000002,0.06307349,0.002474393540287001
18172,0.013999000000000095,0.0219369,0.007937900913715268,11.677610000000001,11.659912,-0.017697890625001378,10.92539,10.200992,-0.7243983694458009,0.08059909999999992,0.06307349,-0.017525606459712906
18173,-0.02600099999999994,0.0219369,0.0479379009137153,10.87761,11.659912,0.7823021093749993,8.325389999999999,10.200992,1.8756016305542005,0.010599099999999972,0.06307349,0.052474393540287045
18174,0.013999000000000095,0.0219369,0.007937900913715268,11.27761,11.659912,0.38230210937500075,9.42539,10.200992,0.7756016305541991,0.03059909999999999,0.06307349,0.03247439354028703
18175,0.17600300000000013,0.09662563,-0.07937736646223081,10.59808,6.5251203,-4.072959741668701,14.029720000000001,8.3377285,-5.69199149963379,0.46269989999999994,0.2110697,-0.2516301968978881
18177,0.10600300000000007,0.09662563,-0.009377366462230752,2.998079999999998,6.5251203,3.5270402583313007,6.40972,8.3377285,1.9280085003662109,0.1526999,0.2110697,0.05836980310211182
18191,0.07698099999999997,0.07868641,0.0017054086985588413,15.224429999999998,11.590726,-3.6337041012573223,12.501209999999999,10.860661,-1.640549447021483,0.0384814,0.080515966,0.04203456581935883
18233,0.0014879999999999338,0.0018972608,0.00040926077951497497,9.901820000000004,8.997509,-0.9043109973144574,5.716439999999999,5.7566476,0.04020758682251113,-0.05369219999999997,-0.00095516094,0.05273703905993399
18235,0.03148799999999996,0.0018972608,-0.02959073922048505,8.851820000000004,8.997509,0.1456890026855433,5.616439999999999,5.7566476,0.14020758682251078,-0.04369219999999996,-0.00095516094,0.04273703905993398
18358,0.3223218,0.2941366,-0.028185186392593375,16.41386,15.659167,-0.754692710266113,16.14024,15.775044,-0.36519555877685406,0.15182680000000004,0.15936108,0.007534279335212668
18360,0.09738699999999989,0.19716842,0.09978142472553264,16.225680000000004,19.406178,3.180497520751949,13.34515,16.551102,3.205951684570312,0.08145599999999997,0.23227446,0.1508184578123093
18361,0.332387,0.19716842,-0.13521857527446746,20.60568,19.406178,-1.1995024792480464,18.40515,16.551102,-1.8540483154296865,0.32145599999999996,0.23227446,-0.0891815421876907
18364,0.20238699999999998,0.19716842,-0.005218575274467452,19.70568,19.406178,-0.29950247924804785,17.105150000000002,16.551102,-0.5540483154296894,0.25145599999999996,0.23227446,-0.019181542187690692
18365,0.19238699999999997,0.19716842,0.004781424725532557,19.10568,19.406178,0.3004975207519536,16.50515,16.551102,0.04595168457031207,0.21145599999999998,0.23227446,0.020818457812309288
18366,0.20238699999999998,0.19716842,-0.005218575274467452,20.50568,19.406178,-1.0995024792480486,17.30515,16.551102,-0.7540483154296886,0.25145599999999996,0.23227446,-0.019181542187690692
18367,0.21238699999999988,0.19716842,-0.01521857527446735,22.20568,19.406178,-2.799502479248048,18.20515,16.551102,-1.6540483154296872,0.281456,0.23227446,-0.04918154218769072
18368,0.18538699999999986,0.19716842,0.011781424725532674,19.06568,19.406178,0.3404975207519527,16.52515,16.551102,0.025951684570312494,0.21045599999999998,0.23227446,0.02181845781230929
18456,0.31199,0.04167195,-0.27031804962992667,15.421590000000002,10.00667,-5.414920001831057,16.08508,7.454465,-8.63061508758545,0.24348359999999997,0.031005654,-0.21247794551596638
18457,0.05198999999999998,0.04167195,-0.010318049629926662,10.721590000000003,10.00667,-0.7149200018310573,8.085080000000001,7.454465,-0.6306150875854506,-0.006516399999999978,0.031005654,0.03752205448403356
18458,0.30199,0.04167195,-0.26031804962992666,20.921590000000002,10.00667,-10.914920001831057,17.98508,7.454465,-10.53061508758545,0.2534836,0.031005654,-0.2224779455159664
18459,0.13198999999999994,0.04167195,-0.09031804962992662,15.521590000000002,10.00667,-5.514920001831056,12.48508,7.454465,-5.030615087585449,0.10348360000000001,0.031005654,-0.07247794551596642
18548,-0.04830000000000001,-0.021427067,0.0268729330033064,9.92342,8.026783,-1.896637010498047,3.321159999999999,6.863128,3.541968185272218,0.08136260000000006,0.11481106,0.03344846281280511
18591,0.032215000000000105,0.058527872,0.026312871966361895,6.708349999999999,8.858324,2.149974050903321,4.807250000000002,6.337632,1.5303821792602523,-0.01973590000000003,-0.015270937,0.004464962765836744
18593,-0.007784999999999931,0.058527872,0.06631287196636193,7.038349999999998,8.858324,1.8199740509033226,3.707250000000002,6.337632,2.630382179260252,-0.049735899999999944,-0.015270937,0.03446496276583666
18897,0.16680000000000006,0.15698126,-0.00981874041557318,11.438210000000002,11.841752,0.40354205230712736,12.883309999999998,12.59966,-0.2836500802612285,0.1945831,0.15285917,-0.04172393373546601
18972,0.045600000000000085,0.02250689,-0.023093109181523408,11.082550000000001,11.38653,0.30397992248535033,12.354080000000002,11.801048,-0.5530317211914078,0.12870480000000006,0.112400465,-0.016304335286426608
18973,0.04060000000000008,0.02250689,-0.018093109181523404,10.062550000000002,11.38653,1.32397992248535,11.31408,11.801048,0.48696827880859317,0.11470479999999994,0.112400465,-0.0023043352864264843
18974,0.03160000000000007,0.02250689,-0.009093109181523396,9.832550000000001,11.38653,1.5539799224853503,10.074080000000002,11.801048,1.7269682788085916,0.07070480000000001,0.112400465,0.041695664713573444
18975,0.035600000000000076,0.02250689,-0.013093109181523399,9.992550000000001,11.38653,1.3939799224853502,10.404080000000002,11.801048,1.3969682788085915,0.07770479999999991,0.112400465,0.03469566471357355
19092,0.022386999999999935,0.014103634,-0.008283365717053348,13.715680000000003,12.541112,-1.1745680538940455,11.305150000000001,10.280686,-1.0244636215209972,0.09145599999999998,0.09003546,-0.0014205391106605347
19093,-0.06261300000000003,0.014103634,0.07671663428294662,13.445680000000001,12.541112,-0.9045680538940442,9.70515,10.280686,0.5755363784790042,0.051455999999999946,0.09003546,0.0385794608893395
19094,-0.04161300000000012,0.014103634,0.05571663428294671,13.305680000000002,12.541112,-0.7645680538940454,9.70515,10.280686,0.5755363784790042,0.051455999999999946,0.09003546,0.0385794608893395
19198,0.011009000000000047,-0.010434571,-0.02144357072228198,7.177890000000001,6.9536963,-0.2241937490844741,7.068549999999998,6.592369,-0.4761809204101546,0.08476320000000004,0.030598843,-0.05416435652978424
19202,-0.003775000000000084,0.028948281,0.03272328096032151,16.696040000000004,11.955237,-4.740802611389164,16.12153,12.740836,-3.3806938565063476,0.1615088,0.14296514,-0.018543662041473397
19244,-0.03878499999999985,0.029785803,0.06857080258786663,7.8783499999999975,7.8128676,-0.06548235855102291,4.807250000000002,5.7206287,0.9133787384033187,-0.011735900000000021,0.029483108,0.04121900784995558
19291,-0.07923600000000008,-0.013442477,0.06579352278864392,2.3797200000000025,4.177376,1.7976557934570288,-0.20638999999999896,2.5497532,2.756143189086913,-0.030698899999999973,0.020407429,0.05110632896497247
19342,0.006939600000000046,-0.04029485,-0.04723444838247304,11.826110000000002,11.302168,-0.523942107543947,12.053180000000001,9.532279,-2.5209009854125988,0.39010999999999996,0.24370116,-0.1464088400459289
19344,-0.11306040000000006,-0.04029485,0.07276555161752707,10.526110000000001,11.302168,0.7760578924560537,7.85318,9.532279,1.6790990145874023,0.12010999999999994,0.24370116,0.1235911599540711
19346,0.021525999999999934,-0.04659421,-0.06812020996904367,13.160549999999999,10.733671,-2.4268788116455067,13.2034,9.256026,-3.947373731994629,0.3717889,0.18143663,-0.19035227189674375
19348,-0.06847400000000015,-0.04659421,0.021879790030956414,10.260549999999999,10.733671,0.4731211883544937,7.7034,9.256026,1.5526262680053708,0.11178889999999997,0.18143663,0.06964772810325626
19349,-0.08847400000000016,-0.04659421,0.04187979003095643,9.56055,10.733671,1.173121188354493,6.9033999999999995,9.256026,2.3526262680053716,0.08178890000000005,0.18143663,0.09964772810325617
19455,-0.04820599999999997,-0.0290757,0.019130299210309953,15.4158,10.302538,-5.1132620819091805,12.249519999999999,8.618177,-3.631342586059569,0.013294299999999981,0.07838696,0.06509266241378786
19456,-0.05820599999999998,-0.0290757,0.029130299210309962,7.6158,10.302538,2.68673791809082,6.049519999999998,8.618177,2.568657413940432,0.0342943,0.07838696,0.04409266241378784
19467,-0.03778499999999996,0.017006624,0.05479162449002262,7.8683499999999995,9.477415,1.6090650848388677,4.847250000000001,6.5951414,1.747891410827636,-0.007735899999999907,0.001719597,0.009455497028568294
19468,-0.07778499999999999,0.017006624,0.09479162449002265,7.678349999999998,9.477415,1.799065084838869,2.247250000000001,6.5951414,4.347891410827636,-0.08773589999999998,0.001719597,0.08945549702856836
19551,0.00021500000000007624,0.02400984,0.023794840562939568,7.178349999999998,7.8547826,0.6764325813293475,4.8572500000000005,6.5467606,1.6895105590820307,-0.00973590000000002,0.042394012,0.052129912212753315
19552,-0.007784999999999931,0.02400984,0.031794840562939575,7.538349999999998,7.8547826,0.31643258132934804,5.207250000000002,6.5467606,1.3395105590820293,0.002264100000000102,0.042394012,0.040129912212753194
19592,0.10985100000000003,0.022149129,-0.08770187116062644,12.987359999999999,11.381216,-1.606143950805663,16.128130000000002,12.567187,-3.5609426907348656,0.1979033,0.12937902,-0.0685242808588028
19594,0.019851000000000063,0.022149129,0.0022981288393735255,12.637360000000001,11.381216,-1.256143950805665,13.728130000000002,12.567187,-1.1609426907348652,0.14690329999999996,0.12937902,-0.017524280858802754
19595,-0.010148999999999964,0.022149129,0.03229812883937355,11.62736,11.381216,-0.24614395080566354,11.11813,12.567187,1.449057309265136,0.0799032999999999,0.12937902,0.049475719141197305
19616,-0.008010000000000073,0.052391104,0.060401104400158,7.221590000000003,10.015739,2.794149440917966,3.7850800000000007,7.8776875,4.092607454223632,-0.05451640000000002,0.01221022,0.0667266200984955
19617,-0.008010000000000073,0.052391104,0.060401104400158,4.121590000000001,10.015739,5.8941494409179676,1.0850800000000014,7.8776875,6.792607454223631,-0.06551640000000003,0.01221022,0.07772662009849551
19820,-0.007784999999999931,0.016781354,0.02456635432302945,9.558349999999997,8.743536,-0.8148140045165988,6.507250000000001,6.4211245,-0.08612554168701259,-0.007735899999999907,0.017523974,0.025259874180221464
19827,0.3305867,0.1608979,-0.16968880430622102,16.26598,15.576794,-0.6891863293457021,17.0024,15.743382,-1.2590175460815445,0.4321154,0.36904147,-0.06307392732658385
19829,0.04058670000000009,0.1608979,0.1203111956937789,14.465979999999998,15.576794,1.1108136706542986,14.6024,15.743382,1.1409824539184577,0.3321154,0.36904147,0.03692607267341613
19830,0.26058670000000006,0.1608979,-0.09968880430622107,15.865979999999999,15.576794,-0.28918632934570176,16.5024,15.743382,-0.7590175460815445,0.4021154,0.36904147,-0.033073927326583874
19831,0.02058670000000007,0.1608979,0.14031119569377892,14.165979999999998,15.576794,1.4108136706542993,14.5024,15.743382,1.2409824539184573,0.3421154,0.36904147,0.026926072673416124
19832,0.12058670000000005,0.1608979,0.040311195693778945,15.165979999999998,15.576794,0.4108136706542993,15.1024,15.743382,0.6409824539184577,0.3221154,0.36904147,0.04692607267341614
19833,0.18244399999999994,0.1086545,-0.07378950094604486,18.99146,19.016327,0.024866904296874992,20.746370000000002,20.017424,-0.7289463702392602,0.2987978,0.28300843,-0.015789373572158816
19834,0.1324439999999999,0.1086545,-0.023789500946044817,19.99146,19.016327,-0.975133095703125,21.14637,20.017424,-1.1289463702392588,0.3187978,0.28300843,-0.035789373572158834
19835,0.02883199999999997,0.069874324,0.041042323904514344,13.28245,13.007114,-0.27533558959961013,14.54456,16.036144,1.4915842565917963,0.23287709999999995,0.2709224,0.03804529260673528
19837,0.12883199999999995,0.069874324,-0.058957676095485634,13.68245,13.007114,-0.6753355895996087,18.74456,16.036144,-2.708415743408203,0.3528771,0.2709224,-0.08195470739326477
19839,0.1324439999999999,0.1086545,-0.023789500946044817,20.891460000000002,19.016327,-1.8751330957031271,21.64637,20.017424,-1.6289463702392588,0.3287978,0.28300843,-0.04578937357215879
19841,0.16180099999999997,0.10688027,-0.054920730055332156,19.37923,17.550426,-1.8288035168457029,20.572339999999997,19.301512,-1.2708282354736298,0.3219151,0.28768805,-0.03422705330619813
19843,0.027392000000000083,0.05783789,0.030445888598441995,11.94256,12.622702,0.6801416448974607,13.118670000000002,15.78372,2.6650500164794906,0.16386619999999996,0.26529613,0.10142993137245182
19844,0.06739200000000012,0.05783789,-0.00955411140155804,11.742560000000001,12.622702,0.8801416448974599,17.61867,15.78372,-1.8349499835205094,0.3838662,0.26529613,-0.11857006862754821
19858,0.03698999999999997,0.04091319,0.003923190692663225,14.081590000000002,11.48034,-2.601249996032717,11.665080000000001,9.887262,-1.7778176556396499,0.0914836,0.06505709,-0.026426508585071562
19861,0.13698999999999995,0.04091319,-0.09607680930733675,14.06159,11.48034,-2.5812499960327155,13.27508,9.887262,-3.3878176556396493,0.14648359999999994,0.06505709,-0.0814265085850715
19914,0.274602,0.14837918,-0.12622282314491273,12.0003,10.7338705,-1.2664294937133782,16.577130000000004,14.220151,-2.356979052429203,0.21550750000000007,0.21155119,-0.003956310577392652
19915,0.38466199999999995,0.17417333,-0.21048867469978327,13.29973,13.596166,0.29643565704345676,18.62511,16.092468,-2.5326417382812494,0.21319050000000006,0.22196402,0.008773516556739747
19916,0.10460199999999997,0.14837918,0.04377717685508731,11.860299999999999,10.7338705,-1.1264294937133776,13.547130000000001,14.220151,0.6730209475707998,0.16550750000000003,0.21155119,0.04604368942260739
19917,0.05460200000000004,0.14837918,0.09377717685508724,10.770299999999999,10.7338705,-0.03642949371337778,12.997130000000002,14.220151,1.2230209475707987,0.19550750000000006,0.21155119,0.016043689422607366
19918,0.20460200000000006,0.14837918,-0.05622282314491278,11.9603,10.7338705,-1.226429493713379,16.75713,14.220151,-2.5369790524291993,0.2755075,0.21155119,-0.0639563105773926
19919,0.19460200000000005,0.14837918,-0.04622282314491277,11.8403,10.7338705,-1.106429493713378,17.12713,14.220151,-2.9069790524292003,0.31550750000000005,0.21155119,-0.10395631057739263
19920,0.05460200000000004,0.14837918,0.09377717685508724,8.200299999999999,10.7338705,2.5335705062866225,10.39713,14.220151,3.8230209475708,0.21950749999999997,0.21155119,-0.007956310577392545
19921,0.039602000000000026,0.14837918,0.10877717685508725,7.970300000000002,10.7338705,2.7635705062866194,10.05713,14.220151,4.1630209475708,0.1435075,0.21155119,0.06804368942260741
19928,0.07221500000000014,0.06759932,-0.004615681078434131,8.478349999999999,8.626225,0.1478754714965831,8.51725,7.6845226,-0.832727371215821,0.09126410000000007,0.07166521,-0.019598887487983774
19929,0.022215000000000096,0.06759932,0.045384318921565914,7.27835,8.626225,1.3478754714965824,6.957250000000002,7.6845226,0.7272726287841778,0.07026410000000005,0.07166521,0.0014011125120162449
20127,6.000000000017103e-05,-0.0009535605,-0.0010135605204293352,8.103659999999998,7.2819386,-0.8217214471435526,7.350839999999998,8.014334,0.6634937249755879,0.05278970000000005,0.12531216,0.07252246442584986
20129,-0.009939999999999838,-0.0009535605,0.008986439479570674,7.59366,7.2819386,-0.31172144714355454,7.890839999999999,8.014334,0.12349372497558697,0.11278969999999999,0.12531216,0.012522464425849922
20131,-0.018939999999999957,-0.0009535605,0.017986439479570793,7.813659999999999,7.2819386,-0.5317214471435534,8.20084,8.014334,-0.18650627502441353,0.1227897,0.12531216,0.002522464425849913
20132,0.049868000000000134,0.021171186,-0.028696813880682126,11.199940000000002,10.645131,-0.554808888854982,12.994439999999999,11.3384,-1.6560401129150382,0.17442990000000003,0.15990177,-0.014528132030868557
20133,0.001060000000000061,-0.0009535605,-0.002013560520429225,8.29366,7.2819386,-1.0117214471435538,8.62084,8.014334,-0.6065062750244135,0.1227897,0.12531216,0.002522464425849913
20134,-0.01193999999999984,-0.0009535605,0.010986439479570675,8.173659999999998,7.2819386,-0.8917214471435528,7.640839999999999,8.014334,0.37349372497558697,0.07278970000000007,0.12531216,0.052522464425849846
20137,0.0040600000000000636,-0.0009535605,-0.005013560520429228,8.32366,7.2819386,-1.041721447143555,9.62084,8.014334,-1.6065062750244135,0.16278970000000004,0.12531216,-0.03747753557415012
20347,-0.03920199999999996,0.010187538,0.04938953834068771,7.93967,9.347726,1.408055868225098,7.769459999999999,8.795532,1.0260722265625013,0.07593260000000002,0.11011183,0.03417923261871336
20348,-0.03920199999999996,0.010187538,0.04938953834068771,7.93967,9.347726,1.408055868225098,8.06946,8.795532,0.7260722265625006,0.08793260000000003,0.11011183,0.02217923261871335
20371,0.081488,-0.0042217164,-0.08570971643003822,11.241820000000004,8.281355,-2.9604650958251995,15.116439999999999,5.231694,-9.884745778503417,0.39630780000000004,0.009686348,-0.38662145197151904
20448,0.002215000000000078,0.016781354,0.01456635432302944,8.43835,8.743536,0.30518599548339864,6.907250000000001,6.4211245,-0.48612554168701294,0.03226410000000002,0.017523974,-0.01474012581977846
20449,-0.03778499999999996,0.016781354,0.054566354323029476,7.638349999999999,8.743536,1.1051859954833994,5.1072500000000005,6.4211245,1.3138744583129878,0.0122641,0.017523974,0.005259874180221558
20456,-0.05698500000000006,-0.049165316,0.007819684073925082,5.447780000000002,6.9773393,1.5295592677307113,3.874769999999998,3.6342814,-0.24048860313415332,0.023006299999999924,0.026437681,0.0034313811683178708
20459,-0.07121500000000003,-0.049165316,0.022049684073925047,3.3977000000000004,4.6683707,1.2706707237243648,0.01576999999999984,2.1061704,2.090400415878296,-0.0007619000000000931,0.013915172,0.014677071846747491
20460,-0.07721500000000003,-0.049165316,0.028049684073925052,2.8176999999999985,4.6683707,1.8506707237243667,-0.38422999999999874,2.1061704,2.4904004158782946,-0.03076190000000001,0.013915172,0.04467707184674741
20461,-0.039215,-0.049165316,-0.009950315926074982,3.457699999999999,4.6683707,1.2106707237243661,0.4757700000000007,2.1061704,1.6304004158782952,0.004238099999999911,0.013915172,0.009677071846747487
20462,-0.035214999999999996,-0.049165316,-0.013950315926074985,4.6777000000000015,4.6683707,-0.009329276275636289,1.0057699999999983,2.1061704,1.1004004158782976,0.03823810000000005,0.013915172,-0.024322928153252654
20464,-0.05321500000000001,-0.049165316,0.004049684073925031,5.447700000000001,4.6683707,-0.7793292762756359,3.4957700000000003,2.1061704,-1.3895995841217044,0.01423809999999992,0.013915172,-0.0003229281532525219
20466,-0.06721500000000002,-0.049165316,0.018049684073925043,4.517700000000001,4.6683707,0.15067072372436385,2.2457700000000003,2.1061704,-0.13959958412170437,-0.0007619000000000931,0.013915172,0.014677071846747491
20467,-0.07121500000000003,-0.049165316,0.022049684073925047,3.3977000000000004,4.6683707,1.2706707237243648,1.4057700000000004,2.1061704,0.7004004158782955,-0.0007619000000000931,0.013915172,0.014677071846747491
20468,-0.07721500000000003,-0.049165316,0.028049684073925052,2.8176999999999985,4.6683707,1.8506707237243667,0.11577000000000126,2.1061704,1.9904004158782946,-0.03076190000000001,0.013915172,0.04467707184674741
20469,-0.039215,-0.049165316,-0.009950315926074982,3.457699999999999,4.6683707,1.2106707237243661,1.9657699999999991,2.1061704,0.14040041587829677,0.004238099999999911,0.013915172,0.009677071846747487
20470,-0.035214999999999996,-0.049165316,-0.013950315926074985,4.6777000000000015,4.6683707,-0.009329276275636289,3.6557700000000004,2.1061704,-1.5495995841217045,0.03823810000000005,0.013915172,-0.024322928153252654
20471,-0.01821499999999987,-0.049165316,-0.03095031592607511,5.367699999999999,4.6683707,-0.699329276275634,5.17577,2.1061704,-3.069599584121704,0.07523809999999997,0.013915172,-0.061322928153252576
20473,-0.05321500000000001,-0.049165316,0.004049684073925031,4.357700000000001,4.6683707,0.310670723724364,1.3657700000000013,2.1061704,0.7404004158782946,0.05023809999999995,0.013915172,-0.036322928153252554
20474,-0.058214999999999906,-0.049165316,0.009049684073924924,4.457699999999999,4.6683707,0.21067072372436613,2.135769999999999,2.1061704,-0.02959958412170316,0.010238099999999917,0.013915172,0.0036770718467474817
20475,-0.057215000000000016,-0.049165316,0.008049684073925034,4.9277000000000015,4.6683707,-0.2593292762756363,1.7157699999999991,2.1061704,0.39040041587829677,0.011238100000000029,0.013915172,0.0026770718467473698
20477,-0.0542149999999999,-0.049165316,0.0050496840739249205,4.747700000000002,4.6683707,-0.07932927627563657,1.1457699999999988,2.1061704,0.960400415878297,-0.0007619000000000931,0.013915172,0.014677071846747491
20478,-0.057215000000000016,-0.049165316,0.008049684073925034,4.637699999999999,4.6683707,0.03067072372436641,1.555769999999999,2.1061704,0.5504004158782969,0.01323810000000003,0.013915172,0.000677071846747368
20479,-0.05321500000000001,-0.049165316,0.004049684073925031,4.7377,4.6683707,-0.06932927627563501,2.1957699999999996,2.1061704,-0.08959958412170366,0.006238100000000024,0.013915172,0.007677071846747374
20480,-0.058214999999999906,-0.049165316,0.009049684073924924,4.9177,4.6683707,-0.24932927627563473,1.6957699999999996,2.1061704,0.41040041587829634,-0.002761900000000095,0.013915172,0.016677071846747493
20481,-0.057215000000000016,-0.049165316,0.008049684073925034,4.6677,4.6683707,0.0006707237243652742,1.7957699999999992,2.1061704,0.3104004158782967,0.00023809999999990783,0.013915172,0.01367707184674749
20482,-0.05321500000000001,-0.049165316,0.004049684073925031,4.997700000000002,4.6683707,-0.3293292762756366,2.41577,2.1061704,-0.3095995841217043,0.010238099999999917,0.013915172,0.0036770718467474817
20483,-0.05121500000000001,-0.049165316,0.002049684073925029,5.247700000000002,4.6683707,-0.5793292762756366,2.26577,2.1061704,-0.15959958412170394,-0.0037618999999999847,0.013915172,0.017677071846747383
20485,-0.057215000000000016,-0.049165316,0.008049684073925034,5.1777000000000015,4.6683707,-0.5093292762756363,1.8257700000000003,2.1061704,0.28040041587829556,0.0012381000000000197,0.013915172,0.012677071846747379
20506,-0.00828300000000004,0.01079177,0.019074770182549994,8.960720000000002,9.76463,0.8039103176879863,5.5389,7.1680226,1.629122632598877,-0.0449948,0.017399056,0.062393855883288385
20507,0.07171700000000003,0.01079177,-0.06092522981745008,8.960720000000002,9.76463,0.8039103176879863,8.0389,7.1680226,-0.870877367401123,0.04500519999999997,0.017399056,-0.027606144116711584
20508,0.0017169999999999686,0.01079177,0.009074770182549985,9.660720000000001,9.76463,0.10391031768798697,6.6389,7.1680226,0.5291226325988774,-0.004994799999999966,0.017399056,0.02239385588328835
20511,-0.00828300000000004,0.01079177,0.019074770182549994,8.76072,9.76463,1.003910317687989,5.4389,7.1680226,1.7291226325988767,-0.024994799999999984,0.017399056,0.04239385588328837
20512,-0.03828300000000007,0.01079177,0.04907477018255002,8.160720000000001,9.76463,1.603910317687987,4.738899999999999,7.1680226,2.4291226325988777,-0.014994799999999975,0.017399056,0.03239385588328836
20513,-0.00828300000000004,0.01079177,0.019074770182549994,10.160720000000001,9.76463,-0.396089682312013,7.1389,7.1680226,0.029122632598877374,0.005005200000000043,0.017399056,0.01239385588328834
20514,-0.01828300000000005,0.01079177,0.029074770182550003,10.460720000000002,9.76463,-0.6960896823120137,6.738899999999999,7.1680226,0.42912263259887773,-0.014994799999999975,0.017399056,0.03239385588328836
20515,-0.01828300000000005,0.01079177,0.029074770182550003,10.960720000000002,9.76463,-1.1960896823120137,7.338899999999999,7.1680226,-0.17087736740112192,-0.004994799999999966,0.017399056,0.02239385588328835
20516,-0.01828300000000005,0.01079177,0.029074770182550003,9.86072,9.76463,-0.09608968231201231,6.6389,7.1680226,0.5291226325988774,-0.004994799999999966,0.017399056,0.02239385588328835
20726,-0.09030999999999989,-0.043172467,0.0471375325000285,6.975769999999997,7.7580957,0.7823257412719755,2.147680000000001,5.4365115,3.288831516571044,-0.05907969999999996,0.030967874,0.09004757445247169
20730,-0.09030999999999989,-0.043172467,0.0471375325000285,8.275769999999998,7.7580957,-0.5176742587280252,3.1676800000000007,5.4365115,2.268831516571044,-0.06207969999999985,0.030967874,0.09304757445247158
20787,0.07238699999999998,0.027552787,-0.044834212785482386,9.805680000000002,9.757338,-0.04834242980957271,8.70515,7.4852333,-1.219916693115234,0.04145599999999994,0.040128075,-0.0013279254136084884
20797,0.16537299999999988,0.14025891,-0.02511409172821033,15.113229999999998,13.942974,-1.170255909423826,16.23133,14.557987,-1.6733427868652342,0.1098519,0.109169565,-0.000682334858798983
20828,0.06369200000000008,0.14838436,0.08469236245918266,8.862210000000001,10.42402,1.5618098135375966,8.45159,10.59681,2.145220340881348,0.06840489999999999,0.112494774,0.04408987416276933
20830,0.100692,0.14838436,0.047692362459182736,9.362210000000001,10.42402,1.0618098135375966,10.251589999999998,10.59681,0.34522034088134923,0.12840490000000004,0.112494774,-0.015910125837230726
20831,0.3036920000000001,0.14838436,-0.15530763754081733,13.362210000000001,10.42402,-2.9381901864624034,14.55159,10.59681,-3.9547796591186515,0.16840489999999997,0.112494774,-0.05591012583723065
20850,0.045135999999999954,0.033269912,-0.011866087995529129,12.838170000000002,12.51672,-0.32145018188476726,14.01048,13.747628,-0.2628517880249017,0.1413118000000001,0.13674006,-0.004571741339492896
20870,-0.07888399999999995,-0.063380554,0.015503445681571915,4.708970000000001,6.446896,1.7379260762023918,0.7002500000000005,3.3705437,2.670293718338012,-0.06649400000000005,0.0018954868,0.06838948684284096
20873,-0.07888399999999995,-0.063380554,0.015503445681571915,5.288969999999999,6.446896,1.1579260762023935,1.2902500000000003,3.3705437,2.0802937183380124,-0.04849400000000004,0.0018954868,0.05038948684284095
20874,-0.07788400000000006,-0.063380554,0.014503445681572025,5.67897,6.446896,0.767926076202393,2.000250000000001,3.3705437,1.3702937183380115,-0.032494000000000134,0.0018954868,0.034389486842841044
20889,0.04969000000000012,-0.002242672,-0.05193267202429486,9.67577,9.391787,-0.28398342468261717,7.987680000000001,6.256169,-1.7315111576843272,0.021920300000000004,0.0010587007,-0.020861599272701148
20890,-0.050309999999999855,-0.002242672,0.04806732797570512,8.555769999999999,9.391787,0.8360165753173838,4.127680000000002,6.256169,2.1284888423156723,-0.058079699999999956,0.0010587007,0.05913840072729881
20891,-0.015309999999999935,-0.002242672,0.0130673279757052,8.10577,9.391787,1.2860165753173831,5.087680000000001,6.256169,1.1684888423156732,-0.022079699999999924,0.0010587007,0.02313840072729878
20910,0.021373000000000086,0.019086184,-0.002286816019892779,5.603180000000002,6.7314124,1.1282324107360822,6.535700000000002,8.652531,2.1168306701660136,0.040985200000000055,0.12016442,0.07917921673040385
20911,0.05137300000000011,0.019086184,-0.032286816019892806,7.18318,6.7314124,-0.45176758926391614,9.6857,8.652531,-1.033169329833985,0.15098520000000004,0.12016442,-0.03082078326959614
20935,-0.006610000000000005,0.014421733,0.021031733096241956,4.164940000000001,7.161788,2.9968479867553697,4.508869999999998,8.151593,3.64272320831299,0.06232340000000003,0.09946326,0.0371398616639137
21027,0.10821500000000006,0.02400984,-0.08420515943706042,7.068349999999999,7.8547826,0.7864325813293469,8.137250000000002,6.5467606,-1.5904894409179704,0.07226410000000005,0.042394012,-0.029870087787246757
21029,0.012215000000000087,0.02400984,0.011794840562939557,7.038349999999998,7.8547826,0.816432581329348,4.3472500000000025,6.5467606,2.1995105590820287,-0.03773589999999993,0.042394012,0.08012991221275323
21060,-0.0176130000000001,0.05634767,0.07396066817092906,10.325680000000002,13.369649,3.0439689334106426,6.67515,9.772323,3.0971726547241207,-0.021544000000000008,0.04143527,0.06297927150154115
21157,-0.028512000000000093,0.114463,0.14297500148963938,9.241820000000004,9.565397,0.32357726257323804,5.296439999999999,9.305899,4.009458666381837,-0.04369219999999996,0.04917824,0.0928704389581203
21167,-0.08869900000000008,-0.021576673,0.06712232720756539,5.276620000000001,7.388861,2.1122411793518054,2.726200000000002,6.372853,3.646652802276609,0.016723800000000066,0.06873945,0.05201565146799081
21168,-0.06869900000000007,-0.021576673,0.04712232720756537,8.006620000000002,7.388861,-0.617758820648195,5.966200000000002,6.372853,0.40665280227660894,0.059723799999999994,0.06873945,0.009015651467990882
21191,0.0025340000000000362,0.022789866,0.020255865732192957,7.186149999999998,9.421823,2.2356725479126,5.388349999999999,7.116186,1.7278361419677744,-0.06918380000000002,0.012943225,0.08212702498142721
21192,0.14238699999999993,0.02760723,-0.11477976953041547,11.40568,8.911849,-2.493830978088379,12.20515,7.2115564,-4.993593565368652,0.15145599999999992,0.04094392,-0.11051207938766472
21193,0.13238699999999992,0.02760723,-0.10477976953041546,10.605680000000003,8.911849,-1.693830978088382,10.50515,7.2115564,-3.2935935653686528,0.08145599999999997,0.04094392,-0.04051207938766477
21214,0.012386999999999926,0.02760723,0.01522023046958454,6.90568,8.911849,2.006169021911621,5.95515,7.2115564,1.256406434631348,0.03145599999999993,0.04094392,0.009487920612335277
21316,-0.06251200000000012,0.0018972608,0.06440926077951503,7.111820000000002,8.997509,1.8856890026855453,2.8464399999999976,5.7566476,2.910207586822512,-0.05669219999999997,-0.00095516094,0.05573703905993399
21319,-0.07951200000000003,0.0018972608,0.08140926077951494,6.821820000000002,8.997509,2.1756890026855444,1.81644,5.7566476,3.9402075868225097,-0.07869219999999999,-0.00095516094,0.07773703905993401
21320,-0.07651200000000014,0.0018972608,0.07840926077951504,6.261820000000004,8.997509,2.735689002685543,1.686440000000001,5.7566476,4.070207586822509,-0.06669219999999998,-0.00095516094,0.065737039059934
21321,-0.07251200000000013,0.0018972608,0.07440926077951504,6.391820000000003,8.997509,2.605689002685544,1.7564399999999978,5.7566476,4.000207586822512,-0.07069219999999998,-0.00095516094,0.069737039059934
21322,-0.07651200000000014,0.0018972608,0.07840926077951504,7.181820000000002,8.997509,1.815689002685545,2.1264399999999988,5.7566476,3.630207586822511,-0.08069219999999999,-0.00095516094,0.07973703905993401
21345,-0.031843000000000066,-0.060786977,-0.0289439774103164,1.7864700000000013,4.7101455,2.9236754734802233,2.054759999999998,4.1992884,2.1445283682250995,0.056093200000000065,0.06663928,0.010546081809329921
21347,-0.09184300000000012,-0.060786977,0.03105602258968365,6.886469999999999,4.7101455,-2.1763245265197746,5.48476,4.1992884,-1.285471631774902,0.06809320000000008,0.06663928,-0.0014539181906700893
21348,-0.0718430000000001,-0.060786977,0.011056022589683634,4.766470000000002,4.7101455,-0.05632452651977715,4.21476,4.1992884,-0.015471631774902406,0.07209320000000008,0.06663928,-0.005453918190670093
21349,-0.041843000000000075,-0.060786977,-0.018943977410316393,2.676470000000002,4.7101455,2.0336754734802227,2.6547599999999996,4.1992884,1.544528368225098,0.05409319999999995,0.06663928,0.012546081809330034
21351,-0.08184300000000011,-0.060786977,0.021056022589683643,6.996470000000002,4.7101455,-2.2863245265197776,5.5747599999999995,4.1992884,-1.3754716317749018,0.05909319999999996,0.06663928,0.00754608180933003
21396,0.22109299999999998,0.19460434,-0.0264886627845764,18.196640000000002,13.35686,-4.839779839172365,16.14937,12.284087,-3.8652828189086925,0.1900231,0.1531307,-0.03689240477619171
21397,0.217395,0.14013276,-0.07726224495887757,13.36081,9.789438,-3.5713717523193367,15.50918,12.164362,-3.344818046264649,0.2641566,0.16722338,-0.09693322098407747
21399,0.2106800000000001,0.21470247,0.004022472090721041,8.716399999999997,6.584135,-2.1322649444580044,13.025250000000002,10.166745,-2.8585048141479508,0.2683918,0.23539703,-0.032994774057197584
21400,0.21094499999999994,0.23496823,0.02402323012828833,4.971860000000003,8.282206,3.310345581665036,9.39506,11.415312,2.0202518133544913,0.2319057,0.20952284,-0.022382856639099113
21401,0.32094500000000004,0.23496823,-0.08597676987171177,9.451860000000002,8.282206,-1.1696544183349626,13.055060000000001,11.415312,-1.6397481866455088,0.2919057,0.20952284,-0.08238285663909911
21521,0.05140100000000003,0.08121723,0.02981622936630246,12.44652,9.799673,-2.6468469195556636,9.666570000000002,6.8729887,-2.7935812991333027,0.05663830000000003,0.015055781,-0.04158251876966956
21524,0.04061500000000007,0.028545741,-0.012069259008169242,10.528690000000001,9.136993,-1.391696591796876,7.86889,7.0241466,-0.8447434431457523,0.05409549999999996,0.014344907,-0.03975059263426062
21525,-0.019930000000000003,0.032722253,0.052652253352403644,5.722109999999997,7.4986444,1.7765343519592314,3.2874300000000005,5.1346016,1.8471715930175776,-0.029368599999999967,0.007838089,0.0372066890190601
21526,0.060975,0.03821676,-0.022758241480588914,7.18599,7.9722056,0.7862156388854977,5.810269999999999,6.25196,0.4416898007202157,0.024944900000000048,0.009150946,-0.015793954418504286
21541,-0.03588900000000006,-0.03782064,-0.001931640951394975,10.36213,9.907796,-0.454334093933106,9.77854,8.865248,-0.9132922735595699,0.09059139999999999,0.07063235,-0.01995904657497405
21542,-0.05588900000000008,-0.03782064,0.018068359048605043,9.68213,9.907796,0.22566590606689374,8.70854,8.865248,0.1567077264404304,0.08059139999999998,0.07063235,-0.00995904657497404
21543,-0.05588900000000008,-0.03782064,0.018068359048605043,8.79213,9.907796,1.1156659060668943,7.498539999999998,8.865248,1.3667077264404313,0.05059139999999995,0.07063235,0.020040953425025987
21544,-0.03588900000000006,-0.03782064,-0.001931640951394975,10.11213,9.907796,-0.20433409393310598,9.54854,8.865248,-0.6832922735595695,0.08059139999999998,0.07063235,-0.00995904657497404
21545,-0.06588900000000009,-0.03782064,0.02806835904860505,9.302130000000002,9.907796,0.6056659060668927,7.48854,8.865248,1.3767077264404293,0.040591399999999944,0.07063235,0.030040953425025996
21546,-0.02588900000000005,-0.03782064,-0.011931640951394984,9.942130000000002,9.907796,-0.03433409393310782,9.38854,8.865248,-0.5232922735595711,0.07059139999999997,0.07063235,4.0953425025969104e-05
21567,0.19313999999999998,0.12346202,-0.06967797864913938,16.58115,14.805022,-1.7761277603149423,13.638750000000002,12.211522,-1.4272278976440447,0.03882269999999999,0.07927382,0.04045111992340089
21568,0.043139999999999956,0.12346202,0.08032202135086064,11.931149999999999,14.805022,2.87387223968506,9.078750000000001,12.211522,3.132772102355956,0.01882269999999997,0.07927382,0.06045111992340091
21570,0.17313999999999996,0.12346202,-0.049677978649139365,15.841149999999999,14.805022,-1.0361277603149404,14.028750000000002,12.211522,-1.8172278976440452,0.11882269999999995,0.07927382,-0.03954888007659907
21571,0.26313999999999993,0.12346202,-0.13967797864913933,18.531149999999997,14.805022,-3.726127760314938,16.76875,12.211522,-4.557227897644044,0.21882269999999998,0.07927382,-0.1395488800765991
21572,0.17313999999999996,0.12346202,-0.049677978649139365,17.19115,14.805022,-2.386127760314942,14.888750000000002,12.211522,-2.6772278976440447,0.11882269999999995,0.07927382,-0.03954888007659907
21573,0.07313999999999998,0.12346202,0.05032202135086061,11.32115,14.805022,3.483872239685059,9.59875,12.211522,2.6127721023559562,0.0488227,0.07927382,0.030451119923400882
21574,0.0031399999999999206,0.12346202,0.12032202135086068,9.96115,14.805022,4.843872239685059,5.298750000000002,12.211522,6.912772102355955,-0.0711773,0.07927382,0.15045111992340088
21575,0.18313999999999997,0.12346202,-0.059677978649139374,16.37115,14.805022,-1.5661277603149415,14.598750000000003,12.211522,-2.3872278976440455,0.13882269999999997,0.07927382,-0.05954888007659909
21576,0.26313999999999993,0.12346202,-0.13967797864913933,20.531149999999997,14.805022,-5.726127760314938,17.558750000000003,12.211522,-5.347227897644046,0.2288227,0.07927382,-0.1495488800765991
21579,-0.04211930000000008,0.056785326,0.09890462645106324,1.4563799999999993,6.2861376,4.829757580871583,1.4218700000000002,6.4482594,5.026389353637695,0.04652119999999993,0.12665059,0.08012938672428138
21581,0.07788069999999991,0.056785326,-0.021095373548936758,6.356379999999998,6.2861376,-0.07024241912841589,7.85187,6.4482594,-1.4036106463623046,0.16652119999999992,0.12665059,-0.039870613275718614
21582,0.13788069999999997,0.056785326,-0.08109537354893681,7.686379999999998,6.2861376,-1.400242419128416,9.371870000000001,6.4482594,-2.923610646362306,0.19652119999999995,0.12665059,-0.06987061327571864
21640,0.205488,0.07639897,-0.12908903130340577,14.441820000000003,13.236421,-1.205399368591312,14.91644,11.920306,-2.996133794250488,0.24630780000000002,0.13363652,-0.11267128068714144
21642,0.025487999999999955,0.07639897,0.05091096869659428,13.741820000000002,13.236421,-0.505399368591311,11.716439999999999,11.920306,0.20386620574951309,0.11630780000000007,0.13363652,0.01732871931285851
21643,-0.007511999999999963,0.07639897,0.0839109686965942,14.641820000000003,13.236421,-1.4053993685913113,11.216439999999999,11.920306,0.7038662057495131,0.06630780000000003,0.13363652,0.06732871931285855
21644,-0.010512000000000077,0.07639897,0.08691096869659432,15.541820000000003,13.236421,-2.3053993685913117,11.01644,11.920306,0.9038662057495124,0.0063078000000000856,0.13363652,0.1273287193128585
21645,0.06348799999999999,0.07639897,0.01291096869659425,17.04182,13.236421,-3.80539936859131,15.31644,11.920306,-3.3961337942504883,0.25630780000000003,0.13363652,-0.12267128068714145
21646,0.18948799999999988,0.07639897,-0.11308903130340564,14.641820000000003,13.236421,-1.4053993685913113,15.01644,11.920306,-3.0961337942504876,0.24630780000000002,0.13363652,-0.11267128068714144
21647,0.210488,0.07639897,-0.13408903130340577,17.441820000000003,13.236421,-4.205399368591312,16.51644,11.920306,-4.596133794250488,0.2963078,0.13363652,-0.16267128068714143
21725,0.1522150000000001,0.017006624,-0.13520837550997744,17.07835,9.477415,-7.600934915161133,13.837250000000001,6.5951414,-7.242108589172364,0.052264100000000036,0.001719597,-0.05054450297143165
21726,0.11221500000000006,0.017006624,-0.0952083755099774,16.278349999999996,9.477415,-6.800934915161129,13.527250000000002,6.5951414,-6.9321085891723655,0.09226410000000007,0.001719597,-0.09054450297143168
21727,0.23221500000000006,0.017006624,-0.2152083755099774,15.368349999999998,9.477415,-5.8909349151611305,13.617250000000002,6.5951414,-7.022108589172365,0.052264100000000036,0.001719597,-0.05054450297143165
21728,0.08221500000000015,0.017006624,-0.06520837550997749,10.52835,9.477415,-1.0509349151611325,9.587250000000001,6.5951414,-2.992108589172364,0.062264100000000044,0.001719597,-0.06054450297143166
21729,0.012215000000000087,0.017006624,0.004791624490022572,9.518349999999998,9.477415,-0.0409349151611309,6.267250000000001,6.5951414,0.32789141082763607,-0.03773589999999993,0.001719597,0.03945549702856832
21730,0.032215000000000105,0.017006624,-0.015208375509977445,8.68835,9.477415,0.7890650848388674,6.2272500000000015,6.5951414,0.3678914108276352,-0.017735899999999916,0.001719597,0.019455497028568303
21731,0.012215000000000087,0.017006624,0.004791624490022572,8.588349999999998,9.477415,0.8890650848388688,6.007250000000001,6.5951414,0.5878914108276359,-0.007735899999999907,0.001719597,0.009455497028568294
21732,-0.007784999999999931,0.017006624,0.02479162449002259,8.668349999999997,9.477415,0.8090650848388705,5.557250000000002,6.5951414,1.0378914108276351,-0.027735899999999925,0.001719597,0.02945549702856831
21735,0.21221500000000004,0.017006624,-0.19520837550997738,19.81835,9.477415,-10.340934915161132,15.21725,6.5951414,-8.622108589172363,-0.017735899999999916,0.001719597,0.019455497028568303
21736,0.21221500000000004,0.017006624,-0.19520837550997738,19.74835,9.477415,-10.270934915161131,14.547250000000002,6.5951414,-7.952108589172365,-0.09773589999999999,0.001719597,0.09945549702856837
21737,0.08221500000000015,0.017006624,-0.06520837550997749,17.448349999999998,9.477415,-7.970934915161131,12.69725,6.5951414,-6.102108589172364,-0.027735899999999925,0.001719597,0.02945549702856831
21738,0.042215000000000114,0.017006624,-0.025208375509977454,15.108349999999998,9.477415,-5.630934915161131,10.747250000000001,6.5951414,-4.152108589172364,-0.027735899999999925,0.001719597,0.02945549702856831
21739,0.032215000000000105,0.017006624,-0.015208375509977445,11.908349999999999,9.477415,-2.4309349151611315,8.047250000000002,6.5951414,-1.452108589172365,-0.04773589999999994,0.001719597,0.04945549702856833
21779,-0.07001000000000013,0.04167195,0.11168195037007345,7.657590000000003,10.00667,2.3490799981689428,4.98508,7.454465,2.469384912414551,0.023483599999999938,0.031005654,0.007522054484033647
21816,0.1430530000000001,0.10777889,-0.0352741080789567,8.984370000000002,10.248239,1.2638685635375957,10.41232,11.155347,0.7430268704223639,0.026765299999999992,0.040779833,0.014014532750558861
22052,0.06238699999999997,0.030291053,-0.03209594746482369,9.935680000000001,9.6605215,-0.2751584927368178,8.33515,7.844547,-0.4906032051086431,0.026455999999999924,0.05007824,0.023622239291906433
22053,-0.0176130000000001,0.030291053,0.04790405253517638,7.635680000000001,9.6605215,2.024841507263183,4.895150000000001,7.844547,2.9493967948913564,-0.010544000000000109,0.05007824,0.060622239291906466
22070,-0.057784999999999975,0.016781354,0.0745663543230295,4.458349999999999,8.743536,4.285185995483399,0.5772500000000029,6.4211245,5.843874458312985,-0.06773589999999996,0.017523974,0.08525987418022152
22071,-0.02778499999999995,0.016781354,0.04456635432302947,4.708349999999999,8.743536,4.035185995483399,1.9072500000000012,6.4211245,4.513874458312987,-0.03773589999999993,0.017523974,0.05525987418022149
22072,-0.02778499999999995,0.016781354,0.04456635432302947,5.448349999999998,8.743536,3.2951859954834006,2.957250000000002,6.4211245,3.4638744583129863,-0.017735899999999916,0.017523974,0.03525987418022147
22073,-0.02778499999999995,0.016781354,0.04456635432302947,5.6283499999999975,8.743536,3.115185995483401,2.7672500000000007,6.4211245,3.6538744583129876,-0.027735899999999925,0.017523974,0.04525987418022148
22074,-0.057784999999999975,0.016781354,0.0745663543230295,4.548349999999999,8.743536,4.195185995483399,0.7872500000000002,6.4211245,5.633874458312988,-0.05773589999999995,0.017523974,0.07525987418022151
22111,0.1093869999999999,0.050474685,-0.05891231531453123,11.185680000000001,9.024521,-2.161159125976564,9.20515,7.3312144,-1.8739355720520017,0.0014560000000000128,0.0140208565,0.0125648564698696
22112,0.09738699999999989,0.050474685,-0.04691231531453122,9.965680000000003,9.024521,-0.941159125976565,7.575150000000001,7.3312144,-0.24393557205200267,-0.03854400000000002,0.0140208565,0.052564856469869636
22113,0.1123869999999999,0.050474685,-0.06191231531453123,11.705680000000001,9.024521,-2.6811591259765635,9.07515,7.3312144,-1.7439355720520027,-0.03854400000000002,0.0140208565,0.052564856469869636
22114,0.11938699999999991,0.050474685,-0.06891231531453124,11.805680000000002,9.024521,-2.781159125976565,9.395150000000001,7.3312144,-2.063935572052003,-0.028544000000000014,0.0140208565,0.04256485646986963
22115,0.13238699999999992,0.050474685,-0.08191231531453125,12.435680000000001,9.024521,-3.411159125976564,10.33515,7.3312144,-3.0039355720520025,0.0014560000000000128,0.0140208565,0.0125648564698696
22116,0.025386999999999937,0.050474685,0.025087684685468736,8.435680000000001,9.024521,0.5888408740234361,6.18515,7.3312144,1.146064427947998,-0.008543999999999996,0.0140208565,0.02256485646986961
22118,0.09938699999999989,0.050474685,-0.04891231531453122,10.185680000000001,9.024521,-1.161159125976564,8.17515,7.3312144,-0.8439355720520023,-0.018544000000000005,0.0140208565,0.03256485646986962
22120,0.025386999999999937,0.050474685,0.025087684685468736,8.435680000000001,9.024521,0.5888408740234361,6.18515,7.3312144,1.146064427947998,-0.008543999999999996,0.0140208565,0.02256485646986961
22121,0.023386999999999936,0.050474685,0.027087684685468738,9.075680000000002,9.024521,-0.05115912597656447,6.665150000000001,7.3312144,0.6660644279479975,-0.008543999999999996,0.0140208565,0.02256485646986961
22122,0.2423869999999999,0.050474685,-0.19191231531453123,10.90568,9.024521,-1.8811591259765628,7.825150000000001,7.3312144,-0.49393557205200267,-0.028544000000000014,0.0140208565,0.04256485646986963
22181,0.07321500000000014,0.016781354,-0.05643364567697062,10.248349999999999,8.743536,-1.5048140045166,8.467250000000002,6.4211245,-2.0461255416870134,0.02226410000000001,0.017523974,-0.004740125819778451
22182,0.008215000000000083,0.016781354,0.008566354323029435,8.61835,8.743536,0.12518599548339893,4.647250000000001,6.4211245,1.7738744583129868,-0.07773589999999997,0.017523974,0.09525987418022153
22183,0.018215000000000092,0.016781354,-0.001433645676970574,8.198349999999998,8.743536,0.5451859954834006,5.2272500000000015,6.4211245,1.1938744583129868,-0.03773589999999993,0.017523974,0.05525987418022149
22184,0.033215000000000106,0.016781354,-0.016433645676970587,10.690349999999999,8.743536,-1.9468140045166002,7.927250000000001,6.4211245,-1.5061255416870125,0.002264100000000102,0.017523974,0.015259874180221455
22185,0.0282150000000001,0.016781354,-0.011433645676970583,9.056349999999998,8.743536,-0.3128140045165999,5.517250000000001,6.4211245,0.9038744583129876,-0.05773589999999995,0.017523974,0.07525987418022151
22186,0.033215000000000106,0.016781354,-0.016433645676970587,7.241349999999997,8.743536,1.5021859954834014,6.02725,6.4211245,0.39387445831298784,0.02226410000000001,0.017523974,-0.004740125819778451
22187,0.06221500000000013,0.016781354,-0.04543364567697061,8.978349999999999,8.743536,-0.2348140045166005,8.18725,6.4211245,-1.7661255416870123,0.062264100000000044,0.017523974,-0.04474012581977849
22188,0.022215000000000096,0.016781354,-0.005433645676970578,7.768349999999998,8.743536,0.9751859954834003,5.157250000000001,6.4211245,1.263874458312987,-0.017735899999999916,0.017523974,0.03525987418022147
22189,0.022215000000000096,0.016781354,-0.005433645676970578,7.488349999999997,8.743536,1.2551859954834015,5.187250000000001,6.4211245,1.2338744583129877,-0.007735899999999907,0.017523974,0.025259874180221464
22192,0.022213999999999956,0.022103839,-0.00011016137742991816,13.186860000000003,14.256758,1.0698977362060518,10.55787,11.723483,1.1656130856323248,0.05469860000000004,0.027695918,-0.027002681544280094
22193,0.05221399999999998,0.022103839,-0.030110161377429945,18.686860000000003,14.256758,-4.430102263793948,13.25787,11.723483,-1.5343869143676763,0.014698600000000006,0.027695918,0.012997318455719942
22331,0.025202000000000058,0.00440077,-0.02080122982007271,7.936509999999998,9.345727,1.4092169668579118,10.0364,10.96638,0.92998011932373,0.14513739999999997,0.1618748,0.016737400920486478
22332,0.025202000000000058,0.00440077,-0.02080122982007271,7.936509999999998,9.345727,1.4092169668579118,10.0364,10.96638,0.92998011932373,0.14513739999999997,0.1618748,0.016737400920486478
22333,0.025202000000000058,0.00440077,-0.02080122982007271,7.936509999999998,9.345727,1.4092169668579118,10.0364,10.96638,0.92998011932373,0.14513739999999997,0.1618748,0.016737400920486478
22418,0.06238699999999997,0.027552787,-0.03483421278548238,7.40568,9.757338,2.3516575701904294,5.905150000000001,7.4852333,1.5800833068847648,-0.008543999999999996,0.040128075,0.048672074586391445
22487,-0.04631699999999994,-0.045006752,0.0013102479858397853,5.958660000000002,6.8522205,0.8935605352783185,9.058400000000002,8.250506,-0.8078935989379907,0.23238349999999997,0.1572638,-0.07511969949817654
22489,-0.08631699999999998,-0.045006752,0.04131024798583982,6.758659999999999,6.8522205,0.09356053527832131,9.658400000000002,8.250506,-1.4078935989379904,0.2523835,0.1572638,-0.09511969949817656
22491,-0.016316999999999915,-0.045006752,-0.02868975201416024,7.85866,6.8522205,-1.00643946472168,10.258400000000002,8.250506,-2.00789359893799,0.21238350000000006,0.1572638,-0.05511969949817663
22502,0.11451500000000003,0.0062998943,-0.10821510569691661,10.678439999999998,8.838134,-1.8403061880493148,14.24813,7.978592,-6.269538081054687,0.314724,0.108949155,-0.20577484538459778
22505,-0.07548500000000002,0.0062998943,0.08178489430308344,6.228439999999999,8.838134,2.6096938119506845,3.4881300000000017,7.978592,4.490461918945311,-0.015275999999999956,0.108949155,0.12422515461540218
22633,-0.09498000000000006,-0.0695118,0.025468198995590274,6.551690000000001,7.89676,1.3450699868774407,1.5366199999999992,4.1466107,2.6099907368469246,-0.06808219999999998,0.009640583,0.07772278283716438
22634,-0.10098000000000007,-0.0695118,0.03146819899559028,7.101690000000001,7.89676,0.79506998687744,2.6866200000000013,4.1466107,1.4599907368469225,-0.03608219999999995,0.009640583,0.045722782837164355
22636,-0.07098000000000004,-0.0695118,0.001468198995590253,8.221690000000002,7.89676,-0.324930013122561,6.39662,4.1466107,-2.2500092631530766,0.06991780000000003,0.009640583,-0.06027721716283563
22679,0.06407600000000002,0.037143327,-0.02693267270421984,6.877839999999999,6.918756,0.040916008148194294,12.735679999999999,9.2651615,-3.470518485717772,0.07218659999999999,0.0807083,0.008521702557468425
22680,-0.00592400000000004,0.037143327,0.04306732729578022,6.277839999999998,6.918756,0.6409160081481957,6.93568,9.2651615,2.329481514282227,0.07218659999999999,0.0807083,0.008521702557468425
22681,-0.03592400000000007,0.037143327,0.07306732729578025,3.477839999999997,6.918756,3.4409160081481964,5.535679999999999,9.2651615,3.7294815142822273,0.032186600000000065,0.0807083,0.04852170255746835
23025,0.21315899999999988,0.13617966,-0.0769793442096709,12.027910000000002,13.20038,1.1724703253173807,18.850099999999998,17.879105,-0.9709953857421851,0.44534360000000006,0.37494132,-0.07040228077278143
23026,0.19315899999999997,0.13617966,-0.05697934420967099,12.907910000000005,13.20038,0.29247032531737815,18.8701,17.879105,-0.9909953857421883,0.42534360000000004,0.37494132,-0.050402280772781416
23058,-0.02761300000000011,0.02760723,0.055220230469584575,7.915680000000002,8.911849,0.9961690219116193,4.405149999999999,7.2115564,2.8064064346313486,-0.04854400000000003,0.04094392,0.08948792061233524
23104,-0.05910499999999996,-0.022562094,0.03654290596723553,3.57723,4.0596614,0.48243138839721666,3.5110600000000005,4.1862597,0.6751997465515132,0.07304710000000003,0.08030906,0.0072619631961822195
23105,-0.05910499999999996,-0.022562094,0.03654290596723553,4.027229999999999,4.0596614,0.032431388397217376,2.87106,4.1862597,1.3151997465515137,0.033047099999999996,0.08030906,0.047261963196182255
23106,-0.05910499999999996,-0.022562094,0.03654290596723553,4.027229999999999,4.0596614,0.032431388397217376,2.87106,4.1862597,1.3151997465515137,0.033047099999999996,0.08030906,0.047261963196182255
23107,-0.019104999999999928,-0.022562094,-0.0034570940327645072,3.3372300000000017,4.0596614,0.7224313883972151,3.7510600000000025,4.1862597,0.43519974655151117,0.06304710000000002,0.08030906,0.01726196319618223
23108,-0.019104999999999928,-0.022562094,-0.0034570940327645072,3.3372300000000017,4.0596614,0.7224313883972151,3.7510600000000025,4.1862597,0.43519974655151117,0.06304710000000002,0.08030906,0.01726196319618223
23109,-0.019104999999999928,-0.022562094,-0.0034570940327645072,3.497230000000002,4.0596614,0.562431388397215,4.831060000000001,4.1862597,-0.6448002534484871,0.10304709999999995,0.08030906,-0.022738036803817696
23139,0.1023869999999999,0.03228386,-0.07010313880991925,8.485680000000002,8.949542,0.4638620455932596,8.59515,7.280445,-1.3147049011230472,0.061455999999999955,0.037064884,-0.024391116142034486
23302,-0.09956500000000013,0.09601629,0.19558128780365003,7.203769999999999,11.576063,4.372293156127931,4.556880000000001,10.782607,6.225727078552245,0.051134800000000036,0.11736217,0.06622737141151425
23303,0.014434999999999976,0.09601629,0.08158128780364993,9.373769999999999,11.576063,2.202293156127931,8.486880000000001,10.782607,2.295727078552245,0.12113479999999999,0.11736217,-0.0037726285884857047
23304,0.23743499999999995,0.09601629,-0.14141871219635005,11.42377,11.576063,0.15229315612793037,11.326880000000001,10.782607,-0.5442729214477549,0.10213479999999997,0.11736217,0.015227371411514312
23305,0.26143499999999986,0.09601629,-0.16541871219634996,13.00377,11.576063,-1.4277068438720697,13.37688,10.782607,-2.594272921447754,0.21513479999999996,0.11736217,-0.09777262858848568
23307,0.1347520000000001,0.13188286,-0.0028691387434006677,23.536230000000003,17.053085,-6.483144672851566,20.24323,13.406286,-6.836943760375977,0.20431639999999995,0.19154942,-0.012766979643249465
23338,0.05221500000000012,0.02400984,-0.02820515943706048,7.138349999999999,7.8547826,0.7164325813293466,6.1072500000000005,6.5467606,0.43951055908203074,0.0122641,0.042394012,0.030129912212753296
23340,0.25337699999999996,0.23099224,-0.0223847573060989,7.034000000000001,6.778686,-0.2553139533996589,9.8681,9.733308,-0.1347921615600587,0.2667578,0.26571128,-0.0010465222766876114
23341,0.1883769999999999,0.23099224,0.042615242693901156,4.033999999999999,6.778686,2.744686046600343,7.568099999999999,9.733308,2.165207838439942,0.17675779999999996,0.26571128,0.08895347772331241
23342,0.19437700000000002,0.23099224,0.03661524269390104,3.1340000000000003,6.778686,3.6446860466003415,6.9681,9.733308,2.7652078384399417,0.16375779999999995,0.26571128,0.10195347772331242
23343,0.24037699999999995,0.23099224,-0.00938475730609889,2.8339999999999996,6.778686,3.944686046600342,7.6681,9.733308,2.0652078384399415,0.19875779999999998,0.26571128,0.0669534777233124
23355,0.405377,0.23099224,-0.17438475730609893,13.334,6.778686,-6.555313953399658,13.168099999999999,9.733308,-3.4347921615600576,0.3437578,0.26571128,-0.07804652227668762
23356,0.12537699999999996,0.23099224,0.1056152426939011,7.934000000000001,6.778686,-1.1553139533996593,10.9681,9.733308,-1.2347921615600583,0.3387578,0.26571128,-0.07304652227668762
23357,0.1853769999999999,0.23099224,0.04561524269390116,5.634,6.778686,1.1446860466003415,10.0681,9.733308,-0.334792161560058,0.3087578,0.26571128,-0.04304652227668765
23359,0.285377,0.23099224,-0.05438475730609893,10.134,6.778686,-3.3553139533996585,11.9681,9.733308,-2.2347921615600583,0.3387578,0.26571128,-0.07304652227668762
23526,0.12715700000000008,0.1006346,-0.026522402758121566,7.41647,6.8589163,-0.5575537173461917,10.21476,8.803308,-1.41145246673584,0.16309320000000005,0.14025648,-0.022836720617485096
23646,0.2995052,0.23264784,-0.06685736379165652,9.35202,9.276747,-0.07527325012206987,8.989729999999998,8.902023,-0.0877066845703105,0.06508250000000004,0.08371274,0.018630241732597308
23647,0.2895052,0.23264784,-0.05685736379165651,8.90202,9.276747,0.3747267498779294,8.369729999999999,8.902023,0.5322933154296887,0.055082500000000034,0.08371274,0.028630241732597317
23679,0.054643,0.03878626,-0.015856741451501843,4.84188,5.102581,0.26070102416992214,10.898890000000002,8.453723,-2.445167046203615,0.2975966,0.16219711,-0.13539948696289061
23680,0.0025079999999999547,0.0052530277,0.0027450276589096045,4.282170000000004,4.8292346,0.5470646000671344,4.037049999999999,4.794151,0.7571008293151866,0.005777199999999927,0.03910999,0.033332790000724866
23681,0.035414999999999974,0.058681615,0.02326661469697955,5.395870000000002,4.59557,-0.8002999125671408,2.4469600000000007,2.3508508,-0.09610917945861885,-0.045522300000000016,-0.0386315,0.006890801186370865
23682,0.03423899999999991,0.058681615,0.024442614696979614,2.141490000000001,4.59557,2.4540800874328603,-0.847900000000001,2.3508508,3.198750820541383,-0.09972800000000004,-0.0386315,0.06109650118637089
23685,0.11048000000000002,0.11790348,0.0074234784436225665,13.32834,13.743239,0.41489940277099535,5.893020000000002,6.4674053,0.5743853192138655,-0.06188970000000005,-0.05462157,0.007268130187702226
24010,-0.10612900000000014,-0.03774232,0.06838667955183997,5.761879999999998,6.7705097,1.008629719848635,0.8259000000000007,3.023973,2.1980729881286614,-0.07200939999999989,-0.027201246,0.044808153529786954
24011,-0.08095200000000013,-0.02452043,0.05643156928610815,9.71708,8.738194,-0.9788855343627922,5.0513200000000005,5.299175,0.2478547856140132,-0.027748099999999942,0.006577781,0.03432588093591327
24012,-0.08095200000000013,-0.02452043,0.05643156928610815,9.22708,8.738194,-0.4888855343627938,3.9613200000000006,5.299175,1.337854785614013,-0.05574809999999997,0.006577781,0.06232588093591329
24013,-0.06095200000000012,-0.02452043,0.036431569286108134,9.05708,8.738194,-0.3188855343627921,4.441320000000001,5.299175,0.8578547856140126,-0.04474809999999996,0.006577781,0.05132588093591328
24126,0.07238699999999998,0.02760723,-0.044779769530415514,8.38568,8.911849,0.5261690219116204,7.70515,7.2115564,-0.49359356536865207,0.04145599999999994,0.04094392,-0.0005120793876647323
24127,0.022386999999999935,0.02760723,0.00522023046958453,7.4756800000000005,8.911849,1.4361690219116205,8.40515,7.2115564,-1.1935935653686531,0.1314559999999999,0.04094392,-0.0905120793876647
24128,0.0063869999999999205,0.02760723,0.021220230469584545,6.665680000000002,8.911849,2.2461690219116193,6.60515,7.2115564,0.6064064346313476,0.08145599999999997,0.04094392,-0.04051207938766477
24129,0.002386999999999917,0.02760723,0.025220230469584548,6.265680000000003,8.911849,2.646169021911618,5.50515,7.2115564,1.7064064346313472,0.04145599999999994,0.04094392,-0.0005120793876647323
24209,-0.07623600000000019,-0.023008876,0.05322712445116062,11.673869999999997,10.424841,-1.2490290728759739,8.162320000000001,10.024304,1.8619843899536122,0.03040010000000004,0.091901086,0.06150098627080913
24285,0.05906000000000011,0.08305065,0.0239906533384322,8.22617,9.22887,1.0027003918457034,10.707510000000001,11.615552,0.9080419485473623,0.13264829999999994,0.18380943,0.05116112940711981
24368,0.03420500000000004,0.03899766,0.0047926613223552295,1.1225800000000028,4.3769526,3.254372648162839,3.5851100000000002,5.801367,2.216256806030273,0.11778159999999993,0.1310123,0.013230705617332528
24369,0.021560000000000024,-0.031050492,-0.052610492078065896,9.41901,10.440958,1.021948023071289,6.7472400000000015,6.716041,-0.03119891189575341,-0.011720999999999981,-0.021460526,-0.009739525691509265
24370,-0.06844000000000006,-0.031050492,0.037389507921934184,10.609010000000001,10.440958,-0.16805197692871232,8.86724,6.716041,-2.1511989118957526,0.06827899999999998,-0.021460526,-0.08973952569150923
24371,-0.06844000000000006,-0.031050492,0.037389507921934184,10.609010000000001,10.440958,-0.16805197692871232,5.417240000000001,6.716041,1.2988010881042467,-0.04172100000000001,-0.021460526,0.02026047430849076
24372,-0.09844000000000008,-0.031050492,0.06738950792193421,8.70901,10.440958,1.7319480230712898,3.517240000000001,6.716041,3.198801088104247,-0.061721000000000026,-0.021460526,0.04026047430849078
24388,0.2219899999999999,0.04167195,-0.1803180496299266,13.32159,10.00667,-3.314920001831055,13.585080000000001,7.454465,-6.130615087585451,0.14348359999999993,0.031005654,-0.11247794551596635
24389,0.15112800000000004,0.13596755,-0.015160447338104288,11.10161,10.389224,-0.7123859475708016,13.13899,11.748389,-1.3906007559204099,0.15830339999999998,0.13187061,-0.0264327874979019
24390,0.13112800000000002,0.13596755,0.00483955266189573,8.30161,10.389224,2.087614052429199,11.03899,11.748389,0.7093992440795898,0.12830339999999996,0.13187061,0.003567212502098127
24391,0.24346899999999994,0.20626116,-0.03720784201049798,12.975609999999996,14.4528,1.4771897970581094,8.44803,8.272303,-0.1757273724365227,-0.03491660000000002,-0.03334499,0.0015716084948539932
24465,-0.05436799999999997,0.030486807,0.08485480722713468,8.184450000000002,9.413468,1.2290183609008771,10.25235,11.416928,1.164578291320801,0.19939050000000003,0.19723994,-0.0021505646018982194
24582,-0.057613000000000136,0.027552787,0.08516578721451773,7.33568,9.757338,2.4216575701904297,3.3851499999999994,7.4852333,4.100083306884766,-0.040544000000000024,0.040128075,0.08067207458639147
24588,-0.057613000000000136,0.027552787,0.08516578721451773,7.33568,9.757338,2.4216575701904297,3.3851499999999994,7.4852333,4.100083306884766,-0.040544000000000024,0.040128075,0.08067207458639147
24704,-0.0176130000000001,-0.008307015,0.0093059854080082,6.605680000000003,7.9435873,1.337907303161618,3.405149999999999,4.3147206,0.9095706306457529,-0.03854400000000002,-0.021934425,0.016609574541687988
24705,-0.02761300000000011,-0.008307015,0.01930598540800821,7.205680000000001,7.9435873,0.7379073031616201,3.2051499999999997,4.3147206,1.1095706306457522,-0.06854400000000005,-0.021934425,0.046609574541688015
24706,-0.04761300000000013,-0.008307015,0.039305985408008226,7.605680000000003,7.9435873,0.337907303161618,2.905149999999999,4.3147206,1.409570630645753,-0.07854400000000006,-0.021934425,0.056609574541688024
24707,-0.03761300000000012,-0.008307015,0.029305985408008217,7.505680000000002,7.9435873,0.4379073031616194,4.305150000000001,4.3147206,0.00957063064575081,-0.018544000000000005,-0.021934425,-0.0033904254583120297
24709,-0.04761300000000013,-0.008307015,0.039305985408008226,6.205680000000001,7.9435873,1.7379073031616201,2.805150000000001,4.3147206,1.5095706306457508,-0.028544000000000014,-0.021934425,0.006609574541687979
24710,-0.057613000000000136,-0.008307015,0.049305985408008235,6.105680000000003,7.9435873,1.837907303161618,2.605150000000002,4.3147206,1.70957063064575,-0.03854400000000002,-0.021934425,0.016609574541687988
24713,-0.02761300000000011,-0.008307015,0.01930598540800821,6.505680000000002,7.9435873,1.4379073031616194,2.805150000000001,4.3147206,1.5095706306457508,-0.05854400000000004,-0.021934425,0.036609574541688006
24714,-0.02761300000000011,-0.008307015,0.01930598540800821,6.605680000000003,7.9435873,1.337907303161618,2.605150000000002,4.3147206,1.70957063064575,-0.06854400000000005,-0.021934425,0.046609574541688015
24717,-0.057613000000000136,-0.008307015,0.049305985408008235,6.205680000000001,7.9435873,1.7379073031616201,1.8051500000000011,4.3147206,2.509570630645751,-0.06854400000000005,-0.021934425,0.046609574541688015
24969,-0.03778499999999996,0.016781354,0.054566354323029476,8.588349999999998,8.743536,0.15518599548340006,6.917250000000001,6.4211245,-0.4961255416870127,0.062264100000000044,0.017523974,-0.04474012581977849
24986,0.0018689999999998985,0.012762516,0.01089351580566178,12.554590000000005,14.148342,1.5937521325683548,16.652449999999998,14.740375,-1.9120754348754865,-0.04840769999999994,-0.11236362,-0.06395592159252173
24988,0.0018689999999998985,0.012762516,0.01089351580566178,17.154590000000006,14.148342,-3.0062478674316466,16.652449999999998,14.740375,-1.9120754348754865,-0.2384077,-0.11236362,0.12604407840747833
24990,0.06186899999999995,0.012762516,-0.049106484194338273,16.954590000000003,14.148342,-2.806247867431644,16.652449999999998,14.740375,-1.9120754348754865,-0.17840769999999995,-0.11236362,0.06604407840747828
25161,0.12238699999999991,0.06812496,-0.05426204261732093,8.90568,10.009973,1.10429257232666,9.50515,8.935733,-0.5694171585083012,0.10145599999999999,0.062473834,-0.03898216643905639
25162,0.12238699999999991,0.06812496,-0.05426204261732093,8.705680000000001,10.009973,1.3042925723266592,8.50515,8.935733,0.4305828414916988,0.051455999999999946,0.062473834,0.011017833560943657
25230,0.1285139999999999,0.18977924,0.06126523691272745,8.763110000000001,11.827669,3.0645591436767567,10.682830000000001,12.822857,2.140026903076171,0.13898579999999994,0.16855954,0.02957373633785254
25232,0.14851399999999992,0.18977924,0.04126523691272743,10.083110000000001,11.827669,1.7445591436767565,11.552830000000002,12.822857,1.27002690307617,0.15898579999999995,0.16855954,0.009573736337852523
25234,0.21851399999999988,0.18977924,-0.02873476308727252,6.833110000000001,11.827669,4.9945591436767565,12.242830000000001,12.822857,0.5800269030761704,0.2089858,0.16855954,-0.04042626366214752
25291,0.08121500000000015,0.016781354,-0.06443364567697063,7.538349999999998,8.743536,1.2051859954834008,7.807250000000002,6.4211245,-1.3861255416870133,0.06426410000000005,0.017523974,-0.04674012581977849
25300,-0.02778499999999995,0.028226333,0.0560113327389955,5.338349999999998,7.1987514,1.8604014495849626,3.1072500000000005,5.684385,2.5771348228454585,-0.007735899999999907,0.032423522,0.04015942232336989
25301,0.002215000000000078,0.028226333,0.026011332738995474,4.93835,7.1987514,2.260401449584961,3.6072500000000005,5.684385,2.0771348228454585,0.002264100000000102,0.032423522,0.030159422323369878
25340,-0.03940300000000008,-0.029719554,0.009683446112155991,7.961499999999997,8.452654,0.49115388488769796,2.869440000000001,4.665755,1.796314795074462,-0.08285969999999998,-0.02471474,0.05814496000678537
25341,-0.04665800000000009,-0.019134548,0.027523452438593,7.937749999999998,9.316062,1.3783119735717797,2.4916199999999975,4.8538265,2.362206522827151,-0.08980929999999998,-0.031607877,0.05820142253689764
25342,-0.05906300000000009,0.0067923805,0.0658553804745079,2.6450500000000012,5.7159085,3.0708585273742663,-0.26829000000000036,4.527977,4.796266989746094,-0.047492700000000054,-0.043811657,0.003681043465328271
25345,-0.04665800000000009,-0.019134548,0.027523452438593,8.037749999999999,9.316062,1.2783119735717783,2.8916199999999996,4.8538265,1.9622065228271488,-0.07980929999999997,-0.031607877,0.04820142253689763
25346,-0.04906300000000008,0.0067923805,0.05585538047450789,2.6450500000000012,5.7159085,3.0708585273742663,0.03171000000000035,4.527977,4.496266989746093,-0.04049270000000005,-0.043811657,-0.0033189565346717353
25673,0.012386999999999926,0.050474685,0.03808768468546875,5.635680000000001,9.024521,3.388840874023437,5.395150000000001,7.3312144,1.936064427947997,0.051455999999999946,0.0140208565,-0.03743514353013033
25675,0.21238699999999988,0.050474685,-0.1619123153145312,6.24568,9.024521,2.7788408740234374,9.26515,7.3312144,-1.9339355720520022,0.08145599999999997,0.0140208565,-0.06743514353013036
25844,0.04167900000000002,0.038975045,-0.0027039549150467135,7.97982,7.972577,-0.007242904968261854,6.31747,6.991913,0.6744428417968749,0.0030944000000000527,0.046489462,0.04339506225643153
25845,0.04167900000000002,0.015360685,-0.026318314934611342,8.11982,8.359652,0.2398315655517571,6.617470000000001,5.633133,-0.9843370654296884,0.01309439999999995,0.002865695,-0.010228705071085642
26269,-0.116317,-0.026070435,0.09024656539988518,3.4060699999999997,5.066256,1.6601860462951663,3.3550499999999985,5.5857787,2.23072871322632,0.10665259999999999,0.10103085,-0.00562175107965468
26523,-0.06761600000000012,-0.0351054,0.032510600212574126,5.902649999999998,7.798413,1.8957627998352073,5.4033999999999995,6.623049,1.2196487823486333,-0.0815285,-0.024560861,0.056967638710498814
26524,-0.028615999999999975,-0.0351054,-0.00648939978742602,6.902649999999998,7.798413,0.8957627998352073,7.4033999999999995,6.623049,-0.7803512176513667,-0.05852849999999998,-0.024560861,0.03396763871049879
26633,0.018588999999999967,-0.009736112,-0.028325112318932977,5.07254,7.5649676,2.492427632293701,5.478440000000001,7.098,1.6195600495910636,0.05888559999999998,0.099399894,0.04051429447593691
26690,0.05171700000000001,0.026330203,-0.025386797182083143,12.760720000000001,10.482602,-2.2781178805542,11.1389,8.259014,-2.8798858703613277,0.10500520000000002,0.0276547,-0.0773505000187874
26691,0.011716999999999977,0.026330203,0.014613202817916893,9.460720000000002,10.482602,1.0218821194457988,7.1389,8.259014,1.1201141296386723,0.01500519999999994,0.0276547,0.012649499981212675
26950,0.053247000000000044,0.042377118,-0.010869881978750273,9.938460000000003,9.476637,-0.46182311340332305,8.566270000000001,8.175872,-0.39039815093994257,0.043883899999999976,0.03835015,-0.005533750010871863
26951,0.053247000000000044,0.042377118,-0.010869881978750273,8.23846,9.476637,1.2381768865966798,6.906270000000001,8.175872,1.2696018490600576,0.01688389999999995,0.03835015,0.02146624998912816
27118,0.05795400000000006,0.114533015,0.056579014595508514,12.4236,13.5072975,1.0836975158691402,11.40202,13.175973,1.7739529385375974,0.08247870000000002,0.14008108,0.05760237781410216
27119,0.040954000000000046,0.114533015,0.07357901459550853,10.823599999999999,13.5072975,2.6836975158691416,9.90202,13.175973,3.2739529385375974,0.0644787,0.14008108,0.07560237781410217
27123,0.03595400000000004,0.114533015,0.07857901459550853,12.823599999999999,13.5072975,0.6836975158691416,11.60202,13.175973,1.573952938537598,0.08747870000000002,0.14008108,0.05260237781410215
27124,0.250954,0.114533015,-0.13642098540449143,17.0236,13.5072975,-3.5163024841308577,18.202019999999997,13.175973,-5.0260470614624,0.29947870000000004,0.14008108,-0.15939762218589787
27125,0.18795400000000007,0.114533015,-0.07342098540449149,17.5236,13.5072975,-4.016302484130858,16.90202,13.175973,-3.7260470614624026,0.1994787,0.14008108,-0.059397622185897836
27126,0.15595400000000004,0.114533015,-0.04142098540449146,13.823599999999999,13.5072975,-0.3163024841308584,14.00202,13.175973,-0.8260470614624023,0.12747870000000006,0.14008108,0.012602377814102117
27416,-0.05053750000000001,-0.04830029,0.0022372113823890816,9.217019999999998,10.180283,0.9632625927734395,9.115,10.027614,0.9126136398315428,0.19051200000000001,0.20402518,0.013513179147720322
27419,-0.06053750000000002,-0.04830029,0.01223721138238909,12.49702,10.180283,-2.3167374072265616,11.614999999999998,10.027614,-1.5873863601684555,0.25051199999999996,0.20402518,-0.04648682085227962
27464,-0.01746599999999998,0.12483167,0.14229766903257368,10.74615,11.485881,0.7397308517456054,14.488349999999999,14.004951,-0.4833994766235339,-0.029183799999999982,0.044761565,0.07394536458258627
27595,0.1371920000000001,0.08484681,-0.05234519049358377,10.53248,9.216596,-1.3158843502807613,13.36488,11.11333,-2.2515501126098627,0.13369889999999995,0.11596622,-0.017732676819705917
27597,-0.0008079999999999199,0.08484681,0.08565480950641624,10.33248,9.216596,-1.115884350280762,10.16488,11.11333,0.9484498873901366,0.09369890000000003,0.11596622,0.022267323180294007
27603,-0.03860299999999994,-0.020856522,0.017746477976322117,9.542840000000002,12.087033,2.544193271789549,10.793209999999998,12.676208,1.8829975424194352,0.07798479999999997,0.105492696,0.027507896166038548
27634,0.1023869999999999,0.02760723,-0.07477976953041543,9.805680000000002,8.911849,-0.8938309780883813,10.43515,7.2115564,-3.2235935653686525,0.12145600000000001,0.04094392,-0.0805120793876648
27743,0.011622000000000021,-0.018634487,-0.030256486943483374,11.533819999999999,10.413788,-1.1200321582031236,9.198,8.533353,-0.6646471481323246,0.04237089999999999,0.093363985,0.05099308541927339
27852,0.0040959999999998775,0.09071605,0.08662004907512677,12.546420000000001,16.124186,3.577765562133788,11.007249999999999,15.858597,4.851346801757813,0.03168329999999997,0.15726702,0.12558371915264133
27853,0.1410959999999999,0.09071605,-0.05037995092487324,17.236420000000003,16.124186,-1.1122344378662135,19.60725,15.858597,-3.748653198242188,0.24968329999999994,0.15726702,-0.09241628084735865
27854,0.04809599999999992,0.09071605,0.04262004907512673,14.876420000000003,16.124186,1.247765562133786,17.06725,15.858597,-1.2086531982421889,0.22668329999999992,0.15726702,-0.06941628084735862
27855,0.03709599999999991,0.09071605,0.05362004907512674,14.986420000000003,16.124186,1.1377655621337865,13.78725,15.858597,2.0713468017578123,0.0636833,0.15726702,0.0935837191526413
27856,0.3960959999999999,0.09071605,-0.30537995092487324,26.06642,16.124186,-9.942234437866212,25.76725,15.858597,-9.908653198242188,0.40668329999999997,0.15726702,-0.24941628084735867
27859,0.0280959999999999,0.09071605,0.06262004907512675,13.296420000000001,16.124186,2.827765562133788,12.46725,15.858597,3.3913468017578126,0.0636833,0.15726702,0.0935837191526413
27972,0.111819,0.14864905,0.03683005178546905,8.658890000000003,7.8080344,-0.8508555799865753,7.493590000000001,9.356566,1.8629764291381825,-0.015581199999999962,0.086413756,0.10199495601291653
27973,0.16181900000000005,0.14864905,-0.013169948214530991,8.258890000000005,7.8080344,-0.45085557998657677,9.69359,9.356566,-0.3370235708618168,0.09041880000000002,0.086413756,-0.0040050439870834564
27974,0.20181900000000008,0.14864905,-0.053169948214531026,8.558890000000005,7.8080344,-0.7508555799865775,10.09359,9.356566,-0.7370235708618171,0.07641880000000001,0.086413756,0.009994956012916556
27975,0.251819,0.14864905,-0.10316994821453096,8.658890000000003,7.8080344,-0.8508555799865753,12.39359,9.356566,-3.037023570861816,0.17541879999999999,0.086413756,-0.08900504398708342
27976,0.15181900000000004,0.14864905,-0.003169948214530982,6.358890000000002,7.8080344,1.4491444200134254,9.493590000000001,9.356566,-0.1370235708618175,0.13941879999999995,0.086413756,-0.05300504398708339
28007,0.07526500000000003,0.07908632,0.0038213186120986675,16.374029999999998,14.364117,-2.0099133312988258,16.71821,13.695049,-3.0231607141113273,0.1947512,0.13835017,-0.05640102616901399
28169,-0.028890000000000082,0.020163162,0.04905316168010243,9.697580000000002,9.663851,-0.033729215698244275,5.782359999999999,5.5740542,-0.2083057588195789,-0.02685650000000006,0.035352435,0.06220893496298796
28170,-0.05335040000000002,-0.030270394,0.023080006062173863,8.755619999999999,6.0270715,-2.7285485240173326,6.8767499999999995,4.942964,-1.9337859230041499,0.0871132,0.09126113,0.0041479335515975935
28172,-0.036420100000000066,-0.02548243,0.01093767080852992,2.4810499999999998,5.306081,2.8250308181762698,3.4665,4.6584134,1.1919134101867677,0.12689820000000007,0.087832965,-0.039065235043239666
28252,-0.04693000000000014,-0.07996568,-0.03303568083763109,4.508210000000002,4.044014,-0.4641960229492206,3.362689999999997,2.461157,-0.9015329164886445,0.03192879999999987,0.026358563,-0.005570236547040808
28253,-0.09692999999999996,-0.07996568,0.016964319162368735,3.1882100000000015,4.044014,0.8558039770507797,0.5226899999999972,2.461157,1.9384670835113553,-0.019071200000000066,0.026358563,0.04542976345295913
28255,-0.02693000000000012,-0.07996568,-0.053035680837631105,4.778210000000001,4.044014,-0.7341960229492202,5.202689999999999,2.461157,-2.741532916488646,0.08392879999999991,0.026358563,-0.057570236547040854
28256,-0.08693000000000017,-0.07996568,0.006964319162368948,3.6182100000000013,4.044014,0.42580397705078,1.1726899999999993,2.461157,1.2884670835113532,-0.005071199999999942,0.026358563,0.031429763452959
28258,-0.06693000000000016,-0.07996568,-0.01303568083763107,4.218210000000003,4.044014,-0.17419602294922143,3.072689999999998,2.461157,-0.6115329164886454,0.037928799999999985,0.026358563,-0.011570236547040924
28259,-0.07993000000000006,-0.07996568,-3.568083763116903e-05,4.008210000000002,4.044014,0.03580397705077942,2.482689999999998,2.461157,-0.021532916488645526,0.028928799999999977,0.026358563,-0.002570236547040916
28260,-0.09193000000000007,-0.07996568,0.011964319162368842,3.7182100000000027,4.044014,0.32580397705077857,1.6426899999999982,2.461157,0.8184670835113543,0.013928799999999963,0.026358563,0.012429763452959097
28261,-0.10892999999999997,-0.07996568,0.028964319162368746,3.6182100000000013,4.044014,0.42580397705078,1.3326899999999995,2.461157,1.128467083511353,0.016928799999999855,0.026358563,0.009429763452959206
28262,-0.09193000000000007,-0.07996568,0.011964319162368842,4.5582100000000025,4.044014,-0.5141960229492213,3.47269,2.461157,-1.0115329164886475,0.05892879999999989,0.026358563,-0.03257023654704083
28263,-0.09193000000000007,-0.07996568,0.011964319162368842,3.7182100000000027,4.044014,0.32580397705077857,1.8926899999999982,2.461157,0.5684670835113543,0.023928799999999972,0.026358563,0.0024297634529590884
28266,-0.10492999999999997,-0.07996568,0.024964319162368742,3.5382099999999994,4.044014,0.5058039770507818,1.5326899999999988,2.461157,0.9284670835113538,0.023928799999999972,0.026358563,0.0024297634529590884
28267,-0.07693000000000016,-0.05742617,0.019503830485344098,1.918210000000002,3.2946475,1.3764374552154521,0.6226899999999986,1.7091002,1.0864102464294447,0.02092879999999997,0.02648172,0.005552919687581093
28328,-0.07443330000000004,-0.030920012,0.04351328807728294,9.54541,6.8517056,-2.6937044488525395,7.7227000000000015,5.9301805,-1.7925194503784194,0.0760615,0.09816296,0.02210145653581619
28366,0.05219799999999997,0.014759737,-0.037438262933075395,12.465019999999999,8.891585,-3.573434649963378,14.2075,8.49648,-5.711020011901855,0.2562481,0.108392686,-0.1478554143482208
28371,-0.007802000000000087,0.014759737,0.02256173706692466,7.665019999999998,8.891585,1.2265653500366227,6.307499999999997,8.49648,2.188979988098147,0.026248099999999996,0.108392686,0.08214458565177918
28403,0.7285619999999999,0.381533,-0.34702900310707085,24.387880000000003,11.343945,-13.043935450439456,21.16109,15.454783,-5.706306560363771,0.6103661,0.37733227,-0.23303382985458376
28405,0.47856199999999993,0.381533,-0.09702900310707085,13.387880000000003,11.343945,-2.043935450439456,20.16109,15.454783,-4.706306560363771,0.6603661,0.37733227,-0.2830338298545837
28406,0.448562,0.381533,-0.06702900310707094,9.387880000000003,11.343945,1.9560645495605442,19.16109,15.454783,-3.706306560363771,0.6103661,0.37733227,-0.23303382985458376
28407,0.328562,0.381533,0.052970996892929056,7.387880000000003,11.343945,3.956064549560544,13.161090000000002,15.454783,2.293693439636229,0.2103661,0.37733227,0.16696617014541626
28408,0.15856199999999998,0.381533,0.2229709968929291,9.387880000000003,11.343945,1.9560645495605442,11.161090000000002,15.454783,4.293693439636229,0.11036610000000002,0.37733227,0.26696617014541624
28409,0.15856199999999998,0.381533,0.2229709968929291,4.587880000000002,11.343945,6.756064549560545,8.36109,15.454783,7.09369343963623,0.10036610000000001,0.37733227,0.27696617014541625
28430,0.386035,0.07031957,-0.31571542939901354,24.1057,17.119408,-6.986292346191405,19.7985,12.693264,-7.105235992431641,0.43620519999999996,0.14281839,-0.29338680867691036
28432,-0.04996500000000004,0.07031957,0.12028457060098652,25.105700000000002,17.119408,-7.986292346191409,19.198500000000003,12.693264,-6.505235992431643,0.19620519999999997,0.14281839,-0.05338680867691037
28464,-0.07778499999999999,0.016781354,0.09456635432302951,7.708349999999999,8.743536,1.035185995483399,3.297250000000002,6.4211245,3.1238744583129865,-0.04773589999999994,0.017523974,0.0652598741802215
28465,-0.1177849999999998,0.016781354,0.13456635432302932,6.668349999999997,8.743536,2.0751859954834018,2.1572500000000012,6.4211245,4.263874458312987,-0.027735899999999925,0.017523974,0.04525987418022148
28466,0.06221500000000013,0.016781354,-0.04543364567697061,7.50835,8.743536,1.2351859954833984,5.297250000000002,6.4211245,1.1238744583129865,-0.04773589999999994,0.017523974,0.0652598741802215
28467,0.12221500000000007,0.016781354,-0.10543364567697056,11.398349999999997,8.743536,-2.6548140045165987,9.127250000000002,6.4211245,-2.7061255416870136,-0.027735899999999925,0.017523974,0.04525987418022148
28480,-0.02761300000000011,0.027552787,0.0551657872145177,11.215680000000003,9.757338,-1.4583424298095728,8.78515,7.4852333,-1.2999166931152342,0.061455999999999955,0.040128075,-0.021327925413608506
28483,-0.02761300000000011,0.027552787,0.0551657872145177,12.38568,9.757338,-2.628342429809571,9.57515,7.4852333,-2.089916693115235,0.061455999999999955,0.040128075,-0.021327925413608506
28484,-0.02761300000000011,0.027552787,0.0551657872145177,12.705680000000001,9.757338,-2.9483424298095713,10.25515,7.4852333,-2.769916693115235,0.09145599999999998,0.040128075,-0.05132792541360853
28485,-0.0176130000000001,0.027552787,0.045165787214517694,12.99568,9.757338,-3.2383424298095704,10.645150000000001,7.4852333,-3.1599166931152354,0.10145599999999999,0.040128075,-0.06132792541360854
28486,-0.03761300000000012,0.027552787,0.06516578721451771,12.445680000000003,9.757338,-2.6883424298095733,10.69515,7.4852333,-3.2099166931152343,0.1314559999999999,0.040128075,-0.09132792541360846
28487,-0.03761300000000012,0.027552787,0.06516578721451771,12.705680000000001,9.757338,-2.9483424298095713,11.135150000000001,7.4852333,-3.6499166931152356,0.15145599999999992,0.040128075,-0.11132792541360848
28488,-0.02761300000000011,0.027552787,0.0551657872145177,11.985680000000002,9.757338,-2.2283424298095724,10.59515,7.4852333,-3.1099166931152347,0.14145599999999992,0.040128075,-0.10132792541360847
28489,-0.02761300000000011,0.027552787,0.0551657872145177,12.47568,9.757338,-2.718342429809571,10.76515,7.4852333,-3.2799166931152346,0.1314559999999999,0.040128075,-0.09132792541360846
28491,-0.007613000000000092,0.027552787,0.035165787214517685,13.835680000000002,9.757338,-4.078342429809572,11.555150000000001,7.4852333,-4.0699166931152355,0.12145600000000001,0.040128075,-0.08132792541360856
28580,0.022698000000000107,0.04847656,0.025778558178663147,6.32047,7.798321,1.4778507702636716,4.49981,6.928516,2.428705911102295,-0.009882699999999911,0.052954566,0.0628372657336711
28619,0.06166500000000008,0.025512593,-0.03615240713298329,7.000340000000005,7.977908,0.9775681344604443,4.7813,6.4514,1.6700998031616212,-0.05467719999999998,0.025688432,0.08036563215703962
28804,0.16148799999999996,0.114463,-0.04702499851036068,13.831820000000002,9.565397,-4.26642273742676,11.32644,9.305899,-2.020541333618164,-0.013692199999999932,0.04917824,0.06287043895812028
28812,0.09340499999999985,0.040259667,-0.05314533325910553,13.18732,8.497272,-4.690048462219238,16.02722,9.076346,-6.9508736026000975,0.39421990000000007,0.14308129,-0.2511386074899674
28943,0.023422000000000054,0.049099594,0.025677594354629463,11.055780000000002,10.01361,-1.0421701138305686,7.925729999999998,9.455065,1.5293347735595724,-0.01492529999999992,0.11502172,0.12994702052860252
29091,-0.028960399999999886,-0.027752118,0.001208281814837342,6.796849999999999,6.6224875,-0.17436245498657144,6.732919999999998,7.1383305,0.4054104595947283,0.09652229999999995,0.100250006,0.0037277057220459486
29221,0.12604000000000004,0.034583934,-0.09145606634855274,10.966709999999999,9.68732,-1.2793902444457999,14.504560000000001,10.417127,-4.087433344421388,0.16966769999999998,0.086013444,-0.08365425623197553
29224,0.0640400000000001,0.034583934,-0.0294560663485528,10.056709999999999,9.68732,-0.3693902444457997,11.014560000000001,10.417127,-0.597433344421388,0.07966770000000001,0.086013444,0.006345743768024437
29225,0.04604000000000008,0.034583934,-0.011456066348552785,9.88671,9.68732,-0.19939024444580156,10.904560000000002,10.417127,-0.4874333444213885,0.08966770000000002,0.086013444,-0.0036542562319755723
29226,0.03404000000000007,0.034583934,0.0005439336514472259,9.576709999999999,9.68732,0.11060975555420072,9.674560000000003,10.417127,0.7425666555786101,0.05966769999999999,0.086013444,0.026345743768024454
29227,0.0040400000000000436,0.034583934,0.030543933651447253,9.38671,9.68732,0.30060975555419844,9.184560000000001,10.417127,1.2325666555786121,0.0696677,0.086013444,0.016345743768024446
29228,-0.016959999999999864,0.034583934,0.05154393365144716,9.08671,9.68732,0.6006097555541992,8.45456,10.417127,1.9625666555786125,0.029667699999999964,0.086013444,0.05634574376802448
29258,0.02986600000000006,0.052888207,0.023022207137584627,4.273130000000002,4.793444,0.5203141566467266,9.69,9.943276,0.25327640533447315,0.29012399999999994,0.3031862,0.013062208009719911
29268,0.04238699999999995,0.080609605,0.03822260471630101,10.105680000000003,11.947601,1.841921318359372,10.60515,11.666403,1.0612528167724609,0.16145599999999993,0.13266215,-0.028793852716445856
29271,0.012386999999999926,0.080609605,0.06822260471630104,4.805680000000002,11.947601,7.141921318359373,3.605150000000002,11.666403,8.061252816772459,0.0014560000000000128,0.13266215,0.13120614728355406
29446,-0.10761299999999996,0.030291053,0.13790405253517624,6.005680000000002,9.6605215,3.654841507263182,1.1051500000000019,7.844547,6.739396794891356,-0.08154400000000006,0.05007824,0.13162223929190642
29447,-0.007613000000000092,0.030291053,0.03790405253517637,6.385680000000001,9.6605215,3.274841507263183,2.925150000000002,7.844547,4.919396794891355,-0.06354400000000004,0.05007824,0.1136222392919064
29449,0.012386999999999926,0.030291053,0.01790405253517635,11.945680000000003,9.6605215,-2.2851584927368194,10.70515,7.844547,-2.8606032051086423,0.1244559999999999,0.05007824,-0.07437776070809354
29561,0.04552999999999996,0.07589215,0.030362150402069132,7.5567500000000045,8.66387,1.1071198577880814,13.634519999999998,13.908894,0.2743735852050797,0.31762270000000004,0.28253114,-0.03509155776519779
29562,0.03452999999999995,0.07589215,0.04136215040206914,7.276750000000003,8.66387,1.3871198577880826,12.734519999999998,13.908894,1.17437358520508,0.2876227,0.28253114,-0.005091557765197763
29564,0.04852999999999996,0.07589215,0.02736215040206913,8.116750000000003,8.66387,0.5471198577880827,13.43452,13.908894,0.474373585205079,0.2936227,0.28253114,-0.011091557765197768
29657,0.012386999999999926,0.02760723,0.01522023046958454,7.90568,8.911849,1.0061690219116208,4.805150000000001,7.2115564,2.4064064346313465,-0.04854400000000003,0.04094392,0.08948792061233524
29870,-0.008323999999999998,0.0077691553,0.01609315531605482,11.631520000000002,9.889472,-1.742047992248537,8.739959999999998,9.605461,0.8655011206054706,0.031119999999999925,0.10814566,0.07702566165208824
29872,0.07167600000000007,0.0077691553,-0.06390684468394525,13.051520000000004,9.889472,-3.1620479922485387,13.899959999999998,9.605461,-4.29449887939453,0.21611999999999998,0.10814566,-0.10797433834791181
30368,0.209387,0.02760723,-0.18177976953041552,25.395680000000002,8.911849,-16.48383097808838,18.66515,7.2115564,-11.453593565368653,0.06345599999999996,0.04094392,-0.022512079387664752
30417,-0.08461300000000005,0.030291053,0.11490405253517633,10.40568,9.6605215,-0.7451584927368167,6.60515,7.844547,1.2393967948913573,0.02145599999999992,0.05007824,0.028622239291906437
30418,-0.06061300000000003,0.030291053,0.0909040525351763,10.40568,9.6605215,-0.7451584927368167,9.805150000000001,7.844547,-1.9606032051086437,0.16145599999999993,0.05007824,-0.11137776070809358
30419,-0.08461300000000005,0.030291053,0.11490405253517633,10.40568,9.6605215,-0.7451584927368167,6.60515,7.844547,1.2393967948913573,0.02145599999999992,0.05007824,0.028622239291906437
30420,-0.034613000000000005,0.030291053,0.06490405253517628,10.605680000000003,9.6605215,-0.9451584927368195,8.10515,7.844547,-0.26060320510864265,0.051455999999999946,0.05007824,-0.0013777607080935894
30456,-0.08961300000000016,0.02760723,0.11722023046958463,6.685680000000001,8.911849,2.2261690219116197,0.9951499999999989,7.2115564,6.216406434631349,-0.09454399999999996,0.04094392,0.13548792061233517
30725,0.012386999999999926,0.02760723,0.01522023046958454,12.017680000000002,8.911849,-3.105830978088381,9.28515,7.2115564,-2.073593565368652,0.04345599999999994,0.04094392,-0.002512079387664734
31082,0.14207599999999998,0.09617835,-0.04589764716720579,9.5613,9.339969,-0.22133131866455003,9.501460000000002,7.850826,-1.6506342134094254,0.0569056,0.016401038,-0.04050456242618561
31083,0.13207599999999997,0.09617835,-0.03589764716720578,10.8613,9.339969,-1.5213313186645507,10.571460000000002,7.850826,-2.7206342134094257,0.08290560000000002,0.016401038,-0.06650456242618563
31084,0.12207599999999996,0.09617835,-0.025897647167205773,9.0613,9.339969,0.27866868133545,8.401460000000002,7.850826,-0.5506342134094258,0.02290559999999997,0.016401038,-0.006504562426185578
31085,0.13207599999999997,0.09617835,-0.03589764716720578,10.0613,9.339969,-0.72133131866455,9.801460000000002,7.850826,-1.950634213409426,0.0629056,0.016401038,-0.046504562426185614
31087,0.12207599999999996,0.09617835,-0.025897647167205773,8.8613,9.339969,0.47866868133544926,8.001460000000002,7.850826,-0.1506342134094254,0.007905599999999957,0.016401038,0.008495437573814435
31088,0.05148799999999998,0.0018972608,-0.04959073922048507,7.941820000000003,8.997509,1.0556890026855434,7.41644,5.7566476,-1.65979241317749,0.050307800000000125,-0.00095516094,-0.051262960940066105
31089,0.08425400000000005,0.0964779,0.012223903425693461,16.183300000000003,13.234199,-2.949101429748538,12.77204,9.588934,-3.183106055297852,0.023824899999999927,0.031815115,0.00799021536240585
31090,0.09248000000000012,0.079325296,-0.013154704015255092,9.53737,13.533141,3.9957711361694344,9.05409,11.684305,2.6302151910400386,0.046650699999999934,0.05053091,0.0038802104919434255
31185,-0.08148600000000017,-0.007434054,0.07405194618782418,2.843110000000003,6.8971596,4.054049576416013,3.002830000000003,6.583342,3.5805120753478974,0.03698579999999996,0.09997589,0.06299009141130452
31186,-0.09148600000000018,-0.007434054,0.08405194618782419,4.563110000000002,6.8971596,2.334049576416014,3.2828300000000006,6.583342,3.3005120753479,0.05498579999999986,0.09997589,0.04499009141130461
31187,-0.08148600000000017,-0.007434054,0.07405194618782418,3.263110000000001,6.8971596,3.6340495764160146,2.102830000000001,6.583342,4.4805120753478995,0.05098579999999997,0.09997589,0.048990091411304504
31188,-0.07148600000000016,-0.007434054,0.06405194618782417,5.663110000000003,6.8971596,1.2340495764160124,4.782830000000001,6.583342,1.8005120753478998,0.06798579999999999,0.09997589,0.03199009141130449
31323,0.132343,0.105207786,-0.027135214035987842,8.12414,8.714748,0.5906083825683588,10.47445,9.875644,-0.5988062698364249,0.12442659999999994,0.132813,0.008386406639480648
31324,0.11234299999999997,0.105207786,-0.007135214035987825,8.114140000000003,8.714748,0.6006083825683568,9.844449999999998,9.875644,0.03119373016357585,0.10442659999999993,0.132813,0.028386406639480666
31325,0.17143699999999995,0.039200183,-0.1322368169958591,13.098460000000001,8.763767,-4.3346927575683605,13.002490000000002,9.18252,-3.819970087280275,0.06453720000000007,0.13395457,0.06941736969738
31351,0.0019620000000000193,-0.014457506,-0.016419506127655525,6.847160000000002,6.5241795,-0.3229805413818383,9.576139999999999,7.5297956,-2.0463443533325183,0.22261769999999992,0.13425277,-0.08836492826480857
31355,-0.00803799999999999,-0.014457506,-0.0064195061276555165,6.847160000000002,6.5241795,-0.3229805413818383,7.576139999999999,7.5297956,-0.046344353332518295,0.12961769999999995,0.13425277,0.004635071735191398
31356,0.0019620000000000193,-0.014457506,-0.016419506127655525,6.847160000000002,6.5241795,-0.3229805413818383,6.776139999999998,7.5297956,0.7536556466674824,0.0776176999999999,0.13425277,0.056635071735191445
31357,-0.048038000000000025,-0.014457506,0.03358049387234452,6.7471600000000045,6.5241795,-0.22298054138184042,5.076139999999999,7.5297956,2.4536556466674817,0.03161769999999997,0.13425277,0.10263507173519137
31363,0.0019620000000000193,-0.014457506,-0.016419506127655525,6.447160000000004,6.5241795,0.07701945861816029,9.47614,7.5297956,-1.9463443533325187,0.22661769999999992,0.13425277,-0.09236492826480858
31364,-0.028038000000000007,-0.014457506,0.013580493872344501,5.947160000000004,6.5241795,0.5770194586181603,8.176139999999998,7.5297956,-0.6463443533325179,0.18561769999999989,0.13425277,-0.05136492826480854
31407,0.15521700000000005,0.064565055,-0.09065194492769246,15.765749999999999,11.620473,-4.145277091979979,14.45087,8.782122,-5.668748341674805,0.11632389999999992,0.050471462,-0.06585243769063942
31408,-0.03884500000000002,0.01764099,0.05648598927378656,9.70569,9.497649,-0.208040807189942,5.656550000000001,7.161011,1.5044612190246571,-0.01597470000000001,0.039477848,0.05545254751653672
31425,0.012799000000000005,0.044462666,0.03166366591548919,18.499760000000002,16.106033,-2.3937266748046895,14.604320000000001,14.624311,0.019991447143553387,0.09750270000000005,0.18410666,0.08660396286945338
31426,0.04279900000000003,0.044462666,0.0016636659154891653,16.959760000000003,16.106033,-0.8537266748046903,17.80432,14.624311,-3.180008552856446,0.3535027,0.18410666,-0.16939603713054657
31635,0.168883,0.08742306,-0.08145994363594056,13.44771,8.947266,-4.500444375000001,12.76669,9.206949,-3.5597407659912115,0.054355699999999896,0.10572768,0.051371980027485
31652,-0.022696999999999967,-0.009430332,0.013266667890667883,11.405810000000002,14.048761,2.642951367797849,10.283259999999999,13.154239,2.8709787008667007,0.08543459999999992,0.14682584,0.0613912351087571
31653,0.01730300000000007,-0.009430332,-0.026733332109332153,17.30581,14.048761,-3.2570486322021495,18.78326,13.154239,-5.629021299133299,0.3514346,0.14682584,-0.20460876489124297
31654,-0.042696999999999985,-0.009430332,0.0332666678906679,10.50581,14.048761,3.5429513677978512,8.18326,13.154239,4.970978700866699,0.03043459999999998,0.14682584,0.11639123510875704
31655,-0.022696999999999967,-0.009430332,0.013266667890667883,15.605810000000002,14.048761,-1.5570486322021502,14.38326,13.154239,-1.2290212991333007,0.13943459999999996,0.14682584,0.007391235108757055
31676,-0.06721500000000002,-0.002087723,0.06512727700188758,4.783239999999999,8.16838,3.385139783630372,2.6498100000000004,5.812275,3.1624649328613277,0.011713700000000049,0.03102431,0.019310610737848233
31677,-0.057215000000000016,-0.002087723,0.055127277001887576,7.273240000000001,8.16838,0.8951397836303698,4.9798100000000005,5.812275,0.8324649328613276,0.028713700000000064,0.03102431,0.0023106107378482177
31678,-0.01721499999999998,-0.002087723,0.01512727700188754,8.483240000000002,8.16838,-0.314860216369631,6.0298099999999994,5.812275,-0.21753506713867132,0.016713700000000054,0.03102431,0.014310610737848228
32154,0.04276499999999994,0.0092540225,-0.03351097749859089,6.50046,8.353073,1.8526131201171872,9.975359999999998,9.541863,-0.4334965585327133,0.1760887,0.14197415,-0.03411454886550902
32156,0.09238699999999989,0.027552787,-0.06483421278548229,11.605680000000003,9.757338,-1.8483424298095734,9.805150000000001,7.4852333,-2.3199166931152355,0.03045600000000004,0.040128075,0.00967207458639141
32165,0.12253400000000003,0.07637417,-0.046159826835632356,8.26615,9.320563,1.0544133163452152,9.388349999999999,8.756288,-0.6320624252319327,0.035816199999999965,0.046994507,0.011178307312774693
32263,0.06221500000000013,0.017006624,-0.04520837550997747,10.948349999999998,9.477415,-1.4709349151611306,9.797250000000002,6.5951414,-3.202108589172365,0.07226410000000005,0.001719597,-0.07054450297143167
32940,0.11199999999999999,0.13992381,0.027923810958862316,14.975249999999999,18.761229,3.785978561401368,16.24622,21.451239,5.205018632202147,0.13741589999999992,0.36522484,0.227808938256836
32948,0.062000000000000055,0.13992381,0.07792381095886225,17.54525,18.761229,1.2159785614013678,20.58622,21.451239,0.8650186322021476,0.35141589999999995,0.36522484,0.01380893825683599
32949,0.132,0.13992381,0.007923810958862298,19.23525,18.761229,-0.47402143859863344,23.24622,21.451239,-1.7949813677978526,0.46541589999999994,0.36522484,-0.100191061743164
32951,0.252,0.13992381,-0.1120761890411377,22.16525,18.761229,-3.404021438598633,25.24622,21.451239,-3.7949813677978526,0.5394159,0.36522484,-0.174191061743164
32991,0.14381300000000008,0.10223778,-0.04157521662759789,9.119610000000002,8.896478,-0.2231323007202164,11.65634,8.733709,-2.9226306646728517,0.22019530000000015,0.08906914,-0.13112615706233993
32992,0.12339200000000006,0.10223778,-0.021154216627597866,16.77862,10.519002,-6.259618039245606,10.938329999999999,8.609433,-2.328896825866698,-0.02944000000000002,-0.0072368206,0.022203179354369662
33273,0.11560000000000004,0.02250689,-0.09309310918152336,11.71255,11.38653,-0.3260200775146487,14.30408,11.801048,-2.503031721191407,0.16170479999999998,0.112400465,-0.049304335286426526
33274,0.0068749999999999645,-0.004251889,-0.011126888953149283,14.584729999999997,10.509286,-4.075444073181149,12.00308,8.811253,-3.19182740600586,0.004812700000000003,0.030700058,0.025887357744979855
33457,0.32095000000000007,0.008642265,-0.3123077353581787,25.99737,11.573818,-14.42355179321289,21.9771,11.95555,-10.021549806213379,0.4454893,0.16096999,-0.28451931248836515
33458,-0.03905000000000003,0.008642265,0.047692264641821414,9.58737,11.573818,1.9864482067871094,10.517100000000001,11.95555,1.43845019378662,0.16748929999999995,0.16096999,-0.0065193124883651254
33459,0.15560000000000007,0.0374241,-0.11817590129971511,26.92255,14.147249,-12.775300778198243,23.18408,14.091546,-9.092533941345216,0.33570479999999997,0.13124695,-0.204457845797348
33460,0.015600000000000058,0.0374241,0.0218240987002849,12.98255,14.147249,1.164699221801758,13.114080000000001,14.091546,0.9774660586547839,0.12570480000000006,0.13124695,0.005542154202651917
33462,0.04682900000000001,0.022451565,-0.02437743533039094,11.92691,9.72166,-2.205250339660644,12.33834,9.517322,-2.821018413391114,0.11857720000000005,0.100496106,-0.01808109415025716
33465,0.10321500000000006,0.017006624,-0.0862083755099774,24.668349999999997,9.477415,-15.19093491516113,12.907250000000001,6.5951414,-6.3121085891723645,-0.2267359,0.001719597,0.22845549702856838
33466,-0.007784999999999931,0.017006624,0.02479162449002259,7.768349999999998,9.477415,1.709065084838869,-1.672749999999997,6.5951414,8.267891410827634,-0.29073589999999994,0.001719597,0.2924554970285683
33772,-0.087785,0.016781354,0.10456635432302952,6.228349999999999,8.743536,2.5151859954833995,0.8872500000000016,6.4211245,5.533874458312987,-0.08773589999999998,0.017523974,0.10525987418022154
33773,-0.1077849999999998,-0.04683922,0.060945781413316524,6.538349999999998,7.309488,0.7711378196716332,1.7572500000000026,4.2257705,2.468520473480222,-0.04773589999999994,-0.007981149,0.0397547514515757
33774,0.1622150000000001,0.016781354,-0.1454336456769706,6.838349999999998,8.743536,1.9051859954834,8.10725,6.4211245,-1.6861255416870122,0.10226410000000008,0.017523974,-0.08474012581977852
33775,0.1622150000000001,0.022144033,-0.14007096735775482,6.638349999999999,8.965189,2.32683898010254,8.50725,8.573574,0.06632406616210851,0.062264100000000044,0.06337754,0.001113436833286241
33776,0.08221500000000015,0.11091554,0.028700541648864597,7.738349999999997,7.952271,0.21392098464966125,9.00725,9.81267,0.8054197540283194,0.18226410000000004,0.102978274,-0.07928582577381138
33777,0.042215000000000114,0.009507278,-0.0327077220195533,8.138349999999999,7.431483,-0.7068672080993643,10.50725,6.844034,-3.663215805053712,0.20226410000000006,0.0733925,-0.12887159703645712
33778,0.042215000000000114,0.009043863,-0.033171136956811065,7.93835,7.408791,-0.5295589347839353,10.00725,6.9452305,-3.062019515991212,0.18226410000000004,0.06501611,-0.11724798677835468
33782,0.05221500000000012,0.0026902766,-0.04952472340330494,11.138349999999999,10.623778,-0.5145716567993155,13.50725,10.795783,-2.711466957092286,0.2822641000000001,0.17643876,-0.10582533626232155
33783,0.022215000000000096,0.0013248994,-0.020890100621767438,12.638349999999999,10.772056,-1.8662943740844717,14.307250000000002,11.224108,-3.0831422576904313,0.2922641,0.1864137,-0.10585039465103152
33784,0.012215000000000087,-0.040990677,-0.05320567673087129,13.838349999999998,12.895789,-0.9425608535766585,15.00725,13.387439,-1.6198112258911141,0.2922641,0.23346448,-0.058799620553588894
33786,-0.07778499999999999,-0.040990677,0.03679432326912879,11.988349999999997,12.895789,0.9074391464233429,9.837250000000001,13.387439,3.550188774108886,0.03226410000000002,0.23346448,0.20120037944641112
33787,-0.1077849999999998,-0.040990677,0.0667943232691286,13.248349999999999,12.895789,-0.3525608535766587,15.92725,13.387439,-2.539811225891114,0.38226410000000005,0.23346448,-0.14879962055358892
33808,0.17521500000000012,0.016781354,-0.1584336456769706,9.108349999999998,8.743536,-0.3648140045165995,10.667250000000001,6.4211245,-4.246125541687013,0.11226410000000009,0.017523974,-0.09474012581977853
33989,0.002215000000000078,0.02400984,0.021794840562939566,6.838349999999998,7.8547826,1.0164325813293473,3.707250000000002,6.5467606,2.8395105590820293,-0.04773589999999994,0.042394012,0.09012991221275324
33990,0.002215000000000078,0.02400984,0.021794840562939566,6.238349999999997,7.8547826,1.6164325813293487,3.4072500000000012,6.5467606,3.13951055908203,-0.03773589999999993,0.042394012,0.08012991221275323
33991,-0.02778499999999995,0.02400984,0.05179484056293959,6.238349999999997,7.8547826,1.6164325813293487,2.5072500000000026,6.5467606,4.039510559082029,-0.06773589999999996,0.042394012,0.11012991221275326
33992,-0.047784999999999966,0.02400984,0.07179484056293961,6.238349999999997,7.8547826,1.6164325813293487,1.8072499999999998,6.5467606,4.7395105590820314,-0.07773589999999997,0.042394012,0.12012991221275326
33993,0.002215000000000078,0.02400984,0.021794840562939566,6.93835,7.8547826,0.9164325813293459,3.9072500000000012,6.5467606,2.63951055908203,-0.03773589999999993,0.042394012,0.08012991221275323
33994,-0.007784999999999931,0.02400984,0.031794840562939575,6.038349999999998,7.8547826,1.816432581329348,3.6072500000000005,6.5467606,2.9395105590820307,-0.017735899999999916,0.042394012,0.06012991221275321
33996,0.022215000000000096,0.02400984,0.001794840562939548,6.93835,7.8547826,0.9164325813293459,5.007250000000001,6.5467606,1.5395105590820304,-0.007735899999999907,0.042394012,0.0501299122127532
33998,0.032215000000000105,0.02400984,-0.00820515943706046,8.038349999999998,7.8547826,-0.18356741867065196,7.307250000000002,6.5467606,-0.7604894409179703,0.052264100000000036,0.042394012,-0.00987008778724674
33999,0.012215000000000087,0.0026902766,-0.009524723403304902,8.398349999999997,9.579076,1.18072581329346,5.257250000000001,7.2522726,1.9950226058959952,-0.04173590000000005,0.026218185,0.06795408520128732
34293,-0.04323600000000005,0.037920106,0.08115610620236402,3.6519399999999997,8.676416,5.024476397094727,4.172889999999999,9.880252,5.70736188446045,0.08703440000000007,0.13329323,0.04625882636127465
34335,-0.011486000000000107,-0.007434054,0.004051946187824118,8.833110000000001,6.8971596,-1.9359504235839857,7.582830000000001,6.583342,-0.9994879246521009,0.045985799999999966,0.09997589,0.05399009141130451
34336,-0.10148600000000019,-0.007434054,0.0940519461878242,3.9931100000000015,6.8971596,2.904049576416014,1.7828300000000006,6.583342,4.8005120753479,0.01898579999999994,0.09997589,0.08099009141130453
34337,-0.041486000000000134,-0.007434054,0.034051946187824145,1.9431100000000008,6.8971596,4.954049576416015,0.9828299999999999,6.583342,5.6005120753479005,0.010985799999999935,0.09997589,0.08899009141130454
34338,-0.08148600000000017,-0.007434054,0.07405194618782418,4.313110000000002,6.8971596,2.584049576416014,1.382830000000002,6.583342,5.200512075347898,-0.03201419999999999,0.09997589,0.13199009141130447
34339,-0.07148600000000016,-0.007434054,0.06405194618782417,3.913110000000003,6.8971596,2.9840495764160124,4.982830000000002,6.583342,1.6005120753478987,0.13898579999999994,0.09997589,-0.03900990858869546
34341,-0.05148600000000014,-0.007434054,0.044051946187824154,3.353110000000001,6.8971596,3.5440495764160147,4.982830000000002,6.583342,1.6005120753478987,0.13898579999999994,0.09997589,-0.03900990858869546
34456,0.06221500000000013,0.016781354,-0.04543364567697061,7.34835,8.743536,1.3951859954833985,8.787250000000002,6.4211245,-2.3661255416870137,0.1232641000000001,0.017523974,-0.10574012581977854
34794,-0.01833499999999999,0.025512593,0.04384759286701678,6.240340000000003,7.977908,1.737568134460446,3.4712999999999994,6.4514,2.9800998031616217,-0.02867720000000007,0.025688432,0.05436563215703971
34797,0.0016650000000000276,0.025512593,0.023847592867016765,6.130340000000004,7.977908,1.8475681344604453,4.491300000000001,6.4514,1.9600998031616204,0.008322799999999964,0.025688432,0.01736563215703968
35040,0.1522150000000001,0.016781354,-0.13543364567697058,14.098349999999998,8.743536,-5.3548140045166,12.407250000000001,6.4211245,-5.986125541687013,0.06426410000000005,0.017523974,-0.04674012581977849
35065,-0.06858900000000001,-0.026190842,0.04239815842950345,6.762549999999997,7.400228,0.6376780235290553,3.3993900000000004,5.069557,1.670167189941406,-0.018535100000000027,0.014926597,0.033461696544683006
35066,-0.06801500000000016,-0.06220875,0.005806250646114508,6.057960000000001,6.527695,0.46973517898559436,4.529999999999999,4.1230726,-0.4069273757934564,0.05212749999999999,0.024666036,-0.027461464452147477
35067,-0.04858899999999999,-0.026190842,0.022398158429503434,5.742549999999998,7.400228,1.657678023529055,2.6493900000000004,5.069557,2.420167189941406,-0.021535099999999918,0.014926597,0.0364616965446829
35068,-0.053015000000000034,-0.06220875,-0.009193749353885616,5.657960000000003,6.527695,0.8697351789855929,3.7699999999999996,4.1230726,0.3530726242065434,0.032127499999999976,0.024666036,-0.007461464452147459
35157,-0.030088000000000115,-0.010875801,0.01921219937551033,8.51249,10.84221,2.3297198159790042,6.87125,9.775265,2.9040147399902345,0.027618799999999943,0.072519526,0.04490072588558203
35158,-0.00730199999999992,-0.0015480334,0.005753966559514323,4.58023,7.628132,3.047901866455078,3.8485299999999985,5.7948856,1.946355635375978,0.045556199999999936,0.023767287,-0.021788913088393147
35159,-0.030088000000000115,-0.010875801,0.01921219937551033,9.152489999999997,10.84221,1.6897198159790072,8.24125,9.775265,1.5340147399902335,0.06761879999999998,0.072519526,0.004900725885581991
35160,-0.00730199999999992,-0.0015480334,0.005753966559514323,5.000230000000002,7.628132,2.627901866455076,4.3085299999999975,5.7948856,1.486355635375979,0.055556199999999945,0.023767287,-0.031788913088393156
35170,0.16198999999999997,0.04167195,-0.12031804962992665,15.621590000000001,10.00667,-5.614920001831056,13.585080000000001,7.454465,-6.130615087585451,0.0984836,0.031005654,-0.06747794551596642
35173,-0.01519399999999993,0.027531724,0.04272572442317002,6.253820000000001,7.747714,1.4938940426635732,3.0311700000000013,5.193253,2.1620830403137195,-0.06198350000000008,0.010355603,0.07233910294985779
35174,-0.008010000000000073,0.04167195,0.04968195037007339,9.621590000000001,10.00667,0.3850799981689441,4.785080000000001,7.454465,2.66938491241455,-0.09451639999999994,0.031005654,0.12552205448403353
35175,0.001068000000000069,0.02392973,0.0228617300577163,6.827349999999999,8.893966,2.066615721130372,3.19792,6.056267,2.858346784667969,-0.08850889999999989,-0.015428197,0.07308070336117733
35176,0.021989999999999954,0.04167195,0.019681950370073364,10.721590000000003,10.00667,-0.7149200018310573,6.48508,7.454465,0.9693849124145508,-0.08351640000000005,0.031005654,0.11452205448403363
35179,0.021230000000000082,0.03407304,0.01284303988933555,12.234470000000002,9.238929,-2.995541205139162,8.585130000000001,7.110281,-1.4748490093994153,-0.014131900000000086,0.018622132,0.03275403201820859
35180,0.15198999999999996,0.04167195,-0.11031804962992664,15.421590000000002,10.00667,-5.414920001831057,11.98508,7.454465,-4.530615087585449,-0.025516400000000106,0.031005654,0.05652205448403369
35191,-0.07578499999999999,0.02985374,0.10563874070703982,7.84835,8.606162,0.7578120712280274,4.757250000000001,6.5173545,1.7601044883728019,0.013264100000000001,0.00014453403,-0.013119565968721547
35192,-0.06378499999999998,0.02985374,0.09363874070703981,7.928349999999998,8.606162,0.6778120712280291,4.787250000000002,6.5173545,1.7301044883728007,0.004264100000000104,0.00014453403,-0.00411956596872165
35317,0.10342200000000001,0.008947565,-0.09447443477970363,11.505780000000001,9.771506,-1.734273690490724,9.60573,7.9858828,-1.6198472409057612,0.005074700000000099,0.045269903,0.04019520279555311
35343,-0.09761300000000017,0.02760723,0.12522023046958464,6.305680000000002,8.911849,2.6061690219116187,1.905149999999999,7.2115564,5.306406434631349,-0.06054400000000004,0.04094392,0.10148792061233525
35451,0.06456200000000001,0.010848079,-0.05371392112326623,7.5484100000000005,7.707191,0.15878099044799754,8.9207,7.9299517,-0.9907483322143555,0.10024309999999992,0.09449971,-0.005743392778015055
35452,-0.08243800000000001,0.010848079,0.09328607887673379,7.38841,7.707191,0.3187809904479977,5.790700000000001,7.9299517,2.1392516677856435,0.060243099999999994,0.09449971,0.03425660722198487
35453,0.3325340000000001,0.12958053,-0.2029534724559785,18.74615,15.9930725,-2.753077490234375,16.288349999999998,12.945947,-3.3424033065795875,0.09081620000000001,0.0913831,0.0005668995559692247
35465,-0.04866900000000007,-0.042305768,0.006363232463836743,10.021269999999998,9.172131,-0.8491394152832008,8.14544,7.469929,-0.6755107817077644,0.06786820000000005,0.04330304,-0.024565161075067565
35469,-0.04866900000000007,-0.042305768,0.006363232463836743,10.15127,9.172131,-0.9791394152832034,7.815440000000001,7.469929,-0.3455107817077643,0.04786820000000003,0.04330304,-0.0045651610750675475
35473,-0.04866900000000007,-0.042305768,0.006363232463836743,10.161269999999998,9.172131,-0.9891394152832014,7.57544,7.469929,-0.10551078170776407,0.034868200000000016,0.04330304,0.008434838924932464
35477,-0.04866900000000007,-0.042305768,0.006363232463836743,10.271269999999998,9.172131,-1.0991394152832008,7.4854400000000005,7.469929,-0.01551078170776421,0.024868200000000007,0.04330304,0.018434838924932473
35516,0.18238699999999997,0.02760723,-0.1547797695304155,6.56568,8.911849,2.3461690219116207,8.36515,7.2115564,-1.1535935653686522,0.051455999999999946,0.04094392,-0.010512079387664741
35517,-0.008193000000000117,0.026398346,0.03459134582805645,5.365660000000002,8.152123,2.7864634512329083,5.657000000000002,7.214661,1.5576611213684064,0.08552360000000003,0.046087213,-0.039436387139415774
35664,-0.03761300000000012,0.03555216,0.07316515895175946,7.445680000000003,8.989717,1.5440365298461884,5.17515,7.3312144,2.1560644279479977,0.0014560000000000128,0.021479486,0.020023485556483256
35756,0.04238699999999995,0.02760723,-0.014779769530415487,11.505680000000002,8.911849,-2.5938309780883806,14.305150000000001,7.2115564,-7.0935935653686535,0.32145599999999996,0.04094392,-0.28051207938766476
35758,-0.009633000000000003,-0.020690873,-0.011057873265266416,9.370070000000002,7.9945364,-1.3755336001586933,6.40405,6.8523264,0.4482763931274416,0.07408400000000004,0.07783552,0.00375152259206768
35849,0.002215000000000078,0.022401225,0.020186224821805876,7.25835,10.207718,2.9493678955078124,4.017250000000001,7.936716,3.9194660797119134,-0.05273589999999995,0.033933282,0.08666918189849848
35858,0.18359000000000003,0.082560815,-0.10102918508291248,15.457450000000001,13.807164,-1.6502858078002944,15.389019999999999,11.06417,-4.324850116271971,0.13918299999999995,0.01971556,-0.1194674393998384
35860,0.053590000000000027,0.082560815,0.02897081491708753,11.557450000000003,13.807164,2.249714192199704,8.77902,11.06417,2.285149883728028,-0.010816999999999966,0.01971556,0.030532560600161518
35861,0.07359000000000004,0.082560815,0.00897081491708751,13.757450000000002,13.807164,0.049714192199704854,10.789019999999999,11.06417,0.2751498837280284,-0.0008170000000000677,0.01971556,0.02053256060016162
35862,0.11358999999999997,0.082560815,-0.031029185082912414,14.65745,13.807164,-0.8502858078002937,11.879019999999999,11.06417,-0.8148501162719715,0.009182999999999941,0.01971556,0.010532560600161611
35863,0.11358999999999997,0.082560815,-0.031029185082912414,15.057450000000003,13.807164,-1.2502858078002959,11.619019999999999,11.06417,-0.5548501162719717,-0.030816999999999983,0.01971556,0.050532560600161536
35905,-0.010262999999999911,0.054122884,0.06438588382649413,6.518529999999998,9.162728,2.6441983096313493,3.9046699999999994,6.7714005,2.866730451660157,-0.02040580000000003,0.03483778,0.05524357865767482
35984,-0.07778499999999999,0.009507278,0.08729227798044681,6.1183499999999995,7.431483,1.3131327919006353,2.12725,6.844034,4.716784194946289,-0.05773589999999995,0.0733925,0.1311284029635429
36100,0.19340499999999994,0.09106536,-0.10233963790416711,7.68732,8.667885,0.9805648266601565,11.22722,9.759929,-1.4672912966918954,0.16421990000000009,0.12680121,-0.03741869233837136
36300,0.041870000000000074,0.068204,0.026334000592231677,8.20758,8.510037,0.3024574221801757,6.421039999999998,7.1428046,0.7217646226501486,0.00414060000000005,0.020607606,0.016467005576515148
36302,0.011870000000000047,0.068204,0.0563340005922317,7.20758,8.510037,1.3024574221801757,3.621039999999997,7.1428046,3.5217646226501493,-0.07585940000000002,0.020607606,0.09646700557651522
36303,0.0018700000000000383,0.068204,0.06633400059223171,7.20758,8.510037,1.3024574221801757,2.5210399999999993,7.1428046,4.621764622650147,-0.11585940000000006,0.020607606,0.13646700557651525
36304,0.06187000000000009,0.068204,0.006334000592231659,7.107580000000002,8.510037,1.4024574221801736,5.321039999999998,7.1428046,1.8217646226501483,-0.025859399999999977,0.020607606,0.046467005576515175
36305,0.011870000000000047,0.068204,0.0563340005922317,7.007580000000001,8.510037,1.502457422180175,3.121039999999997,7.1428046,4.021764622650149,-0.09585940000000004,0.020607606,0.11646700557651524
36306,0.11187000000000002,0.068204,-0.043665999407768274,11.00758,8.510037,-2.497542577819825,10.621039999999999,7.1428046,-3.4782353773498524,0.09414060000000002,0.020607606,-0.07353299442348482
36307,0.13187000000000004,0.068204,-0.06366599940776829,8.807580000000002,8.510037,-0.29754257781982574,10.52104,7.1428046,-3.378235377349853,0.14414059999999995,0.020607606,-0.12353299442348475
36308,0.12187000000000003,0.068204,-0.05366599940776828,8.607580000000002,8.510037,-0.09754257781982645,10.52104,7.1428046,-3.378235377349853,0.15414059999999996,0.020607606,-0.13353299442348476
36309,0.10187000000000002,0.068204,-0.033665999407768266,8.607580000000002,8.510037,-0.09754257781982645,8.321039999999998,7.1428046,-1.1782353773498517,0.044140599999999974,0.020607606,-0.023532994423484777
36310,0.10187000000000002,0.068204,-0.033665999407768266,8.40758,8.510037,0.1024574221801764,5.821039999999998,7.1428046,1.3217646226501483,-0.08585940000000003,0.020607606,0.10646700557651523
36311,0.0718700000000001,0.068204,-0.00366599940776835,8.307580000000002,8.510037,0.20245742218017426,7.521039999999999,7.1428046,-0.3782353773498528,0.034140599999999965,0.020607606,-0.013532994423484768
36386,0.226387,0.041635323,-0.18475167668414116,14.405680000000002,8.364937,-6.040743171386721,14.945150000000002,7.399808,-7.545342070007326,0.21345599999999998,0.076538086,-0.13691791406249998
36387,0.2543869999999999,0.041635323,-0.21275167668414108,8.205680000000001,8.364937,0.15925682861328028,13.875150000000001,7.399808,-6.475342070007326,0.275456,0.076538086,-0.19891791406249998
36466,0.0914879999999999,0.0018972608,-0.089590739220485,9.141820000000003,8.997509,-0.14431099731445585,7.31644,5.7566476,-1.5597924131774903,-0.013692199999999932,-0.00095516094,0.012737039059933952
36564,0.12387999999999999,0.030338515,-0.09354148540377616,4.7515399999999985,7.023348,2.2718078546142593,7.372200000000001,6.9013515,-0.4708485481262219,0.10025010000000001,0.07224525,-0.028004852337932595
36565,-0.02778499999999995,0.016781354,0.04456635432302947,11.388349999999999,8.743536,-2.6448140045166006,7.587250000000001,6.4211245,-1.1661255416870127,-0.007735899999999907,0.017523974,0.025259874180221464
36566,-0.01778499999999994,0.016781354,0.03456635432302946,11.518349999999998,8.743536,-2.7748140045165997,7.987250000000001,6.4211245,-1.566125541687013,0.002264100000000102,0.017523974,0.015259874180221455
36567,-0.02778499999999995,0.016781354,0.04456635432302947,11.568349999999999,8.743536,-2.8248140045166004,8.26725,6.4211245,-1.8461255416870124,0.02226410000000001,0.017523974,-0.004740125819778451
36568,0.012215000000000087,0.016781354,0.004566354323029431,10.86835,8.743536,-2.124814004516601,7.887250000000002,6.4211245,-1.4661255416870134,0.002264100000000102,0.017523974,0.015259874180221455
36625,0.5223869999999999,0.027552787,-0.49483421278548234,18.50568,9.757338,-8.748342429809572,19.40515,7.4852333,-11.919916693115233,0.48945600000000006,0.040128075,-0.4493279254136086
36626,-0.03761300000000012,0.027552787,0.06516578721451771,8.605680000000003,9.757338,1.1516575701904266,6.405150000000001,7.4852333,1.0800833068847648,0.038455999999999935,0.040128075,0.0016720745863915143
36638,0.12253400000000003,0.11535633,-0.007177666446208986,8.546149999999997,7.9348016,-0.6113484214782687,9.088349999999998,9.049682,-0.03866833648681478,0.06081619999999999,0.0821185,0.02130229629878999
36753,-0.04799700000000007,-0.027056947,0.020940052649498053,10.812470000000005,9.111048,-1.7014222552490281,6.864879999999999,5.0941906,-1.7706894024658197,-0.00011470000000002312,-0.020985117,-0.02087041718213556
36754,-0.04999700000000007,-0.027056947,0.022940052649498055,10.602470000000004,9.111048,-1.4914222552490273,5.744879999999998,5.0941906,-0.6506894024658187,-0.04211469999999995,-0.020985117,0.021129582817864367
36755,-0.07199700000000009,-0.027056947,0.044940052649498075,8.092470000000002,9.111048,1.0185777447509743,2.3648799999999994,5.0941906,2.7293105975341803,-0.08211469999999987,-0.020985117,0.06112958281786429
36756,-0.06099699999999997,-0.027056947,0.033940052649497954,8.752470000000002,9.111048,0.35857774475097415,3.6548799999999986,5.0941906,1.4393105975341811,-0.061114699999999966,-0.020985117,0.040129582817864384
36757,-0.058996999999999966,-0.027056947,0.03194005264949795,9.432470000000002,9.111048,-0.32142225524902557,3.964880000000001,5.0941906,1.1293105975341788,-0.07211469999999987,-0.020985117,0.05112958281786428
37054,-0.059414999999999996,-0.02400011,0.035414889895319934,5.895590000000002,6.53834,0.6427500917053202,5.151009999999999,6.115209,0.9641991026306158,0.05871729999999997,0.0629579,0.004240597782325772
37055,-0.059414999999999996,-0.02400011,0.035414889895319934,6.345590000000001,6.53834,0.19275009170532087,5.961010000000002,6.115209,0.15419910263061354,0.07871729999999999,0.0629579,-0.015759402217674245
37056,-0.04941499999999999,-0.02400011,0.025414889895319925,6.575590000000002,6.53834,-0.03724990829467956,5.841010000000001,6.115209,0.27419910263061453,0.05871729999999997,0.0629579,0.004240597782325772
37058,-0.01941499999999996,-0.02400011,-0.004585110104680101,6.67559,6.53834,-0.13724990829467743,6.38101,6.115209,-0.2658008973693846,0.05871729999999997,0.0629579,0.004240597782325772
37060,0.020585000000000075,-0.02400011,-0.04458511010468014,5.575590000000002,6.53834,0.9627500917053204,6.401009999999999,6.115209,-0.2858008973693842,0.06871729999999998,0.0629579,-0.0057594022176742365
37061,0.10058500000000004,-0.02400011,-0.1245851101046801,6.735590000000002,6.53834,-0.1972499082946797,8.07101,6.115209,-1.9558008973693841,0.04871729999999996,0.0629579,0.014240597782325781
37062,-0.03941499999999998,-0.02400011,0.015414889895319916,5.97559,6.53834,0.5627500917053219,5.761009999999999,6.115209,0.3541991026306164,0.06871729999999998,0.0629579,-0.0057594022176742365
37063,-0.02941499999999997,-0.02400011,0.005414889895319908,6.49559,6.53834,0.04275009170532229,6.97101,6.115209,-0.8558008973693845,0.09871730000000001,0.0629579,-0.03575940221767426
37064,-0.03941499999999998,-0.02400011,0.015414889895319916,6.90559,6.53834,-0.36724990829467785,6.27101,6.115209,-0.15580089736938518,0.05871729999999997,0.0629579,0.004240597782325772
37065,-0.009414999999999951,-0.02400011,-0.01458511010468011,5.665590000000002,6.53834,0.8727500917053206,5.321010000000001,6.115209,0.7941991026306141,0.038717299999999955,0.0629579,0.02424059778232579
37066,-0.02941499999999997,-0.02400011,0.005414889895319908,6.805590000000002,6.53834,-0.26724990829468,6.331009999999999,6.115209,-0.2158008973693839,0.05871729999999997,0.0629579,0.004240597782325772
37067,0.0005850000000000577,-0.02400011,-0.02458511010468012,6.795590000000001,6.53834,-0.2572499082946784,7.62101,6.115209,-1.5058008973693848,0.09871730000000001,0.0629579,-0.03575940221767426
37068,0.010585000000000067,-0.02400011,-0.03458511010468013,6.1255900000000025,6.53834,0.41275009170531973,6.431010000000001,6.115209,-0.3158008973693853,0.05871729999999997,0.0629579,0.004240597782325772
37069,-0.01941499999999996,-0.02400011,-0.004585110104680101,6.67559,6.53834,-0.13724990829467743,6.81101,6.115209,-0.6958008973693843,0.07871729999999999,0.0629579,-0.015759402217674245
37070,0.0005850000000000577,-0.02400011,-0.02458511010468012,6.205590000000001,6.53834,0.33275009170532144,5.901009999999999,6.115209,0.2141991026306158,0.038717299999999955,0.0629579,0.02424059778232579
37071,-0.02941499999999997,-0.02400011,0.005414889895319908,6.165590000000002,6.53834,0.3727500917053206,5.61101,6.115209,0.504199102630615,0.04871729999999996,0.0629579,0.014240597782325781
37072,0.0005850000000000577,-0.02400011,-0.02458511010468012,6.3755900000000025,6.53834,0.16275009170531973,6.46101,6.115209,-0.3458008973693847,0.05871729999999997,0.0629579,0.004240597782325772
37073,-0.04941499999999999,-0.02400011,0.025414889895319925,6.72559,6.53834,-0.18724990829467814,6.61101,6.115209,-0.49580089736938504,0.0887173,0.0629579,-0.025759402217674254
37075,0.010585000000000067,-0.02400011,-0.03458511010468013,6.345590000000001,6.53834,0.19275009170532087,6.171009999999999,6.115209,-0.05580089736938376,0.038717299999999955,0.0629579,0.02424059778232579
37077,-0.02941499999999997,-0.02400011,0.005414889895319908,6.42559,6.53834,0.11275009170532257,6.47101,6.115209,-0.3558008973693845,0.07871729999999999,0.0629579,-0.015759402217674245
37078,0.010585000000000067,-0.02400011,-0.03458511010468013,6.035590000000003,6.53834,0.5027500917053196,6.151009999999999,6.115209,-0.03580089736938419,0.04871729999999996,0.0629579,0.014240597782325781
37079,-0.08941500000000002,-0.02400011,0.06541488989531996,6.345590000000001,6.53834,0.19275009170532087,4.11101,6.115209,2.004199102630615,0.018717299999999937,0.0629579,0.04424059778232581
37080,-0.069415,-0.02400011,0.04541488989531994,5.575590000000002,6.53834,0.9627500917053204,4.741009999999999,6.115209,1.374199102630616,0.05871729999999997,0.0629579,0.004240597782325772
37081,-0.04941499999999999,-0.02400011,0.025414889895319925,6.6355900000000005,6.53834,-0.09724990829467828,5.671009999999999,6.115209,0.44419910263061624,0.04871729999999996,0.0629579,0.014240597782325781
37082,-0.059414999999999996,-0.02400011,0.035414889895319934,5.67559,6.53834,0.8627500917053226,4.97101,6.115209,1.1441991026306155,0.05871729999999997,0.0629579,0.004240597782325772
37083,-0.03941499999999998,-0.02400011,0.015414889895319916,6.49559,6.53834,0.04275009170532229,5.491009999999999,6.115209,0.624199102630616,0.038717299999999955,0.0629579,0.02424059778232579
37084,-0.01941499999999996,-0.02400011,-0.004585110104680101,5.575590000000002,6.53834,0.9627500917053204,5.761009999999999,6.115209,0.3541991026306164,0.06871729999999998,0.0629579,-0.0057594022176742365
37085,-0.04941499999999999,-0.02400011,0.025414889895319925,5.6355900000000005,6.53834,0.9027500917053217,4.871009999999998,6.115209,1.244199102630617,0.04871729999999996,0.0629579,0.014240597782325781
37087,-0.02941499999999997,-0.02400011,0.005414889895319908,6.395590000000002,6.53834,0.14275009170532016,5.36101,6.115209,0.754199102630615,0.028717299999999946,0.0629579,0.0342405977823258
37088,-0.069415,-0.02400011,0.04541488989531994,5.825590000000002,6.53834,0.7127500917053204,4.461010000000002,6.115209,1.6541991026306135,0.038717299999999955,0.0629579,0.02424059778232579
37089,-0.009414999999999951,-0.02400011,-0.01458511010468011,5.5055900000000015,6.53834,1.0327500917053207,5.641010000000001,6.115209,0.4741991026306138,0.05871729999999997,0.0629579,0.004240597782325772
37090,-0.059414999999999996,-0.02400011,0.035414889895319934,6.24559,6.53834,0.2927500917053223,4.97101,6.115209,1.1441991026306155,0.038717299999999955,0.0629579,0.02424059778232579
37091,0.0005850000000000577,-0.02400011,-0.02458511010468012,5.6255900000000025,6.53834,0.9127500917053197,6.11101,6.115209,0.004199102630614959,0.06871729999999998,0.0629579,-0.0057594022176742365
37092,-0.02941499999999997,-0.02400011,0.005414889895319908,5.845590000000001,6.53834,0.6927500917053209,4.901009999999999,6.115209,1.2141991026306158,0.028717299999999946,0.0629579,0.0342405977823258
37093,-0.07941500000000001,-0.02400011,0.05541488989531995,5.715590000000002,6.53834,0.8227500917053199,4.931010000000001,6.115209,1.1841991026306147,0.06871729999999998,0.0629579,-0.0057594022176742365
37096,-0.069415,-0.02400011,0.04541488989531994,5.765590000000003,6.53834,0.7727500917053192,4.88101,6.115209,1.2341991026306154,0.05871729999999997,0.0629579,0.004240597782325772
37097,-0.02941499999999997,-0.02400011,0.005414889895319908,5.855590000000003,6.53834,0.6827500917053193,5.13101,6.115209,0.9841991026306154,0.038717299999999955,0.0629579,0.02424059778232579
37100,-0.059414999999999996,-0.02400011,0.035414889895319934,5.765590000000003,6.53834,0.7727500917053192,5.04101,6.115209,1.0741991026306152,0.05871729999999997,0.0629579,0.004240597782325772
37102,-0.07941500000000001,-0.02400011,0.05541488989531995,5.665590000000002,6.53834,0.8727500917053206,4.81101,6.115209,1.3041991026306157,0.06871729999999998,0.0629579,-0.0057594022176742365
37214,-0.001742999999999828,-0.00030493195,0.0014380680506413945,16.061200000000003,14.056979,-2.004220820617679,14.73947,13.706689,-1.0327811190795906,0.2246475,0.21335162,-0.011295877776145935
37328,-0.02761300000000011,0.027552787,0.0551657872145177,7.425680000000003,9.757338,2.3316575701904263,5.37515,7.4852333,2.110083306884766,0.024455999999999922,0.040128075,0.015672074586391527
37408,-0.03474299999999997,0.02284513,0.057588130413770644,3.5769599999999997,6.322005,2.745044795074463,0.7340900000000019,4.57097,3.83688005844116,-0.024622699999999997,0.041485425,0.06610812508482933
37600,0.4155380000000001,0.34045798,-0.07508002413558967,16.160790000000002,14.676924,-1.4838662481689475,18.21133,17.139065,-1.0722652111816409,0.4152191,0.3654339,-0.04978519845161439
37601,0.355538,0.34045798,-0.01508002413558962,15.06079,14.676924,-0.3838662481689461,17.611330000000002,17.139065,-0.472265211181643,0.3952191,0.3654339,-0.02978519845161437
37726,0.12238699999999991,0.050474685,-0.07191231531453124,12.805680000000002,9.024521,-3.781159125976565,10.90515,7.3312144,-3.5739355720520027,0.03145599999999993,0.0140208565,-0.017435143530130315
37727,0.1023869999999999,0.050474685,-0.05191231531453122,9.40568,9.024521,-0.38115912597656276,8.52515,7.3312144,-1.193935572052002,0.03145599999999993,0.0140208565,-0.017435143530130315
37789,0.06000899999999998,0.052388843,-0.007620156851053217,14.831130000000002,14.117802,-0.7133283337402361,13.666080000000001,13.31853,-0.3475499172973642,0.0684248999999999,0.11865925,0.05023435043821345
37790,0.09558299999999997,0.08079756,-0.014785439486980412,18.63033,11.321141,-7.309188757019044,17.14777,9.791272,-7.356497836608888,0.1667229,0.048813105,-0.1179097953704834
37890,-0.10817800000000011,-0.08943902,0.018738980439186204,4.8942400000000035,5.868826,0.9745859124755825,3.090160000000001,4.304464,1.2143038633728018,0.04883590000000004,0.055574622,0.006738722005224185
37898,-0.08817800000000009,-0.08943902,-0.0012610195608138142,5.374240000000004,5.868826,0.49458591247558203,4.100159999999999,4.304464,0.20430386337280382,0.05883590000000005,0.055574622,-0.003261277994775824
37973,0.1333209999999999,0.10547092,-0.027850081881046207,1.439070000000001,6.3353014,4.896231399230956,4.57621,8.994719,4.4185085516357425,0.05661309999999997,0.12594025,0.06932714837017062
38487,-0.04363600000000001,-0.03531575,0.008320251695871361,8.26624,9.873331,1.6070910699462893,7.2173099999999994,9.38238,2.165069531860352,0.06105130000000003,0.12186862,0.060817317832660645
38488,-0.02363599999999999,-0.03531575,-0.011679748304128656,9.566239999999997,9.873331,0.3070910699462921,9.317309999999999,9.38238,0.06506953186035247,0.10405130000000007,0.12186862,0.017817317832660606
38489,0.006364000000000036,-0.03531575,-0.04167974830412868,12.066239999999997,9.873331,-2.192908930053708,14.017309999999998,9.38238,-4.634930468139647,0.2590513000000001,0.12186862,-0.13718268216733942
38778,0.030312000000000117,-0.012760203,-0.043072203331709025,12.867569999999999,8.3411875,-4.526382522888182,14.250419999999998,9.81323,-4.4371904391479475,0.24931179999999997,0.12335976,-0.12595203786783216
38780,0.05867700000000009,0.026329093,-0.03234790731859216,10.88559,9.53983,-1.3457597921752935,11.42638,7.5684624,-3.857917628173828,0.16388749999999996,0.042420316,-0.12146718351244923
38782,0.0014369999999999106,0.039200183,0.03776318300414094,7.298460000000002,8.763767,1.4653072424316385,8.812490000000002,9.18252,0.3700299127197244,0.14453720000000003,0.13395457,-0.010582630302619966
38810,0.07156600000000013,0.09555827,0.023992270812034477,7.39648,8.192586,0.7961059451293941,9.906,10.124545,0.21854509735107364,0.1392371,0.13563456,-0.003602543587303164
38812,0.07556600000000013,0.09555827,0.019992270812034474,7.606480000000001,8.192586,0.5861059451293933,9.386000000000001,10.124545,0.7385450973510732,0.11323710000000009,0.13563456,0.022397456412696748
38826,0.150764,0.072931774,-0.07783222603940965,9.409720000000002,6.7799964,-2.629723604888918,11.58361,7.1230774,-4.460532607421875,0.2693011,0.14756364,-0.12173746369705202
38827,0.07876399999999995,0.072931774,-0.005832226039409583,6.169720000000002,6.7799964,0.6102763951110823,7.94361,7.1230774,-0.8205326074218746,0.15530109999999997,0.14756364,-0.007737463697051972
38828,0.155764,0.072931774,-0.08283222603940965,10.349720000000001,6.7799964,-3.5697236048889174,10.92361,7.1230774,-3.800532607421875,0.1773011000000001,0.14756364,-0.029737463697052102
38829,0.155764,0.072931774,-0.08283222603940965,10.549720000000002,6.7799964,-3.7697236048889184,11.08361,7.1230774,-3.960532607421875,0.1883011,0.14756364,-0.040737463697052
38831,0.3477640000000001,0.072931774,-0.2748322260394097,17.16972,6.7799964,-10.389723604888918,15.81361,7.1230774,-8.690532607421876,0.4363011000000001,0.14756364,-0.2887374636970521
38832,0.127764,0.072931774,-0.054832226039409626,4.56972,6.7799964,2.2102763951110838,6.69361,7.1230774,0.4294673925781254,0.10030110000000003,0.14756364,0.047262536302947966
38833,-0.06923600000000008,0.072931774,0.14216777396059044,1.989720000000002,6.7799964,4.790276395111082,1.7036100000000012,7.1230774,5.419467392578124,0.057301099999999994,0.14756364,0.090262536302948
38834,-0.059236000000000066,0.072931774,0.13216777396059043,4.3797200000000025,6.7799964,2.4002763951110815,3.93361,7.1230774,3.189467392578125,0.07730110000000001,0.14756364,0.07026253630294799
38836,-0.06923600000000008,0.072931774,0.14216777396059044,1.74972,6.7799964,5.030276395111084,-0.04638999999999882,7.1230774,7.169467392578124,-0.009698899999999955,0.14756364,0.15726253630294795
39141,0.0014879999999999338,-0.0042217164,-0.0057097164300381475,6.141820000000003,8.281355,2.139534904174802,3.2164399999999986,5.231694,2.0152542214965834,-0.05369219999999997,0.009686348,0.06337854802848097
39161,0.16622499999999996,0.106046505,-0.0601784947276115,19.096040000000002,14.864028,-4.232012023010256,19.52153,15.689065,-3.832465020446776,0.19850879999999993,0.14253767,-0.055971131652641226
39163,0.15622499999999995,0.106046505,-0.05017849472761149,14.906040000000004,14.864028,-0.042012023010258304,16.921529999999997,15.689065,-1.2324650204467744,0.17450880000000002,0.14253767,-0.031971131652641316
39222,0.05221500000000012,0.02400984,-0.02820515943706048,7.708349999999999,7.8547826,0.14643258132934633,12.547250000000002,6.5467606,-6.0004894409179705,0.31226410000000004,0.042394012,-0.26987008778724675
39223,0.042215000000000114,0.02400984,-0.01820515943706047,7.418349999999997,7.8547826,0.43643258132934903,11.797250000000002,6.5467606,-5.2504894409179705,0.2822641000000001,0.042394012,-0.23987008778724678
39350,-0.09102100000000002,0.031719513,0.12274051323747637,7.105720000000005,10.81688,3.7111602261352488,2.0325399999999973,7.5653186,5.532778584442141,-0.06192249999999999,0.03601474,0.09793723942399024
39392,0.04981499999999994,0.057377275,0.007562275079488812,5.8782299999999985,5.838598,-0.03963222549438328,7.045549999999999,6.27862,-0.7669302337646471,0.11202750000000006,0.06808589,-0.04394161346197134
39393,0.08981499999999987,0.057377275,-0.03243772492051111,5.3782299999999985,5.838598,0.4603677745056167,6.525549999999999,6.27862,-0.2469302337646475,0.07202750000000002,0.06808589,-0.003941613461971305
39433,-0.0608820000000001,0.06444641,0.12532841202688227,5.511850000000003,8.868507,3.3566573852539037,3.8847200000000015,6.977682,3.0929621136474594,-0.0019947999999999633,0.04528902,0.04728382098536488
39700,0.06253400000000009,0.068717845,0.006183844784259707,11.146149999999999,10.338569,-0.8075813125610338,8.488349999999999,8.620056,0.13170615234375127,0.0008162000000000447,0.024065103,0.023248903381872132
39701,0.05253400000000008,0.068717845,0.016183844784259716,10.44615,10.338569,-0.10758131256103454,8.388349999999999,8.620056,0.23170615234375092,0.06081619999999999,0.024065103,-0.03675109661812781
39703,0.11253400000000002,0.068717845,-0.04381615521574023,11.346149999999998,10.338569,-1.0075813125610331,9.088349999999998,8.620056,-0.4682938476562484,0.010816199999999943,0.024065103,0.013248903381872235
39887,-0.103707,-0.05191298,0.05179402170848846,1.330490000000001,3.1034236,1.7729335954284657,-1.2855799999999995,1.2499423,2.535522302703857,-0.01874140000000002,0.012813366,0.0315547660182357
39888,-0.060707000000000066,-0.05191298,0.00879402170848853,2.4504899999999985,3.1034236,0.6529335954284683,1.4044199999999982,1.2499423,-0.1544776972961408,0.02425860000000002,0.012813366,-0.011445233981764336
39889,-0.06570699999999996,-0.05191298,0.013794021708488424,1.590489999999999,3.1034236,1.5129335954284677,0.01442000000000121,1.2499423,1.2355223027038562,-0.001741400000000115,0.012813366,0.014554766018235799
40018,0.05502600000000002,-0.01724956,-0.07227555998361113,7.61889,7.059288,-0.5596019750976566,7.265000000000001,6.0463347,-1.2186652565002447,0.02747069999999996,0.06717487,0.0397041667955399
40019,0.04502600000000001,-0.01724956,-0.06227555998361112,6.218889999999998,7.059288,0.8403980249023455,4.665000000000001,6.0463347,1.381334743499755,-0.0525293,0.06717487,0.11970416679553986
40040,0.02189899999999989,0.035140928,0.013241927881002535,8.78529,9.412795,0.6275050668334963,9.517610000000001,11.302212,1.7846017614746081,0.09322010000000003,0.12640154,0.03318144361724851
40497,-0.018213000000000035,-0.018022116,0.0001908837263584484,11.620159999999998,10.008717,-1.6114434167480454,7.35717,5.150159,-2.2070111178588867,-0.024511999999999978,-0.025937406,-0.0014254063462019184
41204,-0.031049000000000104,0.07594896,0.10699796107912074,9.805870000000002,12.915982,3.1101122463989235,6.354890000000001,10.612626,4.257736075744628,-0.015150600000000125,0.06345912,0.07860972069082273
41237,-0.009613000000000094,0.041635323,0.051248323315858935,10.505680000000002,8.364937,-2.1407431713867204,7.565150000000001,7.399808,-0.16534207000732515,0.014455999999999913,0.076538086,0.06208208593750009
41238,0.004386999999999919,0.0070775026,0.002690502552419982,11.49568,11.274971,-0.22070899169921887,8.65515,10.474258,1.8191084228515617,0.027455999999999925,0.13112476,0.1036687646808625
41251,0.07950899999999994,0.06959791,-0.009911092635631502,9.851770000000002,9.513985,-0.33778531982422066,9.865739999999999,8.454347,-1.4113933432006824,0.10065210000000002,0.067639835,-0.03301226482114794
41279,0.025386999999999937,0.027552787,0.002165787214517656,13.905680000000002,9.757338,-4.148342429809572,9.385150000000001,7.4852333,-1.8999166931152356,-0.04754400000000014,0.040128075,0.08767207458639159
41325,-0.047784999999999966,0.02400984,0.07179484056293961,7.488349999999997,7.8547826,0.36643258132934875,2.497250000000001,6.5467606,4.04951055908203,-0.08773589999999998,0.042394012,0.13012991221275327
41326,0.15738699999999994,0.02760723,-0.12977976953041548,10.705680000000001,8.911849,-1.7938309780883799,11.50515,7.2115564,-4.293593565368653,0.12145600000000001,0.04094392,-0.0805120793876648
41327,0.28238699999999994,0.02760723,-0.2547797695304155,14.805680000000002,8.911849,-5.893830978088381,14.70515,7.2115564,-7.493593565368652,0.14145599999999992,0.04094392,-0.10051207938766471
41328,0.30238699999999996,0.02760723,-0.2747797695304155,17.405680000000004,8.911849,-8.493830978088383,17.90515,7.2115564,-10.693593565368651,0.38145599999999996,0.04094392,-0.34051207938766476
41350,-0.02761300000000011,0.050474685,0.07808768468546878,7.505680000000002,9.024521,1.5188408740234358,7.805150000000001,7.3312144,-0.4739355720520031,0.1314559999999999,0.0140208565,-0.11743514353013029
41367,0.30238699999999996,0.02760723,-0.2747797695304155,11.925680000000003,8.911849,-3.0138309780883823,12.44515,7.2115564,-5.233593565368652,0.03145599999999993,0.04094392,0.009487920612335277
41538,0.05852900000000005,0.06672017,0.008191172762870735,3.2787599999999983,4.2499886,0.9712285559082048,12.536719999999999,9.260792,-3.275928221435546,0.46920370000000006,0.2876029,-0.18160079854125982
41539,0.06852900000000006,0.06672017,-0.0018088272371292735,5.278759999999998,4.2499886,-1.0287714440917952,13.92672,9.260792,-4.665928221435546,0.5092037,0.2876029,-0.2216007985412598
41540,0.05852900000000005,0.06672017,0.008191172762870735,3.988759999999999,4.2499886,0.26122855590820393,5.866719999999999,9.260792,3.394071778564454,0.0992037,0.2876029,0.18839920145874023
41541,0.08852899999999997,0.06672017,-0.02180882723712918,4.278759999999998,4.2499886,-0.028771444091795217,6.566719999999998,9.260792,2.694071778564455,0.0992037,0.2876029,0.18839920145874023
41678,0.3702383,0.14881906,-0.22141924086647036,18.62678,10.080228,-8.546552148132324,15.89093,8.34912,-7.541809859924317,0.46802509999999997,0.30160052,-0.16642458415756223
41746,-0.038112000000000146,-0.039416686,-0.0013046857004164192,7.97804,6.2080355,-1.7700045309448242,6.362019999999999,5.719821,-0.6421990237426751,0.06489519999999993,0.04740214,-0.017493060246896674
41747,-0.038112000000000146,-0.039416686,-0.0013046857004164192,5.97804,6.2080355,0.22999546905517576,6.26202,5.719821,-0.5421990237426755,0.034895199999999904,0.04740214,0.012506939753103352
41748,-0.048112000000000155,-0.039416686,0.00869531429958359,4.97804,6.2080355,1.2299954690551758,3.3620199999999993,5.719821,2.357800976257325,0.024895200000000006,0.04740214,0.02250693975310325
41749,-0.048112000000000155,-0.039416686,0.00869531429958359,4.378040000000002,6.2080355,1.8299954690551736,4.362019999999999,5.719821,1.3578009762573249,0.014895199999999997,0.04740214,0.03250693975310326
41823,0.058694000000000135,0.12760825,0.06891425455188738,19.70765,16.118044,-3.589606100463868,18.1997,16.185356,-2.0143438598632812,0.1525301,0.12342666,-0.029103439104652407
41876,0.06793399999999994,0.0634325,-0.004501500233650146,4.06833,7.368799,3.300469209594727,4.240360000000001,6.1089997,1.8686397291564933,0.02952010000000005,0.012990162,-0.016529938223457386
41908,0.009717700000000051,-0.021048842,-0.030766541997981123,8.805240000000001,6.8167725,-1.9884675390625013,8.571629999999999,6.6847973,-1.8868327130126943,0.09719449999999996,0.088965364,-0.008229136199474296
42007,-0.08114550000000009,-0.06583503,0.015310471113205049,6.02018,5.8507614,-0.16941858642578111,3.5999199999999973,4.0089097,0.40898970230102805,-0.01939920000000006,0.020667337,0.0400665368811608
42008,-0.10114550000000011,-0.06583503,0.035310471113205066,4.120180000000001,5.8507614,1.7305814135742175,0.9499199999999988,4.0089097,3.0589897023010266,-0.01939920000000006,0.020667337,0.0400665368811608
42009,-0.0911455000000001,-0.06583503,0.025310471113205057,4.620180000000001,5.8507614,1.2305814135742175,2.4499199999999988,4.0089097,1.5589897023010266,0.030600799999999984,0.020667337,-0.009933463118839247
42123,0.028456000000000037,0.07105225,0.042596253246307336,0.716190000000001,4.0809555,3.3647655053710928,2.4027600000000007,7.1100435,4.7072835256958,0.0694509000000001,0.14205807,0.07260717447433462
42173,0.06238699999999997,0.080609605,0.018222604716300994,26.56568,11.947601,-14.618078681640625,19.40515,11.666403,-7.738747183227538,0.24145599999999995,0.13266215,-0.10879385271644587
42174,0.1023869999999999,0.080609605,-0.02177739528369893,10.38568,11.947601,1.5619213183593743,11.40515,11.666403,0.26125281677246015,0.16145599999999993,0.13266215,-0.028793852716445856
42175,0.19238699999999997,0.080609605,-0.11177739528369901,16.77568,11.947601,-4.828078681640626,15.305150000000001,11.666403,-3.63874718322754,0.18145599999999995,0.13266215,-0.048793852716445874
